user_id,event_time,event_type,product_id,session_id
718,2024-12-01 07:57:37,add_to_cart,184,s000001
805,2025-04-02 10:47:00,add_to_cart,387,s000002
681,2024-08-16 05:11:20,add_to_cart,339,s000003
2416,2024-01-23 09:49:08,view,19,s000004
2222,2025-03-05 12:29:24,wishlist,364,s000005
149,2024-09-28 08:46:33,add_to_cart,324,s000006
1312,2025-10-30 20:53:19,view,37,s000007
871,2024-09-15 22:35:13,add_to_cart,289,s000008
1175,2024-11-03 18:01:33,view,149,s000009
806,2024-12-04 19:36:42,view,209,s000010
1834,2024-02-08 11:24:15,add_to_cart,362,s000011
19,2025-09-11 22:35:05,add_to_cart,242,s000012
481,2025-11-11 21:04:52,view,114,s000013
1700,2025-05-03 20:25:53,view,29,s000014
293,2024-07-11 19:55:52,add_to_cart,304,s000015
2264,2025-03-29 04:14:03,wishlist,311,s000016
2174,2024-02-29 13:02:22,add_to_cart,228,s000017
761,2024-02-19 01:26:00,view,122,s000018
2003,2024-10-16 17:41:10,view,272,s000019
2446,2024-08-01 08:20:21,purchase,242,s000020
1907,2025-05-23 12:36:53,view,33,s000021
1060,2025-09-14 19:19:20,view,358,s000022
1460,2025-01-09 13:19:51,view,392,s000023
2123,2025-04-23 21:08:46,view,273,s000024
2473,2024-07-04 19:52:33,view,294,s000025
427,2025-08-16 20:20:47,view,391,s000026
1023,2024-03-07 10:20:29,view,119,s000027
1723,2025-10-05 18:03:42,view,254,s000028
2180,2024-09-01 16:32:47,view,5,s000029
278,2025-06-21 13:44:03,view,299,s000030
1987,2024-04-27 13:15:58,add_to_cart,164,s000031
1410,2024-09-06 09:13:49,add_to_cart,193,s000032
618,2024-10-26 22:23:08,view,126,s000033
1315,2024-12-05 06:55:56,wishlist,232,s000034
1928,2025-05-06 18:25:12,add_to_cart,272,s000035
31,2024-04-24 08:17:43,purchase,328,s000036
596,2025-05-12 07:33:47,add_to_cart,238,s000037
659,2024-09-10 15:40:24,add_to_cart,367,s000038
1896,2025-05-09 12:51:11,wishlist,377,s000039
884,2024-10-04 08:35:22,add_to_cart,324,s000040
1144,2024-01-08 13:55:44,view,241,s000041
2157,2025-07-13 21:58:07,purchase,50,s000042
635,2025-03-02 22:05:49,purchase,92,s000043
720,2024-02-25 16:44:00,wishlist,360,s000044
1605,2025-04-21 19:16:55,purchase,95,s000045
2056,2025-03-16 11:04:53,add_to_cart,185,s000046
673,2024-08-19 16:59:58,view,163,s000047
1071,2025-12-05 21:22:25,view,393,s000048
832,2025-11-01 13:12:20,add_to_cart,82,s000049
38,2025-06-14 17:48:34,wishlist,158,s000050
1476,2025-06-10 20:32:37,remove_from_cart,227,s000051
571,2024-08-13 20:50:23,view,48,s000052
1712,2024-04-17 12:34:20,view,89,s000053
862,2024-11-23 05:43:33,purchase,153,s000054
2205,2024-04-15 17:54:23,add_to_cart,90,s000055
726,2025-09-09 18:18:25,view,267,s000056
875,2024-03-22 12:15:01,wishlist,202,s000057
1203,2025-11-23 14:47:25,wishlist,199,s000058
624,2024-10-17 09:13:44,wishlist,264,s000059
1277,2025-01-06 20:18:50,wishlist,312,s000060
2047,2024-01-03 18:27:51,wishlist,145,s000061
1041,2024-11-17 21:43:02,view,334,s000062
390,2025-08-17 19:24:26,view,32,s000063
1538,2024-03-30 20:09:33,view,221,s000064
1304,2024-11-16 19:34:40,view,157,s000065
1550,2025-11-23 17:04:48,purchase,78,s000066
8,2024-03-10 13:02:24,purchase,262,s000067
1699,2024-06-05 18:03:11,wishlist,383,s000068
26,2025-11-30 02:06:28,view,152,s000069
1375,2024-10-27 18:06:58,purchase,103,s000070
1556,2025-01-24 09:01:26,view,69,s000071
2014,2024-04-28 10:30:55,wishlist,280,s000072
605,2024-09-26 05:11:58,remove_from_cart,39,s000073
627,2024-09-05 17:22:17,purchase,109,s000074
58,2025-11-10 06:59:00,remove_from_cart,236,s000075
703,2025-11-24 02:15:42,add_to_cart,316,s000076
1418,2025-02-15 03:27:27,view,328,s000077
1035,2024-01-11 22:42:12,purchase,277,s000078
2047,2025-08-04 13:48:20,view,392,s000079
271,2024-01-12 20:35:44,view,88,s000080
2372,2025-10-02 20:11:32,wishlist,92,s000081
2249,2024-12-24 18:03:32,add_to_cart,37,s000082
1451,2025-09-11 13:25:35,view,72,s000083
647,2025-05-14 08:02:54,view,214,s000084
234,2025-04-08 23:08:17,purchase,245,s000085
2459,2024-11-21 17:15:03,view,33,s000086
692,2024-10-20 20:31:16,add_to_cart,188,s000087
623,2024-09-08 15:18:18,view,123,s000088
951,2025-01-22 11:13:38,add_to_cart,247,s000089
1090,2025-01-08 17:22:47,add_to_cart,80,s000090
783,2025-06-30 15:40:16,purchase,116,s000091
1178,2024-03-21 09:08:37,add_to_cart,285,s000092
2111,2024-05-05 11:03:48,purchase,164,s000093
2094,2024-11-01 10:01:53,view,254,s000094
2282,2024-05-06 13:10:06,view,65,s000095
213,2025-02-28 09:36:44,view,248,s000096
440,2025-01-22 07:16:54,remove_from_cart,355,s000097
122,2024-09-29 11:33:43,wishlist,103,s000098
1135,2025-08-26 19:31:48,view,272,s000099
1204,2025-05-06 11:24:00,view,400,s000100
898,2024-11-08 05:18:54,wishlist,202,s000101
1925,2024-07-21 00:06:34,view,135,s000102
1788,2025-03-18 15:09:22,purchase,265,s000103
544,2025-10-22 17:18:00,view,274,s000104
2380,2025-09-03 07:01:08,view,127,s000105
1346,2025-12-11 11:44:58,view,248,s000106
2297,2025-07-29 22:13:42,purchase,149,s000107
1751,2024-03-15 15:29:20,view,101,s000108
2268,2025-04-08 09:24:56,view,35,s000109
2498,2025-03-16 18:00:13,wishlist,264,s000110
1466,2024-10-20 08:44:56,purchase,124,s000111
172,2024-12-20 23:12:11,add_to_cart,268,s000112
2290,2025-06-20 10:55:01,view,240,s000113
1041,2025-10-24 14:46:19,view,318,s000114
1348,2024-03-12 08:55:41,view,140,s000115
1898,2024-11-13 17:39:02,add_to_cart,19,s000116
1709,2025-02-19 17:23:52,purchase,235,s000117
1378,2024-01-24 13:39:24,view,295,s000118
129,2024-07-25 19:01:21,view,340,s000119
1645,2024-10-27 19:06:59,view,278,s000120
83,2024-06-08 19:31:56,view,151,s000121
1139,2024-11-20 21:58:10,purchase,110,s000122
2060,2024-09-29 14:29:51,view,339,s000123
1739,2024-05-19 12:32:29,view,296,s000124
1681,2024-12-01 06:02:16,add_to_cart,127,s000125
1360,2024-03-29 21:26:28,wishlist,226,s000126
453,2025-11-21 20:44:10,add_to_cart,75,s000127
274,2025-10-14 20:37:53,view,284,s000128
2010,2024-10-21 18:34:32,view,389,s000129
675,2025-08-08 19:04:39,wishlist,133,s000130
106,2025-05-17 07:44:22,add_to_cart,327,s000131
2295,2025-06-13 11:29:45,view,399,s000132
1140,2024-01-06 13:07:33,view,110,s000133
2317,2024-09-24 02:52:07,view,207,s000134
1047,2024-06-08 21:06:17,purchase,131,s000135
10,2024-07-21 19:02:50,view,3,s000136
1681,2025-09-20 20:07:03,remove_from_cart,24,s000137
1280,2024-07-07 20:38:31,view,398,s000138
1684,2025-08-21 08:35:32,add_to_cart,269,s000139
1353,2025-07-21 08:59:13,purchase,384,s000140
1060,2024-10-23 17:47:38,view,302,s000141
1536,2024-06-21 18:38:30,remove_from_cart,59,s000142
1684,2025-10-04 21:17:28,purchase,209,s000143
1501,2024-10-22 13:35:44,wishlist,261,s000144
997,2024-01-12 06:03:53,remove_from_cart,342,s000145
769,2024-04-19 08:41:45,add_to_cart,301,s000146
1762,2024-09-24 13:35:20,view,355,s000147
1644,2025-08-06 07:18:59,view,2,s000148
83,2025-08-08 21:22:24,wishlist,132,s000149
242,2025-03-04 08:06:26,remove_from_cart,24,s000150
2025,2024-08-27 14:00:28,view,239,s000151
638,2025-11-15 19:44:29,view,230,s000152
1762,2025-12-09 10:26:55,purchase,110,s000153
1211,2024-06-21 13:36:46,add_to_cart,92,s000154
97,2025-11-26 15:40:06,view,353,s000155
1668,2024-05-17 22:10:54,wishlist,237,s000156
142,2025-04-05 10:04:25,add_to_cart,74,s000157
951,2025-08-14 15:26:17,wishlist,295,s000158
517,2025-07-26 20:24:51,view,172,s000159
2099,2025-02-16 05:13:27,add_to_cart,81,s000160
1601,2024-04-02 10:50:44,view,356,s000161
757,2025-03-30 09:01:44,add_to_cart,202,s000162
1931,2025-11-28 07:50:49,add_to_cart,116,s000163
1770,2024-05-04 12:20:18,add_to_cart,197,s000164
1329,2025-10-07 08:10:40,wishlist,120,s000165
467,2025-01-04 23:17:14,view,355,s000166
683,2024-11-08 21:29:35,add_to_cart,257,s000167
1498,2024-03-12 09:33:02,wishlist,284,s000168
1856,2025-07-26 09:49:51,view,115,s000169
2286,2024-12-26 18:24:18,view,388,s000170
1525,2025-03-26 10:01:28,view,69,s000171
1425,2025-07-13 15:23:10,add_to_cart,341,s000172
1530,2025-08-24 16:56:51,view,19,s000173
380,2025-03-23 11:43:37,add_to_cart,65,s000174
2238,2024-07-04 08:59:20,add_to_cart,302,s000175
2445,2025-01-29 09:27:01,view,78,s000176
767,2025-11-08 06:05:30,purchase,172,s000177
2406,2024-05-25 22:04:55,add_to_cart,387,s000178
1945,2024-03-07 10:04:53,wishlist,267,s000179
1861,2024-11-08 21:51:55,view,102,s000180
82,2025-03-25 23:27:44,view,343,s000181
809,2025-02-27 06:17:43,view,138,s000182
1311,2024-01-20 20:27:49,view,77,s000183
620,2025-05-20 19:16:57,wishlist,73,s000184
1842,2025-10-19 16:00:06,view,21,s000185
443,2024-02-26 13:39:35,add_to_cart,86,s000186
179,2024-09-30 17:42:16,view,397,s000187
1238,2025-06-14 21:41:46,purchase,284,s000188
490,2024-04-03 15:31:48,wishlist,70,s000189
1023,2024-11-19 15:01:20,add_to_cart,5,s000190
2428,2025-03-26 10:41:58,wishlist,312,s000191
172,2024-09-12 01:13:18,remove_from_cart,280,s000192
104,2024-06-20 16:47:07,remove_from_cart,175,s000193
198,2025-10-03 22:14:21,wishlist,174,s000194
2123,2024-07-31 13:51:37,add_to_cart,369,s000195
756,2025-01-17 23:06:26,remove_from_cart,55,s000196
2329,2024-06-24 21:40:04,view,156,s000197
1191,2025-07-10 20:49:16,view,221,s000198
471,2025-07-15 19:22:36,add_to_cart,77,s000199
779,2025-07-04 05:52:51,view,204,s000200
2086,2025-04-15 09:57:44,remove_from_cart,287,s000201
2453,2024-07-15 11:55:37,view,39,s000202
1003,2025-10-29 20:47:27,view,115,s000203
1450,2025-03-23 21:48:26,view,254,s000204
2012,2025-03-31 08:18:36,add_to_cart,263,s000205
235,2025-02-17 15:43:48,view,156,s000206
412,2024-03-14 04:24:09,wishlist,204,s000207
2309,2024-11-23 21:49:08,purchase,166,s000208
95,2025-03-01 23:57:46,wishlist,242,s000209
2264,2024-03-17 07:11:26,view,251,s000210
892,2024-07-20 11:53:59,purchase,343,s000211
2008,2025-09-30 12:32:47,view,129,s000212
1323,2024-03-07 09:56:02,add_to_cart,259,s000213
1512,2024-12-18 22:53:09,add_to_cart,139,s000214
1941,2024-09-15 17:59:32,view,264,s000215
705,2025-08-21 11:24:39,view,8,s000216
1518,2024-10-06 13:09:29,view,341,s000217
669,2024-12-16 16:05:51,view,72,s000218
1395,2024-01-16 07:13:39,purchase,119,s000219
1411,2024-02-22 14:35:52,purchase,174,s000220
135,2025-11-15 20:52:54,purchase,83,s000221
2106,2024-02-24 14:05:43,wishlist,10,s000222
1723,2025-05-05 11:58:01,view,67,s000223
1584,2024-09-24 09:29:14,purchase,339,s000224
875,2024-08-11 21:41:18,remove_from_cart,143,s000225
300,2025-10-10 08:15:47,remove_from_cart,16,s000226
2166,2025-07-31 19:29:54,add_to_cart,221,s000227
205,2024-05-08 14:47:16,view,218,s000228
557,2024-01-08 22:05:42,wishlist,385,s000229
1210,2024-05-07 15:15:47,view,1,s000230
2285,2025-02-09 20:41:34,view,89,s000231
1949,2025-03-09 18:12:55,wishlist,318,s000232
1158,2024-01-23 08:14:39,view,73,s000233
1081,2025-11-27 20:30:28,purchase,66,s000234
1868,2025-12-10 13:21:03,view,234,s000235
437,2024-12-11 16:22:11,view,338,s000236
1155,2025-03-14 23:14:45,view,270,s000237
2176,2025-01-25 12:49:34,view,118,s000238
2071,2024-04-23 20:48:47,purchase,153,s000239
1169,2025-06-13 19:44:56,add_to_cart,237,s000240
2296,2025-10-23 15:38:19,view,127,s000241
1945,2024-05-17 17:46:53,view,29,s000242
2416,2024-01-22 09:41:40,view,91,s000243
1300,2024-01-17 21:45:42,remove_from_cart,159,s000244
1943,2024-12-31 12:28:41,view,304,s000245
280,2024-04-18 17:50:27,view,267,s000246
1697,2025-09-10 21:55:36,view,383,s000247
1191,2024-03-22 23:37:08,remove_from_cart,400,s000248
265,2024-06-03 10:28:11,view,59,s000249
1361,2024-08-21 18:29:13,view,323,s000250
2339,2024-06-05 19:32:58,purchase,217,s000251
1553,2025-06-03 22:39:56,view,181,s000252
1904,2025-11-02 14:40:40,view,292,s000253
554,2024-07-10 19:07:01,purchase,11,s000254
400,2024-12-09 15:26:42,view,381,s000255
237,2025-11-11 06:31:20,add_to_cart,203,s000256
442,2024-09-05 20:48:02,add_to_cart,130,s000257
1629,2025-01-28 19:42:51,view,228,s000258
2095,2024-07-29 09:22:32,remove_from_cart,5,s000259
752,2025-06-16 08:54:43,wishlist,140,s000260
1201,2024-12-20 22:27:22,remove_from_cart,369,s000261
527,2025-01-01 15:54:02,wishlist,318,s000262
1415,2024-10-12 17:09:47,view,59,s000263
738,2024-05-17 21:13:48,wishlist,335,s000264
1342,2024-05-03 13:43:28,add_to_cart,119,s000265
2039,2025-05-05 21:50:52,view,228,s000266
1372,2025-09-25 10:13:42,view,273,s000267
1227,2024-07-19 13:05:16,view,363,s000268
1956,2024-10-07 19:11:55,add_to_cart,39,s000269
1692,2025-02-20 23:38:02,view,44,s000270
1083,2025-07-01 19:26:38,purchase,202,s000271
1119,2024-08-10 20:58:47,view,243,s000272
491,2025-07-20 10:14:23,view,385,s000273
2050,2025-11-11 20:47:03,view,337,s000274
1427,2024-12-14 22:54:58,add_to_cart,388,s000275
592,2025-09-22 13:47:56,view,186,s000276
848,2024-10-29 14:35:48,view,164,s000277
227,2025-06-17 15:14:41,add_to_cart,339,s000278
1890,2025-08-05 19:47:43,wishlist,198,s000279
295,2025-03-20 06:39:44,add_to_cart,94,s000280
2489,2025-03-09 19:15:06,purchase,105,s000281
1618,2024-11-02 21:21:25,remove_from_cart,91,s000282
1048,2025-02-08 20:37:20,view,115,s000283
2479,2024-09-24 23:13:01,view,173,s000284
1614,2025-03-27 19:07:50,wishlist,103,s000285
1470,2024-02-15 09:28:32,view,348,s000286
228,2024-04-29 15:05:13,purchase,154,s000287
1491,2024-01-25 19:55:59,remove_from_cart,392,s000288
1952,2024-12-31 18:15:38,view,384,s000289
656,2025-02-23 21:48:51,add_to_cart,248,s000290
2379,2024-07-28 13:30:44,view,384,s000291
1477,2025-08-13 17:49:02,view,153,s000292
747,2025-04-05 18:38:48,add_to_cart,356,s000293
394,2025-11-20 16:52:30,view,167,s000294
522,2024-09-08 20:52:06,view,294,s000295
528,2024-01-22 08:52:16,view,201,s000296
642,2024-05-08 20:54:34,view,33,s000297
1474,2024-08-18 19:47:38,wishlist,256,s000298
2156,2025-07-18 18:23:04,remove_from_cart,137,s000299
1447,2024-09-12 14:42:58,view,212,s000300
2286,2024-02-21 09:23:23,wishlist,308,s000301
2240,2025-04-14 18:55:57,view,166,s000302
24,2024-09-22 08:49:55,remove_from_cart,342,s000303
2492,2025-07-10 11:09:34,wishlist,115,s000304
2160,2024-03-28 11:57:12,view,314,s000305
2452,2024-08-15 14:10:26,add_to_cart,333,s000306
1269,2024-01-08 12:43:23,view,378,s000307
1864,2024-08-22 15:06:48,view,351,s000308
504,2024-11-28 19:03:33,add_to_cart,282,s000309
2212,2025-07-21 19:52:59,wishlist,246,s000310
105,2025-10-03 16:41:00,view,383,s000311
44,2025-02-05 21:35:56,remove_from_cart,56,s000312
1723,2024-10-02 20:16:16,view,250,s000313
326,2025-03-05 16:49:46,add_to_cart,302,s000314
1749,2025-01-11 12:40:18,view,193,s000315
1354,2024-03-14 09:52:28,view,125,s000316
2352,2024-07-17 08:30:36,wishlist,210,s000317
606,2025-03-10 22:27:58,wishlist,80,s000318
2057,2025-09-22 06:00:11,view,59,s000319
1189,2025-09-05 18:15:18,wishlist,106,s000320
206,2024-02-23 07:18:00,view,166,s000321
16,2025-09-29 19:01:39,view,130,s000322
2309,2024-10-28 06:22:37,view,219,s000323
968,2025-06-23 17:48:47,wishlist,210,s000324
2379,2024-08-14 06:48:19,view,59,s000325
950,2024-08-16 08:28:41,add_to_cart,200,s000326
1434,2024-05-20 10:47:38,remove_from_cart,269,s000327
1419,2025-07-27 14:15:07,purchase,336,s000328
2193,2024-12-22 09:50:46,add_to_cart,130,s000329
1599,2025-12-08 09:36:20,view,34,s000330
1962,2024-10-27 15:15:28,add_to_cart,129,s000331
326,2024-03-29 09:29:28,view,73,s000332
298,2024-05-02 16:36:53,add_to_cart,318,s000333
1361,2024-08-21 21:34:54,wishlist,192,s000334
520,2024-09-30 17:40:49,view,375,s000335
245,2025-02-15 10:22:47,view,166,s000336
943,2024-07-22 11:02:20,remove_from_cart,195,s000337
276,2025-04-04 10:11:18,view,293,s000338
1923,2025-09-03 08:14:15,wishlist,53,s000339
227,2025-12-06 12:15:12,view,397,s000340
798,2025-10-12 22:20:59,wishlist,366,s000341
2398,2024-07-22 17:51:10,add_to_cart,344,s000342
492,2025-08-23 00:31:35,view,305,s000343
1333,2024-10-14 18:35:09,purchase,325,s000344
1951,2025-10-01 22:15:03,add_to_cart,98,s000345
1921,2025-10-17 18:32:46,view,234,s000346
1792,2024-01-28 17:42:36,wishlist,198,s000347
2062,2025-04-05 23:50:56,purchase,167,s000348
1198,2024-02-19 18:28:45,view,143,s000349
1638,2024-03-08 21:46:49,purchase,81,s000350
335,2025-07-26 18:45:11,remove_from_cart,9,s000351
605,2025-05-31 13:10:22,view,208,s000352
974,2024-07-15 10:05:47,view,9,s000353
2048,2025-06-22 13:13:37,add_to_cart,62,s000354
1812,2024-10-12 18:35:05,remove_from_cart,85,s000355
2418,2025-02-01 04:32:42,add_to_cart,284,s000356
30,2024-08-11 10:12:44,add_to_cart,254,s000357
10,2025-03-13 11:39:40,view,187,s000358
1792,2024-10-07 18:23:02,purchase,268,s000359
99,2025-05-12 08:02:26,add_to_cart,179,s000360
1837,2024-11-20 07:06:20,view,94,s000361
993,2025-08-28 03:59:11,view,284,s000362
2133,2025-11-21 17:52:35,purchase,171,s000363
458,2024-03-27 19:10:19,view,148,s000364
1938,2024-09-23 00:56:27,remove_from_cart,53,s000365
2320,2025-03-17 16:33:13,view,19,s000366
2291,2024-01-21 15:55:27,purchase,134,s000367
2114,2024-02-04 08:34:25,view,64,s000368
1695,2024-01-08 14:23:59,view,24,s000369
1458,2024-03-16 19:48:50,view,230,s000370
412,2024-08-18 19:40:42,wishlist,2,s000371
1972,2025-05-05 23:18:02,view,338,s000372
2184,2024-11-07 15:04:01,add_to_cart,334,s000373
1312,2024-05-01 08:21:31,add_to_cart,167,s000374
1474,2024-05-16 04:01:09,view,242,s000375
468,2025-10-06 06:03:50,view,9,s000376
1241,2024-09-20 12:00:33,add_to_cart,297,s000377
1754,2025-10-06 07:21:40,view,393,s000378
1567,2025-12-07 18:01:45,view,224,s000379
1460,2025-10-28 21:19:21,add_to_cart,24,s000380
139,2025-09-11 07:40:30,view,329,s000381
2338,2024-07-04 22:24:19,add_to_cart,319,s000382
1261,2025-07-14 13:22:47,remove_from_cart,320,s000383
2074,2024-03-20 09:41:25,view,21,s000384
892,2025-11-07 07:10:19,view,207,s000385
2089,2024-02-23 04:46:14,view,381,s000386
265,2024-08-23 21:42:11,view,391,s000387
1667,2025-03-13 18:02:49,view,206,s000388
143,2025-08-03 17:45:35,view,134,s000389
2254,2024-07-11 19:31:40,view,390,s000390
1296,2024-05-01 19:24:07,purchase,54,s000391
209,2024-04-08 22:13:04,view,290,s000392
57,2024-11-24 07:25:26,wishlist,303,s000393
2298,2024-03-31 02:54:40,add_to_cart,53,s000394
1556,2025-09-07 08:06:23,view,309,s000395
1561,2025-06-21 22:24:09,view,130,s000396
949,2025-09-25 11:26:06,view,58,s000397
1649,2025-11-20 12:49:55,view,304,s000398
2393,2024-10-22 20:40:37,wishlist,182,s000399
2001,2024-11-15 16:40:36,add_to_cart,144,s000400
1849,2024-03-28 09:14:05,purchase,62,s000401
2032,2025-01-11 04:17:11,view,49,s000402
338,2025-02-16 20:28:05,wishlist,136,s000403
1364,2025-04-17 09:06:23,view,19,s000404
1071,2025-11-28 19:32:47,add_to_cart,146,s000405
2456,2024-08-17 10:23:16,view,213,s000406
2349,2025-06-05 22:52:29,add_to_cart,59,s000407
1042,2024-06-10 20:08:01,add_to_cart,305,s000408
2243,2024-07-07 17:59:20,purchase,99,s000409
1280,2024-07-30 18:00:45,purchase,89,s000410
1153,2024-02-29 10:16:54,purchase,338,s000411
1107,2025-02-02 13:07:12,view,2,s000412
1157,2025-09-15 10:05:35,view,80,s000413
1763,2025-04-15 06:34:16,wishlist,369,s000414
1475,2025-06-08 01:42:22,view,177,s000415
543,2024-05-27 08:30:21,view,322,s000416
1647,2024-02-25 06:57:17,add_to_cart,278,s000417
2153,2025-11-24 13:30:04,view,89,s000418
771,2024-02-13 19:11:42,add_to_cart,106,s000419
2002,2024-01-10 19:15:09,view,272,s000420
649,2024-06-03 08:26:08,view,232,s000421
1760,2025-08-07 21:21:58,add_to_cart,225,s000422
2084,2024-05-14 20:48:24,add_to_cart,64,s000423
1829,2024-03-15 19:37:43,view,328,s000424
2356,2024-05-28 18:50:04,view,149,s000425
2003,2025-02-25 14:55:53,remove_from_cart,178,s000426
1652,2025-01-11 19:38:56,view,210,s000427
1354,2025-09-04 12:28:41,add_to_cart,118,s000428
765,2025-06-26 12:57:45,remove_from_cart,17,s000429
846,2024-08-10 18:21:15,view,55,s000430
850,2024-11-20 09:12:06,add_to_cart,284,s000431
393,2024-04-19 12:17:34,purchase,263,s000432
646,2024-12-26 16:55:07,wishlist,128,s000433
910,2025-10-14 19:58:39,add_to_cart,257,s000434
1497,2024-06-05 11:49:56,add_to_cart,100,s000435
988,2024-09-16 21:23:31,view,289,s000436
355,2025-11-27 06:43:24,purchase,163,s000437
51,2025-09-11 08:45:24,view,257,s000438
1187,2025-01-01 08:58:41,view,204,s000439
588,2025-07-10 14:40:38,view,160,s000440
1380,2024-05-14 16:44:09,wishlist,54,s000441
1746,2024-07-17 20:15:21,view,329,s000442
1704,2024-04-27 16:02:04,view,65,s000443
1967,2024-08-07 15:41:01,view,315,s000444
2145,2025-09-13 23:30:41,view,33,s000445
1732,2025-04-07 22:03:34,view,272,s000446
2263,2024-04-15 16:51:43,wishlist,48,s000447
466,2025-09-17 22:30:12,view,149,s000448
1858,2025-06-15 20:37:01,view,43,s000449
42,2024-06-20 08:58:03,view,309,s000450
1603,2025-09-30 04:00:40,view,91,s000451
1166,2024-05-13 20:57:41,view,253,s000452
2144,2024-01-21 16:10:04,view,367,s000453
1892,2025-04-17 21:11:09,add_to_cart,117,s000454
849,2024-11-19 13:43:11,wishlist,89,s000455
1344,2024-07-08 10:42:54,add_to_cart,132,s000456
2256,2025-10-23 21:31:49,wishlist,351,s000457
1195,2024-03-01 15:25:50,view,121,s000458
2459,2024-11-04 05:30:52,add_to_cart,138,s000459
2352,2024-04-17 09:27:13,view,89,s000460
2453,2024-12-24 20:23:40,add_to_cart,268,s000461
70,2024-12-28 11:15:34,view,144,s000462
159,2024-02-07 15:29:02,add_to_cart,7,s000463
223,2024-07-13 13:09:06,add_to_cart,375,s000464
319,2024-03-10 23:45:32,view,117,s000465
791,2025-04-08 20:23:43,view,108,s000466
1723,2025-06-06 05:19:25,view,136,s000467
819,2024-10-28 00:59:27,view,107,s000468
714,2024-07-28 17:04:24,purchase,197,s000469
535,2024-10-14 20:14:14,view,390,s000470
388,2025-02-28 16:09:12,view,150,s000471
262,2025-01-13 13:38:50,add_to_cart,244,s000472
1297,2024-12-18 09:21:48,view,239,s000473
2346,2024-11-05 06:57:45,view,186,s000474
1363,2025-05-01 20:14:40,view,212,s000475
1709,2025-04-06 11:30:51,view,116,s000476
1481,2025-11-15 09:01:09,remove_from_cart,94,s000477
2160,2024-06-05 23:03:25,view,388,s000478
1735,2024-02-07 17:12:23,wishlist,12,s000479
1804,2024-01-26 18:37:02,view,228,s000480
351,2024-07-09 08:45:31,wishlist,256,s000481
2021,2024-02-17 20:10:25,wishlist,356,s000482
1294,2024-03-13 21:39:45,wishlist,270,s000483
2147,2024-06-10 07:52:46,add_to_cart,305,s000484
1022,2025-03-18 07:55:07,view,51,s000485
1058,2025-05-26 07:18:44,purchase,84,s000486
1277,2024-10-06 22:28:13,view,187,s000487
836,2024-03-13 19:57:53,wishlist,228,s000488
1081,2025-06-08 21:43:26,view,48,s000489
1316,2025-09-19 10:03:34,view,159,s000490
21,2024-07-10 21:41:50,view,99,s000491
2020,2024-05-26 07:01:24,view,207,s000492
151,2025-07-15 07:13:34,view,59,s000493
371,2024-09-05 18:41:05,view,341,s000494
122,2024-07-24 14:24:22,wishlist,126,s000495
1729,2025-03-01 06:04:42,purchase,133,s000496
1300,2025-06-07 20:46:03,remove_from_cart,149,s000497
1793,2024-03-08 08:18:04,view,284,s000498
1148,2024-12-25 19:19:42,remove_from_cart,106,s000499
286,2025-05-15 23:20:56,view,63,s000500
1622,2024-12-06 21:33:09,view,224,s000501
256,2024-08-06 23:18:08,purchase,330,s000502
325,2025-10-09 09:03:14,add_to_cart,217,s000503
2448,2024-06-19 19:39:09,view,179,s000504
1731,2024-08-12 05:48:31,view,201,s000505
1054,2024-02-19 22:06:27,purchase,167,s000506
1108,2024-05-13 01:02:49,view,298,s000507
1180,2025-10-04 21:30:59,add_to_cart,53,s000508
917,2024-04-11 18:47:56,purchase,329,s000509
431,2024-01-10 22:34:38,purchase,388,s000510
187,2024-12-04 12:53:43,purchase,328,s000511
1855,2024-08-26 07:51:49,add_to_cart,383,s000512
57,2024-05-06 19:40:54,wishlist,141,s000513
1162,2024-07-07 15:15:17,remove_from_cart,251,s000514
1521,2024-02-24 21:30:15,view,336,s000515
2470,2025-04-29 18:32:49,view,245,s000516
1487,2025-09-01 20:44:30,purchase,124,s000517
1310,2025-02-28 00:36:13,view,25,s000518
339,2025-11-23 11:25:35,add_to_cart,383,s000519
1834,2025-02-20 19:22:10,add_to_cart,138,s000520
1342,2024-12-14 22:02:38,view,371,s000521
2337,2024-06-25 16:28:46,view,79,s000522
1632,2024-03-19 22:47:56,add_to_cart,259,s000523
705,2025-08-07 22:06:05,add_to_cart,148,s000524
1104,2025-02-09 19:59:57,add_to_cart,19,s000525
1562,2025-12-08 15:57:57,add_to_cart,91,s000526
2092,2025-08-19 19:03:25,add_to_cart,273,s000527
825,2025-01-10 08:42:52,view,46,s000528
2387,2024-04-29 21:09:49,purchase,171,s000529
657,2024-04-14 07:21:24,view,108,s000530
562,2024-03-08 19:53:13,add_to_cart,178,s000531
1410,2024-08-05 07:11:44,view,388,s000532
476,2025-06-09 09:11:31,add_to_cart,134,s000533
2026,2024-11-19 10:31:14,remove_from_cart,97,s000534
1042,2025-06-08 07:57:19,remove_from_cart,93,s000535
49,2025-12-07 04:38:15,wishlist,312,s000536
1069,2024-07-02 15:04:39,remove_from_cart,58,s000537
1178,2024-12-13 23:42:21,wishlist,74,s000538
557,2024-09-17 20:14:55,wishlist,340,s000539
9,2024-01-10 11:54:47,remove_from_cart,393,s000540
2014,2024-09-08 22:38:14,view,254,s000541
747,2025-05-22 17:29:09,view,251,s000542
408,2025-09-28 20:04:08,add_to_cart,217,s000543
349,2025-07-07 07:56:40,view,123,s000544
850,2025-09-03 14:12:23,wishlist,26,s000545
182,2025-10-06 12:36:17,wishlist,92,s000546
1182,2025-03-01 07:13:08,purchase,365,s000547
517,2024-03-21 08:02:35,view,93,s000548
1022,2025-05-04 21:55:51,view,269,s000549
2358,2025-06-03 20:06:15,view,156,s000550
2158,2024-01-15 13:33:13,view,181,s000551
695,2025-11-29 23:27:52,wishlist,64,s000552
2269,2025-09-03 18:33:00,add_to_cart,96,s000553
2442,2025-04-15 11:39:14,view,108,s000554
1840,2024-04-11 19:34:35,purchase,279,s000555
1010,2024-12-21 13:17:41,view,277,s000556
948,2024-06-23 09:13:28,view,279,s000557
1025,2025-06-13 08:53:23,view,295,s000558
128,2025-11-25 21:00:00,view,226,s000559
953,2024-09-13 22:33:08,wishlist,183,s000560
1081,2025-06-15 19:49:32,view,283,s000561
2275,2024-05-18 19:33:20,view,92,s000562
559,2025-11-12 09:30:37,wishlist,374,s000563
680,2025-04-01 19:14:29,view,175,s000564
1521,2025-11-20 07:56:54,purchase,219,s000565
962,2025-09-18 13:01:24,view,111,s000566
2022,2025-04-29 18:25:13,purchase,32,s000567
955,2025-10-04 20:04:45,view,47,s000568
383,2024-11-16 17:21:47,view,54,s000569
2437,2025-11-15 19:53:12,view,126,s000570
234,2025-01-11 18:29:00,purchase,118,s000571
881,2024-07-08 18:01:26,view,249,s000572
2206,2025-04-29 05:00:18,wishlist,298,s000573
1520,2025-09-26 14:51:06,view,265,s000574
1108,2024-10-06 10:19:27,add_to_cart,230,s000575
1959,2024-10-24 21:58:20,view,125,s000576
1740,2025-12-10 17:38:01,view,169,s000577
897,2024-08-08 22:39:40,view,197,s000578
100,2024-01-30 21:47:46,view,231,s000579
1416,2025-01-06 18:38:01,purchase,245,s000580
1286,2024-09-02 10:58:34,view,357,s000581
2476,2025-03-13 22:26:34,wishlist,386,s000582
1078,2024-11-05 10:45:28,wishlist,143,s000583
2207,2024-11-20 19:16:18,wishlist,400,s000584
138,2025-11-22 21:40:23,wishlist,162,s000585
1516,2025-07-19 13:51:17,view,354,s000586
714,2024-07-24 12:31:51,view,25,s000587
2445,2025-11-23 21:01:04,view,348,s000588
1055,2024-12-22 21:22:47,add_to_cart,322,s000589
214,2025-05-04 02:04:53,view,199,s000590
1114,2024-11-28 15:00:03,view,222,s000591
1204,2024-04-17 19:16:54,view,20,s000592
1893,2025-11-21 08:46:34,purchase,198,s000593
1438,2025-03-21 02:57:35,add_to_cart,88,s000594
582,2025-04-19 08:28:27,view,145,s000595
789,2024-08-04 14:21:47,view,272,s000596
2078,2024-07-24 21:50:52,view,58,s000597
725,2025-07-25 05:43:07,view,349,s000598
1352,2024-01-12 09:21:01,view,309,s000599
290,2024-01-30 06:27:43,view,398,s000600
1984,2024-07-21 18:56:12,purchase,393,s000601
416,2025-02-27 22:14:49,purchase,321,s000602
1014,2024-02-07 12:03:10,view,63,s000603
1540,2024-08-06 09:18:17,view,52,s000604
1718,2024-11-03 22:32:38,wishlist,145,s000605
738,2025-04-16 06:42:34,view,129,s000606
2083,2024-01-01 06:51:50,view,396,s000607
1819,2024-06-28 22:43:43,view,324,s000608
2020,2024-09-07 19:49:37,view,365,s000609
1330,2024-07-21 21:58:53,view,295,s000610
2172,2025-09-05 02:00:36,add_to_cart,295,s000611
1575,2025-04-20 21:16:57,view,174,s000612
2376,2025-07-02 09:47:53,purchase,80,s000613
2025,2024-04-20 22:48:15,view,287,s000614
1956,2024-03-02 21:30:59,view,215,s000615
2176,2024-07-12 09:09:22,view,24,s000616
409,2025-12-12 12:54:34,add_to_cart,276,s000617
1256,2024-05-20 13:27:44,wishlist,227,s000618
235,2025-02-21 17:38:12,wishlist,355,s000619
671,2024-02-27 07:36:42,add_to_cart,195,s000620
863,2024-06-05 21:31:54,wishlist,58,s000621
64,2024-12-03 12:54:28,view,272,s000622
479,2024-09-10 20:27:46,purchase,14,s000623
2422,2025-08-02 23:31:02,add_to_cart,334,s000624
1137,2025-03-30 15:52:07,view,229,s000625
1456,2024-10-28 14:59:03,view,231,s000626
1496,2025-11-21 06:23:18,view,384,s000627
1156,2024-03-11 20:44:39,wishlist,19,s000628
1314,2024-07-05 07:24:40,view,235,s000629
1059,2024-08-03 17:22:21,purchase,137,s000630
1940,2024-08-09 22:43:26,view,200,s000631
1386,2025-02-06 08:45:57,wishlist,354,s000632
109,2025-04-29 22:49:00,remove_from_cart,290,s000633
658,2024-08-18 14:33:40,remove_from_cart,241,s000634
586,2025-02-16 11:32:56,add_to_cart,244,s000635
247,2025-05-02 23:53:55,view,368,s000636
1747,2024-05-22 12:27:51,add_to_cart,207,s000637
128,2024-04-06 14:43:56,view,326,s000638
2216,2025-01-30 20:52:51,wishlist,89,s000639
806,2024-08-02 05:30:38,purchase,355,s000640
421,2024-03-02 14:55:49,view,222,s000641
2153,2025-02-08 15:26:18,add_to_cart,132,s000642
265,2025-03-24 08:43:27,add_to_cart,301,s000643
89,2025-01-24 08:38:11,view,352,s000644
406,2024-09-25 11:39:30,add_to_cart,199,s000645
1968,2025-09-17 08:30:42,view,320,s000646
2146,2024-11-07 19:47:19,purchase,33,s000647
2374,2024-04-08 22:30:19,view,10,s000648
1771,2024-11-11 08:49:17,add_to_cart,294,s000649
401,2024-08-11 19:43:36,add_to_cart,283,s000650
483,2025-10-29 08:54:19,view,61,s000651
1077,2025-05-23 23:34:09,add_to_cart,21,s000652
2456,2024-11-30 21:37:22,view,49,s000653
337,2024-11-01 20:52:14,add_to_cart,335,s000654
244,2024-10-27 12:27:43,view,189,s000655
2375,2024-10-19 17:59:18,purchase,130,s000656
2285,2024-01-20 15:56:55,add_to_cart,346,s000657
1176,2025-02-03 10:15:30,remove_from_cart,82,s000658
989,2025-11-14 18:20:03,purchase,157,s000659
40,2024-10-27 13:50:08,remove_from_cart,375,s000660
325,2025-06-23 20:25:10,view,233,s000661
1352,2025-03-15 13:39:38,view,181,s000662
1251,2024-08-03 16:44:29,view,346,s000663
2288,2024-06-22 19:37:56,view,368,s000664
2090,2024-12-31 20:55:38,view,341,s000665
703,2024-03-31 13:32:31,view,270,s000666
2040,2025-01-22 18:03:18,view,276,s000667
1555,2025-02-07 20:38:24,wishlist,361,s000668
1561,2024-07-28 19:06:47,view,161,s000669
903,2025-06-23 05:01:18,view,39,s000670
318,2024-10-07 13:06:36,view,361,s000671
2438,2024-10-14 09:44:15,view,398,s000672
738,2024-01-05 16:06:18,add_to_cart,217,s000673
910,2025-07-30 06:13:23,view,184,s000674
259,2025-09-16 21:46:20,add_to_cart,339,s000675
1513,2024-11-24 09:56:05,purchase,203,s000676
1955,2024-02-08 19:45:04,wishlist,30,s000677
1889,2024-02-09 06:28:23,view,141,s000678
114,2025-08-15 00:06:45,wishlist,256,s000679
1824,2025-04-09 09:38:30,purchase,110,s000680
182,2024-08-26 21:06:42,wishlist,43,s000681
1186,2024-03-10 08:52:51,wishlist,290,s000682
648,2024-07-26 19:16:00,wishlist,82,s000683
1704,2024-12-09 11:17:54,remove_from_cart,40,s000684
1747,2024-08-24 21:20:54,view,207,s000685
1110,2024-02-13 19:53:17,purchase,128,s000686
342,2025-06-12 19:01:50,view,33,s000687
1241,2025-04-26 21:47:15,wishlist,174,s000688
461,2025-06-11 18:58:57,wishlist,293,s000689
1665,2024-02-07 08:25:38,purchase,30,s000690
1123,2024-05-26 15:27:26,view,388,s000691
1341,2024-04-12 20:21:24,view,132,s000692
1935,2025-06-12 09:11:19,view,180,s000693
1069,2024-12-19 17:16:42,purchase,388,s000694
2049,2024-06-08 20:48:31,view,213,s000695
1057,2025-04-27 08:49:31,view,55,s000696
475,2025-08-31 20:06:24,view,154,s000697
2279,2024-08-02 17:42:50,wishlist,11,s000698
1451,2024-08-09 08:31:47,add_to_cart,251,s000699
1336,2025-12-07 19:05:57,view,24,s000700
1143,2024-01-05 23:16:49,view,383,s000701
1657,2024-12-12 02:34:03,remove_from_cart,253,s000702
179,2025-05-06 07:28:42,add_to_cart,34,s000703
1701,2024-03-22 12:16:56,add_to_cart,395,s000704
1820,2024-01-01 09:26:46,add_to_cart,23,s000705
2069,2025-03-07 21:59:00,view,60,s000706
1566,2024-03-27 13:00:02,view,338,s000707
319,2024-03-10 11:30:09,add_to_cart,136,s000708
925,2024-05-25 20:25:26,purchase,306,s000709
195,2024-12-04 21:50:05,view,161,s000710
120,2025-08-17 06:53:55,view,254,s000711
455,2024-11-12 21:00:57,view,364,s000712
1939,2024-02-09 15:23:23,view,284,s000713
421,2024-03-27 21:30:51,view,272,s000714
1753,2024-10-15 06:46:10,purchase,250,s000715
725,2025-12-02 10:55:07,view,284,s000716
44,2025-08-08 08:23:10,view,326,s000717
724,2025-08-23 15:14:12,view,382,s000718
1900,2025-01-25 05:33:43,add_to_cart,144,s000719
699,2025-08-09 11:37:51,view,352,s000720
1174,2025-05-01 21:25:37,purchase,353,s000721
2185,2025-09-05 08:49:10,view,277,s000722
1659,2025-03-16 09:06:47,view,67,s000723
2292,2024-11-04 11:52:42,view,277,s000724
287,2025-03-30 08:03:47,add_to_cart,207,s000725
987,2024-05-11 21:59:21,add_to_cart,235,s000726
433,2025-08-07 13:24:48,view,163,s000727
1694,2025-04-14 12:51:22,add_to_cart,78,s000728
1625,2024-05-01 21:03:08,purchase,383,s000729
998,2025-06-13 08:09:51,view,193,s000730
607,2025-01-25 10:02:51,add_to_cart,92,s000731
81,2024-12-05 01:28:35,purchase,199,s000732
1897,2024-07-26 21:55:35,view,105,s000733
397,2025-04-21 18:18:57,view,275,s000734
230,2025-11-15 13:20:34,view,27,s000735
1177,2024-12-17 19:50:36,view,124,s000736
112,2025-04-21 13:14:44,purchase,388,s000737
1697,2024-10-06 18:54:40,view,1,s000738
157,2025-05-13 21:43:15,view,197,s000739
22,2024-03-17 21:03:40,purchase,146,s000740
1290,2024-10-24 09:16:30,view,383,s000741
2002,2024-10-30 02:54:29,view,336,s000742
1509,2024-01-20 00:49:03,view,59,s000743
205,2024-11-22 16:20:58,view,61,s000744
1224,2025-02-06 16:49:00,add_to_cart,247,s000745
738,2024-01-08 11:32:10,add_to_cart,249,s000746
11,2024-08-04 10:11:00,view,228,s000747
574,2025-04-05 10:23:57,view,275,s000748
773,2025-09-29 14:05:51,view,169,s000749
2090,2025-03-18 23:22:00,remove_from_cart,243,s000750
501,2024-01-31 18:44:07,wishlist,107,s000751
1095,2025-10-09 11:05:52,view,45,s000752
521,2025-11-18 22:00:31,view,12,s000753
171,2024-11-30 12:21:27,add_to_cart,141,s000754
872,2025-05-31 08:26:44,add_to_cart,111,s000755
1568,2024-07-16 21:16:28,view,288,s000756
1907,2025-12-01 17:09:43,view,314,s000757
835,2024-09-12 23:23:26,view,309,s000758
186,2025-09-03 10:52:54,view,225,s000759
1955,2024-12-25 10:05:08,add_to_cart,106,s000760
2193,2024-09-06 21:24:37,view,36,s000761
777,2025-05-19 22:22:43,remove_from_cart,221,s000762
345,2024-10-05 19:20:44,wishlist,337,s000763
1147,2024-02-14 16:07:23,view,191,s000764
2225,2025-04-13 07:18:24,remove_from_cart,299,s000765
442,2024-09-08 17:30:56,view,274,s000766
935,2025-05-28 20:08:12,view,123,s000767
638,2024-08-30 09:33:33,add_to_cart,108,s000768
981,2025-05-25 12:49:09,view,54,s000769
629,2025-07-15 00:49:19,view,254,s000770
2238,2024-07-17 12:19:29,view,223,s000771
2047,2025-06-28 05:10:29,view,334,s000772
2074,2024-08-04 13:26:32,view,311,s000773
841,2024-10-08 05:35:49,add_to_cart,249,s000774
604,2025-10-16 21:36:29,view,104,s000775
2494,2025-04-05 10:31:03,add_to_cart,298,s000776
1912,2024-09-25 19:25:08,view,186,s000777
2308,2024-12-02 21:41:53,wishlist,260,s000778
771,2025-04-15 22:43:11,add_to_cart,207,s000779
279,2025-02-15 17:00:00,view,217,s000780
1635,2025-10-24 16:56:58,view,259,s000781
2409,2025-07-07 21:23:10,add_to_cart,25,s000782
1091,2025-01-10 22:27:34,purchase,194,s000783
1842,2024-04-02 18:06:42,add_to_cart,306,s000784
1870,2024-08-19 09:02:35,view,310,s000785
869,2025-11-13 00:34:58,wishlist,136,s000786
1059,2024-09-05 23:35:36,view,132,s000787
1113,2025-03-16 09:57:50,view,274,s000788
1545,2024-10-15 19:08:24,view,355,s000789
410,2024-02-02 23:44:01,view,111,s000790
1731,2025-08-31 10:20:59,add_to_cart,383,s000791
2368,2024-04-23 10:40:01,add_to_cart,244,s000792
2277,2024-03-09 09:33:11,wishlist,5,s000793
1370,2024-03-16 09:06:08,view,362,s000794
2155,2025-10-29 09:57:05,view,271,s000795
1311,2024-12-06 18:15:40,purchase,250,s000796
821,2025-06-26 20:07:53,view,366,s000797
1386,2025-12-01 09:38:38,view,199,s000798
1033,2025-07-31 07:34:10,view,127,s000799
160,2025-06-07 18:26:27,view,181,s000800
2163,2024-06-17 21:28:33,view,159,s000801
1643,2025-10-04 20:21:28,view,130,s000802
1665,2024-05-04 18:44:31,add_to_cart,198,s000803
1297,2025-09-29 07:57:21,add_to_cart,219,s000804
1232,2025-06-23 17:27:25,view,77,s000805
2500,2024-10-26 05:29:10,view,92,s000806
1721,2024-02-15 04:42:01,view,242,s000807
1065,2025-03-12 08:45:59,wishlist,54,s000808
2282,2024-03-22 16:15:39,view,209,s000809
832,2025-08-27 17:24:08,view,275,s000810
1036,2024-02-22 19:11:36,view,217,s000811
1765,2025-06-29 11:23:31,view,45,s000812
2272,2025-03-09 10:31:41,wishlist,27,s000813
1251,2025-08-23 12:30:14,add_to_cart,396,s000814
17,2025-10-21 05:04:09,purchase,332,s000815
1690,2024-08-17 18:02:37,purchase,147,s000816
310,2025-05-13 03:58:54,view,146,s000817
193,2024-09-26 11:53:42,add_to_cart,306,s000818
1324,2025-12-07 10:46:15,view,159,s000819
394,2025-02-13 21:54:25,view,243,s000820
2011,2024-05-22 20:44:10,purchase,373,s000821
18,2024-06-29 20:08:21,add_to_cart,332,s000822
2253,2024-11-08 21:43:59,purchase,293,s000823
232,2024-07-23 08:06:26,wishlist,256,s000824
1530,2024-05-23 17:06:02,purchase,397,s000825
243,2024-04-25 18:48:58,view,322,s000826
484,2025-08-04 18:16:00,add_to_cart,254,s000827
1465,2025-07-31 12:11:09,wishlist,18,s000828
1723,2024-05-17 20:41:19,purchase,132,s000829
1696,2025-02-19 13:43:58,view,174,s000830
1311,2025-03-25 21:43:54,view,99,s000831
335,2025-04-22 15:44:36,wishlist,211,s000832
788,2024-05-25 21:35:34,remove_from_cart,368,s000833
1407,2025-08-01 21:31:59,view,184,s000834
768,2025-09-29 06:22:56,view,31,s000835
2169,2024-09-13 21:48:14,view,378,s000836
406,2024-10-18 09:14:01,wishlist,205,s000837
1009,2025-01-25 08:31:29,remove_from_cart,322,s000838
1208,2024-02-21 09:49:45,wishlist,330,s000839
2430,2024-05-12 19:33:27,wishlist,360,s000840
2044,2025-06-05 09:45:03,view,355,s000841
1936,2025-10-12 18:48:25,remove_from_cart,233,s000842
1970,2025-04-03 20:51:32,view,77,s000843
1212,2024-12-20 01:28:40,wishlist,53,s000844
306,2025-08-17 17:35:18,view,12,s000845
712,2025-02-11 17:15:04,view,315,s000846
1064,2024-12-04 15:27:22,add_to_cart,68,s000847
2476,2024-09-08 05:58:55,purchase,241,s000848
1165,2025-03-17 00:41:23,view,265,s000849
2347,2025-02-02 20:53:33,purchase,291,s000850
937,2024-04-08 11:24:22,wishlist,136,s000851
604,2024-02-17 09:16:17,view,395,s000852
1915,2024-11-01 20:26:54,add_to_cart,355,s000853
292,2024-09-25 10:41:18,view,376,s000854
1843,2024-02-20 18:17:54,view,277,s000855
85,2024-02-25 23:46:53,view,381,s000856
2143,2025-07-12 07:04:11,view,84,s000857
624,2024-07-31 15:20:16,view,49,s000858
2031,2024-03-25 09:29:40,wishlist,284,s000859
213,2024-06-13 21:28:01,add_to_cart,250,s000860
82,2025-03-05 07:42:13,view,327,s000861
1658,2024-08-24 19:55:48,wishlist,92,s000862
829,2024-06-08 14:00:49,view,67,s000863
2152,2025-11-02 15:30:32,add_to_cart,27,s000864
990,2025-10-20 15:31:42,view,226,s000865
782,2024-06-28 13:53:12,view,318,s000866
446,2025-05-17 10:06:55,add_to_cart,266,s000867
2402,2024-02-18 23:58:23,view,280,s000868
2330,2025-09-14 12:09:47,add_to_cart,79,s000869
413,2025-11-22 11:20:38,remove_from_cart,215,s000870
1285,2024-02-23 09:54:51,add_to_cart,85,s000871
2024,2025-02-14 10:14:12,wishlist,51,s000872
290,2025-09-01 22:14:04,purchase,332,s000873
874,2025-10-27 14:57:24,wishlist,329,s000874
1733,2024-12-23 13:23:40,view,384,s000875
462,2024-10-12 20:10:31,add_to_cart,11,s000876
1261,2024-02-10 17:56:52,purchase,340,s000877
1901,2025-05-13 11:40:08,wishlist,29,s000878
932,2024-03-20 05:41:50,view,263,s000879
392,2024-12-02 10:13:56,view,315,s000880
1570,2025-10-17 19:29:40,add_to_cart,307,s000881
688,2024-07-06 22:18:43,purchase,363,s000882
1577,2024-01-22 12:32:43,add_to_cart,397,s000883
1300,2024-08-29 19:22:10,add_to_cart,100,s000884
846,2024-07-05 21:01:28,view,276,s000885
2469,2024-08-26 10:41:19,view,99,s000886
2494,2025-06-30 20:37:45,add_to_cart,138,s000887
1107,2024-04-09 17:48:48,add_to_cart,162,s000888
721,2025-01-25 09:17:00,wishlist,325,s000889
578,2025-06-07 22:04:54,view,393,s000890
937,2025-10-21 16:00:41,view,341,s000891
1313,2025-04-18 16:22:05,add_to_cart,346,s000892
486,2025-09-19 06:34:27,view,16,s000893
78,2024-06-17 07:17:53,purchase,245,s000894
1697,2024-02-22 06:26:51,view,220,s000895
1881,2025-11-07 01:05:46,view,352,s000896
1108,2025-10-07 00:05:00,wishlist,121,s000897
1607,2025-05-17 14:44:19,view,335,s000898
1718,2025-06-30 20:25:23,purchase,329,s000899
789,2024-01-26 18:30:19,view,372,s000900
241,2025-12-01 15:39:01,purchase,173,s000901
623,2025-11-09 18:19:57,wishlist,124,s000902
762,2025-03-03 14:01:55,view,61,s000903
401,2025-03-13 10:54:53,wishlist,193,s000904
901,2024-02-27 20:55:18,view,7,s000905
2443,2025-01-28 19:04:40,wishlist,1,s000906
1712,2025-11-06 05:36:51,add_to_cart,77,s000907
457,2024-07-12 14:54:53,view,181,s000908
1631,2024-01-30 05:27:54,wishlist,63,s000909
237,2024-01-26 09:07:29,add_to_cart,170,s000910
2352,2024-12-28 14:38:27,add_to_cart,328,s000911
426,2025-04-09 09:28:02,add_to_cart,305,s000912
1587,2024-11-04 13:39:26,purchase,345,s000913
610,2024-08-04 22:14:01,add_to_cart,77,s000914
2008,2025-08-29 19:28:54,add_to_cart,278,s000915
2083,2025-11-24 20:29:22,add_to_cart,259,s000916
2176,2024-01-16 19:11:28,wishlist,380,s000917
2058,2024-02-09 09:55:49,wishlist,96,s000918
2335,2025-07-06 21:16:31,purchase,366,s000919
2419,2025-08-02 20:12:54,purchase,182,s000920
886,2025-01-16 08:42:05,view,197,s000921
1342,2025-09-06 19:04:17,view,196,s000922
653,2025-05-01 10:53:25,view,274,s000923
2495,2025-06-10 20:52:07,add_to_cart,329,s000924
1841,2025-01-29 10:36:17,add_to_cart,41,s000925
687,2024-02-07 09:06:23,wishlist,340,s000926
1673,2025-06-30 23:05:50,view,328,s000927
257,2025-05-11 19:45:15,view,187,s000928
2377,2024-11-02 21:38:03,view,12,s000929
1251,2024-10-31 05:22:43,purchase,145,s000930
266,2024-04-08 20:39:16,wishlist,169,s000931
2026,2024-11-08 06:55:45,add_to_cart,287,s000932
298,2025-10-02 08:50:53,add_to_cart,319,s000933
223,2025-12-02 20:27:43,view,11,s000934
1732,2024-09-19 22:18:19,wishlist,268,s000935
1757,2024-05-18 19:06:06,view,328,s000936
1912,2024-11-07 18:10:00,view,351,s000937
1921,2024-02-11 03:47:33,purchase,26,s000938
1412,2024-06-14 23:00:16,add_to_cart,284,s000939
1965,2025-02-24 17:44:20,remove_from_cart,249,s000940
724,2024-06-11 03:03:12,view,146,s000941
265,2025-06-17 21:05:28,view,383,s000942
2288,2025-09-26 20:43:19,add_to_cart,312,s000943
1918,2025-07-20 22:39:17,add_to_cart,215,s000944
1419,2025-02-09 08:23:04,add_to_cart,260,s000945
156,2025-12-08 21:51:25,view,43,s000946
1075,2024-01-11 23:28:58,purchase,319,s000947
1940,2025-05-28 17:54:43,view,29,s000948
2074,2025-08-03 18:23:47,view,89,s000949
814,2024-02-24 16:11:05,view,356,s000950
18,2024-03-31 18:21:30,view,61,s000951
1133,2024-05-08 22:55:06,view,399,s000952
2236,2024-02-01 23:51:15,view,391,s000953
839,2024-09-06 15:13:39,view,241,s000954
481,2025-04-12 08:20:09,remove_from_cart,237,s000955
903,2024-06-23 09:09:06,purchase,76,s000956
2331,2024-07-27 15:36:56,view,179,s000957
1791,2025-03-08 15:56:14,view,85,s000958
51,2024-12-07 21:20:49,view,216,s000959
2144,2024-03-28 10:33:10,add_to_cart,23,s000960
1199,2024-02-24 19:10:33,view,22,s000961
1497,2024-06-27 13:11:36,view,377,s000962
1851,2025-01-23 21:10:40,add_to_cart,12,s000963
2076,2024-12-19 11:33:03,view,238,s000964
2206,2025-06-08 08:09:48,view,69,s000965
339,2024-09-11 11:01:04,view,210,s000966
811,2025-10-15 13:01:49,view,70,s000967
1232,2024-06-06 21:18:59,wishlist,393,s000968
1953,2025-05-24 21:34:32,remove_from_cart,173,s000969
1727,2025-11-03 06:28:37,add_to_cart,109,s000970
1936,2025-07-11 21:44:54,view,5,s000971
2073,2024-07-27 17:47:04,purchase,95,s000972
615,2025-04-11 09:42:55,add_to_cart,336,s000973
1353,2025-01-11 11:12:48,add_to_cart,232,s000974
1594,2024-07-10 10:10:40,view,139,s000975
1571,2025-05-13 08:34:56,add_to_cart,80,s000976
1150,2024-12-25 09:17:51,wishlist,396,s000977
2409,2024-02-08 11:13:33,view,290,s000978
308,2025-10-04 22:02:58,remove_from_cart,287,s000979
2336,2025-05-18 09:38:16,view,304,s000980
152,2025-03-20 16:33:46,view,197,s000981
578,2024-07-18 23:33:46,view,37,s000982
1254,2024-05-25 15:44:31,purchase,356,s000983
434,2024-04-07 13:12:40,view,385,s000984
1543,2025-11-27 22:48:26,wishlist,307,s000985
1295,2024-06-13 17:39:19,view,321,s000986
878,2025-06-13 16:39:37,add_to_cart,164,s000987
7,2024-05-30 16:32:48,purchase,347,s000988
1572,2024-09-22 06:56:57,view,391,s000989
408,2025-08-05 08:13:45,view,145,s000990
1002,2024-04-11 15:32:41,view,400,s000991
2288,2025-11-29 09:49:17,view,340,s000992
1999,2025-05-13 20:11:27,wishlist,69,s000993
2025,2025-04-09 08:35:50,wishlist,254,s000994
298,2024-11-19 19:32:03,purchase,367,s000995
955,2024-03-22 19:02:49,add_to_cart,263,s000996
1921,2024-12-22 11:49:24,add_to_cart,292,s000997
1071,2024-01-25 07:48:02,view,91,s000998
2153,2024-07-17 13:38:05,remove_from_cart,383,s000999
936,2024-10-01 22:22:39,remove_from_cart,54,s001000
1267,2025-08-13 05:43:13,view,199,s001001
296,2024-03-01 13:48:01,view,251,s001002
1002,2024-07-18 10:34:35,view,72,s001003
326,2025-03-11 20:01:26,view,273,s001004
1072,2024-12-19 07:29:10,wishlist,60,s001005
367,2025-09-08 07:36:22,view,284,s001006
175,2024-10-01 20:29:38,add_to_cart,10,s001007
741,2024-02-01 09:55:40,view,388,s001008
799,2024-05-26 06:42:28,wishlist,279,s001009
724,2024-05-11 18:35:56,purchase,16,s001010
2445,2024-11-03 21:48:17,view,160,s001011
1588,2024-02-07 09:25:02,wishlist,43,s001012
2029,2024-08-05 08:40:47,view,74,s001013
199,2025-01-21 22:00:27,purchase,357,s001014
839,2024-09-05 21:14:15,wishlist,354,s001015
1485,2024-01-19 12:11:26,view,14,s001016
280,2025-03-10 20:17:24,wishlist,19,s001017
1988,2025-09-29 21:42:04,purchase,126,s001018
1385,2025-10-20 18:01:37,view,52,s001019
832,2025-10-09 22:53:59,purchase,29,s001020
614,2025-08-01 14:05:40,purchase,151,s001021
1385,2025-02-25 12:21:15,view,291,s001022
205,2025-06-24 09:33:23,view,114,s001023
822,2024-08-31 17:55:32,view,114,s001024
48,2025-08-15 10:25:09,remove_from_cart,15,s001025
2000,2024-11-05 19:27:33,view,185,s001026
497,2024-11-01 00:53:50,view,138,s001027
2366,2025-06-04 21:23:55,purchase,131,s001028
2093,2025-06-09 19:18:24,wishlist,367,s001029
1178,2024-02-10 07:06:48,add_to_cart,330,s001030
2449,2024-03-18 08:06:24,wishlist,11,s001031
431,2024-10-04 22:00:25,purchase,308,s001032
2433,2025-05-30 20:02:29,wishlist,58,s001033
492,2025-04-29 08:52:57,view,381,s001034
1452,2025-09-04 07:25:41,view,11,s001035
596,2025-10-31 15:18:12,purchase,345,s001036
1767,2024-11-26 21:55:40,add_to_cart,178,s001037
2045,2025-02-12 21:16:54,wishlist,85,s001038
2277,2025-02-09 03:14:24,purchase,249,s001039
1391,2025-01-05 12:18:05,view,117,s001040
585,2024-04-26 21:30:07,remove_from_cart,370,s001041
2385,2024-09-29 11:04:55,view,225,s001042
2378,2025-06-16 22:03:03,view,189,s001043
76,2025-10-22 11:30:12,wishlist,219,s001044
1740,2024-04-04 13:08:37,view,131,s001045
1691,2024-01-11 22:39:01,add_to_cart,323,s001046
654,2025-07-24 18:07:16,remove_from_cart,134,s001047
1218,2025-11-09 20:26:00,view,227,s001048
461,2024-03-02 13:10:11,view,252,s001049
1375,2024-06-27 08:42:05,view,166,s001050
383,2025-01-22 23:34:01,wishlist,231,s001051
1419,2024-08-28 14:17:43,view,154,s001052
1591,2024-10-08 13:02:22,purchase,127,s001053
1099,2025-03-15 07:12:39,view,284,s001054
1664,2024-09-15 07:48:58,wishlist,317,s001055
2225,2025-04-15 12:42:22,view,84,s001056
447,2025-07-12 20:24:18,view,70,s001057
1675,2025-08-01 13:52:22,view,246,s001058
1356,2025-03-10 21:03:47,remove_from_cart,25,s001059
1253,2024-03-29 20:36:37,add_to_cart,127,s001060
1459,2025-02-09 21:37:56,view,240,s001061
1770,2024-08-17 16:40:21,purchase,62,s001062
439,2024-07-07 19:09:20,remove_from_cart,129,s001063
578,2024-05-07 22:43:55,remove_from_cart,6,s001064
1677,2024-11-26 07:48:07,wishlist,173,s001065
2306,2024-11-10 11:33:54,view,271,s001066
2477,2024-11-29 04:55:21,view,395,s001067
1774,2025-11-20 01:42:34,view,251,s001068
218,2024-12-08 16:01:06,purchase,117,s001069
1945,2025-08-25 17:44:44,wishlist,238,s001070
2383,2024-06-04 01:00:54,view,332,s001071
416,2024-02-11 18:31:18,wishlist,297,s001072
1256,2025-11-01 10:54:27,add_to_cart,179,s001073
477,2024-07-16 13:27:30,view,159,s001074
1251,2025-03-11 19:40:20,purchase,126,s001075
1527,2024-08-12 18:38:58,view,212,s001076
670,2024-02-15 19:14:10,remove_from_cart,289,s001077
895,2024-05-08 22:31:48,view,86,s001078
323,2025-06-30 04:26:25,purchase,293,s001079
448,2024-07-16 09:12:01,wishlist,136,s001080
1627,2025-09-12 09:36:49,add_to_cart,266,s001081
1576,2024-03-31 18:47:27,view,356,s001082
1451,2025-03-26 17:30:50,view,370,s001083
1098,2024-04-14 13:15:28,view,96,s001084
881,2025-03-17 04:13:04,add_to_cart,237,s001085
1077,2024-02-05 08:55:43,view,99,s001086
489,2024-03-22 08:07:04,view,224,s001087
1176,2024-01-28 21:01:28,view,237,s001088
1890,2025-05-03 20:14:46,view,276,s001089
496,2025-09-06 11:22:50,wishlist,144,s001090
1251,2025-02-18 23:04:41,view,232,s001091
1624,2024-01-30 17:25:25,view,263,s001092
78,2025-05-27 18:56:38,view,8,s001093
2248,2024-02-13 10:42:23,view,100,s001094
427,2025-05-25 13:33:33,wishlist,208,s001095
1084,2024-07-03 18:48:42,view,36,s001096
1165,2024-07-02 08:33:50,view,206,s001097
269,2025-04-29 19:02:59,wishlist,240,s001098
2233,2025-09-04 20:53:12,view,235,s001099
2311,2024-09-09 15:12:28,wishlist,100,s001100
622,2025-05-27 15:00:19,view,302,s001101
939,2025-03-04 18:50:47,view,2,s001102
2326,2024-09-06 12:31:26,view,58,s001103
758,2024-02-25 17:26:35,purchase,372,s001104
834,2024-11-12 14:08:56,remove_from_cart,120,s001105
1997,2024-12-30 07:04:23,view,357,s001106
851,2024-06-18 11:32:34,view,338,s001107
717,2024-08-20 14:26:03,add_to_cart,46,s001108
1001,2024-09-22 21:30:48,add_to_cart,258,s001109
1654,2025-08-10 15:38:00,view,7,s001110
1695,2024-10-24 16:04:00,view,354,s001111
125,2025-04-03 12:34:04,view,128,s001112
2092,2025-09-17 18:14:38,add_to_cart,343,s001113
1348,2024-04-12 22:03:49,add_to_cart,325,s001114
636,2024-08-21 18:33:06,view,95,s001115
2344,2025-07-16 10:52:49,view,179,s001116
2116,2024-08-27 22:49:11,view,374,s001117
686,2024-10-18 15:06:55,add_to_cart,324,s001118
1396,2025-04-10 18:50:49,purchase,222,s001119
947,2024-12-02 11:35:01,view,27,s001120
2360,2025-11-26 04:05:17,remove_from_cart,144,s001121
318,2025-03-20 23:16:18,view,78,s001122
650,2024-04-24 08:26:08,view,20,s001123
1829,2024-02-01 12:13:52,view,158,s001124
2279,2025-10-26 15:14:51,purchase,218,s001125
1852,2025-10-13 02:26:48,view,236,s001126
1360,2024-01-19 09:35:36,wishlist,328,s001127
202,2025-03-10 14:04:44,view,219,s001128
2248,2025-07-30 22:26:25,wishlist,129,s001129
999,2024-12-30 19:53:23,view,346,s001130
351,2025-07-11 09:30:28,view,260,s001131
2032,2024-12-28 08:39:17,wishlist,269,s001132
2069,2025-02-19 16:43:59,purchase,120,s001133
786,2024-09-02 16:36:57,view,226,s001134
1546,2024-06-02 10:20:00,view,20,s001135
1598,2025-08-16 08:30:51,add_to_cart,255,s001136
1364,2024-01-24 21:58:25,purchase,301,s001137
14,2025-06-02 12:48:10,add_to_cart,120,s001138
11,2024-09-29 15:52:46,wishlist,115,s001139
1246,2025-12-13 07:10:27,add_to_cart,110,s001140
2249,2024-02-26 11:20:54,view,5,s001141
2147,2024-02-25 07:52:37,view,212,s001142
13,2025-10-29 19:13:39,purchase,254,s001143
328,2024-06-09 10:10:43,view,121,s001144
1504,2024-12-25 11:02:04,wishlist,302,s001145
1653,2025-02-14 11:30:19,add_to_cart,192,s001146
870,2025-01-26 06:00:43,wishlist,325,s001147
2030,2024-10-25 00:21:25,view,343,s001148
1382,2025-06-07 16:40:48,wishlist,162,s001149
1163,2025-08-28 12:49:01,purchase,60,s001150
1555,2025-01-11 22:43:55,view,60,s001151
1405,2024-02-06 13:25:01,purchase,100,s001152
674,2024-12-03 11:38:29,remove_from_cart,151,s001153
375,2025-01-09 08:48:44,wishlist,262,s001154
1586,2024-11-10 11:21:54,purchase,318,s001155
1077,2024-07-11 11:12:17,purchase,202,s001156
740,2025-08-19 08:55:33,add_to_cart,214,s001157
1271,2024-07-28 22:37:25,view,312,s001158
206,2024-06-23 21:46:52,remove_from_cart,280,s001159
2105,2024-06-22 16:02:18,view,239,s001160
81,2025-07-02 09:19:33,view,99,s001161
1367,2024-09-15 19:07:58,add_to_cart,54,s001162
988,2024-11-21 21:10:41,purchase,231,s001163
2488,2025-06-18 17:44:18,view,107,s001164
288,2024-03-23 20:17:54,remove_from_cart,352,s001165
1354,2024-06-21 17:58:02,view,226,s001166
1404,2025-06-07 21:48:35,view,206,s001167
1023,2025-09-20 09:26:22,view,30,s001168
2159,2024-09-15 06:43:23,view,102,s001169
216,2024-09-08 12:29:30,wishlist,146,s001170
1994,2024-12-27 17:44:41,view,311,s001171
527,2025-10-15 09:38:24,view,369,s001172
1917,2025-04-11 14:21:49,view,41,s001173
485,2025-03-08 18:21:16,add_to_cart,68,s001174
669,2024-11-16 21:17:57,view,276,s001175
2294,2024-10-26 12:37:28,view,378,s001176
1143,2025-02-10 11:31:17,purchase,62,s001177
2134,2025-08-13 17:37:25,add_to_cart,219,s001178
34,2024-03-30 16:14:36,wishlist,266,s001179
1217,2025-01-18 09:37:02,purchase,63,s001180
1169,2025-07-08 09:18:16,view,313,s001181
763,2024-10-18 07:19:17,view,235,s001182
617,2025-02-21 05:38:21,view,246,s001183
669,2024-04-08 21:29:20,wishlist,282,s001184
1007,2024-07-04 09:51:00,view,313,s001185
2237,2024-07-23 22:01:14,view,87,s001186
2144,2024-08-12 07:57:01,add_to_cart,307,s001187
1525,2024-02-28 13:57:46,view,274,s001188
121,2024-10-27 18:39:13,purchase,55,s001189
2461,2025-12-03 10:28:53,add_to_cart,322,s001190
1959,2025-02-15 20:51:25,purchase,355,s001191
377,2025-03-27 20:04:33,view,391,s001192
1665,2025-07-05 19:54:33,view,209,s001193
1654,2025-10-04 20:25:13,purchase,120,s001194
489,2025-09-17 08:47:51,view,124,s001195
1242,2024-01-12 15:19:01,add_to_cart,351,s001196
1649,2024-03-27 20:36:31,view,204,s001197
1282,2024-07-07 10:51:15,purchase,116,s001198
2307,2025-01-30 07:06:41,view,333,s001199
698,2025-10-26 18:54:04,remove_from_cart,25,s001200
2176,2025-06-14 09:32:10,add_to_cart,316,s001201
97,2024-03-31 20:22:15,wishlist,346,s001202
1317,2024-01-25 11:33:27,add_to_cart,14,s001203
2453,2024-11-04 06:10:56,view,21,s001204
367,2025-05-07 10:17:57,wishlist,162,s001205
1284,2025-12-07 16:17:44,purchase,327,s001206
1894,2024-04-04 23:05:41,purchase,217,s001207
1968,2025-09-10 19:53:36,purchase,230,s001208
809,2025-10-17 20:27:53,add_to_cart,124,s001209
634,2025-10-07 09:50:20,view,11,s001210
1550,2024-09-10 20:42:11,wishlist,43,s001211
1491,2024-10-14 09:00:13,view,28,s001212
1258,2025-02-01 22:31:56,view,33,s001213
740,2025-05-23 20:13:16,add_to_cart,327,s001214
1754,2024-03-25 21:18:27,purchase,190,s001215
523,2025-10-02 09:48:34,view,338,s001216
1685,2025-10-03 13:19:43,view,233,s001217
2466,2025-02-26 08:32:57,add_to_cart,386,s001218
1230,2025-03-16 11:13:21,wishlist,348,s001219
1074,2025-12-10 19:52:27,view,93,s001220
2183,2024-02-02 20:41:00,view,343,s001221
2094,2025-06-11 09:32:18,wishlist,44,s001222
1863,2024-09-10 09:48:16,purchase,171,s001223
1898,2024-11-16 07:55:47,view,345,s001224
1534,2024-10-18 21:08:42,view,358,s001225
1417,2024-11-17 20:26:45,view,344,s001226
538,2025-08-19 02:40:41,view,31,s001227
393,2024-07-25 19:49:37,view,320,s001228
1801,2024-12-06 20:14:07,view,80,s001229
1118,2024-04-06 22:38:50,view,194,s001230
524,2024-05-10 10:43:01,view,281,s001231
676,2025-06-30 19:06:36,view,400,s001232
196,2025-10-16 09:56:54,view,242,s001233
774,2025-10-30 04:48:17,add_to_cart,298,s001234
857,2024-02-29 08:24:09,view,96,s001235
1356,2025-10-01 19:45:22,wishlist,349,s001236
1568,2025-02-27 10:31:23,view,76,s001237
1414,2024-09-21 16:14:53,wishlist,376,s001238
940,2025-04-08 17:18:13,view,305,s001239
2369,2024-09-27 22:32:32,view,350,s001240
1823,2024-11-09 21:50:56,add_to_cart,281,s001241
62,2024-12-29 11:11:46,wishlist,348,s001242
2088,2025-02-23 16:00:43,wishlist,125,s001243
2298,2025-11-05 20:40:41,add_to_cart,309,s001244
2141,2024-03-10 20:44:46,view,150,s001245
1847,2024-07-31 21:10:42,view,386,s001246
1545,2024-08-31 21:58:10,view,328,s001247
2189,2025-02-06 11:28:52,view,328,s001248
2375,2025-10-02 18:02:31,view,283,s001249
520,2025-02-17 20:37:58,view,24,s001250
1896,2025-08-25 02:25:52,view,148,s001251
2184,2024-10-31 14:39:10,view,129,s001252
1221,2024-08-18 20:49:17,view,323,s001253
1957,2024-08-15 17:05:58,add_to_cart,121,s001254
2,2024-05-07 05:12:48,view,62,s001255
737,2024-04-12 18:47:25,add_to_cart,313,s001256
1035,2025-08-04 06:40:49,wishlist,65,s001257
1701,2025-06-08 15:01:31,remove_from_cart,340,s001258
901,2025-12-07 11:23:08,wishlist,178,s001259
103,2024-05-30 22:57:57,purchase,279,s001260
790,2025-01-05 06:24:05,add_to_cart,6,s001261
2150,2025-02-14 10:36:59,view,114,s001262
2017,2025-03-15 19:56:24,remove_from_cart,152,s001263
1097,2024-03-12 16:01:51,view,108,s001264
2279,2024-07-22 12:08:13,view,340,s001265
1232,2024-03-25 09:17:30,view,196,s001266
1560,2024-07-14 06:29:41,view,25,s001267
1857,2024-11-09 18:04:16,view,271,s001268
483,2025-09-24 08:38:01,add_to_cart,21,s001269
1054,2024-07-24 22:34:46,view,242,s001270
429,2025-10-17 05:22:49,view,336,s001271
1905,2025-12-07 13:21:34,add_to_cart,327,s001272
1862,2025-06-21 17:56:14,purchase,388,s001273
922,2025-10-22 21:20:40,add_to_cart,205,s001274
1145,2025-04-20 18:05:53,wishlist,394,s001275
2389,2024-04-10 18:53:40,view,390,s001276
1979,2024-05-27 19:25:20,view,271,s001277
177,2025-08-21 10:13:12,view,276,s001278
869,2025-06-22 20:11:01,purchase,13,s001279
133,2024-01-20 12:49:29,view,2,s001280
1073,2025-10-06 20:49:39,view,229,s001281
1191,2025-11-16 13:33:08,view,365,s001282
427,2025-01-20 08:40:12,view,242,s001283
1430,2025-07-24 14:11:24,wishlist,260,s001284
1017,2024-01-05 21:50:47,wishlist,15,s001285
2267,2025-08-17 01:56:44,add_to_cart,327,s001286
1759,2024-01-19 08:23:32,view,356,s001287
1248,2024-05-25 06:20:43,purchase,360,s001288
1903,2025-11-03 07:28:06,remove_from_cart,248,s001289
2116,2025-02-11 16:06:54,add_to_cart,55,s001290
1860,2025-06-06 23:58:23,view,213,s001291
1368,2025-01-06 14:52:41,view,78,s001292
298,2025-08-16 00:25:34,view,7,s001293
1775,2024-07-29 19:19:06,view,141,s001294
964,2024-03-19 20:27:35,add_to_cart,180,s001295
785,2025-05-19 23:21:11,view,326,s001296
1820,2025-08-26 20:40:44,view,195,s001297
1976,2024-11-13 20:23:05,view,386,s001298
1581,2024-11-04 08:42:41,view,18,s001299
1968,2024-07-06 07:43:46,view,379,s001300
1446,2025-09-09 05:28:50,add_to_cart,365,s001301
315,2025-12-10 20:39:39,wishlist,180,s001302
912,2025-06-06 18:31:58,view,73,s001303
1380,2024-03-24 06:05:23,add_to_cart,368,s001304
2493,2024-09-09 19:54:14,view,362,s001305
2069,2024-02-26 12:59:48,wishlist,397,s001306
2375,2025-07-20 21:01:27,view,350,s001307
2085,2025-06-03 19:26:25,view,45,s001308
791,2024-08-21 17:03:22,wishlist,14,s001309
2139,2024-12-28 09:52:36,view,111,s001310
1023,2024-07-16 05:59:33,view,165,s001311
1020,2025-03-26 10:44:16,view,146,s001312
1739,2025-01-01 07:34:31,purchase,238,s001313
989,2025-07-08 09:19:08,add_to_cart,11,s001314
824,2025-05-19 09:19:33,view,72,s001315
2475,2024-08-12 08:54:21,view,369,s001316
692,2025-10-22 04:19:22,view,287,s001317
633,2024-11-05 14:13:14,view,194,s001318
767,2025-10-27 07:49:53,add_to_cart,173,s001319
1905,2025-07-21 09:00:16,purchase,202,s001320
1812,2024-08-14 21:29:27,view,381,s001321
746,2025-08-23 12:39:25,add_to_cart,394,s001322
1357,2025-04-17 17:04:30,view,391,s001323
1890,2025-09-18 19:09:40,add_to_cart,54,s001324
1343,2024-01-26 03:40:53,view,134,s001325
95,2025-03-29 13:43:21,remove_from_cart,182,s001326
179,2024-01-06 10:29:33,view,249,s001327
926,2024-04-07 07:29:27,view,280,s001328
2195,2024-09-25 11:18:34,view,396,s001329
523,2025-11-04 09:51:48,add_to_cart,132,s001330
487,2025-04-25 18:56:23,purchase,199,s001331
1267,2024-07-08 19:22:19,view,56,s001332
1074,2024-04-18 20:41:06,view,51,s001333
409,2025-08-04 13:14:36,add_to_cart,150,s001334
326,2025-06-07 17:52:41,view,323,s001335
1284,2024-07-20 17:57:45,view,267,s001336
406,2024-05-21 06:56:28,wishlist,69,s001337
431,2025-09-17 15:21:12,purchase,165,s001338
2465,2025-11-09 07:28:18,view,3,s001339
2335,2025-09-04 16:42:12,view,130,s001340
2204,2025-06-19 08:40:02,wishlist,305,s001341
1071,2024-01-03 20:20:35,purchase,50,s001342
135,2024-02-18 09:26:16,view,80,s001343
1704,2025-02-02 14:08:33,view,328,s001344
691,2024-05-28 11:26:11,wishlist,122,s001345
180,2024-05-07 11:34:01,add_to_cart,7,s001346
493,2024-10-25 15:00:44,view,270,s001347
2,2024-07-06 14:09:34,wishlist,171,s001348
2146,2024-09-28 08:46:41,purchase,377,s001349
634,2025-02-20 23:00:29,view,27,s001350
2222,2025-03-31 12:47:10,wishlist,33,s001351
840,2024-12-11 11:41:25,view,363,s001352
1501,2025-04-14 21:44:04,wishlist,138,s001353
2300,2024-05-08 20:43:57,view,31,s001354
550,2024-08-02 20:44:38,view,318,s001355
634,2024-06-14 09:34:49,wishlist,340,s001356
1255,2024-07-27 21:12:35,add_to_cart,299,s001357
2215,2024-12-12 09:20:22,add_to_cart,250,s001358
218,2025-07-22 20:14:15,view,313,s001359
2149,2024-10-07 20:09:57,add_to_cart,259,s001360
906,2024-09-11 09:33:52,add_to_cart,135,s001361
1781,2024-12-09 02:20:58,add_to_cart,42,s001362
1498,2024-03-09 18:37:26,view,107,s001363
2397,2024-03-21 05:50:56,add_to_cart,308,s001364
2498,2025-09-20 14:20:40,add_to_cart,153,s001365
173,2025-06-23 20:32:39,remove_from_cart,96,s001366
393,2024-07-24 09:34:05,purchase,141,s001367
2304,2025-11-23 14:10:32,view,316,s001368
2114,2024-08-20 14:37:16,view,155,s001369
181,2025-04-17 12:35:58,purchase,296,s001370
1630,2024-03-23 20:56:31,add_to_cart,178,s001371
88,2024-11-27 18:22:29,purchase,29,s001372
330,2024-08-15 09:13:48,add_to_cart,292,s001373
1319,2024-03-22 08:58:39,view,229,s001374
1409,2025-05-12 21:26:32,view,358,s001375
2242,2025-05-18 18:00:00,view,138,s001376
2303,2025-07-06 09:54:09,view,57,s001377
767,2024-12-11 23:18:50,view,151,s001378
153,2025-07-28 21:07:36,remove_from_cart,3,s001379
1611,2024-12-15 08:44:17,purchase,334,s001380
208,2024-10-21 20:30:44,view,319,s001381
653,2024-06-16 15:29:24,view,148,s001382
223,2024-07-26 10:08:42,add_to_cart,352,s001383
122,2024-12-28 20:03:02,remove_from_cart,317,s001384
1711,2025-09-27 14:40:49,add_to_cart,128,s001385
2069,2025-07-12 21:08:02,add_to_cart,8,s001386
643,2024-02-13 20:36:30,wishlist,100,s001387
1871,2025-07-05 20:27:35,purchase,128,s001388
767,2024-07-05 11:28:23,remove_from_cart,257,s001389
1422,2024-08-14 12:20:24,wishlist,72,s001390
1475,2024-10-06 13:24:17,wishlist,13,s001391
2052,2024-11-11 18:19:55,wishlist,245,s001392
1938,2024-10-11 05:11:21,view,58,s001393
1660,2025-10-13 20:15:18,view,329,s001394
2088,2024-07-10 09:40:32,view,179,s001395
1865,2025-06-03 07:44:19,view,4,s001396
1348,2024-08-30 08:12:30,view,342,s001397
2472,2025-08-07 21:33:06,add_to_cart,172,s001398
495,2024-08-08 13:55:23,add_to_cart,102,s001399
1427,2024-10-19 08:36:33,wishlist,167,s001400
783,2025-02-12 18:18:04,add_to_cart,127,s001401
1886,2024-04-28 06:00:55,view,237,s001402
1546,2024-05-27 13:52:12,view,227,s001403
1082,2025-03-22 00:37:33,view,280,s001404
636,2025-11-07 09:43:26,add_to_cart,225,s001405
1112,2025-03-13 17:40:19,purchase,241,s001406
1600,2024-08-23 16:13:45,add_to_cart,357,s001407
334,2025-03-07 06:59:33,add_to_cart,201,s001408
1882,2024-01-15 19:33:43,view,197,s001409
1200,2025-05-30 18:40:20,view,97,s001410
276,2025-07-26 17:02:40,purchase,356,s001411
1316,2024-03-05 07:26:01,view,100,s001412
2008,2025-05-18 21:51:34,purchase,154,s001413
1237,2025-10-13 16:28:27,add_to_cart,173,s001414
1534,2025-07-01 07:10:26,add_to_cart,290,s001415
931,2025-01-29 09:55:13,view,18,s001416
2131,2025-04-12 11:58:19,view,356,s001417
967,2025-01-05 09:37:45,view,392,s001418
723,2024-09-15 05:47:11,view,190,s001419
1308,2024-05-21 07:24:11,purchase,256,s001420
1906,2024-04-22 10:58:50,view,139,s001421
515,2025-01-17 08:31:44,view,264,s001422
842,2025-09-05 18:02:08,add_to_cart,52,s001423
305,2024-06-12 00:40:54,view,23,s001424
952,2025-07-26 09:43:26,view,152,s001425
1538,2025-10-12 11:17:04,remove_from_cart,107,s001426
735,2024-08-24 19:31:02,purchase,304,s001427
1355,2024-06-02 19:56:05,view,78,s001428
933,2025-06-07 07:08:41,view,180,s001429
1562,2025-11-02 09:47:50,add_to_cart,260,s001430
2196,2024-01-26 05:56:48,view,187,s001431
1007,2024-01-15 14:56:10,view,171,s001432
1309,2025-11-02 20:57:15,view,371,s001433
1662,2024-03-14 23:39:01,view,40,s001434
1498,2024-10-11 17:30:23,purchase,336,s001435
677,2024-12-12 15:02:48,view,101,s001436
2304,2024-04-22 10:22:25,view,341,s001437
1519,2024-08-03 16:09:35,view,303,s001438
860,2024-06-13 13:33:50,view,314,s001439
2296,2025-07-05 11:23:31,remove_from_cart,22,s001440
855,2024-06-25 00:39:47,wishlist,104,s001441
1664,2024-07-13 17:18:00,view,323,s001442
1868,2024-03-29 13:20:00,view,190,s001443
1605,2025-07-13 16:48:39,add_to_cart,178,s001444
160,2025-04-12 16:25:55,add_to_cart,331,s001445
546,2024-04-03 09:02:16,view,84,s001446
251,2025-06-12 05:06:55,view,205,s001447
1760,2024-07-11 20:47:54,view,289,s001448
992,2024-03-01 20:51:51,view,175,s001449
1234,2024-02-22 05:53:09,add_to_cart,368,s001450
446,2025-05-30 09:35:26,add_to_cart,69,s001451
495,2025-06-28 20:40:18,wishlist,139,s001452
1221,2024-10-23 19:09:10,view,70,s001453
92,2024-01-11 07:44:03,view,77,s001454
396,2025-08-15 16:38:10,add_to_cart,98,s001455
660,2025-03-07 10:41:37,purchase,136,s001456
2324,2024-04-18 09:14:48,view,50,s001457
1322,2025-06-09 22:26:11,add_to_cart,195,s001458
2128,2025-07-19 15:24:18,view,141,s001459
2202,2024-05-18 21:55:29,view,386,s001460
1487,2025-03-08 21:00:35,view,111,s001461
1905,2024-08-10 12:57:59,view,21,s001462
225,2024-08-19 08:07:46,wishlist,66,s001463
1733,2024-12-31 08:04:31,purchase,241,s001464
811,2024-01-17 08:20:51,add_to_cart,220,s001465
2234,2024-07-14 14:29:12,add_to_cart,293,s001466
747,2024-05-24 22:09:04,view,354,s001467
681,2024-07-07 08:10:33,wishlist,305,s001468
807,2025-04-13 07:32:59,view,268,s001469
670,2024-12-02 23:24:09,view,112,s001470
113,2024-07-26 19:58:52,wishlist,395,s001471
393,2024-03-07 08:21:59,view,143,s001472
2418,2025-11-21 11:28:43,view,80,s001473
2324,2025-02-04 09:55:44,add_to_cart,113,s001474
142,2024-12-11 08:39:44,view,144,s001475
1881,2025-10-10 21:54:21,add_to_cart,143,s001476
960,2025-01-15 13:41:37,view,107,s001477
327,2024-06-23 21:01:21,view,375,s001478
133,2024-01-13 10:35:30,view,297,s001479
1416,2024-12-20 23:22:51,wishlist,31,s001480
529,2024-10-08 19:12:00,view,116,s001481
19,2024-09-23 21:35:27,add_to_cart,287,s001482
1244,2025-01-25 12:29:18,view,258,s001483
1434,2024-03-18 07:35:15,purchase,87,s001484
1560,2024-06-08 18:24:36,view,186,s001485
571,2025-11-27 21:42:00,purchase,235,s001486
1364,2024-10-10 11:51:40,add_to_cart,67,s001487
1083,2024-06-14 07:42:03,wishlist,321,s001488
1508,2024-09-21 08:19:04,view,182,s001489
1672,2025-02-06 18:01:50,add_to_cart,229,s001490
2334,2025-04-03 19:36:25,view,136,s001491
146,2024-08-25 20:10:53,view,128,s001492
1331,2025-08-01 19:01:27,view,389,s001493
922,2025-11-27 18:18:14,view,72,s001494
241,2024-03-09 21:49:53,view,357,s001495
292,2024-04-30 20:17:12,purchase,177,s001496
177,2025-09-09 19:59:26,add_to_cart,312,s001497
124,2024-12-15 19:15:46,wishlist,317,s001498
320,2024-06-27 08:23:10,purchase,383,s001499
1646,2024-04-10 09:35:29,view,142,s001500
1796,2025-03-16 12:18:10,add_to_cart,334,s001501
954,2024-12-04 18:01:29,add_to_cart,19,s001502
163,2025-05-31 04:08:18,wishlist,375,s001503
1188,2025-02-08 12:38:40,view,269,s001504
528,2024-06-14 15:19:45,add_to_cart,54,s001505
81,2025-07-01 17:52:03,add_to_cart,14,s001506
253,2024-06-28 08:04:46,purchase,225,s001507
1202,2024-08-10 03:36:38,view,292,s001508
1697,2024-08-29 09:08:04,view,149,s001509
165,2024-04-17 19:13:04,view,344,s001510
1426,2024-08-17 09:23:46,add_to_cart,190,s001511
1867,2025-02-07 11:00:49,view,282,s001512
1466,2024-10-17 07:33:14,view,332,s001513
295,2024-01-04 17:07:17,remove_from_cart,171,s001514
1876,2025-05-07 08:21:49,view,243,s001515
1591,2025-06-23 10:07:05,wishlist,59,s001516
1780,2025-07-21 14:06:16,view,90,s001517
1515,2025-01-24 07:25:06,add_to_cart,316,s001518
1728,2024-08-11 09:44:55,view,167,s001519
1301,2025-04-10 20:02:31,view,179,s001520
305,2024-08-17 13:20:46,view,96,s001521
1255,2025-05-21 19:19:59,view,165,s001522
2120,2025-01-02 03:39:27,add_to_cart,224,s001523
526,2025-09-05 09:15:26,view,163,s001524
62,2025-12-09 18:15:50,view,299,s001525
2420,2024-02-28 19:17:49,view,51,s001526
2438,2024-03-16 07:53:46,wishlist,313,s001527
1851,2025-05-14 20:08:42,remove_from_cart,363,s001528
757,2024-09-25 21:19:46,view,265,s001529
2422,2025-06-24 20:16:40,view,132,s001530
1355,2024-04-25 12:41:11,view,23,s001531
2182,2025-06-18 17:25:53,view,364,s001532
1141,2024-04-28 07:21:04,wishlist,281,s001533
701,2024-11-08 07:56:29,view,290,s001534
1111,2025-11-24 12:30:31,add_to_cart,97,s001535
957,2024-01-28 14:04:00,view,340,s001536
2092,2024-10-29 09:03:32,add_to_cart,354,s001537
914,2024-05-01 19:55:56,view,325,s001538
398,2025-07-27 08:35:11,add_to_cart,182,s001539
1771,2024-12-13 19:41:10,view,198,s001540
1828,2025-06-18 22:46:07,add_to_cart,78,s001541
1563,2025-01-25 12:56:43,add_to_cart,330,s001542
1715,2024-10-12 07:05:54,wishlist,301,s001543
2272,2024-07-30 09:01:47,add_to_cart,139,s001544
1956,2024-11-06 09:26:01,purchase,201,s001545
1710,2024-07-29 08:52:37,add_to_cart,118,s001546
1420,2025-10-20 19:41:31,view,23,s001547
1395,2025-04-28 18:41:02,view,182,s001548
200,2025-01-08 16:02:26,add_to_cart,348,s001549
766,2025-03-15 19:48:32,purchase,185,s001550
1440,2024-09-22 22:19:51,view,190,s001551
2351,2025-04-09 06:08:16,view,384,s001552
270,2024-04-11 01:11:38,add_to_cart,201,s001553
2394,2025-01-08 13:05:37,view,313,s001554
2068,2024-05-25 21:39:56,add_to_cart,57,s001555
1692,2025-03-14 18:15:08,purchase,253,s001556
384,2025-05-25 17:44:05,wishlist,231,s001557
1959,2025-01-05 11:44:42,purchase,223,s001558
1144,2024-06-28 10:55:12,purchase,97,s001559
431,2024-11-26 11:42:55,view,171,s001560
727,2025-10-30 19:15:52,add_to_cart,318,s001561
147,2025-10-23 05:27:31,view,102,s001562
1759,2025-05-29 21:30:23,wishlist,227,s001563
1332,2025-08-31 09:42:44,wishlist,39,s001564
2023,2024-04-06 22:31:00,add_to_cart,146,s001565
700,2025-01-09 04:52:45,view,30,s001566
2018,2025-08-15 00:00:15,add_to_cart,277,s001567
23,2024-01-08 09:58:06,purchase,258,s001568
1659,2024-10-24 18:36:29,view,5,s001569
2131,2024-04-17 11:56:25,view,274,s001570
2305,2024-02-17 12:19:17,wishlist,10,s001571
197,2025-11-28 17:47:42,remove_from_cart,144,s001572
1633,2024-08-10 22:09:08,remove_from_cart,368,s001573
1910,2024-05-13 13:27:06,view,354,s001574
1101,2025-05-10 21:02:10,remove_from_cart,400,s001575
80,2025-01-18 16:19:54,purchase,382,s001576
1457,2024-08-24 08:05:45,add_to_cart,370,s001577
1299,2024-02-13 20:57:16,wishlist,197,s001578
2360,2024-11-30 19:28:17,view,112,s001579
2485,2024-04-21 08:34:18,add_to_cart,33,s001580
1682,2024-09-07 10:16:14,purchase,44,s001581
920,2025-02-03 13:14:24,purchase,343,s001582
152,2024-06-10 05:21:28,view,318,s001583
1917,2025-03-24 11:13:06,add_to_cart,309,s001584
893,2025-10-24 19:01:00,view,335,s001585
2432,2024-07-15 16:50:21,view,85,s001586
831,2025-08-09 22:05:20,view,152,s001587
654,2025-09-11 12:25:47,view,58,s001588
2143,2025-02-21 06:24:57,view,312,s001589
1300,2024-08-06 13:43:10,remove_from_cart,259,s001590
531,2025-03-21 12:35:08,purchase,377,s001591
896,2024-10-14 09:40:58,view,286,s001592
1232,2024-06-30 11:44:14,wishlist,370,s001593
2255,2025-01-21 21:12:47,view,205,s001594
1598,2025-04-15 15:16:18,add_to_cart,309,s001595
1603,2024-02-25 19:50:21,wishlist,23,s001596
751,2024-04-18 21:55:04,view,352,s001597
825,2025-06-05 13:38:51,wishlist,12,s001598
174,2024-07-18 19:33:27,wishlist,150,s001599
311,2024-07-06 19:40:51,view,184,s001600
978,2024-03-14 06:38:33,view,142,s001601
1031,2025-07-22 06:13:12,purchase,178,s001602
2295,2025-02-23 18:48:57,remove_from_cart,267,s001603
593,2025-06-30 20:19:14,add_to_cart,180,s001604
545,2024-08-23 17:52:43,view,24,s001605
228,2025-07-05 13:55:21,view,227,s001606
142,2025-02-26 22:20:30,purchase,398,s001607
1572,2024-07-16 09:54:28,view,366,s001608
1594,2025-07-30 23:30:17,view,35,s001609
1460,2025-09-14 20:47:14,view,392,s001610
1295,2025-04-22 05:17:32,wishlist,224,s001611
641,2024-12-04 09:19:34,view,359,s001612
1818,2024-04-30 13:23:47,view,271,s001613
832,2025-07-13 06:55:58,view,31,s001614
328,2025-12-07 20:38:24,view,253,s001615
247,2024-03-06 17:20:26,add_to_cart,32,s001616
829,2025-07-27 18:58:27,purchase,347,s001617
1828,2024-04-14 20:35:30,view,267,s001618
1567,2024-04-27 08:19:30,purchase,169,s001619
1160,2025-09-16 08:17:42,wishlist,177,s001620
524,2024-08-18 08:52:22,purchase,273,s001621
1768,2025-10-01 09:42:24,view,176,s001622
1592,2024-02-07 20:21:43,purchase,92,s001623
57,2024-12-31 17:32:48,wishlist,120,s001624
2345,2024-11-09 11:22:21,view,127,s001625
1223,2025-04-19 08:03:54,add_to_cart,322,s001626
1795,2024-08-21 21:31:55,view,18,s001627
2066,2024-12-23 18:49:45,wishlist,363,s001628
46,2024-03-24 19:29:24,purchase,35,s001629
2485,2025-02-03 05:54:15,add_to_cart,85,s001630
1357,2024-09-26 21:28:04,wishlist,371,s001631
1447,2024-10-02 09:41:41,purchase,394,s001632
921,2024-12-04 17:44:42,view,13,s001633
984,2024-08-10 10:54:11,purchase,282,s001634
249,2025-01-07 23:16:52,wishlist,80,s001635
31,2025-01-13 15:24:44,remove_from_cart,155,s001636
2286,2025-09-22 16:28:25,view,326,s001637
1045,2025-08-24 08:28:51,view,337,s001638
457,2025-11-13 13:30:50,wishlist,180,s001639
349,2025-11-06 07:56:25,view,175,s001640
2003,2025-08-18 14:05:15,purchase,109,s001641
2029,2025-05-22 02:40:13,wishlist,102,s001642
2332,2025-08-22 12:26:55,purchase,354,s001643
493,2025-02-04 19:42:25,add_to_cart,218,s001644
2235,2024-12-15 18:27:30,wishlist,268,s001645
1611,2025-07-17 06:08:11,view,89,s001646
2333,2025-05-04 08:31:25,add_to_cart,323,s001647
2262,2025-02-02 23:29:06,view,217,s001648
1816,2024-11-06 15:36:22,view,48,s001649
578,2024-09-05 11:11:12,wishlist,171,s001650
620,2024-01-19 23:01:50,add_to_cart,306,s001651
1198,2024-09-18 20:15:16,view,389,s001652
527,2024-11-28 21:48:06,wishlist,147,s001653
1417,2025-04-23 08:11:04,add_to_cart,162,s001654
2318,2025-06-04 06:38:00,view,171,s001655
107,2024-06-01 18:42:38,view,223,s001656
480,2025-02-03 20:57:55,view,108,s001657
999,2025-12-13 12:18:10,view,284,s001658
34,2025-11-01 09:44:58,purchase,115,s001659
717,2024-09-30 07:21:19,remove_from_cart,376,s001660
1848,2024-05-07 17:18:37,add_to_cart,168,s001661
2480,2025-06-17 20:48:28,view,184,s001662
953,2024-01-08 14:23:27,add_to_cart,49,s001663
516,2024-11-11 08:04:57,view,190,s001664
887,2025-01-10 11:58:55,view,169,s001665
1623,2024-01-05 15:51:14,view,242,s001666
1776,2024-08-09 21:19:42,view,121,s001667
1268,2024-03-08 07:42:25,wishlist,297,s001668
795,2024-09-20 12:28:48,view,385,s001669
572,2024-06-30 20:50:01,view,325,s001670
2378,2025-10-19 18:08:48,view,151,s001671
717,2025-03-09 22:41:48,purchase,137,s001672
1398,2024-01-24 18:34:57,view,26,s001673
2359,2024-07-15 15:08:55,view,297,s001674
567,2024-12-07 08:37:39,add_to_cart,10,s001675
2407,2024-02-01 17:53:58,view,388,s001676
1512,2025-05-11 22:43:23,add_to_cart,2,s001677
1221,2024-06-29 06:35:48,view,251,s001678
1591,2025-03-22 09:19:46,wishlist,263,s001679
127,2025-11-24 10:44:17,wishlist,4,s001680
2134,2025-08-10 19:12:07,purchase,9,s001681
1124,2025-09-08 12:58:22,view,109,s001682
803,2025-10-24 21:07:58,wishlist,96,s001683
1090,2025-12-13 18:41:41,add_to_cart,295,s001684
2368,2025-03-27 14:47:06,add_to_cart,42,s001685
194,2024-12-16 09:18:04,view,309,s001686
1706,2024-12-04 17:01:58,purchase,163,s001687
1510,2025-09-16 18:50:25,view,294,s001688
2335,2025-06-19 23:26:52,add_to_cart,14,s001689
440,2025-07-30 21:52:42,view,388,s001690
1706,2024-01-28 10:38:19,view,10,s001691
802,2024-01-21 18:13:08,view,336,s001692
2390,2025-09-30 07:12:21,view,212,s001693
119,2024-04-19 20:22:27,purchase,184,s001694
1263,2025-06-09 16:47:54,add_to_cart,347,s001695
2210,2025-09-13 10:38:31,view,9,s001696
1687,2024-04-03 19:20:22,wishlist,142,s001697
399,2024-10-26 19:10:45,view,350,s001698
1364,2025-08-26 13:50:43,wishlist,392,s001699
1185,2024-02-10 18:13:23,view,52,s001700
403,2025-03-31 15:49:37,view,321,s001701
1624,2024-02-14 13:01:39,wishlist,394,s001702
1476,2024-03-10 15:53:21,add_to_cart,80,s001703
1552,2025-01-23 04:44:12,add_to_cart,272,s001704
592,2025-12-03 23:32:43,add_to_cart,303,s001705
2405,2024-05-18 21:34:53,add_to_cart,74,s001706
1983,2025-03-14 18:52:34,view,264,s001707
1959,2024-01-12 14:48:05,view,13,s001708
1509,2025-08-20 12:41:44,view,283,s001709
1454,2025-08-28 13:33:29,wishlist,106,s001710
319,2024-08-13 02:37:22,remove_from_cart,97,s001711
482,2025-05-21 05:04:35,view,141,s001712
1583,2025-10-08 03:02:17,add_to_cart,39,s001713
1466,2025-02-23 07:54:49,wishlist,156,s001714
554,2025-11-05 09:59:06,view,350,s001715
2387,2025-01-03 08:20:56,view,146,s001716
2344,2025-11-02 20:27:05,view,198,s001717
415,2024-10-14 19:44:49,purchase,80,s001718
2311,2025-08-21 05:53:03,add_to_cart,278,s001719
530,2025-04-23 17:06:31,purchase,63,s001720
449,2024-02-16 21:32:14,view,57,s001721
155,2025-08-12 10:48:08,wishlist,307,s001722
1685,2024-12-24 11:50:26,wishlist,40,s001723
2309,2025-06-04 21:54:40,view,153,s001724
316,2024-02-29 08:44:01,view,33,s001725
1863,2024-11-12 10:23:40,wishlist,297,s001726
1904,2024-07-15 16:41:51,wishlist,126,s001727
788,2024-05-21 07:15:19,view,199,s001728
696,2024-12-26 02:31:16,add_to_cart,90,s001729
229,2024-05-03 15:55:46,add_to_cart,161,s001730
56,2025-06-17 11:39:48,wishlist,176,s001731
1108,2025-08-21 06:34:14,view,83,s001732
1358,2024-01-03 06:44:32,view,229,s001733
1913,2024-07-14 08:03:53,wishlist,147,s001734
2388,2024-09-07 21:47:29,wishlist,41,s001735
2346,2024-08-31 19:05:23,view,261,s001736
374,2025-02-09 11:50:23,view,283,s001737
1738,2025-05-12 10:08:06,view,132,s001738
526,2025-02-08 09:33:30,wishlist,283,s001739
703,2024-11-26 18:01:57,view,291,s001740
312,2024-03-24 23:24:20,purchase,330,s001741
1000,2024-03-05 03:40:21,purchase,369,s001742
2113,2025-06-04 23:06:18,view,386,s001743
1556,2024-05-12 09:13:03,wishlist,71,s001744
1150,2025-02-26 01:07:13,view,34,s001745
1738,2025-11-20 08:18:15,view,155,s001746
1959,2025-07-01 19:54:23,view,258,s001747
566,2025-07-17 14:30:01,wishlist,379,s001748
520,2024-06-04 10:29:25,add_to_cart,219,s001749
1938,2024-09-24 22:59:28,remove_from_cart,314,s001750
1440,2024-02-28 13:49:19,view,207,s001751
868,2025-06-01 13:27:50,view,179,s001752
1558,2024-06-25 13:25:12,view,232,s001753
1683,2025-08-20 04:07:58,view,260,s001754
1158,2025-04-03 18:49:22,add_to_cart,256,s001755
525,2025-10-05 08:53:50,purchase,24,s001756
34,2024-05-16 07:44:23,wishlist,375,s001757
916,2025-06-23 21:13:48,add_to_cart,121,s001758
1248,2024-04-04 12:04:27,wishlist,119,s001759
1932,2024-02-08 21:26:37,view,158,s001760
1998,2025-05-19 23:51:45,add_to_cart,59,s001761
279,2024-05-07 14:57:29,view,57,s001762
2388,2024-04-10 14:20:41,view,31,s001763
2113,2024-08-13 12:08:13,view,206,s001764
729,2024-06-10 10:32:34,remove_from_cart,371,s001765
1170,2024-05-14 17:13:28,view,365,s001766
1152,2025-09-22 15:55:01,add_to_cart,237,s001767
95,2024-05-06 13:04:04,wishlist,183,s001768
2039,2024-07-29 10:03:03,view,271,s001769
1997,2025-05-13 17:10:17,view,134,s001770
947,2024-07-07 09:24:27,wishlist,227,s001771
1174,2024-12-15 12:47:29,view,159,s001772
2206,2025-02-17 06:10:47,view,269,s001773
1805,2024-09-06 20:29:18,add_to_cart,331,s001774
1795,2025-04-03 11:08:29,wishlist,266,s001775
993,2024-11-17 07:33:53,purchase,329,s001776
2130,2025-03-26 15:54:18,view,54,s001777
875,2025-08-16 20:40:22,view,172,s001778
1795,2024-01-27 20:46:29,add_to_cart,306,s001779
250,2025-08-18 18:53:19,add_to_cart,244,s001780
1529,2024-10-02 02:01:04,view,173,s001781
426,2025-01-19 07:30:11,wishlist,398,s001782
2408,2024-05-30 08:40:35,view,90,s001783
1835,2025-05-16 05:23:21,purchase,354,s001784
666,2024-09-04 07:30:18,add_to_cart,168,s001785
1455,2025-08-01 21:25:19,wishlist,221,s001786
1105,2025-07-22 08:47:08,purchase,111,s001787
97,2024-05-28 09:00:26,view,95,s001788
2339,2025-05-14 08:21:10,remove_from_cart,208,s001789
438,2024-12-25 13:03:39,view,371,s001790
950,2025-08-15 03:36:15,wishlist,225,s001791
481,2025-07-21 11:53:39,view,377,s001792
735,2024-03-05 00:46:22,view,31,s001793
2328,2025-07-06 07:46:49,wishlist,199,s001794
2216,2024-07-03 18:08:13,view,267,s001795
2378,2024-11-29 21:01:51,view,136,s001796
699,2024-01-23 11:25:47,view,17,s001797
240,2024-03-23 22:06:53,view,211,s001798
1910,2025-04-15 11:37:50,view,162,s001799
2362,2024-05-13 15:22:14,view,209,s001800
1109,2024-04-09 09:11:11,view,348,s001801
192,2025-02-22 20:02:59,view,147,s001802
690,2024-09-22 14:39:59,wishlist,85,s001803
1362,2024-09-26 19:31:59,view,260,s001804
2215,2025-02-24 06:49:25,wishlist,373,s001805
1930,2024-01-25 13:13:57,add_to_cart,342,s001806
2114,2025-05-15 05:13:02,add_to_cart,30,s001807
706,2025-03-25 08:13:33,view,352,s001808
674,2025-09-12 14:02:17,view,76,s001809
2148,2024-01-06 09:11:16,view,16,s001810
2497,2024-10-27 12:17:54,view,205,s001811
694,2024-08-26 19:23:20,add_to_cart,215,s001812
532,2025-04-07 08:37:36,view,240,s001813
542,2024-03-12 10:24:04,purchase,62,s001814
143,2025-10-13 11:03:09,wishlist,160,s001815
1751,2024-08-06 18:23:16,view,339,s001816
2405,2024-11-29 20:12:31,view,384,s001817
136,2024-05-12 13:59:56,view,86,s001818
44,2024-01-16 20:53:10,view,106,s001819
1848,2025-07-31 09:42:17,purchase,96,s001820
1628,2024-11-21 20:56:22,wishlist,5,s001821
349,2025-02-15 21:20:48,view,300,s001822
964,2024-11-06 19:31:38,view,91,s001823
473,2024-10-12 16:07:11,view,40,s001824
702,2025-08-18 20:37:04,view,349,s001825
1193,2024-06-29 08:54:38,view,72,s001826
1427,2024-09-23 06:28:21,purchase,127,s001827
1960,2024-08-29 12:43:31,view,200,s001828
1059,2025-04-29 21:33:55,wishlist,187,s001829
1786,2024-08-02 17:13:15,wishlist,222,s001830
1158,2025-11-24 19:51:12,view,25,s001831
894,2025-09-18 07:53:40,add_to_cart,201,s001832
1594,2025-06-28 12:33:01,add_to_cart,213,s001833
91,2025-10-05 13:15:03,view,247,s001834
764,2024-12-27 11:39:12,remove_from_cart,74,s001835
65,2024-10-27 00:09:35,view,144,s001836
910,2025-07-06 10:43:07,view,232,s001837
1935,2025-11-12 08:52:36,view,148,s001838
719,2024-10-13 12:46:45,add_to_cart,324,s001839
1141,2024-01-21 08:52:26,purchase,293,s001840
516,2024-12-31 19:15:25,purchase,313,s001841
2093,2025-10-20 10:43:30,view,110,s001842
2110,2025-09-25 18:22:39,add_to_cart,44,s001843
1706,2025-11-20 02:51:32,purchase,39,s001844
127,2025-11-04 19:16:01,add_to_cart,308,s001845
947,2024-05-21 13:17:49,view,202,s001846
521,2025-11-25 17:08:24,view,96,s001847
549,2025-06-20 19:11:11,wishlist,354,s001848
418,2024-04-02 09:20:03,purchase,162,s001849
1608,2024-08-25 09:55:11,add_to_cart,317,s001850
1813,2025-11-16 07:42:25,view,130,s001851
281,2025-11-23 12:49:18,purchase,217,s001852
1332,2024-08-08 17:27:52,remove_from_cart,55,s001853
1397,2025-06-30 08:36:25,view,238,s001854
1249,2025-07-26 19:32:05,view,246,s001855
552,2024-11-23 08:47:36,view,338,s001856
358,2024-04-28 12:59:23,wishlist,276,s001857
1683,2024-01-01 19:54:32,view,112,s001858
260,2024-04-15 19:26:41,wishlist,194,s001859
1455,2025-09-22 19:04:38,view,318,s001860
1690,2024-08-03 06:11:08,view,300,s001861
1126,2024-02-27 17:51:22,remove_from_cart,157,s001862
1186,2024-06-17 00:17:12,wishlist,121,s001863
1032,2024-05-25 07:26:09,view,80,s001864
491,2024-03-05 20:45:57,view,255,s001865
742,2024-06-23 08:19:08,wishlist,75,s001866
442,2025-05-03 20:12:32,view,367,s001867
2361,2025-08-26 09:13:06,view,15,s001868
414,2024-09-24 17:23:34,view,17,s001869
2292,2024-12-06 19:15:10,view,168,s001870
100,2024-09-03 19:20:05,wishlist,153,s001871
1302,2024-12-02 08:43:45,view,333,s001872
923,2025-05-05 22:38:43,wishlist,34,s001873
265,2025-05-13 20:48:22,view,195,s001874
349,2025-10-13 09:13:15,wishlist,360,s001875
2073,2025-04-22 07:51:26,add_to_cart,86,s001876
577,2025-08-16 04:59:34,view,353,s001877
2425,2025-05-19 20:44:02,view,372,s001878
2099,2025-06-28 07:35:26,add_to_cart,156,s001879
410,2024-03-09 18:05:27,purchase,388,s001880
1513,2024-04-01 08:58:19,view,151,s001881
1714,2025-06-28 09:33:27,view,174,s001882
914,2024-04-05 10:24:05,view,213,s001883
1759,2025-07-06 09:28:43,view,6,s001884
971,2025-10-03 07:44:16,view,196,s001885
1711,2025-08-08 21:15:51,view,311,s001886
443,2025-06-05 20:38:19,wishlist,233,s001887
1589,2024-10-30 08:38:27,view,319,s001888
577,2024-10-08 16:10:39,view,27,s001889
434,2024-02-21 13:59:56,add_to_cart,331,s001890
1285,2024-12-14 17:44:16,view,381,s001891
1059,2025-06-12 21:38:52,view,8,s001892
1490,2025-02-22 07:21:20,purchase,177,s001893
1067,2024-06-07 13:18:45,view,201,s001894
1114,2025-03-10 21:08:54,view,26,s001895
1378,2025-07-02 12:37:40,view,145,s001896
1206,2024-09-20 11:42:48,view,46,s001897
1445,2024-08-30 19:03:13,add_to_cart,201,s001898
1320,2025-08-10 16:12:07,wishlist,83,s001899
609,2025-03-11 12:32:13,wishlist,317,s001900
1265,2025-06-20 16:43:42,view,104,s001901
2372,2025-10-15 13:49:29,view,56,s001902
2099,2025-04-05 12:51:42,add_to_cart,186,s001903
581,2024-04-08 19:17:14,view,172,s001904
1668,2024-05-14 08:31:06,view,101,s001905
475,2024-05-30 08:40:21,add_to_cart,224,s001906
1364,2024-11-06 17:59:23,purchase,178,s001907
1741,2024-08-30 18:32:49,add_to_cart,341,s001908
2486,2025-04-11 09:51:03,add_to_cart,135,s001909
1892,2024-10-30 10:44:40,view,361,s001910
1830,2024-07-22 20:39:19,wishlist,298,s001911
349,2024-10-03 19:16:10,wishlist,160,s001912
1460,2025-08-09 21:55:02,add_to_cart,130,s001913
1895,2024-01-25 21:35:23,view,200,s001914
136,2025-11-15 20:10:47,add_to_cart,159,s001915
1987,2024-10-28 23:50:01,view,326,s001916
1031,2024-04-26 22:51:52,view,237,s001917
1855,2025-05-02 17:38:31,view,338,s001918
2,2025-08-18 19:22:49,purchase,299,s001919
404,2024-11-27 02:10:52,purchase,319,s001920
936,2024-02-29 12:23:46,view,144,s001921
485,2025-05-04 15:32:09,add_to_cart,365,s001922
570,2024-03-13 20:05:48,remove_from_cart,27,s001923
117,2025-09-07 19:02:04,purchase,3,s001924
384,2025-07-27 21:53:54,view,156,s001925
2344,2024-01-09 23:20:08,view,29,s001926
2065,2024-08-15 02:39:58,view,97,s001927
1967,2025-02-14 10:59:34,view,360,s001928
559,2024-10-01 08:15:49,wishlist,196,s001929
2286,2024-11-20 21:55:26,view,279,s001930
2338,2024-12-13 10:12:50,view,22,s001931
565,2025-11-16 05:27:50,view,151,s001932
1044,2024-10-13 09:37:02,view,339,s001933
2319,2025-07-04 10:59:07,wishlist,125,s001934
1983,2024-08-04 23:13:18,remove_from_cart,379,s001935
958,2024-07-03 04:48:45,purchase,385,s001936
1860,2025-03-28 20:53:06,add_to_cart,57,s001937
2177,2025-03-06 11:01:56,view,82,s001938
772,2025-07-26 09:33:59,view,292,s001939
2135,2024-11-17 18:52:01,add_to_cart,59,s001940
249,2024-09-23 09:34:35,view,79,s001941
1635,2024-12-04 21:49:43,view,296,s001942
1458,2024-08-27 10:50:22,view,231,s001943
1108,2025-01-17 06:41:43,view,338,s001944
1196,2024-09-17 08:25:15,add_to_cart,400,s001945
2317,2025-07-14 10:01:42,view,360,s001946
2058,2025-12-01 18:03:14,view,360,s001947
1414,2025-01-14 10:38:02,add_to_cart,319,s001948
97,2024-09-30 19:49:30,view,336,s001949
1542,2025-04-26 11:36:40,purchase,316,s001950
368,2024-04-17 19:14:14,view,13,s001951
2129,2024-08-28 22:20:52,view,95,s001952
1211,2025-10-29 21:44:19,add_to_cart,277,s001953
1603,2025-02-25 19:15:35,view,267,s001954
1414,2024-05-21 08:04:00,remove_from_cart,371,s001955
459,2025-08-03 21:59:51,add_to_cart,325,s001956
1271,2025-06-03 16:19:31,add_to_cart,156,s001957
17,2024-11-20 11:51:46,purchase,229,s001958
2251,2024-02-04 09:08:10,view,239,s001959
1852,2024-07-20 18:08:22,purchase,234,s001960
2446,2024-03-27 06:13:11,view,272,s001961
1124,2024-12-15 09:31:08,add_to_cart,55,s001962
277,2024-09-19 21:56:38,view,29,s001963
2439,2025-09-26 13:22:56,wishlist,175,s001964
638,2025-05-05 05:03:31,purchase,221,s001965
1747,2024-06-29 18:13:13,remove_from_cart,395,s001966
741,2024-08-28 13:27:27,purchase,82,s001967
714,2024-07-30 14:26:10,view,61,s001968
852,2025-08-07 17:45:22,add_to_cart,110,s001969
1506,2025-01-22 12:04:37,wishlist,204,s001970
2450,2024-05-07 17:37:57,purchase,372,s001971
1245,2024-09-11 10:23:58,view,153,s001972
1799,2024-01-13 20:48:35,wishlist,219,s001973
719,2024-08-19 22:49:32,view,179,s001974
1755,2025-03-30 13:37:22,wishlist,160,s001975
1325,2025-03-01 19:20:07,add_to_cart,347,s001976
1497,2024-09-12 17:49:37,view,27,s001977
1148,2024-01-27 12:41:00,view,173,s001978
563,2025-06-11 13:19:55,view,170,s001979
1075,2024-06-26 15:22:02,purchase,194,s001980
2235,2024-03-01 10:25:26,purchase,25,s001981
1597,2024-03-08 20:53:11,add_to_cart,113,s001982
130,2025-06-02 12:48:29,view,367,s001983
667,2025-03-27 08:21:11,view,15,s001984
919,2024-11-03 17:43:46,view,288,s001985
1566,2024-07-15 11:20:46,view,69,s001986
1203,2025-11-24 17:30:40,view,262,s001987
400,2025-05-06 22:17:23,purchase,68,s001988
2296,2024-06-23 23:20:14,wishlist,307,s001989
930,2025-08-12 18:36:38,add_to_cart,170,s001990
2470,2025-08-19 19:27:37,view,350,s001991
1427,2025-06-07 18:21:09,view,391,s001992
1940,2025-01-08 06:00:36,remove_from_cart,334,s001993
270,2024-11-23 19:48:36,view,281,s001994
260,2024-02-24 21:27:15,view,63,s001995
105,2024-09-23 19:59:55,view,290,s001996
12,2024-04-14 19:38:48,view,145,s001997
418,2025-11-28 21:17:03,view,317,s001998
1484,2025-03-31 20:13:16,wishlist,316,s001999
1192,2025-09-21 10:05:01,remove_from_cart,184,s002000
668,2024-09-29 21:52:05,wishlist,9,s002001
766,2025-11-30 22:20:17,add_to_cart,280,s002002
1906,2024-02-26 10:02:45,view,281,s002003
490,2025-10-24 07:03:36,view,172,s002004
1515,2025-06-18 23:53:54,view,230,s002005
2373,2024-10-28 03:54:43,view,195,s002006
1736,2024-01-16 08:23:52,view,301,s002007
2220,2025-11-09 17:24:54,add_to_cart,135,s002008
1475,2024-07-02 16:10:31,view,302,s002009
253,2025-04-11 18:08:56,view,355,s002010
2454,2025-09-22 11:36:43,add_to_cart,337,s002011
1032,2025-08-20 21:54:33,add_to_cart,307,s002012
2038,2024-11-05 01:45:14,view,218,s002013
316,2024-03-24 21:48:55,view,337,s002014
2402,2024-05-16 17:21:49,view,363,s002015
1069,2024-07-05 08:22:59,add_to_cart,308,s002016
1734,2024-08-04 11:55:32,remove_from_cart,103,s002017
1101,2025-01-02 09:34:47,view,304,s002018
2166,2025-09-01 07:33:05,add_to_cart,255,s002019
359,2024-06-23 09:30:39,view,62,s002020
655,2025-07-24 09:10:17,view,107,s002021
1812,2024-09-24 21:48:06,view,7,s002022
2062,2024-12-03 12:15:47,add_to_cart,249,s002023
168,2025-06-27 08:11:11,purchase,263,s002024
2079,2024-11-07 05:18:33,view,73,s002025
980,2025-06-17 14:49:56,purchase,163,s002026
402,2025-07-09 17:30:07,purchase,213,s002027
141,2024-07-16 18:21:39,add_to_cart,149,s002028
61,2025-04-24 18:32:18,view,361,s002029
1127,2025-03-07 04:07:34,purchase,392,s002030
915,2025-10-11 09:31:43,view,321,s002031
1055,2025-04-29 21:03:53,view,18,s002032
1938,2024-07-13 19:40:05,view,294,s002033
914,2024-10-17 15:14:26,add_to_cart,126,s002034
665,2024-01-14 21:54:09,add_to_cart,25,s002035
1993,2024-10-22 11:18:25,view,316,s002036
379,2024-04-02 00:03:26,view,198,s002037
2106,2024-07-09 20:17:00,view,71,s002038
1547,2025-03-03 18:21:42,purchase,222,s002039
1593,2025-11-27 07:48:44,view,79,s002040
1363,2024-08-15 07:15:17,view,23,s002041
2482,2024-06-07 19:56:52,add_to_cart,194,s002042
111,2024-01-13 17:53:52,add_to_cart,303,s002043
2084,2024-08-19 09:17:42,wishlist,300,s002044
2392,2024-02-15 13:22:18,view,143,s002045
601,2024-07-24 05:31:16,purchase,338,s002046
1256,2025-05-23 13:23:26,view,65,s002047
1054,2025-08-13 09:24:20,view,301,s002048
1162,2025-02-23 13:51:23,view,155,s002049
2117,2025-03-29 19:10:20,view,35,s002050
2096,2024-08-22 18:25:19,view,388,s002051
71,2024-10-04 21:16:15,wishlist,287,s002052
1949,2025-10-25 06:38:06,view,286,s002053
1790,2024-01-09 22:21:16,add_to_cart,360,s002054
880,2024-08-31 21:08:47,purchase,250,s002055
1808,2024-09-04 11:53:09,view,378,s002056
474,2024-11-13 22:50:00,remove_from_cart,85,s002057
2159,2024-11-25 20:11:18,view,347,s002058
740,2025-06-14 21:58:09,view,118,s002059
1219,2024-05-30 10:52:30,view,36,s002060
213,2025-05-13 09:58:59,add_to_cart,220,s002061
2276,2025-04-25 08:23:10,view,251,s002062
3,2024-07-01 16:40:29,view,272,s002063
2237,2024-01-24 22:10:05,add_to_cart,92,s002064
1152,2025-08-31 21:46:03,add_to_cart,395,s002065
1420,2025-11-21 19:37:33,wishlist,392,s002066
383,2025-03-26 07:38:39,view,271,s002067
2300,2025-02-04 21:35:15,view,62,s002068
9,2024-09-03 08:58:37,purchase,211,s002069
1308,2024-05-28 10:12:18,add_to_cart,174,s002070
1859,2025-12-04 17:08:40,view,365,s002071
207,2024-09-20 09:18:09,view,290,s002072
803,2024-07-27 20:02:55,view,321,s002073
332,2024-08-13 20:14:07,view,349,s002074
908,2025-04-26 09:42:33,add_to_cart,69,s002075
2040,2024-01-22 10:30:32,view,392,s002076
2347,2025-03-22 15:57:08,view,378,s002077
685,2024-04-29 20:37:27,wishlist,188,s002078
320,2024-09-08 21:36:32,purchase,26,s002079
734,2024-11-04 23:18:41,add_to_cart,242,s002080
723,2025-12-12 17:40:52,view,20,s002081
588,2024-01-17 06:49:36,view,277,s002082
2076,2025-11-25 12:22:54,wishlist,296,s002083
437,2025-02-01 12:18:01,purchase,274,s002084
1912,2024-12-16 07:55:08,view,225,s002085
1594,2024-06-16 14:05:01,wishlist,71,s002086
80,2025-10-19 13:34:22,view,111,s002087
1279,2024-04-04 22:30:41,view,123,s002088
1107,2025-03-09 20:05:47,remove_from_cart,231,s002089
1104,2025-08-29 21:14:55,view,188,s002090
723,2024-03-10 20:34:10,view,55,s002091
794,2024-06-04 10:07:05,view,243,s002092
2136,2025-12-09 08:48:46,view,17,s002093
632,2025-02-11 13:23:02,view,195,s002094
1862,2024-05-07 19:11:43,view,345,s002095
625,2024-04-23 09:56:51,view,295,s002096
1142,2025-07-09 20:27:38,view,254,s002097
1518,2025-06-08 22:03:13,view,182,s002098
923,2024-10-13 21:56:18,view,182,s002099
836,2024-10-18 23:27:27,view,226,s002100
1573,2025-06-20 08:58:44,view,382,s002101
303,2024-10-25 13:00:17,purchase,253,s002102
1374,2025-03-03 10:48:10,remove_from_cart,86,s002103
1475,2024-08-16 09:09:23,view,306,s002104
1843,2024-09-16 09:30:05,add_to_cart,273,s002105
1631,2024-03-16 09:54:48,purchase,21,s002106
1990,2025-09-23 12:07:22,view,114,s002107
1406,2025-11-16 17:23:11,wishlist,121,s002108
393,2025-06-27 19:43:20,view,396,s002109
752,2024-08-14 11:43:47,view,131,s002110
1906,2025-01-17 05:33:26,purchase,313,s002111
110,2024-10-07 09:33:45,purchase,272,s002112
1443,2025-09-05 22:27:16,view,258,s002113
2302,2024-12-19 18:36:36,purchase,230,s002114
1979,2024-11-27 19:59:10,add_to_cart,134,s002115
237,2025-08-12 10:24:33,view,375,s002116
1956,2024-11-16 09:31:56,add_to_cart,168,s002117
1343,2025-10-21 21:28:33,wishlist,32,s002118
1766,2024-05-06 20:14:03,purchase,247,s002119
439,2024-07-24 16:25:28,add_to_cart,171,s002120
2439,2025-01-15 07:57:38,wishlist,134,s002121
651,2024-08-26 06:45:41,add_to_cart,146,s002122
2431,2024-11-27 08:28:57,view,80,s002123
35,2024-05-03 20:50:23,wishlist,371,s002124
1580,2025-10-09 20:35:54,view,98,s002125
1854,2024-09-30 20:02:36,remove_from_cart,29,s002126
1542,2025-04-11 18:04:18,view,40,s002127
1669,2025-11-26 07:30:10,remove_from_cart,141,s002128
1184,2024-10-19 09:31:20,add_to_cart,37,s002129
59,2025-03-30 19:09:45,purchase,199,s002130
2148,2025-03-17 06:05:29,view,303,s002131
777,2024-04-08 22:31:01,add_to_cart,18,s002132
416,2025-03-18 20:37:03,add_to_cart,271,s002133
1951,2025-12-14 09:40:06,wishlist,358,s002134
2340,2025-03-04 18:31:19,view,74,s002135
194,2025-06-06 22:40:38,wishlist,44,s002136
1813,2025-11-06 00:44:29,view,241,s002137
2104,2024-08-20 18:44:50,view,111,s002138
293,2024-06-27 07:33:58,view,279,s002139
999,2025-02-10 15:53:01,view,233,s002140
614,2024-12-02 19:10:44,view,385,s002141
894,2024-03-05 07:47:02,view,315,s002142
314,2024-09-21 16:04:46,view,390,s002143
803,2025-06-14 07:50:24,wishlist,138,s002144
1788,2025-09-22 14:04:02,purchase,316,s002145
451,2025-04-12 06:50:51,wishlist,145,s002146
1744,2025-01-29 16:47:09,view,118,s002147
2325,2025-09-08 07:58:37,wishlist,196,s002148
2077,2025-08-30 13:09:06,view,324,s002149
1986,2024-04-25 08:20:16,wishlist,11,s002150
2438,2024-09-20 03:10:45,view,200,s002151
642,2025-09-16 15:50:09,wishlist,367,s002152
1079,2024-05-05 11:29:22,add_to_cart,326,s002153
1347,2025-10-31 08:09:16,add_to_cart,2,s002154
567,2025-10-19 22:11:14,view,215,s002155
1897,2024-08-18 15:31:07,purchase,323,s002156
796,2024-07-28 02:05:44,view,79,s002157
534,2025-09-30 20:26:28,view,8,s002158
1894,2024-05-27 21:11:32,purchase,144,s002159
2272,2024-11-25 08:03:02,wishlist,6,s002160
1226,2024-06-23 03:37:58,view,314,s002161
1604,2025-03-06 13:36:24,view,230,s002162
642,2025-12-07 13:41:19,purchase,364,s002163
2451,2025-07-22 18:16:50,remove_from_cart,36,s002164
504,2025-11-25 23:20:55,view,213,s002165
1314,2024-12-23 09:19:58,view,327,s002166
1917,2024-03-20 07:44:52,wishlist,237,s002167
1845,2025-03-07 09:29:32,purchase,57,s002168
868,2024-08-24 16:54:29,purchase,326,s002169
599,2025-10-18 14:24:27,wishlist,398,s002170
1053,2024-04-23 18:08:31,wishlist,388,s002171
2434,2024-11-26 23:44:19,view,395,s002172
1127,2025-11-18 21:01:46,view,332,s002173
411,2024-01-05 12:48:54,wishlist,154,s002174
2308,2024-01-24 21:35:35,view,151,s002175
881,2025-04-28 10:21:46,view,70,s002176
1430,2025-09-11 20:08:49,purchase,199,s002177
2453,2025-12-11 20:49:30,add_to_cart,376,s002178
1243,2025-09-07 08:00:50,wishlist,310,s002179
2242,2024-02-20 09:40:29,add_to_cart,1,s002180
300,2024-10-24 11:29:30,wishlist,314,s002181
407,2024-07-04 07:05:22,purchase,160,s002182
2165,2025-05-26 20:13:04,view,56,s002183
2497,2024-03-27 06:22:34,view,140,s002184
1659,2025-07-08 20:24:12,wishlist,173,s002185
1838,2025-04-07 11:28:52,purchase,327,s002186
562,2025-01-16 11:02:41,wishlist,62,s002187
2281,2024-01-17 18:54:16,view,48,s002188
62,2024-12-09 14:08:48,view,19,s002189
1537,2025-06-02 09:28:41,view,172,s002190
773,2024-07-28 18:11:24,wishlist,284,s002191
676,2024-10-11 12:14:44,add_to_cart,202,s002192
360,2025-08-10 19:29:21,view,159,s002193
2445,2025-07-02 21:30:05,view,258,s002194
1091,2024-09-16 21:08:37,view,96,s002195
1542,2025-05-26 09:24:56,view,344,s002196
815,2024-12-31 20:46:32,wishlist,260,s002197
260,2025-04-08 19:08:44,add_to_cart,212,s002198
2438,2024-11-02 21:22:34,view,161,s002199
1944,2024-03-29 20:18:31,wishlist,133,s002200
548,2024-04-14 15:52:10,add_to_cart,261,s002201
1367,2024-07-06 17:37:34,view,311,s002202
1179,2025-08-12 10:46:41,wishlist,175,s002203
621,2025-06-22 07:40:37,add_to_cart,63,s002204
486,2024-03-20 20:28:33,view,57,s002205
1146,2024-04-30 19:41:02,remove_from_cart,191,s002206
1803,2024-10-21 11:59:08,wishlist,361,s002207
1766,2024-08-30 20:15:36,view,305,s002208
989,2025-10-13 03:42:40,wishlist,375,s002209
1419,2025-07-22 08:21:55,add_to_cart,378,s002210
1513,2024-05-30 13:52:31,add_to_cart,205,s002211
894,2024-03-10 11:19:23,add_to_cart,55,s002212
2005,2025-04-03 23:47:52,view,17,s002213
1823,2024-02-22 09:13:23,add_to_cart,180,s002214
1685,2025-10-04 20:40:11,view,73,s002215
355,2024-12-16 10:14:35,view,174,s002216
2244,2024-06-23 22:14:20,wishlist,244,s002217
2493,2024-07-04 19:32:43,add_to_cart,111,s002218
232,2024-07-29 09:57:49,purchase,180,s002219
714,2024-11-13 19:30:13,add_to_cart,170,s002220
1150,2025-07-16 08:07:27,view,102,s002221
632,2025-05-14 18:59:35,view,1,s002222
2186,2025-02-09 14:18:09,add_to_cart,339,s002223
1934,2025-02-28 10:25:42,view,247,s002224
561,2025-06-27 13:47:22,view,25,s002225
1573,2024-04-15 07:59:41,view,193,s002226
2239,2024-07-24 19:33:21,add_to_cart,161,s002227
1128,2024-06-06 09:36:15,view,150,s002228
344,2024-09-21 20:45:34,view,45,s002229
117,2024-09-15 20:06:33,view,88,s002230
41,2024-07-26 23:15:10,view,367,s002231
1513,2025-11-05 10:10:09,add_to_cart,379,s002232
365,2024-04-23 12:12:44,wishlist,219,s002233
1804,2025-03-28 20:32:28,view,377,s002234
1192,2024-12-05 10:17:19,wishlist,262,s002235
815,2024-11-10 18:50:21,purchase,16,s002236
1847,2024-07-29 21:07:41,wishlist,378,s002237
1721,2025-06-15 11:06:32,view,384,s002238
1645,2025-05-11 08:23:14,wishlist,126,s002239
993,2024-04-14 04:29:47,view,362,s002240
2072,2024-07-27 05:03:11,purchase,195,s002241
1379,2024-10-01 23:27:27,view,12,s002242
1584,2025-03-30 11:32:59,view,295,s002243
607,2024-01-20 05:32:39,view,219,s002244
1418,2024-05-31 11:16:31,view,377,s002245
440,2024-08-04 06:43:17,view,333,s002246
1065,2025-02-21 15:32:54,view,101,s002247
2389,2024-07-04 00:56:04,add_to_cart,396,s002248
637,2025-05-29 14:24:40,view,4,s002249
2259,2025-06-16 19:37:40,add_to_cart,63,s002250
1953,2025-12-12 15:36:51,view,42,s002251
434,2024-10-16 21:08:06,view,313,s002252
12,2025-03-17 22:29:47,view,50,s002253
1725,2024-05-01 15:33:27,remove_from_cart,382,s002254
1309,2024-09-02 12:19:38,purchase,384,s002255
1368,2024-04-21 18:10:32,view,66,s002256
1654,2025-08-31 19:31:31,view,224,s002257
845,2024-08-12 20:29:57,view,43,s002258
1008,2024-09-24 07:50:47,view,60,s002259
1748,2025-09-09 10:39:15,wishlist,94,s002260
1733,2024-12-12 06:33:56,view,338,s002261
1792,2024-04-30 18:21:07,view,386,s002262
2442,2025-01-10 14:49:21,view,57,s002263
796,2024-05-05 07:47:12,view,212,s002264
960,2025-10-02 08:25:00,remove_from_cart,171,s002265
1275,2024-01-11 18:32:28,view,304,s002266
1236,2025-11-07 12:20:19,remove_from_cart,331,s002267
2208,2024-09-01 20:54:31,view,73,s002268
2285,2024-08-08 20:57:21,wishlist,338,s002269
2090,2024-06-09 22:17:52,view,279,s002270
1440,2024-07-17 05:04:13,view,30,s002271
1554,2025-07-09 19:26:20,remove_from_cart,192,s002272
2305,2025-07-17 09:31:50,view,220,s002273
1964,2025-04-09 10:10:21,purchase,252,s002274
2125,2024-09-11 20:15:16,wishlist,357,s002275
358,2024-11-23 20:52:57,view,14,s002276
1825,2025-10-13 11:48:10,wishlist,216,s002277
175,2025-10-09 18:55:15,wishlist,216,s002278
955,2025-08-22 13:43:31,view,110,s002279
1276,2025-08-26 19:43:35,view,49,s002280
2398,2025-07-13 19:48:07,add_to_cart,241,s002281
226,2025-01-09 21:17:02,add_to_cart,7,s002282
1006,2024-06-12 15:30:47,remove_from_cart,172,s002283
1990,2024-05-24 21:52:58,view,102,s002284
327,2025-04-19 12:18:57,view,341,s002285
1474,2024-10-11 15:17:30,add_to_cart,50,s002286
2082,2024-03-11 18:29:33,add_to_cart,256,s002287
1248,2024-08-23 18:46:31,add_to_cart,180,s002288
1457,2024-02-17 14:06:18,wishlist,239,s002289
355,2025-01-30 17:18:26,view,235,s002290
222,2025-01-16 21:11:51,view,193,s002291
2340,2025-06-13 16:41:54,remove_from_cart,182,s002292
837,2025-09-15 18:25:25,add_to_cart,69,s002293
1744,2025-11-23 23:36:33,view,278,s002294
73,2024-02-09 22:51:21,view,11,s002295
936,2025-02-08 21:16:06,view,26,s002296
690,2024-06-26 23:23:54,view,21,s002297
914,2024-07-01 20:18:38,view,111,s002298
1791,2025-06-11 23:48:36,view,28,s002299
290,2025-05-07 20:40:43,add_to_cart,16,s002300
2420,2025-04-09 20:13:33,wishlist,245,s002301
2224,2024-06-23 08:48:36,view,228,s002302
2011,2025-05-07 22:54:12,view,193,s002303
1315,2024-11-21 23:46:14,wishlist,207,s002304
494,2024-01-29 22:58:32,add_to_cart,177,s002305
1246,2025-03-10 18:55:37,remove_from_cart,286,s002306
1486,2025-01-29 06:55:58,view,126,s002307
2130,2024-03-06 21:19:03,wishlist,393,s002308
121,2024-05-15 23:28:02,view,90,s002309
1031,2025-08-16 20:46:15,view,94,s002310
838,2024-02-15 08:04:18,wishlist,154,s002311
1802,2025-10-06 17:30:55,purchase,64,s002312
666,2025-01-08 20:30:38,wishlist,39,s002313
1206,2024-02-13 22:39:11,view,373,s002314
425,2024-06-11 21:34:49,view,254,s002315
1396,2025-02-22 20:01:46,wishlist,45,s002316
2325,2025-02-19 09:17:43,view,216,s002317
1125,2024-11-27 06:57:26,remove_from_cart,301,s002318
1307,2025-01-18 12:30:05,view,48,s002319
1984,2025-07-11 10:44:34,wishlist,27,s002320
1776,2024-08-15 08:49:59,purchase,399,s002321
1810,2025-03-28 19:29:06,add_to_cart,262,s002322
1897,2024-05-20 17:36:12,wishlist,63,s002323
2479,2024-03-24 19:30:00,add_to_cart,45,s002324
2005,2024-02-29 07:41:28,add_to_cart,327,s002325
1737,2024-05-20 09:21:11,view,397,s002326
1189,2025-01-22 22:14:38,add_to_cart,101,s002327
2051,2024-06-02 13:50:18,view,327,s002328
1395,2024-12-13 17:42:48,wishlist,289,s002329
1699,2025-02-10 20:19:38,add_to_cart,278,s002330
1993,2025-02-19 19:44:11,view,357,s002331
2382,2025-09-06 17:59:25,add_to_cart,73,s002332
105,2024-03-20 14:23:47,purchase,332,s002333
2177,2025-09-24 09:30:45,remove_from_cart,189,s002334
1584,2025-07-09 17:16:47,wishlist,167,s002335
1180,2024-05-19 15:14:08,view,106,s002336
1418,2025-07-29 09:08:10,view,236,s002337
1254,2025-03-14 20:46:48,view,386,s002338
1152,2024-11-21 19:41:28,view,162,s002339
1174,2024-01-01 18:27:27,view,395,s002340
1038,2025-06-22 00:35:09,purchase,252,s002341
2058,2025-03-05 06:03:09,view,31,s002342
2153,2024-12-17 16:48:27,view,396,s002343
1884,2024-05-06 17:53:24,add_to_cart,336,s002344
2471,2024-12-28 20:50:40,view,126,s002345
832,2025-01-02 19:33:28,purchase,126,s002346
2269,2025-11-10 19:25:33,add_to_cart,263,s002347
2169,2024-08-01 07:28:13,add_to_cart,77,s002348
1777,2025-09-11 23:22:11,purchase,276,s002349
1022,2024-06-26 20:40:38,purchase,171,s002350
966,2024-07-15 14:46:40,view,246,s002351
467,2025-02-04 02:33:16,wishlist,297,s002352
2445,2024-08-08 08:13:59,view,207,s002353
2435,2024-11-10 11:34:25,view,400,s002354
632,2025-11-28 13:34:05,wishlist,210,s002355
1842,2025-11-06 19:28:51,purchase,207,s002356
1693,2024-12-14 09:38:30,view,227,s002357
277,2024-08-15 18:28:16,wishlist,312,s002358
2054,2025-11-26 09:02:23,view,294,s002359
1991,2024-12-01 13:16:08,view,144,s002360
227,2024-04-26 08:35:44,view,364,s002361
770,2024-02-16 16:17:49,add_to_cart,200,s002362
2198,2024-11-04 06:09:37,view,210,s002363
1640,2024-08-05 22:11:16,view,122,s002364
836,2025-10-22 14:09:51,view,307,s002365
2144,2024-11-12 13:35:59,add_to_cart,166,s002366
1225,2025-03-31 19:22:33,purchase,117,s002367
34,2025-01-19 20:58:32,view,14,s002368
2329,2024-05-10 23:41:51,wishlist,83,s002369
1283,2025-07-10 10:55:17,add_to_cart,354,s002370
1272,2025-06-28 19:22:46,add_to_cart,258,s002371
1535,2024-06-01 10:50:20,view,140,s002372
1564,2024-12-24 11:45:03,view,151,s002373
2351,2024-08-16 13:09:10,view,310,s002374
1759,2025-01-13 11:43:05,purchase,158,s002375
1327,2024-03-14 03:09:31,view,124,s002376
1886,2024-08-02 05:54:30,purchase,397,s002377
1927,2025-03-11 13:36:15,wishlist,392,s002378
159,2025-02-11 11:55:35,view,164,s002379
2435,2024-04-20 22:33:57,wishlist,347,s002380
635,2024-04-21 04:21:55,view,390,s002381
104,2025-07-01 20:39:43,view,207,s002382
1426,2025-07-15 22:59:36,view,188,s002383
2398,2025-08-31 08:16:16,view,339,s002384
1787,2025-03-11 08:06:19,purchase,174,s002385
2196,2024-04-22 20:12:39,purchase,315,s002386
2343,2025-11-14 06:28:25,add_to_cart,295,s002387
816,2025-12-01 09:05:20,view,107,s002388
1340,2025-04-11 14:22:47,add_to_cart,301,s002389
1784,2025-07-17 05:53:27,purchase,307,s002390
855,2025-07-10 18:04:51,view,211,s002391
1986,2024-07-11 20:41:07,view,150,s002392
782,2025-10-28 17:38:14,purchase,13,s002393
596,2024-12-02 07:28:56,wishlist,36,s002394
2128,2025-09-03 17:36:25,view,299,s002395
2361,2024-08-04 18:35:18,view,121,s002396
592,2024-04-13 05:24:55,view,39,s002397
778,2024-08-26 07:41:26,view,381,s002398
2238,2024-09-09 16:26:20,view,182,s002399
2260,2025-06-16 09:00:38,wishlist,35,s002400
2227,2024-11-17 10:04:39,purchase,220,s002401
2047,2024-10-30 05:23:16,add_to_cart,329,s002402
1254,2024-10-07 10:24:09,view,272,s002403
194,2024-10-24 00:41:19,view,191,s002404
1603,2025-06-28 21:08:53,wishlist,56,s002405
906,2024-10-15 12:23:55,view,172,s002406
227,2025-11-22 11:01:53,add_to_cart,185,s002407
1478,2024-09-09 13:21:31,add_to_cart,330,s002408
2354,2025-07-29 14:44:15,add_to_cart,109,s002409
2466,2025-11-27 09:09:56,add_to_cart,158,s002410
2432,2025-07-01 10:09:05,remove_from_cart,22,s002411
2321,2024-01-14 12:54:01,add_to_cart,375,s002412
111,2025-05-17 21:17:31,view,71,s002413
1264,2024-05-28 18:10:05,view,96,s002414
2380,2025-05-26 18:48:43,view,26,s002415
1987,2024-07-29 18:35:06,purchase,231,s002416
1022,2024-09-23 23:15:06,wishlist,4,s002417
1516,2024-08-17 16:49:50,view,84,s002418
1265,2025-07-18 08:56:11,add_to_cart,198,s002419
1083,2024-08-20 11:20:25,wishlist,325,s002420
2263,2025-02-03 16:47:42,wishlist,202,s002421
2269,2024-05-22 19:58:35,add_to_cart,21,s002422
1433,2024-06-02 16:20:30,purchase,359,s002423
218,2024-12-25 09:43:34,wishlist,48,s002424
1365,2025-09-03 16:03:30,view,233,s002425
1122,2024-03-17 21:51:18,wishlist,318,s002426
2129,2024-06-22 20:40:50,purchase,59,s002427
1209,2024-08-20 06:38:42,add_to_cart,139,s002428
1035,2024-12-08 04:55:53,view,57,s002429
1489,2025-05-29 21:25:27,add_to_cart,213,s002430
1483,2024-12-01 10:21:15,purchase,149,s002431
1635,2025-11-24 20:27:27,view,113,s002432
1443,2024-02-02 08:14:17,view,317,s002433
544,2025-04-15 17:53:27,view,120,s002434
1562,2025-05-06 15:19:39,add_to_cart,220,s002435
2157,2025-10-10 10:56:10,add_to_cart,332,s002436
958,2024-12-13 10:03:42,view,207,s002437
847,2024-07-19 11:40:12,view,103,s002438
807,2025-03-09 20:28:57,view,177,s002439
1988,2024-09-24 08:19:29,wishlist,260,s002440
2367,2024-03-13 19:14:49,add_to_cart,99,s002441
452,2025-04-01 06:44:55,view,248,s002442
658,2024-07-16 16:42:33,wishlist,88,s002443
1120,2024-09-20 09:45:48,view,339,s002444
2030,2025-10-21 13:28:17,view,156,s002445
1850,2024-03-20 08:40:26,view,100,s002446
1996,2024-04-05 13:37:36,purchase,178,s002447
228,2025-06-19 21:47:18,view,198,s002448
1347,2024-08-19 04:20:16,view,64,s002449
320,2025-07-07 18:18:06,view,300,s002450
530,2024-10-22 09:35:16,view,264,s002451
1745,2024-04-18 13:57:53,add_to_cart,396,s002452
1560,2024-04-17 07:19:20,view,129,s002453
1006,2024-08-01 11:11:01,view,253,s002454
1473,2024-05-22 09:43:06,view,196,s002455
1224,2024-03-03 14:12:30,view,40,s002456
2121,2024-06-24 18:12:17,view,139,s002457
2013,2025-02-12 18:31:07,add_to_cart,260,s002458
1974,2025-06-28 22:57:22,view,329,s002459
2388,2024-07-05 17:44:41,view,184,s002460
2180,2025-01-14 14:13:24,add_to_cart,397,s002461
1913,2024-07-27 13:04:54,wishlist,90,s002462
204,2024-01-16 21:33:56,view,274,s002463
2216,2025-07-05 21:45:10,wishlist,160,s002464
96,2024-02-18 14:01:50,view,305,s002465
1578,2025-07-15 00:01:42,view,142,s002466
11,2025-05-22 19:43:39,add_to_cart,134,s002467
2096,2024-08-12 14:13:03,view,43,s002468
2020,2025-09-01 09:08:51,wishlist,327,s002469
751,2025-10-08 15:53:27,add_to_cart,86,s002470
1328,2024-11-14 08:58:41,view,31,s002471
184,2025-09-23 09:14:22,view,170,s002472
577,2024-05-11 20:58:23,view,85,s002473
844,2024-11-30 20:22:55,view,27,s002474
2308,2024-11-25 20:53:23,view,240,s002475
1421,2024-08-25 10:26:03,add_to_cart,315,s002476
254,2025-04-28 17:45:29,view,367,s002477
1046,2025-05-17 07:41:44,view,6,s002478
1585,2024-07-01 06:39:54,view,149,s002479
820,2025-06-17 10:03:41,wishlist,223,s002480
641,2024-01-17 09:52:11,view,358,s002481
173,2024-03-26 19:36:42,view,212,s002482
776,2024-10-20 11:29:38,wishlist,267,s002483
769,2024-10-09 10:36:19,view,276,s002484
2304,2024-12-13 10:41:30,view,290,s002485
1992,2024-02-04 10:28:29,view,165,s002486
1501,2025-01-12 16:49:51,add_to_cart,162,s002487
1365,2025-10-13 08:31:26,view,224,s002488
1860,2024-12-31 19:05:10,view,30,s002489
293,2024-01-12 20:44:33,view,126,s002490
862,2024-11-08 20:11:04,view,329,s002491
2095,2024-01-23 10:43:49,purchase,110,s002492
1860,2024-12-26 16:40:14,add_to_cart,148,s002493
2132,2025-07-23 07:09:23,wishlist,103,s002494
882,2025-07-18 08:21:44,view,19,s002495
1392,2024-12-17 11:31:12,remove_from_cart,89,s002496
1174,2025-02-14 20:50:27,wishlist,195,s002497
2352,2025-03-28 19:09:47,view,328,s002498
418,2025-06-08 10:57:06,view,184,s002499
191,2025-02-07 04:13:52,view,341,s002500
736,2025-11-26 08:21:23,view,53,s002501
396,2025-07-11 09:12:09,add_to_cart,214,s002502
1063,2025-01-14 07:10:26,purchase,51,s002503
546,2025-07-24 19:07:18,view,212,s002504
832,2025-08-27 18:17:20,view,244,s002505
1609,2024-03-03 13:35:32,purchase,251,s002506
322,2025-10-20 11:38:06,view,348,s002507
1732,2025-03-11 08:11:45,remove_from_cart,275,s002508
779,2025-12-09 09:39:43,view,173,s002509
788,2025-06-20 19:45:12,view,368,s002510
1398,2025-07-01 13:11:12,remove_from_cart,228,s002511
411,2024-11-03 11:29:35,remove_from_cart,182,s002512
1791,2024-07-16 18:00:56,view,328,s002513
882,2024-11-18 02:43:37,view,169,s002514
2188,2025-09-20 23:38:46,view,222,s002515
1974,2025-06-11 15:36:25,add_to_cart,357,s002516
2486,2025-04-09 16:06:36,wishlist,290,s002517
506,2024-02-22 17:52:58,remove_from_cart,322,s002518
1118,2025-04-07 09:42:05,add_to_cart,200,s002519
36,2024-08-30 06:21:07,view,19,s002520
1339,2025-01-11 21:57:59,wishlist,267,s002521
864,2025-05-09 08:30:02,view,171,s002522
2430,2025-08-08 22:32:27,purchase,310,s002523
2184,2024-11-04 20:17:13,view,189,s002524
1578,2024-01-16 05:42:44,view,83,s002525
346,2025-02-14 09:29:13,purchase,157,s002526
1649,2024-01-05 20:47:12,view,376,s002527
1393,2025-08-14 06:02:59,view,182,s002528
226,2024-01-14 14:36:26,view,339,s002529
2236,2024-06-09 17:39:28,add_to_cart,297,s002530
1359,2024-10-31 09:10:12,view,267,s002531
2324,2024-07-03 08:06:10,view,142,s002532
2246,2024-06-08 08:48:00,purchase,222,s002533
2098,2025-04-26 19:03:41,add_to_cart,56,s002534
2396,2024-08-21 20:19:47,view,60,s002535
9,2024-11-22 16:00:42,view,184,s002536
992,2025-04-20 18:45:10,wishlist,346,s002537
1645,2025-07-03 09:56:11,view,113,s002538
1688,2025-02-14 10:17:44,view,156,s002539
2355,2024-09-10 09:13:38,wishlist,379,s002540
1630,2025-09-20 08:01:34,wishlist,7,s002541
1858,2025-09-11 09:23:43,view,145,s002542
2340,2024-04-18 19:54:25,add_to_cart,359,s002543
1383,2025-07-05 14:52:27,add_to_cart,385,s002544
725,2024-05-27 16:35:06,view,10,s002545
1257,2024-05-09 07:16:56,view,394,s002546
2200,2024-01-19 14:10:00,add_to_cart,21,s002547
1918,2025-03-05 17:43:15,view,301,s002548
416,2025-08-26 06:30:21,add_to_cart,352,s002549
966,2025-07-10 07:54:22,wishlist,61,s002550
980,2025-01-20 00:24:03,view,256,s002551
966,2025-11-12 21:35:29,view,240,s002552
1507,2024-08-21 14:02:43,view,102,s002553
944,2024-08-13 00:59:55,view,123,s002554
1568,2024-06-13 12:28:48,view,295,s002555
276,2024-05-29 09:59:06,view,98,s002556
2437,2024-08-04 18:34:48,purchase,213,s002557
1234,2024-10-29 18:12:05,view,81,s002558
870,2024-07-12 20:01:13,add_to_cart,10,s002559
1275,2025-10-30 09:22:52,view,355,s002560
1404,2024-06-04 19:27:31,view,101,s002561
1643,2024-09-10 21:12:21,view,157,s002562
1235,2024-04-08 15:40:08,view,167,s002563
1332,2025-10-03 10:42:20,remove_from_cart,352,s002564
2440,2024-11-09 17:45:16,add_to_cart,229,s002565
1665,2025-08-18 13:35:15,wishlist,182,s002566
907,2024-09-24 18:31:00,wishlist,178,s002567
1588,2024-11-12 13:05:09,view,151,s002568
313,2025-06-15 08:16:29,add_to_cart,166,s002569
35,2025-06-12 01:25:12,view,232,s002570
86,2024-09-28 17:16:06,wishlist,98,s002571
1419,2024-11-15 17:25:12,purchase,65,s002572
1694,2024-10-12 22:46:04,view,153,s002573
1664,2024-05-26 22:12:24,view,134,s002574
2088,2024-09-28 15:27:30,add_to_cart,332,s002575
1597,2025-08-04 22:24:38,add_to_cart,246,s002576
797,2024-03-07 06:14:13,view,3,s002577
2000,2024-05-05 19:46:35,wishlist,315,s002578
388,2025-10-14 18:26:42,wishlist,232,s002579
495,2025-06-01 06:54:38,view,309,s002580
386,2024-03-27 10:29:22,view,277,s002581
505,2025-06-24 20:34:18,add_to_cart,213,s002582
1337,2024-03-26 03:26:32,wishlist,354,s002583
646,2024-12-15 10:25:04,view,257,s002584
347,2025-03-07 21:24:04,add_to_cart,386,s002585
1510,2025-06-19 21:10:46,view,315,s002586
1851,2024-08-14 21:32:21,purchase,271,s002587
178,2024-05-16 08:52:45,wishlist,217,s002588
912,2025-12-04 22:47:53,purchase,147,s002589
292,2025-07-25 07:13:01,purchase,41,s002590
570,2024-09-13 18:23:40,add_to_cart,120,s002591
1354,2024-07-01 07:43:08,add_to_cart,360,s002592
632,2024-03-20 08:02:50,view,19,s002593
1523,2024-11-22 09:36:34,add_to_cart,377,s002594
1472,2024-01-06 07:15:40,purchase,35,s002595
2387,2025-07-27 14:50:15,add_to_cart,255,s002596
1875,2024-10-12 17:29:24,wishlist,309,s002597
2186,2025-09-04 00:35:45,view,81,s002598
534,2024-09-10 20:48:54,purchase,304,s002599
1348,2025-11-06 19:50:32,view,54,s002600
1883,2025-08-20 21:09:52,view,139,s002601
2163,2024-11-05 19:54:35,add_to_cart,34,s002602
2319,2025-08-28 17:44:28,view,315,s002603
710,2024-08-02 05:00:48,view,303,s002604
1113,2025-12-14 09:07:18,wishlist,122,s002605
2373,2024-03-01 19:04:44,wishlist,362,s002606
1795,2025-04-04 21:01:40,view,303,s002607
6,2024-10-05 10:21:03,wishlist,233,s002608
1159,2024-12-02 08:06:52,purchase,123,s002609
681,2025-11-10 18:00:09,remove_from_cart,293,s002610
1151,2024-07-15 22:50:50,view,333,s002611
1548,2025-04-07 19:26:51,view,304,s002612
239,2024-08-18 20:55:07,wishlist,267,s002613
1753,2024-04-10 15:12:31,view,120,s002614
1312,2024-06-26 10:02:15,view,248,s002615
651,2025-02-07 19:38:17,view,90,s002616
1337,2024-04-01 21:34:13,add_to_cart,66,s002617
343,2024-04-21 15:04:51,view,221,s002618
1159,2025-05-11 13:52:32,view,398,s002619
1962,2025-06-28 08:58:39,view,55,s002620
412,2024-02-13 08:38:41,view,398,s002621
1387,2025-07-26 21:43:55,view,267,s002622
495,2025-09-10 16:58:07,purchase,51,s002623
218,2025-04-16 04:12:49,purchase,49,s002624
1024,2024-09-22 17:25:32,view,173,s002625
2426,2024-10-23 09:03:34,view,8,s002626
576,2024-04-22 12:51:05,view,355,s002627
1567,2024-05-03 13:25:35,add_to_cart,203,s002628
1898,2025-10-30 16:17:55,view,271,s002629
1884,2025-11-20 21:12:54,wishlist,46,s002630
941,2025-06-13 21:47:02,view,158,s002631
364,2025-08-01 20:45:16,view,7,s002632
7,2024-05-09 08:33:10,wishlist,322,s002633
883,2025-09-19 19:53:32,view,59,s002634
379,2024-03-19 09:17:48,view,379,s002635
1564,2024-04-25 18:18:09,purchase,291,s002636
2305,2024-12-21 17:53:48,view,212,s002637
88,2024-08-06 12:46:46,add_to_cart,47,s002638
1011,2025-03-22 06:06:39,view,142,s002639
355,2025-10-11 09:28:49,view,102,s002640
1599,2024-07-08 11:59:06,view,37,s002641
1647,2024-08-17 21:19:50,remove_from_cart,285,s002642
555,2025-07-13 22:33:31,view,329,s002643
1268,2024-08-24 20:04:32,view,394,s002644
1595,2025-09-26 07:49:17,view,294,s002645
1049,2024-01-25 13:54:59,view,29,s002646
1890,2025-09-14 09:36:26,wishlist,88,s002647
1654,2025-10-14 23:04:26,view,79,s002648
1117,2024-02-03 10:07:30,purchase,300,s002649
646,2024-09-26 18:04:28,view,100,s002650
1599,2025-03-03 16:24:15,purchase,217,s002651
550,2025-01-09 20:50:35,add_to_cart,52,s002652
1417,2024-04-22 19:59:48,add_to_cart,263,s002653
1249,2024-01-11 21:23:44,view,247,s002654
651,2025-10-02 22:24:54,wishlist,214,s002655
1140,2024-03-06 10:24:26,view,52,s002656
1373,2025-12-06 22:05:52,view,235,s002657
160,2024-03-21 15:42:01,remove_from_cart,254,s002658
2157,2024-12-05 20:36:27,view,394,s002659
2416,2025-12-03 21:11:23,remove_from_cart,96,s002660
1389,2025-09-03 12:22:01,remove_from_cart,71,s002661
974,2025-01-18 20:51:40,add_to_cart,97,s002662
1058,2024-04-05 15:04:32,view,275,s002663
2116,2025-03-06 19:52:16,view,380,s002664
595,2025-03-30 21:53:31,add_to_cart,83,s002665
889,2024-08-10 08:44:00,view,67,s002666
985,2024-12-01 16:52:13,view,113,s002667
57,2025-10-06 09:59:52,wishlist,144,s002668
1412,2024-04-01 19:57:42,add_to_cart,284,s002669
66,2025-04-13 05:21:27,view,55,s002670
2,2024-09-18 13:31:02,add_to_cart,76,s002671
2449,2025-03-14 18:09:43,wishlist,24,s002672
2466,2025-05-26 11:25:38,wishlist,289,s002673
2437,2024-12-07 07:48:12,purchase,391,s002674
1721,2025-06-18 16:24:08,view,137,s002675
1699,2025-08-31 09:28:42,wishlist,41,s002676
273,2024-05-20 13:11:38,view,234,s002677
2337,2024-06-05 19:11:44,view,362,s002678
407,2024-04-02 19:40:39,view,184,s002679
2212,2025-11-03 18:16:06,remove_from_cart,279,s002680
1057,2024-06-10 20:48:52,view,168,s002681
1482,2024-02-28 20:30:21,wishlist,20,s002682
168,2024-03-08 09:53:52,add_to_cart,165,s002683
2227,2024-10-15 21:55:46,wishlist,381,s002684
2183,2025-09-25 11:33:37,remove_from_cart,338,s002685
103,2024-03-16 17:58:36,view,52,s002686
1890,2024-06-10 09:45:05,view,32,s002687
690,2024-05-11 10:39:52,add_to_cart,12,s002688
2204,2025-04-15 23:47:11,add_to_cart,159,s002689
308,2024-08-22 11:19:30,add_to_cart,160,s002690
803,2025-11-26 22:11:13,view,184,s002691
666,2025-04-22 09:32:42,add_to_cart,247,s002692
991,2025-01-06 10:25:41,add_to_cart,157,s002693
1020,2025-02-16 06:47:02,wishlist,390,s002694
2433,2025-09-22 17:35:26,view,165,s002695
1887,2025-06-26 05:57:30,add_to_cart,368,s002696
13,2024-04-04 19:46:36,add_to_cart,294,s002697
2052,2024-10-28 12:29:01,add_to_cart,143,s002698
1525,2025-04-17 04:45:53,view,61,s002699
668,2025-02-17 12:04:03,wishlist,164,s002700
2438,2025-10-29 02:29:48,wishlist,18,s002701
2419,2024-01-25 02:51:03,purchase,360,s002702
1220,2025-10-08 12:53:53,purchase,141,s002703
976,2024-10-01 11:28:57,view,22,s002704
1528,2024-02-04 21:55:11,view,223,s002705
466,2024-05-21 17:52:58,add_to_cart,231,s002706
2312,2024-05-10 08:01:07,purchase,359,s002707
1959,2024-04-12 19:42:29,view,363,s002708
887,2024-01-25 09:38:12,purchase,79,s002709
577,2025-07-21 21:30:58,view,117,s002710
2014,2024-04-25 09:24:24,wishlist,244,s002711
1332,2024-08-18 10:48:18,add_to_cart,105,s002712
640,2025-02-12 17:32:35,remove_from_cart,215,s002713
1994,2024-12-11 21:59:18,view,226,s002714
1412,2024-09-02 19:35:23,view,272,s002715
1226,2025-03-24 19:11:17,view,188,s002716
2326,2025-08-06 16:08:54,add_to_cart,124,s002717
2292,2025-02-16 11:11:42,add_to_cart,186,s002718
852,2024-11-18 16:30:33,view,168,s002719
1064,2024-06-02 10:57:30,add_to_cart,322,s002720
1808,2025-03-19 12:12:37,view,154,s002721
317,2025-01-24 16:28:54,purchase,10,s002722
734,2024-03-25 17:26:03,wishlist,255,s002723
2210,2024-07-18 18:28:42,remove_from_cart,259,s002724
1159,2025-07-02 22:21:43,remove_from_cart,374,s002725
1329,2025-10-21 10:11:09,purchase,241,s002726
1660,2024-08-28 12:05:34,remove_from_cart,108,s002727
1303,2025-09-29 09:08:04,view,396,s002728
294,2024-07-01 19:08:40,add_to_cart,347,s002729
1984,2025-07-30 19:46:27,add_to_cart,320,s002730
1750,2024-12-13 21:16:27,purchase,162,s002731
218,2025-01-26 20:47:22,add_to_cart,53,s002732
1699,2025-04-18 23:52:44,view,238,s002733
676,2025-04-21 06:08:16,wishlist,95,s002734
1533,2024-09-01 18:47:38,view,172,s002735
1992,2025-01-05 20:59:12,wishlist,288,s002736
470,2024-02-15 07:52:11,view,195,s002737
1897,2024-09-17 08:05:32,view,367,s002738
587,2025-04-03 17:03:02,remove_from_cart,43,s002739
2186,2025-11-19 19:52:54,view,131,s002740
1830,2024-03-31 10:41:13,view,351,s002741
740,2024-06-11 06:08:42,remove_from_cart,118,s002742
272,2024-11-22 18:26:24,add_to_cart,282,s002743
1076,2024-03-20 11:32:41,view,320,s002744
1113,2025-01-28 20:31:13,view,200,s002745
1857,2024-07-30 19:27:09,view,162,s002746
777,2025-09-15 08:58:19,view,239,s002747
2500,2024-08-07 17:39:46,view,269,s002748
252,2024-11-07 20:36:19,view,195,s002749
813,2025-12-03 08:54:27,view,28,s002750
1359,2024-02-29 21:37:35,view,258,s002751
1097,2025-09-11 11:15:05,view,138,s002752
2171,2024-12-26 07:59:02,add_to_cart,351,s002753
708,2024-10-10 09:36:52,view,235,s002754
2113,2025-11-03 08:02:11,wishlist,48,s002755
304,2025-12-13 23:41:43,add_to_cart,175,s002756
321,2024-05-19 10:20:18,purchase,108,s002757
1589,2025-08-22 23:31:00,view,343,s002758
2202,2024-06-07 11:39:03,purchase,232,s002759
843,2024-01-12 19:01:30,view,91,s002760
1902,2025-06-07 09:27:29,wishlist,261,s002761
2179,2024-09-09 23:14:04,purchase,159,s002762
856,2025-03-05 09:59:42,purchase,72,s002763
1055,2024-04-18 13:56:30,view,125,s002764
1457,2025-09-05 08:39:27,wishlist,281,s002765
1138,2025-01-09 22:26:34,view,391,s002766
1112,2025-07-25 07:42:56,view,106,s002767
1458,2024-09-15 15:33:12,purchase,188,s002768
690,2024-06-13 14:07:17,view,353,s002769
1352,2025-11-07 12:57:03,view,240,s002770
764,2025-01-14 19:21:19,purchase,154,s002771
1921,2024-09-24 22:04:06,view,167,s002772
452,2024-03-12 19:26:51,add_to_cart,192,s002773
1993,2024-04-28 05:19:10,view,108,s002774
1212,2025-03-28 20:56:14,add_to_cart,163,s002775
1146,2025-03-17 11:13:45,view,219,s002776
52,2025-08-25 21:35:43,view,294,s002777
1951,2025-06-20 19:44:51,view,70,s002778
142,2024-04-18 06:09:24,view,96,s002779
453,2025-11-03 09:49:28,purchase,382,s002780
2115,2025-03-11 09:26:59,purchase,281,s002781
1260,2025-09-04 04:41:39,purchase,292,s002782
2371,2024-07-17 19:43:40,view,364,s002783
1658,2025-11-15 10:47:42,wishlist,340,s002784
982,2025-11-08 09:21:50,view,177,s002785
300,2024-07-30 21:32:30,view,40,s002786
181,2025-10-05 21:11:08,wishlist,3,s002787
1471,2025-11-25 08:34:37,view,121,s002788
1472,2025-09-30 05:36:33,view,197,s002789
1740,2024-11-30 13:53:54,view,197,s002790
378,2024-04-07 16:16:51,view,147,s002791
1444,2025-10-31 07:07:57,view,290,s002792
2326,2024-01-01 12:03:47,view,23,s002793
2175,2024-06-28 11:45:27,purchase,323,s002794
749,2025-01-31 08:27:01,view,239,s002795
1427,2024-08-10 10:55:21,view,28,s002796
817,2025-10-21 20:03:59,remove_from_cart,65,s002797
1432,2025-03-13 09:05:42,wishlist,80,s002798
1751,2025-11-15 20:40:47,view,312,s002799
1228,2024-02-12 11:25:49,add_to_cart,196,s002800
1042,2024-10-20 22:17:10,remove_from_cart,211,s002801
1250,2024-04-12 22:53:00,purchase,5,s002802
450,2025-08-10 22:16:12,view,109,s002803
1111,2025-06-29 02:30:15,add_to_cart,251,s002804
731,2025-07-30 08:54:46,wishlist,98,s002805
2221,2025-11-09 15:49:49,wishlist,354,s002806
579,2024-06-22 10:02:07,view,108,s002807
486,2025-07-15 11:34:26,wishlist,242,s002808
1791,2025-04-06 18:02:01,wishlist,41,s002809
2452,2024-10-06 08:57:24,view,45,s002810
1099,2024-05-18 09:13:40,wishlist,256,s002811
1235,2025-08-18 06:03:08,view,261,s002812
2412,2024-02-20 22:57:14,view,329,s002813
1311,2025-11-18 11:33:03,add_to_cart,359,s002814
2062,2024-07-16 20:29:21,view,247,s002815
869,2025-09-29 20:47:46,add_to_cart,57,s002816
789,2024-03-29 19:17:17,view,252,s002817
2196,2025-06-12 07:12:40,add_to_cart,327,s002818
1002,2025-11-05 23:43:19,wishlist,260,s002819
2250,2024-04-18 09:25:47,view,159,s002820
1324,2024-11-12 14:51:28,view,233,s002821
1996,2025-04-24 05:23:12,view,339,s002822
1418,2025-06-27 20:31:05,view,151,s002823
2366,2024-01-08 04:09:56,view,120,s002824
1969,2024-03-24 21:59:46,add_to_cart,240,s002825
2,2024-08-10 10:32:27,add_to_cart,223,s002826
1591,2024-03-14 11:25:55,purchase,6,s002827
348,2025-03-24 08:36:08,wishlist,378,s002828
72,2024-12-02 13:14:23,add_to_cart,247,s002829
973,2025-04-16 10:12:44,view,12,s002830
463,2024-08-01 23:08:32,add_to_cart,135,s002831
1672,2024-03-30 19:07:42,view,297,s002832
1617,2025-06-14 09:20:42,view,280,s002833
2423,2024-11-20 18:10:11,view,196,s002834
2326,2024-02-20 08:49:21,add_to_cart,390,s002835
986,2025-11-30 20:22:34,view,28,s002836
2261,2025-10-12 12:15:16,purchase,398,s002837
397,2024-08-31 04:33:22,purchase,369,s002838
1189,2024-07-13 09:05:57,add_to_cart,286,s002839
764,2025-12-06 08:28:54,wishlist,226,s002840
1813,2024-09-29 10:31:37,purchase,260,s002841
770,2025-09-28 15:35:05,view,71,s002842
1941,2024-03-21 14:42:06,view,45,s002843
926,2024-11-29 05:58:31,wishlist,146,s002844
1789,2025-02-21 10:48:16,view,34,s002845
272,2025-09-17 16:01:50,view,258,s002846
63,2025-05-08 05:53:43,add_to_cart,47,s002847
482,2025-07-21 17:16:58,view,142,s002848
384,2025-06-25 09:50:49,add_to_cart,373,s002849
663,2024-06-09 18:55:46,wishlist,56,s002850
2377,2024-03-14 14:09:17,view,77,s002851
1837,2025-12-13 10:24:04,add_to_cart,364,s002852
1271,2025-03-06 21:23:57,remove_from_cart,219,s002853
2234,2025-03-03 08:25:21,add_to_cart,382,s002854
1816,2024-09-15 05:40:37,view,159,s002855
2111,2025-09-12 19:38:11,remove_from_cart,237,s002856
2495,2025-04-19 16:14:14,wishlist,386,s002857
538,2025-08-20 12:36:30,add_to_cart,382,s002858
2379,2025-11-18 06:24:25,view,194,s002859
2377,2024-10-28 20:54:36,wishlist,61,s002860
1875,2025-03-31 19:32:51,add_to_cart,232,s002861
1544,2025-09-09 21:18:59,add_to_cart,182,s002862
1738,2024-07-19 13:42:20,add_to_cart,191,s002863
1901,2025-05-31 09:42:50,purchase,252,s002864
2077,2024-07-15 13:02:46,purchase,9,s002865
2149,2024-06-28 19:49:30,view,69,s002866
918,2024-12-28 14:18:44,view,290,s002867
720,2024-10-26 15:52:21,view,223,s002868
1830,2025-08-20 16:23:16,purchase,126,s002869
13,2025-12-02 11:05:29,wishlist,381,s002870
861,2024-02-29 09:40:21,add_to_cart,70,s002871
1798,2024-03-13 08:40:32,add_to_cart,349,s002872
62,2025-07-29 20:10:37,add_to_cart,85,s002873
1420,2024-06-22 21:31:25,add_to_cart,171,s002874
893,2024-12-19 16:31:52,remove_from_cart,29,s002875
1797,2025-02-26 19:53:44,add_to_cart,307,s002876
42,2025-04-20 19:41:05,view,214,s002877
1156,2024-03-15 10:05:36,purchase,116,s002878
1271,2025-07-11 16:56:18,add_to_cart,233,s002879
1627,2025-05-20 19:48:49,view,250,s002880
2498,2025-02-04 20:24:15,view,271,s002881
1731,2025-08-20 23:54:03,wishlist,192,s002882
1027,2024-09-25 08:44:49,remove_from_cart,54,s002883
1605,2025-01-05 01:38:24,view,234,s002884
2018,2025-10-22 19:09:54,view,30,s002885
1631,2024-09-30 05:55:39,view,218,s002886
1906,2025-03-05 00:50:21,remove_from_cart,61,s002887
2345,2025-02-25 21:30:51,view,307,s002888
2113,2025-07-20 19:01:09,view,312,s002889
993,2025-11-12 17:25:02,view,54,s002890
782,2025-02-14 21:40:05,view,160,s002891
1210,2024-03-24 15:45:16,wishlist,47,s002892
1143,2025-06-29 11:19:20,view,209,s002893
751,2024-09-14 22:21:23,add_to_cart,127,s002894
1700,2025-04-25 18:22:41,view,387,s002895
793,2025-10-07 11:14:32,view,13,s002896
1261,2024-10-28 02:28:59,view,261,s002897
856,2024-10-08 20:54:41,view,167,s002898
2322,2025-06-15 09:16:29,view,45,s002899
1610,2024-09-04 12:51:40,purchase,334,s002900
1966,2025-07-16 07:54:13,view,249,s002901
1266,2025-08-31 22:17:35,wishlist,176,s002902
1126,2025-02-13 19:20:13,view,395,s002903
101,2025-01-08 09:22:47,purchase,293,s002904
2133,2025-11-02 21:13:38,view,142,s002905
1055,2025-08-03 11:49:57,view,327,s002906
1867,2025-03-24 10:41:37,view,44,s002907
709,2025-07-09 23:49:17,wishlist,220,s002908
965,2025-04-22 14:01:46,add_to_cart,265,s002909
402,2024-01-19 18:23:03,wishlist,295,s002910
390,2025-02-08 09:43:47,wishlist,197,s002911
999,2024-01-18 17:14:08,wishlist,201,s002912
1756,2025-11-06 20:07:44,wishlist,185,s002913
2489,2024-03-11 23:47:06,view,87,s002914
868,2025-10-19 13:55:15,purchase,2,s002915
462,2025-07-26 21:41:39,view,263,s002916
1492,2025-06-04 17:31:28,view,60,s002917
2348,2025-08-29 18:05:06,view,224,s002918
612,2024-06-30 23:20:36,view,122,s002919
859,2025-08-07 21:15:22,view,186,s002920
2226,2024-09-02 19:22:44,purchase,236,s002921
91,2025-11-26 22:58:44,view,395,s002922
1040,2024-06-26 13:31:05,purchase,54,s002923
1758,2024-11-14 18:34:11,view,282,s002924
527,2024-02-04 17:52:58,view,149,s002925
798,2024-11-23 15:13:33,view,193,s002926
1167,2025-12-08 22:57:42,add_to_cart,330,s002927
1799,2024-07-06 19:13:57,view,119,s002928
566,2025-07-20 13:28:55,add_to_cart,130,s002929
880,2024-05-29 06:21:16,view,202,s002930
1403,2025-07-04 20:52:34,view,70,s002931
1423,2025-01-25 09:18:44,view,313,s002932
1738,2024-08-17 10:00:22,view,160,s002933
1227,2024-10-13 12:20:11,purchase,342,s002934
889,2024-09-05 18:17:19,purchase,91,s002935
2203,2025-08-05 19:07:36,wishlist,387,s002936
1512,2025-08-26 19:41:44,add_to_cart,164,s002937
1978,2025-09-03 09:08:45,add_to_cart,163,s002938
496,2024-08-26 13:58:27,view,381,s002939
1419,2025-03-16 19:11:11,view,366,s002940
800,2025-06-12 13:07:16,add_to_cart,338,s002941
1169,2025-08-20 08:33:16,add_to_cart,281,s002942
530,2024-06-11 08:33:55,purchase,220,s002943
974,2025-08-14 12:08:46,view,3,s002944
2293,2024-03-13 02:30:41,add_to_cart,25,s002945
18,2025-05-30 21:10:02,add_to_cart,305,s002946
530,2025-04-01 07:41:45,purchase,183,s002947
1122,2024-08-11 18:43:16,view,393,s002948
336,2024-12-20 08:55:49,add_to_cart,109,s002949
2407,2024-05-12 10:01:00,purchase,298,s002950
688,2024-09-30 17:51:08,purchase,87,s002951
1899,2024-07-07 17:32:57,add_to_cart,293,s002952
1364,2025-05-20 19:16:59,view,314,s002953
1767,2024-09-07 20:19:03,add_to_cart,18,s002954
1917,2025-07-29 01:30:49,add_to_cart,243,s002955
2010,2025-10-01 05:24:34,view,55,s002956
1203,2025-06-22 16:35:50,add_to_cart,196,s002957
2359,2025-11-15 05:20:07,wishlist,83,s002958
346,2024-08-18 18:32:26,wishlist,400,s002959
187,2024-03-20 17:45:29,wishlist,12,s002960
1187,2025-02-19 07:49:28,view,296,s002961
2387,2025-10-10 10:58:32,remove_from_cart,32,s002962
1017,2025-05-14 10:43:51,add_to_cart,242,s002963
88,2025-02-04 10:36:27,add_to_cart,387,s002964
2135,2025-06-24 20:44:08,wishlist,354,s002965
1809,2025-01-19 13:31:04,view,277,s002966
755,2024-10-11 19:57:21,add_to_cart,375,s002967
2437,2025-05-11 20:05:50,add_to_cart,389,s002968
1800,2024-05-21 15:02:29,wishlist,344,s002969
2459,2024-03-05 19:58:03,view,43,s002970
773,2025-03-02 09:22:39,view,113,s002971
1926,2025-09-18 01:21:48,add_to_cart,92,s002972
1528,2024-10-15 19:34:41,wishlist,165,s002973
1723,2024-07-07 07:42:41,view,127,s002974
907,2025-05-26 11:04:21,view,278,s002975
475,2025-01-15 19:48:32,add_to_cart,58,s002976
1385,2024-10-10 19:07:39,view,314,s002977
1583,2025-10-19 11:30:13,view,167,s002978
1598,2024-03-14 07:14:05,view,217,s002979
1846,2025-11-13 20:00:44,view,136,s002980
2240,2025-08-04 20:00:57,view,30,s002981
2275,2025-09-25 20:15:10,view,85,s002982
1088,2024-07-28 10:42:32,add_to_cart,292,s002983
2053,2025-02-11 14:41:42,view,62,s002984
1335,2024-02-28 17:22:18,wishlist,34,s002985
1642,2025-12-14 20:57:41,wishlist,297,s002986
1105,2024-11-11 09:38:13,view,188,s002987
1162,2024-01-30 16:38:56,view,316,s002988
24,2025-01-26 12:34:05,add_to_cart,214,s002989
885,2025-04-21 23:12:05,view,97,s002990
2413,2024-07-14 20:18:01,purchase,389,s002991
974,2024-12-19 11:21:36,purchase,363,s002992
2322,2025-08-17 13:01:33,view,14,s002993
1539,2025-12-03 17:28:39,view,230,s002994
402,2024-06-24 23:38:10,purchase,10,s002995
105,2024-06-10 09:31:18,add_to_cart,277,s002996
1450,2025-04-07 16:38:12,view,354,s002997
1493,2024-06-03 19:21:16,wishlist,375,s002998
1007,2024-01-09 22:06:50,view,131,s002999
1681,2024-06-22 19:00:30,add_to_cart,265,s003000
2286,2024-01-15 19:42:15,view,193,s003001
332,2025-03-13 18:13:01,view,307,s003002
2152,2025-08-21 12:15:45,view,62,s003003
1374,2024-10-22 06:47:45,purchase,272,s003004
477,2025-01-28 13:06:56,view,85,s003005
391,2025-02-09 23:55:17,view,280,s003006
1079,2024-10-21 20:50:01,view,200,s003007
570,2025-08-28 21:20:31,view,177,s003008
1387,2025-02-18 11:19:51,wishlist,132,s003009
2328,2025-03-23 11:38:25,view,341,s003010
2350,2025-09-26 20:53:42,remove_from_cart,316,s003011
115,2025-11-30 22:21:19,wishlist,355,s003012
1232,2025-06-17 12:41:47,wishlist,160,s003013
593,2025-05-19 09:57:52,add_to_cart,57,s003014
890,2025-12-02 20:43:03,view,299,s003015
1654,2025-07-27 15:44:09,purchase,200,s003016
1219,2024-07-07 20:06:53,wishlist,94,s003017
1314,2024-09-21 15:25:58,wishlist,247,s003018
2284,2025-10-04 08:23:48,view,34,s003019
1937,2025-10-30 13:20:02,add_to_cart,225,s003020
1727,2024-08-16 21:36:08,wishlist,377,s003021
1883,2024-09-11 12:10:13,wishlist,62,s003022
2488,2025-11-15 08:26:00,view,331,s003023
1833,2024-04-06 11:32:04,purchase,89,s003024
836,2025-09-06 13:12:21,add_to_cart,66,s003025
1065,2025-12-05 21:56:00,view,70,s003026
2257,2024-06-25 18:54:08,add_to_cart,66,s003027
236,2025-01-19 21:43:14,view,27,s003028
1635,2024-04-01 01:29:06,add_to_cart,242,s003029
1525,2025-12-01 20:21:25,view,113,s003030
2078,2025-07-13 13:53:47,add_to_cart,113,s003031
1888,2024-12-28 07:32:16,add_to_cart,174,s003032
970,2024-12-05 17:07:22,view,122,s003033
2405,2024-08-11 22:29:48,view,213,s003034
1573,2025-07-30 08:03:13,wishlist,100,s003035
660,2025-03-07 23:45:50,add_to_cart,50,s003036
1911,2025-05-29 08:05:53,remove_from_cart,2,s003037
1370,2025-05-27 22:52:43,view,173,s003038
549,2025-04-05 08:34:34,view,386,s003039
799,2025-01-30 18:30:36,remove_from_cart,149,s003040
2429,2025-12-04 19:21:40,view,156,s003041
1940,2024-11-28 22:48:45,view,224,s003042
1409,2025-02-14 20:06:31,view,104,s003043
559,2024-02-07 23:44:30,remove_from_cart,23,s003044
501,2025-03-17 13:24:22,wishlist,324,s003045
708,2024-12-20 05:08:11,view,107,s003046
731,2024-11-07 22:05:25,wishlist,67,s003047
1275,2025-11-11 18:12:47,purchase,117,s003048
1457,2024-05-02 18:28:40,purchase,44,s003049
269,2025-02-03 07:39:10,view,34,s003050
36,2025-02-03 17:46:03,view,316,s003051
1930,2024-02-11 08:40:45,remove_from_cart,220,s003052
478,2024-09-05 15:48:53,remove_from_cart,373,s003053
1006,2025-09-11 04:55:07,view,39,s003054
1075,2024-04-15 20:11:41,wishlist,201,s003055
1276,2025-05-01 11:26:34,purchase,300,s003056
1419,2024-02-16 16:38:22,view,46,s003057
744,2025-05-28 19:33:14,purchase,70,s003058
749,2025-02-10 08:50:13,view,378,s003059
1098,2025-11-07 21:01:31,purchase,271,s003060
1677,2025-06-03 19:22:29,view,307,s003061
1634,2025-05-24 17:38:10,add_to_cart,162,s003062
410,2024-12-16 20:10:55,add_to_cart,132,s003063
1211,2025-05-17 09:16:37,remove_from_cart,176,s003064
270,2025-11-04 19:16:43,purchase,40,s003065
2229,2025-12-05 16:09:10,view,349,s003066
1092,2024-06-02 17:18:17,view,348,s003067
1238,2024-11-18 11:42:25,purchase,275,s003068
1272,2025-01-19 06:16:11,view,155,s003069
1508,2025-04-26 19:05:16,view,238,s003070
228,2024-08-24 09:37:05,view,246,s003071
2192,2025-02-10 20:42:25,view,67,s003072
542,2025-09-17 11:16:23,purchase,109,s003073
604,2025-11-06 20:53:13,view,172,s003074
43,2024-04-12 13:55:42,view,212,s003075
1888,2025-01-20 21:39:46,view,288,s003076
1640,2025-05-01 05:30:21,wishlist,287,s003077
869,2024-08-12 17:48:42,purchase,289,s003078
2385,2024-01-05 08:59:43,add_to_cart,98,s003079
344,2025-03-11 08:58:46,view,262,s003080
1813,2025-05-23 10:40:20,view,121,s003081
1488,2024-09-12 07:06:43,view,19,s003082
1698,2024-03-26 15:25:49,wishlist,69,s003083
1667,2025-11-28 22:45:48,view,83,s003084
664,2025-03-14 19:19:14,purchase,346,s003085
505,2025-01-13 11:55:52,wishlist,157,s003086
342,2025-06-05 09:38:28,view,364,s003087
144,2025-06-07 12:13:15,add_to_cart,36,s003088
1317,2024-06-26 20:05:08,add_to_cart,167,s003089
573,2025-03-05 23:51:33,add_to_cart,38,s003090
2060,2025-06-25 08:08:03,wishlist,153,s003091
2485,2024-05-08 17:39:45,view,126,s003092
2318,2024-05-09 21:09:45,view,360,s003093
1265,2025-04-08 12:58:50,add_to_cart,36,s003094
187,2024-12-19 16:44:35,view,349,s003095
675,2024-03-26 13:03:43,wishlist,194,s003096
30,2024-03-04 18:31:14,view,307,s003097
1203,2025-11-06 08:42:53,add_to_cart,298,s003098
2422,2025-02-13 08:13:23,view,10,s003099
774,2025-11-08 11:16:43,wishlist,27,s003100
1769,2024-10-03 12:14:29,view,374,s003101
1948,2024-10-18 13:18:01,view,325,s003102
354,2025-05-12 08:04:39,remove_from_cart,138,s003103
1354,2024-04-08 08:56:55,view,387,s003104
1312,2024-09-02 12:59:47,purchase,117,s003105
2260,2024-03-09 11:00:09,view,167,s003106
2441,2024-09-10 01:33:52,view,146,s003107
1605,2025-05-19 08:35:32,view,28,s003108
2369,2025-09-19 22:09:50,remove_from_cart,296,s003109
2180,2024-12-22 19:45:26,wishlist,325,s003110
2071,2024-05-11 07:25:40,add_to_cart,297,s003111
738,2024-10-13 22:46:12,view,272,s003112
716,2024-06-10 23:06:16,wishlist,339,s003113
392,2025-12-04 22:14:41,view,222,s003114
1887,2025-03-27 21:45:08,wishlist,327,s003115
185,2024-08-30 18:22:03,view,338,s003116
1204,2025-06-20 13:39:14,add_to_cart,3,s003117
1814,2025-01-09 15:05:03,wishlist,243,s003118
2081,2024-01-15 22:49:38,view,190,s003119
1470,2025-03-08 20:35:48,view,136,s003120
1158,2025-12-02 07:19:31,wishlist,325,s003121
1067,2024-02-12 21:58:50,add_to_cart,4,s003122
1999,2024-09-23 20:04:20,remove_from_cart,296,s003123
1641,2024-04-30 08:37:07,wishlist,313,s003124
818,2025-11-19 17:40:04,view,234,s003125
2145,2025-01-12 10:30:54,view,145,s003126
966,2024-01-04 18:59:37,view,118,s003127
2443,2024-10-01 21:41:51,add_to_cart,52,s003128
2054,2024-01-20 21:24:31,purchase,155,s003129
1871,2025-10-08 10:49:28,view,143,s003130
1672,2025-02-06 22:35:21,purchase,377,s003131
844,2025-09-05 11:15:25,view,351,s003132
466,2025-11-13 20:23:37,purchase,49,s003133
567,2024-05-14 14:27:33,view,160,s003134
2010,2025-03-19 12:15:17,purchase,281,s003135
836,2024-05-09 01:54:05,view,89,s003136
2281,2024-06-04 07:17:36,add_to_cart,268,s003137
277,2024-09-03 06:47:08,view,139,s003138
335,2025-09-14 10:16:44,add_to_cart,332,s003139
1284,2025-10-13 13:37:55,purchase,352,s003140
531,2025-03-04 05:47:04,view,97,s003141
1320,2025-02-13 09:49:30,purchase,356,s003142
2085,2025-09-28 05:11:29,add_to_cart,13,s003143
1487,2025-05-19 08:44:18,view,230,s003144
1125,2025-09-20 19:03:11,view,92,s003145
443,2024-05-06 20:18:25,view,323,s003146
2485,2024-04-16 21:30:49,remove_from_cart,321,s003147
2342,2025-08-07 20:49:15,remove_from_cart,236,s003148
2144,2024-01-22 02:56:26,wishlist,332,s003149
987,2024-01-28 10:46:17,view,107,s003150
2385,2025-01-18 21:02:35,view,226,s003151
84,2025-11-15 16:20:24,remove_from_cart,353,s003152
2438,2025-11-02 08:19:17,view,257,s003153
630,2025-07-30 12:08:42,view,231,s003154
1131,2024-08-10 07:56:43,wishlist,317,s003155
1876,2024-07-27 10:20:05,view,307,s003156
2010,2024-09-06 12:40:01,purchase,325,s003157
1767,2024-05-08 20:55:08,view,11,s003158
2120,2025-01-05 19:00:43,add_to_cart,76,s003159
2434,2025-10-04 13:30:46,purchase,242,s003160
570,2024-12-21 10:20:12,view,321,s003161
604,2025-03-06 08:08:32,add_to_cart,77,s003162
1634,2025-12-13 20:20:52,add_to_cart,320,s003163
890,2025-10-18 08:57:09,view,397,s003164
2028,2025-10-31 09:17:04,wishlist,74,s003165
1606,2025-10-25 17:59:41,add_to_cart,30,s003166
1042,2025-01-26 18:17:34,wishlist,388,s003167
684,2024-10-04 19:12:08,view,344,s003168
1234,2024-11-15 23:07:38,add_to_cart,218,s003169
1822,2024-03-24 19:49:32,view,42,s003170
601,2025-01-30 09:59:48,remove_from_cart,57,s003171
732,2024-08-29 10:22:52,view,42,s003172
1830,2024-09-18 02:03:55,view,68,s003173
2114,2024-06-19 18:31:51,view,313,s003174
1042,2025-08-06 18:39:43,wishlist,85,s003175
822,2024-05-14 09:55:51,view,17,s003176
214,2024-10-15 23:53:17,purchase,269,s003177
595,2024-09-12 21:03:25,add_to_cart,376,s003178
2256,2025-10-16 22:31:15,wishlist,127,s003179
1564,2025-10-19 22:22:37,add_to_cart,248,s003180
1993,2025-08-01 21:20:29,purchase,48,s003181
927,2025-10-11 09:13:31,purchase,120,s003182
2416,2025-05-20 16:59:47,add_to_cart,20,s003183
1193,2025-08-22 13:46:18,add_to_cart,346,s003184
1879,2024-03-11 22:10:29,wishlist,195,s003185
2149,2025-01-06 19:02:29,add_to_cart,62,s003186
1642,2025-04-18 03:36:51,add_to_cart,80,s003187
649,2024-08-16 07:29:20,view,82,s003188
1843,2025-01-11 22:09:03,view,367,s003189
94,2025-02-14 10:21:21,remove_from_cart,33,s003190
1863,2025-01-14 14:23:07,view,236,s003191
1715,2024-10-08 21:16:44,add_to_cart,233,s003192
2481,2025-01-25 05:45:31,wishlist,261,s003193
1633,2024-05-23 15:53:47,remove_from_cart,250,s003194
215,2024-08-16 08:18:48,add_to_cart,121,s003195
556,2024-11-15 19:58:00,add_to_cart,113,s003196
919,2024-05-21 16:51:07,purchase,155,s003197
1282,2025-11-05 20:39:40,view,351,s003198
942,2024-10-31 22:12:48,view,261,s003199
843,2024-11-06 09:47:14,view,54,s003200
2340,2024-02-28 03:49:17,add_to_cart,190,s003201
2109,2024-01-18 21:34:06,purchase,321,s003202
2217,2024-03-15 17:36:29,view,256,s003203
727,2025-02-04 21:30:33,view,329,s003204
2419,2025-03-11 09:51:44,add_to_cart,74,s003205
2210,2024-08-06 17:40:02,view,203,s003206
128,2025-12-09 20:35:26,wishlist,142,s003207
166,2025-07-04 05:24:37,view,394,s003208
2341,2025-07-04 12:02:29,add_to_cart,387,s003209
2203,2025-05-14 21:16:17,purchase,384,s003210
2403,2025-01-11 11:02:06,view,33,s003211
682,2024-01-30 08:21:56,view,226,s003212
61,2025-11-07 15:02:33,view,378,s003213
1383,2024-08-07 21:01:08,view,258,s003214
1948,2025-02-23 21:23:10,view,93,s003215
1409,2025-10-04 22:59:57,add_to_cart,87,s003216
989,2025-01-22 19:14:18,view,36,s003217
1582,2025-04-02 09:10:26,view,197,s003218
1497,2025-06-11 13:29:07,add_to_cart,299,s003219
2085,2025-01-16 02:12:44,wishlist,359,s003220
1615,2024-02-03 21:18:57,purchase,375,s003221
250,2024-08-04 16:16:44,add_to_cart,315,s003222
1789,2024-05-14 14:27:44,view,321,s003223
1641,2025-11-19 17:48:31,view,82,s003224
791,2024-02-07 10:48:52,add_to_cart,200,s003225
2228,2025-08-12 01:02:30,purchase,33,s003226
1929,2025-09-15 21:53:33,purchase,277,s003227
641,2025-06-11 14:16:04,add_to_cart,376,s003228
1986,2025-01-09 08:11:11,view,348,s003229
2111,2024-05-07 09:43:09,view,46,s003230
1058,2024-09-21 11:42:44,view,333,s003231
1162,2025-05-14 14:10:28,add_to_cart,394,s003232
2025,2025-10-12 08:18:51,view,364,s003233
1883,2024-03-11 02:59:25,add_to_cart,39,s003234
1841,2025-11-09 19:08:55,view,292,s003235
1540,2025-09-29 12:34:55,view,62,s003236
1855,2025-05-23 17:20:46,add_to_cart,193,s003237
837,2024-02-22 15:49:31,add_to_cart,16,s003238
2459,2024-05-25 23:11:05,wishlist,36,s003239
1663,2024-05-27 21:45:50,add_to_cart,112,s003240
1497,2025-04-02 03:57:24,view,223,s003241
1330,2024-01-12 07:12:12,view,388,s003242
535,2025-10-20 09:14:31,add_to_cart,396,s003243
2217,2024-05-27 15:01:46,wishlist,95,s003244
688,2025-05-07 07:02:16,view,182,s003245
191,2025-10-21 16:32:48,add_to_cart,289,s003246
629,2024-01-04 18:42:26,view,150,s003247
1911,2024-06-20 08:06:31,view,263,s003248
1092,2025-08-03 09:30:22,view,26,s003249
1995,2025-08-16 19:51:16,add_to_cart,213,s003250
1242,2025-12-03 19:47:24,view,378,s003251
409,2025-12-05 10:39:09,view,285,s003252
1114,2025-08-13 11:50:32,view,319,s003253
2335,2024-09-22 22:34:18,purchase,135,s003254
1422,2025-08-21 17:13:44,view,325,s003255
407,2024-02-01 11:11:35,view,25,s003256
2492,2024-04-11 07:56:21,view,317,s003257
1315,2024-06-24 08:39:15,wishlist,25,s003258
482,2025-04-22 20:30:10,view,339,s003259
1170,2025-09-21 20:59:20,add_to_cart,347,s003260
1013,2024-10-28 17:34:08,view,349,s003261
1753,2025-02-11 08:39:24,view,241,s003262
1987,2025-09-08 01:28:20,wishlist,267,s003263
1668,2025-03-23 12:11:25,purchase,104,s003264
1225,2024-05-26 17:54:02,view,7,s003265
1912,2025-09-19 18:46:07,view,369,s003266
1124,2025-06-09 12:18:40,add_to_cart,273,s003267
1458,2024-07-13 19:11:38,view,156,s003268
1484,2025-05-07 18:20:47,add_to_cart,196,s003269
2296,2024-10-23 18:36:11,purchase,154,s003270
2203,2024-10-22 19:02:45,view,115,s003271
2431,2024-07-17 21:05:42,view,120,s003272
1230,2025-10-05 09:39:15,wishlist,262,s003273
190,2025-08-06 11:02:30,view,180,s003274
1077,2024-12-14 19:31:23,add_to_cart,118,s003275
330,2025-03-04 22:04:56,wishlist,225,s003276
2217,2025-03-23 11:12:59,add_to_cart,345,s003277
1028,2024-10-09 23:06:49,view,229,s003278
1376,2025-05-11 19:38:31,view,26,s003279
1373,2024-11-16 09:30:37,add_to_cart,259,s003280
1954,2025-04-18 20:27:45,view,276,s003281
177,2024-06-08 06:36:35,wishlist,320,s003282
2079,2025-03-31 18:45:30,view,284,s003283
741,2024-03-23 14:32:48,view,43,s003284
1303,2025-10-06 14:43:29,view,237,s003285
163,2024-12-14 20:47:21,add_to_cart,267,s003286
2079,2024-05-10 16:23:55,view,343,s003287
949,2024-08-21 19:19:05,wishlist,86,s003288
291,2025-11-04 12:09:30,view,372,s003289
346,2024-07-02 22:24:10,view,329,s003290
2313,2025-05-01 05:23:08,view,276,s003291
2408,2025-10-26 17:16:25,view,77,s003292
418,2024-10-11 20:59:45,wishlist,217,s003293
161,2025-01-17 12:19:36,purchase,205,s003294
659,2024-07-22 10:52:34,view,123,s003295
2133,2025-02-11 09:41:05,view,104,s003296
1020,2024-03-18 21:32:20,wishlist,334,s003297
675,2024-03-26 22:11:47,view,257,s003298
1614,2025-08-10 09:31:39,view,220,s003299
360,2025-09-23 02:54:34,wishlist,18,s003300
1,2025-11-09 21:47:26,view,21,s003301
369,2025-01-31 15:32:52,view,239,s003302
1052,2024-12-21 21:37:57,view,158,s003303
589,2024-03-31 20:22:00,view,254,s003304
2495,2025-12-11 20:22:03,purchase,391,s003305
632,2024-11-30 17:23:12,view,69,s003306
1870,2024-03-19 23:10:30,view,168,s003307
2427,2024-06-12 19:58:07,view,238,s003308
1183,2025-08-17 20:13:33,view,70,s003309
199,2024-05-11 21:02:07,view,392,s003310
1203,2025-06-28 16:18:35,wishlist,158,s003311
1087,2025-07-29 19:00:29,add_to_cart,295,s003312
829,2024-06-21 22:14:07,wishlist,49,s003313
927,2025-03-15 12:06:53,view,140,s003314
293,2024-11-08 19:40:14,view,327,s003315
429,2024-04-11 09:46:47,view,153,s003316
1575,2025-03-02 17:58:12,add_to_cart,271,s003317
1860,2024-01-30 08:41:08,view,346,s003318
1611,2025-10-28 16:44:39,wishlist,17,s003319
1693,2025-07-01 11:22:41,add_to_cart,111,s003320
69,2024-05-14 18:42:51,add_to_cart,35,s003321
332,2024-05-30 17:37:22,view,135,s003322
784,2024-08-14 09:00:05,purchase,173,s003323
1588,2025-02-10 19:03:21,purchase,187,s003324
1188,2025-11-08 18:36:06,view,132,s003325
606,2024-08-31 00:02:40,purchase,395,s003326
2066,2025-11-09 00:28:04,view,280,s003327
1760,2025-10-20 22:04:09,wishlist,12,s003328
407,2024-09-06 12:31:38,view,4,s003329
591,2024-05-23 05:18:35,view,42,s003330
1228,2025-04-04 22:45:27,wishlist,90,s003331
2119,2024-10-06 08:39:03,wishlist,197,s003332
1320,2024-04-19 07:05:01,view,137,s003333
1568,2024-07-27 19:39:13,remove_from_cart,255,s003334
1686,2024-02-15 03:00:53,view,387,s003335
2115,2024-05-11 19:21:48,add_to_cart,331,s003336
770,2024-05-18 17:56:42,wishlist,288,s003337
339,2025-04-14 18:03:19,view,237,s003338
96,2024-11-09 09:00:43,wishlist,21,s003339
1601,2025-09-14 09:10:23,view,67,s003340
2238,2024-02-19 19:13:35,view,81,s003341
1617,2024-06-24 21:21:03,view,391,s003342
853,2025-01-12 14:57:47,remove_from_cart,156,s003343
561,2025-02-01 06:57:26,view,119,s003344
1978,2024-04-12 22:15:33,view,187,s003345
2467,2025-11-19 21:05:34,view,168,s003346
678,2024-02-10 15:54:02,purchase,32,s003347
496,2025-05-03 10:17:13,view,355,s003348
1490,2024-10-19 16:52:37,add_to_cart,391,s003349
989,2025-01-16 17:26:44,view,131,s003350
2167,2025-03-17 12:18:42,add_to_cart,247,s003351
1531,2024-05-01 10:10:22,view,168,s003352
1903,2025-10-28 11:21:23,remove_from_cart,226,s003353
1202,2024-09-21 17:31:31,view,160,s003354
355,2024-04-12 20:08:45,view,309,s003355
1808,2024-03-15 07:11:48,purchase,160,s003356
370,2024-06-15 18:57:22,view,218,s003357
2086,2024-09-29 18:28:04,remove_from_cart,53,s003358
744,2025-02-05 21:14:42,view,383,s003359
2043,2025-08-03 07:16:03,view,231,s003360
1006,2025-07-02 22:24:09,purchase,265,s003361
279,2024-03-26 11:13:46,view,252,s003362
1219,2024-06-09 18:13:03,wishlist,248,s003363
1780,2025-03-24 11:09:29,wishlist,164,s003364
1766,2025-02-06 20:50:24,wishlist,183,s003365
2404,2024-02-22 18:35:36,view,35,s003366
117,2025-04-08 14:32:59,view,328,s003367
2161,2025-10-12 19:43:44,wishlist,53,s003368
1278,2025-10-31 22:33:54,remove_from_cart,327,s003369
1673,2025-04-05 07:01:29,view,273,s003370
1298,2024-07-20 22:22:49,view,203,s003371
397,2025-03-15 10:38:40,add_to_cart,23,s003372
2304,2024-11-17 20:55:24,wishlist,267,s003373
354,2025-06-18 18:04:31,view,191,s003374
2060,2025-05-02 17:57:00,purchase,225,s003375
763,2025-03-13 18:22:48,view,213,s003376
1069,2024-09-03 05:40:56,wishlist,96,s003377
396,2025-12-06 23:26:39,view,207,s003378
1089,2024-11-20 08:25:56,add_to_cart,127,s003379
514,2025-10-18 06:52:56,view,377,s003380
1833,2024-04-19 00:08:42,view,43,s003381
2035,2025-01-18 22:44:30,purchase,362,s003382
517,2024-09-14 11:53:08,view,175,s003383
742,2024-04-13 20:12:55,view,123,s003384
2309,2025-03-30 06:26:45,view,391,s003385
838,2024-05-04 20:05:47,view,42,s003386
1147,2025-11-21 20:50:04,add_to_cart,203,s003387
1583,2025-12-14 14:01:41,view,391,s003388
2202,2025-09-21 21:22:01,remove_from_cart,254,s003389
1233,2024-09-19 08:35:06,view,152,s003390
390,2024-01-15 21:00:59,add_to_cart,77,s003391
2047,2025-07-29 07:22:41,purchase,99,s003392
88,2024-04-12 00:57:54,view,176,s003393
1978,2024-11-24 20:24:44,view,57,s003394
2406,2025-05-22 16:07:12,view,139,s003395
1365,2025-01-21 09:41:00,purchase,120,s003396
548,2024-06-11 20:48:34,wishlist,400,s003397
1421,2024-10-14 09:34:19,view,342,s003398
542,2025-08-22 14:24:43,view,83,s003399
393,2024-09-09 12:27:55,view,284,s003400
1376,2025-11-03 08:46:46,purchase,91,s003401
1043,2024-10-27 22:45:51,add_to_cart,139,s003402
1662,2024-10-25 18:04:46,purchase,226,s003403
2281,2025-06-07 09:17:18,view,99,s003404
2007,2024-11-12 18:16:10,view,53,s003405
1417,2024-10-04 09:15:21,view,139,s003406
1058,2024-09-16 07:19:33,view,290,s003407
2088,2024-08-20 22:12:10,view,334,s003408
1362,2024-10-11 02:11:28,wishlist,400,s003409
1072,2025-05-31 17:12:14,add_to_cart,334,s003410
2016,2024-05-27 14:00:21,add_to_cart,57,s003411
2024,2024-06-03 19:08:10,view,352,s003412
338,2024-05-16 18:46:58,view,350,s003413
1251,2024-05-18 09:17:08,wishlist,7,s003414
194,2025-09-15 20:30:40,view,97,s003415
1236,2025-04-15 20:22:53,view,191,s003416
223,2025-03-17 18:26:15,add_to_cart,65,s003417
1651,2025-10-04 10:48:12,view,194,s003418
1388,2025-01-26 18:19:39,view,260,s003419
2364,2025-06-29 21:54:44,view,246,s003420
901,2024-10-18 10:51:20,remove_from_cart,364,s003421
1015,2025-04-04 11:31:12,view,357,s003422
1292,2024-06-01 21:34:13,view,298,s003423
2227,2024-04-10 07:26:25,view,269,s003424
1227,2024-03-18 20:38:05,view,95,s003425
1064,2025-04-10 15:18:38,purchase,375,s003426
1870,2024-08-02 19:16:42,add_to_cart,3,s003427
290,2025-08-17 09:02:55,view,346,s003428
1108,2025-07-07 07:11:59,wishlist,253,s003429
1977,2025-03-21 18:17:38,wishlist,351,s003430
1877,2024-02-06 11:12:32,view,183,s003431
1498,2024-06-04 17:14:19,add_to_cart,212,s003432
1333,2025-01-28 07:44:34,view,217,s003433
876,2024-04-21 23:31:25,view,27,s003434
2325,2024-10-01 23:52:23,add_to_cart,219,s003435
1773,2025-01-04 17:35:43,view,43,s003436
1223,2024-05-08 11:51:37,purchase,133,s003437
2382,2024-11-12 08:37:09,view,375,s003438
676,2025-05-10 10:38:14,wishlist,315,s003439
874,2024-10-02 18:10:39,view,386,s003440
921,2025-04-21 06:25:44,add_to_cart,44,s003441
1728,2024-07-14 21:16:49,purchase,230,s003442
2148,2025-06-16 21:12:08,view,224,s003443
260,2025-02-06 07:39:16,view,273,s003444
470,2024-04-21 08:48:38,view,340,s003445
337,2024-10-13 14:03:45,view,259,s003446
936,2025-07-12 19:17:52,view,369,s003447
1114,2024-05-21 17:54:48,add_to_cart,40,s003448
1226,2024-10-20 18:40:20,add_to_cart,368,s003449
498,2024-11-30 10:24:05,view,63,s003450
582,2025-09-11 10:05:10,purchase,228,s003451
2146,2024-04-03 20:51:32,add_to_cart,349,s003452
896,2025-10-26 17:03:47,view,333,s003453
1856,2024-08-13 21:35:36,wishlist,350,s003454
152,2025-10-28 21:59:11,view,16,s003455
150,2025-03-13 21:09:34,add_to_cart,389,s003456
1064,2025-06-09 17:51:40,view,342,s003457
732,2025-09-17 09:41:21,view,205,s003458
293,2025-04-27 13:53:03,view,5,s003459
530,2025-07-15 20:28:38,view,378,s003460
873,2024-03-02 05:53:24,view,165,s003461
2164,2024-01-07 11:54:32,view,82,s003462
2183,2025-09-07 12:39:42,view,258,s003463
1715,2024-02-07 22:44:59,view,145,s003464
720,2025-08-31 10:24:02,view,42,s003465
837,2024-08-11 19:09:29,view,388,s003466
1369,2025-10-05 19:50:13,view,72,s003467
455,2024-05-24 23:50:56,add_to_cart,126,s003468
237,2024-04-17 07:54:27,view,363,s003469
2077,2024-06-01 12:19:32,view,144,s003470
184,2025-08-23 17:16:26,view,379,s003471
1538,2024-09-16 15:51:50,add_to_cart,294,s003472
1444,2025-10-11 08:51:27,add_to_cart,208,s003473
2269,2025-02-20 23:28:33,add_to_cart,390,s003474
946,2025-08-14 18:49:21,purchase,376,s003475
857,2024-12-05 11:04:55,add_to_cart,22,s003476
2307,2025-05-17 19:15:50,add_to_cart,107,s003477
1627,2024-07-25 19:56:41,purchase,58,s003478
1169,2024-03-13 20:47:12,wishlist,68,s003479
2192,2025-02-05 16:43:13,view,103,s003480
1915,2025-10-05 10:56:34,view,38,s003481
1167,2024-04-18 19:02:16,purchase,207,s003482
1384,2024-10-23 10:24:14,remove_from_cart,155,s003483
860,2025-01-15 19:42:48,view,201,s003484
586,2025-03-17 21:13:55,view,338,s003485
1164,2024-04-23 05:31:38,purchase,387,s003486
2338,2025-01-29 21:19:41,add_to_cart,282,s003487
2306,2024-12-01 15:02:58,purchase,367,s003488
715,2025-12-03 20:53:44,add_to_cart,119,s003489
892,2025-05-07 14:47:22,add_to_cart,379,s003490
331,2025-10-07 17:43:39,view,92,s003491
634,2025-11-27 08:00:47,view,13,s003492
1943,2025-04-19 18:56:20,view,137,s003493
1936,2024-04-14 18:59:05,wishlist,362,s003494
2474,2024-11-13 08:26:37,view,80,s003495
1279,2025-06-23 20:49:27,add_to_cart,320,s003496
359,2024-04-06 19:45:43,view,123,s003497
1023,2024-09-28 09:27:47,view,288,s003498
814,2024-09-27 10:03:18,view,360,s003499
1696,2024-05-01 21:56:57,view,40,s003500
1309,2024-01-15 07:04:00,view,275,s003501
2497,2025-05-06 21:51:57,purchase,309,s003502
756,2025-08-07 05:39:31,purchase,85,s003503
2374,2025-10-26 11:43:33,wishlist,365,s003504
862,2025-02-21 04:58:50,view,330,s003505
2292,2024-05-09 19:58:00,view,307,s003506
941,2025-09-30 08:57:56,purchase,76,s003507
2039,2025-11-23 13:15:51,view,154,s003508
1266,2025-11-06 15:34:13,view,137,s003509
1104,2025-02-08 09:18:08,view,129,s003510
1230,2025-09-24 15:35:16,view,48,s003511
2046,2025-12-06 17:32:42,add_to_cart,23,s003512
335,2025-09-24 11:58:04,add_to_cart,29,s003513
384,2024-02-19 09:37:28,purchase,6,s003514
717,2024-04-06 21:01:42,purchase,123,s003515
625,2024-08-02 04:38:43,view,155,s003516
436,2024-10-08 20:27:53,add_to_cart,29,s003517
1154,2024-04-16 14:50:29,purchase,34,s003518
2212,2025-12-09 19:59:27,add_to_cart,313,s003519
1794,2025-07-18 22:08:46,wishlist,360,s003520
1235,2025-04-22 14:50:45,add_to_cart,88,s003521
361,2025-11-17 19:57:19,view,30,s003522
120,2024-08-16 08:58:37,add_to_cart,270,s003523
867,2025-05-22 07:30:26,add_to_cart,25,s003524
1332,2025-11-08 08:50:53,add_to_cart,61,s003525
108,2024-02-29 21:01:52,view,22,s003526
1716,2025-03-06 20:32:19,add_to_cart,289,s003527
2404,2025-07-24 23:30:47,wishlist,380,s003528
1062,2024-01-12 20:30:13,purchase,65,s003529
2146,2025-09-28 20:21:59,view,226,s003530
919,2024-10-25 19:55:16,view,83,s003531
955,2024-04-30 10:41:03,wishlist,119,s003532
303,2025-08-30 19:00:01,view,31,s003533
879,2024-05-17 08:51:54,wishlist,163,s003534
1789,2024-07-19 18:47:51,purchase,90,s003535
1516,2025-01-06 21:54:55,purchase,243,s003536
827,2025-10-15 12:02:16,view,86,s003537
410,2024-12-15 20:14:51,remove_from_cart,160,s003538
2396,2025-10-08 18:32:36,view,58,s003539
1260,2024-02-07 13:18:41,view,178,s003540
1209,2024-06-19 23:03:17,purchase,371,s003541
889,2024-08-06 20:44:21,add_to_cart,23,s003542
334,2024-11-16 18:22:15,view,257,s003543
1761,2024-11-05 11:53:34,add_to_cart,65,s003544
2444,2024-01-29 05:36:41,wishlist,306,s003545
1031,2025-06-19 22:15:13,view,397,s003546
839,2025-06-26 19:54:22,view,357,s003547
2259,2024-11-23 06:10:57,view,175,s003548
2177,2024-02-27 16:19:48,view,10,s003549
2362,2025-01-28 17:04:13,wishlist,357,s003550
1147,2024-04-03 16:43:23,wishlist,203,s003551
2434,2025-11-29 07:10:02,view,51,s003552
1087,2025-03-21 17:32:59,view,21,s003553
75,2025-06-08 13:04:51,remove_from_cart,3,s003554
1726,2024-01-14 19:35:46,purchase,324,s003555
903,2024-09-28 22:51:15,view,398,s003556
2486,2025-10-07 08:06:23,view,372,s003557
988,2024-09-28 21:20:12,view,316,s003558
1341,2024-01-26 22:34:24,view,68,s003559
758,2025-04-24 23:57:57,add_to_cart,339,s003560
193,2025-05-12 17:31:53,remove_from_cart,17,s003561
2211,2024-08-27 10:40:02,view,43,s003562
2297,2025-07-27 10:42:33,add_to_cart,243,s003563
1524,2025-09-01 19:46:16,wishlist,331,s003564
938,2025-07-13 17:43:02,remove_from_cart,178,s003565
656,2024-10-17 07:19:37,view,223,s003566
2182,2024-09-01 06:46:14,wishlist,364,s003567
1141,2025-11-04 18:59:11,view,147,s003568
1705,2025-05-28 20:54:12,add_to_cart,314,s003569
618,2025-01-29 20:53:51,view,3,s003570
1906,2024-12-15 20:55:45,view,3,s003571
947,2024-07-09 09:17:35,view,6,s003572
2323,2025-10-14 20:44:24,add_to_cart,288,s003573
1199,2025-10-18 19:58:13,view,150,s003574
1078,2024-03-01 08:01:14,wishlist,323,s003575
208,2025-04-20 19:00:14,add_to_cart,280,s003576
288,2024-08-15 01:22:23,wishlist,60,s003577
1918,2024-12-29 08:54:26,wishlist,276,s003578
1034,2024-03-22 19:18:14,wishlist,260,s003579
1367,2025-08-01 09:48:40,wishlist,110,s003580
1379,2025-07-29 15:57:14,add_to_cart,182,s003581
2164,2024-03-17 07:25:05,view,326,s003582
1873,2024-02-23 21:43:32,add_to_cart,335,s003583
119,2024-09-23 20:09:58,view,252,s003584
1260,2024-04-19 10:09:34,view,195,s003585
2129,2025-07-26 21:45:58,purchase,213,s003586
2225,2025-07-10 08:55:10,view,228,s003587
914,2025-09-08 07:03:19,add_to_cart,392,s003588
980,2024-01-07 19:01:10,view,72,s003589
1405,2024-01-10 08:23:35,wishlist,282,s003590
678,2025-07-30 09:01:32,view,121,s003591
1452,2025-09-13 16:01:52,view,332,s003592
381,2025-03-16 16:45:11,view,130,s003593
2000,2024-04-21 10:37:02,add_to_cart,326,s003594
1062,2025-03-23 23:34:55,wishlist,337,s003595
271,2025-09-14 21:18:48,view,370,s003596
614,2024-11-24 22:06:14,view,37,s003597
1068,2025-09-15 19:30:03,view,225,s003598
1318,2025-07-15 20:44:25,view,165,s003599
2251,2024-03-16 07:56:41,view,62,s003600
1862,2024-03-28 16:47:28,wishlist,341,s003601
2313,2025-05-17 18:59:56,view,70,s003602
1757,2024-05-22 16:23:44,view,213,s003603
1061,2025-06-16 15:53:58,view,55,s003604
1835,2024-02-27 13:23:26,view,143,s003605
2382,2024-03-06 08:23:01,view,334,s003606
780,2025-11-10 19:14:26,view,117,s003607
825,2024-01-03 09:07:11,view,192,s003608
1615,2025-07-19 06:55:03,add_to_cart,125,s003609
1347,2024-06-15 02:10:49,purchase,272,s003610
2209,2024-02-05 09:03:11,view,201,s003611
1310,2024-02-26 09:18:38,view,255,s003612
1612,2024-08-16 22:06:25,view,252,s003613
1013,2025-01-12 21:32:37,view,153,s003614
1145,2024-12-05 08:53:43,add_to_cart,400,s003615
1092,2024-05-20 19:17:30,purchase,314,s003616
2456,2025-12-06 18:51:55,view,101,s003617
1596,2025-03-08 19:18:09,remove_from_cart,84,s003618
1708,2024-05-12 14:05:33,add_to_cart,69,s003619
648,2024-07-24 05:13:27,view,210,s003620
378,2025-04-27 09:50:09,view,212,s003621
1875,2025-09-09 13:22:37,view,333,s003622
275,2024-02-13 14:11:01,purchase,153,s003623
1400,2024-05-12 22:28:46,purchase,116,s003624
2412,2024-01-05 19:08:29,view,234,s003625
1120,2024-05-05 18:03:48,view,126,s003626
159,2024-05-21 17:11:13,remove_from_cart,20,s003627
2276,2024-04-12 14:31:48,view,298,s003628
1495,2025-01-21 08:06:32,wishlist,215,s003629
2270,2025-11-25 11:24:41,wishlist,386,s003630
2350,2025-05-14 09:47:43,view,270,s003631
197,2025-05-16 20:40:39,view,181,s003632
1225,2024-02-24 13:21:51,wishlist,154,s003633
151,2024-05-13 18:16:29,purchase,318,s003634
2427,2024-08-17 21:25:49,wishlist,84,s003635
407,2025-12-09 21:58:46,remove_from_cart,199,s003636
2497,2024-04-25 17:56:08,add_to_cart,21,s003637
2211,2025-03-29 20:27:46,purchase,197,s003638
1856,2025-02-26 11:14:55,view,219,s003639
1947,2025-03-05 01:51:28,view,123,s003640
46,2024-12-27 16:07:45,view,132,s003641
2091,2024-07-22 17:06:04,view,119,s003642
612,2024-10-31 00:57:41,view,279,s003643
50,2025-08-11 18:37:42,add_to_cart,255,s003644
2200,2025-06-09 21:11:23,view,349,s003645
282,2025-01-13 04:10:35,add_to_cart,213,s003646
538,2025-04-12 08:11:43,view,288,s003647
1589,2025-11-22 19:20:05,view,222,s003648
1473,2024-06-28 12:11:54,view,288,s003649
2040,2025-06-22 09:51:33,view,27,s003650
2339,2024-02-16 22:46:33,view,90,s003651
2368,2024-02-14 20:56:38,view,365,s003652
1660,2024-09-02 16:28:28,wishlist,393,s003653
1215,2025-06-07 20:36:35,wishlist,86,s003654
227,2025-03-18 21:29:01,remove_from_cart,348,s003655
1319,2025-08-06 05:39:08,view,154,s003656
1591,2024-02-27 08:26:29,remove_from_cart,353,s003657
1029,2025-06-29 18:59:04,remove_from_cart,242,s003658
1679,2025-05-26 09:45:07,remove_from_cart,277,s003659
189,2024-01-09 21:36:30,view,15,s003660
1570,2025-06-15 08:00:01,add_to_cart,343,s003661
1024,2024-03-03 10:08:13,add_to_cart,353,s003662
560,2025-02-23 08:01:38,view,128,s003663
677,2025-10-16 18:25:11,add_to_cart,134,s003664
445,2024-09-15 21:10:23,view,76,s003665
108,2025-05-01 06:12:36,purchase,296,s003666
1366,2025-04-29 10:20:06,view,134,s003667
1596,2024-02-17 18:14:26,view,164,s003668
2466,2024-07-06 18:56:11,view,166,s003669
2095,2025-08-22 11:31:09,view,316,s003670
785,2024-11-17 10:12:54,view,365,s003671
415,2025-06-13 08:32:23,wishlist,154,s003672
2366,2024-12-09 04:42:37,purchase,319,s003673
88,2024-12-22 19:35:07,add_to_cart,213,s003674
527,2025-06-29 14:03:16,view,115,s003675
242,2024-08-11 07:42:27,view,254,s003676
2214,2025-12-14 22:45:34,wishlist,315,s003677
1913,2024-05-15 22:12:38,view,264,s003678
1887,2025-02-23 04:12:42,add_to_cart,248,s003679
2047,2024-01-31 19:44:53,add_to_cart,171,s003680
870,2024-09-08 22:53:36,view,374,s003681
221,2024-11-27 21:46:48,purchase,118,s003682
832,2024-11-25 00:01:16,wishlist,119,s003683
1050,2025-10-21 08:41:58,wishlist,342,s003684
1712,2025-08-27 22:56:19,add_to_cart,374,s003685
505,2025-11-25 20:13:52,view,5,s003686
58,2024-11-27 19:43:35,wishlist,18,s003687
1493,2025-10-03 19:44:12,wishlist,280,s003688
1064,2024-11-18 06:14:19,wishlist,288,s003689
382,2024-04-11 13:18:25,view,33,s003690
1993,2025-06-19 10:45:40,view,113,s003691
1366,2024-10-26 22:55:05,view,215,s003692
927,2024-01-18 17:36:09,view,77,s003693
1941,2024-04-09 23:29:17,view,357,s003694
1342,2024-08-14 19:02:49,view,326,s003695
1572,2025-12-07 08:28:09,view,267,s003696
1111,2025-03-27 20:31:51,view,29,s003697
479,2024-10-12 08:12:45,remove_from_cart,117,s003698
422,2024-01-10 21:35:41,purchase,164,s003699
540,2025-07-19 09:37:09,view,68,s003700
920,2025-04-17 03:42:20,purchase,106,s003701
171,2024-05-03 15:01:31,view,111,s003702
1224,2025-02-27 07:29:12,purchase,100,s003703
1373,2024-05-11 11:07:39,view,64,s003704
598,2024-03-08 10:24:31,add_to_cart,275,s003705
992,2024-10-06 21:41:09,view,62,s003706
1742,2024-04-17 19:34:59,view,101,s003707
1718,2024-08-28 19:58:47,view,399,s003708
2171,2024-01-16 22:38:53,wishlist,29,s003709
1303,2024-10-07 07:02:44,purchase,397,s003710
1357,2024-08-04 21:21:24,purchase,109,s003711
1934,2025-11-13 10:28:48,view,368,s003712
1099,2025-01-27 22:08:38,view,38,s003713
2198,2024-06-11 06:17:10,wishlist,351,s003714
2257,2024-12-13 18:16:28,add_to_cart,323,s003715
1309,2025-05-31 10:22:02,purchase,353,s003716
1326,2024-11-05 15:21:38,add_to_cart,166,s003717
180,2025-11-07 10:37:50,add_to_cart,199,s003718
2110,2024-04-24 17:36:18,add_to_cart,271,s003719
2232,2025-11-22 20:25:02,view,156,s003720
1590,2024-02-12 03:40:23,add_to_cart,297,s003721
199,2025-11-17 07:36:33,add_to_cart,177,s003722
76,2024-02-17 20:31:29,view,96,s003723
210,2024-08-18 15:05:21,view,273,s003724
667,2024-12-06 08:24:51,wishlist,297,s003725
1839,2024-07-25 17:37:08,view,32,s003726
2215,2024-06-16 20:59:53,remove_from_cart,158,s003727
2409,2025-11-04 09:23:14,wishlist,324,s003728
574,2025-07-27 20:32:50,view,360,s003729
72,2024-10-24 12:31:17,view,156,s003730
399,2024-01-10 07:47:53,purchase,66,s003731
1336,2024-08-07 10:58:32,purchase,155,s003732
64,2024-04-23 19:44:04,view,75,s003733
289,2025-03-26 07:00:31,view,200,s003734
1975,2025-05-03 20:31:14,view,249,s003735
1372,2024-11-02 18:50:25,view,49,s003736
780,2024-03-27 10:15:40,view,253,s003737
1223,2024-04-02 21:06:10,view,5,s003738
2277,2024-07-20 22:40:56,wishlist,176,s003739
1272,2025-06-01 10:23:52,view,103,s003740
641,2025-07-30 09:58:10,add_to_cart,308,s003741
1781,2025-09-08 12:28:22,view,275,s003742
1636,2024-09-20 20:49:42,view,313,s003743
992,2025-11-23 08:36:18,add_to_cart,106,s003744
388,2024-02-15 11:05:56,add_to_cart,209,s003745
2371,2024-11-15 19:30:52,view,338,s003746
1247,2024-10-24 15:56:03,purchase,195,s003747
671,2024-05-29 09:39:08,view,244,s003748
1598,2024-08-20 09:19:44,purchase,237,s003749
1148,2024-06-15 03:51:33,purchase,81,s003750
974,2025-09-14 18:39:26,purchase,73,s003751
1769,2024-08-11 22:42:28,add_to_cart,321,s003752
2010,2025-10-15 09:10:16,wishlist,110,s003753
2423,2025-11-25 17:41:05,view,366,s003754
567,2025-07-15 22:04:33,view,157,s003755
1183,2025-01-31 12:52:58,view,207,s003756
1835,2025-02-16 03:23:46,remove_from_cart,130,s003757
1469,2024-08-24 12:58:54,wishlist,342,s003758
2388,2024-05-18 22:40:48,add_to_cart,49,s003759
290,2024-03-31 17:03:11,view,80,s003760
1606,2024-08-17 13:30:27,view,87,s003761
1217,2025-03-27 09:18:09,remove_from_cart,30,s003762
1706,2025-11-24 12:55:25,view,162,s003763
1655,2024-06-12 21:01:28,view,153,s003764
1897,2025-02-27 22:00:58,view,202,s003765
893,2024-06-18 18:30:48,add_to_cart,37,s003766
1894,2025-08-08 11:46:38,purchase,146,s003767
2020,2024-12-14 21:11:19,purchase,242,s003768
722,2024-12-01 16:50:44,view,132,s003769
2207,2024-01-14 13:58:50,view,342,s003770
2068,2024-12-30 07:17:53,remove_from_cart,75,s003771
2268,2024-03-09 17:54:18,add_to_cart,237,s003772
2069,2025-06-19 19:02:26,remove_from_cart,38,s003773
499,2025-03-21 11:05:46,view,91,s003774
151,2024-02-28 20:12:09,view,287,s003775
2135,2024-12-16 09:04:01,view,202,s003776
655,2025-03-06 22:24:22,wishlist,142,s003777
796,2025-09-28 19:50:34,purchase,323,s003778
1299,2025-11-15 03:16:07,view,36,s003779
528,2024-07-08 14:26:56,purchase,258,s003780
1903,2024-11-16 07:37:24,wishlist,393,s003781
68,2025-07-09 09:24:08,view,382,s003782
125,2025-07-18 09:35:04,view,205,s003783
1935,2024-07-16 22:44:08,wishlist,277,s003784
1343,2024-04-12 11:59:04,view,151,s003785
79,2025-08-28 20:51:26,view,160,s003786
2259,2024-02-12 22:08:18,purchase,182,s003787
197,2024-06-25 05:52:20,purchase,174,s003788
90,2025-03-28 11:26:00,view,376,s003789
2104,2024-08-21 17:41:16,view,23,s003790
2064,2025-08-11 16:32:15,view,44,s003791
1535,2024-12-10 07:26:34,purchase,251,s003792
1649,2024-04-14 08:34:38,add_to_cart,341,s003793
746,2024-07-13 07:39:32,add_to_cart,269,s003794
1434,2024-08-16 17:54:06,purchase,223,s003795
1976,2025-12-04 20:57:58,view,283,s003796
1058,2025-03-07 19:24:51,view,346,s003797
283,2025-01-17 09:24:24,purchase,162,s003798
1252,2025-08-11 09:44:18,view,146,s003799
954,2025-04-06 13:29:35,purchase,151,s003800
1099,2025-11-14 13:55:04,view,175,s003801
1348,2025-03-02 18:57:26,wishlist,180,s003802
2443,2024-03-26 05:28:32,view,197,s003803
1753,2025-06-07 20:04:30,wishlist,214,s003804
646,2025-06-09 11:06:55,wishlist,347,s003805
1930,2024-05-19 10:34:46,view,117,s003806
1870,2025-07-24 19:08:57,view,307,s003807
52,2024-07-20 21:27:39,purchase,58,s003808
2395,2025-07-18 11:50:51,view,157,s003809
1947,2024-10-29 18:20:35,add_to_cart,150,s003810
2237,2025-08-07 20:27:35,view,275,s003811
1243,2024-01-08 02:25:56,add_to_cart,116,s003812
436,2024-07-05 21:22:22,wishlist,156,s003813
1862,2024-04-12 06:40:27,remove_from_cart,101,s003814
2368,2024-01-19 18:33:05,view,305,s003815
1739,2025-04-10 02:50:40,view,43,s003816
661,2025-06-28 12:38:57,view,247,s003817
1164,2024-02-26 08:49:52,add_to_cart,399,s003818
1611,2024-11-27 19:23:37,wishlist,268,s003819
1211,2025-10-11 20:05:43,wishlist,256,s003820
1460,2024-04-15 17:06:40,add_to_cart,117,s003821
1808,2025-03-22 11:05:51,view,396,s003822
1717,2025-01-31 09:17:03,view,112,s003823
625,2025-02-28 07:24:52,purchase,61,s003824
748,2025-06-25 18:26:59,view,222,s003825
1864,2024-03-17 20:15:13,view,259,s003826
729,2024-07-14 22:12:04,add_to_cart,195,s003827
2117,2024-07-16 12:32:04,purchase,90,s003828
190,2025-05-19 16:39:28,view,23,s003829
1879,2024-11-19 22:37:05,add_to_cart,62,s003830
1920,2024-04-26 18:34:13,wishlist,8,s003831
2405,2024-04-01 19:18:05,wishlist,384,s003832
1565,2025-11-13 14:06:22,view,142,s003833
1768,2024-03-29 12:58:10,add_to_cart,328,s003834
821,2025-09-11 10:30:44,add_to_cart,26,s003835
1639,2025-01-29 10:11:09,view,274,s003836
517,2024-09-20 01:24:59,purchase,379,s003837
1960,2024-08-13 18:19:17,view,332,s003838
231,2025-05-29 22:13:58,view,43,s003839
590,2025-01-27 23:59:35,view,1,s003840
709,2025-03-25 02:53:46,view,35,s003841
2151,2025-04-06 03:42:51,remove_from_cart,242,s003842
2286,2024-10-09 18:09:07,view,62,s003843
1777,2024-08-21 09:16:24,remove_from_cart,248,s003844
2079,2025-08-19 12:23:38,add_to_cart,116,s003845
10,2024-01-25 18:06:26,add_to_cart,383,s003846
1467,2024-07-20 07:14:27,purchase,280,s003847
671,2025-02-07 08:55:53,view,86,s003848
1541,2025-02-09 08:15:54,view,33,s003849
1489,2025-09-22 22:53:15,add_to_cart,13,s003850
1066,2024-02-09 21:33:35,view,249,s003851
1090,2025-05-27 18:48:35,view,204,s003852
1819,2024-04-04 19:36:44,wishlist,155,s003853
851,2024-02-15 20:42:29,purchase,160,s003854
1543,2024-02-18 07:38:25,view,220,s003855
912,2024-04-18 09:59:11,add_to_cart,88,s003856
41,2025-01-08 22:37:30,purchase,59,s003857
337,2025-11-02 08:06:25,view,21,s003858
2058,2024-06-16 17:09:24,add_to_cart,362,s003859
139,2025-06-22 06:07:39,view,356,s003860
2147,2025-11-25 19:38:01,view,275,s003861
2092,2024-08-29 21:53:11,add_to_cart,45,s003862
338,2024-10-21 01:08:49,wishlist,308,s003863
359,2025-06-20 05:22:10,view,288,s003864
455,2024-12-17 13:25:22,wishlist,41,s003865
2013,2025-01-24 07:32:24,wishlist,96,s003866
97,2025-01-09 20:19:07,view,359,s003867
2323,2025-04-03 17:38:40,remove_from_cart,182,s003868
654,2024-10-09 08:56:17,view,93,s003869
1080,2024-04-20 12:59:57,wishlist,15,s003870
1416,2025-08-10 19:08:03,wishlist,294,s003871
2010,2025-08-04 09:34:24,view,198,s003872
771,2024-11-16 08:51:56,view,384,s003873
2409,2024-03-23 08:04:50,view,61,s003874
1977,2025-10-12 12:03:49,view,88,s003875
2097,2024-07-05 18:35:26,view,90,s003876
1851,2024-06-19 14:07:12,view,263,s003877
2123,2025-04-05 21:09:16,view,368,s003878
244,2025-02-02 14:47:14,view,354,s003879
2330,2024-02-07 08:30:01,view,393,s003880
766,2025-08-24 19:10:38,view,246,s003881
1073,2024-06-10 17:47:39,add_to_cart,363,s003882
295,2024-01-31 08:05:41,wishlist,36,s003883
1967,2024-06-05 13:04:24,view,27,s003884
1583,2024-06-15 20:03:09,view,354,s003885
1198,2024-04-18 08:10:06,view,41,s003886
846,2025-09-13 20:01:48,purchase,7,s003887
2371,2024-12-23 09:07:53,add_to_cart,45,s003888
2196,2024-08-18 20:51:53,view,131,s003889
371,2025-06-23 21:38:10,view,347,s003890
1974,2025-04-23 17:09:36,add_to_cart,119,s003891
1933,2024-01-14 22:04:13,wishlist,92,s003892
168,2025-06-30 09:30:42,view,155,s003893
93,2024-12-17 01:30:52,add_to_cart,380,s003894
1880,2025-04-23 08:29:56,view,316,s003895
142,2025-05-12 16:23:09,view,311,s003896
2405,2025-01-27 08:33:20,wishlist,317,s003897
279,2024-01-29 19:40:41,view,116,s003898
2201,2025-02-25 20:07:50,add_to_cart,345,s003899
1036,2024-05-29 18:13:16,view,144,s003900
718,2025-02-20 18:23:50,view,191,s003901
261,2024-01-06 18:40:52,view,5,s003902
394,2025-05-16 18:17:34,view,1,s003903
329,2025-02-19 18:50:55,purchase,174,s003904
1776,2024-09-19 12:00:35,purchase,148,s003905
552,2025-10-03 21:31:21,view,174,s003906
2095,2024-04-27 07:28:50,view,389,s003907
921,2024-05-31 09:33:05,purchase,189,s003908
459,2025-01-17 18:07:50,view,6,s003909
468,2025-10-15 21:30:16,purchase,312,s003910
1168,2025-06-15 23:05:26,add_to_cart,216,s003911
364,2024-07-19 19:24:18,add_to_cart,357,s003912
78,2025-02-01 10:17:21,view,253,s003913
1544,2024-12-30 21:15:47,view,148,s003914
1744,2024-04-24 22:00:07,view,34,s003915
1113,2024-05-23 21:18:10,wishlist,266,s003916
662,2025-03-09 20:59:29,view,138,s003917
893,2024-08-26 21:41:51,view,32,s003918
1998,2024-08-21 02:33:30,view,102,s003919
1394,2024-07-04 16:10:46,view,274,s003920
854,2024-03-26 22:46:52,wishlist,169,s003921
465,2024-07-22 06:45:59,view,121,s003922
2448,2024-01-21 09:15:11,view,191,s003923
2323,2025-03-06 07:39:31,add_to_cart,113,s003924
800,2025-04-10 20:30:30,purchase,337,s003925
220,2024-12-31 17:31:54,view,158,s003926
2101,2024-10-16 08:54:07,purchase,281,s003927
1743,2024-05-11 22:23:46,view,162,s003928
2454,2024-01-30 01:13:17,view,84,s003929
2449,2025-07-28 11:17:59,purchase,206,s003930
2,2025-06-14 22:37:46,view,214,s003931
1393,2025-09-16 08:37:14,view,111,s003932
2267,2024-05-22 18:53:34,view,16,s003933
465,2025-02-11 16:12:46,view,334,s003934
674,2025-06-17 20:27:40,add_to_cart,19,s003935
1833,2025-08-17 16:42:07,view,85,s003936
196,2025-04-26 13:37:06,wishlist,40,s003937
1000,2025-09-25 20:54:27,add_to_cart,394,s003938
243,2025-08-06 10:34:02,purchase,354,s003939
1480,2024-09-14 16:19:02,view,382,s003940
2024,2024-02-08 03:51:07,add_to_cart,250,s003941
2167,2025-03-23 20:04:24,view,155,s003942
676,2025-02-08 12:59:58,view,270,s003943
943,2025-09-23 20:42:00,wishlist,217,s003944
753,2024-06-29 21:46:50,view,115,s003945
2351,2024-12-30 21:07:54,add_to_cart,337,s003946
2190,2024-08-09 02:44:20,view,294,s003947
636,2024-06-03 01:57:41,add_to_cart,233,s003948
1087,2024-05-09 18:26:42,view,236,s003949
1364,2024-08-26 23:13:02,add_to_cart,194,s003950
1879,2024-12-22 19:28:25,wishlist,296,s003951
2158,2025-05-29 08:50:41,view,173,s003952
1122,2025-05-29 18:16:25,purchase,167,s003953
1954,2024-11-22 22:02:14,remove_from_cart,107,s003954
1116,2024-10-05 19:51:56,view,234,s003955
1166,2025-06-22 09:41:53,view,334,s003956
496,2025-10-19 20:51:05,add_to_cart,65,s003957
49,2024-12-08 07:37:22,view,386,s003958
2000,2025-03-02 07:31:46,add_to_cart,340,s003959
401,2025-07-21 12:26:41,view,156,s003960
182,2025-04-21 09:44:15,add_to_cart,253,s003961
1945,2025-10-31 13:23:05,view,100,s003962
1531,2024-02-25 11:16:27,purchase,123,s003963
517,2024-03-17 21:19:29,purchase,79,s003964
1658,2024-01-01 18:19:50,wishlist,199,s003965
2365,2024-01-23 21:05:41,view,1,s003966
442,2024-02-05 16:23:06,view,311,s003967
2229,2024-01-09 21:03:03,view,190,s003968
2088,2024-07-14 11:00:35,view,310,s003969
2307,2024-01-01 09:54:20,wishlist,189,s003970
2319,2024-11-13 11:27:58,wishlist,240,s003971
273,2025-06-04 01:05:48,remove_from_cart,83,s003972
547,2025-11-17 21:01:40,view,92,s003973
105,2024-03-10 17:51:17,view,248,s003974
403,2024-09-19 13:49:11,view,76,s003975
1232,2025-04-06 09:33:59,view,114,s003976
347,2025-11-24 18:29:29,remove_from_cart,345,s003977
1945,2025-06-13 18:15:28,view,109,s003978
162,2024-09-23 09:31:06,add_to_cart,368,s003979
1599,2024-07-18 13:16:36,view,377,s003980
2427,2025-04-11 21:43:23,wishlist,185,s003981
668,2024-07-31 21:51:20,view,165,s003982
2337,2024-01-25 09:18:15,view,175,s003983
222,2024-03-26 14:56:18,view,148,s003984
2215,2024-04-11 19:46:02,view,263,s003985
1078,2024-11-22 22:19:47,view,333,s003986
205,2025-10-27 11:12:15,purchase,291,s003987
1360,2025-12-03 19:06:20,wishlist,359,s003988
69,2025-10-15 21:12:36,view,271,s003989
1181,2024-03-26 00:20:57,remove_from_cart,171,s003990
741,2025-03-30 09:02:54,wishlist,309,s003991
1042,2025-11-11 15:03:38,add_to_cart,243,s003992
1624,2025-07-20 10:22:06,purchase,281,s003993
972,2025-09-20 03:29:23,view,142,s003994
2009,2025-10-27 21:11:56,wishlist,347,s003995
1391,2024-05-04 09:36:15,view,11,s003996
922,2024-03-21 21:07:01,view,154,s003997
1221,2025-06-01 05:40:53,wishlist,386,s003998
1179,2024-11-21 11:58:19,add_to_cart,200,s003999
873,2025-09-24 12:27:58,wishlist,11,s004000
1270,2025-05-11 12:03:23,purchase,309,s004001
2020,2024-07-14 21:36:02,view,231,s004002
1379,2024-01-17 12:11:51,view,327,s004003
331,2025-02-06 23:13:04,remove_from_cart,308,s004004
305,2024-02-15 07:43:02,view,368,s004005
2004,2025-05-08 19:58:35,view,242,s004006
138,2024-06-02 20:35:38,purchase,229,s004007
2116,2024-10-10 19:35:49,wishlist,49,s004008
45,2024-09-26 21:27:32,add_to_cart,356,s004009
1223,2024-01-27 22:27:20,view,103,s004010
2224,2024-11-04 16:42:11,view,110,s004011
1202,2024-11-28 07:58:17,view,311,s004012
1249,2024-05-04 09:24:39,add_to_cart,103,s004013
2135,2024-01-10 09:56:18,view,136,s004014
1297,2025-10-02 08:23:46,add_to_cart,110,s004015
371,2025-04-13 19:23:33,view,173,s004016
1693,2025-11-16 04:11:53,view,79,s004017
666,2025-09-17 19:08:24,add_to_cart,6,s004018
1633,2025-05-21 14:32:22,view,31,s004019
1492,2025-05-28 10:40:34,view,187,s004020
1911,2024-05-24 22:05:19,view,347,s004021
1718,2024-07-09 09:31:30,purchase,71,s004022
13,2025-04-24 19:05:01,add_to_cart,132,s004023
219,2025-11-18 18:25:57,view,324,s004024
423,2024-05-14 18:30:16,purchase,104,s004025
2155,2025-05-07 12:08:23,view,304,s004026
1388,2025-08-01 13:48:37,wishlist,382,s004027
28,2025-12-12 13:22:26,view,186,s004028
918,2024-02-01 22:12:54,view,107,s004029
2267,2025-02-06 05:48:53,purchase,312,s004030
127,2025-09-03 08:58:50,view,13,s004031
543,2025-02-03 20:24:25,wishlist,231,s004032
545,2025-05-16 11:48:30,add_to_cart,192,s004033
1212,2025-07-19 08:32:19,add_to_cart,153,s004034
716,2025-05-25 19:50:31,view,48,s004035
609,2025-06-14 18:03:42,purchase,40,s004036
1177,2024-07-23 17:42:05,view,243,s004037
1966,2024-03-04 18:33:18,purchase,57,s004038
2064,2024-09-19 17:41:04,add_to_cart,322,s004039
1573,2025-08-08 19:08:28,wishlist,121,s004040
1264,2025-01-23 18:50:22,view,45,s004041
1908,2024-09-23 08:57:02,add_to_cart,123,s004042
2136,2025-10-05 21:32:10,remove_from_cart,245,s004043
697,2025-06-02 19:31:03,view,304,s004044
1827,2025-01-21 09:58:19,wishlist,322,s004045
1597,2024-08-16 10:16:30,view,108,s004046
1776,2025-04-01 09:05:00,view,174,s004047
1526,2024-10-17 19:55:40,add_to_cart,66,s004048
1439,2025-02-18 22:34:04,view,387,s004049
1744,2024-09-22 13:02:32,add_to_cart,373,s004050
709,2025-12-03 22:06:04,view,119,s004051
2399,2025-07-01 08:46:16,add_to_cart,169,s004052
1173,2024-04-15 08:30:25,add_to_cart,186,s004053
421,2025-04-25 20:48:41,view,29,s004054
649,2025-09-27 21:12:03,add_to_cart,143,s004055
1199,2025-04-27 22:28:22,view,41,s004056
1130,2024-10-18 09:53:48,view,363,s004057
502,2025-11-17 09:41:12,view,227,s004058
1665,2024-03-02 09:32:29,view,174,s004059
1838,2024-06-29 20:47:36,view,272,s004060
1602,2024-04-08 18:05:50,view,181,s004061
2285,2025-10-22 06:13:27,view,199,s004062
466,2025-04-05 10:30:58,purchase,246,s004063
711,2024-11-17 22:50:44,purchase,346,s004064
1355,2025-01-19 17:45:51,view,103,s004065
1575,2025-04-30 21:06:35,add_to_cart,145,s004066
1366,2025-09-27 03:20:46,view,138,s004067
56,2024-09-02 09:10:01,purchase,341,s004068
1910,2025-10-17 19:44:39,add_to_cart,390,s004069
1897,2025-12-02 17:21:47,add_to_cart,303,s004070
327,2024-04-13 17:31:01,wishlist,116,s004071
2144,2024-08-31 06:28:58,view,236,s004072
2395,2025-03-27 20:04:27,wishlist,349,s004073
1776,2025-06-15 17:57:27,view,242,s004074
2240,2025-08-30 19:35:11,view,274,s004075
2281,2025-02-13 15:29:39,view,189,s004076
248,2025-11-28 10:58:18,wishlist,34,s004077
342,2025-07-19 02:32:50,add_to_cart,342,s004078
1393,2025-08-11 16:05:05,view,46,s004079
2008,2024-10-09 09:03:35,purchase,274,s004080
479,2025-08-10 21:55:26,view,358,s004081
1877,2025-09-20 22:36:20,view,338,s004082
576,2025-12-08 20:12:48,purchase,99,s004083
756,2025-01-23 08:41:49,add_to_cart,352,s004084
2408,2025-01-05 07:14:52,wishlist,317,s004085
1447,2025-02-14 07:35:18,view,238,s004086
598,2024-06-30 21:03:11,view,87,s004087
1824,2025-01-28 22:02:12,add_to_cart,275,s004088
1211,2025-11-03 22:03:17,view,375,s004089
1623,2025-06-12 19:27:09,wishlist,358,s004090
658,2025-05-03 22:50:45,view,78,s004091
1812,2025-07-16 21:46:36,add_to_cart,219,s004092
1474,2024-12-15 13:28:51,view,103,s004093
165,2024-08-20 11:17:56,add_to_cart,222,s004094
62,2025-08-20 15:01:15,view,187,s004095
991,2024-09-23 11:50:52,remove_from_cart,242,s004096
249,2025-10-30 15:00:45,view,260,s004097
569,2025-01-08 07:28:59,wishlist,289,s004098
1140,2025-08-08 14:37:19,view,297,s004099
346,2024-06-05 12:55:13,view,300,s004100
2143,2024-09-07 04:48:58,view,400,s004101
7,2024-10-18 16:34:35,remove_from_cart,86,s004102
875,2025-06-20 21:50:31,view,297,s004103
2300,2024-03-16 21:20:42,view,226,s004104
1230,2025-04-02 09:15:05,view,352,s004105
518,2024-11-19 20:06:01,wishlist,318,s004106
1655,2025-08-18 09:02:02,add_to_cart,242,s004107
1396,2025-10-01 09:31:01,purchase,398,s004108
2110,2024-05-14 21:54:07,wishlist,111,s004109
249,2024-01-01 08:58:29,view,122,s004110
2217,2025-07-20 21:59:21,purchase,282,s004111
1259,2024-12-26 21:35:08,wishlist,177,s004112
1467,2024-03-17 16:45:25,add_to_cart,352,s004113
2271,2024-04-13 15:32:35,add_to_cart,50,s004114
1225,2024-02-21 09:56:09,view,214,s004115
701,2025-11-09 23:10:52,view,276,s004116
1241,2024-06-21 13:59:44,wishlist,209,s004117
1989,2024-10-16 11:52:34,add_to_cart,150,s004118
1223,2025-08-12 12:50:05,wishlist,28,s004119
1106,2025-01-21 06:42:02,purchase,177,s004120
643,2024-03-09 21:07:53,add_to_cart,327,s004121
415,2025-08-04 13:11:47,view,354,s004122
2394,2024-01-17 21:10:26,purchase,205,s004123
379,2024-01-23 14:46:01,view,193,s004124
1556,2024-03-27 10:51:02,wishlist,100,s004125
536,2024-05-12 08:22:47,wishlist,144,s004126
1217,2025-07-08 20:54:33,remove_from_cart,3,s004127
1169,2024-02-20 20:47:07,remove_from_cart,76,s004128
2014,2024-06-29 20:48:29,wishlist,89,s004129
564,2025-11-10 06:55:35,add_to_cart,252,s004130
152,2024-10-28 10:24:09,view,223,s004131
1815,2024-09-12 19:30:04,add_to_cart,145,s004132
313,2024-10-14 14:18:44,view,342,s004133
304,2025-05-13 06:17:01,view,131,s004134
2287,2024-08-02 09:27:42,view,396,s004135
1280,2024-10-03 17:31:03,view,306,s004136
909,2024-05-28 13:54:47,view,289,s004137
1086,2024-11-01 05:42:57,view,74,s004138
2331,2025-02-25 07:44:28,purchase,69,s004139
399,2024-12-07 10:50:01,view,216,s004140
2053,2025-03-14 20:16:07,view,362,s004141
1151,2024-01-30 11:19:26,wishlist,361,s004142
894,2024-12-16 20:02:53,view,310,s004143
183,2024-01-23 11:31:22,add_to_cart,198,s004144
1955,2024-08-16 14:57:25,view,318,s004145
1715,2024-01-23 12:24:25,wishlist,144,s004146
1047,2025-05-15 09:44:32,view,295,s004147
2393,2025-09-06 19:17:58,view,392,s004148
681,2024-10-01 08:27:44,view,155,s004149
1447,2025-01-19 21:18:46,wishlist,103,s004150
546,2024-03-10 07:01:18,add_to_cart,62,s004151
785,2025-05-06 04:03:21,purchase,162,s004152
411,2025-03-18 16:27:23,view,392,s004153
1200,2024-09-07 10:42:05,add_to_cart,205,s004154
930,2025-11-24 08:29:36,purchase,247,s004155
149,2024-12-16 16:48:16,view,165,s004156
2224,2024-01-20 04:57:37,view,26,s004157
867,2024-01-28 22:07:13,wishlist,166,s004158
1128,2024-12-14 19:56:19,view,20,s004159
612,2025-10-08 18:35:21,add_to_cart,353,s004160
11,2024-12-05 07:50:48,remove_from_cart,98,s004161
397,2025-01-23 17:36:39,purchase,185,s004162
1509,2024-02-29 21:04:38,remove_from_cart,293,s004163
456,2025-06-01 10:51:13,view,222,s004164
189,2025-05-25 07:30:49,view,61,s004165
532,2025-10-20 09:44:22,view,281,s004166
819,2024-11-20 09:52:44,remove_from_cart,204,s004167
497,2025-06-18 20:41:26,view,241,s004168
1277,2024-06-21 05:55:55,view,280,s004169
1673,2025-12-03 08:07:07,view,284,s004170
1959,2024-01-25 11:34:53,purchase,8,s004171
1055,2024-08-09 08:20:40,add_to_cart,180,s004172
1628,2025-07-08 08:06:09,view,237,s004173
306,2025-09-02 08:12:16,remove_from_cart,370,s004174
1562,2024-06-03 07:38:07,wishlist,195,s004175
1545,2024-10-20 09:17:55,view,92,s004176
1573,2024-01-08 22:26:46,view,2,s004177
538,2024-04-01 23:17:38,add_to_cart,5,s004178
1056,2025-09-07 18:27:58,view,232,s004179
1965,2025-07-11 21:54:43,view,152,s004180
965,2025-10-29 09:27:58,add_to_cart,109,s004181
259,2024-11-13 15:43:00,view,227,s004182
1433,2024-12-24 08:20:16,add_to_cart,198,s004183
978,2024-11-26 19:58:58,wishlist,260,s004184
1539,2025-05-12 21:43:21,purchase,46,s004185
1993,2024-10-04 10:30:51,view,313,s004186
2443,2025-10-22 07:16:43,add_to_cart,32,s004187
1286,2025-04-11 09:27:25,view,198,s004188
401,2024-02-04 19:47:11,remove_from_cart,110,s004189
1625,2025-02-22 17:21:19,view,127,s004190
484,2025-05-13 06:12:54,remove_from_cart,343,s004191
2490,2024-12-16 18:36:16,view,381,s004192
1823,2025-10-06 19:09:58,purchase,88,s004193
2094,2024-07-28 21:23:47,add_to_cart,62,s004194
1565,2024-04-26 08:42:29,view,8,s004195
1886,2024-07-26 11:34:05,view,238,s004196
1382,2024-08-24 22:39:54,add_to_cart,256,s004197
636,2024-03-19 09:08:14,wishlist,138,s004198
182,2024-04-20 10:48:37,view,208,s004199
914,2025-08-20 22:39:24,view,342,s004200
594,2024-05-22 19:14:39,view,217,s004201
563,2024-12-13 21:47:32,remove_from_cart,300,s004202
1929,2024-01-05 09:23:26,remove_from_cart,143,s004203
61,2025-07-07 18:53:59,add_to_cart,99,s004204
2066,2025-07-30 08:38:52,add_to_cart,198,s004205
1273,2025-10-08 18:38:41,view,265,s004206
1320,2025-07-05 23:08:29,view,146,s004207
2319,2024-02-01 17:40:07,add_to_cart,376,s004208
2406,2024-05-10 19:25:19,view,135,s004209
1825,2024-08-30 07:34:32,wishlist,242,s004210
1272,2025-05-02 07:16:28,purchase,23,s004211
8,2025-08-26 08:43:37,purchase,285,s004212
452,2024-06-12 11:54:34,view,242,s004213
2115,2024-11-13 21:10:28,wishlist,133,s004214
2077,2025-05-15 10:59:05,wishlist,15,s004215
2223,2025-10-12 07:06:40,purchase,312,s004216
1956,2024-03-13 18:19:51,view,157,s004217
1533,2024-04-09 19:25:21,view,217,s004218
2064,2025-06-12 14:19:29,view,112,s004219
672,2025-11-06 20:41:44,view,99,s004220
93,2025-02-05 08:46:08,view,193,s004221
898,2024-11-08 20:49:59,add_to_cart,189,s004222
1821,2024-09-18 06:50:54,wishlist,318,s004223
1772,2025-05-14 09:09:16,view,325,s004224
1484,2024-01-15 08:52:48,view,260,s004225
260,2025-01-09 18:51:33,wishlist,291,s004226
1467,2025-05-10 18:39:28,view,81,s004227
137,2025-03-29 17:35:18,view,94,s004228
1310,2024-03-16 08:53:02,view,161,s004229
2057,2024-12-04 22:53:50,wishlist,372,s004230
2367,2024-07-18 15:44:56,remove_from_cart,57,s004231
1648,2025-02-01 18:43:55,remove_from_cart,230,s004232
1868,2024-10-28 12:13:09,view,15,s004233
15,2024-02-16 06:55:47,view,321,s004234
1459,2024-07-06 09:38:56,view,245,s004235
490,2025-11-08 08:56:22,remove_from_cart,202,s004236
1937,2024-09-12 19:13:31,view,139,s004237
2013,2024-10-13 02:26:25,view,27,s004238
2116,2025-10-18 05:24:40,add_to_cart,219,s004239
478,2025-10-09 22:16:58,wishlist,349,s004240
1367,2025-09-17 06:40:35,view,116,s004241
2238,2024-03-27 15:40:30,view,167,s004242
505,2024-04-25 09:26:03,view,229,s004243
1205,2025-02-11 11:35:50,add_to_cart,47,s004244
2164,2025-04-19 09:05:30,view,231,s004245
2410,2024-11-14 19:28:16,view,138,s004246
84,2025-12-12 12:42:16,view,310,s004247
1937,2024-09-23 18:43:20,view,338,s004248
1180,2024-07-06 11:54:21,add_to_cart,215,s004249
748,2024-02-17 20:28:35,purchase,134,s004250
756,2025-07-18 16:07:14,wishlist,28,s004251
2106,2024-05-12 17:12:07,view,334,s004252
1777,2024-10-22 18:53:51,view,327,s004253
522,2025-02-03 23:13:16,view,76,s004254
225,2024-06-14 03:51:59,view,282,s004255
308,2024-04-15 14:49:24,view,380,s004256
1916,2024-04-05 16:03:24,purchase,7,s004257
1754,2025-05-15 19:03:45,view,28,s004258
115,2024-01-08 16:11:35,purchase,182,s004259
91,2024-02-12 18:46:17,view,358,s004260
84,2025-07-16 15:36:56,purchase,140,s004261
786,2024-03-21 13:47:09,wishlist,165,s004262
1775,2025-04-20 19:10:09,view,56,s004263
329,2025-02-22 09:18:56,add_to_cart,35,s004264
426,2024-01-07 17:08:55,purchase,71,s004265
1516,2025-09-20 11:40:11,view,277,s004266
2199,2024-04-07 19:39:26,purchase,105,s004267
2238,2025-10-19 19:26:58,wishlist,166,s004268
1100,2025-09-06 16:54:17,view,167,s004269
2487,2025-07-26 18:31:36,add_to_cart,111,s004270
1757,2024-05-14 08:40:15,add_to_cart,170,s004271
1036,2024-12-04 23:49:38,view,132,s004272
892,2024-12-07 19:19:21,view,3,s004273
2058,2024-03-11 18:03:47,purchase,135,s004274
958,2024-10-03 21:07:56,wishlist,30,s004275
1269,2025-03-28 10:43:02,add_to_cart,336,s004276
613,2025-01-21 20:04:32,view,285,s004277
1674,2025-07-27 03:04:50,wishlist,316,s004278
2240,2024-04-14 07:41:48,view,365,s004279
2163,2024-03-31 05:29:00,add_to_cart,29,s004280
1097,2024-12-30 09:20:54,wishlist,142,s004281
550,2025-09-06 08:52:58,remove_from_cart,179,s004282
2306,2024-02-18 06:56:05,view,349,s004283
1117,2025-01-01 19:08:25,view,186,s004284
2152,2025-12-05 06:21:22,view,328,s004285
1777,2025-02-08 21:54:00,view,89,s004286
2099,2024-06-25 18:58:30,add_to_cart,278,s004287
1223,2025-06-21 10:29:57,view,382,s004288
656,2025-08-22 10:27:50,add_to_cart,92,s004289
778,2024-09-15 10:14:22,view,41,s004290
2288,2024-06-09 19:31:12,view,37,s004291
1705,2024-07-06 17:38:46,view,365,s004292
1834,2024-02-12 06:00:50,view,242,s004293
1307,2024-11-04 20:42:20,wishlist,354,s004294
2378,2025-09-13 22:20:07,remove_from_cart,113,s004295
1422,2025-07-11 10:17:02,add_to_cart,342,s004296
2028,2024-01-20 13:54:30,view,136,s004297
2407,2025-04-24 20:59:59,add_to_cart,235,s004298
334,2025-10-26 15:06:48,wishlist,54,s004299
193,2024-10-06 20:43:02,view,225,s004300
2368,2025-03-08 16:40:43,remove_from_cart,187,s004301
185,2025-09-10 09:28:58,view,129,s004302
2430,2025-06-18 14:15:08,purchase,367,s004303
1111,2024-03-31 03:52:59,view,301,s004304
32,2025-03-15 14:48:50,view,91,s004305
521,2025-07-18 11:07:09,view,108,s004306
1786,2025-09-26 18:24:33,add_to_cart,93,s004307
743,2025-04-06 08:36:55,view,245,s004308
1088,2025-06-23 10:43:18,view,88,s004309
13,2024-04-22 19:42:25,wishlist,323,s004310
2159,2025-03-03 15:38:38,purchase,295,s004311
980,2024-07-24 06:52:52,purchase,75,s004312
773,2025-07-05 10:08:06,view,376,s004313
1333,2024-11-04 19:49:22,view,108,s004314
1434,2024-01-23 10:10:16,view,384,s004315
1267,2024-02-17 22:18:57,view,351,s004316
884,2024-03-01 18:46:48,view,47,s004317
1179,2025-09-28 05:14:14,view,49,s004318
66,2024-04-13 21:17:51,view,132,s004319
544,2025-04-02 12:55:43,view,384,s004320
1536,2024-09-20 02:53:34,purchase,346,s004321
1716,2024-10-07 19:46:35,add_to_cart,304,s004322
397,2024-11-27 15:32:32,view,322,s004323
577,2025-07-30 05:21:15,view,142,s004324
2300,2025-10-16 13:09:24,purchase,355,s004325
1736,2024-08-04 12:28:14,view,397,s004326
1291,2025-01-17 20:03:05,purchase,268,s004327
147,2024-08-21 20:20:48,view,23,s004328
277,2024-08-08 11:04:27,wishlist,365,s004329
2395,2025-11-08 08:04:46,add_to_cart,87,s004330
1312,2024-12-31 14:32:26,view,73,s004331
2397,2024-10-02 21:45:47,purchase,221,s004332
575,2025-09-14 20:16:34,add_to_cart,14,s004333
1291,2025-05-06 09:08:42,view,133,s004334
376,2025-05-11 12:16:35,wishlist,359,s004335
935,2025-10-21 10:15:56,view,10,s004336
589,2025-03-08 12:07:42,view,191,s004337
2468,2025-04-16 10:50:05,wishlist,347,s004338
2047,2025-02-13 21:00:17,wishlist,355,s004339
1549,2024-12-01 06:27:43,wishlist,48,s004340
267,2024-03-05 15:04:50,view,294,s004341
2168,2024-12-15 08:44:34,view,314,s004342
791,2024-09-01 20:19:22,view,220,s004343
315,2025-01-04 15:23:55,view,284,s004344
931,2025-03-26 19:24:41,view,238,s004345
1391,2024-06-28 20:42:52,remove_from_cart,34,s004346
400,2024-07-10 19:08:19,view,270,s004347
656,2024-07-12 20:50:40,add_to_cart,35,s004348
870,2024-07-25 01:43:24,view,280,s004349
963,2025-01-01 22:32:37,view,333,s004350
1470,2024-08-11 19:29:23,view,237,s004351
1216,2025-10-08 16:54:19,view,330,s004352
129,2025-10-09 20:38:17,purchase,246,s004353
791,2025-02-08 17:44:05,view,254,s004354
970,2024-09-05 15:56:16,purchase,12,s004355
1479,2024-08-06 07:23:20,view,80,s004356
1048,2025-08-12 10:55:59,view,65,s004357
374,2025-01-04 19:09:22,wishlist,121,s004358
2163,2024-10-20 07:13:47,view,397,s004359
875,2024-07-07 07:57:40,wishlist,6,s004360
442,2024-10-29 18:15:31,view,40,s004361
847,2025-04-15 20:30:45,remove_from_cart,357,s004362
222,2025-07-02 22:13:47,wishlist,262,s004363
721,2025-09-27 06:07:04,view,379,s004364
2400,2024-04-09 16:42:46,view,16,s004365
1975,2025-07-03 21:13:02,add_to_cart,300,s004366
259,2024-07-29 18:05:40,add_to_cart,97,s004367
2304,2025-05-05 02:01:54,purchase,217,s004368
2090,2024-09-15 12:58:42,purchase,79,s004369
485,2025-01-22 09:48:20,wishlist,280,s004370
2128,2024-08-17 16:56:23,add_to_cart,216,s004371
2299,2025-07-23 16:49:28,view,5,s004372
2429,2025-02-19 13:35:31,add_to_cart,224,s004373
731,2024-05-03 09:10:59,view,144,s004374
1411,2025-06-01 23:46:24,view,295,s004375
1120,2025-09-17 22:37:11,remove_from_cart,15,s004376
1933,2025-03-31 17:51:31,wishlist,15,s004377
1048,2024-05-26 22:59:57,add_to_cart,75,s004378
2271,2025-07-18 06:29:24,add_to_cart,299,s004379
2254,2025-08-15 08:25:12,add_to_cart,398,s004380
2486,2024-05-10 21:25:22,purchase,387,s004381
1537,2025-04-07 19:06:17,view,214,s004382
1010,2024-12-20 09:21:17,view,139,s004383
1726,2024-06-24 21:12:41,purchase,233,s004384
1707,2024-12-11 10:28:03,add_to_cart,98,s004385
289,2024-07-12 11:53:56,add_to_cart,37,s004386
1672,2025-02-09 10:42:27,view,45,s004387
2128,2025-01-18 17:33:44,add_to_cart,342,s004388
1436,2024-04-14 15:24:07,view,241,s004389
59,2025-03-08 09:40:21,wishlist,91,s004390
2414,2024-06-29 21:33:21,wishlist,214,s004391
712,2025-11-21 17:51:23,view,92,s004392
1233,2025-08-03 02:47:17,add_to_cart,148,s004393
1179,2025-12-03 19:25:46,purchase,274,s004394
2184,2024-01-03 10:47:20,view,56,s004395
2144,2024-05-14 08:27:38,remove_from_cart,67,s004396
49,2025-10-28 15:42:30,wishlist,326,s004397
959,2025-10-24 09:22:39,remove_from_cart,332,s004398
144,2024-11-20 12:51:16,view,239,s004399
1219,2025-12-08 19:03:20,view,4,s004400
122,2025-02-20 18:12:13,view,57,s004401
1192,2024-07-16 23:30:46,view,117,s004402
1995,2025-02-09 22:44:14,view,359,s004403
2075,2024-05-22 09:48:09,view,183,s004404
509,2024-02-06 10:33:54,view,348,s004405
624,2024-11-01 08:58:05,view,196,s004406
2131,2025-12-01 10:30:32,remove_from_cart,362,s004407
1153,2025-03-01 03:53:18,view,215,s004408
360,2024-12-06 12:32:11,view,47,s004409
1636,2024-10-03 04:49:32,add_to_cart,117,s004410
1159,2024-03-26 19:46:16,view,290,s004411
306,2024-05-09 07:05:41,view,258,s004412
423,2024-09-14 07:17:33,view,397,s004413
2206,2025-07-26 14:44:14,view,287,s004414
2442,2024-02-08 11:46:06,add_to_cart,135,s004415
2166,2025-08-27 20:20:17,view,206,s004416
946,2024-07-17 13:19:53,remove_from_cart,239,s004417
1832,2025-01-26 22:47:29,add_to_cart,95,s004418
828,2024-07-10 18:38:34,view,64,s004419
304,2025-07-13 13:32:06,remove_from_cart,66,s004420
441,2025-10-22 22:48:10,purchase,170,s004421
1798,2025-05-05 17:28:42,remove_from_cart,126,s004422
83,2024-05-26 09:44:21,wishlist,139,s004423
2214,2025-09-28 07:25:17,view,274,s004424
998,2025-02-08 21:02:25,view,189,s004425
2072,2024-01-08 20:16:46,wishlist,235,s004426
1172,2024-08-29 09:04:51,view,20,s004427
2445,2025-03-21 19:33:21,view,296,s004428
19,2024-07-16 12:26:58,add_to_cart,36,s004429
1600,2024-11-02 09:37:36,purchase,352,s004430
2022,2024-06-13 08:40:45,view,276,s004431
2024,2025-03-17 04:54:36,view,298,s004432
2186,2025-02-11 20:31:42,wishlist,307,s004433
2362,2024-07-09 22:44:15,add_to_cart,262,s004434
54,2025-01-29 08:56:08,view,56,s004435
2078,2025-08-23 18:50:43,view,381,s004436
1551,2024-04-18 14:55:16,wishlist,134,s004437
1685,2025-01-30 19:53:11,view,354,s004438
1348,2024-08-14 18:29:47,add_to_cart,12,s004439
2133,2024-06-05 21:53:53,purchase,339,s004440
1534,2025-07-29 14:11:00,view,296,s004441
2184,2025-08-12 09:51:14,add_to_cart,292,s004442
386,2024-05-25 21:18:12,add_to_cart,152,s004443
2105,2025-03-16 09:46:29,wishlist,31,s004444
730,2025-11-12 08:35:55,view,338,s004445
131,2024-03-06 12:49:26,view,378,s004446
913,2025-06-12 10:40:29,view,271,s004447
447,2025-11-29 01:08:05,purchase,91,s004448
1302,2024-07-11 18:03:21,view,293,s004449
727,2024-12-13 15:02:14,view,95,s004450
345,2024-03-09 19:12:29,add_to_cart,122,s004451
70,2025-08-26 10:39:43,view,31,s004452
608,2024-06-06 16:54:23,view,294,s004453
162,2024-11-24 09:49:55,purchase,225,s004454
156,2024-04-28 16:42:08,purchase,353,s004455
1228,2024-05-03 19:07:14,view,137,s004456
1571,2024-06-06 11:42:51,view,52,s004457
1145,2024-03-17 12:00:51,purchase,63,s004458
1566,2024-06-19 11:06:56,view,141,s004459
560,2024-08-08 07:42:45,wishlist,94,s004460
2364,2025-02-17 02:15:11,view,191,s004461
648,2025-03-04 20:13:36,add_to_cart,370,s004462
557,2024-10-03 22:53:32,wishlist,367,s004463
1160,2024-06-01 10:11:08,view,96,s004464
1101,2024-03-12 20:03:44,purchase,317,s004465
2457,2024-02-28 19:05:00,view,298,s004466
1964,2025-05-23 23:50:11,purchase,258,s004467
2213,2024-11-11 22:55:15,add_to_cart,46,s004468
494,2025-06-11 18:44:45,view,365,s004469
2339,2024-10-01 20:55:05,view,240,s004470
990,2025-03-15 17:41:47,wishlist,12,s004471
421,2024-09-28 20:13:46,view,56,s004472
1782,2025-01-21 05:42:18,view,354,s004473
6,2024-07-13 21:35:33,view,155,s004474
113,2025-09-21 11:09:41,add_to_cart,209,s004475
105,2024-12-16 18:45:31,view,316,s004476
1508,2025-07-17 18:13:39,view,75,s004477
1529,2025-01-09 07:47:40,view,327,s004478
1437,2024-08-17 14:45:06,wishlist,211,s004479
1744,2024-12-22 06:09:29,purchase,228,s004480
1273,2025-03-15 07:01:22,wishlist,139,s004481
1846,2025-08-21 08:41:47,view,67,s004482
2390,2025-03-09 14:12:01,view,233,s004483
1743,2024-09-23 22:53:27,purchase,281,s004484
2353,2025-05-17 20:45:43,wishlist,94,s004485
559,2025-03-05 19:18:02,view,356,s004486
580,2025-05-14 12:24:50,wishlist,207,s004487
1048,2024-09-26 07:50:27,purchase,164,s004488
533,2025-07-16 16:33:07,add_to_cart,85,s004489
74,2024-05-27 10:41:47,add_to_cart,209,s004490
762,2024-08-12 05:57:30,wishlist,362,s004491
1399,2024-10-16 10:49:29,add_to_cart,340,s004492
1982,2024-06-26 08:36:32,view,75,s004493
999,2024-07-26 23:14:12,add_to_cart,115,s004494
854,2024-06-13 07:38:29,add_to_cart,11,s004495
808,2025-03-04 23:11:58,purchase,108,s004496
205,2024-12-01 08:41:23,view,258,s004497
1385,2024-01-18 23:16:16,view,315,s004498
2201,2025-10-29 19:52:23,view,184,s004499
1929,2024-06-23 09:38:49,view,383,s004500
143,2025-05-13 10:45:42,add_to_cart,129,s004501
1233,2024-11-18 17:56:50,view,361,s004502
72,2025-07-25 10:17:38,view,304,s004503
2156,2024-10-04 07:28:56,remove_from_cart,108,s004504
1167,2024-09-03 09:08:11,purchase,299,s004505
970,2024-09-29 17:42:32,wishlist,73,s004506
1213,2024-12-16 22:57:56,add_to_cart,80,s004507
1681,2025-06-01 21:39:54,view,380,s004508
1398,2025-10-11 20:19:28,add_to_cart,12,s004509
1556,2024-03-04 21:12:34,add_to_cart,364,s004510
691,2024-07-01 05:46:21,remove_from_cart,260,s004511
2309,2024-06-12 07:06:07,wishlist,389,s004512
2065,2024-09-18 09:10:15,wishlist,303,s004513
343,2025-12-12 11:53:57,purchase,223,s004514
1599,2024-12-07 13:14:00,view,115,s004515
1210,2024-04-30 08:37:54,wishlist,348,s004516
323,2025-09-01 10:29:42,wishlist,179,s004517
1496,2025-04-05 12:18:54,view,388,s004518
1598,2025-03-03 23:21:39,wishlist,373,s004519
597,2025-08-01 19:53:39,view,354,s004520
609,2025-08-26 21:16:44,view,189,s004521
1610,2025-11-30 21:58:52,view,63,s004522
1611,2024-09-17 13:19:00,view,385,s004523
998,2025-06-27 15:07:28,view,197,s004524
229,2024-03-05 12:36:24,add_to_cart,217,s004525
753,2025-10-15 18:59:09,view,144,s004526
1161,2024-03-06 21:32:58,view,103,s004527
1412,2025-05-11 16:31:38,purchase,213,s004528
1819,2024-02-05 06:47:13,view,230,s004529
1013,2024-02-26 05:03:30,wishlist,213,s004530
1741,2025-10-27 19:23:13,view,245,s004531
1372,2024-11-19 22:53:44,purchase,19,s004532
409,2024-07-28 20:42:23,wishlist,220,s004533
2213,2025-09-04 05:43:25,view,322,s004534
1277,2024-07-17 20:31:24,view,196,s004535
2143,2025-10-15 21:57:25,view,343,s004536
106,2024-06-12 21:12:42,view,105,s004537
1160,2024-08-10 13:11:09,view,67,s004538
581,2025-01-06 12:47:21,wishlist,45,s004539
1716,2024-06-14 17:24:58,remove_from_cart,235,s004540
182,2024-03-06 15:31:48,view,251,s004541
800,2024-02-07 13:04:16,view,212,s004542
1772,2025-04-12 20:30:40,view,211,s004543
1046,2025-07-13 08:07:45,add_to_cart,15,s004544
521,2025-11-12 21:45:16,purchase,101,s004545
1390,2025-11-03 09:16:38,wishlist,373,s004546
1866,2024-05-05 19:11:27,view,221,s004547
2152,2025-01-26 17:57:58,view,326,s004548
1960,2025-11-03 22:15:13,add_to_cart,263,s004549
70,2025-09-30 09:15:47,view,252,s004550
1613,2024-06-17 14:21:12,purchase,392,s004551
165,2025-07-30 06:34:12,add_to_cart,273,s004552
1579,2024-05-19 12:11:19,wishlist,30,s004553
2243,2025-05-23 19:05:04,view,310,s004554
796,2024-02-18 20:37:28,wishlist,7,s004555
2163,2024-03-13 19:48:01,wishlist,198,s004556
226,2025-08-06 07:24:04,view,152,s004557
401,2024-05-07 12:20:18,add_to_cart,104,s004558
794,2024-03-29 06:51:48,purchase,294,s004559
53,2024-11-26 20:32:35,wishlist,149,s004560
1289,2025-06-27 09:55:43,add_to_cart,335,s004561
1986,2025-05-31 23:50:46,purchase,185,s004562
694,2024-04-19 09:29:04,purchase,154,s004563
2206,2025-10-27 08:36:44,view,308,s004564
1153,2024-06-24 09:17:21,purchase,388,s004565
2218,2024-01-07 18:21:55,purchase,384,s004566
829,2025-09-02 07:47:38,view,334,s004567
1622,2025-07-01 19:50:43,view,39,s004568
2121,2025-01-01 11:40:25,view,88,s004569
1780,2024-01-15 07:33:58,view,110,s004570
801,2024-12-26 13:56:05,wishlist,225,s004571
993,2024-02-10 09:55:35,purchase,101,s004572
1622,2024-04-06 12:48:40,view,283,s004573
163,2024-02-04 21:50:07,view,375,s004574
139,2024-04-21 09:54:27,view,362,s004575
726,2024-04-04 12:07:54,view,103,s004576
797,2025-09-07 13:49:50,view,123,s004577
1322,2025-08-18 07:04:14,add_to_cart,250,s004578
1741,2025-02-13 08:39:28,purchase,2,s004579
2094,2024-07-18 23:23:25,view,230,s004580
1341,2024-06-24 07:53:03,view,391,s004581
2395,2024-05-05 03:49:43,add_to_cart,360,s004582
167,2024-03-19 13:16:14,add_to_cart,282,s004583
1323,2024-06-26 09:41:59,view,301,s004584
291,2025-04-02 07:55:23,wishlist,209,s004585
1744,2025-06-22 02:43:05,view,106,s004586
323,2024-02-17 09:11:12,view,125,s004587
1635,2024-09-26 15:28:14,wishlist,255,s004588
161,2024-01-01 17:02:12,view,278,s004589
849,2024-11-24 22:02:25,view,371,s004590
2500,2025-07-24 19:17:08,view,176,s004591
2272,2025-04-28 21:40:04,add_to_cart,170,s004592
2153,2024-10-09 09:10:04,purchase,369,s004593
1280,2025-01-21 15:22:33,view,127,s004594
795,2024-10-15 09:24:59,wishlist,381,s004595
1977,2025-01-09 12:08:39,view,220,s004596
108,2025-11-17 14:15:57,add_to_cart,379,s004597
1856,2025-11-04 13:17:14,add_to_cart,253,s004598
1400,2024-09-09 21:23:43,view,9,s004599
1158,2025-03-08 20:49:22,view,137,s004600
2286,2025-05-27 15:30:40,view,126,s004601
400,2025-06-19 09:34:02,view,25,s004602
1154,2025-06-20 20:37:41,remove_from_cart,352,s004603
2093,2025-01-08 00:07:33,purchase,303,s004604
1744,2024-10-18 03:45:29,view,26,s004605
902,2024-12-25 19:37:35,wishlist,294,s004606
1540,2024-12-22 22:50:00,wishlist,232,s004607
1033,2025-07-28 17:15:38,wishlist,93,s004608
1375,2024-05-27 21:56:40,add_to_cart,150,s004609
1229,2025-03-04 19:50:48,add_to_cart,324,s004610
34,2024-09-19 22:26:14,view,375,s004611
326,2024-08-01 15:16:49,purchase,353,s004612
1819,2025-03-07 23:03:22,add_to_cart,334,s004613
1270,2024-10-21 07:10:23,add_to_cart,129,s004614
1074,2024-09-25 16:35:28,view,298,s004615
2343,2024-09-23 15:12:06,purchase,89,s004616
163,2024-08-12 14:49:33,view,178,s004617
2464,2024-05-21 11:35:59,view,374,s004618
340,2024-01-12 15:16:06,add_to_cart,197,s004619
2260,2024-11-06 10:49:42,remove_from_cart,346,s004620
123,2025-03-31 08:08:26,wishlist,168,s004621
1133,2024-04-15 21:11:49,view,217,s004622
2019,2025-09-09 10:14:21,view,278,s004623
1572,2025-07-18 21:27:53,purchase,215,s004624
897,2025-06-18 07:43:45,view,75,s004625
1318,2025-04-08 11:17:30,add_to_cart,288,s004626
2078,2024-08-03 19:06:34,add_to_cart,153,s004627
272,2024-06-23 16:44:10,view,307,s004628
1717,2024-01-12 21:53:34,add_to_cart,73,s004629
239,2024-06-11 09:07:01,view,262,s004630
1716,2024-11-09 09:44:38,add_to_cart,6,s004631
1133,2024-12-13 09:59:31,purchase,229,s004632
752,2024-11-28 19:48:31,wishlist,66,s004633
2214,2024-11-28 07:27:08,view,381,s004634
1600,2025-09-22 19:28:04,add_to_cart,382,s004635
289,2024-11-26 21:28:28,view,61,s004636
489,2024-10-23 19:39:12,add_to_cart,197,s004637
2433,2024-02-06 19:29:32,purchase,206,s004638
456,2025-11-07 17:36:10,add_to_cart,48,s004639
1149,2025-10-02 19:17:02,purchase,396,s004640
1777,2025-10-20 04:32:56,wishlist,329,s004641
1364,2024-07-29 19:47:36,view,339,s004642
870,2024-02-07 05:59:59,purchase,192,s004643
1291,2024-11-28 10:54:00,view,397,s004644
1485,2024-10-03 18:32:31,view,322,s004645
1916,2025-04-11 13:14:48,add_to_cart,343,s004646
1676,2024-11-05 10:21:41,view,287,s004647
2424,2025-03-03 20:55:50,view,67,s004648
831,2024-09-10 20:25:42,view,251,s004649
213,2024-12-31 18:19:18,add_to_cart,267,s004650
247,2024-12-06 02:18:08,purchase,394,s004651
957,2025-10-28 07:08:05,view,183,s004652
2077,2025-09-12 09:17:45,add_to_cart,220,s004653
669,2024-12-08 06:10:00,purchase,289,s004654
1283,2024-09-08 16:01:02,view,76,s004655
196,2024-05-18 10:48:23,view,193,s004656
270,2025-10-20 07:09:22,view,322,s004657
1034,2024-04-28 13:09:53,add_to_cart,149,s004658
640,2025-12-09 04:26:59,view,371,s004659
1504,2024-04-14 22:26:50,view,213,s004660
777,2025-05-22 13:04:52,view,226,s004661
1535,2024-07-11 14:22:14,wishlist,367,s004662
2165,2024-01-18 10:44:28,add_to_cart,372,s004663
844,2024-06-05 07:41:49,view,235,s004664
2279,2025-01-07 19:25:39,view,180,s004665
257,2024-01-18 20:34:05,add_to_cart,368,s004666
1998,2024-10-15 15:05:23,add_to_cart,169,s004667
490,2025-07-24 12:15:38,view,271,s004668
2124,2024-11-24 18:04:36,view,137,s004669
324,2025-03-19 23:56:11,purchase,177,s004670
40,2024-07-22 09:31:45,purchase,26,s004671
2340,2024-02-06 13:21:57,view,387,s004672
1390,2025-01-04 05:57:28,wishlist,303,s004673
2220,2024-03-29 21:59:19,view,214,s004674
841,2024-11-09 08:55:29,add_to_cart,302,s004675
711,2024-12-14 22:12:28,wishlist,112,s004676
1735,2025-06-29 07:55:57,view,71,s004677
17,2024-01-26 12:01:47,view,48,s004678
1667,2025-07-10 23:39:08,view,362,s004679
2409,2025-06-04 11:03:06,wishlist,84,s004680
951,2025-02-08 07:45:32,purchase,149,s004681
1791,2024-02-18 19:32:25,wishlist,118,s004682
2058,2025-11-22 02:07:37,view,57,s004683
2133,2025-10-28 11:04:12,purchase,279,s004684
2067,2024-09-26 09:58:56,purchase,96,s004685
1830,2025-04-16 21:33:57,view,269,s004686
1357,2024-11-10 08:33:31,add_to_cart,351,s004687
888,2025-05-30 20:09:12,purchase,110,s004688
2268,2024-07-09 20:39:11,remove_from_cart,266,s004689
1874,2024-04-11 20:56:33,view,164,s004690
1526,2025-10-15 09:51:59,view,164,s004691
1218,2024-03-07 08:18:07,wishlist,249,s004692
1725,2024-10-01 14:50:54,view,318,s004693
1227,2024-10-08 07:43:06,view,299,s004694
1925,2024-01-30 16:32:36,view,51,s004695
1460,2024-08-04 12:00:00,view,379,s004696
1284,2025-11-11 10:38:18,view,385,s004697
1515,2024-05-18 14:10:57,view,118,s004698
2358,2025-02-10 08:19:17,add_to_cart,177,s004699
1951,2024-10-25 08:10:24,wishlist,371,s004700
1289,2025-08-12 21:57:15,view,38,s004701
665,2024-04-18 07:09:22,remove_from_cart,24,s004702
2093,2025-01-25 10:59:03,view,192,s004703
1985,2024-07-01 17:15:32,wishlist,9,s004704
2496,2025-10-16 13:16:02,view,242,s004705
2024,2024-01-01 11:31:35,purchase,138,s004706
1755,2024-02-17 12:08:16,view,114,s004707
26,2025-09-05 17:38:41,view,170,s004708
2236,2024-07-08 10:31:38,view,12,s004709
106,2024-12-10 19:44:20,purchase,168,s004710
1366,2024-02-17 01:48:03,view,300,s004711
1353,2024-11-30 23:29:00,wishlist,215,s004712
309,2025-12-01 04:49:38,view,10,s004713
430,2025-10-22 09:09:35,wishlist,318,s004714
1890,2024-12-18 09:35:39,add_to_cart,248,s004715
1276,2024-02-27 11:13:04,purchase,243,s004716
482,2024-11-24 10:47:04,view,186,s004717
879,2025-10-04 18:33:08,add_to_cart,382,s004718
963,2025-03-16 20:00:02,add_to_cart,198,s004719
1033,2025-11-30 17:26:35,purchase,54,s004720
2262,2025-08-30 23:31:46,view,352,s004721
394,2025-11-13 16:29:52,view,301,s004722
793,2024-07-03 10:59:22,purchase,27,s004723
2250,2025-02-02 07:20:55,add_to_cart,209,s004724
411,2025-09-26 20:02:46,purchase,381,s004725
837,2025-08-04 12:25:11,view,83,s004726
1754,2024-08-24 22:15:26,purchase,250,s004727
2426,2025-04-19 07:55:01,view,322,s004728
2061,2025-01-11 21:38:25,view,360,s004729
2093,2025-04-21 13:48:38,wishlist,352,s004730
630,2025-08-19 09:22:06,add_to_cart,393,s004731
661,2025-02-25 10:50:33,view,87,s004732
1810,2025-05-02 22:41:11,view,237,s004733
2176,2025-07-29 23:33:06,view,101,s004734
72,2025-07-09 08:20:08,view,167,s004735
167,2024-06-24 16:06:56,view,36,s004736
1002,2025-08-04 16:52:59,add_to_cart,9,s004737
251,2024-11-05 08:08:16,add_to_cart,40,s004738
1702,2024-07-13 22:06:03,view,180,s004739
1815,2025-11-02 08:55:03,remove_from_cart,328,s004740
210,2024-08-02 17:04:38,add_to_cart,18,s004741
1891,2025-11-25 03:51:23,add_to_cart,60,s004742
342,2025-12-08 21:56:20,view,356,s004743
1241,2024-02-06 08:54:21,view,55,s004744
311,2025-02-26 21:29:49,purchase,59,s004745
1358,2025-07-26 08:29:51,view,31,s004746
2319,2024-07-02 09:00:28,add_to_cart,29,s004747
388,2025-08-11 09:58:57,wishlist,146,s004748
2459,2025-01-31 11:19:07,view,48,s004749
2204,2025-08-25 07:31:20,purchase,257,s004750
264,2024-06-05 16:50:18,add_to_cart,22,s004751
981,2025-11-13 06:10:29,view,174,s004752
934,2024-11-27 10:55:30,add_to_cart,214,s004753
230,2024-04-19 09:12:46,add_to_cart,182,s004754
1262,2024-03-11 20:48:52,add_to_cart,244,s004755
287,2025-01-22 11:26:12,wishlist,248,s004756
1545,2024-09-16 23:59:40,add_to_cart,139,s004757
2161,2025-06-14 06:34:23,view,170,s004758
1947,2024-10-26 02:53:28,view,44,s004759
1746,2024-08-24 23:29:04,view,222,s004760
1598,2024-02-27 09:49:48,view,53,s004761
86,2024-04-25 19:22:14,add_to_cart,243,s004762
2167,2024-12-09 06:39:53,wishlist,74,s004763
2197,2025-10-24 13:55:41,wishlist,11,s004764
1574,2024-02-17 13:00:03,purchase,60,s004765
1301,2024-08-12 13:20:03,purchase,126,s004766
1219,2025-09-26 10:19:15,purchase,269,s004767
1074,2024-11-07 17:25:25,view,144,s004768
888,2025-08-04 07:44:33,view,306,s004769
935,2024-04-19 09:17:58,remove_from_cart,274,s004770
1247,2024-12-03 10:11:36,purchase,41,s004771
653,2024-01-22 23:29:05,view,237,s004772
2185,2025-10-31 20:26:07,wishlist,317,s004773
1607,2024-03-25 08:07:15,purchase,12,s004774
2018,2024-06-17 20:34:30,add_to_cart,257,s004775
1890,2025-09-19 18:37:10,add_to_cart,341,s004776
990,2024-12-17 21:28:30,view,30,s004777
1309,2025-11-15 20:03:38,add_to_cart,284,s004778
1699,2025-02-24 02:49:17,view,96,s004779
1574,2024-10-16 10:58:55,view,342,s004780
2118,2025-08-29 20:11:52,view,291,s004781
1515,2024-07-23 15:49:48,add_to_cart,376,s004782
810,2025-03-11 09:28:42,view,236,s004783
472,2024-04-27 23:52:07,view,298,s004784
427,2024-04-23 07:31:36,add_to_cart,254,s004785
939,2024-08-21 01:57:14,purchase,17,s004786
798,2024-09-26 19:10:21,view,390,s004787
2159,2024-02-29 02:33:23,purchase,219,s004788
1301,2024-02-28 06:49:28,wishlist,24,s004789
1204,2025-07-22 14:54:22,wishlist,364,s004790
1468,2024-01-07 14:20:47,remove_from_cart,27,s004791
128,2025-01-20 16:14:57,add_to_cart,6,s004792
1787,2024-12-17 05:09:02,view,276,s004793
441,2024-03-06 12:54:11,view,164,s004794
1744,2025-11-23 11:51:31,view,351,s004795
1895,2025-07-30 15:56:38,purchase,54,s004796
1838,2025-04-07 20:27:54,add_to_cart,73,s004797
1003,2025-12-09 20:28:51,remove_from_cart,217,s004798
2388,2024-01-02 08:56:42,view,134,s004799
1420,2024-05-06 21:40:35,view,56,s004800
2022,2024-04-05 23:21:54,view,263,s004801
241,2025-12-03 19:26:27,remove_from_cart,303,s004802
1983,2024-09-18 23:05:33,purchase,210,s004803
983,2025-05-04 23:26:04,add_to_cart,239,s004804
1846,2025-08-13 11:44:03,wishlist,40,s004805
1410,2024-09-12 08:07:51,add_to_cart,277,s004806
2194,2025-02-12 21:17:03,purchase,82,s004807
808,2024-01-29 09:13:17,view,139,s004808
2120,2025-09-29 23:20:37,add_to_cart,268,s004809
348,2024-08-23 13:31:20,purchase,29,s004810
1548,2024-01-28 10:37:00,purchase,373,s004811
2079,2025-02-20 20:12:10,view,36,s004812
1916,2025-12-06 19:25:21,wishlist,375,s004813
956,2025-03-14 07:25:51,add_to_cart,228,s004814
733,2025-08-09 18:08:16,add_to_cart,269,s004815
1823,2024-05-17 18:43:14,view,209,s004816
2192,2024-05-01 19:02:06,view,254,s004817
92,2024-10-06 21:08:16,view,366,s004818
325,2025-12-10 19:06:34,wishlist,64,s004819
1600,2024-03-17 21:07:44,view,172,s004820
2172,2025-02-27 20:56:27,view,134,s004821
1710,2025-03-15 04:11:40,remove_from_cart,188,s004822
2373,2025-01-10 09:28:17,add_to_cart,43,s004823
1849,2025-08-16 11:31:04,view,100,s004824
323,2024-07-22 18:46:54,view,360,s004825
1233,2024-02-16 14:55:56,purchase,39,s004826
558,2025-03-08 22:04:44,wishlist,63,s004827
341,2024-07-04 11:58:15,purchase,127,s004828
196,2025-04-04 15:36:28,view,87,s004829
723,2025-05-14 15:05:49,wishlist,92,s004830
315,2024-03-09 03:41:45,view,111,s004831
1667,2025-03-09 21:18:52,add_to_cart,212,s004832
2478,2025-05-06 08:30:30,view,73,s004833
2009,2024-01-23 10:28:07,wishlist,97,s004834
2345,2025-08-31 11:36:48,wishlist,170,s004835
2213,2025-04-19 23:43:25,view,130,s004836
283,2025-05-11 16:30:31,view,375,s004837
370,2025-08-01 17:53:53,view,198,s004838
1270,2024-09-13 17:37:24,view,95,s004839
712,2024-12-29 21:19:10,add_to_cart,140,s004840
1522,2024-07-28 19:17:30,wishlist,165,s004841
677,2025-05-18 09:05:24,add_to_cart,26,s004842
2199,2024-10-13 17:17:09,view,23,s004843
2459,2025-07-30 11:30:20,view,243,s004844
2326,2024-06-16 17:35:30,remove_from_cart,291,s004845
1395,2025-12-04 11:33:19,wishlist,311,s004846
2392,2024-08-08 19:32:11,view,390,s004847
1211,2024-08-21 20:04:55,add_to_cart,350,s004848
17,2024-06-20 12:02:44,view,119,s004849
439,2024-04-16 08:50:16,view,385,s004850
2094,2024-04-20 19:15:31,purchase,38,s004851
1800,2024-02-26 11:35:08,view,87,s004852
266,2025-02-23 05:18:24,view,205,s004853
2079,2024-03-25 18:48:07,view,168,s004854
699,2024-03-17 23:04:29,view,159,s004855
101,2024-11-16 09:28:35,view,150,s004856
384,2024-04-16 22:01:04,purchase,78,s004857
1478,2024-02-22 21:31:38,wishlist,123,s004858
2208,2025-07-04 08:07:58,view,123,s004859
987,2025-05-06 19:05:41,add_to_cart,258,s004860
2009,2025-02-17 20:03:50,view,143,s004861
916,2025-05-28 08:57:46,add_to_cart,386,s004862
869,2024-11-06 18:24:02,wishlist,86,s004863
873,2024-03-28 22:37:17,view,164,s004864
597,2025-04-05 08:08:10,wishlist,147,s004865
1174,2025-11-04 21:41:15,view,246,s004866
967,2025-01-29 04:56:59,remove_from_cart,82,s004867
889,2025-02-23 18:21:24,view,93,s004868
1450,2025-10-31 19:42:58,view,271,s004869
1870,2024-05-29 20:32:51,wishlist,113,s004870
343,2024-12-03 19:45:47,add_to_cart,375,s004871
588,2024-01-25 21:09:17,view,148,s004872
699,2024-04-21 09:51:38,view,307,s004873
660,2024-05-16 15:09:01,purchase,71,s004874
903,2024-02-17 09:35:02,purchase,302,s004875
2483,2024-01-23 12:28:34,view,91,s004876
340,2025-09-01 10:49:47,add_to_cart,142,s004877
1164,2024-06-29 08:38:57,add_to_cart,140,s004878
912,2024-05-13 17:10:50,view,251,s004879
1040,2024-12-21 15:22:23,wishlist,273,s004880
1833,2025-04-15 20:14:31,add_to_cart,327,s004881
379,2024-10-10 08:57:04,view,119,s004882
1595,2025-05-21 08:58:26,view,169,s004883
1562,2024-08-19 11:58:22,purchase,356,s004884
144,2024-04-04 20:30:05,view,182,s004885
356,2024-08-21 21:50:57,view,334,s004886
1500,2025-11-21 18:51:23,view,203,s004887
502,2024-10-28 16:07:48,purchase,106,s004888
995,2024-08-12 06:14:28,view,374,s004889
569,2025-10-15 18:08:08,view,13,s004890
1865,2025-02-08 16:11:54,view,117,s004891
1762,2025-05-14 22:25:34,view,397,s004892
2279,2024-01-06 13:14:00,purchase,357,s004893
68,2025-07-13 13:18:34,wishlist,320,s004894
1670,2025-11-12 19:32:54,view,117,s004895
1759,2024-10-23 17:39:36,purchase,288,s004896
2352,2024-12-13 01:39:59,add_to_cart,42,s004897
2384,2025-12-06 21:20:00,purchase,333,s004898
1003,2024-04-15 11:08:39,remove_from_cart,75,s004899
2485,2025-09-23 19:12:55,remove_from_cart,149,s004900
515,2024-06-20 06:15:46,wishlist,29,s004901
54,2025-03-07 20:12:10,view,203,s004902
1606,2025-11-14 07:35:24,view,312,s004903
455,2025-10-09 23:24:18,purchase,38,s004904
1033,2025-05-29 17:09:12,add_to_cart,212,s004905
1536,2024-10-25 08:37:01,view,305,s004906
61,2025-07-04 00:11:10,view,2,s004907
53,2025-03-26 21:19:54,wishlist,271,s004908
778,2025-05-22 19:17:39,view,289,s004909
483,2025-07-25 08:33:33,add_to_cart,11,s004910
2460,2024-09-23 08:45:00,view,114,s004911
1116,2024-01-02 20:09:15,purchase,83,s004912
511,2024-12-10 06:42:39,wishlist,221,s004913
608,2025-08-11 16:40:13,remove_from_cart,383,s004914
703,2024-12-23 19:40:06,view,36,s004915
1483,2024-05-30 21:03:54,purchase,388,s004916
2008,2024-08-25 15:01:18,wishlist,264,s004917
633,2025-04-15 13:54:29,purchase,359,s004918
1661,2025-06-09 09:02:03,add_to_cart,219,s004919
1270,2024-12-26 17:54:50,wishlist,172,s004920
1141,2025-01-14 08:20:47,purchase,72,s004921
674,2025-09-27 21:30:49,remove_from_cart,243,s004922
1418,2025-12-10 11:09:12,view,7,s004923
522,2025-03-13 22:02:37,add_to_cart,399,s004924
1265,2025-03-13 06:59:59,purchase,133,s004925
1174,2024-11-06 21:26:00,purchase,383,s004926
302,2025-11-09 19:30:47,purchase,204,s004927
1571,2025-07-25 22:12:29,view,115,s004928
1295,2024-11-20 09:15:25,view,247,s004929
488,2025-05-28 07:13:50,add_to_cart,228,s004930
2283,2025-01-25 08:20:52,view,280,s004931
2129,2025-01-19 19:59:14,add_to_cart,65,s004932
1380,2025-06-23 08:55:09,add_to_cart,272,s004933
933,2024-02-01 07:26:19,view,150,s004934
499,2024-08-25 22:09:12,wishlist,133,s004935
1488,2024-10-17 20:48:28,view,196,s004936
52,2025-03-23 07:40:09,view,373,s004937
509,2025-07-19 10:07:01,add_to_cart,249,s004938
961,2024-12-04 15:36:56,view,316,s004939
2323,2025-09-19 07:38:26,view,14,s004940
1770,2025-10-25 22:52:53,view,265,s004941
2273,2025-10-14 16:07:40,add_to_cart,244,s004942
1825,2025-03-10 23:44:27,view,218,s004943
1149,2024-06-13 20:24:58,add_to_cart,252,s004944
2260,2024-08-13 17:24:27,view,167,s004945
1753,2025-02-25 13:38:43,wishlist,289,s004946
165,2024-11-16 08:53:29,remove_from_cart,94,s004947
1682,2024-08-02 09:45:34,view,315,s004948
1192,2025-04-10 09:18:51,view,161,s004949
2288,2024-01-28 07:31:42,view,88,s004950
1013,2024-06-12 21:46:47,add_to_cart,186,s004951
317,2025-10-07 19:11:56,purchase,121,s004952
1179,2024-06-30 09:56:20,view,215,s004953
2018,2024-07-08 10:54:52,view,326,s004954
1549,2025-01-13 16:56:02,purchase,254,s004955
195,2024-01-29 05:02:17,view,75,s004956
200,2025-11-10 20:46:01,add_to_cart,249,s004957
534,2024-11-16 21:11:15,add_to_cart,46,s004958
1266,2024-10-10 18:23:21,view,32,s004959
1759,2024-11-03 17:03:24,view,83,s004960
2441,2025-11-15 10:34:03,view,274,s004961
1844,2025-07-26 19:27:08,add_to_cart,374,s004962
135,2024-07-14 20:26:20,view,341,s004963
1426,2025-08-04 12:55:55,view,44,s004964
1952,2025-01-25 10:50:41,view,101,s004965
1243,2024-10-24 09:28:28,wishlist,62,s004966
2166,2024-12-24 20:00:36,add_to_cart,253,s004967
1111,2025-11-11 18:13:51,view,178,s004968
1945,2025-07-21 08:55:41,view,205,s004969
796,2025-04-01 22:12:41,view,166,s004970
192,2024-08-06 08:26:03,view,202,s004971
160,2025-03-04 13:30:15,wishlist,323,s004972
1718,2024-02-06 06:53:38,add_to_cart,275,s004973
1784,2025-12-07 18:17:57,view,9,s004974
1768,2024-06-01 11:48:15,purchase,12,s004975
2392,2025-04-17 23:17:17,add_to_cart,297,s004976
2490,2024-07-24 11:23:39,view,35,s004977
2292,2024-03-23 17:09:26,add_to_cart,225,s004978
571,2024-06-16 11:56:19,wishlist,167,s004979
440,2025-12-07 19:40:54,view,318,s004980
157,2025-02-04 09:14:17,view,223,s004981
361,2024-08-22 21:05:58,view,364,s004982
894,2025-01-24 21:12:15,view,64,s004983
1194,2024-05-22 08:01:17,add_to_cart,166,s004984
774,2025-05-04 12:17:17,purchase,92,s004985
2092,2024-02-26 17:17:26,wishlist,49,s004986
1345,2025-04-06 12:07:20,wishlist,81,s004987
448,2025-11-06 10:48:01,add_to_cart,186,s004988
2407,2024-01-15 13:44:56,add_to_cart,130,s004989
120,2024-04-02 19:34:06,view,217,s004990
1801,2025-06-19 08:39:33,remove_from_cart,32,s004991
606,2024-07-03 17:44:28,view,136,s004992
1950,2025-04-14 14:38:25,purchase,27,s004993
135,2025-04-24 18:11:53,view,10,s004994
2332,2024-10-23 13:49:48,remove_from_cart,382,s004995
1243,2025-10-08 18:44:35,view,331,s004996
118,2024-05-25 12:09:19,view,43,s004997
551,2024-04-27 17:04:09,purchase,171,s004998
273,2024-03-10 21:32:46,add_to_cart,217,s004999
717,2025-10-27 20:52:55,view,196,s005000
624,2024-08-08 18:31:18,view,270,s005001
1994,2025-01-22 07:27:33,view,267,s005002
1123,2025-01-26 18:17:46,view,398,s005003
1379,2024-02-18 04:02:47,add_to_cart,352,s005004
550,2025-12-02 07:05:28,view,231,s005005
510,2025-09-15 22:39:02,wishlist,55,s005006
1420,2025-09-01 19:18:04,add_to_cart,268,s005007
803,2024-01-03 19:10:24,add_to_cart,201,s005008
862,2024-06-20 23:19:37,view,47,s005009
113,2025-07-09 19:10:39,view,239,s005010
525,2025-07-21 18:34:21,view,56,s005011
681,2025-11-05 22:19:59,view,316,s005012
921,2025-11-20 21:19:30,purchase,41,s005013
2384,2024-03-21 19:52:00,view,355,s005014
2341,2024-11-18 15:42:14,view,394,s005015
713,2024-03-27 03:52:14,add_to_cart,9,s005016
1270,2025-06-30 08:32:17,view,126,s005017
314,2025-07-10 18:36:13,add_to_cart,67,s005018
2138,2024-11-28 06:28:18,add_to_cart,262,s005019
329,2024-03-28 16:26:53,view,135,s005020
1810,2025-04-21 00:10:03,purchase,112,s005021
416,2024-07-17 14:56:49,view,273,s005022
2452,2024-02-29 08:48:36,view,382,s005023
1113,2025-07-17 11:53:32,wishlist,29,s005024
360,2024-09-09 20:59:56,view,398,s005025
704,2024-10-03 17:56:23,add_to_cart,266,s005026
132,2024-05-15 06:59:53,add_to_cart,233,s005027
76,2025-11-05 21:41:03,add_to_cart,221,s005028
1744,2025-06-01 09:57:59,view,186,s005029
615,2025-10-12 15:26:04,view,223,s005030
1874,2025-03-18 19:54:36,wishlist,228,s005031
1062,2025-11-23 19:40:41,view,108,s005032
302,2025-07-01 15:56:17,purchase,277,s005033
706,2025-12-09 15:36:11,add_to_cart,334,s005034
990,2024-04-25 21:43:17,add_to_cart,27,s005035
643,2024-09-01 20:35:39,view,298,s005036
418,2025-01-07 20:07:34,view,209,s005037
149,2025-05-07 20:54:36,view,382,s005038
1947,2024-05-18 21:27:25,view,119,s005039
1939,2025-12-08 23:21:30,view,60,s005040
176,2025-06-24 18:34:26,purchase,98,s005041
295,2024-09-07 15:43:58,wishlist,238,s005042
943,2024-08-30 20:10:22,purchase,333,s005043
117,2024-10-04 10:44:14,view,204,s005044
481,2025-06-24 18:02:01,add_to_cart,358,s005045
2473,2024-03-14 21:33:11,wishlist,56,s005046
1120,2024-12-31 13:13:43,view,268,s005047
1,2025-08-02 21:01:29,view,98,s005048
351,2024-05-31 06:03:59,remove_from_cart,30,s005049
1399,2024-05-15 15:38:23,add_to_cart,345,s005050
1543,2025-03-31 10:15:20,remove_from_cart,116,s005051
1602,2025-07-06 18:24:11,purchase,280,s005052
194,2025-06-17 13:25:12,view,5,s005053
1410,2024-02-17 20:33:04,view,245,s005054
2205,2025-12-10 19:29:31,wishlist,364,s005055
2216,2024-06-10 12:11:26,view,116,s005056
1241,2025-04-14 20:22:23,view,204,s005057
910,2025-10-13 04:08:26,wishlist,35,s005058
2289,2024-12-18 10:11:30,view,312,s005059
291,2025-07-04 22:11:23,view,140,s005060
401,2024-10-03 08:38:52,view,348,s005061
1025,2025-04-03 01:42:58,remove_from_cart,142,s005062
1368,2024-05-22 20:26:33,wishlist,283,s005063
1158,2024-01-30 13:10:23,view,296,s005064
694,2024-11-19 20:55:52,view,272,s005065
120,2024-01-03 23:47:37,wishlist,71,s005066
300,2024-09-10 22:37:18,view,70,s005067
1803,2025-12-06 23:02:06,view,54,s005068
1012,2025-10-28 10:08:43,remove_from_cart,293,s005069
230,2025-04-08 10:07:28,purchase,32,s005070
1066,2024-10-23 07:11:59,add_to_cart,320,s005071
576,2025-08-20 20:07:00,add_to_cart,152,s005072
1748,2025-11-23 14:43:51,view,359,s005073
1213,2025-09-07 20:36:55,add_to_cart,319,s005074
1223,2024-03-01 16:28:29,view,370,s005075
2491,2025-08-24 21:28:38,view,242,s005076
9,2025-02-28 08:59:49,purchase,356,s005077
1990,2025-02-04 18:44:43,wishlist,284,s005078
1982,2024-03-24 19:03:25,purchase,310,s005079
1037,2024-04-06 16:15:19,view,202,s005080
1811,2024-12-18 23:32:54,remove_from_cart,199,s005081
791,2025-12-12 21:23:18,remove_from_cart,50,s005082
739,2025-06-02 14:20:26,purchase,161,s005083
1192,2024-08-31 07:10:58,add_to_cart,160,s005084
1531,2025-03-22 13:11:14,wishlist,198,s005085
596,2024-01-24 19:27:00,wishlist,319,s005086
1200,2025-08-19 18:19:02,view,198,s005087
1179,2024-08-14 21:02:48,remove_from_cart,398,s005088
2105,2024-08-10 18:06:50,wishlist,245,s005089
2478,2025-08-10 09:05:20,wishlist,12,s005090
655,2024-07-28 07:22:47,wishlist,251,s005091
2021,2025-09-05 13:46:13,wishlist,165,s005092
1744,2024-02-09 20:11:02,view,43,s005093
1630,2024-08-02 20:12:24,view,128,s005094
2075,2025-11-19 19:37:51,purchase,49,s005095
2307,2024-04-07 06:06:50,view,319,s005096
108,2024-07-03 12:05:51,purchase,244,s005097
2456,2024-09-28 21:37:28,add_to_cart,361,s005098
1768,2024-04-19 06:11:25,view,305,s005099
388,2024-08-30 13:34:11,view,388,s005100
1490,2024-10-21 05:13:59,view,298,s005101
455,2024-02-23 18:59:08,view,71,s005102
1452,2025-01-14 20:56:41,wishlist,64,s005103
2486,2024-02-23 13:06:50,view,207,s005104
833,2024-08-08 18:35:53,view,130,s005105
1767,2024-08-02 19:52:28,add_to_cart,250,s005106
1146,2024-01-17 16:59:41,view,5,s005107
71,2025-12-01 19:32:52,view,209,s005108
1020,2024-08-22 09:39:43,wishlist,241,s005109
2058,2025-05-23 21:44:23,add_to_cart,234,s005110
2490,2025-09-12 20:58:31,add_to_cart,382,s005111
402,2025-10-27 11:32:14,view,374,s005112
2308,2025-03-06 17:56:46,add_to_cart,351,s005113
877,2025-08-31 21:17:10,view,215,s005114
278,2024-09-15 08:51:25,view,42,s005115
29,2024-03-08 19:33:45,view,301,s005116
1996,2024-07-07 21:12:38,add_to_cart,162,s005117
2296,2024-08-26 14:45:40,add_to_cart,360,s005118
936,2025-09-26 20:19:10,view,81,s005119
1701,2024-05-10 08:05:16,wishlist,395,s005120
828,2024-05-31 14:39:43,view,175,s005121
1158,2025-07-25 13:44:47,wishlist,20,s005122
1664,2024-06-14 14:27:16,view,73,s005123
1260,2024-07-16 18:24:16,wishlist,268,s005124
483,2025-08-23 02:25:25,wishlist,118,s005125
182,2025-01-27 19:31:09,add_to_cart,371,s005126
1367,2025-01-21 19:55:26,view,61,s005127
2425,2025-09-05 09:33:00,view,27,s005128
294,2025-08-02 18:55:37,purchase,30,s005129
1493,2025-01-26 09:25:53,view,352,s005130
603,2025-02-16 09:20:01,view,221,s005131
1204,2025-05-08 08:26:00,wishlist,108,s005132
1974,2024-07-31 11:44:58,view,287,s005133
228,2025-01-29 15:28:52,view,193,s005134
1061,2024-07-31 14:44:03,purchase,368,s005135
876,2025-10-01 18:04:02,purchase,385,s005136
1544,2025-06-21 02:28:19,view,157,s005137
2150,2024-01-30 10:08:18,remove_from_cart,198,s005138
2199,2025-10-18 20:20:48,wishlist,254,s005139
1515,2024-10-27 15:26:16,view,9,s005140
1541,2025-04-14 20:11:06,view,321,s005141
492,2024-07-11 08:17:45,wishlist,292,s005142
1158,2024-02-07 11:47:20,view,393,s005143
306,2024-02-19 12:03:40,view,365,s005144
566,2025-11-08 23:21:58,remove_from_cart,78,s005145
2020,2025-02-24 12:08:19,view,306,s005146
1139,2024-03-17 07:29:50,add_to_cart,368,s005147
267,2024-12-06 19:34:39,remove_from_cart,155,s005148
1595,2024-12-01 18:35:24,view,185,s005149
1669,2024-09-14 22:52:58,view,314,s005150
316,2025-01-21 19:34:29,purchase,299,s005151
1962,2024-07-07 08:11:45,add_to_cart,141,s005152
1756,2025-02-25 09:19:59,view,249,s005153
291,2025-02-04 10:04:14,wishlist,276,s005154
213,2025-07-20 05:58:26,view,131,s005155
2133,2024-02-28 09:46:44,view,390,s005156
1973,2024-04-30 13:37:13,wishlist,52,s005157
2440,2025-04-08 22:04:09,view,43,s005158
2388,2025-02-10 10:40:08,remove_from_cart,172,s005159
1181,2025-09-10 12:25:44,view,62,s005160
186,2025-03-26 10:26:50,purchase,218,s005161
178,2024-01-13 19:32:35,view,386,s005162
1245,2024-06-04 06:07:40,view,36,s005163
369,2025-05-20 20:56:05,wishlist,184,s005164
1374,2024-04-30 09:09:29,wishlist,190,s005165
1827,2025-11-14 18:04:57,view,344,s005166
1466,2025-09-08 16:26:18,purchase,70,s005167
2077,2024-12-29 22:39:01,remove_from_cart,262,s005168
1034,2025-12-07 08:01:21,remove_from_cart,320,s005169
448,2024-01-04 22:53:18,purchase,379,s005170
1575,2025-01-08 21:31:09,purchase,142,s005171
2291,2024-07-14 08:04:19,view,55,s005172
2185,2025-07-21 12:32:02,view,208,s005173
1301,2025-07-08 16:48:36,remove_from_cart,189,s005174
2443,2024-05-13 20:11:54,view,229,s005175
2004,2025-01-25 11:08:33,remove_from_cart,20,s005176
1163,2024-02-12 20:39:41,view,99,s005177
2217,2024-05-30 12:45:53,add_to_cart,46,s005178
1684,2025-04-21 09:46:20,remove_from_cart,92,s005179
1777,2024-05-17 06:50:06,view,47,s005180
30,2025-01-11 18:54:36,remove_from_cart,105,s005181
509,2024-09-02 18:59:39,wishlist,77,s005182
1583,2024-10-15 19:29:54,remove_from_cart,19,s005183
1832,2025-02-25 20:21:24,view,48,s005184
772,2025-10-12 15:19:57,view,295,s005185
258,2024-07-24 10:32:50,view,378,s005186
29,2024-06-26 17:35:59,purchase,297,s005187
2403,2025-09-03 20:03:22,view,161,s005188
882,2024-03-29 21:25:48,purchase,66,s005189
1394,2024-10-27 09:23:54,view,376,s005190
2086,2025-04-07 09:00:54,wishlist,240,s005191
1132,2024-12-21 15:42:39,purchase,211,s005192
2268,2025-11-29 21:46:00,view,335,s005193
1204,2024-10-16 05:39:42,wishlist,46,s005194
32,2024-05-16 21:39:46,view,241,s005195
701,2024-06-29 23:21:22,view,91,s005196
1836,2024-04-01 09:18:50,add_to_cart,19,s005197
1799,2024-05-11 05:41:40,wishlist,40,s005198
2017,2025-04-02 21:14:41,view,321,s005199
1262,2024-03-26 09:31:18,view,304,s005200
242,2025-04-24 21:21:13,add_to_cart,220,s005201
754,2024-04-04 08:59:37,add_to_cart,260,s005202
953,2024-01-29 06:04:51,view,129,s005203
1459,2025-12-13 07:25:22,wishlist,215,s005204
1768,2025-06-15 09:01:22,view,152,s005205
1656,2025-06-06 07:32:09,view,292,s005206
2286,2025-05-03 11:48:53,view,91,s005207
1015,2024-04-04 20:09:57,remove_from_cart,19,s005208
1141,2024-06-04 14:07:23,view,397,s005209
787,2025-11-16 09:45:30,purchase,220,s005210
643,2025-02-14 07:49:44,purchase,34,s005211
2377,2025-04-10 13:38:56,view,321,s005212
30,2025-05-27 04:12:55,add_to_cart,296,s005213
1520,2025-08-15 07:51:15,add_to_cart,187,s005214
2329,2024-01-10 16:49:27,view,276,s005215
2438,2024-03-17 09:42:50,view,152,s005216
1458,2024-05-27 10:15:29,wishlist,194,s005217
2005,2024-04-13 09:09:08,view,19,s005218
854,2025-06-01 06:01:12,view,261,s005219
261,2025-07-14 06:16:08,purchase,398,s005220
2217,2025-09-12 20:03:15,view,41,s005221
1114,2024-08-20 13:11:09,view,53,s005222
2328,2024-10-20 15:57:39,view,72,s005223
39,2025-04-15 06:06:18,add_to_cart,241,s005224
1577,2025-04-30 18:31:32,purchase,84,s005225
538,2024-11-12 09:12:33,view,327,s005226
678,2024-05-23 07:40:27,view,392,s005227
235,2025-03-29 21:55:49,purchase,138,s005228
113,2024-05-27 17:14:47,view,378,s005229
1840,2024-09-09 08:23:44,view,22,s005230
1083,2025-09-13 21:29:48,view,331,s005231
171,2025-09-04 09:15:41,view,32,s005232
663,2025-04-17 20:19:37,wishlist,66,s005233
908,2024-12-15 10:19:49,remove_from_cart,80,s005234
1471,2025-11-08 09:36:57,view,18,s005235
1972,2024-11-08 22:37:20,view,218,s005236
769,2024-06-29 09:30:30,add_to_cart,78,s005237
740,2024-11-05 20:04:24,view,81,s005238
1047,2024-04-23 07:22:58,view,124,s005239
1658,2025-07-11 10:14:32,wishlist,69,s005240
1455,2025-08-18 10:36:37,view,180,s005241
2169,2025-06-18 05:59:17,view,290,s005242
1033,2025-01-09 17:50:55,wishlist,141,s005243
1370,2024-05-25 20:52:06,view,109,s005244
288,2024-03-19 20:52:13,view,115,s005245
336,2024-07-24 20:27:06,wishlist,96,s005246
1854,2024-07-21 22:48:50,add_to_cart,215,s005247
848,2024-05-06 03:50:40,add_to_cart,348,s005248
2119,2025-07-03 09:06:09,view,326,s005249
579,2024-12-03 00:03:57,view,335,s005250
2239,2025-06-28 16:04:57,view,281,s005251
1048,2024-02-16 09:15:55,wishlist,268,s005252
2278,2024-11-20 22:26:26,view,28,s005253
317,2024-08-04 18:24:09,view,162,s005254
990,2024-06-09 18:13:24,view,395,s005255
1759,2024-05-23 17:19:27,wishlist,294,s005256
2307,2025-09-08 10:35:33,view,74,s005257
1915,2025-08-22 13:05:26,view,109,s005258
234,2025-11-18 08:38:08,view,247,s005259
861,2024-07-11 18:25:26,view,67,s005260
547,2024-12-08 15:04:08,purchase,175,s005261
52,2024-11-08 14:59:58,add_to_cart,282,s005262
659,2024-04-05 07:19:32,view,67,s005263
917,2025-07-11 21:32:30,add_to_cart,33,s005264
1981,2025-04-05 23:14:34,view,106,s005265
1964,2024-10-01 13:00:43,view,356,s005266
1970,2025-12-05 13:52:25,wishlist,323,s005267
580,2025-01-28 08:28:56,view,285,s005268
2356,2025-04-03 19:47:23,purchase,296,s005269
362,2024-04-13 11:33:09,wishlist,96,s005270
807,2024-07-10 23:39:47,view,328,s005271
150,2024-09-21 05:09:24,view,278,s005272
1510,2024-06-30 10:04:17,add_to_cart,347,s005273
1941,2024-03-11 18:21:36,purchase,251,s005274
1129,2025-09-07 09:32:48,remove_from_cart,63,s005275
2219,2025-01-03 21:33:58,remove_from_cart,298,s005276
254,2024-08-09 08:28:38,view,301,s005277
1198,2024-10-15 21:30:53,view,371,s005278
1454,2024-02-14 20:14:38,wishlist,67,s005279
748,2025-11-14 11:08:58,view,392,s005280
113,2024-03-17 05:36:44,purchase,389,s005281
821,2025-10-03 12:42:11,view,376,s005282
2124,2024-06-28 08:55:15,view,243,s005283
466,2024-06-23 21:49:13,add_to_cart,330,s005284
853,2025-11-14 21:08:32,purchase,21,s005285
2150,2025-10-26 14:17:14,wishlist,377,s005286
1576,2025-09-03 19:33:33,view,12,s005287
1607,2025-02-14 19:07:59,wishlist,71,s005288
1297,2025-10-22 21:44:37,view,4,s005289
1904,2025-10-20 15:00:43,add_to_cart,34,s005290
1415,2025-03-24 09:37:07,wishlist,37,s005291
1129,2025-11-28 13:12:49,view,84,s005292
1036,2024-01-03 16:24:47,view,201,s005293
1547,2025-11-15 06:57:47,view,152,s005294
406,2024-08-21 20:16:39,view,88,s005295
1739,2025-05-07 10:32:57,add_to_cart,167,s005296
2085,2025-01-30 17:26:45,view,67,s005297
141,2025-02-09 10:41:07,add_to_cart,151,s005298
1488,2024-01-02 09:57:13,add_to_cart,214,s005299
970,2024-05-18 08:03:02,view,57,s005300
576,2024-03-18 14:03:47,add_to_cart,349,s005301
1042,2024-08-06 23:05:12,view,61,s005302
1219,2025-06-29 22:02:40,view,168,s005303
1437,2024-06-28 18:23:58,view,315,s005304
140,2025-07-28 19:52:42,view,284,s005305
992,2025-02-22 22:03:31,add_to_cart,372,s005306
959,2025-03-24 20:26:50,view,321,s005307
2485,2025-04-23 12:09:40,wishlist,142,s005308
2001,2025-11-16 18:07:54,remove_from_cart,313,s005309
774,2025-02-07 07:26:01,purchase,98,s005310
211,2024-09-11 17:43:48,add_to_cart,277,s005311
1650,2024-09-28 06:05:18,wishlist,124,s005312
697,2025-03-21 08:03:32,purchase,373,s005313
1159,2025-09-27 20:04:29,wishlist,29,s005314
2236,2024-08-19 19:32:37,view,52,s005315
541,2025-09-04 11:08:42,view,113,s005316
842,2024-09-11 19:43:31,add_to_cart,343,s005317
1591,2025-06-25 19:10:30,view,91,s005318
1769,2025-01-15 02:27:09,view,174,s005319
1043,2024-12-18 21:03:43,view,62,s005320
1163,2024-11-03 02:41:07,view,96,s005321
1080,2025-02-05 19:24:18,view,36,s005322
2062,2025-05-07 19:16:48,view,96,s005323
521,2024-03-14 07:06:38,view,139,s005324
1670,2025-10-01 13:39:09,view,171,s005325
2096,2024-06-14 20:52:15,purchase,343,s005326
750,2025-09-10 19:53:15,remove_from_cart,321,s005327
1807,2024-05-26 18:36:52,view,226,s005328
1222,2024-10-21 20:31:03,view,76,s005329
1298,2025-12-12 06:10:07,view,257,s005330
1435,2024-02-21 17:15:55,view,69,s005331
2069,2025-05-01 01:06:25,view,242,s005332
2277,2025-11-27 10:48:53,view,268,s005333
743,2024-11-11 11:03:37,add_to_cart,34,s005334
19,2024-04-06 05:50:08,remove_from_cart,218,s005335
1597,2025-06-10 12:45:38,view,242,s005336
2095,2024-06-04 17:12:06,view,13,s005337
954,2024-03-10 09:53:19,add_to_cart,370,s005338
1501,2024-07-02 17:34:21,view,186,s005339
1998,2025-10-17 07:21:26,view,43,s005340
2357,2024-10-19 09:09:45,view,354,s005341
1607,2025-12-08 07:34:40,view,301,s005342
2184,2025-04-04 00:39:12,remove_from_cart,305,s005343
654,2025-09-27 09:38:09,view,199,s005344
80,2025-09-29 09:07:51,wishlist,145,s005345
596,2024-03-07 08:07:03,view,36,s005346
2138,2025-10-21 09:13:44,add_to_cart,315,s005347
1167,2025-03-12 18:21:35,wishlist,245,s005348
2398,2024-03-07 17:45:25,purchase,316,s005349
959,2024-06-27 07:24:36,view,315,s005350
723,2025-03-03 16:49:32,view,267,s005351
2188,2025-06-16 09:54:18,view,129,s005352
2342,2025-10-31 20:35:22,add_to_cart,11,s005353
870,2024-06-21 22:48:59,wishlist,142,s005354
1784,2024-12-05 19:52:38,view,363,s005355
382,2024-07-16 19:59:09,wishlist,169,s005356
546,2024-04-29 04:58:46,wishlist,339,s005357
1533,2025-06-24 18:51:10,view,244,s005358
193,2025-06-04 09:49:35,purchase,369,s005359
2441,2025-10-23 13:14:20,wishlist,27,s005360
1008,2024-12-15 07:30:31,view,279,s005361
325,2025-12-09 17:59:41,wishlist,84,s005362
316,2025-07-22 18:39:06,view,36,s005363
2023,2025-09-25 13:57:24,view,372,s005364
212,2024-03-12 20:09:31,view,210,s005365
1141,2024-12-25 20:37:48,wishlist,233,s005366
1928,2024-06-12 13:27:09,view,134,s005367
636,2025-02-15 19:43:51,view,183,s005368
1820,2024-01-01 12:42:32,view,174,s005369
667,2025-05-12 11:53:20,remove_from_cart,4,s005370
1417,2025-10-29 18:01:30,purchase,125,s005371
1140,2025-06-21 17:33:29,view,102,s005372
1841,2025-02-01 21:38:45,view,5,s005373
1442,2024-04-27 08:10:12,add_to_cart,318,s005374
1027,2025-06-11 07:44:09,add_to_cart,284,s005375
52,2025-12-01 05:25:12,view,50,s005376
310,2025-02-12 07:27:33,purchase,353,s005377
995,2025-04-21 19:53:59,remove_from_cart,279,s005378
1067,2024-05-17 10:49:31,remove_from_cart,98,s005379
319,2025-08-10 10:51:13,purchase,69,s005380
1077,2024-06-16 11:56:33,view,387,s005381
27,2024-02-02 19:56:05,add_to_cart,129,s005382
467,2024-05-08 09:14:47,view,281,s005383
418,2025-08-13 05:26:08,view,291,s005384
1010,2024-05-21 19:54:47,remove_from_cart,157,s005385
1001,2024-07-29 16:15:12,view,284,s005386
2136,2024-02-13 18:20:47,add_to_cart,250,s005387
1337,2024-11-16 18:51:37,wishlist,282,s005388
2467,2025-03-17 19:04:18,wishlist,354,s005389
2197,2024-01-23 18:04:22,view,7,s005390
2000,2025-06-02 07:56:11,view,141,s005391
215,2025-05-31 12:29:02,view,20,s005392
2147,2024-09-18 20:33:58,add_to_cart,246,s005393
1111,2025-06-24 22:06:38,view,343,s005394
1195,2025-06-27 12:12:40,add_to_cart,323,s005395
2002,2025-08-19 21:32:01,wishlist,396,s005396
1837,2024-11-04 20:12:29,view,21,s005397
45,2025-05-06 17:06:47,view,139,s005398
2315,2025-08-18 10:37:57,purchase,240,s005399
1835,2024-04-23 15:46:11,view,111,s005400
286,2024-09-26 08:55:11,wishlist,117,s005401
1506,2024-05-02 06:36:00,view,249,s005402
526,2024-01-26 09:44:32,add_to_cart,69,s005403
279,2024-05-05 21:56:30,view,285,s005404
1264,2025-08-24 17:31:10,purchase,41,s005405
364,2024-10-27 19:42:40,view,211,s005406
855,2024-03-01 22:42:04,add_to_cart,372,s005407
1431,2024-04-22 10:23:14,view,103,s005408
1172,2024-02-22 20:52:51,wishlist,292,s005409
171,2024-10-23 20:30:46,add_to_cart,352,s005410
952,2024-11-06 11:55:14,add_to_cart,139,s005411
109,2025-05-14 08:29:53,view,241,s005412
1321,2024-04-28 18:08:20,remove_from_cart,128,s005413
2431,2025-05-24 21:53:01,add_to_cart,290,s005414
747,2025-05-24 08:08:28,view,247,s005415
661,2025-09-23 12:57:48,wishlist,375,s005416
1730,2025-01-14 14:24:35,view,58,s005417
2247,2025-10-05 07:31:32,view,98,s005418
1471,2025-02-26 23:00:12,view,79,s005419
2193,2025-11-17 08:48:07,wishlist,109,s005420
820,2025-02-22 11:39:50,view,334,s005421
1270,2024-08-23 05:29:37,add_to_cart,135,s005422
2477,2024-11-19 06:21:10,view,281,s005423
346,2025-08-14 13:27:22,view,57,s005424
166,2025-02-28 20:00:11,add_to_cart,208,s005425
28,2025-04-16 19:50:22,add_to_cart,14,s005426
773,2024-06-02 08:01:41,view,81,s005427
607,2024-11-16 20:16:10,add_to_cart,143,s005428
1213,2024-05-02 05:04:12,view,257,s005429
565,2025-08-20 16:15:09,remove_from_cart,152,s005430
91,2024-11-13 19:35:43,purchase,271,s005431
1814,2024-08-13 21:14:10,view,166,s005432
1220,2025-03-08 10:06:01,view,142,s005433
476,2025-10-23 07:36:31,view,379,s005434
1399,2025-07-23 11:07:41,remove_from_cart,267,s005435
1926,2025-08-19 07:33:47,add_to_cart,267,s005436
1873,2024-05-20 18:16:35,view,297,s005437
2336,2024-07-30 14:09:25,add_to_cart,130,s005438
37,2025-07-05 06:29:30,view,62,s005439
1850,2024-11-27 18:26:56,add_to_cart,179,s005440
2110,2024-03-05 08:27:19,remove_from_cart,63,s005441
2495,2025-02-19 00:11:01,view,378,s005442
2320,2025-07-22 16:07:44,add_to_cart,11,s005443
236,2024-03-31 12:39:21,view,344,s005444
1184,2024-02-08 16:21:56,view,20,s005445
2010,2025-06-10 20:13:01,view,84,s005446
377,2025-01-15 15:19:35,view,285,s005447
1671,2025-09-04 09:10:03,purchase,9,s005448
2255,2025-02-03 16:14:08,view,256,s005449
1501,2024-10-08 20:18:57,view,392,s005450
2478,2025-04-08 20:09:40,view,365,s005451
1000,2025-05-23 20:30:19,wishlist,260,s005452
701,2025-08-06 11:20:51,view,331,s005453
1282,2024-02-07 16:23:01,view,122,s005454
1411,2024-05-08 06:50:36,purchase,356,s005455
1932,2025-09-17 21:15:08,add_to_cart,328,s005456
2330,2025-07-24 00:57:48,wishlist,68,s005457
761,2024-06-20 09:47:28,wishlist,64,s005458
34,2024-02-06 18:41:44,view,337,s005459
2055,2025-09-04 14:03:43,view,274,s005460
1777,2025-01-23 11:03:27,purchase,16,s005461
470,2024-02-22 16:06:56,view,16,s005462
1581,2025-01-19 18:31:30,remove_from_cart,390,s005463
1893,2024-02-29 07:35:25,view,173,s005464
1984,2025-01-09 12:18:09,view,241,s005465
2239,2024-03-07 21:42:30,view,172,s005466
694,2024-07-05 22:52:46,view,264,s005467
916,2025-01-26 13:47:18,wishlist,203,s005468
767,2025-08-14 21:48:41,add_to_cart,378,s005469
2469,2024-02-01 06:03:36,wishlist,46,s005470
426,2024-12-16 10:08:45,view,243,s005471
1311,2025-08-21 21:56:01,view,327,s005472
455,2024-04-09 08:54:24,purchase,18,s005473
2300,2025-07-18 06:25:56,add_to_cart,194,s005474
2011,2025-05-13 09:35:38,view,242,s005475
291,2024-03-04 19:58:27,add_to_cart,344,s005476
2384,2024-04-15 13:20:28,view,11,s005477
2162,2024-11-11 08:41:14,view,266,s005478
124,2024-10-28 06:22:22,view,39,s005479
1536,2025-03-28 09:33:31,wishlist,388,s005480
904,2024-02-27 21:06:30,purchase,285,s005481
1981,2025-06-26 21:50:53,purchase,149,s005482
748,2024-11-25 11:15:56,view,125,s005483
1625,2025-05-01 19:48:28,view,75,s005484
206,2025-12-09 08:58:26,purchase,360,s005485
2472,2024-08-29 16:23:51,add_to_cart,125,s005486
1391,2024-01-24 18:33:27,view,89,s005487
909,2024-01-09 11:37:16,wishlist,308,s005488
2202,2024-01-20 08:13:46,view,252,s005489
235,2025-04-19 21:51:16,view,303,s005490
2396,2024-01-18 09:58:19,view,397,s005491
2298,2025-08-01 07:01:54,view,108,s005492
1263,2024-01-22 22:33:39,view,173,s005493
288,2024-08-18 14:50:56,view,305,s005494
1596,2025-06-24 19:25:47,add_to_cart,256,s005495
97,2025-07-30 10:44:47,wishlist,252,s005496
510,2025-02-22 14:01:26,wishlist,12,s005497
1326,2024-02-28 10:08:08,view,20,s005498
1071,2024-05-15 20:02:09,view,212,s005499
1827,2025-11-11 14:27:25,purchase,203,s005500
1430,2024-03-11 08:14:49,view,268,s005501
1111,2025-07-13 13:47:24,purchase,238,s005502
950,2025-01-19 17:26:43,view,204,s005503
2252,2024-09-22 22:00:53,view,219,s005504
1448,2025-07-16 20:30:54,remove_from_cart,319,s005505
1035,2025-06-18 11:51:01,view,30,s005506
2451,2025-03-07 06:38:42,wishlist,86,s005507
356,2025-05-28 12:50:51,wishlist,178,s005508
577,2025-12-06 08:12:25,view,234,s005509
2249,2024-08-11 10:30:30,wishlist,6,s005510
897,2025-04-24 17:50:46,view,102,s005511
1900,2025-07-21 18:10:43,wishlist,287,s005512
827,2024-12-25 09:05:14,view,347,s005513
140,2024-07-25 17:33:54,view,99,s005514
1228,2024-07-27 20:04:04,purchase,37,s005515
100,2024-04-23 14:55:26,add_to_cart,198,s005516
717,2025-01-24 22:41:19,wishlist,347,s005517
1902,2024-04-15 10:34:46,view,213,s005518
1957,2025-04-22 21:00:00,add_to_cart,394,s005519
308,2025-01-20 08:10:16,view,32,s005520
1961,2024-07-24 14:24:44,purchase,217,s005521
2178,2025-01-07 11:22:12,view,200,s005522
817,2025-07-02 07:51:28,purchase,234,s005523
1236,2024-04-17 23:05:02,view,225,s005524
1876,2025-08-11 09:36:26,view,98,s005525
1107,2024-07-25 14:48:23,view,159,s005526
2330,2025-03-19 08:48:08,view,275,s005527
2496,2024-01-31 08:23:04,view,351,s005528
2173,2024-09-27 11:19:59,purchase,233,s005529
2043,2024-01-29 09:22:43,add_to_cart,368,s005530
178,2024-11-06 20:33:01,wishlist,51,s005531
1880,2024-01-19 07:56:07,view,17,s005532
2208,2025-03-03 06:33:12,view,215,s005533
1522,2024-01-02 22:40:08,wishlist,100,s005534
1839,2024-07-05 20:20:26,wishlist,285,s005535
2085,2024-06-24 20:42:51,view,273,s005536
2463,2024-09-03 16:51:06,purchase,197,s005537
1072,2024-08-31 12:01:46,view,135,s005538
2373,2024-09-15 18:04:49,add_to_cart,86,s005539
2341,2025-01-03 19:56:57,view,166,s005540
2167,2025-01-13 10:08:44,view,311,s005541
2492,2024-10-16 21:35:25,view,178,s005542
2228,2025-02-05 08:33:24,add_to_cart,333,s005543
2291,2024-06-17 15:46:54,add_to_cart,331,s005544
1861,2024-04-16 19:46:53,add_to_cart,360,s005545
1569,2024-07-11 03:33:20,purchase,274,s005546
2450,2024-06-11 13:09:07,wishlist,338,s005547
895,2024-08-17 10:30:35,wishlist,353,s005548
1551,2025-04-17 21:55:33,view,384,s005549
211,2024-09-18 18:32:18,purchase,169,s005550
569,2025-08-09 12:19:07,purchase,339,s005551
643,2025-07-14 05:34:15,view,75,s005552
1324,2024-09-24 16:01:44,add_to_cart,326,s005553
1419,2024-01-30 08:28:15,wishlist,69,s005554
2208,2025-05-25 22:01:27,remove_from_cart,93,s005555
1868,2025-03-22 11:00:59,add_to_cart,19,s005556
1931,2024-02-07 08:25:06,view,374,s005557
2207,2024-05-28 18:20:58,view,363,s005558
247,2024-10-19 18:46:11,view,193,s005559
795,2025-09-03 21:25:44,view,221,s005560
1047,2025-02-02 05:48:36,wishlist,370,s005561
1953,2025-03-17 06:10:01,purchase,110,s005562
581,2025-07-15 07:15:04,view,238,s005563
392,2024-01-13 09:35:36,view,317,s005564
1845,2025-03-21 09:52:01,add_to_cart,125,s005565
1375,2025-03-30 10:27:37,view,276,s005566
571,2025-11-01 21:08:16,view,197,s005567
2429,2025-10-22 21:24:52,view,381,s005568
71,2024-05-11 18:27:13,view,230,s005569
345,2024-02-16 21:01:00,view,90,s005570
912,2024-07-10 18:52:48,add_to_cart,329,s005571
1680,2024-02-03 23:56:49,remove_from_cart,11,s005572
293,2024-03-28 18:44:55,view,147,s005573
462,2024-10-06 09:35:05,add_to_cart,82,s005574
1053,2025-08-19 09:41:57,add_to_cart,176,s005575
1810,2024-03-29 19:43:56,view,180,s005576
988,2025-01-31 10:36:28,view,396,s005577
87,2025-01-12 14:04:14,view,396,s005578
902,2024-01-04 19:01:37,view,231,s005579
976,2025-03-22 22:19:18,wishlist,54,s005580
2473,2024-07-03 10:54:14,view,6,s005581
1374,2025-09-03 23:12:44,view,287,s005582
1736,2024-05-06 18:07:11,wishlist,185,s005583
290,2025-11-08 20:39:14,add_to_cart,259,s005584
1228,2024-12-21 20:15:55,wishlist,171,s005585
214,2025-10-26 14:58:50,add_to_cart,392,s005586
279,2025-01-03 08:26:35,purchase,335,s005587
1564,2024-09-26 11:25:04,view,322,s005588
2020,2025-06-29 23:31:11,view,160,s005589
159,2025-01-12 21:28:31,view,223,s005590
1387,2024-02-15 12:35:38,remove_from_cart,328,s005591
227,2024-07-10 19:41:08,view,228,s005592
67,2024-04-20 18:56:13,view,373,s005593
2479,2024-02-16 21:50:12,remove_from_cart,259,s005594
2362,2025-05-12 11:45:19,view,396,s005595
120,2025-03-18 15:29:14,wishlist,169,s005596
704,2024-07-29 22:22:56,view,203,s005597
2209,2024-05-02 18:59:02,purchase,4,s005598
1628,2025-02-11 01:17:40,view,61,s005599
83,2025-04-23 00:01:06,wishlist,376,s005600
1400,2025-06-05 20:35:47,view,2,s005601
1620,2024-10-18 08:06:26,wishlist,139,s005602
1438,2024-04-23 11:15:59,purchase,67,s005603
1366,2024-06-22 20:46:10,view,135,s005604
2032,2024-10-26 20:18:09,add_to_cart,134,s005605
2216,2025-05-26 21:45:20,add_to_cart,302,s005606
2015,2024-09-19 23:05:36,add_to_cart,387,s005607
1735,2025-06-01 12:58:47,view,349,s005608
1622,2025-01-12 08:35:42,add_to_cart,16,s005609
2414,2024-06-01 22:30:35,purchase,133,s005610
1241,2024-08-09 21:08:27,purchase,54,s005611
1460,2025-07-09 07:58:32,view,69,s005612
2169,2024-02-28 07:12:42,wishlist,83,s005613
157,2025-09-15 11:02:00,add_to_cart,340,s005614
2356,2025-08-09 16:01:18,view,387,s005615
1698,2024-07-27 05:30:34,view,294,s005616
1295,2025-12-02 14:00:37,add_to_cart,122,s005617
1817,2024-10-05 11:02:48,view,339,s005618
1570,2024-09-10 18:07:29,wishlist,35,s005619
2187,2025-06-19 16:33:43,remove_from_cart,340,s005620
354,2025-06-24 11:59:25,add_to_cart,223,s005621
1952,2025-09-10 07:56:15,wishlist,138,s005622
933,2024-01-31 23:19:19,view,272,s005623
374,2024-10-14 20:20:19,add_to_cart,236,s005624
1508,2024-06-12 06:52:05,view,382,s005625
43,2025-04-27 09:44:19,add_to_cart,151,s005626
292,2024-08-30 11:07:16,view,187,s005627
295,2025-05-02 21:55:34,wishlist,352,s005628
895,2024-07-28 09:06:53,remove_from_cart,38,s005629
450,2025-11-15 14:02:19,purchase,359,s005630
426,2025-10-12 07:03:59,view,185,s005631
1769,2024-01-17 11:43:56,view,32,s005632
1725,2024-03-01 21:03:41,purchase,150,s005633
1180,2024-09-26 05:35:48,wishlist,18,s005634
1180,2024-10-20 19:08:32,wishlist,151,s005635
1976,2024-07-18 20:57:34,add_to_cart,72,s005636
309,2024-07-26 22:27:51,purchase,57,s005637
2447,2025-02-15 10:47:15,purchase,244,s005638
1293,2025-08-04 10:35:23,add_to_cart,308,s005639
897,2024-12-26 11:37:49,view,106,s005640
1048,2025-10-17 08:13:35,add_to_cart,188,s005641
2057,2025-07-05 17:24:47,view,251,s005642
1412,2025-06-05 20:42:48,view,222,s005643
2474,2024-09-20 10:51:29,view,322,s005644
132,2025-02-01 14:36:28,view,242,s005645
299,2024-12-23 19:26:12,view,98,s005646
1730,2024-05-07 19:52:00,view,78,s005647
1168,2025-12-02 22:29:40,wishlist,363,s005648
2043,2024-08-24 10:31:24,add_to_cart,70,s005649
2394,2025-11-25 15:04:06,add_to_cart,274,s005650
2165,2024-11-28 19:45:14,view,304,s005651
859,2025-08-16 21:01:04,view,316,s005652
1113,2024-02-13 22:47:36,add_to_cart,253,s005653
1878,2025-05-06 06:16:59,add_to_cart,254,s005654
1345,2024-01-27 19:25:05,view,319,s005655
1861,2025-05-05 06:32:18,view,233,s005656
584,2024-02-11 03:54:57,view,195,s005657
1483,2025-09-01 09:11:08,wishlist,70,s005658
1662,2024-06-19 08:42:03,view,301,s005659
1864,2025-10-16 13:21:52,wishlist,93,s005660
907,2024-05-29 06:25:39,view,67,s005661
1056,2025-06-30 18:39:17,view,294,s005662
668,2024-09-10 22:50:06,add_to_cart,86,s005663
45,2025-08-14 09:31:03,view,182,s005664
1704,2024-07-03 14:15:51,remove_from_cart,387,s005665
576,2024-08-12 07:52:22,purchase,289,s005666
1009,2025-05-21 21:03:49,add_to_cart,120,s005667
1672,2024-10-08 21:28:05,wishlist,76,s005668
653,2024-06-07 16:59:48,purchase,383,s005669
1681,2024-04-10 19:25:48,add_to_cart,126,s005670
707,2024-03-13 10:28:31,purchase,192,s005671
1034,2024-03-08 23:46:48,purchase,276,s005672
1702,2025-03-04 01:13:10,purchase,260,s005673
376,2025-01-10 14:07:48,view,70,s005674
1900,2025-05-29 20:55:10,add_to_cart,152,s005675
2196,2025-07-16 20:12:30,add_to_cart,310,s005676
2288,2025-01-23 07:22:32,purchase,241,s005677
1118,2025-03-09 11:03:46,view,13,s005678
33,2024-05-21 18:13:06,view,370,s005679
1220,2025-02-27 18:40:16,add_to_cart,226,s005680
2275,2025-03-26 19:02:30,add_to_cart,239,s005681
886,2024-05-21 10:24:52,add_to_cart,93,s005682
2351,2024-06-03 20:33:04,add_to_cart,121,s005683
1966,2024-10-16 22:35:11,view,45,s005684
2235,2024-08-18 05:12:16,add_to_cart,62,s005685
1967,2024-06-10 18:39:50,wishlist,235,s005686
865,2025-09-22 16:22:32,add_to_cart,197,s005687
1156,2025-09-02 03:34:26,view,175,s005688
2151,2025-05-31 19:57:09,purchase,49,s005689
429,2025-11-13 18:51:45,view,361,s005690
1628,2025-10-17 10:33:47,wishlist,344,s005691
1022,2025-03-12 11:33:33,add_to_cart,125,s005692
682,2024-12-26 13:25:59,add_to_cart,262,s005693
2378,2025-06-25 14:02:34,purchase,242,s005694
739,2024-08-21 10:03:28,purchase,297,s005695
160,2024-10-04 13:05:43,view,326,s005696
1062,2024-11-25 11:15:09,purchase,217,s005697
360,2024-12-23 11:08:04,view,177,s005698
2402,2024-10-17 18:34:41,add_to_cart,47,s005699
1829,2025-01-29 17:46:07,purchase,97,s005700
2364,2025-09-08 22:41:26,wishlist,132,s005701
1307,2025-09-28 16:44:32,view,348,s005702
726,2024-01-08 08:20:40,purchase,4,s005703
682,2024-05-11 19:34:00,add_to_cart,52,s005704
1683,2025-08-08 21:09:03,wishlist,36,s005705
2251,2025-12-13 10:14:20,purchase,369,s005706
2436,2024-01-21 01:39:33,view,243,s005707
1309,2024-03-17 21:33:03,view,242,s005708
1386,2025-07-09 11:12:11,remove_from_cart,283,s005709
1418,2024-03-20 19:14:27,view,148,s005710
1341,2024-04-01 19:16:40,view,217,s005711
2464,2025-03-02 11:10:06,view,267,s005712
1936,2025-10-21 17:08:59,view,94,s005713
761,2024-06-23 10:50:26,view,117,s005714
2210,2024-09-26 06:28:12,view,155,s005715
1220,2024-12-03 13:46:42,add_to_cart,125,s005716
1573,2025-05-16 09:00:00,view,229,s005717
2127,2024-07-07 10:51:42,wishlist,369,s005718
1748,2024-07-21 20:23:12,view,198,s005719
1540,2025-11-30 07:17:57,wishlist,13,s005720
219,2024-03-26 18:24:22,remove_from_cart,282,s005721
119,2025-06-01 12:11:43,view,393,s005722
1860,2024-10-23 08:40:50,add_to_cart,64,s005723
289,2024-01-03 18:15:29,view,322,s005724
1174,2025-03-19 18:11:24,view,368,s005725
1648,2024-06-01 22:46:29,view,382,s005726
1883,2024-09-19 13:49:55,wishlist,355,s005727
660,2025-07-19 01:26:31,view,38,s005728
1247,2024-04-05 17:12:00,remove_from_cart,257,s005729
275,2024-02-11 19:50:51,wishlist,205,s005730
2058,2024-08-10 20:27:56,wishlist,140,s005731
989,2024-02-20 16:37:06,wishlist,109,s005732
1298,2024-03-28 21:46:27,view,175,s005733
665,2025-01-10 14:35:07,add_to_cart,239,s005734
2066,2025-07-05 19:54:29,view,131,s005735
972,2024-07-23 12:48:31,view,261,s005736
2435,2025-01-20 16:29:43,view,149,s005737
1668,2024-06-10 15:16:58,view,392,s005738
1047,2024-10-10 17:09:37,add_to_cart,339,s005739
911,2024-12-06 20:09:33,view,220,s005740
686,2025-08-21 20:00:50,wishlist,311,s005741
300,2025-02-22 15:47:52,view,109,s005742
2314,2025-06-24 09:46:59,view,223,s005743
1978,2024-10-17 13:13:28,purchase,177,s005744
1874,2024-05-01 18:46:58,view,13,s005745
1236,2025-05-31 07:14:34,view,318,s005746
1813,2025-11-03 00:56:14,view,346,s005747
787,2025-03-09 20:55:02,wishlist,109,s005748
1201,2024-12-27 20:58:07,view,220,s005749
340,2024-02-22 17:35:57,remove_from_cart,326,s005750
2000,2024-11-18 19:10:18,remove_from_cart,27,s005751
264,2024-08-27 10:12:28,view,122,s005752
1513,2024-10-25 13:58:46,view,230,s005753
1243,2024-03-06 17:08:31,view,10,s005754
2077,2025-10-28 21:31:28,view,141,s005755
1243,2025-05-11 21:29:42,wishlist,232,s005756
214,2025-09-04 08:41:24,view,43,s005757
1289,2024-07-28 18:13:15,view,248,s005758
293,2025-01-06 07:29:01,wishlist,308,s005759
1867,2024-10-17 05:51:07,view,57,s005760
835,2025-06-17 12:13:20,view,349,s005761
626,2025-08-15 12:56:17,view,283,s005762
2228,2025-03-26 10:40:40,purchase,133,s005763
1903,2025-07-09 18:28:22,purchase,69,s005764
2272,2024-08-28 17:47:08,add_to_cart,230,s005765
368,2024-12-17 15:57:39,view,145,s005766
1980,2024-10-09 20:23:43,add_to_cart,313,s005767
2460,2024-11-06 22:20:00,view,196,s005768
105,2025-07-18 06:22:21,add_to_cart,62,s005769
1634,2024-02-03 11:58:01,view,182,s005770
1492,2025-05-10 20:34:43,view,190,s005771
210,2024-03-24 03:27:54,remove_from_cart,213,s005772
1981,2024-04-01 08:06:12,wishlist,246,s005773
73,2025-07-11 09:46:54,view,21,s005774
141,2024-01-13 13:15:46,add_to_cart,13,s005775
959,2024-01-31 20:54:15,view,253,s005776
468,2024-05-17 18:57:31,add_to_cart,7,s005777
1856,2025-12-08 05:06:51,view,87,s005778
28,2025-01-06 18:07:27,view,353,s005779
1717,2024-05-25 10:30:11,view,279,s005780
816,2024-10-05 19:01:39,view,170,s005781
2084,2025-09-23 14:03:57,view,231,s005782
216,2024-03-04 22:42:23,view,339,s005783
445,2025-09-14 22:37:00,wishlist,384,s005784
234,2024-01-20 09:38:49,view,335,s005785
922,2024-04-19 18:56:51,view,68,s005786
807,2024-11-21 19:13:11,add_to_cart,132,s005787
344,2024-08-16 08:00:09,view,89,s005788
831,2025-06-16 09:40:04,view,127,s005789
573,2024-03-12 19:00:57,view,252,s005790
1981,2024-05-05 15:41:55,view,336,s005791
2479,2024-06-05 07:53:01,purchase,325,s005792
1823,2025-10-02 01:46:53,add_to_cart,328,s005793
1718,2024-09-11 10:13:59,view,195,s005794
784,2025-08-06 19:29:32,view,374,s005795
1867,2024-12-29 19:32:48,wishlist,21,s005796
188,2024-05-10 23:55:05,view,102,s005797
871,2025-02-12 10:26:01,view,247,s005798
904,2024-12-12 22:06:57,wishlist,125,s005799
462,2025-08-28 23:42:49,view,203,s005800
1179,2024-10-30 13:15:26,purchase,182,s005801
689,2025-02-04 09:15:17,add_to_cart,180,s005802
515,2025-10-06 00:28:53,view,222,s005803
526,2025-03-19 18:56:28,view,206,s005804
2120,2025-12-03 08:19:47,view,238,s005805
2407,2025-08-16 07:57:04,view,367,s005806
764,2024-07-26 18:44:16,wishlist,292,s005807
2355,2025-11-18 12:26:29,wishlist,399,s005808
2284,2024-03-23 18:17:57,purchase,291,s005809
2484,2024-08-05 18:48:53,view,346,s005810
864,2025-01-30 21:09:50,add_to_cart,20,s005811
1222,2025-07-20 07:34:18,purchase,89,s005812
892,2025-12-04 09:53:14,purchase,66,s005813
252,2025-07-11 19:10:39,view,332,s005814
6,2024-09-01 08:12:43,view,98,s005815
1386,2024-06-18 08:10:01,purchase,258,s005816
1457,2025-09-08 20:11:20,view,79,s005817
2434,2025-10-13 23:00:27,remove_from_cart,109,s005818
913,2025-06-09 09:33:30,view,327,s005819
947,2025-01-12 00:14:22,add_to_cart,253,s005820
542,2024-10-17 01:47:37,wishlist,250,s005821
2008,2024-05-31 22:40:11,view,196,s005822
1876,2025-04-05 13:24:31,wishlist,337,s005823
1060,2025-03-14 09:37:06,view,282,s005824
33,2024-03-29 11:25:39,wishlist,119,s005825
257,2024-03-14 20:01:06,view,159,s005826
2164,2024-09-21 17:10:39,view,288,s005827
828,2025-05-08 07:59:37,view,369,s005828
768,2024-01-13 01:34:44,add_to_cart,275,s005829
2075,2025-08-10 09:00:11,add_to_cart,188,s005830
1375,2024-12-28 20:03:52,view,77,s005831
372,2025-12-10 16:54:44,view,207,s005832
381,2025-02-18 21:16:34,wishlist,189,s005833
130,2024-02-16 07:07:33,view,97,s005834
979,2024-07-25 04:42:35,purchase,315,s005835
2256,2025-02-13 08:14:42,wishlist,281,s005836
1086,2025-10-29 20:26:36,add_to_cart,5,s005837
186,2025-05-25 09:40:24,view,218,s005838
1574,2024-11-19 19:27:49,view,75,s005839
1757,2024-07-01 07:42:31,add_to_cart,171,s005840
526,2025-07-30 10:05:30,view,118,s005841
1150,2024-10-14 13:38:43,view,353,s005842
176,2025-03-02 10:56:58,view,181,s005843
404,2025-02-12 09:03:26,remove_from_cart,231,s005844
1176,2025-11-04 19:27:46,remove_from_cart,149,s005845
1259,2024-10-27 06:10:24,view,3,s005846
2078,2025-03-21 05:46:58,view,234,s005847
267,2025-07-30 22:32:03,wishlist,56,s005848
594,2025-09-12 22:43:48,add_to_cart,398,s005849
2307,2025-04-13 21:59:01,view,319,s005850
2222,2025-08-15 22:18:33,view,275,s005851
2475,2025-04-03 22:21:16,view,160,s005852
279,2025-06-26 19:09:38,view,93,s005853
243,2025-06-16 06:50:35,view,218,s005854
491,2025-04-27 19:39:20,purchase,243,s005855
318,2025-06-27 13:54:09,view,286,s005856
2378,2025-09-01 13:29:26,remove_from_cart,209,s005857
2396,2024-03-05 16:14:28,add_to_cart,149,s005858
2169,2025-01-07 19:59:07,wishlist,179,s005859
330,2024-04-13 21:44:08,view,395,s005860
2125,2025-07-13 13:59:27,view,59,s005861
1960,2025-02-17 13:28:09,remove_from_cart,323,s005862
1814,2025-03-30 20:47:33,view,370,s005863
1708,2025-02-10 18:39:14,view,34,s005864
195,2024-04-14 08:44:40,purchase,248,s005865
2207,2025-02-07 19:30:19,add_to_cart,80,s005866
2406,2024-07-29 12:47:54,view,165,s005867
1008,2025-07-05 11:58:46,view,400,s005868
529,2025-09-25 06:42:43,view,123,s005869
694,2025-02-10 15:21:54,wishlist,42,s005870
1401,2025-07-19 20:16:14,view,377,s005871
2220,2025-09-03 05:59:46,view,76,s005872
2475,2025-11-11 23:22:04,view,393,s005873
1029,2025-09-27 11:19:48,wishlist,355,s005874
561,2024-03-18 08:37:18,view,368,s005875
1012,2025-08-22 23:08:28,view,181,s005876
45,2025-07-30 19:04:17,add_to_cart,229,s005877
1961,2024-06-08 09:39:06,view,203,s005878
191,2025-07-11 07:11:11,view,121,s005879
285,2025-07-08 13:45:49,view,236,s005880
327,2024-11-02 06:23:10,view,346,s005881
1612,2025-02-06 07:48:30,wishlist,7,s005882
1972,2025-11-16 17:34:18,wishlist,88,s005883
641,2024-02-09 18:36:17,view,228,s005884
373,2025-03-20 06:50:38,purchase,180,s005885
2007,2024-01-17 15:26:46,view,63,s005886
1648,2025-02-02 11:15:27,add_to_cart,356,s005887
1633,2024-04-20 12:42:21,add_to_cart,140,s005888
1165,2025-04-02 17:00:49,purchase,389,s005889
656,2024-11-22 11:52:48,add_to_cart,266,s005890
1999,2024-10-25 16:51:04,add_to_cart,159,s005891
1926,2025-09-28 06:44:12,wishlist,40,s005892
1683,2025-04-03 09:07:14,view,120,s005893
482,2024-05-04 19:31:47,view,48,s005894
1172,2024-06-03 21:33:50,wishlist,164,s005895
2340,2025-02-05 20:17:54,add_to_cart,382,s005896
2487,2025-12-11 09:46:13,view,366,s005897
1945,2024-06-11 12:32:21,remove_from_cart,301,s005898
659,2025-03-09 13:49:27,view,316,s005899
25,2024-08-20 03:48:20,view,306,s005900
1744,2025-04-18 10:00:24,add_to_cart,367,s005901
629,2025-10-10 10:09:35,view,201,s005902
1424,2025-04-09 20:32:55,add_to_cart,251,s005903
438,2025-10-03 10:04:15,wishlist,227,s005904
2159,2025-01-06 10:41:11,remove_from_cart,280,s005905
1440,2025-04-14 09:13:15,add_to_cart,176,s005906
242,2025-02-04 14:39:38,add_to_cart,197,s005907
184,2024-01-13 09:44:05,wishlist,145,s005908
43,2025-08-07 00:38:40,purchase,204,s005909
1442,2024-07-22 12:16:00,add_to_cart,15,s005910
2108,2024-01-03 07:42:27,add_to_cart,220,s005911
1972,2024-09-03 09:09:51,view,124,s005912
2459,2024-10-17 18:07:17,add_to_cart,94,s005913
2153,2025-04-18 19:35:22,wishlist,309,s005914
2351,2025-12-01 09:39:12,add_to_cart,262,s005915
901,2025-10-06 22:57:25,add_to_cart,344,s005916
1727,2025-02-08 18:02:14,wishlist,325,s005917
2130,2024-11-05 20:09:43,purchase,373,s005918
2264,2024-01-22 08:23:13,view,324,s005919
1335,2025-07-28 07:44:02,view,348,s005920
541,2025-07-13 03:04:34,wishlist,387,s005921
2193,2024-10-17 12:25:23,wishlist,228,s005922
1808,2025-06-28 22:49:56,view,255,s005923
2067,2025-01-23 21:32:40,view,242,s005924
2059,2024-04-14 08:58:02,view,108,s005925
1742,2025-04-16 10:32:36,add_to_cart,109,s005926
1540,2024-03-07 15:49:37,purchase,182,s005927
993,2025-01-28 20:01:27,purchase,206,s005928
2324,2025-02-13 14:22:00,view,359,s005929
2147,2024-09-03 21:41:03,view,40,s005930
2287,2025-03-26 11:13:04,view,277,s005931
26,2025-10-21 19:13:23,add_to_cart,6,s005932
1239,2024-06-03 18:35:18,purchase,353,s005933
1354,2025-02-05 09:58:58,view,169,s005934
1809,2025-07-31 21:55:51,view,267,s005935
116,2024-03-11 19:12:11,purchase,51,s005936
1958,2025-08-16 22:44:24,add_to_cart,348,s005937
948,2025-09-21 08:43:46,view,331,s005938
2430,2025-07-01 12:16:48,remove_from_cart,98,s005939
1344,2025-07-30 02:47:51,remove_from_cart,294,s005940
30,2024-08-11 09:36:50,view,36,s005941
2295,2024-08-28 19:32:46,view,295,s005942
764,2025-10-21 10:50:23,view,144,s005943
1273,2024-03-26 08:37:22,add_to_cart,120,s005944
646,2025-08-25 20:21:09,add_to_cart,80,s005945
910,2025-07-08 21:32:10,view,378,s005946
202,2024-10-11 11:50:22,view,223,s005947
176,2024-04-16 09:38:02,view,21,s005948
752,2025-02-23 11:57:29,view,376,s005949
1247,2025-07-06 07:16:32,view,147,s005950
1144,2025-08-29 23:11:56,view,387,s005951
1329,2024-07-13 11:58:52,view,259,s005952
1818,2025-10-03 09:31:17,view,107,s005953
1633,2025-09-02 11:08:42,view,4,s005954
1535,2025-08-17 10:43:48,purchase,301,s005955
1298,2024-04-27 20:38:51,view,112,s005956
2467,2025-06-21 08:00:30,view,63,s005957
1784,2024-01-01 16:50:32,add_to_cart,360,s005958
834,2025-04-21 09:52:03,view,243,s005959
751,2025-01-01 23:29:18,remove_from_cart,242,s005960
382,2025-03-04 09:31:34,add_to_cart,63,s005961
70,2025-10-09 07:54:18,view,183,s005962
2332,2024-10-04 22:21:51,view,12,s005963
2114,2025-12-13 11:29:12,wishlist,234,s005964
868,2024-03-24 21:01:14,view,12,s005965
1008,2025-11-30 05:50:23,add_to_cart,323,s005966
824,2024-10-03 20:00:51,wishlist,352,s005967
1711,2024-05-24 20:43:29,add_to_cart,143,s005968
1480,2024-02-27 19:59:02,add_to_cart,341,s005969
938,2024-05-18 18:24:22,add_to_cart,102,s005970
1309,2025-03-12 19:44:47,view,37,s005971
1184,2025-08-11 16:06:36,purchase,206,s005972
843,2025-08-10 08:58:01,purchase,89,s005973
1604,2024-01-19 19:55:01,view,35,s005974
324,2025-11-05 21:45:28,add_to_cart,225,s005975
86,2024-09-24 19:00:55,wishlist,154,s005976
752,2024-02-09 20:02:04,wishlist,72,s005977
2022,2025-04-07 13:18:51,add_to_cart,171,s005978
2431,2024-02-27 22:12:54,add_to_cart,20,s005979
906,2025-03-25 19:41:17,view,210,s005980
1901,2024-02-22 02:27:03,remove_from_cart,372,s005981
2020,2025-06-10 10:30:13,add_to_cart,316,s005982
2284,2024-02-08 19:10:46,purchase,127,s005983
2428,2024-10-18 07:52:05,add_to_cart,258,s005984
2449,2024-05-06 00:27:09,remove_from_cart,275,s005985
1044,2025-03-25 12:26:05,view,138,s005986
60,2024-05-19 20:42:18,add_to_cart,125,s005987
2134,2025-02-19 10:02:51,wishlist,166,s005988
1866,2024-11-12 17:38:45,wishlist,326,s005989
2305,2024-10-20 12:17:20,add_to_cart,52,s005990
2212,2024-04-12 05:42:20,purchase,13,s005991
2027,2025-06-05 22:52:25,view,315,s005992
644,2024-06-06 21:38:12,view,182,s005993
900,2024-07-18 20:49:35,view,12,s005994
584,2024-01-13 20:32:18,view,7,s005995
663,2024-12-19 09:29:32,view,285,s005996
1831,2024-11-12 20:58:14,view,164,s005997
1543,2024-07-19 08:09:07,view,44,s005998
1692,2024-04-25 10:48:02,add_to_cart,89,s005999
1524,2025-05-25 05:36:48,add_to_cart,164,s006000
1607,2024-11-16 08:50:42,wishlist,89,s006001
1191,2024-04-09 20:01:30,view,330,s006002
1195,2024-10-14 06:22:21,view,173,s006003
1049,2025-09-08 07:36:59,view,79,s006004
1462,2025-04-24 20:50:55,view,389,s006005
2327,2025-03-01 10:54:36,view,374,s006006
1320,2024-09-03 15:47:53,view,155,s006007
602,2025-01-31 18:33:24,purchase,154,s006008
1652,2024-03-06 18:55:33,wishlist,38,s006009
1819,2025-09-14 13:39:49,purchase,30,s006010
2488,2025-06-01 07:02:09,wishlist,7,s006011
777,2025-08-12 13:29:29,wishlist,59,s006012
1299,2025-10-20 21:12:23,add_to_cart,96,s006013
645,2025-10-21 09:49:22,wishlist,321,s006014
119,2025-12-02 10:29:33,wishlist,231,s006015
2098,2025-02-07 10:23:39,view,296,s006016
2193,2025-10-27 22:43:57,add_to_cart,300,s006017
1260,2024-02-17 19:01:31,purchase,69,s006018
595,2025-07-09 00:12:49,view,82,s006019
875,2024-01-17 07:20:11,wishlist,212,s006020
725,2025-10-30 18:48:18,view,126,s006021
139,2025-04-26 15:13:45,add_to_cart,136,s006022
900,2024-07-06 01:30:04,remove_from_cart,262,s006023
1245,2025-11-23 18:15:45,view,211,s006024
1104,2024-05-21 08:59:14,wishlist,306,s006025
1013,2024-11-20 11:02:58,purchase,292,s006026
1939,2024-03-04 05:28:12,view,76,s006027
1480,2024-04-04 12:55:26,remove_from_cart,345,s006028
975,2025-10-27 11:08:25,view,258,s006029
108,2024-09-12 21:32:03,view,50,s006030
882,2025-10-26 17:48:17,view,269,s006031
865,2024-05-24 00:22:18,purchase,346,s006032
1466,2025-10-15 20:42:25,add_to_cart,191,s006033
922,2024-10-13 20:04:44,purchase,81,s006034
275,2024-11-29 18:38:04,purchase,84,s006035
2309,2025-10-23 19:05:36,purchase,44,s006036
2155,2024-11-27 13:50:07,view,96,s006037
1377,2024-05-26 11:40:35,view,208,s006038
1626,2025-12-12 06:28:31,remove_from_cart,224,s006039
1159,2025-10-10 07:53:24,view,373,s006040
1172,2025-04-29 20:56:30,wishlist,110,s006041
1376,2024-02-26 10:34:04,view,308,s006042
2207,2024-04-26 01:06:11,add_to_cart,60,s006043
1500,2024-09-28 19:20:28,wishlist,181,s006044
1331,2024-06-05 03:28:06,remove_from_cart,86,s006045
1248,2024-10-28 06:06:02,view,322,s006046
1523,2025-08-12 05:46:16,view,74,s006047
1030,2025-11-30 09:40:11,add_to_cart,165,s006048
975,2024-08-14 12:06:09,purchase,271,s006049
1046,2024-11-29 17:25:49,view,231,s006050
1842,2025-01-24 22:02:38,view,17,s006051
285,2025-11-28 17:52:58,purchase,112,s006052
756,2024-09-25 19:27:06,view,75,s006053
1043,2024-05-15 19:05:58,wishlist,399,s006054
1942,2024-11-15 08:15:07,add_to_cart,355,s006055
2078,2025-09-28 22:48:13,view,111,s006056
1977,2025-01-24 08:58:56,view,180,s006057
1813,2024-08-07 21:05:17,purchase,61,s006058
1514,2025-02-27 12:40:49,view,158,s006059
1093,2025-06-02 19:35:29,view,267,s006060
1962,2024-04-30 20:08:37,view,372,s006061
1191,2025-02-17 15:41:55,purchase,84,s006062
2253,2024-02-04 08:04:31,remove_from_cart,163,s006063
1443,2025-09-08 20:53:38,view,352,s006064
1161,2024-07-28 05:41:03,view,83,s006065
490,2024-01-31 07:05:06,wishlist,201,s006066
416,2025-08-06 02:45:57,view,251,s006067
1923,2024-11-03 16:23:08,view,118,s006068
1897,2024-07-22 04:58:15,add_to_cart,373,s006069
1979,2024-02-07 18:26:43,view,394,s006070
511,2024-11-18 10:04:58,view,217,s006071
1850,2025-05-01 12:58:31,view,246,s006072
1050,2025-08-17 12:53:03,view,34,s006073
2246,2024-10-11 23:52:47,purchase,174,s006074
2216,2025-01-16 18:19:17,add_to_cart,335,s006075
1176,2025-10-24 09:39:47,add_to_cart,175,s006076
1655,2025-10-08 09:27:35,wishlist,150,s006077
1200,2025-06-13 12:56:11,view,162,s006078
1703,2024-12-22 13:15:06,view,216,s006079
705,2025-01-01 06:29:53,add_to_cart,162,s006080
872,2025-10-15 08:34:06,add_to_cart,94,s006081
2120,2024-02-23 23:13:19,view,190,s006082
2160,2025-08-18 19:37:31,wishlist,346,s006083
260,2025-04-01 18:24:32,wishlist,1,s006084
2272,2025-09-19 19:19:11,purchase,94,s006085
749,2025-09-30 08:55:33,add_to_cart,106,s006086
48,2025-02-24 11:50:13,view,9,s006087
1951,2025-08-13 22:25:07,add_to_cart,91,s006088
404,2024-03-14 01:35:17,wishlist,34,s006089
2055,2024-05-18 13:22:40,purchase,240,s006090
1916,2025-01-05 06:46:24,wishlist,60,s006091
1935,2025-11-26 08:57:45,view,192,s006092
136,2024-05-02 07:41:43,add_to_cart,13,s006093
915,2025-01-24 10:09:39,remove_from_cart,223,s006094
1924,2025-06-08 20:34:00,view,399,s006095
796,2024-12-16 11:15:20,wishlist,119,s006096
1040,2025-06-06 13:51:35,view,349,s006097
2114,2025-03-09 14:37:04,view,158,s006098
2140,2024-06-15 11:06:12,purchase,64,s006099
1756,2024-10-31 20:19:30,add_to_cart,386,s006100
477,2025-08-13 08:50:08,view,325,s006101
2280,2025-09-16 15:37:37,view,134,s006102
1001,2025-01-20 13:27:35,purchase,174,s006103
1476,2025-09-17 21:17:37,add_to_cart,99,s006104
1108,2025-08-28 21:47:28,view,12,s006105
605,2024-05-06 13:32:01,add_to_cart,241,s006106
569,2025-05-01 19:04:19,view,255,s006107
100,2024-08-15 11:16:03,add_to_cart,351,s006108
2464,2024-01-21 14:27:07,add_to_cart,278,s006109
2151,2024-06-12 10:17:56,view,173,s006110
469,2025-06-19 08:02:44,wishlist,200,s006111
383,2025-11-16 05:10:49,remove_from_cart,57,s006112
2476,2024-01-17 17:41:20,view,167,s006113
335,2025-07-14 22:44:23,add_to_cart,334,s006114
1275,2025-02-24 09:06:48,wishlist,217,s006115
1938,2025-05-28 09:28:26,wishlist,292,s006116
185,2024-11-02 03:24:39,add_to_cart,52,s006117
1351,2025-05-01 14:43:07,add_to_cart,118,s006118
968,2025-12-11 20:39:33,purchase,195,s006119
1666,2024-11-19 05:16:40,wishlist,377,s006120
888,2025-05-14 08:24:45,remove_from_cart,209,s006121
228,2024-10-14 10:04:37,view,177,s006122
2387,2025-10-31 07:20:34,purchase,86,s006123
1126,2024-06-17 14:51:03,add_to_cart,6,s006124
1014,2024-10-16 09:57:17,view,378,s006125
64,2025-07-10 13:16:03,add_to_cart,381,s006126
1931,2024-04-14 20:17:16,purchase,224,s006127
2435,2025-07-19 20:36:14,view,354,s006128
2181,2024-09-17 10:26:34,view,258,s006129
514,2024-01-02 18:28:27,view,91,s006130
1488,2025-01-21 19:57:42,view,104,s006131
1385,2024-03-01 19:40:30,view,290,s006132
886,2025-08-23 18:57:53,view,119,s006133
986,2024-05-08 09:55:30,view,148,s006134
1890,2025-03-25 21:51:26,add_to_cart,175,s006135
1957,2024-08-22 17:24:41,add_to_cart,183,s006136
774,2024-04-23 16:38:14,view,319,s006137
1984,2025-12-09 20:24:13,add_to_cart,201,s006138
1152,2025-04-29 07:09:49,purchase,269,s006139
1386,2025-04-15 10:19:33,view,61,s006140
1431,2024-01-11 13:03:40,view,107,s006141
930,2024-08-27 18:00:33,view,310,s006142
1114,2025-12-07 12:39:40,add_to_cart,89,s006143
1024,2025-10-31 21:03:03,remove_from_cart,313,s006144
2244,2025-05-05 17:48:13,view,294,s006145
27,2024-10-16 14:11:13,wishlist,206,s006146
549,2024-04-17 06:15:19,add_to_cart,17,s006147
1764,2024-02-22 17:45:35,view,174,s006148
998,2025-04-10 08:00:06,view,96,s006149
657,2025-10-31 18:55:40,wishlist,287,s006150
1263,2024-02-21 08:40:26,view,108,s006151
39,2025-02-11 18:00:19,view,359,s006152
2248,2024-08-21 06:37:23,add_to_cart,52,s006153
919,2024-10-11 21:26:44,wishlist,215,s006154
951,2024-11-22 23:57:59,view,136,s006155
828,2025-02-28 13:14:36,view,19,s006156
767,2024-01-29 07:10:14,view,232,s006157
506,2025-02-25 12:08:38,wishlist,210,s006158
1701,2025-07-05 17:42:29,purchase,377,s006159
1261,2024-07-10 09:52:08,add_to_cart,285,s006160
1009,2024-11-02 21:09:42,view,113,s006161
1661,2025-03-10 18:10:19,wishlist,26,s006162
2031,2024-07-25 22:33:30,wishlist,157,s006163
544,2025-01-25 11:47:04,view,253,s006164
223,2024-01-12 19:47:37,view,107,s006165
2456,2024-04-23 16:46:58,view,235,s006166
2025,2025-09-29 10:29:32,wishlist,260,s006167
1931,2024-01-27 09:49:57,view,317,s006168
2442,2024-08-24 19:56:38,add_to_cart,113,s006169
1349,2024-01-25 07:13:57,view,252,s006170
497,2025-03-08 22:06:07,purchase,32,s006171
1063,2025-06-04 06:56:34,purchase,214,s006172
2407,2025-04-17 09:13:33,view,372,s006173
1184,2025-01-22 20:44:43,remove_from_cart,295,s006174
551,2025-11-27 08:47:51,view,382,s006175
1142,2025-03-03 08:58:35,wishlist,51,s006176
431,2025-05-08 00:50:56,purchase,4,s006177
1687,2024-12-28 19:01:14,wishlist,141,s006178
1918,2024-07-27 12:07:07,add_to_cart,386,s006179
2277,2024-04-02 03:15:53,wishlist,11,s006180
2409,2025-09-22 18:09:04,add_to_cart,41,s006181
2362,2024-08-29 11:52:16,wishlist,58,s006182
262,2025-06-09 02:42:57,view,271,s006183
1719,2024-12-31 18:21:52,wishlist,375,s006184
2480,2025-03-25 14:52:58,view,314,s006185
2159,2025-04-07 09:14:04,view,45,s006186
754,2024-07-21 07:37:14,add_to_cart,308,s006187
2119,2024-11-18 08:23:45,add_to_cart,331,s006188
1645,2025-01-24 19:52:10,purchase,125,s006189
1758,2024-11-22 20:06:57,add_to_cart,86,s006190
957,2025-08-01 10:10:28,add_to_cart,293,s006191
1812,2025-10-13 00:30:44,view,383,s006192
1033,2025-05-11 10:48:57,view,6,s006193
677,2024-11-11 20:42:18,view,341,s006194
1103,2024-09-11 22:24:42,wishlist,381,s006195
1731,2024-05-07 14:30:47,view,188,s006196
1284,2025-10-01 17:08:13,add_to_cart,387,s006197
1330,2024-10-13 10:06:16,add_to_cart,377,s006198
19,2024-10-05 20:39:00,view,16,s006199
2295,2024-05-19 01:03:37,view,94,s006200
2078,2025-07-03 08:17:19,view,115,s006201
1740,2025-04-13 20:55:41,view,103,s006202
1747,2024-01-19 05:47:18,purchase,293,s006203
1110,2025-03-15 22:53:19,view,10,s006204
1511,2024-07-15 07:42:36,view,35,s006205
950,2025-07-11 07:32:12,wishlist,26,s006206
1138,2025-11-18 07:34:17,purchase,296,s006207
1359,2024-02-15 21:30:19,purchase,168,s006208
703,2025-03-24 08:34:01,view,317,s006209
1999,2025-11-25 09:03:00,view,298,s006210
1348,2024-12-19 21:59:30,view,222,s006211
207,2025-01-14 19:53:16,wishlist,115,s006212
2496,2024-10-01 07:42:09,purchase,193,s006213
472,2024-04-17 20:33:38,purchase,207,s006214
2049,2025-03-21 17:29:52,add_to_cart,222,s006215
1202,2025-10-15 10:27:56,view,257,s006216
1479,2024-12-27 20:42:12,remove_from_cart,243,s006217
1294,2025-05-28 18:02:23,remove_from_cart,65,s006218
1875,2024-04-19 06:29:20,add_to_cart,304,s006219
98,2025-08-18 11:19:29,view,19,s006220
736,2024-08-16 14:30:43,add_to_cart,134,s006221
2216,2025-02-15 04:03:09,purchase,138,s006222
913,2024-12-18 15:54:41,purchase,87,s006223
1810,2025-06-19 21:45:04,view,268,s006224
961,2025-07-18 20:23:42,view,77,s006225
427,2025-01-14 11:14:10,view,189,s006226
596,2025-05-01 07:56:02,view,95,s006227
1471,2024-01-01 18:46:45,add_to_cart,147,s006228
845,2025-04-04 21:36:52,add_to_cart,86,s006229
558,2025-05-02 10:12:41,add_to_cart,140,s006230
155,2025-07-19 19:17:49,view,369,s006231
1982,2024-09-20 11:12:01,view,74,s006232
861,2025-05-11 20:35:18,view,339,s006233
1811,2025-09-22 14:13:41,add_to_cart,41,s006234
199,2025-04-18 09:28:02,view,319,s006235
870,2025-09-11 01:59:51,view,81,s006236
479,2025-06-23 18:47:30,purchase,224,s006237
991,2024-10-05 16:48:48,view,134,s006238
1830,2025-06-03 19:57:54,view,334,s006239
341,2024-08-24 08:32:25,wishlist,192,s006240
1396,2024-11-22 06:19:07,view,312,s006241
1947,2024-01-28 09:26:05,add_to_cart,210,s006242
2500,2025-04-25 10:00:40,purchase,14,s006243
253,2024-04-29 11:23:20,view,100,s006244
2473,2025-10-04 18:11:00,purchase,371,s006245
1330,2024-05-05 18:45:48,wishlist,212,s006246
574,2025-06-16 21:54:23,add_to_cart,2,s006247
1011,2025-08-31 14:03:28,purchase,317,s006248
355,2024-07-10 20:59:06,purchase,22,s006249
350,2024-05-10 20:14:08,view,361,s006250
654,2025-01-08 10:12:44,view,128,s006251
1063,2024-11-24 13:54:21,view,164,s006252
564,2024-10-08 10:06:54,view,200,s006253
1620,2024-04-10 08:20:37,wishlist,113,s006254
765,2025-08-13 09:39:40,view,86,s006255
1141,2025-03-12 20:13:36,view,354,s006256
203,2024-05-12 12:03:50,view,306,s006257
780,2024-06-25 00:06:22,add_to_cart,298,s006258
1884,2025-11-10 05:33:52,view,36,s006259
1518,2025-05-03 11:45:42,add_to_cart,103,s006260
259,2025-06-11 22:40:54,view,397,s006261
699,2025-08-27 11:17:09,add_to_cart,286,s006262
2473,2025-07-17 06:10:45,remove_from_cart,170,s006263
2181,2025-08-15 20:16:53,add_to_cart,8,s006264
1676,2024-06-07 10:42:29,purchase,63,s006265
2384,2025-11-02 19:17:25,remove_from_cart,109,s006266
1640,2025-01-24 21:33:58,add_to_cart,353,s006267
824,2025-10-05 18:36:26,add_to_cart,394,s006268
424,2025-02-12 11:46:39,view,95,s006269
222,2024-03-14 13:17:57,purchase,18,s006270
1180,2024-10-16 08:35:11,purchase,317,s006271
371,2024-07-05 08:23:05,purchase,264,s006272
1538,2025-05-03 19:38:04,view,203,s006273
2199,2025-10-16 08:29:55,view,94,s006274
980,2024-05-13 02:25:27,view,223,s006275
529,2025-06-27 06:22:54,view,301,s006276
740,2025-05-30 10:42:00,purchase,141,s006277
856,2025-10-27 07:30:26,view,160,s006278
2000,2024-05-07 15:30:53,add_to_cart,59,s006279
2129,2025-11-05 09:52:01,view,194,s006280
621,2024-10-04 22:27:51,view,23,s006281
1217,2025-11-22 13:23:44,add_to_cart,253,s006282
1099,2024-05-02 19:50:09,view,128,s006283
2476,2025-11-06 09:20:16,purchase,155,s006284
499,2024-06-07 22:41:41,view,259,s006285
165,2025-05-10 08:09:04,purchase,318,s006286
569,2024-09-02 18:14:11,wishlist,371,s006287
1126,2025-03-10 21:56:33,purchase,5,s006288
1208,2025-05-05 18:18:36,view,325,s006289
996,2024-03-13 12:56:15,purchase,136,s006290
597,2025-09-06 08:31:17,view,165,s006291
106,2025-11-01 22:13:08,view,72,s006292
1733,2024-03-16 17:11:50,view,11,s006293
424,2025-05-22 15:02:24,view,211,s006294
874,2024-09-20 20:47:04,view,321,s006295
2384,2024-01-19 19:54:07,add_to_cart,260,s006296
124,2025-04-06 09:54:00,add_to_cart,166,s006297
1601,2025-01-05 18:24:12,purchase,300,s006298
95,2025-11-13 22:06:35,purchase,255,s006299
1384,2025-11-08 14:23:15,view,319,s006300
2438,2025-02-02 18:36:51,view,343,s006301
1000,2024-01-12 18:43:40,purchase,99,s006302
808,2024-08-16 02:36:48,add_to_cart,369,s006303
1189,2024-12-14 19:39:01,view,156,s006304
1089,2025-04-30 18:11:30,wishlist,256,s006305
20,2025-08-11 19:35:23,wishlist,202,s006306
1666,2024-06-09 19:24:32,add_to_cart,248,s006307
1632,2024-05-18 11:20:07,view,384,s006308
217,2025-03-24 16:13:26,view,379,s006309
928,2024-03-26 20:41:59,remove_from_cart,371,s006310
1380,2025-04-27 19:06:21,view,158,s006311
366,2024-12-31 09:34:26,view,143,s006312
1254,2025-02-15 10:14:40,add_to_cart,162,s006313
697,2025-10-23 20:04:17,remove_from_cart,80,s006314
348,2024-03-21 07:07:36,view,326,s006315
143,2024-12-09 10:10:42,add_to_cart,340,s006316
1719,2024-12-11 15:46:02,add_to_cart,157,s006317
2162,2024-02-03 19:44:14,wishlist,56,s006318
1461,2025-01-07 20:25:12,view,52,s006319
1118,2025-05-18 12:35:10,view,183,s006320
1711,2025-02-19 19:20:59,add_to_cart,286,s006321
1038,2024-07-11 07:03:23,view,183,s006322
352,2024-01-27 23:27:33,view,197,s006323
2396,2025-08-21 21:27:47,view,224,s006324
725,2024-05-30 20:25:15,view,25,s006325
1399,2024-08-07 18:28:39,wishlist,178,s006326
952,2024-08-20 17:54:24,wishlist,54,s006327
1822,2024-11-19 08:22:12,view,48,s006328
554,2024-08-21 23:35:25,view,311,s006329
2353,2024-08-22 14:37:12,wishlist,333,s006330
1913,2024-03-17 09:40:29,add_to_cart,175,s006331
1959,2025-06-04 09:49:55,purchase,182,s006332
2131,2024-09-18 21:30:04,wishlist,380,s006333
2148,2025-09-24 14:29:42,add_to_cart,293,s006334
1227,2025-08-06 13:16:58,view,326,s006335
870,2024-12-05 08:13:56,view,141,s006336
1666,2025-08-26 20:20:03,view,355,s006337
1635,2025-01-09 19:00:25,wishlist,234,s006338
1089,2024-06-19 19:23:45,view,236,s006339
1949,2024-10-31 21:47:26,view,162,s006340
1493,2025-08-31 10:30:32,wishlist,251,s006341
259,2024-02-02 19:11:35,view,68,s006342
972,2025-11-16 20:33:22,view,186,s006343
621,2024-07-08 08:50:39,wishlist,320,s006344
2422,2025-08-27 09:05:31,remove_from_cart,32,s006345
1040,2025-05-12 16:31:18,remove_from_cart,374,s006346
2153,2025-04-04 07:59:59,view,290,s006347
423,2024-03-18 01:35:00,view,337,s006348
835,2025-11-09 09:21:46,wishlist,187,s006349
435,2025-07-19 19:30:02,purchase,1,s006350
1829,2024-01-26 09:45:43,view,322,s006351
1501,2024-09-09 18:44:29,add_to_cart,114,s006352
1151,2024-11-22 14:48:42,view,45,s006353
349,2025-03-15 09:03:38,wishlist,73,s006354
988,2025-11-07 19:55:03,add_to_cart,270,s006355
2014,2024-03-28 08:19:06,wishlist,362,s006356
713,2025-02-26 02:10:59,view,372,s006357
1800,2024-12-03 19:24:04,purchase,137,s006358
2334,2024-02-12 09:48:01,view,326,s006359
1206,2025-06-07 15:56:42,wishlist,275,s006360
659,2024-04-03 11:12:49,purchase,385,s006361
1425,2024-12-07 02:12:51,add_to_cart,163,s006362
2146,2024-07-12 08:22:06,view,32,s006363
474,2024-04-02 20:38:21,remove_from_cart,201,s006364
1680,2025-08-26 17:48:42,wishlist,235,s006365
1245,2025-01-11 19:28:04,purchase,55,s006366
318,2025-09-03 08:41:42,view,107,s006367
1066,2024-09-05 10:29:25,view,224,s006368
1136,2024-04-26 19:50:49,view,275,s006369
1225,2024-04-07 14:11:00,view,395,s006370
2324,2024-08-24 21:49:32,wishlist,119,s006371
1985,2025-07-31 21:11:06,remove_from_cart,109,s006372
1956,2025-07-31 14:16:12,view,201,s006373
1725,2024-11-01 06:10:51,add_to_cart,156,s006374
1475,2024-02-11 11:51:58,add_to_cart,186,s006375
92,2024-08-19 17:36:00,add_to_cart,64,s006376
41,2025-07-05 12:55:37,remove_from_cart,56,s006377
54,2024-12-27 07:37:01,view,342,s006378
955,2025-07-19 17:35:15,view,291,s006379
871,2024-11-17 19:28:42,view,308,s006380
269,2024-11-11 13:51:56,add_to_cart,273,s006381
196,2024-08-01 05:23:34,wishlist,98,s006382
2064,2024-04-29 04:16:16,wishlist,378,s006383
2415,2024-12-17 20:39:40,purchase,146,s006384
1930,2024-08-29 10:31:37,wishlist,149,s006385
2092,2024-08-28 21:08:06,view,114,s006386
840,2025-06-12 20:15:10,view,261,s006387
150,2025-04-22 09:49:24,wishlist,36,s006388
2105,2025-01-21 12:11:15,view,397,s006389
412,2024-08-30 09:26:06,view,33,s006390
1342,2025-02-24 13:34:09,view,199,s006391
1390,2025-11-19 22:59:54,add_to_cart,108,s006392
1054,2025-07-22 19:24:38,view,150,s006393
2108,2024-08-14 11:18:31,view,270,s006394
1764,2025-05-23 05:54:53,view,284,s006395
353,2025-03-14 19:38:25,view,30,s006396
163,2024-05-06 02:09:12,view,203,s006397
1241,2024-04-02 20:30:29,view,400,s006398
1034,2025-11-15 23:20:19,view,74,s006399
352,2025-10-12 15:45:16,wishlist,98,s006400
2422,2025-11-21 17:09:50,view,323,s006401
418,2025-08-03 16:02:28,view,31,s006402
1522,2024-11-01 20:20:39,purchase,344,s006403
2454,2024-08-25 08:37:43,add_to_cart,44,s006404
483,2024-04-07 13:53:37,purchase,400,s006405
238,2025-08-30 21:16:31,wishlist,117,s006406
2152,2025-09-22 09:50:05,remove_from_cart,221,s006407
488,2024-01-31 05:34:26,view,170,s006408
53,2025-07-26 04:52:56,purchase,122,s006409
54,2024-09-22 20:04:54,view,336,s006410
1045,2024-06-12 13:01:14,view,12,s006411
1904,2025-04-07 07:12:30,wishlist,11,s006412
1679,2024-06-14 07:22:02,add_to_cart,145,s006413
1067,2025-11-15 07:35:53,add_to_cart,235,s006414
996,2024-04-03 09:43:20,add_to_cart,379,s006415
56,2025-09-18 20:36:28,view,39,s006416
271,2025-09-22 11:20:07,view,303,s006417
318,2025-08-13 19:55:12,view,130,s006418
2199,2025-07-24 18:28:12,wishlist,234,s006419
464,2025-09-12 05:29:24,view,375,s006420
747,2024-02-19 19:26:04,view,226,s006421
151,2024-01-04 21:23:25,add_to_cart,318,s006422
340,2024-08-30 21:19:35,view,3,s006423
242,2024-01-25 18:13:49,add_to_cart,125,s006424
454,2024-05-25 19:09:05,view,326,s006425
2387,2025-03-27 11:47:49,view,257,s006426
2313,2025-01-31 08:53:43,view,387,s006427
2140,2024-05-10 09:54:55,view,335,s006428
596,2024-03-12 21:39:57,view,277,s006429
2234,2024-08-04 06:51:48,add_to_cart,69,s006430
763,2025-08-30 09:05:43,view,314,s006431
2110,2025-01-09 16:51:13,view,87,s006432
754,2024-09-30 07:10:06,remove_from_cart,48,s006433
750,2025-02-22 20:37:06,view,276,s006434
1273,2025-12-11 18:58:18,wishlist,240,s006435
858,2024-12-16 10:44:22,add_to_cart,91,s006436
1202,2024-12-22 19:18:45,view,99,s006437
2498,2025-08-30 23:32:41,add_to_cart,94,s006438
101,2025-12-08 03:35:37,add_to_cart,170,s006439
2446,2024-06-07 19:47:34,remove_from_cart,364,s006440
339,2024-11-16 14:15:59,purchase,208,s006441
877,2025-03-31 11:47:02,view,206,s006442
2102,2024-11-10 20:13:18,add_to_cart,192,s006443
1481,2025-11-08 20:18:04,view,218,s006444
25,2025-04-04 07:17:23,view,316,s006445
801,2024-04-16 04:33:31,wishlist,251,s006446
1336,2024-01-05 21:00:25,view,46,s006447
146,2024-09-18 23:11:56,add_to_cart,304,s006448
2406,2025-01-02 20:43:58,purchase,294,s006449
1587,2025-06-11 07:28:37,view,57,s006450
1666,2024-04-29 08:33:45,add_to_cart,148,s006451
152,2024-09-20 19:41:40,wishlist,232,s006452
1888,2024-05-29 08:50:00,purchase,192,s006453
854,2025-11-15 18:01:06,view,355,s006454
685,2025-01-10 05:06:48,view,292,s006455
666,2025-07-29 09:40:22,remove_from_cart,137,s006456
619,2024-05-03 08:05:48,wishlist,72,s006457
312,2025-01-22 16:52:00,remove_from_cart,53,s006458
2221,2025-08-05 05:26:51,view,290,s006459
928,2025-06-10 07:17:55,view,176,s006460
2247,2024-05-15 19:08:57,add_to_cart,371,s006461
2259,2024-02-14 16:09:51,view,201,s006462
1258,2024-05-22 01:30:16,add_to_cart,135,s006463
1361,2024-04-12 17:39:16,add_to_cart,89,s006464
2237,2025-08-23 21:36:07,view,297,s006465
194,2024-01-06 10:44:26,view,230,s006466
2286,2024-08-05 21:22:08,wishlist,238,s006467
1426,2024-03-07 12:48:55,view,27,s006468
452,2024-09-26 22:45:27,view,325,s006469
1361,2024-01-06 10:24:29,purchase,114,s006470
1413,2024-03-05 22:43:59,view,331,s006471
1654,2024-06-23 18:48:46,view,125,s006472
815,2024-07-06 16:41:22,view,164,s006473
472,2024-04-24 09:32:59,add_to_cart,66,s006474
410,2025-05-27 19:39:33,view,197,s006475
102,2024-11-26 12:21:44,add_to_cart,174,s006476
2340,2024-01-18 08:41:04,add_to_cart,375,s006477
1116,2024-04-27 12:40:33,view,206,s006478
1675,2024-12-02 20:28:40,view,307,s006479
1799,2025-01-05 16:14:32,add_to_cart,366,s006480
478,2024-03-03 04:31:45,view,12,s006481
718,2024-11-21 09:26:21,add_to_cart,273,s006482
74,2025-07-15 22:15:04,add_to_cart,22,s006483
2180,2025-10-04 21:35:10,view,162,s006484
1111,2024-12-08 16:40:24,view,73,s006485
218,2024-08-17 20:24:03,view,233,s006486
1667,2025-06-17 15:05:05,purchase,119,s006487
1590,2024-09-16 18:09:54,view,302,s006488
705,2025-03-24 11:49:31,purchase,336,s006489
2415,2024-12-11 22:47:54,view,244,s006490
1478,2024-09-27 08:26:05,wishlist,85,s006491
2163,2025-09-07 12:52:53,view,65,s006492
1389,2025-11-03 08:45:39,wishlist,245,s006493
1788,2024-08-20 08:55:19,view,241,s006494
1889,2025-03-17 12:59:02,view,257,s006495
2158,2024-12-30 19:10:20,purchase,276,s006496
2151,2025-07-07 19:44:18,view,203,s006497
2481,2025-04-23 07:23:30,view,184,s006498
1787,2024-11-19 11:53:11,purchase,88,s006499
2320,2025-10-04 13:48:22,view,71,s006500
1377,2025-01-30 21:38:37,add_to_cart,34,s006501
267,2025-06-04 05:59:38,wishlist,138,s006502
938,2024-10-07 17:53:15,view,82,s006503
1487,2025-01-27 10:32:46,wishlist,352,s006504
1510,2024-05-09 20:42:32,add_to_cart,135,s006505
1742,2024-11-09 07:18:11,view,256,s006506
338,2024-03-27 12:29:47,view,263,s006507
1685,2024-11-30 21:06:53,wishlist,194,s006508
1852,2024-02-15 19:19:54,purchase,336,s006509
187,2025-05-05 11:24:06,wishlist,315,s006510
1010,2024-05-21 21:36:14,view,336,s006511
1928,2025-07-16 17:52:56,view,134,s006512
199,2025-06-04 05:54:22,add_to_cart,153,s006513
40,2025-10-23 03:00:31,wishlist,379,s006514
2439,2025-04-12 20:14:53,view,266,s006515
1637,2025-11-21 12:34:32,wishlist,43,s006516
2467,2025-11-14 03:40:16,add_to_cart,99,s006517
2477,2025-10-23 19:04:12,wishlist,378,s006518
1945,2024-08-20 14:14:55,add_to_cart,9,s006519
212,2024-05-03 09:07:32,view,392,s006520
1588,2025-02-15 19:49:24,add_to_cart,324,s006521
332,2025-02-08 21:17:53,wishlist,243,s006522
1636,2025-03-14 22:56:31,purchase,256,s006523
692,2025-06-13 18:34:02,wishlist,1,s006524
150,2025-09-21 08:00:44,view,33,s006525
255,2025-11-13 17:50:24,purchase,61,s006526
2286,2025-06-07 19:38:02,add_to_cart,246,s006527
1262,2025-07-24 22:47:40,purchase,84,s006528
916,2025-04-14 12:21:02,add_to_cart,361,s006529
1087,2025-02-21 14:43:18,purchase,397,s006530
1439,2025-04-02 01:04:14,add_to_cart,307,s006531
1339,2024-06-17 20:57:16,wishlist,67,s006532
1018,2025-01-28 08:26:59,view,176,s006533
2088,2024-06-17 14:07:50,view,104,s006534
1968,2024-04-28 18:58:56,view,157,s006535
480,2025-04-11 19:32:19,add_to_cart,147,s006536
2119,2025-05-16 21:30:41,view,358,s006537
2346,2024-06-23 22:06:31,add_to_cart,355,s006538
1539,2025-02-16 19:40:25,add_to_cart,284,s006539
263,2025-09-30 07:23:21,add_to_cart,394,s006540
353,2024-05-25 21:00:00,view,326,s006541
67,2025-01-31 08:14:29,view,49,s006542
372,2024-08-07 16:26:44,view,53,s006543
491,2024-10-25 15:39:21,view,391,s006544
147,2024-12-15 07:05:42,add_to_cart,47,s006545
1516,2025-04-05 08:44:15,view,294,s006546
563,2025-06-10 01:19:09,view,185,s006547
1590,2025-09-22 17:57:20,add_to_cart,184,s006548
1149,2024-06-05 23:46:37,add_to_cart,141,s006549
2293,2025-07-31 18:08:52,view,311,s006550
1369,2024-07-25 17:41:44,remove_from_cart,157,s006551
775,2025-11-03 18:44:30,wishlist,6,s006552
561,2025-02-11 07:34:58,add_to_cart,337,s006553
793,2024-07-05 17:15:19,purchase,288,s006554
322,2024-06-30 12:38:34,purchase,18,s006555
1179,2025-08-01 10:37:39,add_to_cart,304,s006556
50,2025-07-07 10:23:12,add_to_cart,230,s006557
698,2025-03-12 19:01:36,view,80,s006558
137,2025-06-01 19:20:57,wishlist,397,s006559
1251,2024-05-08 08:31:33,view,109,s006560
652,2024-11-15 23:59:28,view,226,s006561
181,2025-08-11 20:02:53,view,239,s006562
947,2025-09-06 17:10:37,purchase,56,s006563
898,2024-11-09 15:47:43,view,105,s006564
1467,2024-05-13 09:50:15,add_to_cart,259,s006565
615,2024-05-04 19:18:57,add_to_cart,269,s006566
2407,2024-02-19 20:16:53,view,279,s006567
1479,2024-02-09 09:34:56,view,271,s006568
2236,2024-06-24 05:29:19,view,270,s006569
505,2025-10-05 14:04:33,purchase,171,s006570
348,2024-11-30 02:12:00,wishlist,10,s006571
1006,2025-01-11 21:30:20,wishlist,175,s006572
1900,2024-12-21 12:08:17,add_to_cart,326,s006573
2256,2024-03-21 19:57:15,view,253,s006574
154,2024-12-16 21:38:32,view,368,s006575
1512,2025-10-01 16:51:32,view,331,s006576
1654,2024-08-21 21:47:10,purchase,323,s006577
1924,2025-02-17 17:13:32,add_to_cart,16,s006578
513,2025-02-02 08:34:15,view,59,s006579
1777,2025-10-15 20:32:48,purchase,311,s006580
1030,2024-06-22 10:15:05,view,280,s006581
810,2024-04-16 12:11:17,wishlist,69,s006582
2268,2025-08-02 08:29:18,view,16,s006583
2089,2025-06-21 17:54:50,purchase,348,s006584
2059,2024-03-11 23:44:15,wishlist,251,s006585
1187,2025-07-20 05:51:21,view,71,s006586
1173,2024-10-10 20:22:02,add_to_cart,29,s006587
864,2025-07-18 19:22:03,view,364,s006588
1851,2025-09-08 18:56:56,add_to_cart,120,s006589
2328,2025-01-26 21:46:54,add_to_cart,89,s006590
1745,2024-05-03 06:54:16,view,35,s006591
2229,2025-09-22 19:59:43,add_to_cart,334,s006592
132,2024-07-08 21:27:48,add_to_cart,29,s006593
886,2025-01-30 20:13:09,wishlist,309,s006594
2403,2025-03-09 13:45:17,wishlist,349,s006595
1187,2025-11-01 21:10:09,view,169,s006596
11,2025-09-23 12:00:28,wishlist,231,s006597
1653,2025-01-05 19:48:00,wishlist,149,s006598
154,2024-12-27 09:41:23,add_to_cart,253,s006599
639,2025-02-10 09:11:35,add_to_cart,369,s006600
2050,2024-09-06 15:27:47,add_to_cart,162,s006601
12,2024-05-30 08:04:56,view,178,s006602
675,2025-06-12 11:28:17,wishlist,194,s006603
2442,2025-05-18 19:19:24,remove_from_cart,144,s006604
1402,2024-09-22 10:04:36,view,13,s006605
1043,2025-01-02 15:40:20,add_to_cart,66,s006606
2195,2024-05-11 23:05:23,view,187,s006607
2340,2025-03-31 20:23:55,purchase,136,s006608
35,2024-10-08 21:54:23,view,352,s006609
701,2024-02-13 08:09:48,add_to_cart,175,s006610
96,2025-08-21 08:00:10,add_to_cart,335,s006611
1186,2025-06-19 20:29:38,view,397,s006612
2272,2025-12-13 09:13:48,view,231,s006613
147,2025-07-02 17:25:55,view,52,s006614
213,2024-05-24 13:27:12,wishlist,351,s006615
670,2024-07-17 12:55:46,purchase,266,s006616
1409,2024-08-03 19:35:04,add_to_cart,125,s006617
2372,2025-10-20 20:29:39,wishlist,282,s006618
1815,2025-04-05 16:35:34,view,82,s006619
965,2025-08-04 11:07:42,view,285,s006620
120,2025-09-02 17:57:16,view,398,s006621
1795,2025-02-13 20:00:16,add_to_cart,121,s006622
17,2024-03-19 19:49:08,purchase,271,s006623
1138,2024-02-17 06:07:05,view,221,s006624
1702,2025-08-19 07:47:51,view,121,s006625
2088,2024-04-26 10:44:38,add_to_cart,137,s006626
788,2024-05-29 21:14:53,purchase,309,s006627
416,2025-06-03 07:18:31,view,76,s006628
2387,2025-10-03 09:05:53,view,204,s006629
436,2025-09-11 10:58:36,wishlist,14,s006630
420,2024-01-17 19:17:12,add_to_cart,234,s006631
404,2024-04-16 08:54:28,wishlist,393,s006632
30,2025-02-16 18:46:26,remove_from_cart,289,s006633
430,2025-07-10 19:42:58,add_to_cart,247,s006634
2005,2025-06-05 14:10:55,view,63,s006635
1566,2025-02-23 20:51:24,wishlist,148,s006636
1313,2024-09-05 22:23:17,view,289,s006637
1938,2024-01-18 19:01:32,purchase,72,s006638
797,2024-08-04 17:52:27,view,254,s006639
2192,2024-12-07 17:54:31,add_to_cart,307,s006640
72,2025-04-11 22:48:43,view,55,s006641
693,2025-06-08 19:25:55,view,255,s006642
1661,2024-05-17 14:04:47,add_to_cart,181,s006643
177,2025-03-13 20:11:12,remove_from_cart,185,s006644
2044,2024-05-20 08:20:19,view,177,s006645
2276,2024-01-04 10:27:52,add_to_cart,351,s006646
2008,2024-10-23 17:39:13,view,152,s006647
2139,2024-12-01 19:48:17,view,97,s006648
460,2024-05-30 21:20:36,add_to_cart,365,s006649
1161,2025-02-27 01:50:14,view,155,s006650
803,2024-03-07 18:41:56,remove_from_cart,64,s006651
462,2025-11-21 08:16:08,wishlist,391,s006652
1345,2024-04-13 11:38:24,view,259,s006653
1355,2024-02-04 20:13:29,remove_from_cart,348,s006654
96,2024-04-17 15:37:12,add_to_cart,133,s006655
1093,2024-04-18 16:20:59,view,86,s006656
2151,2024-05-27 01:01:25,view,301,s006657
2153,2024-03-25 12:08:17,view,363,s006658
523,2025-05-05 20:40:59,view,287,s006659
2368,2025-05-15 09:20:09,add_to_cart,94,s006660
2462,2024-11-24 15:52:09,remove_from_cart,92,s006661
1640,2024-11-29 06:10:22,view,347,s006662
309,2025-04-16 09:07:30,view,185,s006663
1663,2024-02-08 16:24:41,add_to_cart,117,s006664
904,2025-03-08 21:55:17,view,202,s006665
1675,2025-06-16 20:32:41,view,275,s006666
851,2024-03-04 17:28:06,view,211,s006667
851,2024-03-21 08:40:23,view,6,s006667
1031,2024-10-14 17:35:37,wishlist,42,s006668
1988,2024-04-02 18:34:29,view,157,s006669
2197,2024-05-09 19:12:48,view,378,s006670
2238,2024-03-27 18:47:47,view,336,s006671
356,2025-05-30 09:40:59,view,168,s006672
27,2024-11-14 19:58:06,wishlist,274,s006673
1547,2025-05-31 15:37:18,view,360,s006674
357,2025-04-17 17:52:08,view,33,s006675
1207,2025-10-22 12:04:12,view,267,s006676
707,2025-06-26 20:52:23,view,286,s006677
255,2025-10-27 19:38:48,view,53,s006678
443,2024-05-21 08:27:41,view,292,s006679
39,2025-03-20 12:26:39,add_to_cart,85,s006680
837,2025-06-04 13:52:57,view,71,s006681
2315,2024-01-27 12:36:01,add_to_cart,389,s006682
833,2025-02-12 06:10:34,purchase,234,s006683
2403,2024-11-04 13:42:51,view,350,s006684
875,2024-08-28 04:34:11,view,385,s006685
41,2025-01-17 18:44:49,view,367,s006686
390,2025-04-16 17:01:54,view,304,s006687
2089,2024-11-21 07:35:13,add_to_cart,272,s006688
887,2025-09-18 08:30:43,wishlist,181,s006689
259,2025-08-02 07:45:30,view,331,s006690
1134,2025-07-08 14:59:56,view,380,s006691
2114,2024-03-14 16:00:39,view,293,s006692
432,2025-06-29 06:53:18,add_to_cart,185,s006693
2430,2024-07-20 08:26:34,wishlist,259,s006694
1969,2024-03-12 09:40:34,add_to_cart,126,s006695
262,2024-07-22 09:37:33,purchase,394,s006696
750,2025-07-17 05:08:54,add_to_cart,331,s006697
172,2025-05-02 19:25:23,wishlist,36,s006698
1487,2025-03-22 15:48:48,view,36,s006699
1153,2024-04-10 13:40:26,view,108,s006700
2154,2024-08-28 10:27:58,view,337,s006701
32,2024-01-07 02:24:32,purchase,112,s006702
193,2025-04-19 07:44:08,view,360,s006703
1663,2025-12-02 20:02:15,view,179,s006704
1482,2024-04-17 12:42:50,wishlist,356,s006705
1698,2024-07-23 07:52:11,add_to_cart,120,s006706
503,2024-04-01 19:21:44,view,312,s006707
1543,2025-08-22 09:55:15,add_to_cart,121,s006708
2039,2025-02-26 12:02:27,view,36,s006709
916,2025-05-15 18:29:41,wishlist,228,s006710
1624,2024-09-18 20:55:34,remove_from_cart,62,s006711
330,2025-11-21 19:26:56,view,282,s006712
2398,2025-05-30 09:05:03,view,292,s006713
1396,2025-08-22 19:16:08,wishlist,196,s006714
1122,2024-02-17 18:28:56,purchase,68,s006715
2100,2025-06-13 13:48:29,wishlist,152,s006716
260,2025-04-12 11:25:51,view,99,s006717
1715,2025-07-29 07:52:14,view,226,s006718
2181,2024-06-02 20:05:29,view,295,s006719
2450,2025-04-21 15:30:44,wishlist,6,s006720
54,2025-03-01 11:59:33,add_to_cart,31,s006721
701,2024-04-01 21:02:10,purchase,286,s006722
1024,2025-05-10 06:55:49,view,121,s006723
5,2024-12-20 06:36:08,view,88,s006724
102,2024-01-13 22:09:58,add_to_cart,324,s006725
775,2024-03-10 22:46:39,wishlist,235,s006726
714,2025-11-22 08:12:58,wishlist,215,s006727
214,2024-03-25 08:34:44,view,7,s006728
492,2024-07-15 04:53:08,view,73,s006729
385,2024-10-29 19:25:02,view,248,s006730
1102,2024-09-13 15:10:16,view,304,s006731
1780,2024-08-21 21:10:37,view,312,s006732
717,2024-09-18 19:37:01,purchase,238,s006733
1099,2024-08-07 22:11:01,purchase,162,s006734
696,2025-10-21 13:55:39,view,397,s006735
2258,2024-05-31 18:10:55,purchase,85,s006736
1358,2024-01-20 09:57:31,view,110,s006737
925,2025-11-03 06:11:24,add_to_cart,228,s006738
148,2025-09-26 10:09:41,view,275,s006739
1359,2025-07-09 09:09:16,add_to_cart,319,s006740
2179,2024-01-19 18:24:40,wishlist,91,s006741
1247,2025-12-07 09:35:47,view,173,s006742
484,2025-10-26 08:27:24,wishlist,112,s006743
295,2024-10-28 11:14:02,wishlist,214,s006744
2262,2024-09-15 14:43:47,view,35,s006745
1073,2024-04-25 08:00:16,view,315,s006746
606,2024-06-13 23:22:10,view,144,s006747
2015,2024-12-19 20:39:00,add_to_cart,104,s006748
1551,2024-02-13 07:44:35,purchase,371,s006749
1572,2025-03-03 18:39:21,view,117,s006750
172,2024-02-13 21:52:08,view,13,s006751
650,2025-05-28 20:35:35,purchase,363,s006752
2397,2025-11-19 14:55:00,purchase,185,s006753
2004,2024-11-03 15:40:01,purchase,15,s006754
953,2025-09-07 23:03:03,view,266,s006755
155,2024-01-16 20:07:03,add_to_cart,112,s006756
208,2024-06-11 20:56:10,view,291,s006757
16,2024-03-31 16:58:33,view,102,s006758
431,2024-07-19 10:29:32,add_to_cart,172,s006759
658,2025-04-09 23:51:05,wishlist,218,s006760
1614,2025-10-05 21:38:22,wishlist,91,s006761
1502,2024-09-01 16:03:36,view,189,s006762
2381,2024-07-05 10:11:58,remove_from_cart,46,s006763
211,2025-09-08 08:08:45,add_to_cart,185,s006764
1924,2025-08-14 22:58:30,view,33,s006765
1043,2025-05-03 08:54:09,wishlist,313,s006766
1606,2025-04-03 14:38:16,add_to_cart,208,s006767
630,2024-06-07 20:01:00,view,95,s006768
1196,2025-05-22 07:02:04,view,115,s006769
249,2024-07-22 02:27:29,add_to_cart,309,s006770
1043,2024-06-27 08:06:57,wishlist,369,s006771
883,2024-03-30 19:00:23,view,179,s006772
717,2025-03-15 11:18:04,view,105,s006773
2253,2025-10-10 21:48:15,wishlist,389,s006774
1026,2024-10-16 18:07:23,view,91,s006775
1145,2024-12-20 09:47:56,add_to_cart,227,s006776
1335,2025-10-14 21:45:40,add_to_cart,115,s006777
433,2025-04-01 21:52:31,view,368,s006778
1979,2024-09-20 18:06:33,purchase,199,s006779
1736,2025-09-29 08:07:51,remove_from_cart,66,s006780
1614,2024-08-08 18:42:07,add_to_cart,73,s006781
1898,2024-02-16 19:36:20,add_to_cart,344,s006782
623,2024-11-12 10:46:59,purchase,304,s006783
1373,2025-04-28 20:24:15,remove_from_cart,373,s006784
356,2025-12-13 02:55:48,wishlist,284,s006785
1601,2024-09-22 21:55:58,view,398,s006786
2268,2024-10-30 04:59:49,purchase,216,s006787
1218,2024-05-03 04:31:31,add_to_cart,242,s006788
2392,2024-06-24 19:10:33,view,270,s006789
1194,2024-12-08 20:39:41,wishlist,112,s006790
2478,2024-03-16 20:49:09,view,267,s006791
2278,2025-08-20 17:25:44,view,263,s006792
683,2024-06-28 10:35:01,wishlist,182,s006793
464,2024-11-06 19:51:13,view,168,s006794
797,2024-03-19 20:04:19,remove_from_cart,38,s006795
1368,2025-01-31 10:28:17,view,339,s006796
261,2025-07-03 22:40:26,view,311,s006797
2408,2025-07-23 21:06:19,view,230,s006798
742,2025-01-02 10:20:58,add_to_cart,219,s006799
1738,2024-01-28 20:36:43,wishlist,378,s006800
1080,2024-01-20 07:27:00,add_to_cart,206,s006801
76,2025-10-12 11:10:22,view,249,s006802
2236,2025-07-19 22:48:47,wishlist,207,s006803
1352,2025-01-30 11:07:05,view,22,s006804
2203,2024-03-12 08:25:43,view,10,s006805
1211,2024-10-11 23:29:34,view,245,s006806
249,2025-06-29 07:48:07,view,127,s006807
2400,2024-03-05 21:44:29,view,159,s006808
251,2024-04-25 11:27:58,wishlist,102,s006809
1779,2025-01-03 19:30:39,add_to_cart,108,s006810
268,2025-01-23 09:57:42,view,390,s006811
252,2025-01-04 21:20:41,wishlist,202,s006812
2425,2025-08-03 11:48:56,view,291,s006813
1942,2025-04-23 05:01:06,view,355,s006814
427,2024-11-15 18:56:57,view,173,s006815
1143,2024-04-15 06:10:14,view,397,s006816
107,2024-01-22 10:22:49,add_to_cart,128,s006817
177,2025-05-28 08:00:55,purchase,270,s006818
1552,2025-11-26 19:43:58,add_to_cart,263,s006819
944,2025-05-17 17:12:44,add_to_cart,35,s006820
2030,2024-11-26 21:16:17,view,209,s006821
616,2024-05-19 20:30:48,view,58,s006822
606,2024-01-31 15:37:19,view,74,s006823
1691,2024-11-19 08:00:48,remove_from_cart,376,s006824
868,2024-06-25 08:55:07,view,340,s006825
559,2024-11-25 19:32:15,purchase,181,s006826
2285,2024-06-12 07:21:37,view,53,s006827
55,2024-02-26 09:17:57,view,44,s006828
809,2024-02-04 08:26:31,view,204,s006829
735,2025-09-13 08:06:10,view,358,s006830
765,2024-09-14 18:46:20,purchase,27,s006831
1255,2025-01-13 09:57:24,remove_from_cart,1,s006832
2213,2024-07-15 09:03:13,view,214,s006833
1678,2024-08-02 12:36:12,view,191,s006834
111,2025-07-25 04:32:43,view,371,s006835
1358,2024-05-04 23:24:56,view,213,s006836
1090,2025-05-17 09:17:54,wishlist,94,s006837
964,2024-01-18 14:19:11,view,11,s006838
47,2025-02-07 20:38:22,view,178,s006839
401,2024-05-09 07:27:07,add_to_cart,149,s006840
365,2025-01-14 09:20:58,purchase,41,s006841
1686,2025-01-12 18:52:11,wishlist,329,s006842
552,2024-09-10 16:09:23,view,326,s006843
790,2024-10-31 14:42:38,view,240,s006844
1481,2024-11-02 21:18:42,add_to_cart,184,s006845
441,2024-06-30 10:26:38,view,8,s006846
236,2024-01-22 17:32:53,add_to_cart,231,s006847
713,2024-03-27 22:49:41,view,25,s006848
305,2024-01-04 15:45:39,purchase,75,s006849
2,2024-05-22 08:25:56,add_to_cart,385,s006850
1447,2025-04-24 18:54:52,view,46,s006851
2484,2025-09-14 08:23:11,wishlist,388,s006852
824,2024-05-23 10:31:56,purchase,20,s006853
594,2024-10-14 19:13:42,wishlist,287,s006854
2073,2025-08-10 20:49:01,view,11,s006855
1792,2025-10-18 10:36:18,view,29,s006856
531,2024-11-09 11:47:44,purchase,62,s006857
2197,2024-06-30 17:37:35,view,93,s006858
1309,2024-11-08 17:10:36,view,235,s006859
1460,2024-10-08 10:30:59,add_to_cart,288,s006860
77,2025-08-10 07:55:27,purchase,247,s006861
2408,2024-02-26 18:22:14,view,356,s006862
1098,2025-02-21 06:56:39,view,114,s006863
231,2025-01-09 21:41:53,add_to_cart,202,s006864
206,2025-08-16 21:39:28,wishlist,246,s006865
253,2025-05-14 09:31:13,view,240,s006866
471,2024-12-05 17:57:53,add_to_cart,398,s006867
862,2024-01-23 19:53:15,add_to_cart,46,s006868
2145,2025-11-30 06:16:44,view,351,s006869
998,2024-10-14 19:24:14,add_to_cart,202,s006870
2242,2024-10-30 17:32:44,view,295,s006871
1954,2024-08-09 20:33:37,wishlist,120,s006872
1455,2024-08-23 21:39:31,remove_from_cart,64,s006873
1138,2025-02-24 13:56:05,view,270,s006874
1994,2025-06-23 20:01:31,add_to_cart,161,s006875
1488,2025-07-21 18:35:01,view,364,s006876
2008,2024-02-06 23:36:03,purchase,255,s006877
237,2025-02-24 18:35:50,remove_from_cart,45,s006878
1487,2025-04-20 16:59:04,add_to_cart,296,s006879
371,2024-03-29 05:31:03,purchase,128,s006880
2380,2024-06-29 17:06:52,view,151,s006881
1943,2024-01-15 18:12:56,add_to_cart,297,s006882
568,2025-04-12 16:14:42,view,201,s006883
1532,2025-02-22 11:54:52,view,66,s006884
237,2025-01-23 11:18:21,view,324,s006885
1267,2025-11-03 09:58:46,view,69,s006886
350,2024-02-18 19:22:07,add_to_cart,353,s006887
2432,2025-05-25 21:16:01,view,301,s006888
1070,2025-06-24 16:05:27,add_to_cart,24,s006889
2288,2025-09-04 08:10:07,view,327,s006890
923,2025-03-26 10:39:17,view,344,s006891
2317,2024-07-11 11:20:42,view,62,s006892
2411,2024-01-03 12:09:13,wishlist,271,s006893
114,2024-06-26 18:09:45,view,275,s006894
1972,2025-12-13 10:03:19,view,221,s006895
1363,2024-02-16 07:46:41,purchase,202,s006896
1932,2025-07-14 21:36:39,add_to_cart,80,s006897
1204,2024-01-31 09:50:40,view,293,s006898
494,2025-03-11 20:36:54,view,366,s006899
1738,2024-12-24 20:56:51,purchase,93,s006900
936,2025-07-30 23:24:28,view,387,s006901
2076,2024-07-31 12:46:02,view,336,s006902
676,2025-08-15 10:45:58,wishlist,380,s006903
102,2025-08-09 21:12:22,purchase,115,s006904
869,2025-10-25 12:30:38,wishlist,139,s006905
2138,2024-10-09 17:15:56,view,252,s006906
2263,2025-03-08 21:22:11,view,393,s006907
2169,2025-12-07 21:59:18,view,158,s006908
1916,2025-04-01 21:48:50,view,132,s006909
804,2025-04-07 10:19:59,remove_from_cart,321,s006910
149,2024-05-21 03:11:37,view,45,s006911
824,2025-02-25 23:49:03,wishlist,295,s006912
1060,2025-05-04 11:38:29,view,257,s006913
1422,2025-08-03 08:56:05,add_to_cart,198,s006914
1718,2024-09-29 14:02:41,view,323,s006915
1586,2025-02-01 09:13:56,add_to_cart,235,s006916
2160,2024-07-27 20:59:15,purchase,5,s006917
813,2024-10-20 15:32:43,add_to_cart,272,s006918
328,2024-09-29 13:12:21,wishlist,351,s006919
2288,2024-03-12 11:54:06,view,381,s006920
2442,2024-06-03 15:06:45,view,398,s006921
736,2024-07-23 17:30:54,view,108,s006922
66,2024-02-05 08:22:50,purchase,138,s006923
1520,2024-12-08 16:52:32,purchase,33,s006924
731,2024-07-09 18:43:50,remove_from_cart,259,s006925
167,2024-06-15 10:39:34,purchase,190,s006926
474,2024-05-04 01:35:05,view,39,s006927
38,2024-08-18 17:56:41,wishlist,371,s006928
2470,2024-05-10 08:07:19,wishlist,56,s006929
404,2025-06-10 19:02:06,purchase,137,s006930
370,2025-11-21 09:58:43,wishlist,174,s006931
827,2025-04-23 18:27:53,add_to_cart,101,s006932
249,2025-02-28 10:01:39,view,236,s006933
551,2025-02-20 23:35:26,add_to_cart,374,s006934
1681,2025-10-13 05:28:31,view,275,s006935
1662,2025-12-11 09:39:09,wishlist,28,s006936
1966,2024-11-14 09:38:23,purchase,348,s006937
1645,2024-01-11 16:25:51,wishlist,317,s006938
239,2025-05-23 08:52:49,view,363,s006939
486,2025-10-12 12:34:43,remove_from_cart,231,s006940
896,2024-04-27 11:01:13,view,22,s006941
1612,2024-11-03 20:55:20,view,21,s006942
855,2025-12-06 10:28:49,purchase,285,s006943
27,2025-04-16 20:39:31,view,215,s006944
305,2024-01-19 13:54:58,view,240,s006945
323,2024-11-29 07:01:39,view,30,s006946
1448,2025-01-03 18:15:01,view,296,s006947
42,2025-08-08 20:04:24,view,256,s006948
1184,2025-01-20 02:21:01,view,257,s006949
1895,2024-05-02 20:56:21,add_to_cart,392,s006950
1871,2024-03-04 06:38:20,add_to_cart,400,s006951
1268,2024-02-09 11:44:10,wishlist,400,s006952
779,2024-04-23 20:42:09,view,180,s006953
1222,2025-04-20 08:58:52,view,270,s006954
2088,2024-01-20 22:10:42,wishlist,170,s006955
1577,2025-07-27 07:45:06,purchase,88,s006956
1389,2025-03-24 16:42:46,wishlist,2,s006957
1407,2024-03-08 08:25:32,wishlist,163,s006958
212,2025-10-26 12:53:13,view,269,s006959
1965,2025-10-30 15:40:38,add_to_cart,73,s006960
178,2025-11-04 09:59:54,purchase,177,s006961
705,2025-07-24 07:28:05,view,280,s006962
1162,2024-06-16 12:21:59,purchase,119,s006963
2247,2025-05-03 12:16:04,purchase,31,s006964
313,2025-06-20 08:03:55,wishlist,219,s006965
259,2025-02-12 07:08:22,add_to_cart,87,s006966
1262,2025-03-01 09:29:51,view,252,s006967
1169,2025-09-23 19:14:48,add_to_cart,260,s006968
2337,2025-07-10 07:21:02,add_to_cart,260,s006969
889,2024-11-16 19:45:42,add_to_cart,192,s006970
375,2024-04-14 10:51:52,view,111,s006971
322,2024-03-20 02:38:23,view,163,s006972
502,2025-11-27 12:00:21,add_to_cart,32,s006973
2431,2025-11-18 07:01:43,view,290,s006974
1190,2025-06-05 19:26:42,remove_from_cart,374,s006975
447,2025-01-18 17:17:12,view,360,s006976
1423,2025-03-22 20:49:58,view,32,s006977
2050,2025-11-19 10:43:49,wishlist,52,s006978
1519,2025-10-24 20:44:44,view,233,s006979
902,2024-12-28 16:29:08,add_to_cart,162,s006980
1294,2025-08-05 20:09:17,view,187,s006981
14,2025-08-30 21:20:19,view,266,s006982
2311,2025-11-23 22:43:12,view,87,s006983
1633,2025-10-24 08:46:18,add_to_cart,86,s006984
1446,2025-09-30 19:37:20,view,141,s006985
1768,2024-08-05 19:51:57,purchase,107,s006986
33,2024-04-08 19:01:38,remove_from_cart,25,s006987
1891,2025-06-25 11:29:49,add_to_cart,82,s006988
647,2024-11-18 06:32:08,wishlist,278,s006989
1342,2025-09-20 05:08:03,add_to_cart,320,s006990
1254,2024-09-11 07:58:09,purchase,113,s006991
71,2025-01-01 08:47:07,purchase,55,s006992
1001,2025-10-23 09:38:34,add_to_cart,72,s006993
2109,2025-02-11 12:33:25,view,153,s006994
1130,2024-11-10 21:43:15,wishlist,377,s006995
354,2024-12-27 21:38:00,view,94,s006996
1642,2024-11-08 12:03:17,purchase,17,s006997
1692,2024-01-09 19:16:46,purchase,360,s006998
1560,2024-05-03 10:41:04,remove_from_cart,386,s006999
58,2025-08-02 18:40:02,wishlist,211,s007000
856,2024-07-04 09:26:49,wishlist,325,s007001
368,2024-02-03 22:29:06,view,174,s007002
81,2024-12-04 09:27:16,purchase,347,s007003
1642,2024-12-03 16:09:09,add_to_cart,118,s007004
158,2024-03-07 19:47:40,add_to_cart,34,s007005
1988,2025-08-24 18:42:21,add_to_cart,293,s007006
899,2025-08-24 11:17:07,view,167,s007007
429,2024-09-28 08:53:28,wishlist,262,s007008
157,2024-03-01 18:36:53,wishlist,392,s007009
650,2025-03-01 18:01:43,wishlist,53,s007010
1335,2024-03-06 22:30:45,remove_from_cart,13,s007011
1169,2025-04-07 22:48:07,purchase,393,s007012
1826,2024-02-29 16:36:03,view,315,s007013
960,2024-04-22 21:15:30,view,17,s007014
2093,2025-09-28 19:44:06,purchase,54,s007015
368,2025-04-26 17:18:18,add_to_cart,236,s007016
1896,2025-02-25 08:07:03,view,36,s007017
2441,2025-07-19 21:36:06,purchase,14,s007018
2226,2025-03-04 22:13:26,wishlist,392,s007019
234,2024-10-29 14:25:55,add_to_cart,213,s007020
1971,2025-10-07 19:39:07,purchase,4,s007021
1945,2024-04-17 09:50:10,view,54,s007022
1340,2025-06-02 18:34:48,wishlist,366,s007023
248,2024-10-06 15:18:04,view,177,s007024
2260,2025-11-04 06:32:22,view,218,s007025
1300,2025-04-23 19:34:28,add_to_cart,213,s007026
12,2025-08-28 10:56:07,wishlist,165,s007027
1735,2025-04-19 12:57:05,view,341,s007028
1466,2024-02-05 22:58:20,view,107,s007029
1246,2024-01-31 20:38:49,add_to_cart,72,s007030
2400,2024-09-10 21:26:33,view,221,s007031
2337,2025-05-24 14:11:32,purchase,6,s007032
488,2024-07-03 01:07:48,view,205,s007033
2418,2025-07-18 09:02:18,wishlist,364,s007034
1971,2025-07-18 09:06:00,view,22,s007035
414,2024-10-29 14:40:55,view,38,s007036
285,2024-09-10 22:42:30,add_to_cart,276,s007037
83,2024-02-01 09:22:24,view,259,s007038
1187,2025-10-04 03:12:02,view,119,s007039
526,2025-04-03 18:41:22,view,101,s007040
1011,2024-05-06 09:12:48,add_to_cart,192,s007041
1032,2024-07-21 14:04:08,purchase,249,s007042
2441,2025-09-30 19:20:40,purchase,200,s007043
1968,2025-05-08 21:20:42,wishlist,119,s007044
2323,2025-02-02 12:03:28,remove_from_cart,195,s007045
1781,2024-08-25 07:17:13,view,210,s007046
1659,2024-09-26 17:16:33,view,329,s007047
2429,2024-03-17 19:53:31,add_to_cart,234,s007048
171,2025-10-26 16:09:27,add_to_cart,13,s007049
1931,2025-02-18 05:59:14,wishlist,326,s007050
242,2025-09-05 21:33:40,view,37,s007051
371,2025-04-15 10:11:31,add_to_cart,384,s007052
998,2025-04-02 09:34:21,add_to_cart,367,s007053
1538,2024-05-09 09:07:04,view,288,s007054
317,2025-04-01 20:22:05,view,357,s007055
385,2025-09-23 22:10:10,view,111,s007056
807,2025-10-23 15:14:52,view,195,s007057
1584,2025-05-16 23:46:58,view,25,s007058
2232,2024-07-21 08:52:43,view,73,s007059
2464,2025-03-11 20:32:23,view,40,s007060
2061,2024-09-30 21:39:19,purchase,206,s007061
1908,2024-06-26 20:38:39,view,40,s007062
1913,2024-07-08 20:56:25,view,274,s007063
1485,2025-03-12 15:00:42,wishlist,131,s007064
1751,2024-01-19 13:01:05,wishlist,54,s007065
1694,2024-11-19 08:04:26,view,161,s007066
1826,2024-08-11 09:19:41,view,202,s007067
1360,2024-02-16 11:34:17,view,304,s007068
414,2024-01-09 15:38:33,view,368,s007069
1317,2025-02-04 09:02:06,add_to_cart,129,s007070
2360,2024-03-13 21:29:58,view,129,s007071
790,2024-04-11 20:06:22,view,77,s007072
180,2025-12-01 09:34:01,view,364,s007073
908,2024-09-10 03:20:39,view,46,s007074
1838,2025-06-26 20:27:38,view,191,s007075
447,2025-08-12 10:41:32,wishlist,113,s007076
1691,2024-10-17 14:32:19,view,298,s007077
351,2025-01-22 18:38:09,view,74,s007078
1246,2024-03-30 16:31:34,purchase,44,s007079
981,2024-12-24 12:22:42,add_to_cart,120,s007080
1845,2025-02-13 09:21:08,remove_from_cart,395,s007081
19,2025-07-17 21:58:53,view,358,s007082
1779,2024-06-07 13:42:01,view,51,s007083
706,2025-01-16 10:46:52,wishlist,274,s007084
279,2025-01-15 17:34:35,remove_from_cart,232,s007085
2255,2024-12-24 19:05:36,add_to_cart,127,s007086
1773,2025-03-14 10:23:08,add_to_cart,282,s007087
1625,2025-09-20 21:01:40,view,131,s007088
1259,2024-04-08 21:00:03,add_to_cart,107,s007089
1380,2024-07-03 06:31:43,view,6,s007090
1336,2024-12-08 13:15:57,add_to_cart,2,s007091
698,2025-12-08 21:55:49,view,79,s007092
50,2025-06-21 12:55:12,view,177,s007093
802,2024-11-13 15:16:09,wishlist,162,s007094
2342,2025-02-15 10:17:27,remove_from_cart,136,s007095
642,2024-10-30 21:11:19,view,397,s007096
2047,2025-03-20 14:28:12,purchase,326,s007097
993,2024-02-15 22:52:45,view,343,s007098
2088,2024-08-02 21:49:41,purchase,18,s007099
655,2024-06-02 21:34:02,view,341,s007100
879,2025-08-15 20:41:29,purchase,271,s007101
2491,2025-02-22 08:05:42,view,24,s007102
502,2025-06-24 12:54:29,view,163,s007103
778,2025-06-01 05:08:50,view,225,s007104
2282,2024-09-12 19:40:21,wishlist,367,s007105
2484,2025-06-23 10:01:23,add_to_cart,251,s007106
146,2025-03-04 07:05:06,add_to_cart,179,s007107
1356,2025-08-04 11:52:55,add_to_cart,6,s007108
896,2025-12-13 21:21:49,view,203,s007109
198,2025-09-15 21:59:52,wishlist,327,s007110
1517,2025-05-25 08:56:29,wishlist,333,s007111
1783,2024-03-18 21:18:19,view,291,s007112
540,2024-06-01 13:10:52,view,83,s007113
805,2025-05-28 14:11:08,purchase,5,s007114
1234,2025-09-30 01:01:00,view,156,s007115
888,2024-08-31 12:59:11,purchase,154,s007116
2048,2025-12-01 17:08:32,view,372,s007117
629,2024-02-01 20:12:16,view,248,s007118
686,2024-06-30 21:34:50,remove_from_cart,350,s007119
1175,2025-02-01 15:24:58,purchase,123,s007120
2264,2024-03-08 11:38:19,purchase,78,s007121
1181,2024-08-25 20:31:22,add_to_cart,287,s007122
1494,2025-08-15 14:49:56,wishlist,189,s007123
2368,2024-01-16 22:59:01,view,129,s007124
1797,2024-04-28 08:21:49,add_to_cart,48,s007125
449,2025-10-09 20:32:11,add_to_cart,202,s007126
1081,2024-07-17 21:53:48,wishlist,382,s007127
1178,2024-08-03 21:56:44,view,298,s007128
1368,2024-04-13 01:42:01,view,206,s007129
580,2024-03-29 10:57:15,purchase,144,s007130
2383,2024-03-10 20:29:46,view,209,s007131
2138,2024-08-14 20:49:42,view,171,s007132
1223,2024-01-23 09:19:10,view,39,s007133
1136,2024-05-17 09:59:02,view,298,s007134
1440,2024-07-25 06:32:29,view,140,s007135
2443,2024-01-21 01:09:10,purchase,63,s007136
1349,2025-02-08 19:42:35,add_to_cart,35,s007137
1541,2024-10-14 11:20:22,view,264,s007138
2139,2024-02-15 17:54:33,view,312,s007139
2479,2025-06-23 11:17:35,purchase,289,s007140
123,2024-12-11 15:27:59,purchase,31,s007141
2363,2025-10-12 01:45:09,view,23,s007142
2040,2025-06-17 08:36:00,purchase,373,s007143
2468,2025-07-05 10:49:53,view,399,s007144
2467,2024-03-31 10:20:10,view,231,s007145
261,2024-07-03 10:11:53,add_to_cart,190,s007146
959,2025-01-19 17:20:51,wishlist,379,s007147
556,2025-06-21 04:25:03,view,18,s007148
1697,2025-03-26 14:39:38,add_to_cart,118,s007149
1965,2025-01-25 22:32:19,view,354,s007150
2128,2025-11-13 22:29:26,wishlist,186,s007151
1520,2025-06-04 21:20:30,view,9,s007152
2358,2025-09-10 08:39:10,purchase,242,s007153
339,2024-11-25 18:41:42,view,273,s007154
1041,2025-01-28 15:53:16,view,21,s007155
1467,2024-03-10 06:53:34,add_to_cart,89,s007156
800,2024-02-26 11:57:12,view,185,s007157
1579,2024-07-12 20:57:20,view,279,s007158
557,2025-01-04 19:17:08,remove_from_cart,205,s007159
382,2025-12-11 19:32:18,add_to_cart,248,s007160
631,2025-07-16 09:51:44,view,376,s007161
1264,2025-08-22 13:04:15,wishlist,278,s007162
1239,2025-03-20 09:46:20,purchase,72,s007163
1133,2025-10-18 19:23:31,remove_from_cart,157,s007164
454,2025-03-23 18:27:08,view,27,s007165
135,2025-11-07 18:57:03,view,79,s007166
591,2025-01-24 22:58:26,remove_from_cart,186,s007167
1196,2025-03-16 00:41:10,view,306,s007168
685,2025-01-19 07:34:32,view,352,s007169
670,2025-07-28 07:49:44,view,203,s007170
165,2024-06-26 22:08:23,add_to_cart,66,s007171
1803,2025-11-27 12:00:16,view,298,s007172
1848,2024-10-09 19:13:49,view,57,s007173
478,2025-03-17 18:17:37,purchase,6,s007174
601,2024-11-10 04:00:47,purchase,176,s007175
1493,2025-10-26 22:07:49,add_to_cart,343,s007176
2270,2024-09-29 21:13:17,purchase,261,s007177
2019,2024-08-11 10:19:28,add_to_cart,197,s007178
2421,2025-09-29 11:48:42,remove_from_cart,233,s007179
290,2024-03-05 20:46:05,view,43,s007180
1058,2024-08-30 18:13:11,view,200,s007181
915,2024-07-05 06:34:08,add_to_cart,342,s007182
1803,2024-08-11 21:29:24,add_to_cart,258,s007183
613,2025-04-16 18:32:53,view,150,s007184
1614,2024-03-20 22:27:14,view,221,s007185
1326,2025-03-14 20:21:11,view,152,s007186
1418,2025-05-30 12:34:12,purchase,137,s007187
493,2025-04-30 18:49:19,view,136,s007188
973,2024-02-11 09:28:03,wishlist,266,s007189
1361,2025-05-05 08:18:58,wishlist,154,s007190
710,2024-12-07 23:52:47,view,129,s007191
2428,2024-09-14 19:30:39,purchase,324,s007192
1069,2025-05-12 22:54:43,view,333,s007193
1003,2024-09-29 13:12:19,add_to_cart,195,s007194
2137,2025-05-11 16:43:09,add_to_cart,186,s007195
1289,2024-09-07 19:06:59,view,263,s007196
451,2024-02-20 08:30:47,add_to_cart,117,s007197
2100,2024-02-26 17:25:20,add_to_cart,174,s007198
317,2025-05-02 21:55:46,add_to_cart,379,s007199
70,2024-02-14 07:03:20,wishlist,6,s007200
869,2025-08-17 09:24:19,purchase,310,s007201
504,2025-01-19 20:10:47,view,193,s007202
2317,2025-07-04 18:39:03,purchase,96,s007203
2103,2025-07-30 07:29:29,add_to_cart,97,s007204
1437,2024-05-27 07:02:37,add_to_cart,347,s007205
1387,2024-08-12 18:44:00,wishlist,299,s007206
1116,2024-10-20 08:39:05,view,101,s007207
784,2025-05-21 09:54:05,remove_from_cart,303,s007208
482,2024-03-30 20:09:29,view,263,s007209
2482,2025-01-02 06:22:27,purchase,100,s007210
777,2024-07-04 21:07:23,add_to_cart,222,s007211
1560,2024-09-22 11:23:57,view,332,s007212
2435,2024-02-09 22:35:03,wishlist,350,s007213
2271,2024-12-12 14:15:16,view,176,s007214
1774,2024-02-05 07:27:17,view,95,s007215
708,2025-02-28 09:13:58,view,358,s007216
1095,2025-04-10 19:57:17,view,189,s007217
516,2024-08-03 17:01:46,add_to_cart,315,s007218
1020,2024-04-07 17:01:54,view,244,s007219
640,2025-01-13 22:30:40,view,164,s007220
530,2025-02-18 14:11:06,wishlist,253,s007221
1876,2024-05-07 18:52:31,remove_from_cart,342,s007222
2212,2024-07-28 22:49:24,view,399,s007223
195,2024-09-25 19:59:13,view,321,s007224
1161,2024-09-24 22:27:26,view,263,s007225
931,2025-09-09 07:13:09,purchase,317,s007226
2410,2025-07-14 08:21:21,add_to_cart,169,s007227
763,2025-06-12 23:37:55,add_to_cart,80,s007228
959,2025-02-01 19:42:43,view,55,s007229
144,2024-11-06 16:21:02,add_to_cart,183,s007230
2323,2024-12-21 08:06:03,purchase,247,s007231
2372,2024-02-05 15:00:56,add_to_cart,58,s007232
2289,2025-07-17 21:14:33,add_to_cart,171,s007233
411,2024-07-06 09:57:02,view,52,s007234
90,2024-01-11 08:31:17,add_to_cart,289,s007235
1641,2025-07-18 12:52:00,view,37,s007236
2058,2024-08-09 17:44:18,purchase,31,s007237
1760,2024-10-29 00:37:07,view,311,s007238
886,2024-09-17 09:37:46,purchase,41,s007239
2068,2025-06-23 21:00:00,view,32,s007240
2356,2024-08-30 21:37:10,view,42,s007241
653,2025-09-29 21:42:50,wishlist,31,s007242
1265,2025-02-11 14:54:02,view,296,s007243
192,2025-07-12 21:14:00,view,55,s007244
275,2024-08-08 14:50:22,wishlist,321,s007245
563,2024-08-15 14:15:20,view,352,s007246
1203,2024-06-06 19:27:23,add_to_cart,350,s007247
1962,2025-07-11 09:06:08,add_to_cart,179,s007248
735,2025-07-28 10:19:36,view,197,s007249
2114,2024-01-21 12:32:39,view,172,s007250
1661,2024-04-03 16:16:46,view,166,s007251
914,2025-09-03 22:15:41,view,317,s007252
1745,2024-09-20 22:59:38,view,61,s007253
740,2025-07-24 15:05:04,purchase,194,s007254
81,2025-09-17 16:52:08,wishlist,230,s007255
594,2025-07-13 21:07:05,view,397,s007256
1903,2025-09-01 03:20:49,view,163,s007257
1353,2024-05-11 04:06:17,view,182,s007258
92,2024-10-25 20:25:28,add_to_cart,75,s007259
2338,2025-05-15 07:49:59,view,64,s007260
1149,2024-02-08 09:16:10,wishlist,73,s007261
169,2024-10-10 06:59:32,purchase,310,s007262
1205,2024-08-26 17:38:44,view,65,s007263
1605,2025-03-10 09:14:45,view,152,s007264
503,2024-06-12 12:11:05,wishlist,104,s007265
1907,2024-02-08 21:44:19,view,141,s007266
1362,2025-05-11 21:49:08,purchase,189,s007267
1919,2025-04-27 08:04:25,view,240,s007268
1724,2024-04-24 21:36:53,view,302,s007269
1888,2024-05-13 16:40:45,purchase,159,s007270
765,2024-05-04 18:54:21,remove_from_cart,29,s007271
613,2024-07-28 14:17:50,add_to_cart,31,s007272
1575,2025-11-18 08:56:58,add_to_cart,141,s007273
1893,2025-07-23 08:03:12,view,42,s007274
780,2024-11-01 23:17:51,add_to_cart,348,s007275
1673,2025-09-21 07:55:09,view,235,s007276
2218,2025-05-10 11:54:26,view,93,s007277
1216,2024-12-04 21:41:06,view,341,s007278
2302,2024-10-13 20:52:27,add_to_cart,151,s007279
1025,2025-06-29 11:24:01,purchase,237,s007280
2486,2025-03-13 19:23:17,wishlist,56,s007281
1530,2024-10-05 07:16:48,view,233,s007282
752,2024-03-15 19:10:03,add_to_cart,119,s007283
2158,2024-05-06 07:09:15,add_to_cart,258,s007284
943,2025-05-21 08:14:57,add_to_cart,142,s007285
2282,2024-03-12 14:37:42,wishlist,215,s007286
896,2024-09-22 21:40:37,wishlist,85,s007287
212,2025-11-25 19:15:55,purchase,313,s007288
1154,2024-12-25 11:32:38,view,254,s007289
1066,2025-11-13 15:49:56,wishlist,123,s007290
2441,2025-01-15 18:23:04,view,132,s007291
2425,2025-01-04 15:22:48,view,12,s007292
2059,2024-10-04 21:20:03,view,300,s007293
1578,2024-02-12 13:00:28,purchase,65,s007294
2276,2025-06-26 09:18:44,view,84,s007295
2058,2025-11-30 17:16:26,view,368,s007296
566,2024-01-11 14:09:18,add_to_cart,35,s007297
1358,2024-12-04 10:17:27,view,196,s007298
2448,2025-01-03 17:30:43,add_to_cart,262,s007299
17,2024-10-09 00:00:17,view,377,s007300
1709,2025-05-22 20:49:52,remove_from_cart,31,s007301
672,2025-12-09 12:06:53,wishlist,69,s007302
560,2024-04-01 08:56:01,view,154,s007303
16,2025-09-16 02:46:36,wishlist,203,s007304
325,2024-05-03 13:56:00,view,372,s007305
2305,2025-03-01 23:38:06,remove_from_cart,118,s007306
95,2025-11-03 06:07:16,purchase,83,s007307
2416,2024-11-13 20:06:25,view,45,s007308
795,2025-07-14 17:37:57,view,268,s007309
1197,2024-01-10 08:26:54,wishlist,315,s007310
756,2025-07-26 09:04:51,purchase,244,s007311
904,2024-11-14 20:41:46,view,77,s007312
562,2025-12-10 21:34:52,view,163,s007313
741,2024-10-18 13:38:43,view,208,s007314
2426,2024-07-06 08:19:08,view,252,s007315
1886,2024-04-27 18:56:07,view,47,s007316
1093,2025-08-02 19:36:35,wishlist,365,s007317
1549,2024-02-24 20:44:37,view,112,s007318
1283,2025-06-05 04:44:13,wishlist,315,s007319
1496,2025-10-18 19:41:17,add_to_cart,399,s007320
225,2024-02-08 10:07:48,view,142,s007321
1046,2025-01-12 06:35:39,purchase,58,s007322
1901,2024-06-12 17:01:22,wishlist,330,s007323
1260,2025-06-26 14:37:08,wishlist,231,s007324
1567,2024-12-07 12:43:54,remove_from_cart,218,s007325
2086,2024-06-11 08:30:45,view,37,s007326
2374,2024-09-03 09:06:49,wishlist,138,s007327
1349,2025-02-24 15:31:22,view,144,s007328
2316,2024-10-02 12:19:03,view,322,s007329
628,2025-06-21 09:06:26,purchase,273,s007330
1857,2024-02-04 17:55:33,view,123,s007331
1105,2025-01-30 08:21:23,view,244,s007332
1723,2025-11-26 16:59:10,purchase,54,s007333
1219,2025-03-29 08:50:42,view,26,s007334
544,2024-09-20 10:02:24,view,227,s007335
190,2024-07-08 03:18:36,view,273,s007336
1668,2025-01-02 19:01:51,view,341,s007337
1486,2024-08-09 17:56:12,wishlist,329,s007338
586,2024-03-29 04:02:49,purchase,380,s007339
1093,2025-02-02 11:27:47,view,344,s007340
2003,2025-06-20 20:22:16,remove_from_cart,173,s007341
766,2024-12-25 21:00:26,wishlist,89,s007342
2427,2025-09-19 10:08:37,add_to_cart,129,s007343
2374,2024-09-15 08:06:55,view,353,s007344
2352,2025-06-21 17:25:05,purchase,360,s007345
1850,2025-11-09 16:22:52,view,321,s007346
462,2024-02-03 13:38:51,add_to_cart,287,s007347
59,2025-04-27 07:11:23,wishlist,348,s007348
1982,2024-11-02 09:02:48,view,72,s007349
1391,2024-08-06 09:00:37,add_to_cart,276,s007350
1128,2024-09-19 17:18:15,add_to_cart,99,s007351
1785,2025-04-10 10:55:43,view,211,s007352
1269,2024-08-29 20:37:36,view,352,s007353
922,2024-04-13 19:53:52,view,385,s007354
2443,2024-05-20 05:07:14,view,185,s007355
2060,2025-09-20 18:32:30,add_to_cart,15,s007356
654,2024-03-20 19:19:01,purchase,253,s007357
2311,2025-11-05 11:45:04,view,173,s007358
1906,2024-04-20 17:08:09,view,64,s007359
1016,2025-05-24 09:46:04,view,62,s007360
2231,2024-11-15 20:38:21,add_to_cart,20,s007361
1225,2025-07-03 19:30:16,add_to_cart,3,s007362
126,2025-03-14 12:01:23,view,112,s007363
1839,2025-06-09 09:18:03,wishlist,104,s007364
751,2025-11-28 12:11:47,view,199,s007365
1113,2025-05-02 19:25:05,purchase,261,s007366
2284,2025-03-19 15:51:13,add_to_cart,29,s007367
2209,2025-08-05 14:54:08,wishlist,392,s007368
302,2024-03-01 21:04:35,wishlist,262,s007369
1407,2024-11-09 10:15:02,wishlist,44,s007370
1962,2025-07-06 19:16:32,remove_from_cart,85,s007371
1660,2025-06-29 08:49:17,wishlist,276,s007372
513,2024-06-22 20:21:02,wishlist,391,s007373
2403,2024-07-28 09:04:59,wishlist,285,s007374
1047,2025-04-03 09:42:40,view,360,s007375
2288,2025-06-13 21:05:19,view,329,s007376
2273,2024-12-15 00:47:55,wishlist,250,s007377
400,2024-01-22 19:37:21,view,187,s007378
2499,2025-09-11 16:54:44,view,70,s007379
554,2025-01-31 09:33:42,add_to_cart,148,s007380
1844,2024-09-27 17:03:31,view,276,s007381
1903,2024-05-01 17:59:15,add_to_cart,253,s007382
728,2024-02-21 07:00:08,view,93,s007383
1436,2024-12-04 19:33:19,wishlist,77,s007384
1875,2025-05-24 07:15:08,wishlist,364,s007385
668,2025-04-12 07:28:38,view,170,s007386
1454,2024-02-13 07:29:44,view,22,s007387
535,2025-08-27 01:30:57,wishlist,13,s007388
1191,2025-03-09 16:02:53,view,297,s007389
2169,2024-10-03 09:30:40,remove_from_cart,368,s007390
1666,2024-06-25 22:43:13,view,341,s007391
1157,2024-01-30 19:45:39,wishlist,62,s007392
2478,2024-08-22 19:37:19,purchase,108,s007393
2187,2025-03-29 05:22:01,wishlist,19,s007394
1753,2024-01-24 20:42:25,view,225,s007395
2182,2025-03-10 15:42:03,purchase,357,s007396
145,2025-07-20 21:54:59,add_to_cart,297,s007397
841,2024-06-12 08:03:17,view,135,s007398
1477,2025-05-28 19:40:25,view,253,s007399
1469,2024-12-25 11:37:28,view,213,s007400
836,2024-04-13 20:17:19,view,245,s007401
2199,2025-03-21 10:34:57,view,265,s007402
1756,2024-06-12 11:57:42,wishlist,4,s007403
164,2025-08-28 08:56:56,view,320,s007404
702,2025-09-21 17:32:29,view,201,s007405
1212,2024-01-09 20:51:43,view,184,s007406
2169,2025-09-04 10:34:23,purchase,72,s007407
2097,2025-09-08 10:25:39,add_to_cart,32,s007408
2270,2025-07-16 08:30:09,view,192,s007409
120,2025-06-12 13:05:29,view,275,s007410
2247,2025-01-02 21:59:34,wishlist,166,s007411
1505,2025-05-25 18:54:17,view,335,s007412
1134,2024-10-09 20:33:47,view,178,s007413
451,2024-12-04 07:58:45,view,151,s007414
1510,2024-07-23 13:36:47,remove_from_cart,178,s007415
757,2025-10-08 19:50:17,view,88,s007416
598,2025-08-24 19:10:32,add_to_cart,157,s007417
2206,2024-09-03 11:07:39,view,309,s007418
1323,2024-05-02 19:26:00,view,367,s007419
1655,2024-06-30 15:36:46,add_to_cart,196,s007420
1069,2025-10-16 20:25:42,add_to_cart,33,s007421
1388,2025-11-13 14:38:16,add_to_cart,240,s007422
705,2024-07-05 07:56:32,add_to_cart,2,s007423
1542,2024-11-01 08:26:49,add_to_cart,100,s007424
2124,2025-08-12 05:57:09,wishlist,244,s007425
1784,2024-05-30 07:30:13,add_to_cart,214,s007426
881,2025-01-17 14:13:55,wishlist,106,s007427
654,2024-09-15 06:22:05,view,325,s007428
893,2024-02-17 04:34:31,wishlist,75,s007429
781,2025-03-06 11:11:30,purchase,216,s007430
659,2024-06-04 12:02:11,view,25,s007431
454,2025-05-18 20:04:25,add_to_cart,78,s007432
1111,2025-01-29 22:55:33,add_to_cart,331,s007433
1049,2024-01-12 07:40:05,view,280,s007434
1067,2025-05-04 19:30:46,view,277,s007435
1536,2025-06-23 20:06:19,view,74,s007436
1266,2025-07-25 19:01:50,view,348,s007437
1930,2025-04-23 15:47:25,purchase,156,s007438
1166,2024-06-21 20:58:18,view,250,s007439
2170,2025-03-01 10:09:22,view,181,s007440
1738,2024-04-15 20:43:23,view,162,s007441
23,2024-11-21 19:12:12,add_to_cart,175,s007442
2377,2024-12-24 07:57:48,add_to_cart,377,s007443
933,2025-04-17 21:26:34,wishlist,361,s007444
925,2025-09-16 18:38:08,wishlist,53,s007445
1404,2025-06-09 20:12:57,view,18,s007446
151,2025-07-27 21:29:05,view,256,s007447
1308,2025-02-09 20:45:45,purchase,81,s007448
1576,2024-10-30 14:54:02,view,94,s007449
1922,2025-02-22 09:11:39,add_to_cart,395,s007450
326,2025-01-02 20:49:34,wishlist,49,s007451
732,2024-04-20 18:45:19,view,329,s007452
2054,2025-09-25 09:23:38,add_to_cart,72,s007453
2144,2025-05-08 18:37:34,purchase,197,s007454
2391,2024-02-13 16:33:50,view,92,s007455
1301,2025-12-10 01:12:40,view,171,s007456
970,2024-08-12 19:15:13,view,23,s007457
2406,2025-02-17 21:53:22,view,277,s007458
724,2024-04-04 20:31:26,add_to_cart,369,s007459
2114,2024-12-08 21:35:09,add_to_cart,159,s007460
372,2024-07-14 21:01:42,view,32,s007461
161,2024-11-16 18:26:14,view,45,s007462
405,2024-04-08 18:30:22,remove_from_cart,268,s007463
2039,2024-09-26 09:13:42,view,196,s007464
2362,2024-01-27 19:31:52,view,101,s007465
783,2024-03-04 09:49:44,view,77,s007466
2352,2025-06-04 16:26:36,view,391,s007467
152,2025-03-03 21:08:04,wishlist,209,s007468
866,2025-06-17 19:46:45,view,222,s007469
1523,2024-09-29 17:11:17,add_to_cart,311,s007470
1006,2024-06-29 20:38:28,view,268,s007471
2461,2024-07-10 21:23:42,view,311,s007472
368,2025-10-07 15:23:43,view,125,s007473
934,2025-08-16 04:47:21,add_to_cart,16,s007474
2406,2025-04-08 07:54:51,view,374,s007475
1048,2025-02-26 20:46:08,view,113,s007476
1113,2024-04-26 19:07:12,wishlist,35,s007477
1264,2024-06-17 17:28:12,purchase,197,s007478
1885,2025-02-09 19:07:53,purchase,173,s007479
2312,2024-03-14 20:38:18,add_to_cart,38,s007480
2363,2025-11-27 04:09:30,view,3,s007481
1253,2025-12-04 22:55:49,purchase,351,s007482
1447,2025-04-15 16:43:29,view,16,s007483
2268,2024-12-22 11:39:34,wishlist,34,s007484
1450,2024-10-06 14:28:30,wishlist,212,s007485
1901,2025-08-06 08:04:40,purchase,284,s007486
2160,2025-11-04 21:13:45,view,381,s007487
1556,2025-02-08 19:12:28,view,162,s007488
223,2025-12-03 05:25:49,view,32,s007489
263,2025-01-04 22:34:48,remove_from_cart,168,s007490
1801,2025-01-02 20:57:58,view,119,s007491
768,2024-02-05 07:08:05,add_to_cart,59,s007492
2139,2025-02-16 08:44:53,view,307,s007493
623,2025-10-21 08:18:16,purchase,132,s007494
584,2024-04-29 21:07:11,wishlist,319,s007495
977,2024-03-27 10:42:00,wishlist,16,s007496
1923,2025-08-05 08:54:34,add_to_cart,79,s007497
1122,2024-01-11 09:58:21,view,138,s007498
1835,2024-06-13 16:03:22,view,145,s007499
2166,2025-09-26 14:11:55,view,7,s007500
629,2024-01-12 09:39:14,view,295,s007501
2342,2025-05-08 19:50:12,view,360,s007502
575,2024-10-02 21:10:33,wishlist,45,s007503
750,2024-11-05 09:50:03,view,398,s007504
1702,2024-03-22 22:51:24,view,365,s007505
1175,2025-10-11 05:32:02,view,180,s007506
1808,2024-12-28 22:14:41,purchase,65,s007507
2270,2025-03-26 20:19:03,view,155,s007508
687,2025-04-24 18:00:43,purchase,250,s007509
217,2025-02-02 16:10:50,wishlist,384,s007510
1512,2025-07-26 18:05:22,wishlist,189,s007511
1895,2024-12-09 13:02:14,add_to_cart,329,s007512
2194,2024-10-02 07:26:00,purchase,174,s007513
880,2024-01-08 21:01:27,view,97,s007514
2367,2024-02-29 17:50:24,view,289,s007515
59,2024-07-29 07:29:49,view,70,s007516
2160,2024-09-23 09:08:55,view,51,s007517
728,2025-07-22 12:08:10,view,66,s007518
450,2024-07-25 12:47:17,view,294,s007519
793,2025-10-16 15:10:38,view,117,s007520
1541,2024-06-16 12:03:24,view,389,s007521
877,2025-01-29 06:13:42,add_to_cart,214,s007522
2126,2025-10-24 16:53:24,view,139,s007523
1926,2025-04-09 03:37:55,view,238,s007524
2399,2025-04-02 18:48:10,view,125,s007525
1856,2024-03-01 08:54:30,view,322,s007526
1582,2024-12-30 22:09:35,view,310,s007527
344,2024-02-03 06:34:41,view,208,s007528
110,2024-12-10 21:15:51,wishlist,318,s007529
1770,2024-10-27 22:02:40,add_to_cart,240,s007530
1958,2025-06-20 13:39:49,purchase,118,s007531
837,2025-09-03 21:55:39,remove_from_cart,37,s007532
1663,2025-04-03 18:21:32,view,167,s007533
1392,2024-05-19 19:41:11,view,277,s007534
1210,2024-08-08 16:29:44,wishlist,159,s007535
778,2025-09-10 20:09:37,view,129,s007536
2364,2025-02-24 20:05:36,remove_from_cart,315,s007537
2055,2025-08-17 21:06:55,wishlist,366,s007538
2005,2025-07-18 09:34:28,purchase,187,s007539
139,2024-01-25 21:42:10,view,194,s007540
1153,2024-05-21 06:11:25,wishlist,79,s007541
2415,2025-07-05 10:01:03,view,332,s007542
118,2024-01-13 21:06:11,view,116,s007543
2308,2025-08-19 18:18:25,purchase,70,s007544
817,2024-10-15 13:53:36,purchase,31,s007545
1397,2024-05-10 19:50:31,purchase,301,s007546
192,2024-09-21 18:49:04,view,103,s007547
2160,2025-08-05 21:56:54,purchase,107,s007548
1681,2025-11-04 21:16:52,view,358,s007549
233,2025-11-11 10:13:36,view,385,s007550
509,2025-02-24 09:38:19,purchase,122,s007551
569,2024-11-08 23:12:55,purchase,376,s007552
206,2024-02-23 10:10:34,add_to_cart,105,s007553
1371,2024-01-14 17:47:10,purchase,360,s007554
920,2025-05-06 21:24:21,view,65,s007555
2353,2024-11-07 10:44:42,view,147,s007556
1475,2025-11-25 17:00:13,wishlist,185,s007557
1634,2025-04-22 09:40:21,view,180,s007558
1007,2024-10-28 14:26:18,add_to_cart,154,s007559
634,2024-03-06 08:37:39,add_to_cart,244,s007560
1554,2024-01-10 09:03:41,view,29,s007561
371,2025-04-07 20:46:00,view,79,s007562
874,2025-10-16 20:01:59,add_to_cart,243,s007563
820,2024-08-01 22:16:06,add_to_cart,97,s007564
1849,2024-03-02 18:28:35,view,158,s007565
1687,2024-03-05 22:43:07,add_to_cart,312,s007566
1177,2025-08-23 19:51:31,view,75,s007567
926,2025-12-10 06:29:51,purchase,240,s007568
2011,2024-06-09 22:08:23,view,261,s007569
2291,2024-07-20 18:34:30,add_to_cart,46,s007570
315,2025-07-30 21:52:30,view,35,s007571
2015,2025-01-21 09:05:24,view,233,s007572
1915,2024-03-12 13:24:54,add_to_cart,315,s007573
2441,2025-03-14 06:50:18,view,371,s007574
620,2025-10-20 21:09:18,view,283,s007575
987,2025-02-26 20:35:43,wishlist,209,s007576
667,2025-07-05 10:06:44,view,286,s007577
1502,2024-12-01 21:55:07,purchase,163,s007578
1994,2025-01-08 20:23:32,view,394,s007579
2345,2024-01-11 08:22:28,view,341,s007580
1479,2025-07-05 12:08:45,add_to_cart,327,s007581
1651,2025-06-26 23:32:20,view,225,s007582
1207,2024-11-02 20:19:17,add_to_cart,113,s007583
1955,2025-01-26 20:30:37,view,157,s007584
2281,2024-07-29 19:59:57,wishlist,259,s007585
1760,2024-04-10 08:48:42,wishlist,277,s007586
1108,2025-01-16 17:07:47,view,298,s007587
1626,2025-02-09 08:35:37,view,382,s007588
121,2025-03-19 19:21:46,wishlist,204,s007589
363,2024-04-23 08:25:50,view,398,s007590
2007,2025-03-09 05:58:13,remove_from_cart,287,s007591
1784,2025-07-14 07:29:11,view,234,s007592
98,2025-01-11 21:07:39,view,86,s007593
186,2025-01-20 22:50:49,wishlist,83,s007594
1296,2025-02-02 20:08:18,wishlist,17,s007595
1263,2025-01-06 02:02:14,view,1,s007596
533,2025-03-29 10:52:19,view,156,s007597
1443,2024-03-25 12:43:42,purchase,205,s007598
1306,2025-01-12 17:51:12,wishlist,331,s007599
119,2025-05-02 17:43:32,view,205,s007600
822,2025-04-02 22:21:24,view,297,s007601
706,2025-07-12 22:42:34,view,75,s007602
1833,2024-02-21 13:00:07,purchase,190,s007603
378,2024-01-22 04:55:58,view,294,s007604
1873,2025-07-27 10:49:41,view,308,s007605
358,2024-11-02 16:33:32,view,191,s007606
1528,2024-09-16 19:56:11,purchase,260,s007607
235,2025-08-25 18:29:10,view,387,s007608
2077,2025-02-10 09:27:32,add_to_cart,63,s007609
153,2025-10-02 11:28:12,wishlist,393,s007610
941,2024-01-17 06:23:08,add_to_cart,89,s007611
1086,2025-02-28 11:30:29,view,321,s007612
2472,2024-03-31 22:54:56,remove_from_cart,23,s007613
2296,2025-11-04 19:33:46,purchase,77,s007614
2242,2024-04-04 20:29:01,view,362,s007615
2387,2025-09-21 21:21:57,wishlist,159,s007616
2432,2025-06-29 14:41:02,add_to_cart,46,s007617
943,2024-09-12 13:25:37,purchase,318,s007618
2304,2025-08-29 08:06:10,view,129,s007619
189,2025-03-26 20:55:34,wishlist,314,s007620
1585,2025-02-16 09:25:26,add_to_cart,344,s007621
2309,2025-08-16 10:06:33,view,166,s007622
1338,2024-05-13 09:53:25,wishlist,217,s007623
1053,2024-01-11 07:53:27,view,91,s007624
1254,2025-11-29 06:00:43,add_to_cart,204,s007625
1831,2025-01-30 15:01:28,add_to_cart,164,s007626
1707,2024-01-05 20:10:18,view,122,s007627
1966,2025-11-04 18:37:09,wishlist,366,s007628
2258,2025-10-02 19:45:17,add_to_cart,72,s007629
1936,2024-09-20 05:45:04,wishlist,172,s007630
1173,2024-04-09 18:55:59,view,24,s007631
2406,2024-02-22 09:00:39,view,350,s007632
1687,2024-11-25 15:19:34,view,187,s007633
350,2024-08-27 11:25:19,view,42,s007634
873,2024-08-12 21:38:46,wishlist,154,s007635
1670,2025-11-14 22:00:06,view,302,s007636
1392,2024-11-24 17:27:58,wishlist,308,s007637
1077,2024-11-22 21:33:56,purchase,216,s007638
2080,2025-05-19 21:08:59,purchase,377,s007639
2228,2025-04-24 14:40:50,wishlist,85,s007640
583,2024-04-08 08:41:39,add_to_cart,115,s007641
677,2024-07-30 10:21:05,view,161,s007642
1131,2025-03-05 03:33:46,wishlist,363,s007643
1118,2025-07-13 01:43:00,view,386,s007644
2448,2024-03-09 22:06:36,add_to_cart,146,s007645
618,2025-04-25 23:04:48,view,18,s007646
1784,2025-08-19 21:53:33,view,352,s007647
193,2025-01-28 19:17:07,wishlist,377,s007648
2392,2024-07-19 19:14:37,wishlist,336,s007649
1866,2025-03-10 22:30:47,purchase,5,s007650
156,2025-02-26 08:00:54,wishlist,154,s007651
1347,2025-11-02 08:38:42,add_to_cart,212,s007652
2369,2024-11-07 21:23:55,view,247,s007653
250,2024-05-06 08:39:57,wishlist,226,s007654
1187,2024-04-10 18:06:58,view,140,s007655
496,2025-11-04 23:40:50,view,68,s007656
1313,2024-08-26 01:02:06,add_to_cart,3,s007657
867,2025-02-23 22:19:28,view,2,s007658
875,2024-11-16 10:54:14,wishlist,143,s007659
397,2025-08-02 23:52:02,view,356,s007660
107,2025-09-21 14:54:33,view,64,s007661
23,2025-10-14 14:02:10,wishlist,307,s007662
1027,2024-07-07 12:52:44,view,5,s007663
1731,2025-06-06 13:59:50,view,282,s007664
650,2024-07-09 03:52:25,view,294,s007665
2448,2024-04-04 21:30:57,view,35,s007666
796,2025-08-10 16:35:08,purchase,73,s007667
28,2024-09-04 10:49:51,view,281,s007668
1921,2024-07-28 12:02:00,view,24,s007669
2296,2024-12-13 11:12:09,view,48,s007670
767,2025-08-19 09:28:19,purchase,130,s007671
1418,2024-08-15 20:27:59,add_to_cart,215,s007672
1972,2025-07-10 09:02:28,view,116,s007673
1154,2024-03-31 11:38:37,view,222,s007674
2120,2025-08-26 20:08:54,view,290,s007675
1369,2024-04-11 07:08:14,view,16,s007676
2141,2025-08-26 22:12:56,view,121,s007677
336,2024-09-19 20:51:33,wishlist,305,s007678
1713,2025-08-15 18:30:45,view,71,s007679
127,2025-05-22 09:58:57,add_to_cart,71,s007680
2398,2024-01-13 16:11:15,purchase,392,s007681
783,2025-06-08 20:58:29,wishlist,41,s007682
389,2024-02-15 13:22:45,view,71,s007683
789,2024-10-12 13:55:19,add_to_cart,102,s007684
1209,2025-10-22 18:31:06,purchase,200,s007685
1168,2025-10-03 10:14:42,add_to_cart,234,s007686
2499,2024-10-19 21:26:07,add_to_cart,191,s007687
2006,2025-11-09 00:15:36,view,87,s007688
1845,2024-11-23 20:14:14,wishlist,75,s007689
826,2024-05-30 22:18:41,view,193,s007690
1234,2024-04-07 12:04:41,wishlist,273,s007691
1395,2025-08-28 19:14:44,view,97,s007692
837,2024-12-01 22:24:00,view,107,s007693
1584,2024-05-06 18:02:38,view,86,s007694
156,2024-04-26 07:20:23,add_to_cart,40,s007695
697,2025-02-03 09:49:53,view,208,s007696
119,2024-08-22 21:49:15,view,43,s007697
699,2025-05-29 21:40:42,purchase,133,s007698
1352,2025-07-16 17:48:26,remove_from_cart,237,s007699
2465,2024-01-04 17:08:21,view,41,s007700
1667,2024-03-04 07:04:13,view,41,s007701
463,2025-01-06 21:06:05,add_to_cart,142,s007702
1595,2025-11-05 01:36:03,view,124,s007703
1782,2025-08-06 07:07:51,view,330,s007704
2380,2024-05-10 13:16:26,add_to_cart,285,s007705
2124,2025-05-06 19:05:08,remove_from_cart,122,s007706
780,2025-05-26 12:07:04,add_to_cart,145,s007707
1609,2024-06-20 20:02:37,view,105,s007708
1773,2024-04-07 16:09:09,add_to_cart,335,s007709
18,2024-10-26 10:14:19,wishlist,4,s007710
335,2024-10-05 17:20:37,add_to_cart,284,s007711
1729,2025-10-28 19:48:35,remove_from_cart,45,s007712
331,2025-10-21 17:44:35,add_to_cart,137,s007713
519,2025-07-21 02:47:40,view,33,s007714
715,2024-09-23 19:27:52,wishlist,351,s007715
1564,2024-12-09 18:25:37,view,174,s007716
1054,2024-02-12 22:20:35,purchase,93,s007717
630,2024-09-07 21:00:57,add_to_cart,84,s007718
1177,2025-02-05 20:56:24,view,216,s007719
458,2025-05-13 08:38:54,wishlist,358,s007720
2258,2025-11-08 19:22:56,add_to_cart,258,s007721
296,2024-03-06 11:54:19,add_to_cart,208,s007722
1150,2025-02-14 16:57:24,view,149,s007723
743,2025-11-26 09:43:17,add_to_cart,182,s007724
2090,2025-03-11 09:33:13,add_to_cart,399,s007725
580,2025-08-25 19:47:52,purchase,134,s007726
35,2025-09-24 22:55:46,view,307,s007727
669,2024-03-18 20:12:44,wishlist,42,s007728
655,2025-08-05 22:30:17,wishlist,108,s007729
2056,2024-03-02 19:22:12,view,238,s007730
29,2024-05-12 19:29:41,view,64,s007731
194,2024-02-27 11:31:12,remove_from_cart,76,s007732
1536,2025-09-20 08:51:03,view,298,s007733
1616,2025-06-15 13:18:38,wishlist,210,s007734
551,2024-06-11 10:37:39,wishlist,183,s007735
1980,2025-08-06 18:01:57,view,132,s007736
2099,2025-07-20 08:14:55,add_to_cart,316,s007737
2049,2024-02-08 13:57:32,view,351,s007738
1644,2025-02-10 10:16:33,add_to_cart,223,s007739
1477,2024-05-22 09:35:54,view,115,s007740
1841,2024-01-24 20:03:58,add_to_cart,106,s007741
213,2024-02-20 11:52:41,view,320,s007742
817,2024-11-03 20:26:32,purchase,256,s007743
2016,2024-08-12 19:08:49,add_to_cart,198,s007744
2219,2024-01-11 10:23:14,add_to_cart,138,s007745
1721,2025-11-14 21:54:27,add_to_cart,10,s007746
2278,2024-07-02 10:52:59,purchase,262,s007747
2178,2025-05-15 11:54:17,purchase,250,s007748
1193,2025-12-06 22:11:32,add_to_cart,211,s007749
944,2024-03-02 20:27:09,wishlist,180,s007750
1745,2024-12-25 14:21:45,add_to_cart,209,s007751
1558,2025-07-14 16:32:02,purchase,166,s007752
327,2025-02-05 17:51:24,wishlist,256,s007753
1613,2024-08-21 19:07:20,view,220,s007754
817,2024-07-28 13:47:23,add_to_cart,10,s007755
1399,2025-08-01 13:41:58,view,231,s007756
2297,2024-04-10 20:48:57,wishlist,25,s007757
79,2025-02-09 20:56:06,view,88,s007758
565,2024-11-30 11:04:08,wishlist,392,s007759
1281,2025-02-27 18:08:56,view,288,s007760
535,2025-02-13 18:11:52,remove_from_cart,127,s007761
494,2025-09-09 23:25:18,view,309,s007762
1750,2024-10-21 13:47:36,view,320,s007763
1864,2024-04-03 09:38:10,add_to_cart,338,s007764
180,2024-07-02 07:48:11,view,179,s007765
967,2025-11-13 18:59:57,view,194,s007766
2490,2025-06-30 12:48:30,remove_from_cart,379,s007767
1897,2024-10-22 16:25:53,add_to_cart,43,s007768
1135,2025-06-07 21:45:47,view,230,s007769
2280,2025-11-15 21:53:34,view,101,s007770
1928,2025-07-20 11:11:30,purchase,269,s007771
1775,2025-01-02 08:40:01,view,295,s007772
395,2024-04-10 21:51:39,add_to_cart,88,s007773
418,2024-12-04 22:05:24,view,378,s007774
1970,2025-07-28 19:54:54,view,20,s007775
95,2025-08-02 20:22:55,view,362,s007776
2021,2024-02-29 19:09:28,purchase,264,s007777
260,2025-10-05 18:13:42,add_to_cart,2,s007778
2194,2025-06-01 18:34:28,wishlist,105,s007779
1903,2024-02-20 18:17:06,view,280,s007780
1585,2024-07-03 19:43:33,view,244,s007781
1779,2024-02-02 12:21:44,purchase,281,s007782
2352,2024-09-08 19:15:12,view,206,s007783
1583,2025-02-04 14:36:06,wishlist,333,s007784
1953,2025-03-12 19:10:03,view,44,s007785
2189,2024-06-07 22:34:39,remove_from_cart,223,s007786
1855,2024-05-10 13:36:12,add_to_cart,139,s007787
1651,2024-11-30 15:34:26,purchase,264,s007788
2281,2024-07-30 17:28:05,add_to_cart,83,s007789
2187,2025-11-24 06:14:05,view,180,s007790
1922,2025-07-13 20:08:50,wishlist,110,s007791
2195,2025-06-04 21:17:53,view,45,s007792
1664,2024-11-08 22:37:53,wishlist,328,s007793
1336,2025-01-09 11:38:57,remove_from_cart,356,s007794
1395,2025-09-21 20:21:44,add_to_cart,44,s007795
305,2024-06-21 15:57:58,add_to_cart,100,s007796
340,2025-09-14 23:51:06,purchase,383,s007797
1337,2024-04-18 13:51:16,wishlist,311,s007798
863,2025-01-13 22:54:45,add_to_cart,149,s007799
1927,2024-10-16 22:07:08,view,152,s007800
2148,2024-07-13 22:45:58,add_to_cart,281,s007801
2424,2025-01-24 16:30:32,add_to_cart,256,s007802
2029,2024-01-28 09:31:08,view,91,s007803
868,2024-11-02 21:08:12,purchase,223,s007804
1504,2024-05-18 14:01:42,add_to_cart,213,s007805
2095,2025-01-26 22:12:12,purchase,349,s007806
1709,2025-12-07 18:42:00,add_to_cart,39,s007807
577,2025-12-12 17:53:14,view,150,s007808
861,2025-09-28 22:49:29,view,23,s007809
533,2025-10-26 07:42:12,view,62,s007810
1994,2024-12-25 09:36:51,remove_from_cart,263,s007811
1932,2025-01-25 11:07:51,remove_from_cart,149,s007812
775,2025-11-21 12:38:10,wishlist,349,s007813
2311,2024-08-14 20:14:28,purchase,252,s007814
293,2024-06-11 14:07:59,view,68,s007815
378,2025-10-19 16:41:52,view,25,s007816
343,2025-07-23 22:57:38,view,42,s007817
1040,2025-03-26 14:40:27,add_to_cart,131,s007818
1691,2025-08-29 18:19:09,add_to_cart,196,s007819
829,2024-10-16 09:32:34,purchase,251,s007820
364,2024-04-08 23:26:30,view,115,s007821
835,2024-02-03 12:36:16,wishlist,355,s007822
919,2024-08-26 20:27:47,remove_from_cart,103,s007823
1074,2024-11-14 10:53:34,view,342,s007824
1003,2024-11-13 09:53:42,add_to_cart,324,s007825
1699,2024-07-16 17:57:30,purchase,204,s007826
397,2024-02-05 20:56:58,wishlist,14,s007827
1775,2024-09-14 08:08:19,add_to_cart,259,s007828
1426,2025-03-18 09:09:06,wishlist,306,s007829
1409,2024-09-08 21:59:44,view,193,s007830
1532,2024-09-17 15:23:41,wishlist,261,s007831
533,2024-10-10 18:03:09,purchase,33,s007832
2053,2024-05-27 20:51:53,wishlist,59,s007833
194,2024-05-10 09:14:12,view,306,s007834
632,2025-08-11 23:26:49,wishlist,344,s007835
2265,2025-02-28 09:50:16,add_to_cart,2,s007836
970,2025-01-21 17:18:23,add_to_cart,213,s007837
1430,2024-08-25 22:49:42,view,241,s007838
1933,2025-06-30 08:51:36,purchase,261,s007839
2167,2024-03-17 09:50:21,remove_from_cart,365,s007840
2039,2024-12-18 13:07:16,add_to_cart,109,s007841
2189,2025-05-14 00:35:56,purchase,207,s007842
69,2025-06-05 17:56:03,view,42,s007843
340,2025-04-20 13:58:15,wishlist,15,s007844
1608,2025-03-04 07:21:06,view,311,s007845
2464,2025-09-27 19:51:10,view,324,s007846
1455,2024-03-12 11:47:56,view,69,s007847
531,2024-02-29 15:50:13,view,400,s007848
545,2024-03-12 09:33:08,add_to_cart,284,s007849
1381,2025-07-10 20:41:31,add_to_cart,164,s007850
1722,2025-11-03 19:46:03,view,245,s007851
944,2024-03-08 21:43:25,view,182,s007852
225,2025-12-05 18:59:33,view,3,s007853
590,2024-01-14 20:41:21,view,364,s007854
1717,2024-08-22 22:51:46,wishlist,184,s007855
826,2024-07-29 19:37:06,view,163,s007856
193,2025-11-03 15:43:03,view,289,s007857
1426,2025-05-01 13:59:02,view,51,s007858
624,2024-02-08 00:07:09,wishlist,357,s007859
1740,2025-05-16 23:26:17,view,328,s007860
2452,2024-04-30 10:31:26,view,366,s007861
2395,2024-01-17 07:19:29,add_to_cart,78,s007862
619,2025-05-26 18:43:08,view,85,s007863
2139,2024-09-21 15:06:43,view,398,s007864
532,2024-06-15 19:49:58,view,245,s007865
1575,2025-08-06 20:05:07,purchase,203,s007866
886,2025-10-27 22:09:32,purchase,237,s007867
369,2025-05-13 15:09:10,purchase,136,s007868
2101,2024-02-29 10:32:29,view,101,s007869
1218,2024-05-06 18:53:18,view,389,s007870
1010,2024-01-01 19:33:47,purchase,273,s007871
2112,2024-02-29 11:46:42,purchase,121,s007872
332,2024-04-06 20:30:47,view,181,s007873
1046,2024-11-08 19:23:10,add_to_cart,323,s007874
2309,2024-08-12 09:51:14,remove_from_cart,90,s007875
876,2025-07-20 06:48:16,view,88,s007876
277,2025-02-08 08:57:15,wishlist,37,s007877
1565,2025-09-14 23:45:57,add_to_cart,115,s007878
69,2024-02-12 19:44:40,view,349,s007879
1780,2024-04-22 21:23:22,view,79,s007880
451,2024-10-25 21:02:04,view,88,s007881
1257,2025-08-03 08:06:48,view,116,s007882
118,2025-10-18 08:27:28,wishlist,224,s007883
2406,2024-02-26 22:39:18,add_to_cart,191,s007884
631,2024-03-20 10:26:17,view,267,s007885
1593,2024-06-02 11:26:32,add_to_cart,216,s007886
676,2025-05-28 09:30:30,view,269,s007887
947,2024-05-10 19:41:59,wishlist,222,s007888
973,2025-09-19 20:25:35,view,108,s007889
1406,2025-11-21 14:39:20,add_to_cart,336,s007890
2242,2025-04-12 15:24:24,purchase,25,s007891
2436,2025-05-05 16:22:56,purchase,200,s007892
1982,2024-07-04 21:13:34,view,190,s007893
715,2025-03-28 16:04:49,wishlist,116,s007894
186,2025-03-16 23:36:59,view,340,s007895
22,2024-01-23 21:23:26,add_to_cart,356,s007896
218,2024-07-20 19:56:12,add_to_cart,112,s007897
103,2025-11-13 10:30:35,view,79,s007898
2424,2024-12-17 08:42:39,view,147,s007899
1144,2025-06-30 10:58:03,add_to_cart,339,s007900
835,2025-05-17 21:56:43,wishlist,239,s007901
167,2025-08-25 09:41:52,view,129,s007902
1246,2024-11-27 12:45:41,view,383,s007903
2361,2025-01-28 20:39:22,purchase,237,s007904
2251,2025-10-26 05:16:56,add_to_cart,118,s007905
460,2025-05-20 20:04:53,view,263,s007906
500,2025-02-25 11:27:06,wishlist,153,s007907
1795,2024-09-18 09:42:56,wishlist,297,s007908
1151,2024-01-21 04:54:52,wishlist,12,s007909
2297,2024-06-13 18:50:51,view,92,s007910
579,2025-06-20 15:51:13,purchase,85,s007911
2372,2024-02-16 22:11:43,view,317,s007912
828,2024-01-07 23:37:34,add_to_cart,373,s007913
256,2024-10-07 11:48:22,wishlist,382,s007914
664,2025-11-14 13:02:22,view,246,s007915
206,2025-03-20 06:34:04,purchase,108,s007916
2440,2025-11-23 21:30:27,view,196,s007917
1295,2025-07-05 11:57:54,view,363,s007918
2439,2024-01-09 22:16:18,view,334,s007919
225,2025-05-07 11:35:16,view,56,s007920
1428,2025-02-17 20:08:13,view,129,s007921
285,2024-01-03 09:43:00,view,234,s007922
2128,2024-09-05 08:22:46,view,332,s007923
1665,2025-10-31 22:38:30,purchase,39,s007924
2048,2025-09-19 23:08:36,view,72,s007925
1394,2024-11-01 17:30:11,view,350,s007926
1083,2024-12-27 15:59:39,view,73,s007927
1853,2025-05-13 08:03:35,add_to_cart,187,s007928
275,2025-06-26 18:58:37,view,350,s007929
1570,2024-02-15 11:29:47,view,179,s007930
550,2025-01-22 19:32:09,view,128,s007931
634,2025-03-23 17:27:24,purchase,171,s007932
812,2025-10-11 19:50:09,add_to_cart,247,s007933
1121,2025-11-13 22:58:39,view,331,s007934
1967,2025-12-08 17:07:55,add_to_cart,126,s007935
1433,2024-08-28 21:49:16,add_to_cart,260,s007936
2417,2025-03-15 18:40:10,view,141,s007937
2227,2025-09-28 17:26:12,view,239,s007938
2413,2025-11-16 20:26:54,wishlist,76,s007939
931,2024-09-13 18:40:51,wishlist,115,s007940
1664,2025-06-26 08:25:38,purchase,43,s007941
1520,2024-06-22 13:34:55,wishlist,112,s007942
632,2024-09-23 19:05:38,purchase,150,s007943
1089,2025-02-08 23:55:10,add_to_cart,322,s007944
1175,2024-04-14 09:35:52,add_to_cart,233,s007945
788,2024-09-15 08:44:19,add_to_cart,45,s007946
2466,2024-02-20 19:52:32,view,368,s007947
365,2024-02-12 09:16:22,add_to_cart,233,s007948
2082,2025-11-19 20:08:47,view,203,s007949
573,2025-02-10 06:29:11,purchase,57,s007950
127,2025-02-16 08:11:29,view,31,s007951
561,2025-04-04 18:00:37,purchase,69,s007952
1081,2024-10-11 10:31:23,view,196,s007953
1101,2024-11-01 19:59:43,view,207,s007954
2018,2025-10-14 06:31:13,purchase,56,s007955
1752,2025-08-11 04:31:53,view,366,s007956
1259,2024-02-11 07:06:29,purchase,208,s007957
1559,2025-01-25 17:39:05,view,373,s007958
2276,2025-05-27 17:57:34,view,396,s007959
2494,2024-12-06 08:21:09,view,233,s007960
1679,2024-02-01 08:45:17,purchase,247,s007961
4,2025-05-11 19:08:52,wishlist,134,s007962
1085,2024-06-21 21:50:52,view,98,s007963
10,2024-12-07 21:07:59,add_to_cart,373,s007964
1712,2024-07-09 20:37:07,add_to_cart,356,s007965
232,2025-04-30 08:50:22,view,222,s007966
1787,2025-05-26 09:59:07,view,297,s007967
2472,2025-11-13 08:15:56,purchase,362,s007968
2489,2025-04-17 05:10:21,remove_from_cart,172,s007969
1523,2025-02-11 08:43:35,add_to_cart,233,s007970
2421,2024-07-25 10:24:08,view,75,s007971
2133,2025-02-18 08:17:11,add_to_cart,292,s007972
811,2025-11-18 04:55:45,purchase,51,s007973
2099,2024-09-24 22:28:22,add_to_cart,148,s007974
729,2024-06-09 10:37:13,add_to_cart,214,s007975
1835,2024-01-02 16:48:33,wishlist,328,s007976
2295,2024-12-16 19:08:34,view,279,s007977
2280,2024-09-26 13:50:09,wishlist,301,s007978
460,2025-08-28 10:01:42,wishlist,265,s007979
2062,2024-04-22 12:59:22,purchase,361,s007980
2210,2024-08-22 01:40:30,add_to_cart,29,s007981
1784,2024-06-04 17:11:41,add_to_cart,106,s007982
2239,2025-03-27 06:33:24,view,85,s007983
856,2025-08-14 21:06:05,remove_from_cart,273,s007984
208,2024-02-22 08:33:42,view,365,s007985
187,2024-05-31 11:49:58,view,105,s007986
1378,2024-09-27 15:06:35,wishlist,335,s007987
543,2024-07-01 18:05:19,add_to_cart,103,s007988
58,2025-10-03 12:48:45,view,207,s007989
1504,2024-05-11 13:48:59,view,279,s007990
616,2024-03-16 19:37:40,add_to_cart,107,s007991
1447,2025-01-18 20:57:44,purchase,30,s007992
2416,2024-05-11 08:16:40,wishlist,181,s007993
2349,2024-02-13 11:29:58,add_to_cart,283,s007994
1274,2024-05-13 11:32:22,wishlist,82,s007995
691,2025-11-07 20:56:49,purchase,252,s007996
951,2025-05-16 18:43:31,wishlist,4,s007997
623,2024-04-16 22:36:51,view,290,s007998
1225,2025-07-17 18:27:53,add_to_cart,32,s007999
2210,2024-08-07 12:46:49,view,62,s008000
1318,2025-09-03 21:41:56,view,169,s008001
1742,2024-02-19 10:02:51,purchase,321,s008002
2411,2025-06-10 18:29:59,view,60,s008003
1925,2024-01-23 20:14:52,view,322,s008004
1818,2024-01-29 08:14:20,wishlist,334,s008005
1686,2025-10-01 13:13:11,purchase,85,s008006
1555,2024-10-28 11:25:20,view,271,s008007
215,2025-04-28 08:00:23,view,396,s008008
834,2024-09-11 19:36:53,view,240,s008009
712,2024-01-05 14:11:30,purchase,384,s008010
1930,2025-06-29 18:03:06,view,255,s008011
1599,2025-01-21 20:47:42,add_to_cart,22,s008012
458,2025-10-14 08:08:57,view,346,s008013
1888,2024-12-30 20:11:39,view,172,s008014
733,2024-06-22 09:40:02,view,251,s008015
720,2024-04-18 00:18:34,purchase,291,s008016
369,2025-10-06 06:01:33,purchase,350,s008017
1544,2024-03-04 20:07:27,view,331,s008018
1133,2024-10-07 22:09:28,purchase,393,s008019
291,2024-06-06 08:11:19,view,262,s008020
1422,2024-04-07 15:11:27,add_to_cart,105,s008021
333,2025-10-24 21:44:21,view,180,s008022
360,2024-07-20 22:04:11,view,297,s008023
1258,2025-04-29 05:41:22,view,157,s008024
772,2025-11-14 16:01:31,remove_from_cart,301,s008025
780,2025-10-21 09:36:38,purchase,35,s008026
802,2024-11-21 20:31:46,view,351,s008027
2416,2025-06-22 23:36:42,purchase,308,s008028
497,2025-12-12 22:21:33,view,100,s008029
2013,2025-02-01 21:23:32,view,135,s008030
2146,2025-12-02 13:40:18,view,92,s008031
801,2024-11-18 17:36:00,purchase,337,s008032
464,2025-09-04 08:00:35,purchase,154,s008033
322,2025-09-06 09:40:34,view,71,s008034
187,2024-03-03 19:50:44,view,169,s008035
2104,2025-02-27 10:22:26,purchase,17,s008036
75,2025-02-27 11:12:18,view,176,s008037
1000,2024-10-29 05:48:27,view,186,s008038
1304,2024-04-29 19:21:30,purchase,125,s008039
1112,2024-02-03 09:39:10,view,4,s008040
276,2025-11-11 20:30:36,view,23,s008041
1856,2024-06-20 21:35:02,view,295,s008042
272,2025-04-24 12:27:29,view,340,s008043
1491,2025-09-21 10:42:33,add_to_cart,221,s008044
100,2025-07-23 10:15:39,wishlist,61,s008045
144,2025-09-23 09:56:55,wishlist,176,s008046
1458,2024-04-11 20:12:52,view,365,s008047
1200,2024-09-21 08:18:22,remove_from_cart,1,s008048
349,2025-01-06 17:19:36,view,247,s008049
1303,2024-02-25 09:58:04,view,68,s008050
984,2024-11-25 01:42:02,view,258,s008051
2252,2024-11-26 18:12:17,purchase,65,s008052
1332,2024-01-18 11:29:55,view,266,s008053
1264,2025-03-01 22:10:58,wishlist,327,s008054
1317,2024-01-01 08:54:18,wishlist,362,s008055
1854,2024-11-13 19:31:40,add_to_cart,245,s008056
921,2024-03-05 20:23:30,view,362,s008057
326,2024-09-02 14:52:18,purchase,152,s008058
2027,2024-04-25 10:24:20,add_to_cart,234,s008059
2465,2025-05-24 10:24:49,view,266,s008060
283,2025-01-28 07:57:07,view,245,s008061
1051,2024-05-09 19:35:04,add_to_cart,96,s008062
1845,2024-11-04 21:49:24,view,75,s008063
958,2025-11-14 20:59:50,wishlist,370,s008064
508,2024-03-11 00:15:25,purchase,232,s008065
993,2025-07-21 21:51:14,view,324,s008066
2374,2025-06-02 19:35:28,purchase,219,s008067
71,2024-05-02 19:21:12,add_to_cart,53,s008068
2175,2024-09-08 21:39:30,wishlist,125,s008069
1,2025-10-12 08:04:25,wishlist,79,s008070
1016,2025-07-14 22:36:03,view,15,s008071
294,2025-01-07 01:07:40,view,263,s008072
248,2025-10-11 09:04:10,remove_from_cart,94,s008073
37,2025-05-31 18:28:51,wishlist,158,s008074
1453,2025-05-05 09:25:44,add_to_cart,325,s008075
1377,2025-02-07 10:49:10,purchase,134,s008076
2171,2024-11-05 00:45:56,view,351,s008077
2376,2025-07-05 10:27:15,view,174,s008078
1981,2024-12-25 08:21:51,view,33,s008079
106,2024-05-30 21:03:39,add_to_cart,273,s008080
1275,2024-09-22 23:44:30,view,167,s008081
2476,2025-01-27 16:53:34,view,380,s008082
1076,2024-02-28 09:17:05,purchase,80,s008083
1087,2025-02-24 09:20:46,view,65,s008084
1058,2024-08-11 20:52:51,purchase,263,s008085
1195,2025-06-19 17:25:56,add_to_cart,279,s008086
337,2025-05-07 08:17:39,add_to_cart,282,s008087
1144,2024-12-01 21:08:20,purchase,239,s008088
1841,2025-05-17 13:35:23,view,228,s008089
1563,2024-03-08 21:34:03,view,35,s008090
1256,2025-01-31 16:54:38,view,83,s008091
666,2024-02-01 18:31:26,view,193,s008092
2325,2024-02-05 22:32:38,purchase,256,s008093
2254,2025-12-09 10:23:14,remove_from_cart,71,s008094
1819,2024-08-30 08:03:38,view,88,s008095
2452,2024-06-17 18:42:38,view,307,s008096
2205,2025-01-16 04:46:42,purchase,4,s008097
283,2025-07-31 10:20:34,remove_from_cart,267,s008098
674,2025-03-07 17:13:23,view,76,s008099
1373,2024-06-03 12:19:12,view,184,s008100
1666,2025-01-25 18:42:31,view,237,s008101
2489,2024-09-25 07:05:48,wishlist,106,s008102
617,2025-11-04 02:35:50,view,262,s008103
355,2024-12-29 19:41:41,view,120,s008104
583,2025-02-19 10:08:42,wishlist,8,s008105
1014,2025-10-04 09:45:34,add_to_cart,151,s008106
731,2025-07-27 20:11:03,view,46,s008107
1228,2024-07-16 18:08:30,view,248,s008108
1059,2025-11-17 07:11:10,add_to_cart,127,s008109
1827,2024-08-10 22:44:45,remove_from_cart,167,s008110
2090,2024-02-08 20:16:33,view,391,s008111
1422,2024-03-09 17:35:30,view,311,s008112
1537,2025-01-01 20:58:37,wishlist,54,s008113
302,2024-04-30 21:44:31,wishlist,369,s008114
1086,2025-06-22 16:47:50,view,373,s008115
685,2024-04-26 09:53:16,add_to_cart,304,s008116
381,2024-02-08 14:05:49,purchase,208,s008117
733,2025-01-28 12:51:41,view,359,s008118
62,2025-03-15 07:49:54,add_to_cart,303,s008119
1470,2025-01-18 01:22:09,view,250,s008120
338,2025-03-22 09:13:46,view,302,s008121
1984,2025-08-21 14:24:24,view,149,s008122
1230,2024-06-12 17:25:24,view,75,s008123
1168,2025-04-18 05:02:31,view,177,s008124
2104,2024-04-21 19:10:04,view,33,s008125
2,2024-06-28 23:40:05,view,302,s008126
1179,2024-07-17 19:39:14,view,157,s008127
2140,2024-12-13 07:00:27,add_to_cart,166,s008128
2274,2024-07-18 08:53:33,purchase,288,s008129
829,2024-05-30 07:49:16,view,172,s008130
1116,2024-04-04 04:04:43,view,226,s008131
1838,2025-06-19 21:12:34,wishlist,30,s008132
981,2025-01-09 21:59:37,view,348,s008133
1849,2024-03-19 22:38:38,wishlist,304,s008134
543,2024-10-27 12:23:32,purchase,5,s008135
663,2025-11-11 14:18:39,view,323,s008136
1515,2024-09-13 20:10:22,view,188,s008137
1222,2025-03-06 16:58:42,view,214,s008138
2421,2024-05-20 19:06:15,view,161,s008139
1799,2024-01-08 08:22:53,add_to_cart,162,s008140
339,2024-03-31 20:15:45,view,76,s008141
1410,2025-03-23 13:17:51,wishlist,281,s008142
789,2024-01-10 20:50:48,add_to_cart,59,s008143
895,2024-01-26 19:03:49,wishlist,296,s008144
2030,2024-05-28 20:38:23,purchase,245,s008145
1131,2024-02-06 10:24:01,add_to_cart,4,s008146
1274,2025-10-31 20:23:44,view,383,s008147
2286,2025-05-11 09:27:03,purchase,97,s008148
1330,2024-06-05 08:07:08,view,360,s008149
2162,2024-04-03 11:31:15,remove_from_cart,140,s008150
2334,2025-05-26 21:28:35,wishlist,17,s008151
725,2024-12-21 12:52:07,wishlist,157,s008152
8,2025-08-30 19:12:03,wishlist,377,s008153
716,2024-03-31 09:24:55,purchase,186,s008154
1567,2025-09-17 08:18:03,view,282,s008155
860,2024-06-23 09:18:46,view,379,s008156
1737,2025-05-27 09:39:53,view,34,s008157
2152,2024-01-30 17:38:28,add_to_cart,227,s008158
1241,2025-07-08 06:10:20,view,146,s008159
1536,2024-04-03 02:29:39,view,195,s008160
1926,2024-03-07 09:19:58,add_to_cart,203,s008161
2208,2024-08-27 05:57:09,view,368,s008162
2021,2024-02-03 09:13:45,wishlist,275,s008163
977,2024-06-29 20:11:49,view,167,s008164
1953,2024-05-20 08:12:42,add_to_cart,371,s008165
540,2025-05-02 09:38:24,purchase,233,s008166
1546,2025-08-11 17:15:35,view,241,s008167
2258,2024-09-02 14:44:52,add_to_cart,280,s008168
2077,2025-07-20 19:49:12,add_to_cart,349,s008169
639,2024-06-13 11:57:31,wishlist,291,s008170
141,2025-08-14 09:06:08,wishlist,331,s008171
1674,2024-11-22 08:38:42,view,290,s008172
2191,2024-09-11 10:00:05,view,45,s008173
2244,2025-10-06 17:02:07,remove_from_cart,301,s008174
98,2024-03-09 17:44:56,add_to_cart,350,s008175
927,2025-01-18 06:27:52,purchase,101,s008176
1798,2024-04-04 10:55:48,remove_from_cart,361,s008177
253,2024-02-20 07:26:49,add_to_cart,99,s008178
347,2024-01-17 08:17:59,view,352,s008179
1401,2024-04-25 08:32:19,wishlist,85,s008180
2201,2025-03-03 20:54:56,view,219,s008181
685,2024-10-23 23:42:22,wishlist,37,s008182
198,2025-09-22 13:35:00,view,227,s008183
2310,2025-05-04 10:10:49,view,330,s008184
524,2025-06-13 13:28:03,view,286,s008185
967,2024-12-01 16:55:24,view,74,s008186
2446,2024-09-26 15:44:24,remove_from_cart,32,s008187
2228,2025-03-10 14:24:53,view,52,s008188
689,2025-09-06 21:29:43,view,45,s008189
2358,2024-04-23 20:22:12,view,184,s008190
1608,2025-06-18 20:39:55,purchase,226,s008191
1165,2025-01-14 10:27:33,add_to_cart,132,s008192
1344,2024-03-26 18:31:55,wishlist,133,s008193
2304,2025-07-14 10:27:34,add_to_cart,390,s008194
1994,2024-07-07 20:17:34,view,21,s008195
1763,2025-08-24 23:44:02,view,151,s008196
1654,2025-06-13 07:22:26,view,225,s008197
228,2025-08-09 09:11:10,remove_from_cart,163,s008198
1472,2024-02-17 12:58:07,wishlist,97,s008199
2172,2024-10-03 20:07:16,wishlist,64,s008200
212,2024-04-25 23:46:11,view,318,s008201
1642,2025-02-09 09:38:07,view,262,s008202
2126,2025-07-26 20:42:15,purchase,320,s008203
880,2024-05-24 14:09:16,add_to_cart,288,s008204
131,2024-03-25 09:16:00,wishlist,71,s008205
150,2024-12-13 17:06:15,purchase,353,s008206
195,2024-12-23 22:41:35,view,384,s008207
1937,2024-09-18 19:41:54,view,293,s008208
1151,2025-02-01 06:28:16,view,322,s008209
531,2024-09-20 22:56:20,view,341,s008210
2191,2025-08-23 05:00:56,view,176,s008211
467,2025-08-23 10:02:28,add_to_cart,113,s008212
1083,2025-10-09 20:25:15,view,92,s008213
2013,2024-11-24 21:16:32,view,161,s008214
1494,2025-06-21 11:21:56,add_to_cart,349,s008215
2031,2025-09-28 18:46:37,add_to_cart,277,s008216
996,2024-09-30 15:27:27,wishlist,82,s008217
705,2025-05-15 18:16:40,view,293,s008218
635,2025-10-25 21:46:28,wishlist,144,s008219
849,2024-03-01 19:44:51,wishlist,384,s008220
1977,2024-12-31 12:08:54,view,239,s008221
32,2024-10-08 14:47:21,add_to_cart,73,s008222
259,2024-09-15 19:03:09,view,31,s008223
1513,2024-08-04 20:50:00,wishlist,210,s008224
1922,2024-07-23 08:04:16,view,340,s008225
1063,2025-06-28 10:02:57,view,387,s008226
1117,2024-06-30 20:13:51,view,380,s008227
1829,2025-04-13 09:34:17,wishlist,392,s008228
1806,2024-11-10 07:03:27,view,167,s008229
2277,2024-11-04 14:59:27,wishlist,101,s008230
1605,2025-11-30 21:47:47,view,293,s008231
516,2025-05-03 09:03:34,view,400,s008232
908,2025-03-07 20:01:22,view,332,s008233
260,2024-05-14 18:44:58,view,194,s008234
206,2024-06-09 08:55:10,view,136,s008235
1786,2024-10-24 02:56:52,wishlist,223,s008236
1659,2024-01-07 12:24:10,view,130,s008237
2272,2025-04-07 12:33:00,view,387,s008238
802,2024-09-26 20:30:23,add_to_cart,54,s008239
1873,2024-11-19 13:28:28,add_to_cart,259,s008240
2212,2024-04-02 08:43:40,view,124,s008241
2410,2024-04-30 22:09:36,view,251,s008242
1084,2024-04-06 18:37:35,add_to_cart,269,s008243
1672,2025-09-21 07:13:37,view,64,s008244
1114,2024-03-24 11:56:42,add_to_cart,118,s008245
1648,2024-07-29 22:23:45,add_to_cart,338,s008246
2097,2024-04-14 15:44:32,view,37,s008247
1989,2024-06-03 08:35:34,wishlist,245,s008248
1869,2024-10-20 03:06:49,view,393,s008249
822,2024-04-08 11:15:39,wishlist,182,s008250
1342,2025-08-14 05:01:58,purchase,69,s008251
2322,2024-09-02 16:49:48,view,222,s008252
2178,2025-04-12 09:46:04,wishlist,371,s008253
1598,2025-05-11 22:13:51,wishlist,178,s008254
207,2024-07-09 08:02:00,view,47,s008255
2447,2024-04-18 19:12:00,view,172,s008256
739,2025-04-29 21:52:35,add_to_cart,154,s008257
978,2025-08-30 08:18:29,view,143,s008258
1336,2025-03-30 07:56:40,view,359,s008259
2102,2025-11-12 20:22:39,add_to_cart,185,s008260
383,2025-01-16 22:26:40,wishlist,46,s008261
127,2024-12-17 09:27:34,view,65,s008262
287,2025-12-05 07:58:46,wishlist,325,s008263
2225,2025-11-09 19:31:49,view,120,s008264
2009,2025-03-17 17:57:00,view,347,s008265
1176,2025-06-12 08:18:24,view,9,s008266
2167,2025-10-26 10:14:13,add_to_cart,63,s008267
827,2024-04-15 03:02:25,view,13,s008268
2456,2024-06-20 21:14:38,view,372,s008269
410,2024-08-10 10:54:58,view,7,s008270
951,2025-08-08 13:25:31,view,112,s008271
203,2024-03-01 12:59:24,view,370,s008272
306,2025-03-04 11:57:02,add_to_cart,161,s008273
1715,2025-05-02 09:51:47,add_to_cart,239,s008274
1407,2024-07-07 18:12:46,view,395,s008275
430,2024-05-23 22:04:45,view,312,s008276
1372,2024-08-29 10:07:41,view,138,s008277
923,2024-06-19 18:11:14,view,84,s008278
1708,2024-04-05 23:24:52,view,105,s008279
1776,2025-11-20 21:45:56,remove_from_cart,105,s008280
1363,2025-12-07 19:10:29,remove_from_cart,65,s008281
1073,2025-11-07 14:25:26,wishlist,270,s008282
191,2025-11-26 19:20:56,view,394,s008283
2348,2024-05-13 18:17:18,add_to_cart,85,s008284
284,2024-09-18 10:19:48,add_to_cart,232,s008285
749,2024-02-11 09:57:59,add_to_cart,246,s008286
1943,2025-01-14 21:42:58,view,215,s008287
1025,2024-06-09 22:59:30,wishlist,276,s008288
1713,2024-07-05 21:29:41,view,306,s008289
869,2024-05-24 13:58:32,view,46,s008290
224,2025-08-05 00:10:03,wishlist,78,s008291
1649,2025-07-31 02:48:08,add_to_cart,150,s008292
2125,2024-06-20 12:23:31,add_to_cart,349,s008293
155,2024-02-26 20:33:00,view,372,s008294
882,2025-08-18 21:58:35,remove_from_cart,385,s008295
342,2025-08-28 13:37:26,view,335,s008296
22,2025-01-12 23:40:44,view,153,s008297
211,2024-10-16 22:29:42,add_to_cart,253,s008298
768,2024-09-23 19:47:14,add_to_cart,280,s008299
188,2025-05-28 21:34:47,add_to_cart,297,s008300
2368,2024-09-21 14:28:45,wishlist,171,s008301
849,2024-11-29 23:45:21,purchase,14,s008302
151,2025-06-03 21:13:31,add_to_cart,365,s008303
1272,2025-10-16 15:02:03,wishlist,308,s008304
1226,2025-02-06 16:27:41,add_to_cart,72,s008305
208,2024-07-10 01:30:32,add_to_cart,350,s008306
931,2024-08-24 20:41:48,add_to_cart,298,s008307
2484,2024-11-19 09:46:45,purchase,52,s008308
2165,2025-02-22 22:53:49,view,338,s008309
1448,2025-09-30 21:36:58,wishlist,80,s008310
1315,2025-07-23 00:42:58,remove_from_cart,314,s008311
1811,2024-07-10 07:34:47,add_to_cart,250,s008312
1003,2025-07-05 11:56:17,view,21,s008313
39,2025-10-05 22:38:24,wishlist,104,s008314
316,2025-03-29 09:11:12,add_to_cart,374,s008315
492,2025-11-07 09:08:40,view,206,s008316
604,2024-09-14 21:10:40,add_to_cart,310,s008317
2144,2024-06-20 23:27:18,view,354,s008318
958,2024-09-21 11:19:28,remove_from_cart,280,s008319
2488,2024-12-03 18:16:06,add_to_cart,390,s008320
829,2025-09-04 07:34:54,wishlist,171,s008321
739,2024-10-07 09:08:12,purchase,266,s008322
420,2025-10-26 08:44:21,view,313,s008323
2176,2025-02-28 17:02:33,view,226,s008324
1579,2024-12-24 05:39:00,add_to_cart,250,s008325
446,2025-11-18 20:24:43,add_to_cart,138,s008326
263,2024-02-15 09:40:55,view,13,s008327
499,2024-05-28 23:49:57,wishlist,171,s008328
1210,2024-07-19 15:41:05,add_to_cart,349,s008329
1217,2024-02-26 11:51:52,wishlist,41,s008330
1411,2024-09-02 09:05:18,view,248,s008331
1872,2024-09-21 11:35:58,view,147,s008332
1309,2025-01-17 20:24:51,purchase,256,s008333
924,2025-10-10 09:29:36,add_to_cart,156,s008334
963,2025-02-12 19:36:28,wishlist,103,s008335
1838,2025-10-22 22:45:18,purchase,189,s008336
820,2025-10-30 20:17:58,wishlist,239,s008337
2038,2025-10-16 09:53:54,view,51,s008338
2371,2024-08-06 20:05:36,add_to_cart,211,s008339
2156,2024-03-03 19:58:29,add_to_cart,395,s008340
951,2024-08-31 11:16:28,view,20,s008341
245,2025-06-26 13:43:51,purchase,400,s008342
1076,2025-03-01 21:01:06,add_to_cart,64,s008343
404,2024-08-18 18:48:39,wishlist,352,s008344
295,2025-11-02 21:44:04,add_to_cart,282,s008345
1818,2025-02-15 12:16:50,wishlist,164,s008346
2177,2024-10-10 16:19:46,view,168,s008347
805,2025-08-25 20:10:55,view,314,s008348
89,2024-05-09 19:47:31,wishlist,264,s008349
2266,2025-09-01 19:45:19,wishlist,394,s008350
686,2024-06-20 23:19:46,purchase,23,s008351
2297,2024-11-19 22:36:44,wishlist,350,s008352
1368,2025-12-01 01:31:28,view,56,s008353
1773,2024-04-07 00:22:47,wishlist,358,s008354
1583,2024-09-19 09:40:11,view,90,s008355
1457,2025-05-27 09:02:05,view,46,s008356
2484,2025-12-05 07:40:44,view,342,s008357
317,2024-07-08 19:51:56,purchase,66,s008358
1101,2024-10-01 22:01:33,wishlist,61,s008359
1634,2025-10-28 19:30:12,wishlist,139,s008360
1950,2024-07-23 11:06:28,add_to_cart,327,s008361
2292,2025-12-13 21:44:08,view,331,s008362
1885,2025-11-11 01:17:48,view,151,s008363
1850,2025-04-09 09:54:54,add_to_cart,47,s008364
1875,2025-02-20 06:51:29,purchase,325,s008365
1813,2024-06-25 09:25:00,purchase,92,s008366
2208,2025-10-02 20:39:11,view,293,s008367
777,2025-11-02 13:52:23,view,259,s008368
950,2025-08-06 20:32:31,wishlist,88,s008369
2140,2024-08-02 19:08:04,view,255,s008370
1086,2024-08-14 20:49:50,wishlist,131,s008371
422,2024-08-08 07:24:24,add_to_cart,377,s008372
1097,2025-05-27 15:48:46,view,174,s008373
1125,2024-02-09 17:07:44,view,46,s008374
1450,2025-02-08 08:32:37,view,133,s008375
864,2024-06-06 12:09:37,view,379,s008376
295,2025-07-04 07:46:15,add_to_cart,389,s008377
179,2024-06-10 15:08:04,view,284,s008378
633,2025-11-17 22:45:52,purchase,363,s008379
1139,2025-04-30 11:25:58,view,38,s008380
2081,2024-01-13 17:00:20,view,340,s008381
34,2025-01-16 13:57:21,view,196,s008382
1749,2025-05-04 09:49:35,view,308,s008383
1010,2024-03-28 21:46:30,wishlist,34,s008384
2043,2025-11-02 09:28:36,wishlist,255,s008385
2268,2025-08-09 00:56:32,view,303,s008386
859,2025-10-18 17:07:23,remove_from_cart,263,s008387
1547,2024-04-11 16:06:13,purchase,305,s008388
684,2024-03-26 09:23:17,view,343,s008389
679,2024-09-20 08:21:13,view,299,s008390
1277,2025-01-26 16:00:22,view,143,s008391
1318,2024-03-06 20:47:11,view,259,s008392
2116,2025-10-27 05:18:54,remove_from_cart,113,s008393
1716,2024-07-19 21:52:41,purchase,181,s008394
1008,2024-04-21 16:14:10,view,264,s008395
2197,2024-09-16 11:44:05,view,20,s008396
1992,2025-11-23 13:29:18,view,51,s008397
1598,2024-07-18 19:02:56,view,87,s008398
1682,2025-10-01 17:17:56,view,354,s008399
2015,2024-11-05 20:03:03,view,279,s008400
1950,2025-10-08 08:08:23,view,319,s008401
1993,2025-07-23 11:35:09,add_to_cart,209,s008402
2298,2024-07-04 18:35:50,view,314,s008403
2312,2025-08-25 00:28:55,view,73,s008404
1626,2025-04-09 21:22:25,purchase,337,s008405
1316,2025-04-29 16:10:10,wishlist,262,s008406
936,2024-02-04 07:17:42,view,144,s008407
333,2024-12-21 09:43:31,view,338,s008408
740,2025-04-03 21:14:23,purchase,199,s008409
2298,2024-04-26 20:29:01,remove_from_cart,142,s008410
2207,2025-04-07 09:00:55,view,247,s008411
1473,2025-08-05 09:53:36,view,286,s008412
1939,2024-01-19 10:11:24,remove_from_cart,169,s008413
1787,2025-01-12 06:55:22,view,203,s008414
2435,2025-07-22 05:29:52,add_to_cart,319,s008415
1145,2025-09-16 13:59:42,wishlist,178,s008416
2141,2025-08-08 20:44:01,view,283,s008417
182,2024-06-07 12:13:43,purchase,7,s008418
2307,2024-11-13 19:14:09,add_to_cart,153,s008419
355,2024-11-19 15:54:05,view,253,s008420
1650,2025-02-16 07:51:31,purchase,211,s008421
1488,2024-10-12 09:54:05,add_to_cart,292,s008422
1677,2024-08-19 19:37:57,view,378,s008423
759,2024-05-14 22:24:16,view,55,s008424
2478,2024-11-30 19:28:44,add_to_cart,119,s008425
272,2024-03-20 08:54:16,view,146,s008426
1803,2025-10-12 22:37:47,view,267,s008427
1458,2025-04-06 16:11:02,view,180,s008428
1776,2024-02-03 08:04:28,view,295,s008429
214,2025-06-28 20:54:36,wishlist,49,s008430
1892,2025-05-14 10:58:35,view,361,s008431
259,2025-08-05 18:33:06,purchase,260,s008432
1675,2025-08-03 04:00:36,remove_from_cart,123,s008433
513,2025-10-27 18:27:03,wishlist,282,s008434
1122,2024-02-14 21:38:42,add_to_cart,2,s008435
2407,2025-10-24 20:56:52,view,255,s008436
479,2024-09-19 11:32:40,purchase,287,s008437
719,2025-04-08 23:28:32,add_to_cart,25,s008438
370,2025-04-15 16:18:04,wishlist,338,s008439
2208,2024-02-02 22:48:20,view,356,s008440
1483,2024-01-19 21:27:38,view,229,s008441
2254,2024-04-18 17:16:19,remove_from_cart,345,s008442
2172,2025-09-03 22:16:33,view,352,s008443
1117,2024-05-07 21:29:04,view,6,s008444
2145,2024-04-01 19:54:37,wishlist,175,s008445
1649,2024-08-08 05:11:00,purchase,103,s008446
764,2024-08-16 15:41:08,wishlist,187,s008447
2418,2025-04-18 06:26:47,wishlist,284,s008448
688,2025-11-05 12:46:41,purchase,274,s008449
1823,2024-03-26 20:49:53,view,318,s008450
23,2024-01-19 15:45:16,view,26,s008451
678,2024-08-03 18:54:04,wishlist,32,s008452
2086,2025-11-21 21:47:34,add_to_cart,112,s008453
28,2025-05-09 15:39:36,remove_from_cart,174,s008454
1311,2024-03-29 12:22:09,add_to_cart,34,s008455
1271,2025-10-17 05:17:44,purchase,170,s008456
2002,2025-06-28 18:37:55,wishlist,240,s008457
240,2025-01-12 09:44:33,view,109,s008458
472,2025-03-24 01:00:06,purchase,297,s008459
2330,2024-03-03 18:13:43,view,376,s008460
341,2025-12-10 08:58:02,wishlist,301,s008461
2284,2025-10-10 12:20:37,view,296,s008462
690,2024-05-21 08:45:16,wishlist,120,s008463
1837,2024-05-21 20:20:29,remove_from_cart,359,s008464
2194,2025-03-20 15:02:12,purchase,302,s008465
1955,2024-09-07 08:07:29,add_to_cart,72,s008466
686,2024-04-20 19:47:04,purchase,310,s008467
1104,2025-07-07 13:46:44,wishlist,158,s008468
2482,2024-05-05 12:42:58,view,160,s008469
577,2025-05-29 08:03:18,wishlist,169,s008470
2500,2025-03-05 11:09:49,add_to_cart,16,s008471
2163,2024-05-13 19:02:36,add_to_cart,21,s008472
6,2025-06-02 09:23:09,view,80,s008473
1263,2025-09-03 13:48:42,view,284,s008474
1068,2025-07-13 15:34:31,add_to_cart,155,s008475
724,2024-09-02 12:54:23,purchase,222,s008476
59,2025-05-28 15:15:57,view,184,s008477
1209,2025-11-20 10:17:26,view,125,s008478
1474,2024-09-08 09:18:35,view,82,s008479
1447,2025-09-29 09:41:57,purchase,128,s008480
1534,2025-04-15 20:34:53,view,151,s008481
1741,2024-06-01 20:36:19,purchase,328,s008482
2181,2024-06-16 20:40:41,wishlist,342,s008483
761,2024-04-30 11:44:43,purchase,46,s008484
1368,2025-04-01 14:01:11,purchase,245,s008485
1161,2025-07-04 23:06:57,purchase,145,s008486
795,2024-11-12 10:17:33,add_to_cart,92,s008487
917,2025-05-14 22:31:51,add_to_cart,245,s008488
1796,2024-05-15 06:22:52,remove_from_cart,287,s008489
1500,2025-01-07 20:35:58,view,206,s008490
213,2025-03-10 10:11:36,add_to_cart,244,s008491
1887,2024-01-02 09:10:44,add_to_cart,394,s008492
2322,2024-09-16 19:53:40,add_to_cart,88,s008493
86,2024-12-04 14:31:54,view,353,s008494
1432,2025-05-10 15:14:37,wishlist,392,s008495
707,2025-09-30 08:14:28,view,176,s008496
348,2025-08-16 21:06:15,add_to_cart,346,s008497
480,2025-07-12 09:16:58,add_to_cart,56,s008498
2475,2024-06-10 22:54:40,add_to_cart,254,s008499
184,2024-06-10 09:58:19,view,90,s008500
2177,2024-10-31 23:17:43,view,314,s008501
2210,2024-12-28 14:00:08,add_to_cart,139,s008502
2230,2025-11-25 07:46:01,add_to_cart,9,s008503
579,2024-12-01 07:35:39,view,85,s008504
1471,2024-03-06 09:16:22,add_to_cart,77,s008505
448,2024-02-04 10:36:27,view,357,s008506
394,2025-11-27 17:39:25,view,20,s008507
369,2024-02-02 22:24:50,add_to_cart,86,s008508
303,2024-05-13 07:49:08,add_to_cart,306,s008509
2421,2025-03-09 10:09:27,add_to_cart,231,s008510
472,2025-07-16 06:43:08,view,37,s008511
1040,2024-03-27 01:33:00,add_to_cart,336,s008512
502,2024-12-27 14:33:30,view,121,s008513
229,2024-04-23 08:04:14,remove_from_cart,119,s008514
1840,2025-09-01 20:36:02,view,311,s008515
595,2024-09-29 15:40:07,view,383,s008516
329,2024-03-11 03:59:45,view,263,s008517
1125,2024-12-16 21:39:46,add_to_cart,273,s008518
1495,2024-04-21 03:06:01,remove_from_cart,361,s008519
940,2024-03-12 11:22:32,view,397,s008520
316,2025-04-05 21:10:32,purchase,13,s008521
2440,2025-11-10 19:19:02,view,341,s008522
1540,2025-12-01 10:46:01,add_to_cart,124,s008523
2052,2024-06-07 08:07:35,view,81,s008524
2474,2025-11-18 07:24:58,view,32,s008525
1400,2025-04-28 20:23:25,wishlist,372,s008526
1033,2025-03-27 10:33:56,purchase,168,s008527
359,2024-05-10 03:09:36,wishlist,350,s008528
1486,2024-03-05 11:57:15,wishlist,204,s008529
1985,2025-09-05 20:51:22,add_to_cart,83,s008530
330,2025-04-20 21:09:12,purchase,145,s008531
1175,2025-08-24 17:56:55,view,179,s008532
1117,2024-11-06 18:47:27,view,395,s008533
427,2025-05-20 14:20:22,view,210,s008534
1829,2024-07-06 15:35:57,add_to_cart,214,s008535
1856,2025-09-05 17:09:38,view,199,s008536
138,2025-07-10 15:36:23,add_to_cart,264,s008537
2190,2024-12-07 04:17:53,purchase,393,s008538
1370,2024-08-19 20:37:27,view,306,s008539
2187,2025-06-22 07:33:58,view,269,s008540
2168,2024-04-03 18:12:56,view,262,s008541
2411,2024-05-29 02:36:23,add_to_cart,224,s008542
249,2025-11-23 02:22:32,view,171,s008543
1871,2024-06-03 07:11:23,view,297,s008544
1955,2025-05-08 04:37:07,wishlist,175,s008545
1475,2024-04-19 09:03:49,view,277,s008546
2417,2025-11-10 09:46:49,view,49,s008547
190,2025-10-18 19:42:10,add_to_cart,307,s008548
1612,2024-12-28 10:51:02,remove_from_cart,82,s008549
72,2025-03-29 09:15:54,view,384,s008550
715,2025-06-22 20:00:32,view,197,s008551
1810,2024-07-27 16:23:25,purchase,93,s008552
1352,2025-12-12 10:33:27,purchase,207,s008553
244,2024-09-04 18:13:56,purchase,67,s008554
1556,2025-12-08 15:00:00,add_to_cart,386,s008555
1036,2025-09-04 20:26:35,purchase,282,s008556
2260,2025-02-08 06:26:22,wishlist,344,s008557
475,2025-05-27 21:42:12,add_to_cart,43,s008558
826,2025-04-19 09:47:14,view,53,s008559
2076,2025-05-04 09:30:31,view,206,s008560
210,2025-09-06 11:56:58,add_to_cart,154,s008561
2328,2024-05-07 17:15:01,view,302,s008562
2487,2025-11-15 10:23:38,view,187,s008563
465,2024-10-16 07:31:13,view,160,s008564
440,2024-09-26 15:51:18,wishlist,192,s008565
1196,2025-08-09 01:57:45,wishlist,173,s008566
1007,2025-03-17 08:11:17,view,151,s008567
810,2025-12-10 08:03:11,add_to_cart,257,s008568
1915,2024-05-30 09:38:16,view,350,s008569
1812,2025-04-13 20:29:34,view,121,s008570
2135,2025-10-04 17:41:11,purchase,251,s008571
2278,2024-06-21 09:13:06,purchase,168,s008572
1700,2025-10-02 17:04:03,view,144,s008573
1746,2025-07-18 14:45:12,wishlist,11,s008574
2366,2024-12-07 17:34:47,view,278,s008575
23,2025-07-24 10:15:46,view,240,s008576
1500,2024-02-17 21:39:35,wishlist,381,s008577
2050,2025-04-07 12:57:34,view,244,s008578
2472,2025-01-14 20:24:32,add_to_cart,128,s008579
898,2024-07-12 23:46:46,wishlist,24,s008580
31,2025-05-03 12:24:32,purchase,212,s008581
1009,2024-12-17 22:31:43,view,176,s008582
979,2024-03-15 17:28:50,add_to_cart,37,s008583
491,2024-06-17 20:44:26,view,258,s008584
2199,2024-12-12 20:22:05,add_to_cart,239,s008585
1845,2024-08-13 08:21:34,view,284,s008586
1866,2025-09-03 20:43:25,view,237,s008587
1413,2025-11-09 22:59:32,add_to_cart,23,s008588
172,2025-07-05 09:20:21,view,330,s008589
2496,2025-04-11 20:54:42,purchase,246,s008590
1989,2024-08-19 21:19:11,view,201,s008591
164,2024-01-10 20:42:33,add_to_cart,83,s008592
702,2025-04-16 22:49:02,remove_from_cart,367,s008593
534,2024-06-05 22:41:07,wishlist,138,s008594
1979,2024-10-02 15:37:59,purchase,294,s008595
2148,2024-10-13 19:35:56,view,358,s008596
471,2024-02-10 06:27:37,view,131,s008597
63,2025-07-14 18:35:35,view,46,s008598
13,2025-04-19 16:48:17,wishlist,37,s008599
611,2024-06-12 12:01:20,purchase,185,s008600
1988,2025-08-14 17:04:39,view,315,s008601
1944,2024-12-04 08:06:18,wishlist,188,s008602
619,2024-09-17 20:40:48,add_to_cart,27,s008603
1821,2024-02-15 21:19:58,remove_from_cart,244,s008604
213,2025-06-05 08:10:45,purchase,228,s008605
1403,2025-07-18 21:23:51,purchase,399,s008606
632,2024-02-02 15:41:39,view,366,s008607
578,2024-08-15 16:23:03,add_to_cart,59,s008608
2162,2025-02-10 10:39:34,view,202,s008609
1395,2025-07-24 10:44:06,view,13,s008610
2372,2025-10-30 14:24:28,purchase,89,s008611
1803,2025-04-16 14:38:50,wishlist,252,s008612
134,2024-09-19 07:29:31,add_to_cart,347,s008613
2498,2024-11-01 11:54:05,add_to_cart,144,s008614
1973,2025-05-29 09:12:24,remove_from_cart,397,s008615
2090,2024-02-21 20:52:38,view,249,s008616
1362,2025-02-08 09:45:02,view,285,s008617
258,2025-10-17 16:56:18,view,125,s008618
536,2024-09-01 17:38:52,view,253,s008619
595,2024-11-01 10:37:33,wishlist,155,s008620
79,2024-01-13 21:35:33,view,60,s008621
1251,2025-10-28 05:39:11,wishlist,138,s008622
1732,2024-03-06 19:32:25,view,119,s008623
2265,2025-05-29 08:20:01,add_to_cart,388,s008624
1222,2025-02-26 19:04:19,view,71,s008625
2389,2024-05-31 20:37:05,view,292,s008626
32,2024-08-17 18:26:12,wishlist,399,s008627
2237,2025-01-25 18:44:45,wishlist,214,s008628
2071,2024-09-12 17:05:32,view,158,s008629
1550,2024-05-11 20:12:49,view,57,s008630
1078,2024-12-06 22:55:01,view,13,s008631
871,2024-01-01 20:57:37,wishlist,95,s008632
1925,2024-04-07 20:39:31,view,152,s008633
299,2024-06-30 21:33:53,view,4,s008634
1906,2024-11-06 21:57:35,wishlist,232,s008635
863,2024-04-23 08:40:28,view,322,s008636
994,2024-01-11 20:00:28,view,150,s008637
239,2025-03-20 19:09:43,add_to_cart,81,s008638
1406,2025-04-10 17:14:43,view,231,s008639
1218,2024-03-09 19:43:09,purchase,38,s008640
38,2025-06-04 19:57:24,view,181,s008641
2238,2024-03-05 20:59:24,view,140,s008642
1805,2024-08-07 07:18:03,view,53,s008643
749,2025-11-02 13:59:14,wishlist,204,s008644
1841,2025-02-12 09:28:57,view,274,s008645
989,2025-06-20 20:53:41,view,125,s008646
2499,2024-11-03 16:29:45,view,338,s008647
481,2025-11-06 18:56:19,view,311,s008648
1763,2024-10-15 22:48:20,view,190,s008649
2036,2025-01-14 20:40:39,view,216,s008650
2114,2025-04-07 09:08:59,view,180,s008651
219,2024-10-16 10:06:12,view,142,s008652
909,2025-02-08 22:59:45,wishlist,271,s008653
1560,2025-01-08 06:23:44,add_to_cart,38,s008654
2229,2024-06-02 15:29:42,add_to_cart,283,s008655
103,2024-04-27 14:22:42,purchase,85,s008656
2233,2024-12-16 00:59:03,view,387,s008657
301,2024-12-11 10:01:23,view,275,s008658
1375,2024-02-27 09:54:02,add_to_cart,287,s008659
415,2025-03-05 06:02:32,wishlist,6,s008660
2023,2025-07-04 22:35:31,view,301,s008661
1669,2024-04-04 18:54:15,view,125,s008662
2257,2025-04-10 17:48:02,view,123,s008663
943,2025-04-26 18:27:03,view,286,s008664
601,2024-01-21 19:44:51,view,231,s008665
2268,2025-11-15 14:04:53,view,341,s008666
1458,2025-05-11 18:45:42,add_to_cart,356,s008667
946,2025-11-19 10:09:05,view,87,s008668
2236,2025-01-16 15:14:39,wishlist,111,s008669
880,2024-12-05 08:55:16,view,147,s008670
44,2025-01-23 07:30:17,purchase,18,s008671
1484,2024-09-08 19:30:15,add_to_cart,316,s008672
911,2025-08-23 21:28:27,view,109,s008673
2120,2025-10-30 20:38:43,add_to_cart,10,s008674
1670,2025-11-02 21:19:40,view,10,s008675
2300,2025-05-04 20:28:49,remove_from_cart,324,s008676
73,2025-10-04 11:31:35,add_to_cart,19,s008677
1695,2025-05-13 15:07:07,view,277,s008678
204,2024-08-08 10:54:34,view,65,s008679
2088,2024-03-23 12:12:41,view,292,s008680
1935,2024-03-06 13:45:34,view,205,s008681
1907,2025-07-03 20:40:13,view,388,s008682
2281,2024-08-22 18:55:48,view,92,s008683
918,2024-05-14 19:28:36,view,128,s008684
1999,2025-11-12 23:56:08,view,146,s008685
673,2025-04-24 10:57:51,add_to_cart,70,s008686
1011,2025-07-14 18:48:42,wishlist,317,s008687
557,2025-03-30 07:30:24,wishlist,195,s008688
1611,2024-05-09 00:51:18,wishlist,101,s008689
1287,2024-03-30 17:52:17,add_to_cart,390,s008690
1878,2024-02-02 16:52:50,view,354,s008691
437,2024-03-27 15:47:24,add_to_cart,372,s008692
1176,2024-02-19 18:19:41,wishlist,392,s008693
1024,2025-08-24 20:32:38,purchase,373,s008694
2254,2025-07-07 05:24:47,view,42,s008695
825,2024-12-13 20:41:24,remove_from_cart,111,s008696
1752,2024-09-26 18:34:22,remove_from_cart,395,s008697
2333,2025-12-10 10:19:48,purchase,175,s008698
1502,2025-02-06 18:10:35,view,233,s008699
142,2024-11-21 18:26:02,view,377,s008700
1574,2025-10-20 12:29:29,add_to_cart,230,s008701
290,2024-12-08 14:56:43,purchase,306,s008702
499,2025-05-22 08:50:31,wishlist,156,s008703
2421,2024-01-01 12:20:42,wishlist,191,s008704
634,2024-10-27 11:20:28,wishlist,24,s008705
103,2025-02-04 19:54:53,purchase,93,s008706
112,2024-10-09 08:12:37,purchase,180,s008707
1017,2024-08-08 13:02:23,add_to_cart,286,s008708
1547,2025-04-20 19:23:18,add_to_cart,79,s008709
432,2024-11-06 21:06:50,add_to_cart,301,s008710
1962,2024-10-13 14:57:08,add_to_cart,26,s008711
439,2025-02-12 09:47:53,remove_from_cart,245,s008712
2430,2025-02-27 14:08:16,view,223,s008713
1481,2025-10-21 18:11:39,view,11,s008714
685,2025-09-23 16:06:15,view,182,s008715
713,2024-03-04 09:09:41,add_to_cart,264,s008716
2377,2025-08-05 12:19:04,purchase,14,s008717
585,2024-10-02 18:02:20,view,332,s008718
1112,2024-09-05 05:56:12,wishlist,277,s008719
183,2025-05-08 19:43:56,view,12,s008720
1901,2024-01-25 05:06:48,view,296,s008721
1038,2025-09-04 09:13:09,view,68,s008722
2487,2024-01-24 18:09:36,view,216,s008723
1981,2024-10-17 21:30:15,purchase,109,s008724
982,2024-09-09 23:13:18,add_to_cart,230,s008725
1713,2025-05-14 10:59:41,add_to_cart,248,s008726
15,2024-12-01 19:30:16,add_to_cart,328,s008727
900,2024-01-27 20:09:31,wishlist,226,s008728
2072,2025-06-11 19:24:25,purchase,192,s008729
1426,2025-11-27 09:19:53,view,29,s008730
1191,2025-02-07 21:53:07,add_to_cart,206,s008731
1823,2025-03-16 08:03:11,purchase,237,s008732
2092,2025-11-18 17:32:50,wishlist,80,s008733
381,2024-11-11 08:08:45,view,109,s008734
1464,2024-03-19 08:59:11,view,246,s008735
1211,2025-03-29 10:50:11,remove_from_cart,272,s008736
2332,2025-04-09 23:06:31,add_to_cart,111,s008737
2195,2024-04-08 21:22:53,view,395,s008738
2242,2025-05-11 18:08:59,purchase,183,s008739
2244,2024-06-08 21:44:03,view,221,s008740
1637,2024-05-27 08:29:01,add_to_cart,122,s008741
1259,2025-05-11 17:46:00,remove_from_cart,111,s008742
1209,2025-02-27 16:08:05,purchase,207,s008743
368,2025-05-28 20:38:45,add_to_cart,27,s008744
689,2024-05-07 04:53:31,view,29,s008745
605,2024-09-06 08:13:51,add_to_cart,319,s008746
1720,2024-04-25 20:37:19,view,187,s008747
498,2024-04-25 15:56:34,remove_from_cart,77,s008748
1067,2024-10-22 19:24:44,add_to_cart,176,s008749
947,2024-05-27 09:46:11,wishlist,116,s008750
2401,2024-08-01 14:52:45,view,382,s008751
1879,2025-12-06 15:13:41,wishlist,320,s008752
769,2025-09-01 19:38:30,add_to_cart,274,s008753
245,2025-03-14 19:33:26,wishlist,230,s008754
1414,2025-10-16 18:07:40,view,179,s008755
1344,2025-03-19 12:22:58,view,154,s008756
2129,2025-02-03 10:14:45,view,291,s008757
1656,2025-02-10 05:03:10,wishlist,288,s008758
1391,2024-08-27 21:33:10,add_to_cart,204,s008759
1797,2024-10-07 22:38:54,view,355,s008760
366,2025-10-20 21:34:39,view,146,s008761
806,2024-10-22 13:17:01,wishlist,67,s008762
1511,2024-11-06 23:34:40,view,184,s008763
1073,2024-08-01 08:51:08,add_to_cart,282,s008764
1332,2024-08-23 21:30:36,purchase,166,s008765
2178,2024-07-05 00:10:47,view,371,s008766
2323,2025-10-05 08:05:06,remove_from_cart,271,s008767
1299,2025-10-21 10:52:13,add_to_cart,287,s008768
669,2025-06-16 19:47:24,purchase,305,s008769
1421,2024-08-07 17:42:41,view,10,s008770
1612,2024-07-02 16:03:58,view,109,s008771
976,2024-02-22 07:49:57,view,354,s008772
451,2025-10-02 19:00:52,add_to_cart,90,s008773
218,2025-03-12 16:28:42,add_to_cart,115,s008774
2435,2024-10-09 19:19:51,add_to_cart,363,s008775
1153,2025-10-24 11:49:10,wishlist,386,s008776
1662,2025-02-24 03:24:15,wishlist,318,s008777
1596,2025-06-21 16:55:14,view,115,s008778
1492,2024-06-22 20:00:26,wishlist,161,s008779
2025,2025-05-18 10:28:07,wishlist,257,s008780
2423,2025-09-04 20:31:36,view,268,s008781
331,2024-07-15 08:57:21,wishlist,252,s008782
2105,2024-11-17 10:43:02,add_to_cart,241,s008783
949,2024-06-10 11:13:23,view,380,s008784
1327,2025-09-20 08:35:40,add_to_cart,101,s008785
759,2025-09-18 20:47:19,add_to_cart,350,s008786
988,2024-07-07 18:00:47,wishlist,305,s008787
397,2025-01-10 09:03:49,view,48,s008788
2030,2025-04-27 09:45:16,view,72,s008789
2043,2025-04-14 19:49:36,add_to_cart,250,s008790
671,2025-02-04 20:37:55,wishlist,392,s008791
2180,2024-04-14 12:59:32,view,81,s008792
1302,2024-02-04 16:37:05,add_to_cart,135,s008793
2493,2024-08-22 19:36:55,remove_from_cart,261,s008794
292,2024-10-26 22:30:52,view,306,s008795
71,2025-03-08 12:07:59,add_to_cart,60,s008796
1907,2024-12-06 13:47:17,view,230,s008797
1063,2025-10-29 15:54:09,view,243,s008798
1911,2025-12-06 17:36:07,view,346,s008799
1500,2025-04-22 18:19:41,wishlist,5,s008800
656,2025-01-15 09:19:58,purchase,9,s008801
2143,2025-07-04 17:23:09,remove_from_cart,383,s008802
678,2025-01-07 22:18:08,remove_from_cart,348,s008803
2318,2025-09-04 18:22:34,wishlist,6,s008804
1196,2024-07-11 17:05:12,remove_from_cart,120,s008805
1960,2024-06-26 14:09:17,view,285,s008806
1146,2024-03-14 09:11:29,add_to_cart,390,s008807
1160,2024-01-06 09:20:00,view,165,s008808
2410,2025-09-30 16:20:09,wishlist,284,s008809
2001,2025-02-11 17:49:23,add_to_cart,86,s008810
2065,2024-04-02 23:48:53,view,241,s008811
1617,2025-05-08 13:01:07,purchase,294,s008812
1675,2024-03-23 08:15:54,remove_from_cart,151,s008813
40,2024-12-07 18:04:21,wishlist,41,s008814
1498,2024-01-31 20:49:07,wishlist,34,s008815
1998,2024-08-21 21:53:24,view,169,s008816
626,2025-10-04 20:41:43,add_to_cart,122,s008817
1853,2025-01-05 12:03:56,add_to_cart,194,s008818
344,2024-05-17 09:10:14,view,315,s008819
650,2025-03-26 16:13:02,wishlist,192,s008820
250,2025-07-14 08:42:56,remove_from_cart,62,s008821
1607,2024-09-21 22:28:33,view,384,s008822
1004,2024-12-03 19:14:06,view,128,s008823
2342,2025-02-22 09:49:36,view,173,s008824
2022,2025-09-05 20:13:56,wishlist,19,s008825
1979,2024-03-30 21:26:02,view,49,s008826
1424,2024-06-23 10:04:49,view,264,s008827
326,2024-01-31 17:46:14,view,391,s008828
868,2024-07-17 11:06:50,add_to_cart,40,s008829
2188,2024-11-05 19:27:48,add_to_cart,43,s008830
467,2024-08-05 19:24:16,view,5,s008831
606,2025-10-25 07:11:16,view,206,s008832
2205,2024-04-15 09:17:55,view,74,s008833
1374,2025-03-12 11:34:19,view,54,s008834
724,2025-02-08 15:11:46,view,160,s008835
1627,2025-08-10 19:47:57,view,211,s008836
408,2024-04-10 20:39:26,wishlist,115,s008837
1808,2025-06-10 20:40:54,wishlist,246,s008838
337,2024-09-11 08:10:32,view,312,s008839
713,2024-04-07 09:45:00,add_to_cart,19,s008840
1590,2024-03-22 22:01:58,view,89,s008841
1801,2025-06-07 14:12:19,purchase,278,s008842
1898,2024-11-25 08:40:18,view,360,s008843
1296,2025-09-04 14:41:42,view,75,s008844
2452,2025-09-09 21:21:46,purchase,283,s008845
2461,2025-01-12 21:29:53,view,64,s008846
58,2025-02-28 17:49:29,view,220,s008847
1173,2024-05-15 09:56:07,purchase,164,s008848
1433,2025-02-19 21:57:02,add_to_cart,108,s008849
1679,2025-03-24 15:36:16,view,23,s008850
313,2025-08-22 21:18:49,add_to_cart,287,s008851
2238,2025-11-19 12:53:47,remove_from_cart,236,s008852
1215,2025-01-31 15:42:57,view,163,s008853
962,2024-11-03 09:05:46,view,147,s008854
1930,2025-07-29 03:13:57,purchase,189,s008855
439,2025-10-20 16:34:32,view,1,s008856
1490,2025-03-11 18:30:14,purchase,194,s008857
1635,2025-11-05 16:42:33,wishlist,387,s008858
83,2024-07-05 12:10:11,view,50,s008859
1080,2024-09-14 07:42:53,wishlist,67,s008860
1354,2024-08-01 21:17:56,view,124,s008861
1203,2024-07-04 21:48:05,purchase,1,s008862
506,2024-08-21 11:50:25,wishlist,90,s008863
1853,2024-10-03 11:06:07,view,294,s008864
783,2024-03-01 04:37:13,purchase,366,s008865
888,2024-06-08 17:48:23,view,110,s008866
2064,2025-01-22 20:31:45,wishlist,308,s008867
417,2024-09-21 21:26:23,view,87,s008868
1052,2025-09-23 10:52:52,wishlist,355,s008869
30,2024-07-30 12:02:01,purchase,31,s008870
348,2024-05-11 20:15:26,view,263,s008871
591,2025-08-14 20:05:00,purchase,19,s008872
162,2024-04-22 13:23:07,add_to_cart,42,s008873
2069,2025-04-23 20:37:15,view,331,s008874
1878,2024-04-06 07:46:01,view,114,s008875
12,2025-09-04 23:21:37,view,119,s008876
1977,2024-05-19 08:17:20,view,23,s008877
476,2024-11-22 05:50:58,purchase,297,s008878
665,2024-05-10 13:54:21,view,331,s008879
2216,2024-10-17 18:46:46,view,14,s008880
1454,2025-04-13 19:38:46,purchase,214,s008881
1151,2024-01-14 16:35:17,view,167,s008882
1058,2024-06-14 06:00:02,view,323,s008883
1411,2024-11-17 10:11:47,add_to_cart,365,s008884
907,2025-02-17 22:46:23,remove_from_cart,201,s008885
1592,2024-12-26 18:16:49,view,318,s008886
615,2025-05-09 22:04:29,remove_from_cart,232,s008887
1262,2025-07-25 07:33:21,view,171,s008888
94,2024-10-09 09:12:49,view,192,s008889
1897,2025-08-09 20:08:56,wishlist,218,s008890
1254,2025-08-16 21:57:45,wishlist,35,s008891
298,2024-01-24 03:30:30,add_to_cart,146,s008892
312,2025-07-19 10:38:44,view,288,s008893
1510,2025-12-06 17:55:16,view,332,s008894
1430,2025-04-09 15:31:16,purchase,2,s008895
1379,2025-05-22 21:32:50,view,110,s008896
2132,2025-10-02 08:43:31,wishlist,65,s008897
2302,2025-02-10 22:40:12,purchase,140,s008898
1213,2024-07-19 06:45:04,purchase,21,s008899
1484,2025-06-21 21:10:09,add_to_cart,247,s008900
1775,2025-11-15 07:11:01,add_to_cart,57,s008901
220,2024-04-19 18:15:43,view,68,s008902
22,2025-07-28 14:21:24,view,104,s008903
1416,2024-03-05 20:18:08,add_to_cart,78,s008904
594,2025-04-18 19:51:09,purchase,220,s008905
210,2024-12-13 19:01:30,view,266,s008906
2107,2025-09-26 20:13:04,purchase,383,s008907
1790,2024-02-15 19:08:18,wishlist,14,s008908
59,2024-07-07 05:26:00,add_to_cart,390,s008909
1927,2025-12-10 20:28:45,view,265,s008910
2148,2024-08-03 14:45:22,purchase,142,s008911
654,2025-08-23 20:42:56,remove_from_cart,268,s008912
861,2024-02-11 18:32:36,view,56,s008913
1489,2024-06-12 07:15:55,wishlist,191,s008914
2118,2025-07-20 12:52:22,view,370,s008915
2204,2025-08-18 00:17:17,purchase,168,s008916
2273,2025-11-07 07:05:25,add_to_cart,196,s008917
606,2024-04-26 05:43:49,view,319,s008918
2403,2025-08-04 23:36:13,wishlist,336,s008919
1587,2025-03-11 14:12:07,view,356,s008920
1718,2024-07-19 06:16:56,view,357,s008921
1574,2024-10-06 20:09:17,add_to_cart,65,s008922
2122,2024-05-09 20:41:18,remove_from_cart,280,s008923
434,2025-06-20 07:07:20,view,254,s008924
808,2025-06-05 18:48:18,view,64,s008925
1498,2025-06-22 20:29:30,wishlist,325,s008926
1462,2025-06-25 20:52:11,wishlist,371,s008927
1473,2024-05-22 20:17:10,view,128,s008928
1096,2024-04-05 11:20:30,view,356,s008929
1230,2025-12-10 20:34:39,view,297,s008930
433,2025-03-21 10:33:35,add_to_cart,268,s008931
737,2024-06-15 04:58:27,view,265,s008932
1289,2024-04-07 08:18:52,add_to_cart,279,s008933
331,2024-04-05 07:35:14,remove_from_cart,222,s008934
2114,2024-10-13 18:27:05,add_to_cart,266,s008935
2133,2025-12-08 08:51:41,purchase,209,s008936
2495,2024-06-02 01:47:26,wishlist,41,s008937
1054,2025-09-18 03:23:21,view,70,s008938
624,2024-06-13 10:37:14,wishlist,297,s008939
2272,2024-06-05 19:10:07,wishlist,131,s008940
2093,2024-06-30 19:40:07,view,178,s008941
775,2024-11-30 10:27:36,add_to_cart,285,s008942
1430,2024-02-18 10:13:24,wishlist,342,s008943
2333,2025-05-09 13:04:07,wishlist,88,s008944
826,2025-04-23 11:56:07,purchase,53,s008945
2053,2024-11-01 19:00:56,view,384,s008946
2068,2024-11-21 21:35:28,wishlist,241,s008947
2143,2025-10-28 23:00:27,view,328,s008948
1606,2024-01-08 18:42:17,view,141,s008949
1744,2025-09-03 08:03:59,remove_from_cart,23,s008950
259,2024-04-11 08:34:52,view,269,s008951
1629,2024-12-07 18:40:58,purchase,168,s008952
2496,2025-03-11 20:15:32,view,29,s008953
910,2025-06-20 03:49:58,view,138,s008954
1199,2024-08-13 21:13:01,view,364,s008955
42,2025-10-03 16:51:43,view,360,s008956
1122,2024-02-10 09:55:58,add_to_cart,383,s008957
2121,2024-07-17 20:59:41,purchase,308,s008958
970,2024-09-21 18:03:33,add_to_cart,257,s008959
2010,2024-02-10 19:48:25,view,322,s008960
2002,2025-11-03 19:05:42,view,226,s008961
135,2024-05-03 08:55:45,wishlist,287,s008962
219,2024-06-13 20:40:15,view,44,s008963
2038,2025-02-19 12:03:08,view,181,s008964
80,2025-07-03 22:53:45,add_to_cart,7,s008965
1161,2025-08-05 19:19:39,add_to_cart,21,s008966
280,2024-05-01 19:45:56,view,372,s008967
474,2024-01-21 22:22:01,view,232,s008968
1295,2024-07-12 23:08:20,wishlist,140,s008969
916,2025-10-17 20:47:54,wishlist,370,s008970
384,2025-07-19 07:11:55,add_to_cart,98,s008971
1130,2024-02-03 18:12:35,add_to_cart,4,s008972
1826,2025-01-20 23:35:40,purchase,180,s008973
2221,2024-11-23 12:49:17,view,32,s008974
1735,2025-11-06 14:02:09,view,231,s008975
2238,2025-07-24 08:24:10,purchase,225,s008976
390,2025-07-31 06:29:57,wishlist,282,s008977
1364,2025-07-23 10:35:47,wishlist,163,s008978
2410,2025-10-16 11:30:15,add_to_cart,61,s008979
2019,2024-01-12 20:37:38,view,150,s008980
806,2024-11-20 21:43:36,view,51,s008981
1973,2024-04-26 04:40:02,purchase,56,s008982
889,2024-04-26 11:39:44,view,146,s008983
2249,2025-07-23 09:32:26,view,117,s008984
2382,2024-07-27 20:39:46,add_to_cart,287,s008985
948,2025-09-21 09:02:52,view,82,s008986
1897,2024-02-11 13:42:40,add_to_cart,263,s008987
306,2025-08-04 20:16:50,view,348,s008988
2415,2025-05-30 05:56:11,view,50,s008989
1414,2025-10-16 12:13:54,remove_from_cart,301,s008990
1066,2024-07-03 22:11:40,view,173,s008991
1532,2025-09-22 21:38:55,view,190,s008992
2180,2024-11-26 21:56:14,view,120,s008993
1462,2025-07-08 02:16:16,purchase,77,s008994
2191,2024-03-13 20:45:19,view,327,s008995
30,2025-10-16 21:22:57,view,255,s008996
148,2025-04-03 20:40:23,add_to_cart,171,s008997
1304,2025-05-08 10:20:09,view,286,s008998
1604,2024-08-17 08:45:13,view,187,s008999
1023,2024-07-04 07:27:09,wishlist,140,s009000
2109,2024-03-16 09:55:31,purchase,153,s009001
902,2025-07-15 10:49:53,wishlist,357,s009002
19,2025-03-04 22:50:25,view,270,s009003
943,2025-09-07 20:05:37,purchase,107,s009004
84,2025-10-22 13:00:24,purchase,5,s009005
1826,2024-02-05 19:45:33,view,107,s009006
2229,2024-09-13 07:57:30,view,383,s009007
290,2025-01-21 04:29:10,remove_from_cart,376,s009008
97,2025-01-18 20:38:18,view,368,s009009
1790,2025-10-19 06:53:38,view,81,s009010
2126,2024-04-20 18:17:12,view,97,s009011
381,2025-04-28 10:15:27,view,241,s009012
2458,2025-03-25 02:43:07,view,42,s009013
265,2024-08-30 05:37:49,wishlist,309,s009014
1075,2025-09-14 12:50:08,view,136,s009015
2165,2024-02-15 11:12:17,view,287,s009016
1256,2024-04-21 09:22:46,add_to_cart,22,s009017
2310,2025-03-03 21:00:12,view,190,s009018
1170,2025-07-27 20:23:18,view,370,s009019
2354,2025-02-21 06:34:20,wishlist,171,s009020
26,2025-05-06 02:13:32,add_to_cart,59,s009021
701,2024-10-02 12:12:17,view,51,s009022
485,2025-06-25 20:16:07,add_to_cart,205,s009023
2109,2024-07-20 19:13:40,view,140,s009024
873,2024-06-30 12:46:05,add_to_cart,49,s009025
891,2024-12-28 18:06:06,wishlist,6,s009026
1207,2025-06-12 15:39:00,add_to_cart,344,s009027
1687,2025-11-07 19:35:21,add_to_cart,243,s009028
1684,2024-12-12 17:31:39,view,133,s009029
2201,2025-03-23 05:11:41,view,159,s009030
378,2024-11-18 09:42:03,view,214,s009031
1633,2025-07-03 07:38:13,view,128,s009032
1945,2024-02-24 15:36:34,view,100,s009033
2183,2024-05-13 15:12:23,add_to_cart,298,s009034
2005,2024-04-02 16:12:07,wishlist,158,s009035
1098,2024-03-02 21:23:39,purchase,392,s009036
439,2024-02-03 21:49:35,wishlist,350,s009037
2499,2025-01-14 02:27:44,purchase,387,s009038
76,2025-11-20 19:57:37,view,28,s009039
1022,2024-01-30 18:29:59,wishlist,250,s009040
680,2025-05-12 21:52:15,view,203,s009041
1920,2025-12-02 06:29:18,wishlist,237,s009042
911,2025-01-29 07:14:24,view,180,s009043
2453,2025-07-30 22:53:24,purchase,123,s009044
1157,2025-06-14 08:47:54,add_to_cart,384,s009045
1802,2024-02-05 18:18:41,view,332,s009046
129,2025-10-16 08:36:06,wishlist,42,s009047
667,2025-11-27 20:31:50,view,381,s009048
605,2024-02-22 02:25:36,view,260,s009049
1687,2025-09-02 13:13:03,view,123,s009050
1915,2025-09-08 12:41:39,view,392,s009051
1871,2024-12-12 07:55:20,view,331,s009052
187,2025-05-10 18:01:48,purchase,209,s009053
372,2025-07-23 16:01:09,view,90,s009054
284,2025-10-27 22:00:39,add_to_cart,285,s009055
660,2025-03-03 19:13:13,view,373,s009056
1639,2024-09-08 21:47:18,view,174,s009057
732,2025-02-23 12:42:14,view,288,s009058
2328,2025-03-18 13:39:36,purchase,372,s009059
260,2024-06-28 21:50:43,purchase,143,s009060
2100,2024-09-10 11:17:50,add_to_cart,386,s009061
1232,2025-03-03 16:49:40,view,173,s009062
195,2025-06-08 22:55:13,wishlist,280,s009063
1628,2025-10-02 18:09:10,wishlist,239,s009064
785,2024-03-19 13:30:28,view,186,s009065
2111,2024-03-13 08:26:37,wishlist,316,s009066
775,2024-05-05 10:34:42,view,343,s009067
2376,2025-10-08 18:23:20,view,363,s009068
740,2025-11-05 09:15:42,view,258,s009069
879,2025-06-18 09:59:25,view,157,s009070
818,2024-06-27 06:59:03,view,330,s009071
993,2025-02-02 20:59:17,add_to_cart,332,s009072
209,2024-05-09 22:33:40,view,387,s009073
809,2024-01-16 21:55:45,view,98,s009074
199,2025-09-04 10:05:27,wishlist,149,s009075
632,2024-04-16 08:39:12,purchase,117,s009076
796,2024-03-21 18:31:20,purchase,117,s009077
1046,2024-05-05 16:22:41,add_to_cart,151,s009078
1099,2025-04-29 20:11:01,view,88,s009079
961,2025-05-04 22:13:01,view,292,s009080
1515,2024-07-05 11:34:30,add_to_cart,53,s009081
1897,2025-09-19 09:22:59,view,353,s009082
2139,2024-09-30 08:25:22,wishlist,188,s009083
2118,2025-11-15 18:15:10,purchase,328,s009084
5,2025-10-10 13:41:11,wishlist,310,s009085
1741,2025-06-12 12:35:59,view,88,s009086
2201,2024-01-02 10:21:35,view,274,s009087
2246,2025-01-20 12:02:20,add_to_cart,26,s009088
621,2024-05-19 11:57:57,view,213,s009089
1051,2025-11-27 10:25:20,view,203,s009090
2354,2024-07-29 11:00:27,view,62,s009091
2116,2024-11-12 18:58:28,view,277,s009092
566,2025-10-08 11:42:51,wishlist,86,s009093
2313,2024-01-14 18:48:38,wishlist,305,s009094
863,2024-12-24 20:39:41,add_to_cart,108,s009095
1009,2025-01-05 19:11:15,wishlist,62,s009096
37,2024-12-29 21:27:50,view,338,s009097
1451,2025-02-18 22:51:14,view,74,s009098
1128,2024-08-24 22:18:57,add_to_cart,194,s009099
2118,2024-07-12 10:32:19,purchase,35,s009100
1619,2024-01-15 21:44:51,view,96,s009101
818,2024-04-28 09:04:04,wishlist,170,s009102
1760,2025-09-06 21:51:55,purchase,94,s009103
1142,2025-03-14 15:43:38,view,53,s009104
806,2024-09-26 19:13:17,wishlist,5,s009105
123,2024-12-28 14:33:01,wishlist,304,s009106
436,2024-09-06 13:23:51,view,46,s009107
2427,2025-03-13 11:29:17,purchase,169,s009108
68,2025-09-16 13:32:01,wishlist,213,s009109
782,2024-05-15 13:53:41,view,48,s009110
14,2025-05-01 08:52:11,add_to_cart,250,s009111
2338,2024-12-20 08:20:28,wishlist,186,s009112
955,2025-03-21 16:28:40,view,51,s009113
1500,2025-10-07 09:07:12,add_to_cart,292,s009114
532,2024-10-10 13:24:57,add_to_cart,270,s009115
2500,2025-03-29 19:58:20,purchase,8,s009116
1608,2024-05-29 21:03:09,add_to_cart,309,s009117
796,2025-11-07 15:24:52,add_to_cart,176,s009118
1348,2025-03-02 14:41:06,view,196,s009119
2226,2024-08-14 13:54:17,purchase,372,s009120
1562,2024-06-15 18:46:45,add_to_cart,286,s009121
1909,2024-05-12 07:57:09,view,204,s009122
870,2025-10-19 15:48:25,add_to_cart,169,s009123
118,2024-12-04 21:17:19,add_to_cart,223,s009124
1705,2025-07-21 20:23:42,wishlist,134,s009125
2176,2024-04-24 17:56:42,view,323,s009126
25,2024-09-13 17:50:09,view,12,s009127
639,2024-04-19 22:18:20,view,311,s009128
1564,2024-10-25 12:16:36,purchase,93,s009129
2423,2025-09-24 11:43:58,view,277,s009130
1873,2024-09-06 09:09:05,add_to_cart,247,s009131
255,2024-02-29 21:57:17,add_to_cart,87,s009132
833,2025-07-31 21:32:27,view,87,s009133
354,2024-04-05 21:06:13,add_to_cart,188,s009134
1726,2025-04-12 07:28:54,view,246,s009135
1244,2025-02-12 18:50:29,view,264,s009136
2297,2025-10-24 12:17:23,add_to_cart,129,s009137
364,2024-04-17 08:17:54,add_to_cart,221,s009138
899,2024-07-23 15:39:49,view,399,s009139
951,2024-02-20 19:51:16,view,356,s009140
2237,2025-10-21 15:39:51,view,35,s009141
2117,2025-11-12 08:47:40,add_to_cart,58,s009142
1605,2025-07-02 17:38:24,view,233,s009143
2157,2024-06-04 18:33:02,view,214,s009144
2384,2024-04-18 08:46:43,purchase,19,s009145
1563,2024-08-14 20:42:48,view,101,s009146
423,2025-06-24 14:27:38,add_to_cart,399,s009147
1666,2025-05-15 22:15:36,view,243,s009148
2266,2024-10-14 18:33:20,view,285,s009149
1132,2024-11-07 08:32:11,view,22,s009150
356,2024-11-26 06:08:22,add_to_cart,189,s009151
1913,2025-05-29 21:50:03,view,27,s009152
1065,2024-04-20 08:37:33,view,137,s009153
2114,2024-10-18 21:18:34,view,60,s009154
1499,2025-08-13 21:39:33,view,352,s009155
1768,2025-05-31 10:49:55,add_to_cart,258,s009156
1362,2025-04-19 14:55:14,view,131,s009157
614,2025-11-12 15:11:22,view,28,s009158
1596,2024-01-31 09:16:33,view,161,s009159
812,2024-09-26 20:47:25,add_to_cart,336,s009160
668,2024-08-27 14:11:26,wishlist,122,s009161
1795,2024-07-04 20:27:02,view,370,s009162
2189,2025-01-02 09:54:59,view,390,s009163
1293,2025-04-06 18:31:00,view,318,s009164
2155,2025-01-28 20:44:05,view,74,s009165
1200,2024-03-10 07:48:45,view,145,s009166
1694,2024-05-26 17:17:41,add_to_cart,129,s009167
1921,2024-03-17 13:19:36,view,344,s009168
1064,2025-04-12 05:01:41,add_to_cart,192,s009169
2076,2025-06-26 11:56:05,view,13,s009170
896,2024-01-29 07:50:43,wishlist,142,s009171
2288,2024-07-13 17:31:33,view,34,s009172
2408,2025-01-16 17:29:07,view,14,s009173
518,2025-08-30 19:32:02,purchase,308,s009174
470,2025-05-17 20:30:33,view,115,s009175
469,2024-04-22 20:54:19,add_to_cart,45,s009176
773,2025-08-07 20:51:56,view,238,s009177
1740,2024-02-29 18:18:38,purchase,358,s009178
1391,2025-08-30 08:46:47,view,173,s009179
2496,2024-03-08 10:52:01,view,27,s009180
2027,2025-08-14 11:36:24,view,164,s009181
801,2025-07-12 10:28:48,purchase,348,s009182
1460,2024-09-22 09:31:38,view,113,s009183
2324,2024-07-30 03:20:28,add_to_cart,171,s009184
1876,2025-04-18 20:51:09,add_to_cart,198,s009185
1531,2025-09-22 17:44:54,wishlist,189,s009186
84,2025-05-22 20:16:51,view,21,s009187
1186,2025-01-19 20:35:00,view,39,s009188
2081,2025-09-12 11:07:07,view,135,s009189
1493,2025-01-23 14:47:51,view,299,s009190
2126,2025-01-17 06:33:59,wishlist,245,s009191
1593,2025-12-08 20:32:25,remove_from_cart,237,s009192
714,2024-07-31 08:37:08,view,371,s009193
2010,2024-01-07 21:16:55,view,399,s009194
777,2025-06-29 13:18:16,view,261,s009195
1205,2024-03-19 20:02:19,add_to_cart,306,s009196
2477,2024-08-21 19:46:48,wishlist,133,s009197
1676,2025-02-01 07:53:03,remove_from_cart,145,s009198
1987,2024-02-11 22:33:20,view,317,s009199
1786,2024-08-08 11:11:50,wishlist,198,s009200
2278,2024-08-06 12:44:18,view,241,s009201
1050,2024-04-05 09:35:30,add_to_cart,85,s009202
1707,2025-08-20 15:24:04,view,122,s009203
814,2024-01-01 21:45:12,wishlist,272,s009204
23,2025-07-21 18:49:36,view,384,s009205
100,2024-05-06 19:42:30,view,105,s009206
2496,2025-10-24 08:51:01,wishlist,187,s009207
2040,2025-10-15 07:36:30,wishlist,188,s009208
560,2024-12-21 18:27:17,view,33,s009209
1759,2025-03-31 12:58:29,view,120,s009210
68,2024-12-09 10:03:44,view,222,s009211
752,2025-08-16 20:33:23,wishlist,334,s009212
947,2025-01-06 11:18:36,wishlist,285,s009213
2358,2025-07-08 14:16:01,view,283,s009214
251,2025-11-16 22:14:01,remove_from_cart,248,s009215
282,2025-03-31 11:05:16,add_to_cart,3,s009216
1038,2024-07-20 18:12:59,view,374,s009217
497,2025-09-13 15:16:28,wishlist,334,s009218
1914,2025-06-18 18:17:45,wishlist,107,s009219
424,2025-07-07 04:52:29,view,247,s009220
1023,2024-03-25 17:15:09,purchase,171,s009221
2076,2024-11-06 20:04:30,add_to_cart,387,s009222
1284,2024-04-02 20:17:32,view,390,s009223
2413,2024-07-30 20:42:04,add_to_cart,60,s009224
1391,2024-05-08 19:59:59,add_to_cart,311,s009225
1857,2025-03-11 21:11:46,view,376,s009226
789,2025-05-25 21:22:05,purchase,179,s009227
504,2024-11-07 18:49:44,view,290,s009228
9,2024-04-13 16:33:48,add_to_cart,216,s009229
938,2024-02-23 22:44:34,view,141,s009230
463,2024-05-10 06:07:48,view,299,s009231
2287,2024-08-06 15:11:21,add_to_cart,1,s009232
1097,2024-02-15 09:15:19,view,88,s009233
1739,2024-07-22 09:05:46,purchase,343,s009234
1183,2025-03-12 03:02:16,purchase,276,s009235
1241,2025-01-14 11:19:14,purchase,382,s009236
221,2025-07-22 12:17:21,purchase,193,s009237
619,2024-03-21 12:46:36,view,386,s009238
2181,2025-06-07 04:56:23,view,83,s009239
1445,2025-10-31 23:49:39,view,275,s009240
2250,2025-10-16 20:21:14,view,100,s009241
2184,2025-02-09 02:33:53,purchase,318,s009242
1729,2025-09-07 16:24:17,remove_from_cart,259,s009243
1750,2025-09-10 13:36:49,view,143,s009244
658,2024-03-05 14:06:55,view,128,s009245
637,2025-09-07 21:07:06,add_to_cart,83,s009246
923,2024-11-14 09:42:45,purchase,386,s009247
864,2025-08-12 08:48:43,view,306,s009248
2495,2024-10-17 18:06:59,add_to_cart,89,s009249
1932,2025-03-11 01:07:00,view,331,s009250
827,2025-11-28 20:02:37,add_to_cart,370,s009251
85,2024-07-17 23:42:12,wishlist,161,s009252
2021,2025-05-08 08:17:53,view,172,s009253
2435,2024-03-09 07:47:40,view,130,s009254
1658,2024-04-24 09:18:53,view,223,s009255
47,2025-05-13 09:55:04,view,327,s009256
2043,2024-03-20 02:22:58,view,266,s009257
702,2025-01-27 22:32:12,view,172,s009258
1163,2024-02-10 08:45:38,wishlist,310,s009259
1650,2025-09-16 06:54:27,add_to_cart,385,s009260
34,2024-10-28 20:43:10,view,9,s009261
699,2024-01-15 10:46:52,view,389,s009262
933,2025-05-06 21:06:01,add_to_cart,278,s009263
2304,2024-04-30 09:08:39,wishlist,210,s009264
955,2024-01-02 09:18:37,view,90,s009265
1341,2024-01-04 07:39:31,purchase,131,s009266
2115,2025-10-30 20:42:56,purchase,241,s009267
1782,2025-06-18 23:36:25,purchase,336,s009268
2295,2025-01-20 18:39:47,view,229,s009269
1100,2024-05-18 21:57:08,add_to_cart,359,s009270
342,2024-10-09 18:02:31,view,238,s009271
533,2025-09-15 18:39:46,wishlist,124,s009272
1760,2024-01-03 07:11:02,view,221,s009273
1449,2025-03-27 20:12:06,view,298,s009274
772,2024-08-21 12:24:01,wishlist,16,s009275
109,2024-05-08 09:05:48,add_to_cart,186,s009276
833,2024-06-23 05:42:48,view,262,s009277
2293,2025-01-13 16:10:41,view,56,s009278
995,2024-06-16 17:40:42,view,75,s009279
1657,2025-05-21 10:17:20,purchase,162,s009280
2170,2025-10-29 08:15:36,view,36,s009281
597,2025-01-29 20:41:46,view,149,s009282
415,2024-04-25 09:49:26,view,205,s009283
797,2024-10-25 17:16:20,view,267,s009284
1207,2025-08-01 18:55:18,remove_from_cart,315,s009285
277,2024-05-02 13:22:15,view,113,s009286
1901,2025-07-09 17:19:46,wishlist,305,s009287
1496,2025-07-01 16:06:46,view,310,s009288
424,2024-02-14 10:51:15,view,400,s009289
1500,2024-11-18 09:25:24,view,98,s009290
6,2025-01-16 09:05:09,add_to_cart,123,s009291
1472,2024-11-04 09:45:06,wishlist,323,s009292
844,2025-08-10 18:27:48,remove_from_cart,69,s009293
128,2025-06-23 07:43:21,view,26,s009294
2287,2025-10-28 09:14:29,view,122,s009295
578,2025-09-04 07:09:51,add_to_cart,345,s009296
2278,2024-05-06 22:35:47,add_to_cart,210,s009297
274,2025-01-31 22:25:12,view,259,s009298
2457,2025-09-27 08:16:28,view,400,s009299
788,2025-09-21 09:02:08,add_to_cart,50,s009300
1170,2024-12-24 07:18:50,add_to_cart,29,s009301
626,2025-09-29 21:06:01,remove_from_cart,48,s009302
2466,2025-04-25 20:18:03,view,47,s009303
625,2025-09-22 16:03:26,view,396,s009304
45,2024-05-25 22:35:46,view,159,s009305
854,2025-08-04 19:45:11,view,342,s009306
893,2024-10-17 05:29:12,wishlist,301,s009307
2317,2025-06-17 18:00:07,wishlist,171,s009308
1740,2024-12-27 06:49:48,remove_from_cart,45,s009309
164,2025-03-29 10:52:22,view,383,s009310
1621,2025-09-22 23:04:05,view,49,s009311
1621,2025-11-18 20:55:52,wishlist,391,s009312
1861,2025-10-13 18:27:06,purchase,116,s009313
2151,2025-06-19 07:46:49,wishlist,134,s009314
2184,2025-07-02 22:17:27,purchase,330,s009315
134,2024-05-06 22:59:04,add_to_cart,26,s009316
1644,2024-11-20 22:50:56,view,163,s009317
1850,2024-06-25 12:47:05,view,250,s009318
2237,2025-01-29 19:07:41,view,138,s009319
1815,2025-11-20 09:25:14,wishlist,208,s009320
2225,2024-03-18 16:59:26,add_to_cart,279,s009321
856,2025-11-25 16:35:18,view,351,s009322
8,2024-05-15 20:35:17,view,356,s009323
623,2025-04-18 11:14:07,view,398,s009324
156,2025-07-18 20:55:19,view,123,s009325
815,2024-05-23 19:24:28,view,295,s009326
648,2024-06-10 09:53:56,view,167,s009327
845,2025-03-10 20:41:05,view,123,s009328
1855,2024-03-11 07:28:27,remove_from_cart,248,s009329
2369,2025-01-20 21:03:55,purchase,234,s009330
2470,2024-12-28 18:23:10,purchase,316,s009331
573,2025-11-24 19:49:38,add_to_cart,16,s009332
2179,2024-09-06 20:20:19,view,143,s009333
1950,2024-05-13 11:07:26,wishlist,371,s009334
37,2025-06-10 18:51:14,view,260,s009335
2144,2025-06-04 10:11:27,view,61,s009336
1757,2024-02-15 15:49:52,add_to_cart,341,s009337
1904,2024-12-06 10:05:45,view,207,s009338
1850,2025-05-20 21:32:35,view,290,s009339
1757,2025-06-29 22:22:44,purchase,103,s009340
896,2025-11-02 18:21:22,view,75,s009341
1969,2024-01-15 07:34:08,wishlist,199,s009342
2450,2025-11-11 12:34:45,purchase,328,s009343
2133,2024-12-10 10:06:37,view,189,s009344
1797,2024-10-02 06:41:39,view,340,s009345
1914,2025-04-09 08:16:44,view,78,s009346
504,2024-10-28 10:33:06,view,170,s009347
179,2025-03-25 20:49:32,wishlist,93,s009348
2383,2024-09-21 05:53:01,wishlist,380,s009349
1392,2025-02-19 18:55:22,view,282,s009350
1168,2024-01-05 09:26:56,add_to_cart,34,s009351
1405,2025-10-03 21:47:04,remove_from_cart,349,s009352
289,2025-01-19 05:45:16,view,192,s009353
1865,2024-03-12 16:51:58,view,68,s009354
2189,2025-04-12 11:29:39,purchase,134,s009355
194,2024-07-09 10:04:26,purchase,100,s009356
2467,2025-07-04 14:31:41,add_to_cart,257,s009357
1226,2025-03-19 09:43:59,wishlist,385,s009358
1532,2024-11-29 10:47:15,view,366,s009359
1484,2024-11-13 19:33:01,view,359,s009360
574,2024-10-19 08:37:26,view,194,s009361
555,2024-11-24 17:17:51,wishlist,377,s009362
1103,2024-12-25 10:28:26,add_to_cart,193,s009363
1025,2024-03-20 16:17:03,view,212,s009364
1359,2025-11-23 06:10:03,view,73,s009365
1937,2024-10-26 09:07:03,view,282,s009366
946,2025-09-01 10:39:05,view,48,s009367
1068,2025-04-04 04:12:50,view,18,s009368
906,2025-01-21 12:50:38,wishlist,37,s009369
1253,2024-08-01 08:13:07,wishlist,186,s009370
1002,2025-04-16 19:18:35,add_to_cart,233,s009371
147,2024-05-07 19:30:03,wishlist,262,s009372
435,2025-04-27 15:40:31,view,79,s009373
2465,2025-12-08 20:57:33,view,138,s009374
2192,2025-08-09 10:43:27,add_to_cart,274,s009375
242,2024-04-17 06:52:34,view,138,s009376
2013,2024-10-06 17:00:43,purchase,314,s009377
1693,2024-09-20 09:16:49,view,180,s009378
1430,2025-11-11 21:04:54,view,354,s009379
1792,2024-10-12 07:08:05,view,27,s009380
52,2024-10-01 22:18:29,view,379,s009381
1863,2024-05-01 08:08:59,wishlist,355,s009382
1648,2025-09-13 17:19:33,view,118,s009383
2293,2025-02-14 13:39:54,view,151,s009384
21,2024-03-08 22:23:00,view,75,s009385
1786,2024-08-19 13:13:22,view,269,s009386
1706,2024-05-25 20:27:43,view,387,s009387
2463,2025-03-16 18:11:30,wishlist,213,s009388
1916,2025-02-27 19:04:05,view,395,s009389
683,2025-09-28 20:13:20,view,398,s009390
1704,2024-04-26 07:15:43,view,245,s009391
1362,2024-08-20 19:42:39,remove_from_cart,215,s009392
2412,2025-03-06 14:52:13,wishlist,372,s009393
1397,2025-04-24 07:28:27,view,96,s009394
1128,2025-03-24 16:03:29,view,385,s009395
252,2024-01-07 14:03:02,wishlist,210,s009396
1139,2024-11-13 17:42:54,remove_from_cart,204,s009397
1554,2024-07-31 11:04:52,add_to_cart,260,s009398
1244,2024-04-07 18:37:47,view,234,s009399
2111,2025-09-07 19:07:58,view,228,s009400
2103,2024-01-17 09:44:45,view,175,s009401
13,2024-07-10 20:52:52,view,17,s009402
873,2024-12-05 06:04:14,wishlist,223,s009403
1162,2025-06-30 23:47:11,view,142,s009404
1056,2024-10-21 19:34:23,view,290,s009405
1219,2025-02-25 22:47:57,view,207,s009406
2468,2025-12-12 23:11:58,purchase,163,s009407
277,2024-02-14 20:56:45,purchase,267,s009408
1100,2024-11-08 11:12:23,view,90,s009409
2302,2025-03-17 21:15:39,view,111,s009410
1054,2024-12-11 16:01:57,view,334,s009411
1346,2025-02-05 16:19:32,view,330,s009412
854,2025-01-30 22:47:10,purchase,302,s009413
242,2025-03-01 18:16:03,purchase,259,s009414
1709,2024-08-07 09:19:36,view,143,s009415
293,2025-04-30 23:20:49,view,278,s009416
890,2024-07-01 22:07:19,add_to_cart,22,s009417
1834,2024-09-08 07:23:29,view,157,s009418
2429,2025-03-17 19:47:16,view,398,s009419
891,2025-02-11 06:04:29,view,223,s009420
1113,2024-10-16 08:28:39,remove_from_cart,253,s009421
1064,2024-02-23 05:37:33,add_to_cart,329,s009422
1590,2024-12-29 13:17:50,view,37,s009423
2258,2025-07-27 19:22:15,purchase,316,s009424
1555,2025-07-26 20:11:16,purchase,42,s009425
11,2025-08-27 05:37:32,add_to_cart,47,s009426
1436,2024-03-21 20:55:07,purchase,184,s009427
720,2024-11-25 22:44:14,view,208,s009428
588,2024-07-25 04:29:10,view,293,s009429
1922,2024-11-23 23:59:27,purchase,130,s009430
594,2025-11-04 14:04:19,view,378,s009431
613,2024-09-02 18:40:12,view,13,s009432
1810,2024-10-11 16:16:35,add_to_cart,346,s009433
1845,2025-02-19 20:15:38,view,50,s009434
160,2025-07-31 22:53:32,view,380,s009435
2199,2024-03-17 03:04:50,wishlist,1,s009436
825,2024-09-28 20:00:11,view,21,s009437
1378,2025-07-08 16:46:05,add_to_cart,45,s009438
865,2025-01-16 21:07:42,view,312,s009439
95,2024-07-08 20:10:26,add_to_cart,163,s009440
1342,2024-08-13 17:20:13,add_to_cart,303,s009441
2218,2025-07-19 10:28:26,add_to_cart,291,s009442
38,2024-04-28 11:24:14,view,296,s009443
1509,2025-04-01 10:49:44,add_to_cart,293,s009444
1666,2025-07-29 09:48:04,view,93,s009445
2358,2025-09-17 19:16:57,view,352,s009446
2125,2024-08-21 14:20:04,wishlist,247,s009447
486,2024-05-02 08:02:51,view,379,s009448
2041,2025-08-19 08:40:01,view,336,s009449
1494,2025-12-05 14:29:27,wishlist,85,s009450
2353,2024-04-27 06:18:43,view,60,s009451
267,2024-04-09 23:32:25,remove_from_cart,18,s009452
2044,2024-11-23 09:30:45,purchase,322,s009453
1576,2024-10-10 19:16:28,purchase,42,s009454
2124,2024-07-25 21:34:06,purchase,264,s009455
1777,2025-03-05 10:12:39,add_to_cart,143,s009456
1112,2024-02-13 11:42:04,view,182,s009457
1004,2025-08-22 19:49:39,view,53,s009458
301,2024-05-07 10:07:16,view,381,s009459
1012,2025-01-16 07:46:51,add_to_cart,10,s009460
892,2024-06-29 20:53:35,wishlist,253,s009461
2437,2025-01-06 13:27:23,wishlist,99,s009462
1686,2025-07-03 01:48:18,remove_from_cart,258,s009463
1263,2024-01-01 09:12:25,view,24,s009464
1040,2025-09-18 12:00:10,view,131,s009465
1756,2025-02-13 19:17:40,view,205,s009466
516,2024-05-15 06:32:36,view,295,s009467
512,2025-04-20 21:49:08,view,308,s009468
1362,2024-01-30 09:33:45,view,85,s009469
392,2024-12-10 20:14:05,view,314,s009470
2327,2025-04-21 06:32:24,view,33,s009471
613,2025-01-21 05:33:07,view,155,s009472
1916,2024-06-18 09:35:42,remove_from_cart,331,s009473
770,2025-02-28 06:37:55,purchase,351,s009474
763,2024-12-04 16:18:22,view,294,s009475
523,2025-08-18 20:10:47,purchase,301,s009476
69,2025-06-14 15:47:01,purchase,251,s009477
1813,2024-03-16 17:20:04,remove_from_cart,176,s009478
806,2024-09-05 18:36:45,purchase,66,s009479
1902,2025-12-03 19:13:35,add_to_cart,59,s009480
2474,2024-06-17 08:51:51,view,164,s009481
1316,2024-04-16 14:44:11,purchase,287,s009482
1984,2025-11-16 09:22:54,view,239,s009483
1157,2025-07-16 11:25:30,view,287,s009484
1378,2025-10-15 14:48:39,wishlist,210,s009485
1631,2024-02-03 12:52:44,add_to_cart,282,s009486
1620,2024-05-31 09:22:34,view,381,s009487
145,2025-04-30 21:29:03,purchase,313,s009488
1236,2025-05-29 15:11:09,view,327,s009489
1474,2025-06-26 14:19:42,view,299,s009490
1382,2024-10-14 10:02:07,view,123,s009491
2359,2025-02-26 19:41:46,purchase,286,s009492
1062,2025-09-12 23:42:00,wishlist,228,s009493
1861,2025-03-01 02:49:28,purchase,365,s009494
1113,2025-04-05 13:43:57,view,103,s009495
733,2024-01-13 05:55:38,view,290,s009496
1386,2025-11-22 08:04:43,view,292,s009497
2101,2024-09-12 20:12:22,view,168,s009498
637,2024-07-28 14:39:06,add_to_cart,4,s009499
2077,2025-02-02 06:19:23,add_to_cart,277,s009500
2452,2025-07-01 17:50:46,view,344,s009501
1618,2024-05-16 21:58:56,add_to_cart,44,s009502
1391,2024-11-08 20:10:17,view,267,s009503
1806,2025-01-21 20:47:04,purchase,333,s009504
140,2025-08-26 05:01:30,purchase,275,s009505
988,2025-12-08 22:52:18,view,248,s009506
1934,2024-11-04 04:15:27,view,206,s009507
1124,2025-02-10 20:08:52,view,141,s009508
2138,2024-12-24 09:48:37,view,176,s009509
1563,2024-12-08 22:46:28,view,397,s009510
550,2025-05-29 04:06:27,view,104,s009511
2105,2024-01-14 11:04:31,view,397,s009512
2364,2024-03-25 18:48:58,view,310,s009513
294,2024-12-03 18:05:32,add_to_cart,345,s009514
1871,2024-10-22 09:45:11,view,129,s009515
2114,2025-04-03 05:58:43,view,63,s009516
993,2024-01-25 07:44:43,add_to_cart,50,s009517
1811,2024-03-21 23:47:33,view,180,s009518
1647,2025-06-19 22:47:58,view,246,s009519
2296,2024-11-01 08:18:33,wishlist,230,s009520
1619,2025-09-26 20:54:50,wishlist,171,s009521
542,2024-03-28 08:48:33,view,107,s009522
917,2024-06-13 16:02:22,wishlist,281,s009523
1989,2025-10-18 08:01:12,view,221,s009524
717,2024-08-04 08:28:56,add_to_cart,125,s009525
2099,2025-11-22 17:50:29,wishlist,42,s009526
252,2024-04-03 10:40:59,view,103,s009527
1902,2025-03-01 15:44:14,purchase,243,s009528
1430,2024-01-31 22:20:37,view,97,s009529
1300,2024-12-11 15:12:34,purchase,362,s009530
60,2025-04-19 08:25:48,add_to_cart,179,s009531
1681,2025-11-12 12:01:25,view,250,s009532
2323,2025-02-02 14:56:49,purchase,108,s009533
121,2025-10-25 21:41:14,add_to_cart,323,s009534
1099,2025-08-07 20:44:17,view,308,s009535
410,2024-09-24 15:30:42,purchase,118,s009536
1916,2024-08-02 22:17:10,purchase,140,s009537
1329,2024-01-28 15:23:27,view,45,s009538
1358,2024-04-11 09:37:44,view,276,s009539
339,2025-07-09 09:51:53,wishlist,199,s009540
964,2024-03-24 06:10:16,view,194,s009541
2493,2025-10-11 05:41:18,add_to_cart,174,s009542
619,2025-03-12 11:24:22,view,393,s009543
571,2024-11-07 08:42:25,view,378,s009544
717,2024-12-07 21:04:59,add_to_cart,218,s009545
1920,2024-08-13 23:54:59,remove_from_cart,221,s009546
535,2024-10-30 09:20:00,view,202,s009547
1960,2024-05-07 20:47:47,purchase,2,s009548
2064,2025-11-01 12:13:19,view,325,s009549
921,2024-05-09 19:43:42,add_to_cart,104,s009550
1462,2025-03-10 19:13:30,view,224,s009551
2331,2024-08-24 19:55:55,purchase,43,s009552
1644,2024-06-02 10:01:38,view,2,s009553
2084,2025-03-29 18:53:03,view,91,s009554
324,2025-04-16 21:26:23,purchase,107,s009555
346,2024-11-09 21:28:35,purchase,70,s009556
790,2024-01-21 06:36:58,view,143,s009557
411,2024-12-22 12:38:30,view,160,s009558
54,2024-12-09 22:43:22,purchase,101,s009559
685,2024-10-04 21:38:25,view,321,s009560
343,2025-01-21 14:13:33,remove_from_cart,238,s009561
694,2025-05-03 18:54:39,purchase,299,s009562
453,2024-08-20 20:15:14,view,125,s009563
2269,2025-03-02 21:48:09,wishlist,310,s009564
2086,2025-03-04 06:55:57,view,121,s009565
930,2024-08-20 07:06:35,wishlist,241,s009566
225,2024-03-09 15:11:23,wishlist,46,s009567
2046,2025-08-11 21:06:19,remove_from_cart,41,s009568
696,2024-06-14 10:03:37,view,371,s009569
1850,2024-06-09 11:45:19,view,161,s009570
1677,2024-01-05 07:17:39,view,193,s009571
960,2025-08-15 10:16:09,view,156,s009572
2316,2025-11-23 13:01:51,add_to_cart,282,s009573
2067,2024-07-24 15:33:36,view,132,s009574
758,2025-06-04 18:50:32,wishlist,354,s009575
357,2024-06-04 18:10:37,wishlist,70,s009576
888,2024-04-28 22:32:33,view,280,s009577
2000,2025-08-14 20:12:07,wishlist,277,s009578
1292,2025-10-04 22:16:15,view,7,s009579
2369,2024-02-10 21:52:41,wishlist,359,s009580
779,2025-06-13 20:25:14,view,301,s009581
1073,2024-10-08 07:32:32,add_to_cart,14,s009582
1624,2025-04-15 21:33:13,view,208,s009583
1197,2025-11-06 09:51:43,view,211,s009584
1200,2025-10-26 14:51:02,wishlist,304,s009585
2001,2024-02-18 18:30:02,view,194,s009586
198,2025-05-27 10:45:12,purchase,101,s009587
56,2024-12-03 22:50:15,view,223,s009588
1454,2025-10-21 06:28:58,view,194,s009589
33,2025-04-02 08:06:35,add_to_cart,223,s009590
79,2025-03-28 13:04:00,view,110,s009591
1021,2024-11-26 16:26:10,add_to_cart,261,s009592
1545,2024-04-22 17:12:07,add_to_cart,326,s009593
673,2025-07-05 13:23:22,view,92,s009594
2218,2025-01-17 08:57:20,view,100,s009595
2080,2025-01-24 23:15:19,wishlist,253,s009596
1632,2024-06-24 21:50:52,wishlist,274,s009597
401,2024-09-04 10:49:08,view,283,s009598
1046,2024-08-17 10:36:12,add_to_cart,233,s009599
2411,2025-04-27 20:02:49,view,109,s009600
2278,2025-01-30 09:46:09,add_to_cart,189,s009601
1534,2024-05-02 09:08:07,view,315,s009602
1108,2025-02-21 23:22:24,view,377,s009603
1985,2024-08-05 23:56:54,purchase,262,s009604
2289,2025-05-01 15:41:47,purchase,382,s009605
43,2024-09-04 07:48:56,view,80,s009606
345,2025-05-23 18:08:36,view,131,s009607
2188,2024-08-11 06:02:56,purchase,105,s009608
104,2024-10-16 23:31:15,view,185,s009609
1022,2025-11-28 18:32:52,view,104,s009610
1147,2024-08-21 12:37:33,view,21,s009611
737,2024-09-19 08:58:23,wishlist,90,s009612
1159,2024-02-29 07:31:51,view,20,s009613
1988,2024-02-17 19:06:53,view,363,s009614
1298,2024-08-27 21:26:51,view,33,s009615
427,2024-02-07 02:30:38,purchase,354,s009616
855,2025-08-31 22:45:18,remove_from_cart,117,s009617
925,2024-02-03 19:28:24,view,339,s009618
678,2024-08-08 19:58:09,add_to_cart,159,s009619
834,2024-03-07 17:43:18,view,229,s009620
1107,2024-11-16 15:58:30,add_to_cart,249,s009621
698,2024-08-07 20:34:44,view,392,s009622
2130,2024-12-02 17:56:26,add_to_cart,325,s009623
2242,2025-06-29 08:58:51,view,341,s009624
2119,2025-03-31 18:26:35,view,216,s009625
2113,2024-09-11 14:42:04,wishlist,35,s009626
1303,2024-04-10 19:21:26,view,84,s009627
2285,2024-11-08 20:14:51,view,379,s009628
2493,2025-01-12 21:24:41,add_to_cart,85,s009629
1313,2025-06-14 01:50:33,view,27,s009630
1846,2025-06-06 03:23:21,add_to_cart,327,s009631
2018,2024-03-21 09:40:59,wishlist,230,s009632
1774,2025-07-17 21:04:20,add_to_cart,290,s009633
351,2024-11-25 22:19:18,view,67,s009634
528,2024-09-11 08:43:38,view,241,s009635
1247,2024-08-02 18:50:14,view,215,s009636
1776,2025-07-29 05:22:44,view,398,s009637
668,2025-02-11 08:19:35,add_to_cart,2,s009638
1702,2024-05-22 21:15:17,view,103,s009639
2298,2024-07-25 01:06:27,view,48,s009640
1567,2025-10-05 03:19:54,purchase,76,s009641
116,2024-05-25 16:00:46,view,110,s009642
2416,2024-08-26 11:29:11,view,231,s009643
278,2024-12-14 14:48:24,purchase,65,s009644
1254,2025-01-16 14:20:04,view,78,s009645
2437,2024-06-07 14:05:25,wishlist,216,s009646
857,2024-03-30 20:27:38,wishlist,179,s009647
2480,2024-06-04 15:20:58,view,345,s009648
2108,2024-02-29 15:59:05,purchase,45,s009649
1879,2025-07-16 12:11:39,wishlist,18,s009650
610,2025-05-06 07:13:22,view,107,s009651
1179,2024-06-20 09:45:45,view,399,s009652
1226,2025-04-05 08:00:33,remove_from_cart,151,s009653
999,2025-10-17 07:35:48,view,71,s009654
1568,2025-12-01 23:11:30,purchase,281,s009655
2103,2024-10-31 20:23:59,view,210,s009656
667,2024-01-27 09:03:32,view,35,s009657
1589,2024-12-04 09:40:05,purchase,24,s009658
1948,2025-01-16 07:31:16,view,139,s009659
2432,2024-05-05 07:47:45,add_to_cart,305,s009660
2259,2025-10-14 15:45:18,view,121,s009661
1708,2024-02-18 19:18:04,view,94,s009662
1328,2025-07-21 14:06:01,add_to_cart,186,s009663
666,2024-12-08 09:27:36,view,267,s009664
3,2024-12-05 10:16:22,wishlist,193,s009665
1576,2024-01-07 20:20:09,view,383,s009666
747,2025-08-13 17:47:11,view,216,s009667
393,2024-11-06 10:56:58,view,354,s009668
1396,2024-08-13 16:12:40,view,23,s009669
212,2024-02-14 07:47:57,view,87,s009670
1300,2024-05-09 08:58:08,view,330,s009671
1200,2024-11-13 05:01:00,wishlist,94,s009672
1044,2024-08-06 12:39:41,view,253,s009673
1295,2024-08-21 21:32:01,add_to_cart,309,s009674
1903,2025-04-16 19:02:36,add_to_cart,118,s009675
675,2025-10-23 11:50:07,view,111,s009676
1109,2025-06-04 22:23:11,view,324,s009677
1420,2024-12-10 07:37:41,view,192,s009678
1289,2025-07-29 06:17:46,purchase,251,s009679
2050,2024-12-31 08:57:40,purchase,31,s009680
44,2024-03-13 00:27:55,view,10,s009681
2248,2025-02-07 11:27:13,view,89,s009682
2232,2024-03-17 09:41:17,remove_from_cart,228,s009683
2462,2024-10-30 17:21:11,view,31,s009684
1598,2024-12-07 06:59:54,wishlist,142,s009685
621,2024-07-27 21:42:54,add_to_cart,356,s009686
1274,2025-09-12 09:23:16,view,261,s009687
1986,2024-12-20 22:03:45,purchase,114,s009688
1485,2025-06-08 11:58:49,add_to_cart,196,s009689
1211,2024-11-12 12:13:25,view,245,s009690
2135,2024-09-27 19:24:41,view,263,s009691
503,2024-04-26 14:42:54,view,119,s009692
2460,2025-07-31 09:25:38,purchase,379,s009693
416,2025-02-24 13:20:38,view,118,s009694
1114,2024-02-16 13:50:35,view,314,s009695
931,2024-08-09 11:45:31,view,234,s009696
232,2024-05-29 20:27:08,wishlist,334,s009697
1958,2024-10-09 18:05:04,add_to_cart,226,s009698
1334,2025-02-23 20:53:31,remove_from_cart,326,s009699
276,2025-02-14 09:21:03,view,87,s009700
852,2025-09-26 09:01:30,view,125,s009701
33,2025-03-25 09:10:27,view,4,s009702
725,2024-11-03 22:14:01,add_to_cart,340,s009703
2167,2025-11-24 01:34:21,add_to_cart,219,s009704
253,2024-08-31 11:42:54,view,197,s009705
1500,2025-03-11 16:23:44,view,103,s009706
557,2025-02-14 19:34:27,purchase,341,s009707
2015,2025-07-18 13:53:00,view,72,s009708
1573,2025-05-07 18:58:38,purchase,252,s009709
2308,2024-03-21 22:20:20,add_to_cart,358,s009710
61,2025-01-15 20:27:14,add_to_cart,150,s009711
1472,2025-01-30 07:21:57,wishlist,354,s009712
1611,2024-12-08 05:12:58,view,100,s009713
119,2025-02-16 14:25:24,view,238,s009714
7,2025-01-14 12:00:06,add_to_cart,116,s009715
1578,2024-06-16 07:34:35,view,226,s009716
586,2025-10-26 18:03:24,add_to_cart,137,s009717
593,2025-05-21 10:47:23,view,316,s009718
829,2024-04-26 17:22:44,add_to_cart,265,s009719
2428,2025-05-17 16:56:00,view,139,s009720
1270,2025-01-20 12:47:52,view,50,s009721
1365,2024-10-19 18:40:58,purchase,158,s009722
2290,2025-01-07 21:20:32,wishlist,184,s009723
160,2025-10-07 11:19:31,view,37,s009724
2398,2024-05-01 03:57:30,add_to_cart,282,s009725
2167,2024-07-29 12:44:23,view,390,s009726
395,2024-07-16 16:23:23,wishlist,90,s009727
1842,2025-10-31 21:48:12,view,308,s009728
741,2025-07-08 18:56:41,view,177,s009729
225,2024-07-31 23:43:16,wishlist,117,s009730
2060,2025-06-20 07:33:43,view,251,s009731
1801,2025-10-05 22:50:01,view,280,s009732
266,2025-04-23 10:37:29,view,269,s009733
2170,2025-06-01 18:15:20,wishlist,393,s009734
2439,2025-02-20 19:13:22,wishlist,231,s009735
335,2024-11-08 11:09:16,view,42,s009736
1976,2025-02-04 18:34:40,remove_from_cart,229,s009737
886,2025-09-18 20:51:52,view,13,s009738
1787,2025-08-11 18:08:47,wishlist,195,s009739
966,2025-09-27 15:56:48,view,337,s009740
2441,2024-08-22 17:22:21,view,98,s009741
467,2025-05-21 10:47:13,view,265,s009742
2299,2024-09-05 07:54:52,view,389,s009743
706,2025-01-06 18:13:50,view,374,s009744
1766,2025-11-06 01:23:27,purchase,140,s009745
1198,2025-06-13 20:48:02,purchase,46,s009746
2289,2025-08-24 17:21:28,view,259,s009747
1080,2024-02-06 09:42:31,view,215,s009748
2425,2024-04-12 16:08:47,remove_from_cart,203,s009749
336,2024-11-10 18:15:40,add_to_cart,302,s009750
502,2025-02-20 18:13:30,wishlist,75,s009751
1797,2025-06-06 01:41:06,view,95,s009752
2133,2025-03-10 15:32:21,purchase,187,s009753
1868,2025-10-02 10:05:42,add_to_cart,207,s009754
1637,2025-08-26 23:31:40,wishlist,40,s009755
2372,2025-08-21 20:15:14,add_to_cart,287,s009756
1774,2025-08-08 19:32:05,purchase,47,s009757
1969,2024-08-01 20:15:26,view,282,s009758
1711,2025-01-20 21:46:00,purchase,359,s009759
2013,2025-04-01 14:39:56,view,294,s009760
430,2025-10-09 20:43:34,view,139,s009761
2474,2024-11-18 05:31:45,view,241,s009762
92,2024-02-28 13:11:47,view,126,s009763
1139,2024-01-11 06:51:20,view,89,s009764
2224,2024-08-22 13:50:56,add_to_cart,18,s009765
2331,2025-02-18 11:57:28,purchase,72,s009766
2156,2024-08-01 13:21:27,remove_from_cart,302,s009767
2462,2025-11-20 20:16:11,view,95,s009768
626,2025-10-22 19:02:06,view,186,s009769
2290,2025-08-01 08:06:58,view,222,s009770
2440,2025-07-17 12:27:04,view,13,s009771
2041,2025-07-21 22:13:33,add_to_cart,43,s009772
2482,2024-05-27 20:37:22,add_to_cart,29,s009773
1601,2024-12-20 17:55:19,view,307,s009774
2289,2025-09-15 22:28:15,wishlist,340,s009775
1454,2025-01-08 15:54:28,purchase,202,s009776
1059,2024-10-06 19:39:37,remove_from_cart,26,s009777
488,2025-01-08 08:01:07,view,186,s009778
1800,2024-02-29 10:14:50,view,99,s009779
115,2025-06-02 19:40:51,add_to_cart,331,s009780
2382,2025-03-31 11:02:52,add_to_cart,192,s009781
1598,2024-05-29 18:46:44,view,41,s009782
156,2024-12-24 20:12:36,add_to_cart,146,s009783
2154,2025-06-20 00:50:19,view,27,s009784
2148,2025-08-29 22:03:15,wishlist,164,s009785
1584,2024-03-22 10:58:14,view,75,s009786
1362,2024-02-28 13:16:41,view,217,s009787
1832,2024-06-24 08:20:22,view,190,s009788
1219,2025-12-05 21:45:47,view,373,s009789
1149,2024-12-17 11:35:02,purchase,43,s009790
1857,2025-01-19 13:01:31,view,74,s009791
2178,2024-07-15 01:41:07,wishlist,317,s009792
25,2025-10-16 06:00:48,purchase,344,s009793
479,2025-02-15 06:52:13,view,357,s009794
1165,2025-09-25 07:40:23,add_to_cart,163,s009795
523,2024-01-17 10:22:29,remove_from_cart,71,s009796
36,2025-07-21 18:28:45,purchase,86,s009797
2495,2025-04-13 13:22:59,wishlist,393,s009798
2090,2025-09-10 19:43:24,view,185,s009799
1335,2025-08-25 19:15:47,view,329,s009800
1555,2025-02-13 20:59:35,view,210,s009801
1875,2025-08-26 11:50:53,add_to_cart,80,s009802
1331,2025-08-18 07:55:08,view,75,s009803
1348,2024-11-13 08:42:17,add_to_cart,190,s009804
116,2025-02-16 13:51:56,view,138,s009805
1987,2024-09-21 13:24:39,view,234,s009806
717,2024-04-15 23:09:29,view,371,s009807
1576,2025-09-07 12:28:20,purchase,304,s009808
1378,2025-10-22 20:05:03,add_to_cart,322,s009809
430,2025-02-21 21:38:15,purchase,85,s009810
880,2024-06-06 10:43:07,add_to_cart,200,s009811
1772,2025-07-17 18:29:47,wishlist,167,s009812
1766,2024-03-04 18:30:38,view,3,s009813
1655,2025-08-14 19:14:03,view,211,s009814
971,2024-08-11 23:11:05,view,178,s009815
1390,2024-12-26 09:08:43,view,7,s009816
2427,2025-06-20 12:43:04,remove_from_cart,192,s009817
657,2025-06-22 07:44:14,view,381,s009818
1389,2024-11-27 23:51:59,view,240,s009819
2457,2025-06-18 08:57:08,view,186,s009820
853,2025-07-02 23:13:36,add_to_cart,116,s009821
1427,2025-04-22 08:12:32,view,148,s009822
810,2024-05-19 13:14:56,view,62,s009823
1285,2025-04-25 20:58:41,view,99,s009824
700,2024-01-15 08:25:21,view,216,s009825
2319,2025-06-15 09:51:02,view,121,s009826
1691,2024-03-28 23:30:31,view,101,s009827
624,2024-06-21 06:40:46,wishlist,8,s009828
773,2025-02-21 09:05:04,wishlist,89,s009829
770,2024-01-08 10:09:52,purchase,313,s009830
2449,2025-11-15 20:59:27,add_to_cart,191,s009831
1214,2025-01-15 06:44:02,purchase,251,s009832
588,2025-08-31 00:32:50,view,10,s009833
2345,2025-12-04 20:40:56,add_to_cart,220,s009834
1591,2024-08-07 19:13:07,view,384,s009835
129,2025-04-06 08:20:46,add_to_cart,204,s009836
1942,2024-08-13 18:57:05,add_to_cart,270,s009837
536,2024-03-27 04:27:52,wishlist,176,s009838
404,2025-05-31 20:43:26,remove_from_cart,72,s009839
1178,2024-01-31 10:27:17,view,375,s009840
1379,2024-02-12 08:04:12,wishlist,381,s009841
2201,2025-01-14 22:52:56,view,155,s009842
821,2025-08-13 22:29:54,view,12,s009843
1270,2025-07-23 09:24:19,view,256,s009844
791,2025-09-02 22:41:19,remove_from_cart,8,s009845
525,2025-05-27 23:33:57,view,59,s009846
2446,2024-01-31 21:03:42,view,322,s009847
487,2024-08-22 09:31:27,add_to_cart,144,s009848
459,2025-09-19 19:28:36,view,70,s009849
118,2024-08-01 08:25:57,view,6,s009850
1521,2025-05-25 18:25:11,view,364,s009851
33,2024-05-27 16:28:51,remove_from_cart,293,s009852
1361,2024-02-19 19:04:25,wishlist,44,s009853
1530,2024-09-02 10:58:48,wishlist,358,s009854
2021,2025-05-12 10:50:17,wishlist,351,s009855
499,2025-07-15 22:42:28,view,324,s009856
2012,2024-12-20 11:26:12,add_to_cart,85,s009857
1753,2024-09-27 21:17:41,add_to_cart,92,s009858
817,2024-10-14 18:47:51,view,30,s009859
1833,2025-10-15 14:00:17,add_to_cart,40,s009860
2342,2024-02-26 19:17:06,view,196,s009861
1951,2025-05-07 18:02:07,purchase,334,s009862
1559,2024-12-29 05:20:36,add_to_cart,44,s009863
411,2025-03-04 19:01:04,purchase,15,s009864
2207,2025-02-09 04:22:46,view,110,s009865
717,2024-05-29 19:52:14,purchase,17,s009866
1657,2024-06-21 05:14:45,add_to_cart,66,s009867
1419,2025-03-17 09:14:04,view,28,s009868
2156,2025-05-17 07:02:22,view,367,s009869
534,2025-03-23 21:30:05,remove_from_cart,76,s009870
621,2025-01-23 20:19:52,view,12,s009871
487,2025-11-27 20:04:54,view,72,s009872
1498,2025-11-28 14:45:59,view,202,s009873
290,2025-08-23 15:35:08,wishlist,213,s009874
322,2024-11-03 12:47:18,remove_from_cart,139,s009875
1344,2024-09-18 12:42:22,add_to_cart,19,s009876
443,2025-11-13 06:53:15,view,283,s009877
1839,2024-11-17 18:42:12,wishlist,36,s009878
2357,2024-06-24 20:26:55,purchase,281,s009879
1208,2025-04-09 17:22:58,add_to_cart,129,s009880
892,2025-09-06 18:25:22,remove_from_cart,227,s009881
495,2025-08-08 18:12:36,view,63,s009882
1991,2024-06-19 21:45:34,add_to_cart,306,s009883
958,2024-12-13 08:40:23,add_to_cart,141,s009884
672,2024-05-12 03:51:24,add_to_cart,210,s009885
1870,2024-09-04 07:43:48,add_to_cart,122,s009886
976,2025-09-18 10:41:18,view,243,s009887
1002,2024-03-13 12:19:32,view,164,s009888
2060,2024-07-26 12:28:36,view,293,s009889
1377,2024-10-07 19:24:19,view,239,s009890
2260,2025-04-29 08:45:24,view,230,s009891
1167,2024-01-31 09:34:29,purchase,363,s009892
673,2024-04-05 07:46:52,add_to_cart,88,s009893
32,2024-12-28 00:40:21,wishlist,142,s009894
668,2024-06-20 22:26:39,view,377,s009895
83,2024-12-13 08:41:18,view,153,s009896
1442,2024-11-22 08:40:10,view,82,s009897
1720,2025-09-02 23:04:14,view,323,s009898
575,2025-01-23 16:49:32,view,205,s009899
763,2024-10-28 08:00:35,add_to_cart,151,s009900
1107,2025-06-30 21:26:08,purchase,46,s009901
2085,2024-09-27 06:35:22,view,296,s009902
143,2024-01-04 23:38:06,remove_from_cart,17,s009903
2000,2025-10-14 17:07:03,purchase,201,s009904
154,2024-07-29 14:05:49,view,97,s009905
1869,2025-01-07 22:59:35,purchase,336,s009906
628,2024-09-26 10:53:54,view,120,s009907
2073,2024-06-30 12:20:55,wishlist,134,s009908
1591,2024-02-19 13:37:17,wishlist,102,s009909
1223,2025-05-18 05:25:26,view,92,s009910
1179,2024-10-21 11:36:10,view,60,s009911
2101,2024-01-25 19:45:08,view,325,s009912
150,2024-03-15 16:43:27,view,365,s009913
2190,2025-12-14 17:04:32,view,374,s009914
1559,2024-11-25 07:37:06,wishlist,391,s009915
555,2025-11-08 19:56:06,purchase,154,s009916
1170,2025-03-29 20:26:52,purchase,378,s009917
961,2024-05-26 18:11:25,wishlist,152,s009918
2033,2025-01-17 12:34:52,add_to_cart,348,s009919
115,2025-08-07 21:48:16,view,158,s009920
282,2025-10-18 19:16:08,view,382,s009921
1859,2024-10-19 22:45:47,purchase,80,s009922
2024,2024-07-08 19:32:16,view,12,s009923
380,2025-11-27 16:02:29,add_to_cart,60,s009924
1075,2025-11-18 19:50:12,wishlist,283,s009925
2469,2024-01-27 17:54:58,view,266,s009926
27,2025-04-22 12:19:17,add_to_cart,375,s009927
408,2025-01-25 17:33:21,view,178,s009928
2423,2024-04-06 06:37:24,remove_from_cart,276,s009929
1701,2025-11-30 09:46:29,view,139,s009930
1301,2024-01-06 09:14:14,view,302,s009931
852,2024-04-11 20:32:11,wishlist,140,s009932
1487,2024-10-26 23:17:59,add_to_cart,330,s009933
1026,2024-10-28 08:37:16,add_to_cart,15,s009934
981,2025-10-28 08:41:09,view,31,s009935
1240,2024-12-29 16:19:42,view,266,s009936
1156,2024-03-14 16:24:54,wishlist,98,s009937
483,2025-03-28 21:40:17,view,123,s009938
2296,2025-04-27 07:28:35,view,21,s009939
2275,2024-11-19 11:33:22,wishlist,274,s009940
289,2025-01-12 08:12:18,add_to_cart,253,s009941
1366,2025-02-17 08:51:27,view,64,s009942
1308,2025-02-26 10:29:13,add_to_cart,330,s009943
1058,2025-07-21 19:41:40,add_to_cart,87,s009944
418,2025-10-23 10:47:14,view,293,s009945
1535,2025-02-14 11:48:16,view,85,s009946
1,2025-02-14 20:04:43,wishlist,277,s009947
1175,2024-02-02 15:58:18,view,366,s009948
75,2024-12-19 18:21:44,view,352,s009949
787,2024-07-04 08:16:19,wishlist,167,s009950
617,2025-06-23 21:42:30,wishlist,299,s009951
2433,2025-10-17 18:59:07,view,236,s009952
1661,2025-09-06 09:47:10,wishlist,4,s009953
684,2025-03-23 20:59:25,remove_from_cart,189,s009954
2028,2025-05-09 12:45:54,wishlist,243,s009955
932,2024-01-03 06:42:09,view,1,s009956
413,2024-05-04 10:47:57,purchase,218,s009957
698,2024-12-27 19:24:04,add_to_cart,35,s009958
1815,2025-06-29 22:00:40,view,222,s009959
2185,2024-07-17 20:57:36,view,371,s009960
1619,2025-03-14 12:08:25,wishlist,348,s009961
2080,2024-11-20 19:35:32,purchase,315,s009962
816,2024-07-11 21:55:02,view,322,s009963
1346,2024-08-16 08:31:31,add_to_cart,287,s009964
1967,2025-11-17 13:00:16,view,121,s009965
1437,2024-03-20 07:44:07,view,305,s009966
1420,2025-05-19 14:56:01,purchase,258,s009967
844,2025-08-16 04:34:01,remove_from_cart,73,s009968
1724,2025-07-01 17:03:03,purchase,265,s009969
2055,2025-01-18 20:20:27,view,274,s009970
806,2025-09-29 22:58:23,add_to_cart,101,s009971
1028,2024-04-06 15:49:44,view,22,s009972
704,2024-12-16 21:38:14,purchase,152,s009973
2492,2024-11-19 00:52:52,wishlist,169,s009974
758,2025-09-26 20:17:10,view,303,s009975
657,2024-01-16 10:27:07,view,152,s009976
1880,2025-11-22 10:00:00,view,195,s009977
767,2025-07-29 00:18:15,view,257,s009978
2190,2025-11-16 11:55:35,add_to_cart,348,s009979
1654,2025-12-04 21:10:19,view,237,s009980
2355,2025-07-17 10:55:19,add_to_cart,7,s009981
679,2025-06-24 20:11:58,wishlist,115,s009982
1286,2025-08-22 09:30:51,view,33,s009983
1804,2025-08-09 04:03:10,view,315,s009984
679,2025-07-07 08:25:25,view,237,s009985
581,2025-06-30 15:32:05,wishlist,143,s009986
1127,2024-01-26 19:35:54,purchase,248,s009987
1268,2024-08-05 05:22:08,view,377,s009988
2076,2024-05-28 15:45:44,purchase,281,s009989
811,2024-12-25 09:57:13,add_to_cart,38,s009990
225,2025-01-08 17:07:18,view,41,s009991
1904,2024-02-16 20:54:05,add_to_cart,275,s009992
2427,2024-12-18 08:50:37,view,98,s009993
1456,2025-01-26 11:01:45,purchase,348,s009994
1761,2024-11-12 17:08:53,purchase,76,s009995
1096,2025-06-17 12:14:00,purchase,322,s009996
366,2025-11-17 02:07:59,view,38,s009997
2367,2024-06-07 13:31:35,add_to_cart,267,s009998
1818,2024-06-16 08:48:13,add_to_cart,37,s009999
2187,2024-10-15 10:07:25,view,400,s010000
2256,2025-06-27 02:51:43,view,267,s010001
1,2024-11-16 05:14:40,view,315,s010002
119,2025-08-15 20:47:50,view,342,s010003
1743,2024-03-08 13:36:30,view,83,s010004
658,2025-05-27 16:56:11,view,247,s010005
1175,2025-03-08 08:44:13,view,93,s010006
1887,2025-03-20 06:11:24,add_to_cart,324,s010007
549,2024-03-21 08:08:52,view,392,s010008
1035,2025-11-10 20:46:52,view,363,s010009
557,2024-05-17 16:11:30,view,101,s010010
1581,2025-08-12 09:49:36,view,218,s010011
691,2025-09-15 13:12:58,view,136,s010012
1744,2025-11-23 04:21:51,wishlist,81,s010013
688,2024-05-13 23:32:54,add_to_cart,226,s010014
498,2024-04-01 12:15:43,add_to_cart,145,s010015
1075,2024-04-05 05:08:33,add_to_cart,238,s010016
200,2024-07-07 13:23:27,view,138,s010017
1279,2024-04-29 22:24:47,wishlist,278,s010018
2397,2024-01-29 05:39:46,view,68,s010019
1471,2024-07-06 08:07:58,view,207,s010020
1370,2025-04-12 06:35:34,view,246,s010021
1745,2024-05-01 05:40:14,purchase,349,s010022
962,2025-09-13 00:16:41,wishlist,178,s010023
1459,2025-09-30 23:38:28,add_to_cart,352,s010024
2286,2025-03-12 10:22:53,wishlist,12,s010025
2455,2025-06-01 23:04:48,purchase,139,s010026
1559,2024-09-11 05:14:35,view,285,s010027
1563,2024-11-25 07:16:36,add_to_cart,222,s010028
1171,2024-01-06 11:57:30,purchase,63,s010029
207,2025-06-25 21:30:20,add_to_cart,288,s010030
894,2024-02-17 14:56:30,wishlist,150,s010031
2370,2024-02-10 20:20:23,purchase,383,s010032
109,2025-05-07 18:26:06,remove_from_cart,299,s010033
2259,2025-05-07 19:26:15,view,2,s010034
1129,2025-08-21 09:55:58,view,354,s010035
2051,2024-07-13 18:34:23,view,71,s010036
1420,2025-02-07 10:53:59,view,163,s010037
1290,2024-04-23 18:50:58,view,281,s010038
1147,2024-09-22 21:02:49,view,259,s010039
2440,2025-07-11 09:16:38,wishlist,373,s010040
929,2025-08-22 06:08:00,view,313,s010041
2462,2025-04-04 12:56:46,view,27,s010042
182,2024-02-12 21:18:50,view,260,s010043
1057,2024-12-10 09:52:17,wishlist,102,s010044
2002,2025-03-15 15:31:33,view,319,s010045
2090,2024-03-11 10:55:33,view,218,s010046
1214,2025-03-28 19:28:07,view,18,s010047
717,2024-04-13 09:57:39,view,226,s010048
1474,2025-06-19 17:35:41,wishlist,137,s010049
1314,2025-01-23 08:39:27,view,104,s010050
1329,2024-11-28 19:57:30,add_to_cart,28,s010051
887,2025-02-23 19:41:21,view,386,s010052
2355,2025-06-09 07:51:47,add_to_cart,24,s010053
1475,2024-12-04 19:10:12,add_to_cart,260,s010054
806,2025-06-15 13:15:16,add_to_cart,318,s010055
431,2025-12-02 21:04:31,add_to_cart,333,s010056
280,2025-09-10 08:55:47,view,224,s010057
1431,2025-02-14 23:38:52,view,73,s010058
921,2024-05-26 19:46:24,add_to_cart,107,s010059
1576,2024-05-06 09:23:03,view,148,s010060
123,2024-02-25 20:26:55,view,56,s010061
1532,2024-12-20 00:19:36,add_to_cart,72,s010062
1085,2024-08-01 20:20:08,add_to_cart,351,s010063
657,2024-04-12 05:40:16,view,207,s010064
2210,2024-07-25 08:01:42,view,193,s010065
1365,2024-07-08 09:23:56,add_to_cart,354,s010066
2033,2025-09-27 10:52:46,purchase,270,s010067
1769,2025-04-06 07:15:52,remove_from_cart,257,s010068
2431,2024-06-01 13:11:29,view,282,s010069
320,2024-10-26 18:10:41,add_to_cart,58,s010070
2253,2024-03-18 00:44:17,view,266,s010071
2473,2025-08-14 22:47:39,view,320,s010072
2070,2024-02-06 17:25:47,view,221,s010073
2276,2024-05-17 07:37:31,remove_from_cart,137,s010074
1015,2024-09-30 20:06:53,view,197,s010075
496,2024-11-04 14:09:58,view,323,s010076
2245,2025-05-05 15:26:55,view,124,s010077
2169,2024-06-02 15:13:30,add_to_cart,75,s010078
1016,2024-12-05 07:50:19,add_to_cart,271,s010079
1641,2024-04-16 10:40:00,add_to_cart,91,s010080
647,2024-10-12 19:50:27,wishlist,39,s010081
1847,2025-05-10 10:42:58,wishlist,52,s010082
2476,2024-05-01 10:08:39,add_to_cart,273,s010083
753,2025-10-29 20:14:08,view,291,s010084
1891,2024-04-18 22:20:57,view,391,s010085
1422,2024-01-26 06:56:35,view,372,s010086
2247,2025-02-28 03:44:57,view,32,s010087
51,2025-07-10 14:39:39,view,172,s010088
56,2024-06-17 19:43:26,remove_from_cart,134,s010089
237,2025-09-29 09:01:18,view,179,s010090
1251,2024-10-22 20:58:09,view,187,s010091
1140,2024-04-06 12:38:11,view,200,s010092
2243,2025-02-11 09:44:23,add_to_cart,261,s010093
38,2024-05-20 18:15:00,add_to_cart,294,s010094
1642,2025-11-15 05:12:28,wishlist,243,s010095
1643,2025-02-20 21:47:31,add_to_cart,338,s010096
467,2024-01-08 18:00:30,view,117,s010097
665,2024-11-27 07:03:56,view,265,s010098
18,2025-03-07 19:13:59,view,214,s010099
1953,2024-01-22 08:06:56,view,254,s010100
2494,2024-03-09 21:41:03,view,283,s010101
1019,2024-06-22 23:44:16,view,251,s010102
470,2024-08-26 21:55:49,purchase,6,s010103
1373,2025-07-23 12:03:20,view,74,s010104
2458,2025-11-20 19:44:11,view,115,s010105
1201,2024-01-19 16:05:17,view,258,s010106
2001,2024-11-25 10:02:22,view,358,s010107
134,2025-03-15 13:05:48,view,246,s010108
2210,2024-03-04 21:01:54,view,93,s010109
502,2025-06-21 09:08:00,view,93,s010110
464,2024-01-25 19:28:58,wishlist,296,s010111
1951,2024-11-18 21:18:41,view,386,s010112
758,2024-04-24 02:02:38,view,59,s010113
240,2024-03-18 23:32:15,remove_from_cart,374,s010114
2102,2025-01-20 21:23:20,wishlist,216,s010115
2020,2024-09-28 09:40:29,wishlist,382,s010116
736,2024-01-30 21:04:45,add_to_cart,306,s010117
1325,2024-12-29 19:47:07,purchase,369,s010118
1621,2025-09-23 19:12:55,wishlist,299,s010119
1642,2025-04-12 19:59:41,wishlist,190,s010120
137,2024-12-19 09:32:25,purchase,22,s010121
752,2024-05-12 10:35:47,purchase,209,s010122
113,2024-01-18 04:55:02,add_to_cart,163,s010123
1477,2025-08-11 22:49:05,view,288,s010124
2427,2024-08-13 10:26:21,wishlist,177,s010125
1624,2025-10-20 04:35:00,view,203,s010126
1360,2025-07-06 09:55:25,view,131,s010127
2499,2025-06-14 23:47:43,remove_from_cart,257,s010128
1270,2025-07-19 22:01:44,wishlist,373,s010129
760,2025-12-14 23:02:17,add_to_cart,162,s010130
717,2024-03-20 06:29:47,view,389,s010131
1247,2024-04-29 12:27:18,wishlist,222,s010132
2341,2025-07-30 08:41:00,view,326,s010133
852,2025-11-19 19:43:50,add_to_cart,390,s010134
1619,2024-12-04 17:38:21,purchase,199,s010135
845,2024-01-05 02:17:36,view,357,s010136
567,2024-07-02 14:22:46,wishlist,62,s010137
2154,2024-06-23 19:07:46,purchase,205,s010138
691,2024-02-08 18:05:59,view,180,s010139
2131,2025-11-29 08:31:03,wishlist,301,s010140
1088,2025-08-12 23:35:19,view,35,s010141
1631,2025-06-26 11:43:12,purchase,347,s010142
974,2024-07-28 20:38:48,remove_from_cart,184,s010143
1766,2025-07-15 16:49:24,view,74,s010144
1615,2025-10-06 12:49:00,wishlist,163,s010145
905,2024-05-11 07:56:57,purchase,49,s010146
1912,2024-04-12 17:27:07,wishlist,189,s010147
636,2025-04-07 05:02:28,add_to_cart,219,s010148
688,2024-01-11 02:27:12,wishlist,337,s010149
391,2024-09-01 12:54:30,add_to_cart,169,s010150
1712,2024-06-02 01:28:05,view,140,s010151
405,2025-02-23 18:33:29,wishlist,101,s010152
655,2025-06-23 09:29:46,view,231,s010153
1362,2024-04-11 23:19:32,wishlist,101,s010154
1850,2025-06-07 10:52:40,view,49,s010155
2182,2025-10-30 13:22:41,view,398,s010156
352,2025-06-05 18:23:22,view,108,s010157
1524,2025-02-20 19:46:20,view,255,s010158
168,2024-08-05 09:06:18,view,378,s010159
760,2025-08-10 14:05:56,wishlist,117,s010160
228,2025-07-23 09:49:28,add_to_cart,175,s010161
852,2024-12-04 06:22:18,wishlist,339,s010162
171,2024-05-08 09:07:32,view,303,s010163
469,2025-03-16 18:58:59,view,311,s010164
1670,2024-05-28 17:06:18,add_to_cart,294,s010165
1887,2024-05-10 22:37:21,remove_from_cart,39,s010166
1599,2025-04-03 23:49:04,view,96,s010167
1424,2024-09-09 19:43:25,wishlist,392,s010168
1609,2024-03-08 14:44:07,add_to_cart,122,s010169
954,2025-10-20 07:05:11,view,15,s010170
979,2024-12-01 19:49:07,wishlist,130,s010171
1786,2024-02-26 04:22:58,add_to_cart,218,s010172
1990,2024-11-28 23:37:40,add_to_cart,386,s010173
1259,2025-08-07 07:01:09,wishlist,183,s010174
2399,2025-05-29 12:57:17,view,3,s010175
1969,2024-01-18 22:42:47,add_to_cart,159,s010176
2091,2025-11-24 23:15:07,wishlist,226,s010177
1975,2024-04-05 16:04:04,view,289,s010178
886,2025-11-07 20:53:57,add_to_cart,95,s010179
2259,2025-08-13 03:27:10,view,345,s010180
525,2024-09-13 02:42:39,purchase,197,s010181
1554,2025-01-20 20:43:25,add_to_cart,16,s010182
666,2024-03-20 21:41:34,purchase,151,s010183
2040,2024-01-27 10:32:03,view,72,s010184
1481,2024-03-16 05:13:13,view,109,s010185
1386,2025-02-14 17:12:32,view,155,s010186
878,2024-03-19 19:12:20,view,236,s010187
2395,2025-11-12 21:31:20,view,55,s010188
1072,2025-01-18 20:16:19,purchase,366,s010189
845,2025-10-20 20:03:57,view,252,s010190
1874,2024-03-05 11:23:22,view,123,s010191
746,2025-07-29 07:29:05,view,48,s010192
76,2025-01-20 20:17:35,view,127,s010193
811,2024-10-15 04:54:02,purchase,178,s010194
286,2025-06-24 13:36:55,view,49,s010195
1142,2024-07-22 20:27:49,wishlist,52,s010196
1148,2025-03-09 09:18:42,purchase,283,s010197
1748,2025-01-17 09:23:31,purchase,3,s010198
796,2024-10-22 18:00:42,purchase,39,s010199
1924,2024-12-07 04:21:32,view,389,s010200
1437,2024-11-01 13:09:34,view,72,s010201
2112,2025-09-19 20:32:40,wishlist,291,s010202
1360,2025-12-01 19:10:46,view,49,s010203
2494,2025-04-26 19:31:03,remove_from_cart,143,s010204
2419,2024-03-31 23:18:40,purchase,110,s010205
2077,2024-11-27 13:00:38,view,145,s010206
1549,2025-12-14 21:11:03,view,341,s010207
71,2025-10-10 16:57:28,purchase,137,s010208
263,2024-12-23 21:04:24,view,96,s010209
422,2024-07-11 18:06:52,wishlist,198,s010210
2441,2024-11-21 07:28:32,view,289,s010211
1735,2024-01-17 08:01:28,remove_from_cart,197,s010212
649,2025-06-18 22:14:15,remove_from_cart,388,s010213
1161,2024-11-08 10:36:27,view,59,s010214
392,2025-04-14 22:34:48,view,371,s010215
778,2025-11-28 17:51:03,add_to_cart,201,s010216
2010,2025-11-28 14:36:26,view,235,s010217
2323,2024-03-19 20:31:53,view,368,s010218
1500,2024-01-24 09:30:03,purchase,22,s010219
2473,2024-07-27 12:20:12,purchase,55,s010220
1950,2025-08-27 09:56:11,add_to_cart,245,s010221
162,2024-04-03 18:46:11,remove_from_cart,203,s010222
2061,2024-11-08 12:28:59,view,106,s010223
2035,2024-02-01 16:22:56,view,96,s010224
1903,2024-10-15 17:37:47,view,339,s010225
2485,2025-06-10 08:23:57,view,347,s010226
2464,2025-06-29 08:50:50,add_to_cart,122,s010227
412,2025-10-28 19:00:18,add_to_cart,160,s010228
2218,2025-07-02 11:26:05,view,230,s010229
26,2025-11-03 23:04:58,view,218,s010230
1523,2024-05-23 09:42:24,view,204,s010231
1494,2025-03-10 20:03:21,remove_from_cart,174,s010232
548,2025-06-05 09:30:19,add_to_cart,112,s010233
6,2024-04-01 01:52:27,view,314,s010234
1227,2024-05-20 13:12:20,view,357,s010235
2100,2024-08-20 08:17:55,add_to_cart,81,s010236
1271,2024-06-13 17:20:43,wishlist,176,s010237
739,2025-01-20 20:55:15,view,228,s010238
500,2024-12-30 14:35:09,view,370,s010239
1464,2024-07-12 11:11:29,view,185,s010240
571,2025-11-05 18:37:18,view,114,s010241
2064,2024-01-28 19:30:51,add_to_cart,32,s010242
1897,2024-04-22 18:42:23,view,262,s010243
2053,2024-06-08 16:33:24,purchase,286,s010244
1028,2025-11-20 18:32:52,view,330,s010245
1727,2024-10-19 09:36:20,add_to_cart,237,s010246
1403,2024-07-14 08:14:04,view,373,s010247
2379,2024-05-13 05:11:08,purchase,22,s010248
1484,2025-05-25 09:37:45,view,265,s010249
1961,2024-01-07 12:11:13,remove_from_cart,257,s010250
1209,2024-02-17 18:46:05,view,293,s010251
1983,2024-04-28 04:13:46,view,259,s010252
1754,2025-06-14 20:52:45,remove_from_cart,69,s010253
817,2024-12-17 12:25:02,view,206,s010254
1942,2025-11-01 10:53:46,wishlist,175,s010255
1414,2024-04-15 11:46:15,add_to_cart,136,s010256
2045,2024-01-11 02:20:50,wishlist,298,s010257
149,2025-10-06 22:05:27,add_to_cart,324,s010258
1953,2024-01-02 08:01:29,wishlist,324,s010259
1275,2024-05-28 17:12:03,remove_from_cart,176,s010260
1438,2024-06-04 19:11:01,view,50,s010261
2187,2024-02-13 18:05:22,wishlist,225,s010262
766,2024-01-13 12:54:53,view,40,s010263
1976,2025-01-05 20:50:23,add_to_cart,171,s010264
1153,2024-06-26 20:16:05,wishlist,204,s010265
1913,2024-07-27 16:00:32,view,130,s010266
794,2025-05-25 10:57:40,purchase,43,s010267
1496,2024-10-14 10:26:07,wishlist,313,s010268
240,2024-06-19 10:28:06,view,127,s010269
1223,2024-03-20 19:01:53,view,178,s010270
231,2024-01-04 08:07:27,view,21,s010271
212,2025-01-03 21:24:23,add_to_cart,240,s010272
269,2025-02-12 22:23:43,view,149,s010273
3,2025-07-09 09:38:40,wishlist,366,s010274
2113,2025-12-14 13:22:30,remove_from_cart,97,s010275
2049,2024-03-27 21:36:28,view,133,s010276
236,2024-03-26 08:22:42,view,13,s010277
1568,2025-07-24 19:49:20,view,317,s010278
1193,2024-01-17 05:49:18,view,335,s010279
221,2025-11-12 08:01:35,view,100,s010280
1069,2025-08-30 07:17:07,wishlist,16,s010281
1646,2024-10-01 08:12:59,view,363,s010282
1750,2025-06-21 09:53:55,add_to_cart,14,s010283
2308,2025-03-24 20:58:10,view,215,s010284
2098,2025-08-08 10:51:32,view,320,s010285
1185,2024-04-09 07:26:49,view,266,s010286
1156,2024-12-19 22:09:17,view,81,s010287
378,2025-10-28 15:54:35,remove_from_cart,340,s010288
1639,2025-06-13 22:54:37,wishlist,125,s010289
2389,2025-02-19 20:18:52,purchase,3,s010290
285,2025-01-14 07:08:44,remove_from_cart,378,s010291
1343,2025-07-06 05:53:43,wishlist,355,s010292
1632,2025-06-02 21:52:16,remove_from_cart,323,s010293
2039,2025-06-12 18:21:34,view,128,s010294
1175,2025-03-17 20:56:24,view,362,s010295
672,2024-10-04 06:44:06,wishlist,372,s010296
1186,2025-01-21 19:28:57,view,37,s010297
244,2025-06-07 18:12:22,wishlist,212,s010298
348,2024-08-02 19:06:38,view,43,s010299
1245,2025-12-07 09:57:15,view,288,s010300
2293,2025-11-09 21:05:43,view,297,s010301
2448,2025-11-04 12:20:14,view,357,s010302
612,2025-09-10 08:38:07,add_to_cart,228,s010303
746,2025-01-25 18:08:46,add_to_cart,176,s010304
629,2024-12-08 08:41:54,purchase,220,s010305
1649,2024-07-03 07:42:07,view,147,s010306
606,2024-06-23 20:40:16,add_to_cart,131,s010307
1565,2024-02-06 22:19:40,view,260,s010308
349,2025-10-19 20:46:03,wishlist,362,s010309
1977,2025-08-05 20:09:22,view,37,s010310
2294,2025-11-25 23:18:49,add_to_cart,299,s010311
2128,2025-01-02 23:38:03,purchase,361,s010312
258,2025-05-03 19:48:11,view,297,s010313
1060,2024-06-26 15:44:29,remove_from_cart,85,s010314
1715,2024-03-25 21:05:17,view,134,s010315
246,2024-03-10 22:31:34,view,260,s010316
1256,2025-08-19 16:19:22,view,208,s010317
996,2025-11-11 10:09:19,wishlist,148,s010318
1642,2024-02-28 14:03:35,view,262,s010319
1894,2024-03-09 01:51:17,remove_from_cart,297,s010320
2226,2025-09-22 07:30:22,view,171,s010321
286,2024-08-15 19:39:23,view,147,s010322
56,2025-04-17 19:09:12,view,254,s010323
1194,2025-01-31 13:07:03,view,397,s010324
764,2024-09-20 10:17:34,view,182,s010325
356,2024-07-04 23:27:38,view,116,s010326
257,2024-12-23 18:55:52,view,248,s010327
2206,2025-06-26 12:11:31,wishlist,394,s010328
1343,2025-11-18 07:41:15,add_to_cart,230,s010329
1205,2024-08-08 12:20:06,view,113,s010330
520,2025-11-25 10:13:04,add_to_cart,341,s010331
1978,2024-05-15 07:22:08,remove_from_cart,148,s010332
1002,2024-07-04 16:34:54,view,385,s010333
1652,2025-08-28 10:28:46,view,289,s010334
2041,2024-01-09 06:17:55,view,185,s010335
747,2024-09-16 15:11:56,wishlist,21,s010336
910,2024-08-19 08:45:02,view,18,s010337
1462,2024-06-19 08:50:44,view,103,s010338
1757,2024-10-21 18:24:52,view,117,s010339
93,2024-01-22 18:06:37,wishlist,351,s010340
330,2024-08-17 04:53:51,view,86,s010341
1289,2025-11-04 08:24:07,view,165,s010342
2327,2025-03-09 05:10:51,view,21,s010343
1804,2024-06-27 17:19:17,purchase,398,s010344
830,2025-02-19 20:11:00,remove_from_cart,319,s010345
518,2025-05-17 23:56:07,view,117,s010346
193,2025-09-08 15:30:04,wishlist,113,s010347
2430,2024-11-04 12:16:03,view,121,s010348
119,2024-04-15 04:19:48,remove_from_cart,39,s010349
898,2024-02-08 08:26:37,view,269,s010350
456,2024-02-11 19:55:30,view,107,s010351
1005,2024-04-08 07:37:35,wishlist,390,s010352
160,2025-09-21 20:06:07,view,97,s010353
842,2025-05-29 16:58:05,wishlist,261,s010354
741,2025-08-01 11:59:20,remove_from_cart,362,s010355
832,2025-05-19 08:13:43,view,187,s010356
751,2025-01-19 13:32:37,wishlist,337,s010357
1979,2024-03-06 23:37:52,purchase,333,s010358
2238,2024-12-27 19:40:18,add_to_cart,205,s010359
1044,2025-10-19 20:56:36,purchase,310,s010360
1021,2025-04-10 12:49:01,view,235,s010361
1253,2025-01-01 20:49:13,view,125,s010362
62,2025-03-01 00:43:50,view,138,s010363
857,2025-07-01 21:32:48,view,56,s010364
872,2025-11-22 08:00:41,view,162,s010365
652,2024-04-16 10:12:49,view,190,s010366
491,2025-09-27 21:37:01,add_to_cart,361,s010367
1889,2024-04-10 18:24:36,wishlist,300,s010368
121,2025-01-14 16:59:09,add_to_cart,203,s010369
84,2024-12-23 14:11:21,add_to_cart,9,s010370
1670,2024-02-19 09:11:24,wishlist,92,s010371
1162,2024-07-06 18:41:32,view,84,s010372
2021,2024-08-19 11:46:43,add_to_cart,174,s010373
1628,2024-04-07 09:05:38,remove_from_cart,106,s010374
1021,2024-06-11 16:50:58,add_to_cart,104,s010375
1226,2025-10-13 21:46:12,view,195,s010376
997,2025-03-30 21:35:10,wishlist,400,s010377
244,2024-05-17 07:22:44,view,339,s010378
2044,2024-08-10 08:53:07,remove_from_cart,182,s010379
2160,2025-11-10 18:07:19,view,214,s010380
1645,2024-06-07 17:33:45,wishlist,164,s010381
2431,2025-12-11 10:10:30,view,18,s010382
1244,2024-01-13 19:04:18,view,127,s010383
272,2024-07-29 11:26:26,view,143,s010384
1488,2024-04-23 08:00:35,wishlist,244,s010385
1531,2024-03-08 15:16:22,add_to_cart,10,s010386
1471,2025-07-04 10:13:05,view,142,s010387
2421,2025-11-09 19:09:19,wishlist,312,s010388
2256,2025-01-28 08:24:26,view,133,s010389
1699,2024-08-25 21:29:39,view,394,s010390
1410,2025-01-26 16:22:16,wishlist,5,s010391
2403,2025-05-05 14:46:22,view,46,s010392
263,2025-10-31 10:30:11,view,292,s010393
1976,2025-03-24 17:59:00,purchase,266,s010394
1539,2025-07-15 20:31:43,view,355,s010395
1140,2025-11-26 10:54:32,view,116,s010396
824,2024-09-04 08:21:41,purchase,104,s010397
2271,2024-01-13 15:07:59,wishlist,96,s010398
1438,2025-04-20 16:22:03,wishlist,7,s010399
683,2025-09-29 18:56:31,view,308,s010400
1451,2024-03-22 16:41:29,purchase,277,s010401
2048,2024-01-23 13:19:09,add_to_cart,124,s010402
145,2024-11-27 20:33:27,add_to_cart,369,s010403
1362,2024-05-03 08:36:50,view,17,s010404
966,2024-02-09 20:34:15,view,241,s010405
157,2024-10-31 14:12:46,wishlist,23,s010406
916,2024-01-17 22:21:44,add_to_cart,236,s010407
2373,2024-03-01 19:16:15,view,146,s010408
1378,2025-02-04 17:49:44,view,306,s010409
2429,2025-01-07 15:09:49,add_to_cart,72,s010410
1368,2024-11-23 22:11:30,wishlist,378,s010411
2440,2024-01-22 19:02:25,view,135,s010412
2143,2025-05-31 21:14:39,view,122,s010413
2490,2025-06-16 14:26:59,wishlist,198,s010414
1877,2024-05-05 09:14:36,view,51,s010415
648,2025-12-03 05:58:23,view,19,s010416
1488,2024-03-31 08:27:53,view,370,s010417
1934,2025-06-08 08:33:02,view,290,s010418
352,2025-10-22 21:05:25,view,83,s010419
1260,2024-11-01 07:35:41,purchase,366,s010420
672,2024-09-07 11:02:14,wishlist,393,s010421
2308,2024-03-30 16:12:55,view,34,s010422
1143,2025-04-12 18:13:20,add_to_cart,231,s010423
794,2024-07-07 19:38:09,purchase,303,s010424
1065,2025-01-15 12:00:09,view,197,s010425
2063,2024-09-24 20:22:30,purchase,362,s010426
1098,2024-12-21 08:48:19,purchase,11,s010427
493,2024-11-02 11:29:14,view,57,s010428
1350,2025-06-20 10:59:51,view,252,s010429
2470,2024-06-09 14:41:57,view,99,s010430
273,2025-08-04 05:23:40,view,370,s010431
192,2025-09-28 17:31:25,view,160,s010432
1237,2025-10-14 13:34:08,view,36,s010433
1750,2025-06-22 22:17:29,wishlist,171,s010434
735,2024-08-10 20:35:02,wishlist,220,s010435
1948,2025-06-01 17:57:18,purchase,137,s010436
1565,2025-11-24 09:41:43,view,287,s010437
1380,2024-08-06 20:20:15,view,362,s010438
781,2024-05-06 09:30:29,view,337,s010439
889,2024-04-13 20:45:52,wishlist,382,s010440
267,2024-11-10 21:27:33,view,344,s010441
577,2025-12-06 09:01:46,add_to_cart,207,s010442
1764,2025-08-31 21:16:42,view,302,s010443
2163,2024-08-02 04:10:23,remove_from_cart,99,s010444
707,2025-08-12 20:45:02,add_to_cart,390,s010445
240,2024-01-18 11:09:17,wishlist,114,s010446
1312,2025-03-20 16:47:52,purchase,225,s010447
860,2024-08-25 12:31:30,view,165,s010448
1753,2024-01-05 13:50:29,add_to_cart,202,s010449
1680,2024-12-22 19:24:28,view,367,s010450
1869,2025-06-14 08:38:41,view,54,s010451
760,2025-03-22 20:58:11,view,368,s010452
1647,2024-05-26 08:54:10,purchase,255,s010453
27,2025-06-06 19:33:07,add_to_cart,237,s010454
2304,2024-12-17 11:55:30,view,392,s010455
1088,2024-04-16 17:06:47,add_to_cart,227,s010456
423,2024-06-16 21:01:39,add_to_cart,214,s010457
985,2025-02-02 06:56:09,view,371,s010458
1462,2024-10-28 10:25:34,view,24,s010459
211,2024-12-16 13:06:25,purchase,268,s010460
514,2024-10-19 21:03:02,purchase,84,s010461
1655,2024-04-30 17:13:48,view,48,s010462
740,2025-11-02 19:42:16,view,319,s010463
120,2025-06-24 20:07:25,view,47,s010464
1943,2025-06-19 17:34:55,add_to_cart,92,s010465
1333,2024-03-31 05:37:32,wishlist,263,s010466
1787,2024-11-23 21:47:05,purchase,216,s010467
1534,2025-11-11 19:24:23,view,9,s010468
979,2024-10-08 11:23:04,wishlist,276,s010469
366,2025-12-05 08:04:52,view,146,s010470
2416,2024-12-29 05:36:50,view,60,s010471
1325,2025-08-27 02:02:03,wishlist,109,s010472
1189,2025-05-17 17:50:59,view,134,s010473
2312,2024-10-03 16:13:45,view,118,s010474
130,2024-09-07 10:27:44,add_to_cart,25,s010475
2402,2025-05-13 19:54:55,purchase,93,s010476
1991,2024-10-12 12:34:01,view,309,s010477
1613,2024-04-18 22:09:38,view,300,s010478
233,2024-04-02 19:49:35,purchase,193,s010479
1273,2025-12-03 09:51:27,view,80,s010480
511,2025-11-13 21:56:49,add_to_cart,207,s010481
2084,2025-03-19 15:01:20,view,384,s010482
1631,2024-11-11 23:15:56,view,258,s010483
2119,2025-12-13 12:54:36,view,332,s010484
546,2025-08-31 11:09:20,add_to_cart,161,s010485
1315,2024-11-11 17:50:44,purchase,177,s010486
2133,2025-09-03 09:54:43,add_to_cart,176,s010487
2033,2024-07-11 21:23:35,view,206,s010488
117,2025-03-21 07:32:44,view,284,s010489
860,2024-12-03 12:21:23,add_to_cart,300,s010490
787,2025-08-15 08:51:36,view,226,s010491
1339,2025-04-17 21:47:06,view,292,s010492
1867,2025-02-16 12:31:17,view,258,s010493
175,2025-04-01 20:33:37,view,191,s010494
2115,2024-09-15 20:09:48,add_to_cart,333,s010495
1351,2024-01-27 13:29:10,view,92,s010496
1570,2025-11-27 07:11:12,purchase,46,s010497
2233,2024-03-18 15:43:58,wishlist,7,s010498
1022,2024-12-30 10:22:33,purchase,115,s010499
1463,2024-12-23 18:42:35,remove_from_cart,358,s010500
2066,2024-12-11 07:39:03,purchase,99,s010501
1450,2024-08-03 20:45:23,view,289,s010502
2102,2024-04-13 12:22:15,add_to_cart,284,s010503
2474,2024-06-16 20:58:22,add_to_cart,354,s010504
1237,2025-09-08 18:30:50,wishlist,379,s010505
1858,2025-08-02 22:25:35,view,274,s010506
980,2024-08-07 10:00:16,view,41,s010507
1277,2024-08-07 21:46:38,view,316,s010508
1761,2024-10-26 19:42:52,add_to_cart,270,s010509
109,2025-06-11 21:24:43,wishlist,22,s010510
796,2024-09-27 18:59:55,view,76,s010511
2289,2024-04-18 21:50:07,remove_from_cart,315,s010512
1264,2024-03-19 12:20:11,purchase,166,s010513
710,2024-03-03 11:40:24,view,325,s010514
1563,2025-07-18 20:57:53,view,372,s010515
3,2024-11-05 08:19:43,view,45,s010516
1252,2024-06-29 19:45:22,view,229,s010517
693,2025-06-11 12:11:35,add_to_cart,366,s010518
627,2024-09-11 20:11:56,view,184,s010519
1972,2024-09-11 21:19:56,view,100,s010520
1855,2025-02-14 16:15:38,view,378,s010521
2062,2024-05-02 16:47:17,view,107,s010522
228,2025-11-23 18:39:03,view,50,s010523
1348,2025-04-16 19:04:54,add_to_cart,171,s010524
1938,2024-07-16 18:22:41,view,72,s010525
199,2024-07-21 15:35:15,view,115,s010526
2326,2025-08-07 19:08:24,purchase,51,s010527
2144,2025-07-01 19:11:41,view,56,s010528
789,2024-03-13 19:43:13,view,371,s010529
1318,2025-05-22 10:19:21,add_to_cart,234,s010530
2377,2024-12-18 09:16:04,view,122,s010531
810,2024-05-19 14:35:53,view,85,s010532
2457,2025-01-28 19:07:07,view,217,s010533
404,2025-01-14 09:56:03,view,129,s010534
2302,2024-11-27 18:01:27,view,381,s010535
1625,2024-01-02 23:16:58,remove_from_cart,203,s010536
2174,2025-04-22 10:14:29,wishlist,304,s010537
926,2024-06-15 21:51:43,wishlist,1,s010538
416,2024-06-09 20:06:27,purchase,31,s010539
2327,2025-04-28 09:56:05,remove_from_cart,373,s010540
1342,2025-07-17 17:48:30,view,393,s010541
2240,2024-12-23 23:56:21,add_to_cart,335,s010542
596,2025-09-08 14:18:43,purchase,385,s010543
1761,2025-07-29 00:09:54,view,386,s010544
1376,2025-05-31 14:49:07,purchase,285,s010545
55,2025-01-12 18:30:27,view,333,s010546
2220,2024-07-16 07:42:23,view,336,s010547
858,2025-07-26 22:10:12,wishlist,98,s010548
261,2025-01-18 20:15:30,purchase,184,s010549
1988,2025-12-10 20:16:56,purchase,248,s010550
1922,2024-10-16 20:30:15,purchase,153,s010551
2486,2025-09-10 00:12:49,view,213,s010552
1538,2024-01-14 06:51:40,purchase,203,s010553
1948,2025-08-27 07:08:50,view,351,s010554
2264,2025-08-06 09:17:53,wishlist,26,s010555
1562,2025-12-09 20:02:48,wishlist,216,s010556
1996,2024-05-09 19:53:32,purchase,88,s010557
1447,2024-04-24 09:31:22,view,174,s010558
926,2025-09-19 08:09:28,view,152,s010559
2159,2024-08-10 21:16:40,view,307,s010560
889,2025-04-13 22:49:32,wishlist,100,s010561
210,2024-07-18 07:38:01,add_to_cart,3,s010562
842,2025-07-26 18:43:42,add_to_cart,286,s010563
1270,2024-05-13 08:55:44,view,238,s010564
1638,2025-09-08 18:59:36,add_to_cart,381,s010565
927,2024-03-25 09:53:49,purchase,144,s010566
1061,2024-10-13 23:44:46,wishlist,369,s010567
229,2024-08-10 11:03:43,purchase,55,s010568
895,2025-06-15 08:53:51,add_to_cart,386,s010569
224,2025-01-11 09:42:42,purchase,344,s010570
1343,2024-01-03 20:56:19,purchase,192,s010571
1612,2025-11-06 21:00:48,add_to_cart,392,s010572
1638,2024-12-20 17:30:45,view,309,s010573
2115,2024-03-12 08:37:55,wishlist,23,s010574
427,2025-06-05 19:40:01,view,370,s010575
212,2025-09-14 08:25:17,remove_from_cart,83,s010576
328,2024-10-01 22:08:32,add_to_cart,372,s010577
617,2025-12-06 19:45:03,wishlist,227,s010578
2209,2024-05-24 19:20:22,view,48,s010579
2273,2024-02-14 20:15:43,view,395,s010580
1339,2025-05-13 19:01:43,view,263,s010581
1831,2024-03-15 17:59:02,remove_from_cart,219,s010582
2390,2024-11-14 04:10:57,purchase,318,s010583
2235,2025-08-14 19:52:41,add_to_cart,1,s010584
1485,2025-03-20 20:18:26,view,73,s010585
2170,2025-10-13 10:36:24,view,294,s010586
1184,2024-02-05 07:16:39,wishlist,97,s010587
2482,2024-03-04 10:18:37,view,383,s010588
2338,2024-07-16 17:39:50,view,190,s010589
1761,2025-10-31 07:44:47,view,372,s010590
128,2024-05-29 16:37:42,wishlist,92,s010591
1877,2025-10-18 09:40:53,view,98,s010592
2478,2024-12-05 07:48:47,view,292,s010593
2260,2024-03-24 15:44:48,view,302,s010594
887,2024-03-17 09:49:52,add_to_cart,209,s010595
1674,2025-05-07 18:12:20,view,173,s010596
2105,2025-06-17 19:39:04,view,235,s010597
822,2025-02-25 06:43:44,view,9,s010598
379,2024-11-29 20:22:23,wishlist,75,s010599
146,2025-04-10 20:55:10,view,60,s010600
1759,2024-10-23 09:33:30,wishlist,212,s010601
1088,2025-07-11 19:50:50,wishlist,78,s010602
2247,2024-03-15 18:48:43,wishlist,17,s010603
191,2025-03-26 10:00:56,add_to_cart,202,s010604
1570,2024-10-03 17:17:15,wishlist,355,s010605
2406,2025-10-24 14:22:33,purchase,186,s010606
986,2025-06-27 14:04:05,wishlist,77,s010607
1789,2025-11-02 20:30:09,purchase,65,s010608
4,2025-05-03 14:37:51,view,280,s010609
807,2025-03-16 09:34:05,view,164,s010610
1768,2025-06-20 16:06:55,view,203,s010611
501,2024-02-06 19:01:36,remove_from_cart,114,s010612
1626,2024-12-28 18:20:34,wishlist,105,s010613
1869,2024-03-11 20:09:39,view,393,s010614
359,2025-04-07 09:56:36,add_to_cart,218,s010615
2247,2025-08-26 17:01:23,add_to_cart,305,s010616
414,2025-03-30 12:56:30,wishlist,174,s010617
1215,2025-08-09 08:50:49,wishlist,58,s010618
335,2024-08-22 09:27:05,add_to_cart,161,s010619
2434,2024-09-17 16:57:57,view,275,s010620
543,2024-01-07 19:11:13,view,229,s010621
459,2024-03-27 14:02:12,view,17,s010622
1250,2024-05-27 08:48:45,view,387,s010623
449,2024-11-08 04:38:48,view,346,s010624
13,2024-06-08 21:03:51,wishlist,187,s010625
2313,2025-01-13 19:42:07,purchase,261,s010626
526,2025-05-19 21:49:34,add_to_cart,368,s010627
565,2024-01-17 23:33:15,purchase,68,s010628
1212,2025-10-20 08:29:03,view,216,s010629
299,2025-02-02 14:45:29,view,319,s010630
2109,2025-04-27 21:31:23,wishlist,111,s010631
1562,2025-08-20 13:15:47,wishlist,205,s010632
1848,2025-01-08 21:54:21,wishlist,103,s010633
1905,2024-01-03 09:04:33,add_to_cart,73,s010634
1479,2024-04-08 07:35:43,view,320,s010635
2190,2024-11-30 21:21:53,wishlist,398,s010636
1514,2025-06-26 06:15:20,add_to_cart,99,s010637
2339,2025-05-25 06:25:26,view,84,s010638
2132,2024-11-30 21:56:26,add_to_cart,356,s010639
545,2025-11-06 21:50:18,add_to_cart,254,s010640
1590,2024-03-16 08:19:17,add_to_cart,398,s010641
747,2024-01-20 14:54:05,purchase,69,s010642
1972,2025-05-07 03:57:07,view,4,s010643
308,2024-03-20 08:19:09,add_to_cart,107,s010644
1720,2025-03-15 08:32:40,add_to_cart,159,s010645
461,2025-11-27 19:25:16,purchase,270,s010646
200,2024-04-20 22:37:34,view,6,s010647
2207,2025-09-30 13:34:51,view,195,s010648
2433,2025-04-28 16:07:49,purchase,189,s010649
88,2025-09-19 09:23:15,wishlist,51,s010650
1074,2025-02-23 12:31:52,wishlist,270,s010651
778,2025-12-06 21:25:18,view,308,s010652
37,2024-06-28 08:45:09,view,319,s010653
1480,2024-12-16 07:40:39,view,19,s010654
256,2024-03-27 09:10:45,purchase,96,s010655
282,2024-05-21 13:58:13,wishlist,153,s010656
170,2024-08-29 20:50:52,view,207,s010657
364,2024-06-10 18:17:48,add_to_cart,186,s010658
1314,2024-11-15 23:43:57,add_to_cart,266,s010659
1319,2024-10-26 20:53:12,purchase,194,s010660
2058,2025-09-08 07:02:16,purchase,336,s010661
2184,2025-10-04 20:10:39,view,323,s010662
1350,2024-01-05 16:07:06,wishlist,358,s010663
1445,2025-07-23 12:12:25,purchase,320,s010664
1418,2025-01-25 10:37:57,wishlist,251,s010665
2247,2025-04-26 18:39:33,view,88,s010666
2255,2025-05-26 07:59:37,view,100,s010667
990,2024-09-18 18:06:20,add_to_cart,104,s010668
1884,2024-09-08 13:41:41,remove_from_cart,93,s010669
1961,2025-09-11 18:20:24,view,36,s010670
1776,2024-12-23 21:55:06,view,383,s010671
1886,2024-01-11 11:59:32,view,145,s010672
2060,2025-04-10 09:46:53,add_to_cart,329,s010673
416,2025-04-22 17:43:11,view,17,s010674
1907,2024-07-28 13:25:36,add_to_cart,25,s010675
2451,2025-07-24 08:21:10,wishlist,60,s010676
395,2024-04-06 11:44:54,view,354,s010677
1080,2025-09-17 21:13:50,wishlist,107,s010678
1752,2025-11-19 09:01:02,view,331,s010679
1409,2024-04-25 06:53:32,view,362,s010680
944,2025-08-11 18:07:19,wishlist,175,s010681
257,2024-10-05 16:09:18,view,349,s010682
1787,2024-01-28 21:22:44,wishlist,378,s010683
2274,2025-12-10 11:10:10,view,18,s010684
352,2025-03-06 01:58:03,add_to_cart,354,s010685
1247,2025-06-29 20:05:03,view,126,s010686
129,2025-01-28 07:55:17,view,61,s010687
1191,2025-08-27 08:48:21,view,61,s010688
880,2024-07-04 20:41:17,view,385,s010689
2010,2025-04-20 09:51:09,view,192,s010690
2231,2024-01-15 07:36:21,view,115,s010691
1496,2025-07-25 19:12:36,view,376,s010692
698,2025-05-02 23:10:54,view,29,s010693
114,2024-09-11 23:42:06,view,232,s010694
2124,2024-11-07 19:45:52,view,232,s010695
713,2025-05-07 02:57:53,view,245,s010696
1401,2024-06-24 12:56:39,add_to_cart,233,s010697
86,2025-08-29 20:46:14,view,391,s010698
1744,2025-10-14 13:33:23,view,286,s010699
1846,2024-09-17 19:25:41,view,171,s010700
799,2025-06-18 21:38:10,remove_from_cart,154,s010701
443,2025-09-18 13:16:51,view,98,s010702
666,2024-04-11 11:06:05,view,61,s010703
1941,2024-08-17 17:27:50,remove_from_cart,153,s010704
1701,2025-06-09 07:11:51,view,145,s010705
1179,2025-08-21 17:20:17,wishlist,188,s010706
14,2025-09-30 10:22:04,view,270,s010707
387,2025-08-10 10:34:40,view,334,s010708
2486,2024-10-04 08:49:41,view,175,s010709
1118,2024-01-04 17:13:36,view,91,s010710
1399,2025-10-24 17:33:59,view,14,s010711
1388,2024-06-04 00:33:56,add_to_cart,169,s010712
1078,2024-09-16 10:08:33,view,232,s010713
857,2025-11-30 09:10:17,view,351,s010714
1730,2025-11-12 10:16:14,add_to_cart,47,s010715
975,2025-04-08 16:30:43,add_to_cart,191,s010716
1209,2025-07-01 20:42:49,view,345,s010717
1838,2025-09-29 18:20:54,view,142,s010718
2226,2024-04-21 15:59:39,view,4,s010719
1484,2025-08-28 13:00:37,view,105,s010720
2024,2025-05-16 16:47:54,add_to_cart,243,s010721
2471,2025-05-11 10:24:47,view,355,s010722
2102,2025-03-18 10:09:04,add_to_cart,315,s010723
2027,2025-09-10 13:51:59,wishlist,191,s010724
1030,2025-02-16 17:47:56,remove_from_cart,15,s010725
1624,2024-07-25 21:39:41,view,142,s010726
1521,2025-09-02 10:48:11,view,265,s010727
1688,2024-12-25 17:20:56,view,61,s010728
364,2024-06-06 11:58:36,add_to_cart,232,s010729
2482,2024-01-08 23:30:02,view,288,s010730
281,2025-10-13 15:15:23,add_to_cart,23,s010731
993,2025-06-11 21:14:54,view,104,s010732
1077,2025-03-04 23:30:56,wishlist,61,s010733
1027,2025-07-31 16:39:25,view,389,s010734
203,2025-08-04 07:11:40,add_to_cart,39,s010735
1929,2024-08-13 22:36:45,add_to_cart,27,s010736
524,2024-06-12 21:46:17,view,11,s010737
842,2024-04-15 08:04:58,wishlist,203,s010738
1142,2024-09-19 20:00:24,add_to_cart,236,s010739
981,2024-02-20 19:10:06,add_to_cart,255,s010740
1300,2024-12-06 08:17:07,view,373,s010741
903,2024-09-17 19:35:06,purchase,63,s010742
512,2025-07-30 19:52:17,add_to_cart,266,s010743
1766,2025-01-27 04:10:31,wishlist,111,s010744
120,2024-10-04 20:00:01,add_to_cart,324,s010745
1396,2024-07-26 18:33:46,wishlist,282,s010746
1593,2025-05-24 12:20:26,purchase,381,s010747
145,2024-06-23 16:00:12,add_to_cart,146,s010748
1511,2025-04-21 21:59:04,view,116,s010749
1305,2025-10-30 14:33:15,view,108,s010750
434,2025-09-07 18:54:33,add_to_cart,387,s010751
1061,2024-06-15 07:34:14,view,355,s010752
954,2025-01-27 03:05:49,purchase,363,s010753
687,2024-03-07 03:20:18,view,238,s010754
2468,2024-08-20 19:29:02,view,270,s010755
761,2025-08-08 09:53:46,wishlist,44,s010756
1956,2025-09-20 14:51:25,view,311,s010757
1299,2024-07-16 09:57:27,view,246,s010758
525,2024-12-22 20:32:17,purchase,184,s010759
357,2024-07-04 06:21:52,view,280,s010760
276,2025-12-10 09:43:59,view,335,s010761
428,2024-12-16 04:44:22,view,139,s010762
653,2025-08-08 09:43:05,remove_from_cart,369,s010763
2475,2025-02-21 19:54:03,add_to_cart,241,s010764
1070,2024-10-30 13:08:05,view,269,s010765
192,2025-11-15 18:44:32,remove_from_cart,390,s010766
507,2024-08-16 08:34:58,wishlist,36,s010767
1041,2024-06-25 19:16:36,view,19,s010768
692,2024-08-28 20:42:40,view,21,s010769
523,2025-06-15 18:08:37,view,20,s010770
1157,2025-10-14 08:04:38,wishlist,190,s010771
2375,2024-03-20 18:48:19,purchase,141,s010772
1972,2025-01-24 23:42:02,remove_from_cart,322,s010773
269,2024-02-24 20:42:11,view,362,s010774
1655,2024-11-16 07:47:37,add_to_cart,370,s010775
1936,2024-12-17 15:22:29,view,208,s010776
278,2025-07-30 18:10:01,view,360,s010777
493,2024-04-05 19:37:52,view,7,s010778
798,2025-02-26 20:43:57,remove_from_cart,282,s010779
1175,2025-06-30 14:04:44,view,116,s010780
85,2024-12-21 22:19:28,view,368,s010781
205,2024-03-11 07:36:03,purchase,144,s010782
792,2024-09-15 20:06:41,view,266,s010783
885,2024-04-20 23:34:07,add_to_cart,229,s010784
1611,2025-09-01 08:58:41,view,128,s010785
205,2025-04-01 06:53:46,view,269,s010786
1075,2025-06-28 20:56:01,view,23,s010787
2332,2025-08-02 08:30:48,view,352,s010788
335,2024-11-25 09:15:18,view,131,s010789
1848,2024-06-11 20:10:22,view,244,s010790
1583,2024-09-30 21:14:03,view,349,s010791
1931,2024-04-19 06:47:50,view,336,s010792
2330,2025-07-15 07:18:25,wishlist,399,s010793
2483,2024-11-06 09:10:43,view,183,s010794
1699,2025-06-11 18:57:20,view,331,s010795
2328,2025-12-08 08:46:00,view,88,s010796
2184,2025-07-04 16:13:37,view,305,s010797
465,2024-10-28 09:47:16,view,170,s010798
2164,2024-11-26 18:49:07,add_to_cart,49,s010799
1636,2024-04-10 17:44:46,add_to_cart,355,s010800
58,2024-09-12 14:11:42,add_to_cart,57,s010801
474,2024-11-11 23:18:33,add_to_cart,384,s010802
1993,2024-01-20 16:14:14,add_to_cart,282,s010803
931,2024-05-25 03:11:22,view,395,s010804
1359,2025-08-13 21:20:48,add_to_cart,119,s010805
1153,2024-11-27 13:34:26,purchase,4,s010806
1349,2024-09-15 13:31:17,view,349,s010807
2195,2025-07-29 06:51:18,wishlist,267,s010808
2308,2025-06-22 18:48:53,add_to_cart,266,s010809
1381,2024-12-09 16:14:51,view,189,s010810
2002,2025-12-11 05:58:00,purchase,176,s010811
2378,2025-06-21 06:16:35,purchase,172,s010812
90,2024-12-09 08:17:12,view,340,s010813
979,2025-05-30 14:05:14,purchase,272,s010814
1225,2024-06-03 10:49:38,view,124,s010815
1674,2024-12-13 11:16:27,view,256,s010816
1959,2024-08-07 12:10:56,purchase,183,s010817
493,2024-06-11 08:13:48,wishlist,387,s010818
1975,2024-01-12 12:09:00,view,385,s010819
1324,2024-05-12 09:03:07,add_to_cart,173,s010820
396,2024-11-11 12:51:48,view,357,s010821
512,2025-08-09 08:15:41,purchase,95,s010822
331,2025-08-23 23:03:41,view,1,s010823
2409,2024-12-25 22:08:59,add_to_cart,76,s010824
2499,2024-08-19 18:43:04,add_to_cart,7,s010825
2480,2024-11-23 06:01:37,view,397,s010826
531,2024-05-09 06:06:09,wishlist,191,s010827
201,2024-02-05 21:10:56,purchase,355,s010828
53,2025-02-05 18:59:06,purchase,7,s010829
2078,2024-08-25 21:23:42,wishlist,184,s010830
1487,2025-07-04 09:25:21,add_to_cart,124,s010831
1493,2024-10-08 20:11:52,view,186,s010832
1784,2025-01-12 07:02:15,view,18,s010833
1035,2025-12-01 20:03:51,purchase,22,s010834
199,2025-09-29 10:08:24,wishlist,152,s010835
1730,2024-05-12 15:35:45,view,138,s010836
908,2025-01-03 20:02:37,purchase,248,s010837
1489,2024-08-02 09:10:34,purchase,399,s010838
2405,2024-02-02 07:33:33,view,346,s010839
853,2024-10-24 22:23:31,remove_from_cart,153,s010840
414,2024-06-27 17:11:27,add_to_cart,314,s010841
2006,2024-01-08 18:06:04,view,359,s010842
1849,2025-04-11 06:36:11,purchase,315,s010843
425,2024-09-26 21:37:50,add_to_cart,276,s010844
2388,2024-05-27 20:28:27,add_to_cart,81,s010845
1053,2024-12-07 14:09:14,wishlist,112,s010846
824,2024-02-18 19:26:44,view,373,s010847
1122,2025-08-19 11:58:15,add_to_cart,258,s010848
2034,2024-05-27 20:26:09,view,101,s010849
354,2024-08-29 20:18:58,purchase,203,s010850
2392,2025-06-02 08:08:35,purchase,226,s010851
1144,2025-11-21 09:38:46,view,17,s010852
997,2024-10-13 09:12:27,view,187,s010853
1670,2024-10-25 21:07:24,wishlist,141,s010854
849,2024-04-08 08:02:31,add_to_cart,3,s010855
1590,2025-03-07 04:43:00,add_to_cart,273,s010856
1903,2024-06-04 08:50:08,add_to_cart,82,s010857
2387,2025-01-12 21:24:12,remove_from_cart,366,s010858
2341,2025-05-30 09:55:11,purchase,215,s010859
914,2025-08-19 23:40:21,view,335,s010860
687,2025-03-09 19:15:50,view,213,s010861
1819,2024-10-17 04:31:04,purchase,359,s010862
2331,2025-04-24 06:02:26,view,306,s010863
1925,2024-01-22 10:53:35,view,374,s010864
2493,2024-07-06 21:56:27,view,241,s010865
2500,2025-10-17 02:59:22,add_to_cart,90,s010866
472,2025-01-08 07:59:26,view,315,s010867
600,2024-10-07 19:37:37,view,54,s010868
1906,2025-04-30 18:00:02,remove_from_cart,264,s010869
1728,2024-05-05 22:28:13,add_to_cart,232,s010870
1642,2025-05-10 09:53:49,add_to_cart,325,s010871
683,2025-07-11 20:34:17,wishlist,241,s010872
207,2025-07-09 20:35:32,remove_from_cart,58,s010873
1983,2024-07-04 13:34:22,view,74,s010874
904,2024-09-04 12:35:28,view,199,s010875
1155,2024-01-19 20:05:36,wishlist,277,s010876
2144,2025-01-09 06:09:06,view,68,s010877
2069,2025-08-18 01:44:06,view,173,s010878
1658,2025-07-05 10:10:50,view,340,s010879
2262,2024-12-04 17:37:54,view,149,s010880
2041,2025-02-16 20:47:25,wishlist,15,s010881
228,2025-06-13 16:57:09,wishlist,194,s010882
2020,2025-11-14 22:44:14,view,311,s010883
2119,2024-08-21 22:44:59,wishlist,93,s010884
2291,2025-09-01 09:04:05,remove_from_cart,100,s010885
1685,2024-11-02 22:59:50,add_to_cart,271,s010886
2152,2024-07-02 23:01:36,view,372,s010887
2456,2024-01-07 19:27:32,purchase,179,s010888
1226,2024-05-16 22:39:10,remove_from_cart,12,s010889
2007,2025-04-13 12:27:15,purchase,232,s010890
1171,2024-08-17 09:02:00,purchase,181,s010891
2020,2024-11-17 08:36:18,remove_from_cart,24,s010892
436,2025-06-10 19:16:12,view,195,s010893
1339,2024-12-23 10:19:27,view,282,s010894
238,2025-09-21 23:20:00,view,282,s010895
2000,2024-12-22 06:08:20,view,102,s010896
2359,2024-08-30 06:00:45,view,371,s010897
1187,2024-06-30 21:15:49,view,276,s010898
525,2024-11-07 20:52:30,view,155,s010899
1873,2024-02-24 09:51:22,add_to_cart,258,s010900
891,2025-05-17 21:04:52,view,70,s010901
1191,2024-01-20 21:39:21,view,58,s010902
1478,2025-08-16 13:49:04,purchase,325,s010903
734,2025-01-11 21:32:13,view,24,s010904
588,2024-04-15 21:50:43,add_to_cart,293,s010905
397,2024-05-09 21:40:10,view,304,s010906
1535,2024-05-29 15:12:27,view,269,s010907
604,2024-10-14 13:10:28,remove_from_cart,226,s010908
185,2025-08-20 09:58:13,wishlist,344,s010909
477,2024-11-21 09:27:09,view,225,s010910
2168,2024-05-27 18:26:36,wishlist,124,s010911
1404,2024-02-12 06:17:47,view,1,s010912
102,2024-05-05 12:38:21,view,150,s010913
1050,2025-11-04 18:12:46,view,207,s010914
1598,2024-04-15 15:33:56,view,11,s010915
889,2024-03-14 21:06:05,wishlist,202,s010916
861,2025-06-27 21:16:38,view,101,s010917
1522,2025-08-19 10:33:11,wishlist,21,s010918
373,2025-08-15 04:56:50,add_to_cart,384,s010919
144,2025-04-09 20:55:59,view,326,s010920
1488,2024-12-15 01:40:06,wishlist,232,s010921
640,2025-03-09 09:42:56,view,220,s010922
314,2025-11-22 19:37:47,wishlist,309,s010923
2289,2024-03-17 21:35:32,remove_from_cart,271,s010924
532,2024-04-27 11:01:34,view,19,s010925
1618,2025-07-10 13:44:43,view,315,s010926
1088,2024-04-22 06:10:09,view,194,s010927
2161,2025-09-22 22:35:05,view,93,s010928
391,2024-09-22 02:10:29,view,242,s010929
965,2024-07-25 21:27:08,purchase,147,s010930
1001,2025-08-20 09:27:21,wishlist,276,s010931
233,2024-10-15 19:25:56,add_to_cart,131,s010932
913,2025-01-30 18:57:29,purchase,127,s010933
1450,2024-01-24 16:10:45,view,23,s010934
2320,2024-05-05 16:41:35,view,191,s010935
266,2024-03-14 08:11:50,remove_from_cart,134,s010936
558,2024-10-30 07:35:08,purchase,275,s010937
1166,2025-02-17 16:27:09,view,362,s010938
2155,2024-05-28 18:32:45,remove_from_cart,201,s010939
1927,2025-09-03 11:07:03,purchase,365,s010940
187,2024-05-07 20:59:14,view,61,s010941
1928,2024-01-22 08:21:11,view,353,s010942
2358,2024-05-08 09:22:08,view,116,s010943
1300,2024-10-22 13:42:12,add_to_cart,208,s010944
1883,2025-11-17 11:08:48,view,350,s010945
59,2025-02-10 08:20:25,view,138,s010946
1083,2025-01-27 20:04:57,add_to_cart,262,s010947
832,2024-03-09 21:51:22,view,183,s010948
997,2025-11-30 05:09:20,view,252,s010949
649,2024-07-09 05:37:25,wishlist,100,s010950
1744,2025-04-29 09:22:49,remove_from_cart,373,s010951
872,2024-07-10 09:29:28,view,347,s010952
1577,2025-08-14 09:40:22,wishlist,83,s010953
614,2024-02-13 12:00:25,view,276,s010954
1384,2025-01-25 19:53:49,view,112,s010955
2278,2025-09-12 20:37:44,view,68,s010956
1541,2024-11-17 20:58:53,wishlist,171,s010957
2446,2025-09-22 16:44:23,wishlist,297,s010958
1337,2025-06-26 20:10:43,wishlist,21,s010959
1622,2025-10-20 09:03:24,add_to_cart,368,s010960
1867,2025-07-29 03:08:35,purchase,317,s010961
1290,2024-02-27 16:12:45,wishlist,249,s010962
491,2025-10-21 08:35:11,view,366,s010963
2193,2024-11-14 21:56:14,view,273,s010964
2272,2025-07-09 09:55:10,view,286,s010965
689,2025-09-26 20:57:51,purchase,120,s010966
1072,2025-05-04 06:44:23,add_to_cart,199,s010967
1026,2025-11-03 08:17:46,wishlist,172,s010968
926,2024-07-26 21:51:51,purchase,188,s010969
2162,2024-05-21 19:23:44,purchase,135,s010970
457,2024-05-11 00:22:55,wishlist,185,s010971
349,2025-08-19 09:19:46,view,113,s010972
933,2024-05-11 19:54:20,wishlist,123,s010973
1786,2025-10-16 20:49:55,view,216,s010974
764,2024-09-25 08:50:22,add_to_cart,182,s010975
2341,2024-06-08 18:21:25,add_to_cart,199,s010976
2086,2024-03-21 10:52:50,add_to_cart,47,s010977
2063,2025-07-31 11:37:32,purchase,26,s010978
2393,2024-04-24 17:25:53,view,102,s010979
1684,2024-07-17 09:38:00,view,148,s010980
1326,2024-11-12 21:18:47,add_to_cart,287,s010981
2087,2025-11-29 20:17:36,wishlist,249,s010982
1398,2025-10-15 11:25:29,add_to_cart,132,s010983
277,2024-01-04 13:59:17,purchase,132,s010984
2392,2024-06-07 20:38:09,view,151,s010985
1415,2025-02-05 19:42:53,add_to_cart,305,s010986
174,2025-06-13 10:14:51,view,223,s010987
951,2025-06-23 20:42:11,add_to_cart,207,s010988
2172,2024-08-20 05:28:54,add_to_cart,41,s010989
79,2024-02-13 20:32:56,view,268,s010990
442,2025-09-21 12:48:23,view,255,s010991
741,2025-03-15 08:23:11,wishlist,180,s010992
850,2025-03-13 11:14:57,view,387,s010993
351,2025-12-05 01:31:52,view,120,s010994
1237,2024-08-20 08:02:34,add_to_cart,206,s010995
473,2025-05-14 22:36:10,view,172,s010996
1950,2024-06-05 08:48:52,view,47,s010997
1893,2025-03-07 09:23:48,view,163,s010998
1573,2024-03-31 06:38:05,purchase,189,s010999
1888,2025-05-15 11:29:46,view,28,s011000
899,2025-12-08 19:11:19,view,199,s011001
306,2024-12-18 19:08:20,wishlist,45,s011002
1598,2025-01-21 10:26:47,purchase,73,s011003
2104,2024-03-03 13:58:23,view,211,s011004
1942,2025-09-30 13:30:03,view,21,s011005
162,2024-03-25 07:05:56,add_to_cart,23,s011006
2008,2024-10-03 20:12:32,view,369,s011007
1864,2024-09-05 09:35:41,purchase,74,s011008
821,2024-02-04 11:57:27,view,349,s011009
2206,2025-11-27 20:57:32,view,362,s011010
1342,2025-02-06 21:27:15,view,367,s011011
921,2024-11-02 13:28:14,add_to_cart,3,s011012
299,2024-03-30 18:12:42,view,40,s011013
2429,2024-11-03 12:18:48,view,141,s011014
382,2024-10-26 07:14:36,view,251,s011015
1601,2024-10-09 21:32:43,view,111,s011016
558,2024-08-24 17:39:33,view,383,s011017
2139,2024-05-02 15:27:47,view,61,s011018
2178,2025-09-08 08:49:10,add_to_cart,85,s011019
467,2025-01-29 23:53:00,remove_from_cart,295,s011020
1960,2024-08-04 07:48:48,wishlist,284,s011021
1343,2025-11-28 14:02:17,view,368,s011022
58,2025-02-23 16:07:10,view,168,s011023
692,2024-07-08 17:27:26,add_to_cart,71,s011024
1973,2025-06-18 08:15:48,view,344,s011025
1967,2025-02-22 16:35:42,add_to_cart,263,s011026
2144,2024-01-17 08:39:54,view,287,s011027
200,2025-05-31 09:36:10,wishlist,182,s011028
299,2024-12-27 11:48:26,view,380,s011029
1038,2025-01-24 20:27:26,view,248,s011030
1228,2024-08-03 18:53:44,view,371,s011031
2207,2024-01-02 22:29:04,view,374,s011032
300,2025-06-18 09:44:41,view,251,s011033
22,2025-12-10 21:30:32,view,10,s011034
874,2025-06-22 19:49:54,add_to_cart,94,s011035
448,2025-08-27 09:31:21,view,215,s011036
83,2024-01-16 23:09:39,view,3,s011037
1771,2024-02-01 22:34:35,view,255,s011038
317,2024-01-08 22:11:13,add_to_cart,200,s011039
2441,2025-05-25 22:39:46,purchase,229,s011040
587,2024-03-14 18:43:39,wishlist,372,s011041
2097,2025-11-16 21:49:19,add_to_cart,55,s011042
208,2025-08-25 20:46:50,add_to_cart,330,s011043
364,2025-02-28 07:40:26,purchase,31,s011044
1798,2024-04-28 23:34:07,add_to_cart,204,s011045
678,2025-07-04 08:05:00,remove_from_cart,269,s011046
403,2025-10-07 19:40:41,view,294,s011047
992,2025-07-08 10:11:13,view,165,s011048
2036,2025-11-05 09:59:00,view,229,s011049
750,2025-09-21 18:08:39,view,283,s011050
452,2024-06-19 21:24:12,wishlist,374,s011051
2456,2024-01-24 05:27:13,view,279,s011052
2440,2024-07-03 20:42:20,add_to_cart,322,s011053
2262,2025-02-12 08:16:52,view,175,s011054
2064,2024-01-25 12:06:44,remove_from_cart,276,s011055
2460,2024-06-09 22:09:37,view,128,s011056
2376,2025-10-03 12:13:02,view,356,s011057
2455,2024-09-05 19:59:55,remove_from_cart,292,s011058
635,2024-05-17 20:25:02,view,117,s011059
1023,2024-05-27 17:43:00,purchase,290,s011060
1281,2024-01-05 12:51:58,purchase,345,s011061
1715,2024-04-29 10:41:06,view,361,s011062
1212,2024-09-12 14:21:54,purchase,40,s011063
28,2024-01-30 21:53:41,remove_from_cart,58,s011064
506,2025-08-01 19:14:02,purchase,211,s011065
1843,2025-10-08 06:12:11,view,391,s011066
1800,2025-07-29 04:36:48,remove_from_cart,185,s011067
571,2024-09-02 15:41:43,wishlist,140,s011068
837,2025-11-26 08:30:41,view,248,s011069
377,2024-03-22 03:03:43,view,167,s011070
2013,2025-09-23 09:47:44,add_to_cart,217,s011071
1786,2024-06-10 20:52:08,wishlist,225,s011072
102,2024-08-29 18:17:36,view,363,s011073
1975,2024-08-22 08:38:26,add_to_cart,50,s011074
915,2025-05-27 17:40:13,add_to_cart,390,s011075
1101,2025-10-02 00:25:30,add_to_cart,310,s011076
1705,2024-06-10 05:30:55,view,232,s011077
2366,2024-10-16 16:19:25,wishlist,276,s011078
471,2024-12-26 17:50:26,view,119,s011079
2449,2025-01-30 15:46:30,wishlist,63,s011080
1377,2025-02-04 18:41:45,purchase,96,s011081
1506,2025-05-11 19:44:22,view,343,s011082
299,2024-05-28 20:54:24,purchase,196,s011083
2057,2024-05-18 09:22:50,view,250,s011084
1104,2025-07-07 20:17:33,wishlist,164,s011085
964,2024-05-17 22:29:41,wishlist,76,s011086
857,2024-04-25 07:34:13,view,129,s011087
2417,2025-08-29 09:38:23,wishlist,75,s011088
651,2024-10-08 14:43:40,purchase,252,s011089
829,2024-04-26 08:04:14,wishlist,89,s011090
458,2024-10-31 13:46:47,view,1,s011091
1576,2024-01-06 20:53:19,remove_from_cart,46,s011092
485,2025-01-18 22:07:45,view,221,s011093
891,2024-09-04 16:15:10,view,98,s011094
220,2025-06-17 20:53:23,view,52,s011095
1858,2025-01-19 19:32:08,view,250,s011096
142,2025-04-05 19:47:27,view,241,s011097
935,2024-03-28 19:17:14,view,87,s011098
1126,2025-08-16 01:26:50,view,305,s011099
1553,2025-07-17 18:11:59,wishlist,239,s011100
1682,2025-06-21 22:26:45,add_to_cart,242,s011101
78,2024-03-05 21:23:05,remove_from_cart,172,s011102
814,2025-09-20 06:29:45,view,134,s011103
695,2024-02-11 06:24:40,add_to_cart,181,s011104
183,2025-07-10 07:21:42,purchase,374,s011105
976,2025-06-20 20:25:57,view,99,s011106
937,2024-10-07 08:12:13,add_to_cart,51,s011107
471,2025-10-10 21:09:59,remove_from_cart,289,s011108
569,2025-03-12 08:51:17,add_to_cart,334,s011109
1789,2025-03-14 12:54:13,view,10,s011110
40,2025-11-10 09:26:16,add_to_cart,274,s011111
2369,2024-03-25 18:16:08,add_to_cart,394,s011112
2491,2024-06-22 07:23:49,remove_from_cart,358,s011113
216,2024-12-20 07:43:34,wishlist,310,s011114
1097,2024-05-21 12:08:40,remove_from_cart,134,s011115
1573,2024-12-09 07:12:00,view,187,s011116
1547,2024-08-08 07:45:58,wishlist,248,s011117
724,2024-09-22 15:45:36,view,390,s011118
1053,2024-04-24 01:28:49,view,87,s011119
2296,2025-10-09 07:44:54,view,129,s011120
880,2024-10-01 07:33:46,view,34,s011121
1488,2025-03-01 22:06:58,view,383,s011122
1488,2025-09-11 10:50:14,view,132,s011123
2427,2025-04-02 02:53:29,add_to_cart,37,s011124
845,2025-02-08 08:23:42,view,353,s011125
1834,2025-10-05 10:30:31,wishlist,399,s011126
333,2024-09-01 18:08:02,remove_from_cart,95,s011127
2110,2025-12-04 10:22:39,view,167,s011128
1205,2024-03-10 05:42:31,purchase,44,s011129
1135,2024-04-04 13:00:37,wishlist,128,s011130
2069,2024-10-09 15:13:09,view,337,s011131
2215,2024-02-24 09:14:32,add_to_cart,10,s011132
226,2024-06-12 16:14:30,view,123,s011133
817,2024-12-09 04:13:44,remove_from_cart,94,s011134
685,2024-06-14 22:40:50,wishlist,88,s011135
1218,2024-10-13 06:01:34,wishlist,311,s011136
464,2025-11-05 20:32:59,remove_from_cart,148,s011137
829,2025-09-02 16:53:58,purchase,13,s011138
81,2024-07-14 19:44:09,view,198,s011139
594,2024-08-15 14:04:18,wishlist,192,s011140
740,2025-04-21 21:51:53,add_to_cart,386,s011141
2317,2024-12-29 18:29:54,add_to_cart,348,s011142
551,2025-10-17 10:01:10,wishlist,279,s011143
1627,2024-06-28 07:55:47,add_to_cart,232,s011144
1674,2024-03-14 05:18:54,purchase,259,s011145
2139,2025-10-08 21:56:32,view,312,s011146
1093,2025-05-15 15:59:04,view,189,s011147
842,2025-09-27 09:49:35,view,355,s011148
360,2024-10-30 18:40:30,view,357,s011149
1838,2024-11-16 10:21:42,view,100,s011150
443,2025-07-01 09:35:05,view,325,s011151
1111,2024-01-19 06:12:38,view,218,s011152
1238,2025-02-11 11:57:34,add_to_cart,72,s011153
590,2024-04-23 23:43:03,purchase,66,s011154
2017,2025-06-13 22:14:11,view,113,s011155
639,2025-01-15 20:39:03,add_to_cart,67,s011156
1894,2024-07-10 13:20:18,wishlist,196,s011157
1266,2025-09-16 13:37:10,view,300,s011158
247,2024-07-12 07:17:22,wishlist,109,s011159
1619,2024-05-16 20:47:29,view,65,s011160
1783,2025-05-18 12:45:28,add_to_cart,58,s011161
1527,2024-02-14 21:17:24,add_to_cart,321,s011162
126,2025-05-08 11:00:16,view,227,s011163
1762,2025-09-06 13:53:48,add_to_cart,273,s011164
85,2024-09-10 20:08:28,view,337,s011165
2311,2024-08-14 09:14:48,view,285,s011166
2108,2024-07-12 03:50:40,wishlist,288,s011167
1117,2025-05-28 21:25:43,view,400,s011168
1695,2024-04-09 21:43:50,view,101,s011169
755,2025-02-19 11:07:16,add_to_cart,8,s011170
131,2024-03-16 21:41:21,view,36,s011171
735,2024-06-18 21:31:47,view,258,s011172
814,2025-08-23 20:42:14,purchase,285,s011173
489,2025-01-04 15:26:49,view,212,s011174
1961,2024-11-11 18:51:34,add_to_cart,37,s011175
1025,2025-10-16 07:34:23,add_to_cart,151,s011176
1547,2024-11-25 21:17:34,view,264,s011177
1548,2024-04-09 20:56:49,view,354,s011178
1211,2024-11-28 20:57:56,view,319,s011179
744,2025-11-26 13:44:56,remove_from_cart,175,s011180
1347,2024-09-24 20:34:51,wishlist,209,s011181
1525,2025-06-13 20:12:50,view,40,s011182
630,2025-09-06 09:43:56,view,185,s011183
2000,2024-04-19 20:21:11,wishlist,387,s011184
2028,2024-03-07 06:51:17,remove_from_cart,107,s011185
2263,2025-01-24 09:41:52,view,84,s011186
612,2025-05-20 09:44:42,view,10,s011187
2212,2024-06-30 08:08:09,purchase,367,s011188
2087,2025-07-23 08:10:14,add_to_cart,205,s011189
170,2024-08-17 19:38:05,view,128,s011190
645,2025-10-27 21:18:08,view,218,s011191
1561,2025-07-18 22:27:06,view,254,s011192
1054,2025-02-25 18:15:39,view,246,s011193
1049,2025-06-09 21:18:03,view,89,s011194
2136,2025-11-22 20:05:28,view,398,s011195
15,2024-08-03 20:24:46,purchase,241,s011196
1618,2025-01-22 18:55:12,wishlist,102,s011197
78,2024-12-17 06:44:44,wishlist,216,s011198
227,2024-11-04 20:50:59,view,291,s011199
672,2025-03-28 00:14:42,view,85,s011200
1975,2025-08-15 18:48:15,view,359,s011201
1435,2024-05-21 21:30:50,view,81,s011202
753,2024-05-29 17:12:36,view,223,s011203
1806,2024-06-16 08:46:52,wishlist,34,s011204
1974,2024-05-01 09:46:47,view,174,s011205
1985,2025-02-24 20:03:23,purchase,108,s011206
12,2025-02-02 22:16:03,view,275,s011207
1261,2024-09-09 06:35:26,remove_from_cart,157,s011208
1000,2024-09-12 11:50:23,view,342,s011209
2476,2025-03-16 11:02:05,view,314,s011210
2482,2024-02-10 08:35:33,view,171,s011211
241,2024-08-30 23:11:22,add_to_cart,307,s011212
2115,2025-05-26 19:49:39,add_to_cart,110,s011213
1635,2025-04-20 13:30:11,view,215,s011214
2216,2025-11-16 18:42:32,view,25,s011215
786,2024-07-15 11:59:01,purchase,229,s011216
2096,2025-09-22 21:16:35,view,120,s011217
860,2024-08-26 19:13:00,view,144,s011218
434,2024-12-25 19:48:47,view,87,s011219
1457,2025-07-14 19:04:49,wishlist,380,s011220
891,2025-06-08 10:11:59,wishlist,250,s011221
247,2025-01-13 20:49:34,view,65,s011222
329,2025-08-15 04:43:35,wishlist,321,s011223
1250,2025-01-21 16:11:45,remove_from_cart,122,s011224
375,2025-11-25 08:05:59,view,395,s011225
381,2024-08-16 06:01:40,wishlist,295,s011226
1915,2024-11-08 21:35:39,purchase,186,s011227
606,2025-07-20 22:32:43,view,271,s011228
1387,2024-04-06 12:22:38,view,270,s011229
382,2025-07-17 18:26:45,add_to_cart,249,s011230
2097,2024-01-13 18:38:05,view,81,s011231
2319,2024-12-28 19:14:07,purchase,376,s011232
1883,2024-10-11 13:38:40,view,259,s011233
417,2024-03-30 16:10:13,wishlist,227,s011234
2030,2025-02-21 22:41:30,wishlist,108,s011235
2306,2024-04-30 20:17:05,view,242,s011236
1799,2024-08-05 18:31:58,view,118,s011237
1541,2024-06-03 07:36:43,view,228,s011238
2089,2025-07-11 11:08:07,view,161,s011239
1279,2025-09-16 11:01:03,view,142,s011240
360,2025-06-10 15:48:34,add_to_cart,327,s011241
372,2024-02-27 18:01:31,wishlist,305,s011242
233,2025-02-22 18:26:22,view,374,s011243
1586,2024-04-30 19:42:46,view,126,s011244
1933,2024-04-23 18:48:57,purchase,128,s011245
2188,2024-05-11 19:35:06,view,392,s011246
1466,2024-09-07 20:42:13,wishlist,20,s011247
2220,2025-06-23 20:50:55,view,123,s011248
835,2025-01-15 08:22:27,purchase,356,s011249
1401,2024-09-08 17:13:50,purchase,278,s011250
483,2025-07-22 22:02:37,view,225,s011251
303,2025-10-28 20:34:43,wishlist,115,s011252
211,2024-10-16 18:05:23,view,349,s011253
604,2025-06-24 08:31:25,add_to_cart,400,s011254
278,2025-12-07 18:37:15,view,174,s011255
194,2024-11-15 21:29:17,view,140,s011256
361,2025-01-29 20:32:54,view,110,s011257
2247,2024-05-14 12:04:49,view,339,s011258
2402,2025-06-26 08:35:38,add_to_cart,275,s011259
1071,2025-09-20 10:36:37,add_to_cart,182,s011260
1095,2025-04-06 09:50:32,view,236,s011261
750,2024-03-05 09:34:26,add_to_cart,183,s011262
371,2025-11-06 20:54:45,wishlist,309,s011263
1431,2025-07-20 21:24:48,view,188,s011264
1945,2024-06-24 03:17:36,wishlist,311,s011265
2396,2024-07-14 18:36:18,add_to_cart,6,s011266
1031,2024-07-24 20:03:23,view,157,s011267
1495,2025-02-13 06:31:57,purchase,349,s011268
2014,2025-02-28 20:14:47,view,49,s011269
83,2025-07-16 21:47:57,view,21,s011270
572,2025-03-08 16:31:49,view,250,s011271
513,2025-04-12 21:33:41,view,195,s011272
233,2024-10-08 21:14:55,view,67,s011273
256,2025-08-16 19:06:35,view,360,s011274
2460,2024-11-12 08:19:59,view,398,s011275
1950,2024-04-05 22:43:13,add_to_cart,253,s011276
1599,2024-10-11 12:20:34,add_to_cart,329,s011277
1287,2024-07-06 20:47:27,view,139,s011278
1649,2025-08-16 02:50:17,view,10,s011279
609,2024-09-01 08:44:45,view,155,s011280
898,2025-08-22 19:20:21,view,392,s011281
2320,2025-11-18 19:00:28,wishlist,25,s011282
1450,2024-09-14 19:07:52,view,2,s011283
1188,2024-05-18 09:34:42,add_to_cart,76,s011284
1898,2024-02-17 21:22:36,add_to_cart,184,s011285
1652,2025-08-19 08:49:52,view,156,s011286
2316,2025-04-06 21:52:37,view,27,s011287
898,2024-01-14 10:02:18,view,173,s011288
222,2024-06-14 20:42:32,view,209,s011289
2178,2024-02-23 12:49:54,view,96,s011290
645,2025-06-10 21:39:50,add_to_cart,41,s011291
2306,2024-03-01 22:03:30,purchase,158,s011292
2281,2024-06-05 20:38:51,wishlist,135,s011293
552,2024-09-21 12:38:05,view,378,s011294
1722,2024-05-23 23:19:13,view,42,s011295
652,2025-03-18 08:02:24,add_to_cart,258,s011296
2126,2024-04-06 19:15:32,wishlist,212,s011297
543,2024-07-31 16:13:01,wishlist,229,s011298
2133,2024-11-27 20:07:17,wishlist,268,s011299
425,2024-03-03 18:32:59,view,118,s011300
118,2025-02-26 19:27:18,purchase,338,s011301
2028,2024-09-29 19:55:44,wishlist,381,s011302
1659,2024-01-05 14:54:19,view,251,s011303
1565,2024-02-03 11:05:19,purchase,278,s011304
397,2025-11-20 21:18:55,view,79,s011305
1619,2025-10-27 15:27:35,view,182,s011306
1603,2024-04-12 08:52:21,wishlist,321,s011307
652,2024-12-12 10:57:22,add_to_cart,346,s011308
1365,2024-01-27 10:12:37,view,362,s011309
2204,2024-10-12 16:45:46,view,380,s011310
26,2024-10-12 18:42:32,view,355,s011311
922,2025-10-21 20:05:31,add_to_cart,151,s011312
727,2025-06-18 14:45:08,add_to_cart,292,s011313
2247,2025-08-16 16:18:16,view,376,s011314
1811,2024-02-09 08:29:09,purchase,197,s011315
1600,2025-11-27 19:40:49,add_to_cart,149,s011316
602,2025-09-13 18:09:56,view,83,s011317
2072,2024-10-06 08:16:51,view,55,s011318
2294,2024-06-04 19:14:09,view,350,s011319
579,2025-01-10 11:10:33,view,326,s011320
2169,2025-11-01 19:31:19,add_to_cart,285,s011321
1733,2024-01-08 20:36:47,view,176,s011322
200,2025-02-12 17:53:46,purchase,224,s011323
2296,2024-06-11 20:51:07,wishlist,380,s011324
874,2024-05-03 23:33:18,view,268,s011325
2462,2024-07-12 08:27:20,wishlist,355,s011326
145,2024-03-05 22:15:16,wishlist,262,s011327
858,2025-08-12 12:10:21,view,17,s011328
1914,2025-04-15 08:45:33,purchase,116,s011329
1783,2025-09-04 19:54:22,remove_from_cart,166,s011330
599,2025-04-25 20:31:03,remove_from_cart,107,s011331
28,2024-05-26 17:10:43,purchase,110,s011332
2351,2025-09-11 19:34:56,purchase,382,s011333
1567,2024-05-21 07:33:34,view,188,s011334
1515,2024-10-20 11:10:23,view,127,s011335
1648,2024-01-09 19:10:35,view,91,s011336
868,2025-10-30 06:06:54,view,233,s011337
2172,2025-03-16 15:23:17,view,325,s011338
172,2024-07-21 10:14:47,remove_from_cart,393,s011339
2118,2024-03-07 17:50:25,view,375,s011340
1568,2024-11-06 07:12:37,add_to_cart,89,s011341
2,2024-04-07 19:40:44,view,35,s011342
558,2024-05-22 02:55:50,add_to_cart,353,s011343
2357,2024-03-11 19:45:50,add_to_cart,288,s011344
409,2024-09-06 11:52:11,add_to_cart,159,s011345
1087,2025-10-04 08:09:26,view,365,s011346
2353,2024-07-24 17:32:25,view,351,s011347
1695,2025-10-15 18:38:08,add_to_cart,132,s011348
1678,2024-05-20 23:56:56,wishlist,169,s011349
2314,2024-05-07 09:54:33,view,122,s011350
466,2024-12-01 18:03:56,view,260,s011351
594,2025-09-30 17:46:31,view,229,s011352
1189,2025-01-08 08:04:27,view,29,s011353
1629,2024-12-06 10:34:37,remove_from_cart,10,s011354
2095,2024-10-27 21:47:48,view,374,s011355
1122,2025-10-17 06:56:05,view,80,s011356
262,2024-01-23 17:01:33,add_to_cart,6,s011357
702,2025-09-05 21:26:11,wishlist,112,s011358
1208,2024-05-28 13:47:48,view,185,s011359
71,2024-06-28 21:54:43,add_to_cart,203,s011360
545,2024-07-27 20:35:33,remove_from_cart,267,s011361
2420,2025-03-21 21:45:58,add_to_cart,377,s011362
1204,2024-02-02 22:11:38,wishlist,354,s011363
2363,2024-07-17 08:49:21,view,317,s011364
1075,2024-11-01 12:52:02,remove_from_cart,121,s011365
667,2024-02-19 19:33:58,remove_from_cart,93,s011366
1637,2024-08-22 14:04:44,view,272,s011367
152,2024-08-30 07:16:49,view,201,s011368
1,2024-12-31 07:46:30,purchase,181,s011369
1350,2024-11-11 20:22:07,view,252,s011370
1524,2025-12-13 16:09:10,wishlist,322,s011371
2215,2025-08-19 09:27:31,view,52,s011372
936,2024-12-19 07:47:51,view,97,s011373
1566,2025-03-15 07:34:07,purchase,392,s011374
3,2024-05-14 20:56:30,view,30,s011375
2028,2024-08-02 02:30:39,view,302,s011376
941,2024-05-10 13:01:08,remove_from_cart,364,s011377
2179,2025-09-21 15:30:40,view,301,s011378
1487,2024-07-23 10:58:31,view,396,s011379
954,2024-06-05 21:31:18,view,327,s011380
793,2024-08-07 10:57:11,view,198,s011381
2294,2025-07-04 07:52:24,wishlist,134,s011382
1931,2024-02-25 21:53:50,wishlist,333,s011383
2353,2024-12-20 20:12:11,wishlist,179,s011384
1273,2024-06-05 08:27:28,add_to_cart,293,s011385
37,2024-09-03 06:28:09,add_to_cart,273,s011386
2341,2025-07-11 10:48:09,view,129,s011387
182,2025-07-22 00:19:12,wishlist,86,s011388
82,2024-12-23 22:15:32,wishlist,202,s011389
2023,2024-10-04 14:01:50,view,234,s011390
383,2024-07-01 20:04:32,add_to_cart,132,s011391
359,2025-02-11 14:43:39,view,219,s011392
359,2025-12-13 21:22:57,wishlist,380,s011392
1644,2024-04-28 08:33:37,purchase,86,s011393
983,2025-09-16 18:02:25,view,339,s011394
2471,2025-07-05 22:18:38,view,330,s011395
1296,2024-09-20 23:36:07,add_to_cart,284,s011396
1986,2024-06-09 05:38:38,add_to_cart,120,s011397
121,2025-08-24 06:16:33,add_to_cart,332,s011398
1258,2024-04-07 13:27:05,purchase,383,s011399
663,2025-02-03 10:32:29,view,139,s011400
1044,2024-01-30 08:00:24,wishlist,241,s011401
1055,2025-05-06 09:47:36,view,351,s011402
1946,2024-05-03 20:23:57,view,296,s011403
307,2025-01-03 19:29:32,wishlist,160,s011404
1502,2025-06-08 10:00:02,purchase,63,s011405
477,2024-07-09 15:32:59,view,24,s011406
2025,2025-04-11 21:54:03,view,118,s011407
582,2025-11-30 05:18:25,add_to_cart,155,s011408
1957,2024-01-03 07:25:45,add_to_cart,177,s011409
451,2024-08-29 22:45:28,view,229,s011410
954,2024-12-23 20:13:58,view,313,s011411
1196,2024-08-28 12:50:25,purchase,358,s011412
2078,2025-09-24 13:36:18,add_to_cart,42,s011413
1299,2024-12-09 09:33:51,view,133,s011414
621,2025-11-04 21:05:19,view,371,s011415
260,2024-05-04 13:35:28,purchase,71,s011416
2361,2024-10-06 22:08:40,view,185,s011417
2162,2024-07-17 06:48:06,view,37,s011418
493,2024-08-17 05:59:59,view,264,s011419
132,2025-02-25 16:46:26,purchase,324,s011420
1794,2024-01-12 13:54:39,view,266,s011421
1427,2025-07-23 14:41:20,wishlist,165,s011422
959,2025-02-19 01:12:26,view,101,s011423
101,2024-06-06 19:27:35,purchase,229,s011424
1254,2025-01-16 12:45:51,purchase,14,s011425
893,2024-07-05 21:06:26,view,154,s011426
928,2024-11-01 08:05:58,view,347,s011427
68,2024-08-05 22:39:25,wishlist,399,s011428
1994,2025-08-27 11:28:14,view,33,s011429
1709,2025-03-29 10:05:44,view,54,s011430
1776,2025-06-10 22:13:18,view,103,s011431
622,2024-07-28 19:26:09,purchase,248,s011432
1006,2024-11-21 12:22:15,wishlist,352,s011433
994,2025-11-13 19:51:57,view,307,s011434
1641,2025-01-08 10:11:07,view,189,s011435
941,2024-07-15 07:26:48,wishlist,198,s011436
1432,2024-11-22 18:14:36,purchase,268,s011437
905,2024-10-09 09:09:26,view,328,s011438
724,2024-09-24 20:21:30,purchase,141,s011439
1471,2025-01-22 18:36:20,view,251,s011440
114,2024-11-18 05:20:10,remove_from_cart,238,s011441
195,2025-04-10 15:40:50,view,351,s011442
2172,2025-09-03 14:23:35,view,7,s011443
1701,2025-09-19 20:56:50,view,325,s011444
1662,2024-07-02 07:35:26,add_to_cart,19,s011445
2017,2024-10-22 18:26:21,view,285,s011446
14,2024-11-29 15:48:15,view,334,s011447
2372,2025-04-30 18:52:56,purchase,325,s011448
430,2024-10-03 09:57:58,view,55,s011449
1758,2024-06-15 11:16:51,add_to_cart,265,s011450
720,2025-01-30 21:45:11,view,253,s011451
1105,2025-07-31 19:34:30,wishlist,160,s011452
2012,2025-11-19 06:24:54,wishlist,173,s011453
1456,2024-02-17 07:52:09,add_to_cart,157,s011454
851,2025-04-15 17:34:41,view,68,s011455
2407,2025-09-21 18:17:30,view,177,s011456
1617,2024-03-03 08:26:33,purchase,3,s011457
439,2024-09-23 04:01:01,view,171,s011458
1594,2025-01-04 16:22:01,add_to_cart,356,s011459
1262,2025-03-10 00:58:46,remove_from_cart,158,s011460
2027,2024-01-24 20:50:56,view,86,s011461
1749,2024-02-12 16:32:25,remove_from_cart,222,s011462
1654,2024-11-19 16:41:49,purchase,176,s011463
1448,2025-10-22 12:35:18,add_to_cart,315,s011464
1861,2024-04-29 20:23:24,view,11,s011465
1312,2025-08-24 14:57:44,remove_from_cart,153,s011466
2313,2024-01-08 15:20:08,purchase,354,s011467
1908,2025-01-04 12:42:51,view,273,s011468
2341,2024-08-26 08:41:05,wishlist,336,s011469
1051,2025-05-13 19:24:36,view,106,s011470
384,2025-04-08 19:09:29,add_to_cart,250,s011471
2373,2025-08-21 21:39:35,wishlist,353,s011472
1692,2024-10-01 22:35:26,wishlist,362,s011473
2403,2024-07-26 22:57:55,wishlist,48,s011474
2209,2024-06-17 14:19:20,purchase,399,s011475
1011,2024-10-21 08:28:22,view,248,s011476
443,2025-09-21 20:58:00,purchase,394,s011477
459,2024-01-24 20:26:14,view,29,s011478
933,2025-10-04 11:48:51,view,38,s011479
1879,2024-06-11 19:14:14,wishlist,242,s011480
544,2024-06-26 16:00:14,add_to_cart,30,s011481
1539,2024-07-09 12:09:01,view,127,s011482
1502,2024-10-30 22:36:56,wishlist,195,s011483
1365,2024-12-29 09:41:39,view,42,s011484
2097,2024-05-30 06:36:47,purchase,31,s011485
1577,2024-10-09 07:58:55,view,287,s011486
1439,2025-04-05 19:03:10,add_to_cart,342,s011487
155,2025-04-20 18:38:43,purchase,212,s011488
2157,2024-01-16 21:02:50,wishlist,72,s011489
618,2024-10-15 22:19:38,view,191,s011490
1675,2025-05-15 17:20:14,view,107,s011491
1873,2025-09-25 10:08:23,view,145,s011492
1397,2024-03-26 15:31:43,add_to_cart,221,s011493
1992,2025-10-28 13:25:13,purchase,333,s011494
1775,2024-05-10 16:41:04,view,383,s011495
1378,2024-05-10 14:35:16,wishlist,301,s011496
740,2024-10-19 23:33:23,view,292,s011497
858,2025-09-04 17:13:25,view,11,s011498
1794,2025-10-12 21:21:32,add_to_cart,202,s011499
1506,2025-04-03 12:36:04,view,180,s011500
1137,2025-07-08 22:11:12,view,313,s011501
2271,2025-03-14 07:38:47,purchase,232,s011502
1452,2025-07-04 14:34:19,add_to_cart,132,s011503
201,2024-11-18 14:51:35,view,39,s011504
132,2025-04-06 18:48:42,view,297,s011505
1019,2024-11-03 12:04:52,add_to_cart,256,s011506
1837,2024-06-04 16:11:41,view,278,s011507
1179,2025-06-26 20:15:45,view,249,s011508
1814,2025-04-27 19:37:44,view,221,s011509
1669,2025-07-31 13:30:44,view,362,s011510
1464,2024-02-03 20:33:29,view,242,s011511
582,2024-12-02 16:51:32,wishlist,24,s011512
1989,2024-05-26 11:20:37,wishlist,173,s011513
349,2024-10-23 08:31:59,add_to_cart,347,s011514
1223,2024-08-05 22:19:33,remove_from_cart,362,s011515
1339,2025-08-03 11:12:24,view,59,s011516
662,2025-05-12 18:39:12,wishlist,40,s011517
397,2025-05-10 09:20:21,view,252,s011518
1727,2025-09-12 08:16:30,remove_from_cart,119,s011519
2342,2024-12-25 09:44:12,view,346,s011520
1712,2024-12-09 11:44:12,wishlist,233,s011521
2045,2024-10-12 21:20:11,view,203,s011522
880,2025-06-13 14:11:54,add_to_cart,42,s011523
3,2024-08-12 09:42:15,wishlist,60,s011524
2105,2025-12-10 02:30:12,view,291,s011525
24,2024-08-18 07:44:27,view,41,s011526
1673,2024-01-16 19:05:44,add_to_cart,7,s011527
2415,2025-04-23 07:27:50,view,380,s011528
1591,2024-08-04 23:36:40,view,207,s011529
881,2024-04-08 16:50:39,add_to_cart,139,s011530
564,2025-08-14 18:08:13,view,235,s011531
1725,2025-05-10 20:56:10,remove_from_cart,348,s011532
2201,2024-02-11 08:45:36,purchase,283,s011533
1151,2025-04-07 05:24:46,purchase,198,s011534
40,2025-02-04 16:11:22,remove_from_cart,332,s011535
690,2025-06-30 12:57:30,view,347,s011536
1720,2025-06-30 23:53:37,add_to_cart,165,s011537
12,2025-01-24 19:13:22,view,128,s011538
1033,2024-10-13 20:39:46,view,283,s011539
945,2025-05-31 19:28:59,purchase,99,s011540
1831,2024-01-22 21:14:55,view,145,s011541
338,2024-10-05 08:26:57,view,253,s011542
398,2024-05-13 20:11:11,wishlist,201,s011543
256,2024-02-13 20:48:07,view,175,s011544
2405,2024-02-19 19:41:52,view,258,s011545
1504,2025-06-28 09:53:03,remove_from_cart,398,s011546
852,2025-02-16 03:24:51,remove_from_cart,388,s011547
814,2025-11-17 18:43:34,purchase,56,s011548
1426,2025-10-01 20:36:04,wishlist,74,s011549
466,2024-01-11 19:50:03,wishlist,342,s011550
550,2024-05-16 14:52:12,purchase,185,s011551
1781,2025-08-01 16:07:32,view,140,s011552
2160,2025-02-19 22:25:13,view,132,s011553
2383,2025-07-01 20:58:15,add_to_cart,302,s011554
86,2024-12-29 23:55:00,add_to_cart,182,s011555
1671,2025-03-15 12:07:34,add_to_cart,179,s011556
516,2025-04-25 09:10:14,wishlist,399,s011557
898,2025-02-08 14:28:27,wishlist,266,s011558
959,2025-01-18 16:25:33,view,302,s011559
880,2024-04-24 22:04:55,purchase,76,s011560
21,2024-03-26 07:36:42,view,292,s011561
1591,2024-04-19 08:29:34,view,149,s011562
1465,2025-05-16 22:52:50,add_to_cart,13,s011563
2172,2025-11-20 09:04:20,view,324,s011564
591,2025-07-03 12:39:12,wishlist,49,s011565
405,2025-07-05 08:01:10,view,344,s011566
2138,2024-06-15 20:47:57,view,163,s011567
2468,2024-03-05 11:16:27,view,52,s011568
1113,2025-06-10 14:10:05,add_to_cart,93,s011569
2470,2025-10-20 21:54:02,wishlist,260,s011570
1358,2025-01-16 18:49:44,wishlist,114,s011571
2185,2025-08-10 21:14:40,view,41,s011572
1097,2024-08-07 20:46:14,wishlist,25,s011573
1895,2024-07-06 11:51:59,view,145,s011574
1513,2024-10-16 19:56:47,view,82,s011575
154,2024-07-27 19:32:00,view,192,s011576
117,2024-01-22 16:56:37,view,295,s011577
1301,2025-05-27 13:20:37,view,300,s011578
270,2025-02-26 08:32:25,purchase,68,s011579
2385,2025-05-05 20:02:52,view,280,s011580
1193,2025-04-19 09:21:01,view,83,s011581
143,2025-11-25 12:25:46,purchase,45,s011582
1035,2024-03-03 09:42:34,view,337,s011583
150,2025-07-04 08:56:47,view,103,s011584
517,2025-11-14 16:02:32,view,249,s011585
1743,2024-08-03 19:21:06,wishlist,277,s011586
2220,2025-12-07 07:55:35,view,110,s011587
1626,2025-03-05 09:45:11,view,177,s011588
1269,2024-01-14 11:16:58,view,376,s011589
1045,2024-07-20 23:05:13,purchase,45,s011590
1210,2025-07-07 08:28:09,view,190,s011591
2246,2025-03-11 10:35:36,wishlist,125,s011592
824,2024-10-25 18:23:07,view,182,s011593
372,2024-01-20 08:27:28,view,234,s011594
1623,2024-09-28 14:12:31,view,162,s011595
428,2024-05-08 20:31:41,view,284,s011596
1476,2025-03-16 10:57:44,add_to_cart,351,s011597
1554,2025-08-08 18:02:07,wishlist,148,s011598
1255,2024-11-09 20:27:11,view,3,s011599
1104,2024-01-02 19:28:38,view,213,s011600
483,2024-07-03 08:38:47,view,364,s011601
2036,2025-03-09 21:35:59,add_to_cart,384,s011602
1704,2024-04-25 18:38:05,add_to_cart,362,s011603
503,2025-12-14 21:27:06,view,254,s011604
1026,2024-06-14 09:27:36,view,304,s011605
826,2025-10-13 21:08:38,wishlist,337,s011606
224,2025-06-14 07:45:03,wishlist,135,s011607
86,2024-07-17 21:52:13,add_to_cart,52,s011608
892,2025-07-15 19:07:14,view,218,s011609
1176,2025-08-02 23:31:13,purchase,321,s011610
11,2025-05-12 19:30:19,view,146,s011611
800,2025-07-12 10:58:59,view,136,s011612
1521,2025-05-10 21:23:01,view,134,s011613
1009,2025-08-09 19:59:12,purchase,306,s011614
2129,2024-02-23 20:07:48,add_to_cart,394,s011615
2381,2025-06-01 09:31:59,add_to_cart,165,s011616
1881,2024-03-20 06:40:58,add_to_cart,145,s011617
1638,2024-12-02 18:14:54,view,341,s011618
2407,2025-09-06 22:48:06,view,289,s011619
1736,2024-01-04 08:24:25,wishlist,76,s011620
1395,2025-03-28 12:03:05,wishlist,39,s011621
2462,2025-11-12 19:15:25,view,358,s011622
203,2024-07-12 05:00:08,view,142,s011623
2176,2024-06-07 17:05:34,add_to_cart,326,s011624
1923,2024-03-22 11:28:37,view,350,s011625
1567,2025-09-22 19:01:36,add_to_cart,4,s011626
1384,2025-01-11 17:21:24,view,82,s011627
152,2025-09-08 21:15:33,view,351,s011628
788,2025-06-25 20:10:11,add_to_cart,93,s011629
1046,2025-10-19 20:16:58,view,136,s011630
832,2024-03-14 22:25:27,add_to_cart,291,s011631
97,2025-04-09 16:41:58,view,260,s011632
1575,2024-06-29 20:12:35,view,362,s011633
793,2025-07-05 10:23:01,add_to_cart,67,s011634
1198,2025-10-19 21:14:48,view,11,s011635
1017,2025-04-14 20:46:03,add_to_cart,6,s011636
2441,2025-10-05 13:21:53,add_to_cart,384,s011637
1034,2025-04-11 19:52:20,view,136,s011638
188,2024-03-07 19:39:34,view,190,s011639
2072,2024-01-02 19:16:52,remove_from_cart,183,s011640
2304,2025-11-01 21:01:52,view,387,s011641
520,2025-07-07 09:36:22,wishlist,244,s011642
303,2024-03-22 01:32:19,view,210,s011643
418,2024-02-08 09:47:03,remove_from_cart,386,s011644
1273,2025-03-03 21:22:28,wishlist,16,s011645
1467,2024-04-21 23:50:01,purchase,302,s011646
68,2025-03-26 08:45:29,view,379,s011647
2355,2024-01-31 21:21:33,view,309,s011648
1325,2025-09-20 13:10:14,purchase,118,s011649
1878,2024-05-25 08:46:20,view,368,s011650
2468,2025-01-01 18:15:27,add_to_cart,378,s011651
2069,2025-01-20 07:49:13,view,355,s011652
1691,2025-01-04 12:59:25,view,246,s011653
326,2025-10-03 06:09:08,purchase,23,s011654
1055,2025-11-17 22:15:01,wishlist,285,s011655
1131,2024-02-16 18:29:24,add_to_cart,275,s011656
466,2024-04-23 21:53:57,view,17,s011657
373,2024-04-17 10:20:34,view,232,s011658
137,2024-04-28 19:35:11,view,266,s011659
1374,2025-11-06 23:37:55,view,59,s011660
1796,2025-01-27 09:31:20,wishlist,228,s011661
2457,2025-04-10 19:38:31,view,47,s011662
2044,2025-07-04 20:20:11,add_to_cart,41,s011663
2336,2025-08-17 17:54:07,view,274,s011664
2462,2025-08-24 20:00:24,view,230,s011665
1803,2024-08-20 07:16:51,add_to_cart,308,s011666
691,2025-11-06 08:38:08,wishlist,76,s011667
230,2025-04-16 06:32:48,wishlist,52,s011668
511,2024-01-14 17:20:42,view,242,s011669
1639,2024-04-15 18:26:23,view,340,s011670
1233,2024-12-28 07:18:22,add_to_cart,394,s011671
393,2025-02-17 18:52:49,add_to_cart,231,s011672
531,2024-08-29 19:17:01,view,66,s011673
627,2025-02-07 18:17:45,view,368,s011674
366,2025-04-03 22:59:15,add_to_cart,364,s011675
1957,2024-11-29 07:24:22,view,228,s011676
1853,2024-07-15 04:46:14,view,356,s011677
626,2024-02-23 10:51:06,view,168,s011678
2354,2025-01-20 08:28:42,view,238,s011679
1814,2024-10-29 21:41:57,view,71,s011680
493,2025-02-26 10:52:31,view,374,s011681
1676,2024-03-21 19:10:27,view,100,s011682
2282,2025-03-04 18:44:09,wishlist,205,s011683
1327,2025-09-30 22:07:46,add_to_cart,93,s011684
129,2025-09-05 05:12:50,purchase,366,s011685
1198,2024-05-02 09:16:30,view,397,s011686
795,2024-12-03 20:45:38,add_to_cart,382,s011687
2445,2024-10-06 06:27:38,view,107,s011688
104,2024-01-12 20:42:01,view,400,s011689
2035,2024-01-24 18:34:25,view,30,s011690
1265,2024-04-05 18:45:46,view,122,s011691
2120,2024-01-12 08:36:57,wishlist,391,s011692
494,2025-03-22 06:25:34,wishlist,292,s011693
2341,2024-11-21 04:21:36,purchase,369,s011694
193,2025-03-29 09:01:06,view,241,s011695
2438,2025-07-28 19:30:17,view,262,s011696
875,2025-12-10 13:44:53,view,10,s011697
1272,2024-10-27 11:11:46,view,339,s011698
980,2025-04-25 09:40:55,view,283,s011699
512,2025-09-22 16:02:45,add_to_cart,384,s011700
1817,2024-07-19 19:13:20,add_to_cart,267,s011701
504,2024-06-04 18:46:40,view,149,s011702
1416,2025-07-27 18:52:01,view,41,s011703
887,2024-09-29 21:29:41,purchase,48,s011704
121,2025-04-09 09:56:37,remove_from_cart,98,s011705
217,2025-04-03 09:27:54,purchase,138,s011706
1953,2024-08-26 20:22:18,view,283,s011707
47,2025-01-07 02:15:29,wishlist,111,s011708
719,2025-08-09 12:37:28,wishlist,225,s011709
2387,2024-12-11 08:41:03,view,276,s011710
2269,2024-01-05 17:33:43,view,296,s011711
46,2024-05-07 14:29:13,view,162,s011712
1363,2025-06-09 03:55:50,view,319,s011713
16,2024-07-29 09:04:57,view,299,s011714
2210,2025-04-17 18:28:16,purchase,395,s011715
2398,2025-04-14 04:56:41,add_to_cart,86,s011716
1058,2024-07-31 19:27:17,view,50,s011717
1897,2025-04-14 11:26:30,view,134,s011718
2329,2024-09-23 11:32:30,view,34,s011719
2175,2024-10-18 20:42:27,view,312,s011720
1848,2024-01-14 12:38:48,add_to_cart,181,s011721
2032,2024-03-05 15:08:52,view,357,s011722
767,2025-10-23 18:02:03,add_to_cart,57,s011723
855,2025-11-14 23:14:11,view,50,s011724
764,2024-11-23 19:21:21,purchase,124,s011725
462,2024-06-26 08:25:59,purchase,116,s011726
1814,2024-05-10 21:36:40,add_to_cart,339,s011727
1224,2025-10-11 14:00:30,purchase,47,s011728
2455,2025-02-10 17:28:26,view,219,s011729
2004,2024-10-16 17:37:54,view,257,s011730
1634,2025-08-05 09:19:02,add_to_cart,238,s011731
1510,2025-05-17 08:17:43,view,23,s011732
2216,2024-06-27 20:34:38,view,227,s011733
2342,2024-09-25 16:04:22,wishlist,219,s011734
694,2025-06-27 20:19:10,view,15,s011735
655,2024-01-01 16:41:46,view,61,s011736
1647,2025-10-17 22:39:27,add_to_cart,218,s011737
1271,2024-07-28 01:47:58,view,347,s011738
892,2024-09-25 10:49:28,remove_from_cart,78,s011739
1846,2024-04-04 20:15:16,add_to_cart,293,s011740
1994,2025-06-30 00:18:50,view,22,s011741
2213,2025-05-07 08:53:15,wishlist,196,s011742
2459,2024-01-31 09:46:13,view,128,s011743
1573,2024-09-10 07:45:07,view,257,s011744
747,2025-05-13 20:15:43,wishlist,106,s011745
29,2024-10-30 22:38:04,add_to_cart,257,s011746
1729,2024-12-23 09:48:12,purchase,146,s011747
1247,2024-02-26 07:03:32,view,25,s011748
1985,2025-01-15 05:10:26,view,314,s011749
963,2024-11-09 12:50:44,wishlist,46,s011750
973,2024-09-19 16:28:32,wishlist,207,s011751
2081,2025-11-03 22:35:28,wishlist,187,s011752
2391,2025-04-30 21:56:02,view,311,s011753
780,2025-11-24 09:01:49,view,163,s011754
1938,2025-09-15 17:08:05,view,341,s011755
512,2025-08-13 17:32:12,add_to_cart,45,s011756
889,2024-07-13 18:59:14,view,151,s011757
872,2025-09-18 00:17:40,purchase,19,s011758
651,2024-12-30 18:51:53,wishlist,126,s011759
642,2024-04-14 21:29:49,view,27,s011760
1190,2024-09-08 08:39:28,wishlist,145,s011761
1148,2025-05-26 10:31:40,view,9,s011762
872,2024-11-18 15:22:55,view,184,s011763
1122,2024-12-21 11:13:02,purchase,10,s011764
1163,2025-01-04 07:16:39,add_to_cart,323,s011765
1993,2024-07-16 13:17:29,wishlist,213,s011766
2454,2025-05-23 21:53:08,view,316,s011767
295,2024-10-20 09:52:55,view,150,s011768
309,2025-12-14 10:54:43,wishlist,261,s011769
2111,2025-11-16 06:47:01,view,82,s011770
141,2024-06-13 15:26:07,remove_from_cart,69,s011771
1302,2024-01-28 09:24:17,view,199,s011772
1076,2024-10-14 10:01:50,add_to_cart,318,s011773
1185,2024-11-27 20:34:05,add_to_cart,105,s011774
1061,2025-07-07 19:42:25,view,171,s011775
271,2025-11-23 08:29:30,view,15,s011776
1241,2024-10-18 08:07:54,view,145,s011777
252,2025-02-21 07:08:44,view,262,s011778
610,2024-04-02 17:07:47,add_to_cart,17,s011779
1419,2025-02-19 15:16:52,view,390,s011780
2165,2025-02-08 21:32:47,add_to_cart,102,s011781
1933,2024-12-12 21:55:28,add_to_cart,63,s011782
1914,2025-10-12 19:40:27,view,93,s011783
2063,2025-09-25 12:12:48,view,175,s011784
306,2025-10-08 10:25:54,view,200,s011785
179,2024-04-06 17:46:30,view,243,s011786
1308,2024-02-06 19:37:36,wishlist,152,s011787
1945,2024-07-02 12:58:20,add_to_cart,91,s011788
1855,2025-03-07 13:25:46,add_to_cart,278,s011789
994,2024-10-03 18:10:09,view,134,s011790
108,2024-04-28 08:04:14,wishlist,295,s011791
153,2024-10-20 22:32:57,add_to_cart,30,s011792
2280,2025-03-18 13:42:52,view,191,s011793
1228,2024-01-08 08:19:31,purchase,7,s011794
1589,2024-10-24 20:36:01,add_to_cart,368,s011795
2270,2024-02-21 13:02:49,wishlist,92,s011796
1755,2024-11-19 20:34:55,remove_from_cart,145,s011797
1633,2025-10-27 19:31:48,purchase,260,s011798
2418,2025-02-20 21:52:56,view,143,s011799
1060,2024-05-06 17:44:16,view,169,s011800
2365,2025-09-29 09:29:17,view,48,s011801
1507,2024-09-26 16:11:09,view,329,s011802
1888,2025-12-04 21:57:28,view,268,s011803
602,2025-10-10 09:09:54,purchase,392,s011804
1134,2025-11-07 20:39:15,remove_from_cart,251,s011805
2303,2025-04-14 17:12:04,wishlist,80,s011806
455,2024-04-20 09:23:19,view,82,s011807
1436,2025-10-15 12:41:37,wishlist,177,s011808
1708,2025-03-06 16:14:50,add_to_cart,304,s011809
454,2025-11-10 05:38:06,view,102,s011810
2285,2025-01-26 13:22:39,add_to_cart,283,s011811
2065,2024-06-02 04:04:03,purchase,151,s011812
1509,2025-06-20 09:56:50,remove_from_cart,162,s011813
1900,2025-06-08 20:18:34,view,140,s011814
286,2025-09-09 23:15:49,add_to_cart,286,s011815
1035,2024-10-12 12:53:28,remove_from_cart,34,s011816
756,2025-01-02 20:47:37,add_to_cart,80,s011817
444,2025-05-22 20:26:05,wishlist,327,s011818
2348,2024-11-17 19:05:28,add_to_cart,277,s011819
440,2024-05-13 18:56:12,view,13,s011820
2352,2025-10-16 15:11:09,view,67,s011821
2027,2024-11-05 14:36:01,view,278,s011822
153,2024-08-02 20:49:41,view,283,s011823
1758,2024-06-25 02:11:48,view,18,s011824
2347,2025-01-09 11:03:39,view,101,s011825
2056,2024-02-04 11:33:47,view,88,s011826
1373,2025-11-07 07:59:59,view,53,s011827
390,2025-07-30 21:20:30,purchase,348,s011828
808,2025-10-01 17:02:44,add_to_cart,67,s011829
221,2025-08-03 10:21:46,add_to_cart,392,s011830
2174,2024-03-09 09:30:02,view,395,s011831
2428,2024-05-22 05:54:34,view,14,s011832
1997,2025-01-11 01:52:22,add_to_cart,54,s011833
1313,2024-05-15 16:57:20,add_to_cart,315,s011834
240,2025-06-29 14:07:41,add_to_cart,366,s011835
1118,2024-03-01 07:39:22,add_to_cart,5,s011836
1167,2025-12-08 20:18:58,view,216,s011837
986,2024-10-14 22:47:21,view,113,s011838
260,2024-01-21 20:10:28,wishlist,185,s011839
458,2025-10-02 18:42:30,view,97,s011840
2072,2024-07-25 06:17:05,view,140,s011841
1786,2024-02-05 20:51:34,add_to_cart,111,s011842
819,2025-11-29 23:44:24,add_to_cart,327,s011843
34,2025-05-13 09:24:04,view,393,s011844
1548,2025-10-25 06:29:31,view,111,s011845
1331,2024-04-14 07:22:10,add_to_cart,128,s011846
2329,2025-03-16 22:17:30,wishlist,235,s011847
1199,2025-06-17 21:28:21,view,194,s011848
113,2024-02-18 22:03:50,wishlist,324,s011849
781,2025-07-19 08:02:53,view,199,s011850
1997,2025-06-13 07:51:11,add_to_cart,217,s011851
198,2025-04-17 19:10:05,view,326,s011852
591,2025-08-31 10:21:05,view,66,s011853
603,2025-09-13 09:01:43,view,219,s011854
455,2025-06-05 07:08:44,view,111,s011855
392,2025-02-06 12:39:56,remove_from_cart,241,s011856
1757,2024-06-04 20:00:13,remove_from_cart,244,s011857
1750,2024-03-25 06:46:21,view,300,s011858
530,2024-05-25 11:51:07,view,85,s011859
388,2025-08-02 08:51:23,view,86,s011860
1813,2024-12-19 18:38:50,view,52,s011861
1875,2024-04-18 06:13:12,add_to_cart,342,s011862
228,2025-03-29 19:17:43,add_to_cart,206,s011863
761,2025-01-23 21:39:04,view,99,s011864
1481,2024-04-04 14:56:31,view,208,s011865
1241,2025-02-26 21:14:03,view,66,s011866
1308,2025-01-20 12:43:24,add_to_cart,244,s011867
1066,2025-04-05 18:24:46,view,154,s011868
116,2025-08-17 16:01:06,wishlist,162,s011869
1416,2024-09-30 09:04:40,view,58,s011870
1353,2024-04-24 20:10:51,view,62,s011871
2355,2025-07-15 08:38:10,view,358,s011872
1364,2025-11-02 13:54:21,view,35,s011873
1067,2024-04-06 00:11:14,add_to_cart,46,s011874
2418,2025-10-10 08:28:20,purchase,174,s011875
576,2024-08-23 21:47:01,purchase,292,s011876
1182,2025-11-23 18:31:58,remove_from_cart,355,s011877
50,2025-04-08 09:07:58,view,127,s011878
1421,2024-02-09 03:38:04,view,114,s011879
2459,2024-05-10 20:40:15,purchase,169,s011880
1159,2024-08-28 18:55:53,remove_from_cart,148,s011881
1282,2024-06-14 18:40:15,purchase,271,s011882
305,2025-02-11 02:18:57,view,222,s011883
1674,2024-12-11 21:17:35,view,43,s011884
1102,2024-10-31 18:18:38,view,380,s011885
1014,2025-03-10 20:47:38,view,278,s011886
1468,2025-07-25 19:55:00,view,8,s011887
876,2025-03-20 06:17:21,wishlist,210,s011888
2031,2024-07-05 12:10:53,view,261,s011889
1873,2025-10-08 02:49:04,view,246,s011890
557,2024-10-13 21:10:45,view,203,s011891
1336,2025-10-15 15:55:04,add_to_cart,97,s011892
1439,2025-02-09 14:40:30,remove_from_cart,5,s011893
1569,2025-11-28 02:11:24,view,110,s011894
2167,2025-07-08 13:28:20,wishlist,179,s011895
1608,2025-10-19 12:57:25,view,263,s011896
343,2025-11-30 16:57:03,view,366,s011897
8,2024-01-25 06:57:10,remove_from_cart,161,s011898
986,2025-12-06 07:23:38,view,76,s011899
2243,2024-09-21 21:53:49,wishlist,63,s011900
1604,2025-01-16 21:09:47,purchase,211,s011901
1927,2025-09-19 08:07:16,add_to_cart,298,s011902
1509,2024-03-01 14:44:24,wishlist,50,s011903
1939,2025-04-15 07:05:25,view,368,s011904
907,2024-06-24 16:14:06,wishlist,346,s011905
715,2025-10-29 16:57:22,view,126,s011906
199,2024-11-16 06:29:39,view,278,s011907
1388,2024-10-18 10:49:01,add_to_cart,12,s011908
2477,2024-03-12 22:15:23,purchase,351,s011909
2290,2025-01-10 22:08:45,view,267,s011910
1207,2025-02-12 14:08:37,add_to_cart,331,s011911
2062,2025-11-29 19:56:39,view,353,s011912
1369,2024-04-19 22:11:08,view,117,s011913
1177,2025-06-29 13:51:49,remove_from_cart,74,s011914
2075,2025-10-15 10:10:02,add_to_cart,337,s011915
1044,2025-04-03 07:37:50,view,378,s011916
2377,2025-07-04 22:26:00,wishlist,391,s011917
305,2025-08-29 21:32:23,view,335,s011918
2227,2024-01-05 20:24:40,view,36,s011919
1262,2024-06-26 08:04:50,remove_from_cart,3,s011920
293,2025-11-01 20:45:30,purchase,142,s011921
2364,2024-12-16 11:37:41,view,51,s011922
1288,2024-03-27 19:31:26,view,320,s011923
1628,2024-04-26 06:16:33,wishlist,253,s011924
408,2024-06-10 15:52:45,view,172,s011925
562,2024-02-21 12:16:38,view,214,s011926
917,2024-05-18 05:39:50,purchase,282,s011927
1065,2025-04-16 21:23:44,add_to_cart,193,s011928
333,2024-08-13 21:29:34,wishlist,156,s011929
365,2024-10-15 13:46:36,add_to_cart,338,s011930
633,2024-01-10 22:22:10,view,128,s011931
2305,2024-12-20 18:13:59,remove_from_cart,397,s011932
572,2024-12-20 21:51:28,purchase,6,s011933
2106,2025-04-03 19:23:31,purchase,339,s011934
641,2024-02-22 16:42:43,view,198,s011935
1271,2025-12-08 08:57:28,add_to_cart,339,s011936
772,2024-09-06 18:25:29,wishlist,308,s011937
2346,2024-06-10 09:34:07,add_to_cart,69,s011938
1682,2024-03-02 08:58:09,view,273,s011939
313,2025-02-14 23:25:13,purchase,89,s011940
1931,2025-04-18 11:52:31,add_to_cart,184,s011941
1609,2025-11-20 04:25:47,view,108,s011942
944,2024-04-14 17:07:52,wishlist,105,s011943
2110,2024-08-26 09:59:11,view,342,s011944
2129,2025-03-20 08:27:48,add_to_cart,366,s011945
846,2025-08-19 15:42:46,add_to_cart,36,s011946
2154,2025-03-02 01:16:56,wishlist,126,s011947
2113,2024-02-20 10:18:16,add_to_cart,106,s011948
2205,2024-05-21 16:55:51,add_to_cart,313,s011949
703,2024-12-11 11:56:31,view,294,s011950
789,2024-05-29 15:06:50,remove_from_cart,381,s011951
2137,2024-01-29 09:57:51,view,364,s011952
681,2024-07-31 19:34:37,view,76,s011953
1983,2024-05-11 09:36:01,view,32,s011954
693,2024-07-28 04:30:10,view,195,s011955
1672,2025-12-12 20:42:15,view,257,s011956
1026,2024-07-15 16:10:49,view,216,s011957
221,2024-11-16 09:01:01,view,220,s011958
1202,2025-01-27 05:39:40,purchase,182,s011959
1139,2024-01-01 05:05:22,add_to_cart,252,s011960
2468,2024-07-12 17:43:02,wishlist,396,s011961
693,2024-11-03 14:28:10,view,84,s011962
628,2024-11-12 18:15:23,purchase,70,s011963
695,2025-11-15 21:02:03,view,230,s011964
871,2024-10-24 01:21:53,add_to_cart,98,s011965
959,2024-04-01 08:49:52,wishlist,345,s011966
1307,2024-06-10 17:55:36,purchase,338,s011967
291,2025-12-05 10:57:54,wishlist,1,s011968
1871,2025-10-21 13:57:20,wishlist,275,s011969
2331,2025-09-23 19:13:16,view,46,s011970
578,2025-05-08 14:02:15,view,26,s011971
1468,2024-12-01 01:30:42,view,46,s011972
1881,2024-08-17 15:00:19,add_to_cart,180,s011973
988,2025-07-09 18:12:08,wishlist,87,s011974
1023,2025-03-10 18:11:46,wishlist,228,s011975
1788,2025-07-15 20:02:30,wishlist,77,s011976
1540,2025-03-25 22:03:40,view,399,s011977
510,2025-11-28 19:53:16,add_to_cart,337,s011978
1148,2025-05-06 18:42:09,wishlist,377,s011979
792,2025-09-01 12:19:58,view,226,s011980
930,2025-11-27 15:09:22,purchase,55,s011981
1609,2024-03-05 23:22:14,view,192,s011982
1029,2025-05-11 17:50:13,view,135,s011983
481,2025-11-17 08:42:45,view,397,s011984
53,2024-04-28 19:13:02,purchase,257,s011985
188,2025-01-19 08:19:49,wishlist,229,s011986
1871,2024-09-04 21:01:46,view,201,s011987
2184,2024-07-10 18:11:16,add_to_cart,215,s011988
1583,2024-09-30 03:54:48,wishlist,28,s011989
846,2025-11-24 22:05:59,wishlist,4,s011990
836,2024-01-27 16:57:30,view,129,s011991
2294,2025-08-04 10:07:32,add_to_cart,390,s011992
1048,2025-02-02 20:17:52,add_to_cart,372,s011993
1784,2024-09-09 18:15:11,add_to_cart,358,s011994
2153,2024-01-02 16:16:07,purchase,296,s011995
1475,2024-09-04 23:51:14,view,245,s011996
1250,2025-06-13 20:23:35,add_to_cart,46,s011997
2195,2025-06-04 20:50:30,view,91,s011998
2304,2025-07-30 21:57:22,purchase,10,s011999
1670,2024-08-17 17:18:43,view,250,s012000
898,2025-08-19 19:11:27,view,278,s012001
453,2024-07-05 09:19:03,add_to_cart,376,s012002
826,2025-05-27 06:23:41,remove_from_cart,83,s012003
552,2025-03-18 18:18:11,view,30,s012004
465,2025-04-22 22:16:46,view,8,s012005
1840,2024-06-26 22:54:30,view,260,s012006
412,2025-04-20 20:59:11,view,18,s012007
644,2025-10-20 23:15:16,purchase,245,s012008
999,2024-02-03 17:02:12,purchase,219,s012009
1209,2024-12-17 18:10:36,view,278,s012010
1730,2024-12-03 13:55:02,add_to_cart,130,s012011
446,2024-02-06 09:54:04,wishlist,170,s012012
1301,2024-01-09 17:59:18,view,147,s012013
2249,2024-06-24 20:12:55,view,386,s012014
35,2025-08-14 09:33:26,add_to_cart,24,s012015
2314,2024-01-09 12:40:29,view,29,s012016
890,2024-08-10 13:58:05,view,387,s012017
581,2025-09-29 17:27:51,purchase,118,s012018
639,2024-03-24 21:42:40,add_to_cart,294,s012019
1092,2024-07-16 16:08:51,remove_from_cart,5,s012020
185,2024-01-14 22:11:23,view,261,s012021
1736,2025-06-27 17:38:55,view,271,s012022
1973,2025-03-07 19:45:01,view,84,s012023
1861,2025-07-16 20:33:54,wishlist,85,s012024
1867,2025-01-24 20:57:21,view,189,s012025
997,2024-05-07 09:55:24,view,157,s012026
1166,2025-07-28 13:55:48,view,362,s012027
108,2024-01-18 09:46:51,add_to_cart,161,s012028
1501,2024-05-29 20:02:20,view,281,s012029
2062,2024-09-30 08:08:23,view,42,s012030
1620,2025-07-03 14:07:00,view,181,s012031
1586,2025-07-01 08:24:57,add_to_cart,69,s012032
1273,2025-06-11 20:11:51,wishlist,80,s012033
366,2024-01-29 10:42:39,view,118,s012034
663,2025-01-01 09:40:08,add_to_cart,246,s012035
803,2025-10-15 09:44:10,view,135,s012036
100,2025-01-23 12:39:17,view,133,s012037
1864,2024-10-12 08:58:07,wishlist,77,s012038
1684,2025-11-08 15:10:31,view,243,s012039
2333,2025-03-24 09:35:24,view,290,s012040
2048,2025-05-10 20:45:52,view,243,s012041
616,2024-01-16 19:04:18,view,84,s012042
1076,2024-11-13 16:01:20,view,334,s012043
2176,2025-01-20 17:07:17,view,102,s012044
397,2024-04-18 18:57:57,view,336,s012045
2325,2024-08-17 16:40:06,add_to_cart,179,s012046
910,2025-03-10 18:01:29,view,220,s012047
2324,2024-08-29 13:07:49,view,314,s012048
824,2025-11-24 14:19:22,add_to_cart,76,s012049
865,2024-09-29 16:42:52,purchase,292,s012050
952,2025-05-09 06:20:57,view,78,s012051
74,2025-05-21 22:50:27,view,220,s012052
2499,2024-05-27 21:36:52,view,13,s012053
2490,2024-05-25 18:02:29,view,160,s012054
1383,2024-06-18 20:11:07,view,363,s012055
1159,2025-05-29 23:30:49,remove_from_cart,352,s012056
1455,2024-04-04 20:23:12,add_to_cart,289,s012057
2308,2024-02-09 08:40:53,remove_from_cart,215,s012058
1407,2024-05-15 17:11:11,view,168,s012059
1234,2025-12-04 21:45:08,purchase,205,s012060
2197,2024-08-02 19:57:07,wishlist,241,s012061
1734,2025-08-29 21:55:34,add_to_cart,67,s012062
2361,2024-12-25 05:54:15,view,53,s012063
820,2024-12-28 11:05:46,view,75,s012064
1581,2024-02-08 07:29:56,view,338,s012065
1186,2025-07-02 18:39:49,view,386,s012066
1751,2024-11-04 23:17:48,add_to_cart,63,s012067
2257,2024-01-31 16:39:59,remove_from_cart,208,s012068
1870,2025-05-28 14:21:20,view,273,s012069
431,2025-03-08 01:23:21,add_to_cart,264,s012070
162,2024-12-10 23:10:12,view,278,s012071
2372,2025-11-22 15:22:41,wishlist,239,s012072
1333,2025-03-01 19:03:30,purchase,221,s012073
2403,2024-01-30 12:30:02,wishlist,44,s012074
2184,2025-04-30 20:59:27,view,381,s012075
1214,2024-03-24 15:35:01,purchase,398,s012076
2384,2025-05-14 16:43:01,wishlist,384,s012077
827,2024-03-07 10:36:02,view,103,s012078
1379,2025-08-22 23:46:05,view,152,s012079
2291,2025-08-10 10:01:59,remove_from_cart,397,s012080
1119,2025-03-25 11:18:39,add_to_cart,217,s012081
2478,2025-11-30 21:38:02,remove_from_cart,27,s012082
1484,2025-09-10 01:18:59,view,48,s012083
327,2024-02-26 19:26:29,view,97,s012084
1768,2024-05-22 14:54:53,view,269,s012085
2,2025-09-03 21:47:35,purchase,386,s012086
526,2024-04-13 09:26:51,view,149,s012087
1591,2024-10-05 07:14:14,add_to_cart,371,s012088
1916,2024-03-12 07:49:15,add_to_cart,354,s012089
1909,2024-08-27 08:32:30,remove_from_cart,282,s012090
1677,2024-07-15 09:25:02,purchase,110,s012091
1624,2024-08-29 21:08:33,view,358,s012092
1264,2024-02-03 23:58:08,view,229,s012093
1438,2024-04-26 19:09:49,view,93,s012094
1416,2024-10-12 14:19:53,add_to_cart,28,s012095
2497,2024-05-13 10:02:36,add_to_cart,357,s012096
1922,2024-03-26 20:57:38,wishlist,31,s012097
2457,2025-02-28 18:47:33,add_to_cart,392,s012098
1041,2024-10-14 20:17:26,view,184,s012099
1995,2024-07-29 06:33:11,purchase,173,s012100
2416,2024-11-20 09:50:43,add_to_cart,53,s012101
80,2025-05-03 16:49:26,view,90,s012102
467,2025-12-06 19:48:06,view,317,s012103
2418,2024-04-14 12:36:28,purchase,60,s012104
1390,2024-08-11 20:20:13,view,124,s012105
695,2025-03-04 16:52:22,add_to_cart,248,s012106
1916,2024-12-01 19:26:30,view,42,s012107
2400,2024-01-06 17:39:07,wishlist,187,s012108
2309,2024-12-06 10:33:07,purchase,320,s012109
484,2024-07-13 18:31:31,wishlist,325,s012110
332,2025-05-22 11:59:35,add_to_cart,371,s012111
857,2024-07-30 04:01:53,view,234,s012112
2137,2025-06-02 17:31:21,add_to_cart,89,s012113
534,2025-11-15 01:26:21,wishlist,325,s012114
2181,2024-02-10 17:05:11,purchase,259,s012115
2214,2025-01-14 02:39:30,purchase,229,s012116
144,2025-09-28 16:47:59,view,394,s012117
1212,2025-07-05 22:18:49,view,238,s012118
448,2025-10-17 12:18:30,purchase,335,s012119
2281,2025-10-01 13:59:56,wishlist,345,s012120
2103,2024-02-27 07:47:43,view,3,s012121
15,2025-06-20 21:28:28,wishlist,236,s012122
2124,2024-07-25 18:04:28,add_to_cart,179,s012123
1314,2025-06-16 21:24:50,add_to_cart,55,s012124
1014,2025-08-10 21:24:59,add_to_cart,151,s012125
11,2025-02-12 06:03:05,wishlist,125,s012126
365,2025-06-04 21:32:32,view,165,s012127
655,2025-02-15 20:59:25,wishlist,211,s012128
319,2024-10-27 20:18:57,view,110,s012129
2110,2025-07-19 13:18:25,add_to_cart,284,s012130
401,2025-07-27 10:39:04,view,400,s012131
2012,2025-12-13 08:45:02,view,211,s012132
2126,2024-04-04 10:44:51,view,376,s012133
1337,2024-10-17 09:51:49,wishlist,138,s012134
1639,2024-06-26 04:48:19,view,311,s012135
1695,2025-05-17 18:49:40,remove_from_cart,129,s012136
1082,2025-02-15 20:12:47,purchase,7,s012137
2396,2025-10-20 20:08:26,view,76,s012138
1643,2024-09-16 07:08:11,view,153,s012139
1071,2025-11-28 09:53:54,add_to_cart,193,s012140
2424,2024-04-08 13:04:41,wishlist,174,s012141
133,2024-10-01 11:54:57,wishlist,135,s012142
964,2025-06-12 09:22:16,add_to_cart,168,s012143
517,2024-08-03 19:50:20,view,160,s012144
2397,2024-04-02 07:00:33,add_to_cart,274,s012145
2409,2024-12-13 19:34:06,view,16,s012146
1494,2025-01-31 16:53:06,view,394,s012147
917,2024-11-16 21:57:36,add_to_cart,394,s012148
16,2024-06-03 20:22:56,view,367,s012149
678,2024-10-04 19:40:43,wishlist,259,s012150
1048,2024-10-13 20:56:30,purchase,313,s012151
1762,2024-08-24 21:11:21,add_to_cart,336,s012152
1988,2025-08-03 09:29:03,add_to_cart,314,s012153
1432,2024-10-07 09:41:53,view,48,s012154
2485,2024-01-30 09:02:37,view,159,s012155
982,2024-10-09 20:22:10,purchase,32,s012156
567,2024-11-05 23:46:44,view,277,s012157
1232,2024-01-06 08:59:51,view,235,s012158
1582,2024-02-01 16:30:01,add_to_cart,195,s012159
2395,2025-06-05 04:12:51,wishlist,6,s012160
1030,2025-09-25 05:26:36,view,242,s012161
819,2024-03-03 18:11:10,add_to_cart,205,s012162
2077,2025-03-28 20:53:24,wishlist,240,s012163
1968,2024-07-08 12:22:41,add_to_cart,23,s012164
263,2024-01-06 08:35:43,wishlist,109,s012165
122,2025-01-24 17:59:57,view,248,s012166
2315,2024-03-27 11:37:45,add_to_cart,30,s012167
2465,2025-09-05 23:30:58,view,246,s012168
907,2025-02-22 11:43:37,purchase,369,s012169
284,2025-02-26 21:18:59,view,298,s012170
2196,2025-12-06 14:41:34,purchase,318,s012171
691,2024-02-11 04:26:50,wishlist,330,s012172
143,2025-06-12 12:13:25,wishlist,266,s012173
646,2025-04-01 09:06:14,view,365,s012174
318,2024-04-12 11:04:22,view,383,s012175
103,2024-04-06 16:14:21,add_to_cart,180,s012176
1677,2025-03-10 17:02:04,view,289,s012177
1999,2024-08-30 09:06:37,add_to_cart,185,s012178
2008,2025-05-06 21:45:55,view,171,s012179
1817,2025-07-01 09:14:22,view,302,s012180
2382,2024-11-24 05:06:02,view,49,s012181
1678,2024-09-21 22:38:10,purchase,130,s012182
395,2024-11-29 05:39:18,view,71,s012183
1559,2025-03-02 09:17:56,add_to_cart,72,s012184
2116,2024-06-14 23:28:14,view,72,s012185
2222,2024-03-21 22:44:35,wishlist,349,s012186
739,2025-04-08 22:52:58,view,108,s012187
1704,2024-05-13 13:40:53,add_to_cart,67,s012188
744,2024-10-07 16:09:38,add_to_cart,281,s012189
1292,2024-02-05 07:05:24,view,199,s012190
1765,2025-05-26 07:52:26,view,306,s012191
1649,2024-11-03 17:04:28,add_to_cart,322,s012192
1578,2024-04-04 23:25:38,view,376,s012193
1985,2025-11-21 10:51:28,view,49,s012194
2230,2024-09-06 14:12:22,purchase,193,s012195
1780,2025-08-04 17:43:40,view,176,s012196
327,2024-12-17 17:59:58,wishlist,263,s012197
1082,2024-07-29 19:24:05,remove_from_cart,297,s012198
1624,2024-08-17 16:14:39,view,213,s012199
1054,2025-08-02 10:37:10,add_to_cart,182,s012200
750,2025-12-01 21:24:28,add_to_cart,311,s012201
1011,2025-02-25 08:48:38,add_to_cart,280,s012202
1221,2024-04-07 17:35:42,wishlist,18,s012203
1752,2024-08-15 10:55:00,wishlist,396,s012204
392,2025-06-17 17:18:52,remove_from_cart,38,s012205
2369,2025-11-18 09:00:54,view,386,s012206
2467,2024-07-20 08:49:27,view,105,s012207
2284,2024-07-22 07:30:50,view,368,s012208
675,2024-08-23 12:10:25,wishlist,363,s012209
768,2025-01-01 13:03:46,purchase,17,s012210
1630,2024-03-29 22:42:28,view,154,s012211
646,2024-01-12 15:25:27,view,157,s012212
2214,2025-02-04 04:44:05,view,157,s012213
321,2025-05-27 08:16:51,view,138,s012214
996,2025-03-01 23:00:09,remove_from_cart,357,s012215
416,2024-09-05 08:57:16,view,319,s012216
972,2024-09-07 18:16:48,wishlist,118,s012217
1341,2024-05-30 16:13:58,view,242,s012218
1014,2025-09-24 12:32:47,view,245,s012219
2222,2025-08-26 22:57:58,view,280,s012220
2348,2025-06-28 21:11:05,view,204,s012221
832,2024-10-11 07:20:16,view,90,s012222
2372,2024-10-16 01:04:51,add_to_cart,387,s012223
1762,2025-09-11 12:30:14,view,264,s012224
1368,2025-03-02 13:55:35,purchase,220,s012225
1266,2025-05-04 18:41:22,view,359,s012226
1900,2024-04-16 07:19:03,view,141,s012227
551,2024-12-18 08:14:23,purchase,174,s012228
215,2024-12-19 13:25:37,view,386,s012229
980,2024-08-12 05:29:30,purchase,195,s012230
1574,2024-10-17 19:11:31,view,121,s012231
1036,2024-01-09 09:29:22,remove_from_cart,109,s012232
1813,2025-11-23 20:01:18,view,333,s012233
673,2024-10-18 00:13:16,view,319,s012234
298,2025-08-01 16:13:45,remove_from_cart,256,s012235
1378,2025-08-23 22:06:22,view,334,s012236
782,2024-08-09 20:24:05,purchase,14,s012237
1974,2024-10-29 20:24:29,view,336,s012238
252,2024-11-15 21:03:59,view,314,s012239
2276,2024-07-30 06:43:09,add_to_cart,387,s012240
1539,2025-09-08 18:55:36,view,122,s012241
944,2024-04-20 11:30:31,add_to_cart,297,s012242
354,2024-10-28 23:45:11,purchase,112,s012243
1177,2025-10-19 08:14:16,purchase,147,s012244
1329,2024-01-12 08:49:26,add_to_cart,135,s012245
1670,2024-05-20 20:20:18,view,191,s012246
1904,2025-07-25 10:00:15,view,85,s012247
90,2024-02-14 11:18:57,view,166,s012248
451,2024-12-25 12:43:46,add_to_cart,160,s012249
928,2024-01-20 22:07:40,view,99,s012250
66,2024-09-24 18:09:52,view,373,s012251
267,2024-05-22 09:00:18,purchase,50,s012252
682,2024-01-04 06:36:06,view,157,s012253
2032,2024-11-11 08:41:38,remove_from_cart,298,s012254
2401,2025-04-30 11:23:59,purchase,68,s012255
431,2025-03-29 20:49:10,purchase,202,s012256
790,2024-03-05 22:07:47,wishlist,215,s012257
1880,2024-12-20 18:46:42,purchase,183,s012258
1764,2024-03-08 08:07:52,view,399,s012259
354,2024-10-29 21:45:12,view,344,s012260
328,2024-09-04 15:07:43,view,219,s012261
826,2024-11-10 11:43:39,view,76,s012262
1955,2024-02-14 07:49:02,view,209,s012263
113,2024-04-02 19:25:36,view,30,s012264
1220,2024-07-01 13:12:08,remove_from_cart,223,s012265
895,2024-02-23 22:42:21,view,265,s012266
2315,2024-06-24 09:19:05,view,226,s012267
2236,2024-08-21 18:03:53,view,260,s012268
2496,2024-11-11 20:28:06,view,95,s012269
313,2024-07-08 21:09:46,view,391,s012270
2187,2025-05-21 22:55:16,view,213,s012271
233,2025-11-22 17:58:01,view,36,s012272
2496,2025-06-06 10:50:50,purchase,166,s012273
2444,2024-09-17 05:05:27,view,157,s012274
459,2024-03-10 15:29:17,view,263,s012275
1281,2025-08-02 18:12:35,view,242,s012276
573,2025-05-10 08:04:02,wishlist,386,s012277
1638,2025-12-06 22:21:39,view,315,s012278
1853,2024-11-29 11:12:03,view,242,s012279
1586,2024-02-08 06:44:48,wishlist,395,s012280
1039,2025-05-30 07:43:54,purchase,247,s012281
685,2024-03-28 09:57:08,purchase,210,s012282
1230,2025-10-28 07:02:21,add_to_cart,278,s012283
1613,2024-02-27 15:25:45,view,277,s012284
1409,2025-04-04 03:23:44,purchase,180,s012285
1321,2025-01-09 22:13:07,wishlist,391,s012286
786,2025-02-14 18:19:59,remove_from_cart,156,s012287
1552,2024-10-11 19:53:17,remove_from_cart,372,s012288
1815,2025-11-19 06:49:34,view,95,s012289
2488,2025-10-30 21:00:00,wishlist,93,s012290
1780,2025-08-28 12:07:38,purchase,257,s012291
494,2024-10-15 10:27:42,view,297,s012292
1854,2024-06-02 06:59:30,view,43,s012293
1529,2024-08-23 20:12:09,view,307,s012294
2376,2025-09-24 09:25:25,wishlist,258,s012295
259,2025-01-30 06:21:42,view,87,s012296
2406,2024-05-19 05:35:21,view,385,s012297
342,2024-08-18 23:27:41,view,317,s012298
1150,2025-03-09 07:48:05,add_to_cart,314,s012299
306,2024-07-07 05:20:56,view,151,s012300
372,2025-04-23 10:14:41,view,173,s012301
458,2024-11-24 19:41:09,view,170,s012302
644,2025-01-25 08:24:57,view,222,s012303
17,2024-01-05 09:59:06,view,17,s012304
717,2025-05-05 23:09:00,view,179,s012305
72,2024-02-05 17:17:21,wishlist,35,s012306
1554,2024-05-12 17:39:50,view,251,s012307
2037,2024-06-22 19:47:25,view,55,s012308
1808,2025-06-16 10:31:18,purchase,223,s012309
1072,2024-12-07 11:42:29,view,63,s012310
1978,2024-12-04 16:46:53,view,343,s012311
1439,2025-06-05 21:00:38,add_to_cart,326,s012312
162,2025-01-22 19:47:48,view,8,s012313
143,2024-06-23 18:40:36,view,48,s012314
1294,2024-01-05 17:58:59,view,287,s012315
1711,2025-04-03 11:22:51,view,113,s012316
1855,2025-02-06 09:28:57,wishlist,328,s012317
69,2024-04-27 21:55:32,view,16,s012318
1673,2025-03-06 02:57:13,view,110,s012319
1757,2024-11-04 13:10:04,view,130,s012320
600,2024-06-21 17:29:27,purchase,251,s012321
850,2024-05-15 14:03:59,remove_from_cart,21,s012322
958,2025-08-06 14:52:27,view,137,s012323
993,2025-05-07 03:49:02,view,400,s012324
1425,2025-03-07 09:15:47,view,223,s012325
1974,2024-12-08 10:01:58,add_to_cart,223,s012326
1407,2025-07-15 20:41:07,purchase,277,s012327
2343,2024-04-05 10:32:27,add_to_cart,359,s012328
1828,2025-02-07 21:16:20,add_to_cart,140,s012329
245,2025-09-06 18:04:27,purchase,162,s012330
1292,2024-07-25 13:41:19,view,29,s012331
1946,2024-01-29 08:09:40,purchase,134,s012332
1124,2025-09-12 18:00:24,add_to_cart,175,s012333
1681,2025-10-19 19:19:00,wishlist,195,s012334
1860,2024-08-18 16:25:33,add_to_cart,45,s012335
617,2025-06-28 22:38:57,view,324,s012336
2011,2025-08-05 20:55:20,view,380,s012337
135,2025-10-29 12:37:06,add_to_cart,95,s012338
592,2025-10-01 13:26:38,purchase,259,s012339
2199,2024-11-24 09:47:59,purchase,89,s012340
200,2025-03-16 09:59:08,view,328,s012341
355,2025-02-27 08:16:29,purchase,89,s012342
615,2024-05-13 21:47:46,add_to_cart,120,s012343
2217,2024-04-28 16:18:36,view,67,s012344
782,2024-12-04 22:52:15,view,280,s012345
2385,2024-06-18 15:03:09,purchase,56,s012346
1141,2025-10-28 08:47:39,purchase,78,s012347
757,2024-04-23 11:36:39,wishlist,257,s012348
1518,2025-05-29 07:09:17,purchase,270,s012349
930,2025-09-11 11:21:31,view,117,s012350
1963,2025-04-10 09:31:14,view,109,s012351
1889,2024-02-03 19:05:48,wishlist,273,s012352
2219,2024-06-19 10:33:21,purchase,93,s012353
428,2024-05-10 20:06:15,view,352,s012354
2120,2025-02-14 23:38:26,view,279,s012355
2460,2024-06-28 19:59:56,add_to_cart,302,s012356
165,2025-12-08 08:01:15,wishlist,197,s012357
1173,2024-02-16 03:59:57,purchase,205,s012358
2353,2025-03-16 14:56:15,remove_from_cart,368,s012359
1462,2024-06-11 22:35:16,add_to_cart,209,s012360
1837,2025-07-24 18:39:23,add_to_cart,355,s012361
2136,2025-01-03 17:55:40,view,214,s012362
192,2024-07-28 10:57:57,add_to_cart,224,s012363
1065,2024-05-31 01:36:27,wishlist,208,s012364
2167,2024-07-31 22:48:20,wishlist,130,s012365
1536,2025-04-16 21:50:56,view,210,s012366
240,2025-03-07 19:45:59,view,303,s012367
798,2025-01-10 16:12:22,remove_from_cart,236,s012368
239,2025-09-27 10:29:35,view,358,s012369
1079,2024-01-07 15:49:31,add_to_cart,276,s012370
1674,2025-04-25 11:37:04,view,120,s012371
1403,2024-08-24 22:34:14,wishlist,233,s012372
1265,2024-08-17 10:48:51,view,37,s012373
1936,2024-03-01 20:45:45,add_to_cart,224,s012374
1756,2025-08-24 08:12:39,view,229,s012375
664,2025-05-07 14:15:58,view,350,s012376
302,2024-03-31 02:15:33,wishlist,59,s012377
2105,2024-10-04 22:24:28,wishlist,159,s012378
981,2025-10-15 03:17:03,purchase,105,s012379
497,2024-11-11 10:31:48,add_to_cart,87,s012380
1662,2024-11-07 13:01:54,add_to_cart,303,s012381
2313,2025-05-07 19:24:04,view,94,s012382
2275,2025-03-20 10:06:15,wishlist,395,s012383
834,2024-05-24 19:57:58,add_to_cart,243,s012384
459,2025-11-16 11:21:03,add_to_cart,134,s012385
1363,2024-03-29 10:37:21,view,138,s012386
1314,2024-01-03 09:37:44,add_to_cart,297,s012387
1140,2025-08-17 09:38:08,remove_from_cart,136,s012388
529,2025-07-17 09:58:30,view,393,s012389
1637,2025-12-04 19:44:28,view,211,s012390
157,2024-06-01 11:19:07,purchase,102,s012391
174,2024-04-20 18:37:22,remove_from_cart,178,s012392
1286,2025-07-06 11:12:07,view,305,s012393
2169,2024-11-04 22:53:22,remove_from_cart,18,s012394
394,2025-03-22 11:12:25,view,162,s012395
2224,2025-07-10 22:23:41,wishlist,152,s012396
1130,2025-10-14 20:16:24,wishlist,326,s012397
1073,2024-12-17 23:04:58,view,33,s012398
704,2024-11-29 05:21:31,view,72,s012399
691,2024-06-04 19:04:38,purchase,83,s012400
1346,2025-11-01 01:13:12,view,213,s012401
1015,2024-10-22 10:33:40,wishlist,90,s012402
712,2025-06-02 18:48:04,wishlist,394,s012403
2065,2025-05-14 20:21:16,wishlist,133,s012404
976,2024-01-25 14:58:38,view,67,s012405
753,2024-10-11 12:37:07,view,242,s012406
941,2025-10-25 12:04:47,wishlist,60,s012407
1469,2025-06-05 21:58:41,view,103,s012408
1995,2024-01-21 15:56:37,purchase,57,s012409
1445,2025-07-27 08:18:47,view,141,s012410
372,2024-01-03 21:18:57,wishlist,259,s012411
1019,2025-02-02 09:27:33,view,387,s012412
647,2024-02-07 09:47:51,view,18,s012413
288,2024-09-27 10:44:37,purchase,122,s012414
1141,2024-01-25 13:39:38,view,279,s012415
1066,2025-03-14 03:47:05,purchase,57,s012416
1307,2024-04-30 12:51:57,remove_from_cart,8,s012417
309,2024-12-25 08:45:36,view,170,s012418
2481,2024-08-05 22:58:06,view,215,s012419
1194,2025-03-25 15:09:00,view,311,s012420
1930,2024-03-01 09:06:52,view,236,s012421
2365,2025-08-11 10:23:09,view,123,s012422
1148,2025-04-02 09:30:04,wishlist,62,s012423
2445,2025-07-18 19:04:40,add_to_cart,91,s012424
1363,2024-07-31 06:59:14,purchase,256,s012425
174,2024-02-08 04:48:13,view,114,s012426
2307,2025-10-03 14:14:58,view,336,s012427
432,2024-07-11 18:21:14,remove_from_cart,192,s012428
1653,2025-04-27 21:46:13,add_to_cart,135,s012429
272,2025-09-12 23:24:37,add_to_cart,57,s012430
1841,2024-12-03 22:02:55,add_to_cart,44,s012431
1057,2025-06-25 12:39:29,add_to_cart,18,s012432
443,2024-12-27 13:25:42,purchase,245,s012433
996,2024-11-01 20:51:54,view,258,s012434
1717,2024-10-27 08:03:02,wishlist,324,s012435
444,2024-09-22 12:42:51,view,173,s012436
25,2025-10-23 22:32:50,view,50,s012437
643,2025-08-24 13:39:29,remove_from_cart,94,s012438
2050,2024-11-02 15:34:55,add_to_cart,396,s012439
2454,2024-04-24 18:34:55,purchase,28,s012440
1026,2025-08-24 08:02:29,view,220,s012441
739,2024-06-24 07:19:11,purchase,15,s012442
1683,2024-10-16 16:29:40,add_to_cart,292,s012443
893,2025-07-28 09:07:14,add_to_cart,277,s012444
904,2025-04-17 02:52:17,view,316,s012445
2240,2024-09-11 20:39:40,view,49,s012446
502,2025-08-27 18:45:52,add_to_cart,390,s012447
1530,2025-08-01 19:09:55,add_to_cart,109,s012448
553,2024-10-15 07:35:21,view,108,s012449
2021,2025-11-13 10:10:42,view,250,s012450
357,2024-07-06 23:43:55,add_to_cart,248,s012451
1083,2024-10-20 18:37:35,view,112,s012452
158,2024-02-20 21:36:10,purchase,155,s012453
700,2025-02-13 01:43:48,purchase,144,s012454
1603,2024-07-09 09:40:19,view,131,s012455
2268,2025-02-28 08:06:04,view,232,s012456
1998,2025-04-06 19:47:02,wishlist,172,s012457
602,2024-05-29 19:39:11,view,8,s012458
1610,2025-01-08 12:54:27,view,27,s012459
640,2024-06-04 21:47:22,view,231,s012460
690,2025-02-23 17:15:13,view,276,s012461
995,2025-07-03 17:02:57,wishlist,89,s012462
1514,2025-04-30 19:42:28,view,281,s012463
960,2025-06-18 09:03:41,view,278,s012464
417,2025-08-21 12:33:20,view,317,s012465
634,2025-05-20 08:44:30,remove_from_cart,156,s012466
2246,2025-08-24 22:50:02,wishlist,354,s012467
2125,2025-03-03 20:33:21,purchase,355,s012468
194,2024-02-25 23:04:03,add_to_cart,331,s012469
1799,2025-03-03 07:18:56,view,382,s012470
2036,2025-05-19 23:13:19,wishlist,168,s012471
70,2024-11-01 01:38:17,add_to_cart,10,s012472
2068,2025-02-24 16:41:48,view,155,s012473
1802,2025-03-18 14:32:52,view,116,s012474
1322,2024-08-12 10:51:33,view,108,s012475
1835,2024-08-11 20:30:23,wishlist,39,s012476
1953,2025-09-10 17:13:42,view,202,s012477
353,2025-03-02 18:05:13,view,54,s012478
591,2025-07-25 12:25:19,add_to_cart,246,s012479
2270,2024-05-28 19:26:09,add_to_cart,296,s012480
1525,2025-08-11 09:32:46,view,33,s012481
1712,2025-07-07 19:48:49,purchase,33,s012482
43,2024-11-07 19:48:20,view,90,s012483
605,2024-06-03 10:59:12,remove_from_cart,314,s012484
58,2024-04-04 09:40:54,purchase,334,s012485
2473,2024-06-07 11:31:52,view,362,s012486
1154,2025-02-25 07:40:48,view,125,s012487
2290,2025-09-29 10:19:33,view,184,s012488
448,2024-03-13 19:08:43,wishlist,148,s012489
494,2024-03-13 00:40:49,view,217,s012490
188,2025-05-28 05:47:13,view,366,s012491
1014,2025-02-22 13:05:17,wishlist,362,s012492
749,2025-10-29 20:48:34,view,185,s012493
2017,2025-01-16 17:38:27,view,144,s012494
2027,2025-04-09 16:52:08,view,166,s012495
1130,2025-04-16 11:35:14,view,97,s012496
621,2025-10-11 04:42:13,view,151,s012497
586,2024-08-23 09:28:39,purchase,358,s012498
2052,2024-07-24 08:18:46,wishlist,294,s012499
2296,2025-10-28 09:01:29,purchase,150,s012500
2033,2024-06-11 18:57:59,view,142,s012501
1127,2024-01-12 03:12:29,view,139,s012502
911,2025-05-14 21:21:40,wishlist,395,s012503
337,2024-05-10 16:04:30,wishlist,338,s012504
1481,2024-11-17 21:56:23,purchase,97,s012505
2167,2025-06-13 11:48:58,wishlist,41,s012506
1861,2025-12-06 15:34:07,view,317,s012507
1241,2025-09-17 18:21:06,view,119,s012508
942,2024-04-08 19:14:31,view,211,s012509
1031,2024-05-17 17:19:20,view,18,s012510
1863,2025-02-26 11:34:41,view,38,s012511
1909,2025-01-14 20:43:02,purchase,10,s012512
2391,2025-10-15 13:47:06,view,105,s012513
2235,2025-11-01 18:11:52,view,126,s012514
2437,2024-08-02 20:45:34,remove_from_cart,289,s012515
1455,2025-08-13 16:21:31,view,394,s012516
1492,2025-10-25 21:18:28,view,37,s012517
515,2024-04-25 16:13:22,add_to_cart,132,s012518
142,2024-10-10 09:49:48,view,255,s012519
2017,2024-11-25 22:51:42,view,178,s012520
593,2024-12-25 10:37:59,wishlist,266,s012521
1054,2024-12-17 11:41:31,view,76,s012522
1288,2025-08-27 13:03:09,view,92,s012523
1400,2025-07-06 08:05:20,view,99,s012524
180,2025-01-10 09:20:49,view,95,s012525
409,2025-10-11 07:52:15,view,382,s012526
956,2024-04-01 00:27:01,view,297,s012527
89,2024-11-17 05:16:22,purchase,153,s012528
1827,2025-04-04 21:13:46,remove_from_cart,193,s012529
838,2025-04-08 19:38:04,view,82,s012530
467,2024-02-11 16:37:18,wishlist,30,s012531
251,2025-04-14 23:10:50,purchase,67,s012532
2312,2025-11-25 18:27:40,view,334,s012533
1312,2024-07-26 13:57:07,view,329,s012534
34,2024-10-03 18:55:45,view,62,s012535
895,2024-02-05 17:50:09,purchase,163,s012536
1920,2025-05-13 17:31:45,view,325,s012537
1707,2025-12-06 11:42:57,add_to_cart,104,s012538
921,2024-05-22 04:38:27,wishlist,207,s012539
649,2025-05-31 20:49:56,view,118,s012540
1124,2025-02-14 04:08:50,wishlist,125,s012541
1132,2024-09-21 19:55:53,purchase,181,s012542
382,2024-08-06 14:13:33,view,94,s012543
1396,2025-06-17 19:15:06,add_to_cart,41,s012544
1380,2025-02-14 19:59:38,wishlist,219,s012545
1967,2025-01-18 20:11:19,view,390,s012546
956,2025-09-13 16:21:18,view,115,s012547
705,2024-07-12 13:21:34,add_to_cart,338,s012548
2479,2024-01-18 20:05:33,view,352,s012549
764,2025-04-30 14:44:50,purchase,57,s012550
218,2025-01-02 09:22:41,add_to_cart,179,s012551
65,2025-05-05 11:08:20,add_to_cart,205,s012552
1231,2025-03-21 08:03:15,view,145,s012553
82,2025-02-09 08:40:13,purchase,372,s012554
1269,2025-07-22 12:56:08,view,309,s012555
1566,2024-05-17 15:55:44,wishlist,283,s012556
102,2025-04-29 02:57:18,view,164,s012557
2381,2024-06-21 17:32:12,wishlist,158,s012558
2496,2024-01-03 20:41:59,view,68,s012559
1942,2025-03-19 10:56:42,wishlist,4,s012560
1971,2025-10-17 21:37:00,purchase,329,s012561
2055,2024-04-20 17:07:51,view,339,s012562
1659,2024-10-09 18:46:30,wishlist,66,s012563
752,2024-03-26 07:00:53,add_to_cart,328,s012564
2369,2025-08-22 20:49:56,purchase,158,s012565
1693,2024-02-12 10:15:17,add_to_cart,397,s012566
667,2025-09-20 17:40:36,add_to_cart,254,s012567
1068,2024-10-24 09:13:46,add_to_cart,213,s012568
1116,2024-10-01 19:38:52,add_to_cart,145,s012569
2152,2024-04-04 16:04:54,view,18,s012570
205,2024-03-11 10:24:14,view,178,s012571
349,2024-08-18 12:40:57,view,309,s012572
1525,2025-10-05 19:26:40,wishlist,187,s012573
1992,2025-06-06 15:00:07,view,57,s012574
242,2025-05-03 19:14:17,remove_from_cart,41,s012575
1707,2024-10-17 17:11:12,add_to_cart,196,s012576
1945,2024-07-17 08:25:50,add_to_cart,43,s012577
1638,2024-12-22 20:55:07,add_to_cart,242,s012578
1023,2025-10-23 10:06:04,add_to_cart,58,s012579
924,2025-11-07 16:25:14,purchase,113,s012580
232,2024-08-18 19:45:26,view,345,s012581
391,2025-06-20 22:44:00,add_to_cart,297,s012582
290,2024-09-12 11:19:15,purchase,186,s012583
691,2024-12-18 08:13:14,view,50,s012584
450,2024-03-12 05:31:28,view,394,s012585
2052,2025-11-20 05:50:38,view,366,s012586
1434,2024-06-30 08:14:32,add_to_cart,210,s012587
2360,2024-11-03 19:47:58,view,22,s012588
597,2024-01-05 21:48:37,view,214,s012589
1142,2024-02-07 10:26:32,view,355,s012590
1386,2025-01-08 23:56:25,add_to_cart,307,s012591
666,2024-08-29 12:24:12,purchase,181,s012592
1032,2025-07-15 20:59:24,remove_from_cart,374,s012593
2178,2024-10-23 21:14:51,view,325,s012594
117,2025-01-14 05:58:19,add_to_cart,182,s012595
2054,2024-04-04 19:36:16,wishlist,176,s012596
1222,2025-05-02 15:01:09,remove_from_cart,261,s012597
1110,2024-09-12 16:48:55,wishlist,283,s012598
1723,2024-10-23 06:14:10,wishlist,152,s012599
2118,2024-09-08 09:27:56,view,283,s012600
1811,2024-08-20 02:30:40,purchase,383,s012601
323,2024-04-19 13:21:52,add_to_cart,378,s012602
655,2025-09-28 21:49:12,view,369,s012603
2332,2025-09-07 16:26:37,purchase,18,s012604
1507,2024-07-04 22:44:07,wishlist,47,s012605
2013,2025-07-03 09:55:07,view,205,s012606
447,2025-02-24 08:24:30,add_to_cart,325,s012607
824,2024-12-03 03:42:43,view,162,s012608
855,2024-07-30 17:26:04,view,42,s012609
1610,2024-04-12 05:51:47,view,340,s012610
477,2025-08-28 20:10:38,view,256,s012611
1591,2024-05-24 06:20:05,view,67,s012612
2397,2025-01-12 11:42:19,wishlist,194,s012613
121,2025-10-13 16:04:20,add_to_cart,281,s012614
1075,2025-12-13 07:03:32,view,281,s012615
2424,2024-01-13 08:21:00,view,395,s012616
1361,2025-07-07 11:02:42,add_to_cart,153,s012617
439,2025-08-20 10:40:05,view,171,s012618
195,2025-08-08 14:57:36,purchase,326,s012619
1188,2025-09-11 09:25:14,view,244,s012620
608,2025-06-05 09:49:49,purchase,70,s012621
1916,2024-11-19 22:18:38,view,232,s012622
1380,2025-11-15 09:08:41,view,100,s012623
961,2024-10-18 08:40:13,view,57,s012624
1205,2024-02-02 23:50:20,wishlist,65,s012625
1317,2025-03-20 18:03:48,view,41,s012626
794,2025-08-01 09:06:35,view,370,s012627
2341,2024-07-10 22:09:34,view,101,s012628
916,2025-10-16 20:01:53,view,259,s012629
870,2025-01-01 08:42:04,view,392,s012630
2466,2024-10-20 19:51:43,purchase,6,s012631
1343,2024-05-03 20:31:40,view,251,s012632
1264,2025-07-23 00:00:41,add_to_cart,198,s012633
330,2024-08-25 20:39:37,wishlist,2,s012634
2225,2024-02-04 17:45:06,view,393,s012635
825,2025-03-12 14:41:42,add_to_cart,78,s012636
855,2025-01-16 13:47:33,purchase,157,s012637
2074,2024-01-22 01:29:11,add_to_cart,25,s012638
1053,2025-03-10 08:25:31,view,190,s012639
2164,2025-09-15 21:10:03,view,4,s012640
2456,2025-06-17 23:27:24,remove_from_cart,28,s012641
2257,2024-05-31 17:56:34,view,19,s012642
1480,2025-04-21 17:25:05,view,162,s012643
2250,2024-01-09 13:45:32,view,146,s012644
30,2025-07-03 21:49:49,add_to_cart,182,s012645
2143,2025-03-31 19:56:06,add_to_cart,301,s012646
1091,2025-08-11 10:12:38,purchase,171,s012647
1048,2024-12-05 11:02:38,add_to_cart,70,s012648
1482,2024-12-12 19:00:23,add_to_cart,275,s012649
2413,2025-08-26 19:59:12,view,281,s012650
506,2025-08-09 19:47:09,wishlist,246,s012651
2007,2025-02-15 21:28:49,purchase,34,s012652
2413,2024-12-13 08:13:25,purchase,100,s012653
1473,2025-08-23 20:42:37,view,364,s012654
906,2024-08-28 06:43:28,purchase,70,s012655
2108,2024-04-19 20:40:05,view,317,s012656
2429,2024-07-10 20:27:18,view,141,s012657
807,2024-05-29 18:23:10,view,328,s012658
2192,2024-10-04 09:11:01,purchase,180,s012659
1365,2024-07-11 18:31:15,purchase,197,s012660
2039,2024-01-10 09:38:33,add_to_cart,205,s012661
665,2024-08-14 17:49:37,add_to_cart,290,s012662
2401,2024-01-31 15:15:42,add_to_cart,23,s012663
228,2024-05-26 19:40:27,purchase,215,s012664
731,2025-06-22 13:10:58,view,254,s012665
2292,2024-09-26 07:49:52,view,229,s012666
522,2025-05-08 19:40:58,purchase,24,s012667
52,2024-08-01 19:17:54,add_to_cart,187,s012668
702,2024-12-29 17:43:08,view,67,s012669
345,2025-12-03 10:42:07,purchase,188,s012670
812,2025-02-13 09:30:56,view,56,s012671
1463,2024-12-21 21:32:44,view,292,s012672
1693,2025-04-01 10:01:18,purchase,159,s012673
1503,2024-06-08 10:19:08,view,276,s012674
574,2024-06-28 21:42:36,add_to_cart,52,s012675
235,2024-01-14 20:06:26,view,246,s012676
1476,2024-08-28 06:54:10,add_to_cart,359,s012677
186,2025-08-14 18:03:11,purchase,376,s012678
2133,2025-06-27 18:08:52,view,178,s012679
934,2024-02-02 07:25:03,wishlist,261,s012680
2366,2025-04-14 09:44:30,view,3,s012681
1824,2024-11-04 12:17:53,view,198,s012682
1756,2024-04-30 21:02:40,add_to_cart,108,s012683
2139,2025-03-16 22:47:48,purchase,63,s012684
1465,2024-07-11 15:02:34,purchase,134,s012685
1969,2025-04-09 06:40:26,purchase,118,s012686
731,2025-07-31 08:33:12,view,370,s012687
241,2024-02-01 17:24:30,view,134,s012688
1754,2024-06-15 21:34:21,view,109,s012689
541,2024-03-05 05:27:04,view,224,s012690
2280,2025-10-12 10:40:47,view,316,s012691
2380,2025-03-04 19:10:36,remove_from_cart,393,s012692
2389,2025-06-28 23:55:09,view,86,s012693
2134,2024-08-25 18:51:55,add_to_cart,248,s012694
469,2024-07-19 09:36:10,add_to_cart,17,s012695
51,2025-08-23 16:07:39,view,256,s012696
327,2024-01-13 08:41:18,wishlist,13,s012697
1365,2024-05-16 17:30:14,wishlist,37,s012698
990,2024-08-10 14:44:45,view,36,s012699
1705,2024-01-30 19:35:59,add_to_cart,365,s012700
1894,2024-03-09 21:48:05,remove_from_cart,344,s012701
692,2025-06-15 23:36:40,view,396,s012702
1856,2025-04-19 09:50:25,view,200,s012703
995,2024-12-02 18:39:27,view,12,s012704
738,2025-01-15 12:52:29,view,155,s012705
1553,2024-11-24 11:46:06,wishlist,272,s012706
730,2025-03-11 19:17:50,wishlist,335,s012707
464,2025-11-13 07:54:33,wishlist,161,s012708
717,2024-03-22 18:31:22,purchase,91,s012709
1129,2024-08-08 10:54:00,view,92,s012710
2036,2025-01-01 09:21:21,view,130,s012711
224,2024-10-30 07:49:38,wishlist,318,s012712
2243,2024-07-09 19:08:20,purchase,283,s012713
1132,2025-10-11 14:51:54,view,12,s012714
1,2025-01-08 18:02:51,view,167,s012715
1290,2024-04-23 17:49:10,view,298,s012716
139,2024-01-03 20:35:55,view,183,s012717
996,2025-01-07 11:26:20,add_to_cart,118,s012718
1504,2025-05-31 18:34:17,view,295,s012719
1359,2025-08-22 09:15:46,add_to_cart,189,s012720
1549,2024-08-16 20:53:18,view,9,s012721
1288,2025-04-02 09:41:20,view,79,s012722
408,2025-09-15 08:59:57,view,181,s012723
2121,2025-05-12 08:54:25,purchase,89,s012724
110,2025-07-29 21:54:22,wishlist,239,s012725
1409,2024-07-16 09:33:21,remove_from_cart,280,s012726
1801,2025-02-11 21:00:00,wishlist,86,s012727
835,2024-04-23 09:18:13,view,391,s012728
1417,2025-04-06 11:40:28,view,110,s012729
444,2024-06-05 19:50:14,view,149,s012730
962,2025-11-24 01:58:50,view,117,s012731
52,2024-11-02 20:46:26,purchase,300,s012732
1810,2025-06-10 19:43:56,view,161,s012733
1312,2024-09-14 15:53:59,view,385,s012734
1249,2025-01-26 10:26:55,view,42,s012735
1724,2025-05-26 18:40:31,view,182,s012736
2248,2025-06-24 20:32:31,view,397,s012737
2467,2024-04-28 11:52:42,view,144,s012738
398,2024-10-26 10:08:10,view,69,s012739
90,2024-12-09 18:31:28,add_to_cart,359,s012740
1195,2025-10-24 07:24:38,purchase,206,s012741
1205,2024-05-29 20:21:50,view,231,s012742
1106,2025-08-29 10:03:49,view,76,s012743
2008,2024-11-12 10:00:02,view,372,s012744
794,2025-05-14 18:34:30,wishlist,102,s012745
235,2024-10-01 20:48:03,view,22,s012746
867,2024-05-09 16:52:59,purchase,60,s012747
253,2025-02-25 20:51:22,remove_from_cart,144,s012748
1686,2025-04-14 18:18:59,wishlist,51,s012749
2231,2025-04-03 18:22:18,view,182,s012750
1583,2025-05-01 09:58:58,purchase,270,s012751
2035,2024-09-22 23:53:33,wishlist,179,s012752
286,2025-12-01 15:33:13,view,30,s012753
706,2025-01-13 09:56:41,purchase,378,s012754
617,2025-09-29 09:32:47,view,27,s012755
258,2025-06-29 19:51:10,view,50,s012756
1897,2024-11-30 10:26:57,view,90,s012757
462,2024-12-23 09:01:35,view,337,s012758
1894,2024-07-29 10:08:49,view,360,s012759
1335,2024-04-14 20:42:45,remove_from_cart,120,s012760
2028,2024-09-29 10:34:13,remove_from_cart,211,s012761
2262,2024-09-15 20:23:18,view,282,s012762
1166,2024-08-30 07:14:16,view,238,s012763
688,2024-08-11 14:24:51,wishlist,354,s012764
622,2025-03-20 20:21:04,purchase,33,s012765
963,2025-02-27 17:13:36,add_to_cart,330,s012766
1065,2024-01-17 14:52:52,remove_from_cart,393,s012767
1301,2024-10-27 22:33:13,purchase,127,s012768
1212,2024-04-19 20:45:38,add_to_cart,259,s012769
1685,2024-04-05 19:00:15,add_to_cart,50,s012770
968,2025-06-01 22:09:06,view,31,s012771
1741,2024-06-06 16:16:51,view,315,s012772
1561,2024-12-04 20:56:20,remove_from_cart,244,s012773
1352,2024-11-17 20:15:49,view,233,s012774
834,2024-12-24 09:33:41,view,153,s012775
765,2025-02-17 17:24:41,view,79,s012776
1602,2025-12-01 12:46:32,view,48,s012777
582,2025-09-23 21:11:26,wishlist,131,s012778
2014,2024-06-11 17:36:12,view,248,s012779
56,2025-04-30 10:17:25,view,110,s012780
468,2025-02-13 10:53:09,view,323,s012781
1790,2024-01-26 09:03:45,purchase,129,s012782
1505,2025-08-03 07:18:24,view,210,s012783
2154,2025-06-28 19:40:03,view,226,s012784
2103,2024-11-01 04:23:50,wishlist,294,s012785
635,2025-08-11 21:41:11,add_to_cart,116,s012786
1079,2025-09-15 05:39:07,view,328,s012787
1636,2025-05-25 16:33:23,purchase,86,s012788
1571,2025-03-24 17:15:04,view,180,s012789
132,2024-11-15 17:22:30,view,141,s012790
1262,2025-04-24 20:18:57,view,236,s012791
2383,2025-01-29 00:39:16,view,371,s012792
1330,2025-08-01 07:55:25,add_to_cart,291,s012793
1651,2025-12-03 01:12:41,view,71,s012794
438,2025-02-18 07:48:11,view,226,s012795
1825,2025-05-17 20:46:05,add_to_cart,261,s012796
2172,2024-02-20 19:10:40,view,399,s012797
2338,2025-07-18 10:35:57,view,375,s012798
989,2024-10-27 09:54:21,view,268,s012799
1331,2024-08-12 21:20:43,view,146,s012800
2162,2024-05-24 09:56:06,view,184,s012801
2398,2025-01-09 13:18:32,view,364,s012802
845,2025-12-07 17:20:22,view,247,s012803
1149,2025-09-19 08:45:38,wishlist,44,s012804
327,2025-01-23 04:28:11,view,134,s012805
275,2025-03-21 13:21:27,view,359,s012806
1594,2024-01-29 21:17:25,add_to_cart,177,s012807
1004,2024-11-19 20:59:33,purchase,331,s012808
2234,2024-05-30 15:14:43,view,63,s012809
1290,2025-01-02 00:16:31,wishlist,79,s012810
1525,2024-09-08 03:30:11,view,150,s012811
1852,2024-02-16 20:46:15,wishlist,9,s012812
373,2024-12-18 07:28:19,add_to_cart,384,s012813
1645,2024-02-11 20:14:09,purchase,205,s012814
1143,2025-02-18 17:37:25,purchase,157,s012815
1964,2024-09-20 12:43:52,purchase,229,s012816
380,2025-12-06 20:07:42,wishlist,190,s012817
693,2025-06-28 17:09:16,wishlist,372,s012818
1532,2025-03-23 07:00:24,remove_from_cart,198,s012819
413,2024-04-29 15:39:08,remove_from_cart,184,s012820
1895,2025-08-13 01:02:41,purchase,264,s012821
2417,2024-05-30 07:03:16,remove_from_cart,354,s012822
1133,2024-07-07 13:50:51,view,160,s012823
622,2024-12-31 20:00:33,add_to_cart,272,s012824
334,2024-10-20 18:42:24,remove_from_cart,15,s012825
2310,2025-01-09 02:50:15,add_to_cart,73,s012826
2189,2025-09-06 20:00:11,add_to_cart,393,s012827
1207,2025-11-16 19:47:08,view,122,s012828
1918,2025-05-04 20:46:11,view,333,s012829
940,2024-10-11 12:26:19,view,308,s012830
2360,2024-04-17 23:25:03,purchase,73,s012831
553,2025-02-27 22:10:01,view,330,s012832
2032,2025-05-01 22:28:51,purchase,47,s012833
832,2024-05-08 18:59:16,view,114,s012834
190,2025-10-30 14:42:12,purchase,82,s012835
1864,2025-07-15 19:08:04,add_to_cart,80,s012836
59,2025-03-06 09:35:39,wishlist,51,s012837
1918,2025-03-27 22:35:07,remove_from_cart,274,s012838
636,2024-08-26 15:35:10,purchase,71,s012839
1134,2024-03-03 15:13:32,view,332,s012840
927,2025-09-19 15:47:49,view,208,s012841
2106,2025-01-25 07:25:39,view,381,s012842
700,2024-04-20 23:05:36,wishlist,235,s012843
2309,2025-02-08 07:55:57,view,46,s012844
1815,2025-07-17 23:28:56,add_to_cart,268,s012845
1625,2025-01-08 19:46:02,view,8,s012846
304,2024-10-03 21:54:29,add_to_cart,159,s012847
1706,2025-04-13 16:37:20,add_to_cart,339,s012848
1839,2025-06-28 20:06:16,purchase,367,s012849
605,2024-12-30 08:45:51,view,245,s012850
1120,2024-04-05 09:01:21,wishlist,274,s012851
159,2025-07-31 21:22:48,wishlist,368,s012852
1686,2025-04-08 14:51:57,view,206,s012853
1280,2024-12-14 21:39:30,view,333,s012854
929,2025-10-15 08:05:03,purchase,36,s012855
1992,2024-10-04 07:30:35,view,306,s012856
604,2025-06-26 01:02:03,view,182,s012857
432,2025-11-20 11:28:52,view,153,s012858
1126,2024-01-27 20:15:35,view,386,s012859
1499,2024-03-25 13:27:57,view,298,s012860
406,2024-11-20 17:09:01,remove_from_cart,24,s012861
1781,2024-04-04 20:34:55,view,191,s012862
389,2024-12-09 23:32:46,purchase,80,s012863
1623,2024-04-14 09:07:22,purchase,133,s012864
1590,2025-01-31 19:18:45,purchase,264,s012865
348,2024-10-03 07:57:27,view,249,s012866
1675,2025-03-09 13:43:59,view,70,s012867
602,2024-06-13 06:44:44,view,381,s012868
845,2024-07-15 10:41:04,view,218,s012869
1313,2025-05-19 19:19:53,view,155,s012870
1148,2025-04-18 23:08:18,view,283,s012871
1447,2025-08-29 07:36:42,view,125,s012872
1245,2025-04-17 11:05:06,view,132,s012873
1732,2025-03-09 09:31:50,view,391,s012874
100,2024-11-20 17:47:53,view,87,s012875
409,2024-02-03 16:13:11,wishlist,134,s012876
749,2025-05-24 08:54:58,purchase,311,s012877
1316,2024-02-01 19:02:16,purchase,78,s012878
2466,2024-12-16 21:53:27,purchase,32,s012879
1993,2024-11-24 12:52:50,view,12,s012880
209,2025-03-14 00:25:17,add_to_cart,192,s012881
166,2025-09-07 18:58:46,wishlist,81,s012882
2296,2025-07-13 08:26:18,remove_from_cart,205,s012883
1492,2025-09-09 11:50:16,view,199,s012884
1618,2025-12-12 19:51:01,wishlist,181,s012885
912,2024-05-16 06:25:53,wishlist,20,s012886
710,2024-09-09 21:21:13,purchase,266,s012887
558,2024-11-14 18:42:06,view,322,s012888
957,2025-07-25 22:25:51,add_to_cart,193,s012889
2098,2024-11-11 19:28:22,view,400,s012890
2166,2025-06-12 19:02:26,view,221,s012891
2413,2025-06-30 20:08:13,add_to_cart,261,s012892
2003,2025-08-22 19:51:08,add_to_cart,191,s012893
458,2025-04-14 14:15:26,wishlist,1,s012894
1195,2025-09-20 15:58:13,view,296,s012895
1726,2024-03-12 08:02:55,add_to_cart,280,s012896
299,2024-08-23 07:05:23,view,284,s012897
2333,2025-03-27 19:59:08,purchase,141,s012898
2122,2025-05-01 19:56:54,view,62,s012899
2372,2025-07-02 19:59:54,view,118,s012900
354,2024-11-10 14:52:26,purchase,88,s012901
601,2025-10-08 19:43:05,view,108,s012902
1390,2024-09-12 11:04:05,wishlist,386,s012903
1115,2025-04-04 05:46:24,view,108,s012904
1929,2025-01-09 08:14:05,view,361,s012905
824,2025-03-17 21:08:21,purchase,243,s012906
920,2025-04-27 14:09:41,purchase,385,s012907
1355,2025-06-11 08:42:25,view,375,s012908
1450,2025-01-03 23:20:05,view,4,s012909
129,2025-05-22 14:28:09,view,2,s012910
172,2024-07-19 08:31:11,view,9,s012911
1110,2024-02-01 02:13:00,wishlist,65,s012912
1387,2024-09-19 09:51:16,view,327,s012913
754,2024-12-29 09:25:23,add_to_cart,248,s012914
726,2024-05-29 20:37:32,view,208,s012915
4,2025-11-24 08:15:40,add_to_cart,288,s012916
1813,2024-08-10 17:51:22,wishlist,218,s012917
1750,2024-08-08 08:31:16,wishlist,11,s012918
438,2024-12-11 08:00:09,view,12,s012919
2104,2024-02-06 12:53:56,view,191,s012920
862,2025-10-18 17:55:39,wishlist,170,s012921
1471,2024-03-14 19:18:09,view,121,s012922
909,2024-04-18 20:16:48,view,141,s012923
1879,2024-06-10 13:04:06,remove_from_cart,61,s012924
1220,2025-04-07 17:41:04,purchase,102,s012925
887,2024-08-18 17:43:32,view,146,s012926
2095,2024-02-05 20:09:26,view,281,s012927
379,2024-10-13 14:17:01,wishlist,185,s012928
2345,2025-12-08 18:47:53,view,376,s012929
70,2024-03-22 18:04:13,purchase,113,s012930
10,2025-03-24 15:34:19,view,242,s012931
800,2024-10-07 06:52:13,view,208,s012932
1966,2025-10-29 22:01:52,view,294,s012933
302,2025-01-16 07:23:49,view,313,s012934
552,2024-02-23 17:47:55,view,172,s012935
1958,2024-01-27 21:32:22,view,154,s012936
615,2025-04-01 23:03:23,wishlist,39,s012937
2138,2025-09-19 11:48:19,view,299,s012938
1996,2024-11-17 08:56:03,view,230,s012939
230,2024-11-14 20:07:03,view,97,s012940
173,2024-02-08 20:10:20,view,40,s012941
1457,2025-09-22 18:53:12,wishlist,275,s012942
927,2024-06-14 14:26:14,view,52,s012943
242,2025-11-26 21:42:18,view,321,s012944
803,2025-07-28 16:36:00,view,378,s012945
1469,2025-03-24 20:35:13,view,148,s012946
735,2024-09-12 06:15:42,wishlist,365,s012947
683,2024-12-31 04:56:23,view,353,s012948
1877,2024-07-07 21:54:06,view,289,s012949
206,2025-11-28 15:45:19,add_to_cart,383,s012950
2098,2025-02-14 23:31:48,add_to_cart,34,s012951
264,2024-07-28 22:11:20,purchase,136,s012952
254,2025-10-15 07:14:54,add_to_cart,342,s012953
301,2025-12-07 16:34:52,add_to_cart,127,s012954
175,2025-08-08 13:16:31,wishlist,380,s012955
1908,2024-10-29 19:57:18,view,309,s012956
1387,2025-09-03 20:04:18,purchase,295,s012957
2450,2025-11-11 22:23:41,view,263,s012958
1506,2025-08-04 09:59:28,view,83,s012959
1492,2024-02-17 10:40:11,wishlist,102,s012960
527,2024-06-04 05:33:27,purchase,26,s012961
231,2024-04-06 19:02:53,add_to_cart,269,s012962
780,2024-08-15 16:25:58,add_to_cart,344,s012963
47,2024-06-05 10:34:52,view,83,s012964
1028,2024-12-22 08:35:34,view,66,s012965
1678,2025-04-17 08:25:43,wishlist,317,s012966
642,2025-09-12 21:03:56,purchase,203,s012967
2116,2024-09-10 12:20:24,view,373,s012968
1943,2025-11-05 09:07:05,remove_from_cart,329,s012969
2083,2024-09-18 12:39:15,view,289,s012970
12,2025-05-19 21:45:13,view,190,s012971
1189,2024-04-24 15:39:59,add_to_cart,329,s012972
927,2025-10-11 20:34:07,wishlist,366,s012973
1100,2025-04-22 19:27:18,view,45,s012974
185,2025-04-18 09:38:29,view,225,s012975
1892,2024-06-15 15:43:47,view,238,s012976
706,2024-12-29 08:16:57,add_to_cart,66,s012977
321,2025-11-17 11:51:13,wishlist,317,s012978
2067,2025-07-06 09:53:22,purchase,56,s012979
1227,2024-05-28 13:21:30,view,214,s012980
1479,2024-01-27 22:52:36,add_to_cart,346,s012981
552,2025-02-07 21:49:56,view,252,s012982
1085,2024-03-04 20:56:04,view,51,s012983
406,2025-02-03 10:55:43,view,123,s012984
2452,2025-10-20 05:01:08,view,25,s012985
686,2025-04-17 17:50:37,view,348,s012986
2265,2025-04-03 19:48:12,view,336,s012987
1440,2025-12-12 07:22:45,view,283,s012988
1000,2024-06-10 22:37:59,view,111,s012989
1187,2024-05-04 15:52:31,view,364,s012990
2107,2024-03-05 08:02:24,view,90,s012991
1177,2025-09-02 23:56:02,view,86,s012992
1290,2025-06-09 16:01:12,purchase,124,s012993
2450,2024-02-19 10:59:10,view,88,s012994
1696,2024-09-04 18:37:30,add_to_cart,201,s012995
892,2025-06-11 11:26:50,add_to_cart,57,s012996
712,2025-01-18 20:46:26,wishlist,133,s012997
21,2025-02-20 10:31:29,add_to_cart,139,s012998
1137,2025-07-23 18:34:32,view,11,s012999
1405,2024-01-18 20:38:40,add_to_cart,60,s013000
725,2024-11-29 22:39:52,view,304,s013001
2025,2024-05-28 08:53:30,remove_from_cart,376,s013002
2397,2024-07-27 20:35:26,wishlist,322,s013003
18,2024-10-01 19:59:00,wishlist,370,s013004
1497,2024-12-02 19:30:59,add_to_cart,396,s013005
388,2024-06-30 13:10:08,view,59,s013006
126,2024-05-06 17:48:20,view,256,s013007
2271,2024-03-28 19:52:59,view,298,s013008
1903,2025-06-14 13:18:57,view,251,s013009
1740,2025-02-12 09:49:49,view,271,s013010
2195,2025-01-23 18:57:21,view,167,s013011
1260,2025-04-09 22:06:17,view,161,s013012
276,2025-10-20 18:02:57,view,238,s013013
273,2024-12-13 19:07:52,add_to_cart,368,s013014
1569,2025-06-12 20:05:34,view,360,s013015
392,2025-10-21 07:50:24,purchase,153,s013016
529,2025-03-11 12:58:39,view,196,s013017
1741,2024-10-30 08:14:09,view,104,s013018
1070,2024-11-11 11:34:02,add_to_cart,81,s013019
279,2024-08-28 04:51:06,remove_from_cart,138,s013020
1035,2025-11-08 09:00:48,view,239,s013021
1877,2025-10-02 05:04:51,wishlist,318,s013022
931,2024-02-24 09:35:18,view,67,s013023
2378,2025-04-19 20:34:52,purchase,104,s013024
2161,2024-10-15 07:34:56,wishlist,94,s013025
1717,2025-01-28 09:13:58,view,176,s013026
1742,2025-04-05 21:31:47,remove_from_cart,80,s013027
795,2025-11-04 22:09:56,add_to_cart,380,s013028
633,2025-09-28 12:13:04,wishlist,140,s013029
545,2024-03-11 06:13:59,view,323,s013030
960,2025-07-16 19:49:31,view,63,s013031
791,2024-08-02 07:54:21,wishlist,345,s013032
1011,2024-07-14 09:45:36,wishlist,156,s013033
1871,2024-12-08 19:37:12,view,69,s013034
1727,2025-05-14 19:57:21,add_to_cart,282,s013035
432,2024-02-11 08:46:34,view,23,s013036
2420,2025-02-25 10:47:54,view,208,s013037
337,2025-08-06 08:47:46,view,128,s013038
1120,2024-05-25 08:17:59,view,141,s013039
736,2024-12-13 06:33:16,wishlist,147,s013040
898,2024-11-17 14:20:26,view,221,s013041
1667,2024-01-19 07:54:52,wishlist,333,s013042
1687,2025-12-12 06:57:31,add_to_cart,77,s013043
1683,2025-02-26 09:17:30,purchase,152,s013044
620,2025-05-28 22:45:36,wishlist,284,s013045
1344,2024-03-30 19:35:29,view,321,s013046
1567,2024-10-16 20:37:08,purchase,101,s013047
927,2025-04-19 09:28:27,add_to_cart,7,s013048
1495,2025-12-12 08:54:56,view,285,s013049
941,2025-11-24 12:19:52,view,146,s013050
114,2025-07-04 18:05:15,add_to_cart,331,s013051
1019,2024-01-21 02:11:05,view,167,s013052
403,2024-04-18 18:55:22,wishlist,70,s013053
2488,2025-11-17 21:51:40,view,374,s013054
1672,2025-03-28 15:01:56,add_to_cart,232,s013055
1683,2025-11-23 10:02:24,add_to_cart,292,s013056
249,2025-06-18 08:30:05,view,71,s013057
960,2025-02-14 19:24:21,wishlist,3,s013058
793,2025-04-06 20:49:11,view,341,s013059
2420,2024-10-01 15:33:42,remove_from_cart,35,s013060
807,2025-08-07 15:33:17,wishlist,96,s013061
2046,2024-03-24 15:24:28,view,317,s013062
1423,2025-09-27 17:25:44,purchase,1,s013063
1837,2024-10-23 19:08:00,wishlist,113,s013064
2417,2024-11-19 09:15:41,wishlist,26,s013065
2006,2024-03-28 22:51:30,view,332,s013066
1244,2025-06-16 08:39:17,view,30,s013067
1559,2025-12-07 10:51:42,wishlist,237,s013068
2420,2024-10-22 19:17:41,wishlist,113,s013069
1181,2025-11-11 01:04:45,purchase,98,s013070
791,2024-01-02 17:20:27,view,12,s013071
1580,2025-12-13 15:51:17,view,363,s013072
2277,2025-06-17 04:55:13,view,346,s013073
472,2025-10-15 17:23:37,view,223,s013074
2056,2024-07-17 11:33:19,add_to_cart,320,s013075
860,2025-08-02 09:02:31,add_to_cart,87,s013076
179,2025-10-20 11:52:50,view,26,s013077
1507,2024-04-05 08:18:13,wishlist,200,s013078
847,2025-08-29 16:10:16,view,319,s013079
2337,2024-04-01 19:25:00,add_to_cart,62,s013080
1206,2025-04-30 08:58:39,add_to_cart,178,s013081
1434,2025-11-29 19:20:14,remove_from_cart,135,s013082
166,2024-07-10 14:38:35,view,173,s013083
136,2025-02-24 19:01:29,view,371,s013084
100,2024-01-29 05:07:40,view,13,s013085
1740,2025-10-04 22:19:54,purchase,197,s013086
2382,2024-05-29 20:58:33,view,80,s013087
1696,2024-11-08 06:31:04,add_to_cart,125,s013088
2102,2024-10-29 11:36:56,add_to_cart,293,s013089
1217,2024-06-06 20:35:46,view,109,s013090
1623,2024-10-27 10:25:41,add_to_cart,43,s013091
1903,2024-09-12 21:57:46,view,269,s013092
1801,2025-06-12 10:12:41,purchase,23,s013093
1234,2024-03-07 10:52:30,view,340,s013094
1935,2025-09-09 20:57:09,view,242,s013095
727,2025-03-14 22:10:28,wishlist,107,s013096
1822,2024-08-21 20:33:33,view,389,s013097
1775,2025-03-29 18:47:45,view,145,s013098
221,2024-07-16 19:31:45,remove_from_cart,337,s013099
1316,2024-10-15 16:25:48,purchase,328,s013100
1582,2024-07-14 13:10:40,remove_from_cart,7,s013101
301,2024-01-20 06:32:13,wishlist,315,s013102
1788,2024-04-27 07:27:21,wishlist,66,s013103
2046,2024-06-24 15:32:56,add_to_cart,213,s013104
861,2025-09-04 09:28:22,view,349,s013105
1620,2024-02-14 16:40:05,add_to_cart,321,s013106
29,2024-08-05 23:32:04,view,342,s013107
910,2024-10-09 19:23:52,wishlist,261,s013108
1294,2024-09-14 20:50:57,view,116,s013109
1765,2025-09-21 05:16:52,purchase,303,s013110
718,2024-04-10 01:19:22,view,173,s013111
1139,2025-07-31 18:51:05,wishlist,234,s013112
979,2025-08-03 08:37:24,purchase,203,s013113
299,2024-03-19 21:22:58,add_to_cart,226,s013114
1115,2024-09-30 19:44:19,view,309,s013115
1870,2024-12-15 09:21:17,view,245,s013116
1184,2024-04-01 09:37:01,purchase,138,s013117
545,2024-06-04 15:09:26,add_to_cart,281,s013118
1002,2025-02-09 17:39:18,view,222,s013119
2095,2025-07-12 15:15:18,purchase,319,s013120
133,2024-09-11 20:12:22,add_to_cart,113,s013121
2237,2025-10-07 22:58:32,view,73,s013122
1976,2024-09-29 07:16:52,add_to_cart,188,s013123
609,2025-03-13 22:38:09,view,20,s013124
2231,2024-08-27 20:37:53,view,124,s013125
2297,2025-02-20 19:12:36,view,278,s013126
762,2024-04-22 16:00:08,view,236,s013127
2028,2024-05-10 10:44:12,add_to_cart,97,s013128
2479,2025-05-04 08:05:37,add_to_cart,279,s013129
204,2024-09-25 07:15:31,wishlist,183,s013130
2388,2025-09-20 02:02:16,view,250,s013131
2091,2025-08-02 22:47:04,view,356,s013132
246,2024-08-01 17:47:34,add_to_cart,356,s013133
916,2024-02-02 23:36:58,view,243,s013134
714,2024-06-03 11:13:30,purchase,374,s013135
1886,2025-09-04 07:55:13,wishlist,239,s013136
1742,2025-07-20 23:30:08,purchase,108,s013137
1092,2025-08-04 10:42:28,view,280,s013138
895,2024-08-18 23:00:29,view,215,s013139
609,2025-11-25 20:40:34,purchase,130,s013140
1064,2025-06-14 18:06:48,view,46,s013141
1414,2024-08-26 16:59:55,view,118,s013142
1277,2024-02-15 19:40:46,view,58,s013143
1953,2025-05-30 14:06:05,wishlist,333,s013144
1130,2024-05-28 20:52:48,view,93,s013145
993,2025-10-30 16:28:54,view,277,s013146
655,2025-11-22 20:00:28,view,15,s013147
1890,2025-07-10 19:30:07,wishlist,280,s013148
2196,2025-10-22 21:30:28,view,321,s013149
2432,2024-07-01 10:52:26,view,27,s013150
828,2025-01-27 16:18:01,view,239,s013151
1036,2024-12-09 11:13:28,view,158,s013152
848,2024-05-08 08:52:53,add_to_cart,102,s013153
1064,2025-10-12 18:47:47,view,42,s013154
1688,2024-06-12 09:19:31,view,192,s013155
2202,2024-01-01 19:49:42,add_to_cart,158,s013156
374,2024-11-30 14:08:45,view,352,s013157
1983,2024-06-21 21:23:32,view,328,s013158
305,2024-06-15 20:51:30,view,333,s013159
99,2024-06-29 20:29:47,wishlist,245,s013160
1177,2024-09-14 20:06:42,add_to_cart,195,s013161
324,2024-09-26 18:49:51,purchase,283,s013162
430,2025-06-11 07:34:43,view,318,s013163
264,2024-02-29 19:43:18,purchase,23,s013164
2491,2025-05-05 21:45:22,purchase,62,s013165
2090,2024-07-27 14:46:31,view,247,s013166
2057,2025-08-15 21:48:55,view,164,s013167
190,2024-04-16 18:21:57,add_to_cart,393,s013168
1199,2024-03-07 21:24:47,add_to_cart,341,s013169
1828,2024-07-05 22:16:22,wishlist,228,s013170
409,2025-07-12 04:29:38,view,392,s013171
1433,2024-11-23 08:30:43,add_to_cart,51,s013172
2473,2025-01-04 22:47:19,view,133,s013173
604,2025-02-25 11:52:55,add_to_cart,355,s013174
1416,2024-08-14 16:18:13,view,223,s013175
715,2024-02-15 19:41:30,view,8,s013176
1835,2025-09-16 15:50:09,view,116,s013177
290,2024-01-06 22:05:51,view,174,s013178
1236,2024-01-10 21:29:01,remove_from_cart,134,s013179
991,2024-08-18 22:00:20,view,103,s013180
554,2024-06-23 10:04:15,view,166,s013181
1296,2024-12-19 16:55:11,view,211,s013182
790,2024-11-06 07:03:29,view,76,s013183
1912,2024-03-08 05:29:35,view,95,s013184
481,2024-05-18 22:01:47,add_to_cart,41,s013185
1248,2025-05-13 01:09:36,view,285,s013186
464,2025-07-28 07:22:38,view,66,s013187
331,2024-12-24 20:33:11,view,142,s013188
650,2024-02-12 22:01:14,view,307,s013189
601,2025-05-31 22:40:13,wishlist,283,s013190
2442,2025-01-17 17:56:32,view,67,s013191
469,2025-11-20 11:16:54,add_to_cart,130,s013192
997,2024-03-02 10:19:38,purchase,399,s013193
808,2024-05-27 15:37:47,add_to_cart,132,s013194
1669,2024-03-01 10:23:11,add_to_cart,256,s013195
2294,2024-03-06 09:59:46,view,162,s013196
1836,2024-02-16 06:57:13,add_to_cart,205,s013197
406,2024-06-12 19:44:51,view,190,s013198
573,2024-12-09 11:27:28,view,320,s013199
1885,2024-10-21 08:43:52,view,86,s013200
2139,2025-03-26 08:57:41,wishlist,198,s013201
2066,2025-11-05 11:28:09,add_to_cart,177,s013202
2373,2024-01-11 17:56:07,view,25,s013203
808,2025-07-24 22:36:10,remove_from_cart,235,s013204
2099,2024-02-25 00:46:41,view,113,s013205
2157,2024-11-21 00:16:45,add_to_cart,231,s013206
1534,2024-02-02 12:25:52,view,192,s013207
829,2025-04-24 13:49:39,view,273,s013208
2361,2025-03-26 21:05:23,add_to_cart,100,s013209
541,2024-08-16 21:16:09,purchase,175,s013210
906,2024-08-03 21:20:38,purchase,284,s013211
1141,2024-08-24 20:20:37,add_to_cart,243,s013212
1852,2024-11-20 21:42:19,purchase,96,s013213
1836,2024-02-07 10:01:55,add_to_cart,268,s013214
2021,2025-04-03 19:05:14,view,72,s013215
1623,2025-04-10 12:44:36,purchase,336,s013216
487,2024-01-02 20:30:22,wishlist,89,s013217
2452,2025-09-08 08:55:10,add_to_cart,279,s013218
327,2025-08-09 19:33:29,view,221,s013219
2207,2025-04-13 11:42:57,view,224,s013220
1630,2024-06-23 18:58:50,view,212,s013221
388,2025-07-31 16:49:54,view,169,s013222
2466,2024-02-21 17:44:14,view,74,s013223
1220,2025-11-03 19:02:33,view,44,s013224
1945,2024-05-07 10:28:36,add_to_cart,252,s013225
933,2025-06-14 19:32:14,purchase,342,s013226
81,2024-01-09 08:22:14,view,340,s013227
1571,2024-01-24 22:36:05,add_to_cart,53,s013228
1924,2024-05-11 19:13:48,view,333,s013229
2068,2024-02-08 19:37:47,view,367,s013230
2127,2025-11-15 20:50:46,view,90,s013231
761,2024-11-04 19:04:44,view,255,s013232
1867,2024-08-27 08:36:55,purchase,362,s013233
2102,2025-04-06 21:11:31,add_to_cart,171,s013234
721,2025-11-03 20:06:09,view,101,s013235
178,2025-10-11 14:01:34,view,128,s013236
2144,2024-01-14 14:35:29,view,307,s013237
2384,2024-08-21 16:54:48,purchase,325,s013238
1749,2025-08-16 12:48:49,remove_from_cart,336,s013239
1481,2024-04-30 10:56:20,view,182,s013240
111,2025-06-13 13:31:32,remove_from_cart,47,s013241
2474,2024-03-09 17:28:37,wishlist,199,s013242
900,2025-07-16 14:32:29,purchase,374,s013243
2063,2024-01-20 10:15:42,purchase,235,s013244
2036,2024-10-18 17:00:21,view,41,s013245
1984,2024-01-27 20:59:30,wishlist,209,s013246
274,2024-08-12 23:20:04,view,396,s013247
881,2024-07-01 09:25:31,view,187,s013248
698,2025-06-11 08:49:33,wishlist,183,s013249
1955,2025-02-08 20:57:33,wishlist,167,s013250
2102,2024-01-14 14:09:52,view,248,s013251
831,2025-12-02 20:05:51,purchase,183,s013252
1975,2024-10-13 07:41:20,view,352,s013253
393,2025-09-29 09:44:14,view,94,s013254
2018,2024-05-26 22:41:18,add_to_cart,32,s013255
775,2025-06-12 16:00:06,view,43,s013256
2102,2024-04-10 06:53:01,view,43,s013257
2231,2024-04-06 20:34:04,view,159,s013258
258,2024-04-07 08:11:37,view,229,s013259
1987,2024-01-27 17:26:02,view,324,s013260
1480,2025-12-08 15:47:49,view,30,s013261
180,2024-06-14 21:08:26,purchase,227,s013262
958,2025-11-28 14:20:06,add_to_cart,103,s013263
330,2024-04-03 20:10:15,purchase,165,s013264
2371,2025-04-19 20:11:37,view,123,s013265
184,2024-02-03 06:42:01,view,191,s013266
1227,2024-09-26 21:44:36,view,40,s013267
926,2025-04-12 19:10:02,view,394,s013268
1934,2024-03-09 09:07:18,view,271,s013269
307,2025-04-18 14:45:13,view,323,s013270
2182,2025-03-14 09:39:21,view,323,s013271
2477,2024-02-03 07:10:17,view,262,s013272
1531,2024-02-23 13:17:18,purchase,25,s013273
459,2025-06-25 10:00:36,add_to_cart,4,s013274
539,2024-07-01 15:24:57,view,8,s013275
1527,2024-08-07 21:40:24,view,77,s013276
238,2024-06-08 06:24:27,add_to_cart,290,s013277
221,2024-03-13 09:24:17,view,95,s013278
290,2024-06-11 08:59:23,purchase,269,s013279
1763,2024-05-04 20:35:13,wishlist,50,s013280
2138,2024-05-09 19:15:30,purchase,130,s013281
1557,2024-09-27 21:24:57,view,279,s013282
489,2025-11-25 09:54:41,wishlist,42,s013283
1198,2025-07-22 08:03:18,view,234,s013284
1229,2024-04-23 05:11:18,view,373,s013285
1155,2025-06-07 19:31:41,wishlist,368,s013286
2319,2024-06-30 14:53:35,view,362,s013287
557,2025-08-17 20:05:52,purchase,215,s013288
262,2024-10-20 13:43:21,wishlist,92,s013289
1420,2024-07-21 16:39:00,remove_from_cart,274,s013290
1526,2024-03-31 22:59:03,view,363,s013291
836,2024-08-05 17:19:11,view,250,s013292
1634,2024-12-23 13:42:12,view,22,s013293
1592,2024-08-01 11:47:23,purchase,246,s013294
802,2025-07-28 07:09:43,view,199,s013295
551,2025-03-11 19:42:03,purchase,177,s013296
1352,2024-11-01 06:16:12,purchase,75,s013297
901,2024-01-04 23:51:57,view,308,s013298
683,2024-07-07 12:57:24,add_to_cart,338,s013299
1951,2024-12-31 19:20:34,wishlist,345,s013300
1901,2024-11-02 20:02:59,purchase,117,s013301
1506,2024-07-10 11:38:06,view,180,s013302
435,2025-06-16 16:48:12,wishlist,278,s013303
97,2025-06-04 11:21:17,view,169,s013304
1760,2025-02-20 10:43:47,view,305,s013305
1346,2024-09-11 17:45:59,view,291,s013306
2193,2024-11-08 09:33:53,wishlist,172,s013307
834,2024-11-20 08:39:31,view,247,s013308
1873,2025-04-23 08:38:18,view,105,s013309
1994,2025-03-22 21:34:13,view,334,s013310
2010,2025-09-11 20:50:23,view,189,s013311
1887,2024-06-22 18:36:56,purchase,81,s013312
2235,2025-04-17 19:58:28,wishlist,274,s013313
689,2025-01-27 17:25:37,purchase,201,s013314
1931,2025-03-22 20:18:24,wishlist,283,s013315
1844,2024-05-06 18:54:04,view,22,s013316
1662,2024-12-02 07:52:49,add_to_cart,53,s013317
232,2024-06-14 09:09:29,purchase,273,s013318
1897,2024-10-16 07:12:50,remove_from_cart,281,s013319
292,2025-07-06 20:43:11,view,359,s013320
970,2024-08-26 15:33:03,view,297,s013321
413,2024-05-06 17:21:45,wishlist,319,s013322
245,2024-09-30 21:27:25,view,178,s013323
1814,2025-11-16 20:10:04,wishlist,367,s013324
1425,2024-09-21 08:37:21,view,328,s013325
260,2024-08-25 06:03:10,view,398,s013326
2184,2025-08-27 09:18:47,add_to_cart,344,s013327
591,2024-07-10 20:26:46,view,336,s013328
405,2025-06-29 09:53:22,add_to_cart,390,s013329
899,2024-10-05 15:51:20,view,308,s013330
1971,2024-04-22 13:08:17,view,174,s013331
1049,2025-07-16 12:53:54,view,191,s013332
1762,2025-09-14 16:25:21,wishlist,262,s013333
2174,2024-12-30 09:46:17,view,177,s013334
389,2025-03-18 13:07:06,add_to_cart,93,s013335
2390,2024-10-24 02:43:25,wishlist,109,s013336
238,2024-08-02 21:36:28,purchase,89,s013337
193,2024-07-09 00:20:59,add_to_cart,222,s013338
2247,2025-07-12 21:19:05,add_to_cart,355,s013339
1083,2024-09-20 15:46:04,add_to_cart,363,s013340
1203,2024-06-26 21:14:40,view,100,s013341
1056,2025-08-29 12:16:26,add_to_cart,68,s013342
1705,2025-05-13 09:43:04,remove_from_cart,90,s013343
1649,2024-04-23 15:09:21,view,176,s013344
474,2025-09-19 00:05:50,view,81,s013345
501,2025-07-09 15:09:39,view,145,s013346
1804,2025-11-08 16:14:28,wishlist,349,s013347
1304,2025-10-21 12:08:10,view,319,s013348
569,2024-10-08 17:12:50,view,385,s013349
1412,2025-05-28 23:45:45,view,211,s013350
442,2025-04-21 13:06:16,view,199,s013351
711,2024-08-29 20:02:45,view,225,s013352
1641,2025-02-04 18:55:23,view,238,s013353
856,2025-05-13 11:38:04,view,47,s013354
953,2025-05-14 08:03:52,purchase,195,s013355
1860,2024-10-18 08:02:40,view,333,s013356
2336,2025-06-27 12:59:16,purchase,389,s013357
1957,2025-09-20 20:28:50,wishlist,117,s013358
703,2025-02-15 18:07:42,view,174,s013359
2422,2025-09-26 18:47:27,wishlist,287,s013360
2478,2025-06-18 17:34:24,view,332,s013361
1225,2024-04-20 16:28:55,view,121,s013362
391,2024-05-24 07:44:03,remove_from_cart,196,s013363
2434,2025-10-12 06:04:36,view,80,s013364
2283,2025-06-23 18:11:57,view,107,s013365
2157,2024-10-04 19:30:06,purchase,317,s013366
586,2025-10-21 15:41:59,add_to_cart,171,s013367
1900,2024-04-17 21:33:24,add_to_cart,197,s013368
421,2024-03-14 20:01:28,view,325,s013369
2382,2024-12-05 17:04:10,view,315,s013370
1662,2024-04-21 20:35:10,purchase,354,s013371
1724,2024-11-22 21:23:25,wishlist,84,s013372
543,2025-04-05 17:21:37,wishlist,320,s013373
273,2025-10-28 07:38:52,view,69,s013374
747,2025-11-09 19:33:05,wishlist,142,s013375
349,2025-06-15 10:10:43,purchase,289,s013376
2101,2025-01-25 08:27:09,view,380,s013377
673,2024-06-09 15:17:17,wishlist,182,s013378
1555,2024-07-12 18:55:11,view,124,s013379
1272,2025-11-02 15:52:35,wishlist,169,s013380
1419,2024-07-23 20:14:14,view,174,s013381
667,2025-01-26 06:53:55,view,174,s013382
1995,2024-12-23 23:00:23,remove_from_cart,273,s013383
1234,2024-11-02 09:58:42,add_to_cart,296,s013384
1186,2025-04-22 22:34:10,wishlist,247,s013385
2287,2024-01-19 23:50:19,view,196,s013386
2049,2025-07-14 09:49:40,purchase,368,s013387
2402,2024-10-07 07:16:55,wishlist,375,s013388
399,2025-01-19 18:44:09,add_to_cart,103,s013389
162,2024-07-30 07:28:32,wishlist,333,s013390
2031,2024-12-01 09:12:38,purchase,17,s013391
2053,2025-04-01 15:57:16,view,62,s013392
1432,2025-03-15 19:05:35,wishlist,361,s013393
1214,2025-06-20 09:31:53,view,393,s013394
2153,2025-06-25 19:54:10,view,400,s013395
845,2025-07-16 06:39:54,view,173,s013396
764,2024-02-25 17:01:33,wishlist,204,s013397
1076,2024-03-09 20:57:24,view,276,s013398
2129,2025-09-06 08:19:40,add_to_cart,198,s013399
2458,2025-04-26 08:15:12,purchase,348,s013400
1296,2024-12-23 12:42:26,view,266,s013401
808,2024-03-13 23:06:36,view,63,s013402
2242,2025-10-02 21:24:25,add_to_cart,308,s013403
1150,2025-01-02 14:48:08,view,59,s013404
2186,2024-05-20 17:41:49,view,81,s013405
535,2024-11-25 09:41:52,remove_from_cart,398,s013406
1564,2024-01-21 19:22:39,view,168,s013407
2013,2024-01-17 21:05:37,view,68,s013408
524,2025-07-29 09:35:55,view,303,s013409
2090,2024-12-04 09:37:31,add_to_cart,265,s013410
1388,2024-09-27 11:38:10,view,137,s013411
822,2024-12-02 11:26:59,view,18,s013412
407,2024-04-28 21:51:19,wishlist,395,s013413
2372,2025-08-15 21:47:02,view,326,s013414
1235,2024-01-03 14:36:10,add_to_cart,118,s013415
916,2024-03-09 18:37:11,view,359,s013416
1755,2025-01-17 10:21:14,view,96,s013417
1224,2024-10-29 06:12:20,view,262,s013418
1784,2024-12-10 06:24:29,view,215,s013419
442,2025-01-30 20:53:22,view,50,s013420
2269,2025-05-23 10:13:19,wishlist,206,s013421
1030,2025-01-31 19:57:19,view,336,s013422
1819,2024-04-09 18:57:20,view,65,s013423
1775,2025-06-06 04:47:42,purchase,278,s013424
1958,2025-02-13 19:41:55,purchase,42,s013425
2316,2024-03-25 08:56:16,add_to_cart,355,s013426
589,2025-11-30 16:34:50,purchase,115,s013427
2018,2025-11-30 06:04:01,remove_from_cart,23,s013428
2473,2024-10-11 16:54:04,view,370,s013429
1977,2024-05-20 10:27:58,view,348,s013430
1036,2025-07-02 17:52:37,view,355,s013431
1599,2025-07-13 19:26:02,view,120,s013432
1054,2024-11-11 07:22:13,view,25,s013433
2446,2024-05-11 21:30:39,add_to_cart,13,s013434
1499,2025-04-03 19:04:51,add_to_cart,156,s013435
2457,2025-08-21 10:28:29,remove_from_cart,225,s013436
1968,2025-06-18 17:24:04,view,303,s013437
366,2025-12-08 05:36:52,view,123,s013438
241,2025-03-27 21:09:17,view,243,s013439
1420,2024-10-04 23:58:50,add_to_cart,19,s013440
138,2025-05-16 10:40:43,purchase,78,s013441
537,2024-09-02 09:20:43,purchase,227,s013442
1786,2024-10-16 21:05:25,view,160,s013443
957,2025-10-16 18:31:32,view,211,s013444
418,2024-05-16 14:13:02,purchase,126,s013445
899,2024-03-18 23:35:46,wishlist,328,s013446
2367,2024-04-09 23:47:05,purchase,64,s013447
55,2025-10-26 01:08:41,purchase,150,s013448
2234,2025-09-06 19:03:21,view,344,s013449
767,2025-02-24 12:10:01,wishlist,342,s013450
1924,2025-10-04 08:44:04,purchase,110,s013451
1111,2024-01-09 12:48:21,view,15,s013452
1402,2024-10-09 12:31:13,wishlist,214,s013453
559,2025-02-12 21:57:06,remove_from_cart,90,s013454
1333,2024-12-27 07:04:57,view,159,s013455
49,2025-04-19 09:38:23,purchase,72,s013456
626,2025-12-10 19:45:07,add_to_cart,351,s013457
508,2024-03-19 22:09:59,view,176,s013458
2415,2025-04-03 14:23:26,view,310,s013459
1337,2025-05-16 11:11:29,view,49,s013460
1924,2024-09-30 21:01:03,add_to_cart,356,s013461
1333,2024-07-27 21:47:44,view,380,s013462
91,2024-11-24 18:20:26,view,82,s013463
826,2025-03-18 12:30:05,add_to_cart,218,s013464
787,2024-11-18 21:07:27,add_to_cart,39,s013465
1257,2025-04-24 06:58:56,view,12,s013466
1705,2024-10-20 19:11:42,view,242,s013467
1168,2025-09-26 06:54:05,view,111,s013468
511,2024-06-09 13:17:19,view,291,s013469
1132,2024-08-22 09:06:31,add_to_cart,122,s013470
1000,2025-03-04 13:03:18,view,239,s013471
581,2024-01-24 02:05:17,add_to_cart,333,s013472
2289,2025-11-13 17:51:01,remove_from_cart,7,s013473
1572,2024-03-17 13:22:53,view,212,s013474
61,2024-09-06 09:44:12,add_to_cart,270,s013475
1546,2025-07-06 18:41:50,add_to_cart,51,s013476
120,2024-01-20 08:17:02,view,74,s013477
1398,2024-10-13 18:38:17,wishlist,63,s013478
1926,2025-05-27 10:26:13,view,293,s013479
2223,2025-02-09 19:10:21,view,303,s013480
1977,2024-07-13 15:51:04,purchase,199,s013481
1612,2025-02-21 09:27:11,wishlist,338,s013482
1159,2025-06-27 21:01:16,wishlist,243,s013483
243,2024-02-28 23:16:49,view,121,s013484
925,2024-06-10 18:05:36,view,111,s013485
2267,2024-07-13 19:23:44,wishlist,247,s013486
971,2024-07-13 22:20:23,view,162,s013487
1363,2024-12-06 21:28:28,view,156,s013488
234,2025-04-20 20:29:36,add_to_cart,144,s013489
1372,2025-08-17 08:48:43,wishlist,290,s013490
1530,2025-04-13 08:03:34,remove_from_cart,186,s013491
1561,2024-05-26 20:49:49,view,197,s013492
1347,2025-05-04 13:20:55,view,287,s013493
1095,2025-01-15 12:55:21,wishlist,190,s013494
2186,2024-03-12 13:37:29,add_to_cart,276,s013495
2424,2024-02-02 08:37:54,add_to_cart,183,s013496
184,2025-02-06 15:16:39,remove_from_cart,315,s013497
1242,2025-07-23 17:20:49,view,357,s013498
694,2024-07-08 12:05:33,view,276,s013499
966,2025-06-04 08:56:28,add_to_cart,205,s013500
1434,2025-11-12 09:31:01,wishlist,149,s013501
38,2025-09-09 22:19:38,view,324,s013502
1091,2024-12-18 16:17:55,add_to_cart,58,s013503
2417,2024-06-03 15:15:07,view,169,s013504
1889,2024-02-22 18:10:15,view,294,s013505
2042,2024-06-28 13:32:08,remove_from_cart,173,s013506
2132,2025-01-23 09:43:10,view,23,s013507
786,2024-03-15 13:09:08,view,128,s013508
2498,2024-01-08 13:35:52,wishlist,383,s013509
922,2024-07-21 02:56:29,add_to_cart,178,s013510
1555,2025-04-12 20:54:53,view,265,s013511
687,2025-02-25 09:23:40,view,49,s013512
1407,2025-04-14 07:04:43,add_to_cart,40,s013513
2048,2025-07-04 08:42:09,purchase,92,s013514
236,2024-02-03 03:11:58,view,97,s013515
2157,2024-08-10 16:53:55,view,18,s013516
2454,2025-10-03 14:38:12,add_to_cart,351,s013517
600,2024-04-25 20:10:21,view,272,s013518
1638,2025-10-13 20:25:10,wishlist,65,s013519
1542,2024-04-17 16:31:18,remove_from_cart,166,s013520
632,2025-02-05 09:25:23,wishlist,140,s013521
1568,2025-09-21 10:46:31,purchase,127,s013522
1015,2025-09-01 08:38:38,view,93,s013523
1034,2025-10-23 10:12:35,view,99,s013524
1712,2024-10-15 12:19:29,view,114,s013525
985,2025-01-23 10:19:40,add_to_cart,399,s013526
1415,2024-01-24 19:12:43,view,289,s013527
1785,2025-11-19 18:05:37,view,356,s013528
854,2025-09-17 00:00:05,add_to_cart,234,s013529
1608,2025-03-05 16:58:39,view,38,s013530
388,2024-06-24 13:46:06,view,193,s013531
1696,2024-04-13 05:34:04,view,145,s013532
519,2025-11-12 22:05:23,purchase,70,s013533
2120,2025-07-03 08:53:08,add_to_cart,242,s013534
541,2024-07-03 07:32:16,view,268,s013535
1561,2025-10-01 22:18:09,purchase,291,s013536
2071,2025-10-29 11:38:29,wishlist,94,s013537
306,2024-08-03 20:58:28,view,2,s013538
727,2024-07-05 07:32:41,view,60,s013539
1486,2024-04-21 20:18:04,purchase,77,s013540
2271,2024-02-12 13:27:09,view,35,s013541
125,2024-08-15 08:26:34,view,107,s013542
1966,2024-02-23 08:27:21,purchase,175,s013543
2182,2024-02-13 11:26:59,remove_from_cart,291,s013544
457,2024-12-07 21:07:16,view,305,s013545
1202,2025-12-03 18:27:14,remove_from_cart,241,s013546
1623,2024-03-09 19:18:36,view,366,s013547
540,2025-08-20 15:39:03,wishlist,277,s013548
1392,2025-10-24 09:02:18,add_to_cart,251,s013549
1474,2024-03-12 05:28:11,view,375,s013550
1515,2025-10-19 03:16:50,purchase,184,s013551
167,2024-09-29 11:55:19,wishlist,137,s013552
598,2024-02-27 10:07:36,view,235,s013553
1519,2025-07-16 20:52:21,view,334,s013554
1060,2024-03-11 17:11:51,add_to_cart,376,s013555
1978,2025-05-16 18:23:53,view,228,s013556
144,2024-03-02 17:39:22,view,74,s013557
663,2024-12-19 10:00:41,add_to_cart,127,s013558
1910,2024-05-25 10:10:18,purchase,174,s013559
2321,2024-04-06 08:00:40,add_to_cart,151,s013560
1723,2025-05-18 20:31:40,purchase,84,s013561
1364,2025-02-20 06:41:40,purchase,84,s013562
1504,2024-08-08 20:24:26,view,300,s013563
1786,2025-08-28 19:26:59,view,317,s013564
2048,2024-01-12 15:44:25,view,115,s013565
2050,2024-04-06 00:11:12,view,157,s013566
1269,2025-10-09 19:49:38,view,159,s013567
1869,2025-04-22 09:04:57,view,65,s013568
2044,2024-01-04 21:11:46,view,77,s013569
2357,2025-11-24 10:20:38,remove_from_cart,114,s013570
405,2025-01-06 11:48:47,view,275,s013571
2427,2025-07-27 07:17:24,wishlist,244,s013572
294,2024-03-04 22:55:18,add_to_cart,279,s013573
1793,2024-03-06 16:29:40,add_to_cart,89,s013574
1148,2024-04-04 21:58:57,view,87,s013575
1668,2025-01-16 17:49:06,remove_from_cart,124,s013576
158,2025-08-30 09:34:05,view,19,s013577
1515,2024-08-01 18:31:30,view,83,s013578
1171,2024-04-07 06:48:54,view,182,s013579
1836,2024-12-11 09:41:00,view,50,s013580
264,2025-05-12 10:53:36,wishlist,147,s013581
890,2025-07-05 11:26:07,add_to_cart,345,s013582
1950,2025-03-09 11:44:16,add_to_cart,250,s013583
2228,2025-11-23 17:39:52,view,105,s013584
906,2024-12-06 22:21:12,view,119,s013585
38,2024-12-30 13:56:59,view,85,s013586
1066,2024-12-16 01:27:28,view,98,s013587
1946,2024-07-29 18:55:27,wishlist,58,s013588
2257,2024-11-02 15:34:21,view,215,s013589
1994,2025-03-08 21:21:57,purchase,255,s013590
1821,2024-06-19 16:09:48,wishlist,126,s013591
1767,2025-07-17 08:44:03,view,8,s013592
1578,2024-02-26 08:16:00,remove_from_cart,382,s013593
444,2025-10-17 07:16:09,view,157,s013594
1068,2024-12-22 20:51:34,wishlist,208,s013595
2247,2025-03-14 19:48:11,view,75,s013596
1457,2024-03-20 12:25:01,view,328,s013597
2427,2025-12-04 22:21:16,view,321,s013598
118,2024-03-28 18:49:00,add_to_cart,302,s013599
816,2025-02-16 19:20:11,purchase,384,s013600
1011,2024-07-23 23:12:59,wishlist,37,s013601
720,2024-06-27 04:35:19,view,397,s013602
1760,2024-04-18 19:28:07,purchase,174,s013603
2430,2024-09-05 16:23:44,view,246,s013604
1065,2025-09-18 23:17:06,purchase,119,s013605
2330,2024-02-24 18:33:01,view,325,s013606
610,2024-06-18 23:31:57,view,213,s013607
847,2025-10-18 10:46:48,view,340,s013608
1856,2024-06-04 06:54:01,view,67,s013609
1668,2024-02-06 07:46:28,view,356,s013610
345,2025-03-02 20:32:22,view,21,s013611
196,2024-11-05 09:34:11,purchase,225,s013612
2128,2025-04-17 17:19:04,wishlist,30,s013613
1584,2024-10-04 23:51:58,wishlist,232,s013614
173,2024-10-17 17:55:33,view,192,s013615
133,2024-06-29 10:56:58,view,245,s013616
411,2024-09-02 14:24:22,view,44,s013617
854,2024-04-29 15:56:41,view,7,s013618
1135,2024-08-18 02:06:43,purchase,255,s013619
1407,2025-06-24 02:40:34,purchase,133,s013620
2272,2024-12-20 10:35:03,wishlist,52,s013621
776,2024-08-10 16:58:56,purchase,100,s013622
1773,2024-02-23 20:17:48,remove_from_cart,191,s013623
2478,2024-04-09 08:50:54,purchase,133,s013624
606,2024-09-16 08:33:26,remove_from_cart,150,s013625
1344,2024-12-13 22:13:51,wishlist,91,s013626
1274,2025-07-31 21:03:53,wishlist,388,s013627
2056,2025-10-29 06:51:31,view,385,s013628
680,2024-11-29 06:05:33,add_to_cart,288,s013629
1852,2025-01-22 13:37:27,add_to_cart,56,s013630
393,2025-05-18 09:55:52,view,142,s013631
1187,2024-07-16 13:13:47,view,174,s013632
2137,2025-01-10 21:54:05,view,64,s013633
509,2025-10-11 09:49:51,wishlist,67,s013634
2077,2024-10-31 04:46:03,purchase,59,s013635
255,2025-03-07 14:06:03,view,137,s013636
386,2024-12-27 10:10:16,view,137,s013637
2390,2025-12-02 05:39:12,view,24,s013638
1309,2025-03-02 10:11:02,wishlist,381,s013639
1965,2025-12-01 07:51:59,purchase,130,s013640
532,2024-01-22 22:43:45,add_to_cart,267,s013641
1709,2024-03-16 20:37:22,view,129,s013642
1568,2025-12-08 02:25:37,wishlist,310,s013643
561,2025-05-15 09:07:13,purchase,241,s013644
47,2024-08-31 11:50:16,purchase,151,s013645
1431,2024-11-18 08:46:47,view,371,s013646
1933,2025-11-01 23:01:06,wishlist,377,s013647
1138,2025-10-16 10:23:24,remove_from_cart,193,s013648
1677,2024-05-28 23:47:40,add_to_cart,301,s013649
327,2024-09-16 10:51:47,view,147,s013650
2300,2024-12-26 19:21:02,view,205,s013651
663,2025-09-24 07:14:04,view,182,s013652
2219,2025-08-31 17:58:40,view,118,s013653
815,2024-05-11 17:47:51,purchase,86,s013654
348,2025-03-31 11:47:53,wishlist,90,s013655
250,2024-03-02 21:51:38,remove_from_cart,157,s013656
52,2024-04-21 17:17:24,remove_from_cart,268,s013657
1826,2024-10-15 17:35:57,purchase,369,s013658
1291,2025-06-26 07:30:25,wishlist,310,s013659
1670,2024-09-15 22:26:33,view,24,s013660
1582,2024-09-19 13:41:14,wishlist,377,s013661
168,2024-07-03 17:49:25,add_to_cart,203,s013662
48,2025-09-16 08:53:21,view,193,s013663
884,2024-12-06 10:36:39,wishlist,194,s013664
2239,2025-04-18 11:45:42,add_to_cart,1,s013665
1760,2024-02-29 11:05:46,wishlist,323,s013666
100,2025-09-05 07:00:24,view,48,s013667
21,2025-04-11 20:21:45,purchase,249,s013668
1440,2024-07-14 09:40:50,view,148,s013669
1046,2025-08-21 22:18:48,remove_from_cart,100,s013670
1296,2024-01-04 09:21:55,view,39,s013671
546,2025-08-07 22:15:18,view,54,s013672
1591,2024-12-29 19:43:52,wishlist,349,s013673
1065,2025-11-13 08:25:46,add_to_cart,67,s013674
994,2024-10-27 19:02:40,add_to_cart,44,s013675
28,2024-05-08 01:40:25,view,275,s013676
1365,2024-01-29 08:27:39,view,19,s013677
1007,2025-05-15 08:53:21,wishlist,46,s013678
1857,2024-11-13 11:22:52,view,10,s013679
2307,2025-07-30 18:39:50,view,378,s013680
2161,2025-09-18 14:11:41,wishlist,312,s013681
1623,2024-01-03 15:14:35,wishlist,160,s013682
934,2025-03-31 11:56:41,remove_from_cart,26,s013683
2455,2025-08-03 22:06:31,view,89,s013684
1635,2024-10-19 22:06:48,view,135,s013685
1132,2025-03-04 21:42:09,view,267,s013686
909,2025-04-25 19:34:14,view,15,s013687
916,2025-12-06 12:19:36,view,315,s013688
1001,2025-07-28 09:38:51,wishlist,313,s013689
1363,2024-03-12 13:43:53,add_to_cart,369,s013690
481,2024-04-06 14:35:44,view,132,s013691
2099,2024-04-10 00:46:54,view,335,s013692
304,2024-12-02 22:28:52,view,124,s013693
2315,2024-04-30 11:39:27,view,39,s013694
1945,2024-12-24 10:06:28,purchase,39,s013695
636,2024-03-20 16:37:58,wishlist,194,s013696
1642,2024-09-07 19:54:16,add_to_cart,212,s013697
706,2025-07-20 19:16:15,wishlist,196,s013698
1409,2024-04-25 18:18:58,view,216,s013699
600,2024-06-12 21:57:41,add_to_cart,264,s013700
14,2025-01-29 10:44:41,view,27,s013701
1756,2024-05-09 09:07:36,view,85,s013702
2463,2025-02-01 20:52:19,remove_from_cart,197,s013703
239,2024-07-21 16:34:48,add_to_cart,396,s013704
1241,2025-01-17 18:14:41,view,313,s013705
1599,2024-12-02 10:01:27,view,76,s013706
610,2025-09-10 08:47:58,view,200,s013707
833,2025-01-10 10:50:11,view,334,s013708
1165,2024-09-12 09:40:45,view,103,s013709
1521,2025-03-08 04:46:15,purchase,201,s013710
520,2025-03-01 11:33:02,wishlist,2,s013711
2153,2024-01-23 14:07:28,view,189,s013712
1203,2024-07-13 21:10:43,purchase,146,s013713
1473,2024-01-28 05:53:26,remove_from_cart,17,s013714
2156,2025-06-20 13:29:40,add_to_cart,272,s013715
1601,2024-07-10 22:45:40,purchase,64,s013716
1042,2025-03-08 19:01:49,purchase,79,s013717
1776,2024-03-23 19:30:34,view,26,s013718
652,2024-09-23 13:40:05,view,55,s013719
662,2025-07-12 05:23:36,wishlist,60,s013720
1659,2025-05-18 22:36:42,add_to_cart,400,s013721
578,2025-10-30 21:51:25,wishlist,176,s013722
1799,2024-09-04 17:00:38,remove_from_cart,106,s013723
202,2024-01-22 13:37:18,remove_from_cart,10,s013724
257,2025-09-01 17:24:52,wishlist,203,s013725
1974,2025-07-06 07:30:27,view,212,s013726
2488,2024-05-18 20:58:27,purchase,359,s013727
1798,2025-11-21 13:32:06,add_to_cart,346,s013728
783,2025-11-04 13:27:15,view,202,s013729
972,2025-10-24 16:11:01,add_to_cart,147,s013730
1210,2024-04-27 16:38:24,view,373,s013731
2153,2025-04-04 07:48:19,view,358,s013732
93,2025-02-26 10:06:49,purchase,65,s013733
2223,2025-10-21 16:23:40,add_to_cart,254,s013734
1051,2024-01-06 18:23:10,add_to_cart,351,s013735
1483,2025-10-25 10:07:47,purchase,54,s013736
1282,2024-07-25 21:41:23,remove_from_cart,172,s013737
1900,2025-04-01 20:20:59,view,69,s013738
2256,2025-10-30 23:15:06,view,31,s013739
2334,2024-09-13 08:38:41,view,144,s013740
653,2024-12-15 20:00:08,add_to_cart,11,s013741
627,2025-12-01 10:40:00,view,183,s013742
2473,2025-03-03 11:28:13,purchase,315,s013743
1207,2024-11-27 12:45:48,view,386,s013744
1462,2024-06-20 21:26:44,view,43,s013745
2067,2024-04-01 06:41:07,add_to_cart,213,s013746
1199,2025-01-20 11:32:18,remove_from_cart,356,s013747
698,2025-08-30 08:57:53,view,290,s013748
1310,2024-01-17 10:56:23,view,180,s013749
2381,2024-08-02 17:43:29,view,207,s013750
1021,2025-03-20 11:05:34,add_to_cart,85,s013751
2099,2025-10-11 22:53:41,view,398,s013752
157,2025-05-23 10:37:16,purchase,14,s013753
1765,2024-08-23 20:39:50,view,284,s013754
2337,2024-08-03 19:46:40,wishlist,400,s013755
2207,2025-03-13 10:12:34,view,318,s013756
1807,2025-09-14 08:34:33,wishlist,87,s013757
1233,2024-03-31 21:01:07,view,15,s013758
2105,2025-06-28 07:48:02,view,246,s013759
1526,2025-06-27 22:31:30,view,258,s013760
12,2024-03-09 17:27:49,add_to_cart,146,s013761
1892,2025-04-13 07:06:14,wishlist,29,s013762
432,2024-07-24 19:22:04,view,282,s013763
874,2025-01-31 17:04:10,remove_from_cart,4,s013764
2171,2025-07-25 20:30:52,view,206,s013765
491,2024-07-24 10:03:23,wishlist,131,s013766
1374,2025-09-23 05:09:17,wishlist,395,s013767
1606,2024-04-02 16:33:10,view,41,s013768
1659,2024-01-26 18:29:25,view,20,s013769
1661,2024-03-01 20:12:30,view,237,s013770
2121,2024-12-30 21:08:30,view,141,s013771
2043,2025-01-31 22:39:45,add_to_cart,8,s013772
2311,2025-03-11 19:12:41,view,2,s013773
1369,2024-01-17 16:41:43,view,152,s013774
276,2024-06-07 18:26:15,view,349,s013775
2396,2024-09-02 16:04:56,view,168,s013776
1495,2025-12-01 03:20:53,view,341,s013777
1976,2025-02-03 02:42:53,purchase,17,s013778
1432,2025-05-22 20:44:02,remove_from_cart,144,s013779
212,2024-01-18 08:12:09,view,354,s013780
1469,2025-12-11 22:19:15,view,204,s013781
1650,2024-11-27 21:38:48,wishlist,251,s013782
321,2025-02-21 21:17:33,wishlist,152,s013783
636,2024-03-23 20:08:28,view,141,s013784
1496,2024-04-14 12:28:44,remove_from_cart,336,s013785
2389,2024-06-07 21:44:30,wishlist,124,s013786
214,2025-04-16 13:11:39,add_to_cart,205,s013787
1819,2025-06-01 13:46:36,add_to_cart,293,s013788
803,2025-05-28 09:22:36,remove_from_cart,112,s013789
1333,2024-06-27 17:21:40,purchase,168,s013790
289,2025-10-17 19:45:49,wishlist,152,s013791
2181,2024-06-20 01:27:55,view,20,s013792
1508,2025-05-29 17:07:41,add_to_cart,240,s013793
863,2025-03-01 06:34:15,view,257,s013794
2140,2024-01-10 16:24:24,view,273,s013795
2147,2025-08-04 10:13:29,purchase,288,s013796
1361,2025-01-29 10:14:48,add_to_cart,376,s013797
1092,2025-11-14 07:23:54,view,190,s013798
1792,2025-10-15 23:09:09,wishlist,211,s013799
1085,2025-07-13 15:44:11,view,35,s013800
2223,2025-02-26 19:10:01,add_to_cart,35,s013801
2037,2024-08-06 10:10:08,view,262,s013802
719,2025-07-02 20:14:19,add_to_cart,183,s013803
1957,2025-01-23 19:13:10,view,209,s013804
1554,2024-07-17 04:19:57,view,400,s013805
2214,2025-02-15 13:50:21,view,256,s013806
36,2025-06-09 07:01:20,view,166,s013807
1269,2025-08-18 13:54:23,view,352,s013808
225,2025-03-06 21:37:56,add_to_cart,74,s013809
690,2024-11-02 19:10:51,wishlist,316,s013810
693,2025-03-31 07:18:21,add_to_cart,20,s013811
89,2025-05-07 23:34:40,add_to_cart,71,s013812
1978,2024-09-13 10:13:26,wishlist,189,s013813
1545,2024-04-19 07:39:56,wishlist,314,s013814
1669,2025-03-09 21:05:15,wishlist,305,s013815
2395,2025-01-22 13:57:26,purchase,295,s013816
1828,2024-01-11 22:10:51,view,353,s013817
128,2024-02-17 22:11:13,view,38,s013818
966,2024-02-04 22:40:10,view,313,s013819
677,2024-08-24 22:56:40,view,32,s013820
1439,2024-11-24 02:49:51,add_to_cart,90,s013821
522,2024-06-15 06:44:01,purchase,235,s013822
1383,2025-06-23 18:37:07,view,360,s013823
769,2024-09-22 16:29:19,view,360,s013824
449,2025-09-30 09:20:15,wishlist,169,s013825
250,2024-02-29 18:27:50,view,111,s013826
69,2024-08-15 14:25:24,remove_from_cart,364,s013827
1370,2024-11-13 06:00:08,view,180,s013828
2260,2024-03-07 22:03:17,wishlist,345,s013829
2440,2024-06-07 19:32:39,view,366,s013830
2215,2025-04-19 12:00:10,wishlist,105,s013831
1178,2024-02-19 20:47:16,add_to_cart,392,s013832
1125,2025-02-23 06:45:31,add_to_cart,45,s013833
1618,2025-01-29 10:12:44,view,182,s013834
1319,2024-04-09 19:18:51,view,137,s013835
1257,2024-06-06 08:11:35,purchase,15,s013836
708,2024-01-15 08:10:26,view,369,s013837
543,2024-07-19 19:26:58,wishlist,127,s013838
2437,2024-12-07 06:42:31,view,352,s013839
2379,2024-10-11 08:20:11,remove_from_cart,127,s013840
944,2025-03-14 22:25:11,wishlist,339,s013841
1913,2025-04-02 21:17:28,purchase,250,s013842
2421,2025-08-29 23:00:26,view,385,s013843
40,2024-07-30 21:35:10,purchase,196,s013844
1355,2024-08-03 13:57:50,wishlist,110,s013845
1844,2025-07-06 12:56:00,view,250,s013846
2325,2024-12-22 21:49:34,wishlist,370,s013847
812,2025-10-11 08:06:45,view,102,s013848
2087,2024-08-18 06:37:17,view,315,s013849
2159,2025-09-17 19:32:25,purchase,254,s013850
1403,2024-01-07 18:06:30,view,185,s013851
261,2024-07-20 06:40:03,wishlist,328,s013852
1481,2024-05-11 16:10:18,view,21,s013853
1207,2025-06-15 20:44:01,view,271,s013854
623,2025-10-05 09:18:03,view,355,s013855
844,2024-05-04 11:32:18,view,202,s013856
1739,2024-08-03 20:54:05,remove_from_cart,158,s013857
601,2024-01-04 13:34:33,view,197,s013858
133,2024-01-23 21:29:50,view,210,s013859
2013,2024-02-27 19:14:03,view,2,s013860
1756,2025-05-21 13:57:40,view,80,s013861
2134,2024-08-07 10:05:41,view,180,s013862
96,2025-05-29 08:01:35,view,371,s013863
835,2024-09-01 09:20:28,add_to_cart,270,s013864
717,2025-11-03 05:40:46,view,192,s013865
663,2024-10-11 19:58:18,view,189,s013866
69,2024-03-18 09:40:00,view,74,s013867
352,2025-01-16 16:31:57,purchase,122,s013868
2125,2024-08-13 21:59:01,purchase,37,s013869
229,2024-07-20 10:59:54,view,59,s013870
1725,2025-11-14 16:57:56,purchase,114,s013871
1968,2025-10-24 21:57:07,add_to_cart,135,s013872
1918,2024-10-01 10:33:08,wishlist,322,s013873
368,2025-08-18 09:50:54,purchase,129,s013874
2059,2025-02-06 08:01:17,wishlist,134,s013875
1836,2024-09-27 05:20:00,add_to_cart,86,s013876
314,2024-04-25 07:14:27,wishlist,326,s013877
424,2024-04-27 21:27:17,purchase,193,s013878
1331,2024-11-18 12:46:58,add_to_cart,59,s013879
749,2024-06-19 10:50:10,purchase,39,s013880
163,2025-06-28 18:29:59,view,359,s013881
2110,2024-06-07 09:14:46,purchase,43,s013882
2485,2024-04-13 10:23:04,purchase,152,s013883
2076,2025-07-21 10:32:17,purchase,135,s013884
1921,2025-04-27 19:38:07,view,161,s013885
320,2024-07-26 17:33:33,add_to_cart,163,s013886
1122,2024-05-09 09:56:56,add_to_cart,209,s013887
711,2024-06-07 09:40:19,view,106,s013888
619,2024-02-28 21:15:30,view,41,s013889
1345,2025-04-01 09:04:31,purchase,5,s013890
2266,2025-10-20 09:13:13,purchase,85,s013891
1124,2024-04-09 22:50:05,view,183,s013892
167,2024-10-03 16:54:13,view,276,s013893
605,2024-02-02 18:32:19,view,295,s013894
86,2024-01-15 08:05:54,purchase,308,s013895
804,2025-08-14 22:28:20,view,354,s013896
374,2025-03-08 20:15:51,view,204,s013897
981,2024-10-07 08:55:25,add_to_cart,295,s013898
1364,2025-10-08 08:15:43,view,338,s013899
2230,2025-05-07 21:48:15,view,398,s013900
544,2025-03-04 08:30:05,purchase,261,s013901
1772,2024-11-12 09:03:59,view,277,s013902
2387,2024-03-11 15:48:18,remove_from_cart,240,s013903
1276,2024-07-29 20:44:46,view,334,s013904
1510,2024-04-22 21:00:23,remove_from_cart,205,s013905
1718,2024-04-09 20:25:55,add_to_cart,131,s013906
676,2024-04-03 23:02:03,purchase,259,s013907
597,2024-08-03 23:57:23,view,215,s013908
394,2024-10-17 19:27:19,wishlist,127,s013909
1847,2025-01-21 15:18:09,view,288,s013910
691,2025-07-03 11:14:16,add_to_cart,138,s013911
1731,2025-10-08 18:35:05,wishlist,400,s013912
434,2024-09-13 05:07:40,view,285,s013913
1881,2024-06-20 11:57:12,view,305,s013914
1067,2024-05-05 18:47:20,view,167,s013915
888,2024-10-16 06:39:46,view,360,s013916
2443,2025-03-07 18:50:15,add_to_cart,389,s013917
557,2024-12-05 11:51:04,purchase,182,s013918
168,2025-12-08 12:30:05,view,229,s013919
963,2024-01-04 12:32:23,view,65,s013920
1366,2024-06-07 21:42:09,view,44,s013921
210,2024-03-31 20:07:43,view,142,s013922
239,2024-09-10 15:44:34,wishlist,139,s013923
2155,2024-01-24 05:57:20,add_to_cart,173,s013924
2375,2024-06-02 20:52:19,view,362,s013925
298,2025-08-22 17:55:34,add_to_cart,11,s013926
505,2025-02-22 18:26:45,add_to_cart,235,s013927
2008,2024-12-23 09:13:04,wishlist,171,s013928
1654,2024-08-03 09:50:03,view,128,s013929
1575,2025-07-11 18:15:32,wishlist,189,s013930
153,2025-08-09 03:16:14,view,36,s013931
130,2024-01-06 20:39:54,purchase,211,s013932
260,2024-04-17 09:34:43,remove_from_cart,286,s013933
299,2024-10-25 02:18:47,view,340,s013934
2404,2025-04-24 19:37:26,view,37,s013935
789,2024-02-04 12:01:41,view,217,s013936
1601,2025-02-15 18:20:34,view,113,s013937
1051,2025-04-04 11:24:07,purchase,11,s013938
407,2024-05-31 21:15:11,wishlist,97,s013939
214,2025-03-17 23:36:11,add_to_cart,28,s013940
347,2024-12-15 17:41:59,wishlist,134,s013941
1804,2024-12-13 22:37:27,add_to_cart,181,s013942
340,2025-03-07 22:58:23,remove_from_cart,370,s013943
248,2024-01-02 16:00:12,wishlist,93,s013944
2041,2025-04-06 13:09:45,remove_from_cart,112,s013945
1449,2024-05-11 13:27:02,view,309,s013946
408,2025-02-19 22:47:40,remove_from_cart,134,s013947
1173,2024-08-31 18:42:33,view,20,s013948
2318,2024-03-12 08:22:27,add_to_cart,89,s013949
991,2024-04-14 04:51:29,view,345,s013950
611,2025-08-23 09:31:31,view,164,s013951
1361,2024-09-25 18:15:24,view,277,s013952
1292,2025-05-27 22:17:17,view,106,s013953
1738,2024-07-19 07:05:21,wishlist,326,s013954
1014,2024-12-17 05:07:32,add_to_cart,286,s013955
2003,2025-01-02 18:45:03,view,40,s013956
784,2024-09-20 06:22:13,view,302,s013957
158,2025-11-23 10:10:29,purchase,127,s013958
712,2024-08-08 02:40:25,purchase,286,s013959
2173,2025-06-03 15:22:36,view,371,s013960
960,2025-02-17 08:21:00,add_to_cart,316,s013961
1012,2025-03-19 21:41:08,wishlist,284,s013962
1563,2025-10-03 20:32:56,purchase,11,s013963
47,2024-06-11 23:20:50,view,116,s013964
1533,2024-07-22 13:30:30,purchase,237,s013965
1443,2025-07-10 13:10:52,view,14,s013966
1062,2025-06-03 18:18:22,add_to_cart,120,s013967
68,2025-11-28 23:22:48,wishlist,390,s013968
2138,2024-04-07 21:56:21,view,182,s013969
2312,2024-06-16 15:35:06,wishlist,137,s013970
1053,2025-11-18 10:37:37,view,233,s013971
1559,2025-04-09 15:51:58,view,286,s013972
670,2024-11-30 22:03:49,view,219,s013973
1073,2025-10-16 20:51:44,view,314,s013974
895,2025-01-16 08:57:30,view,303,s013975
2394,2024-02-23 21:45:45,view,355,s013976
1228,2024-08-24 19:55:06,view,354,s013977
443,2024-07-25 17:31:27,wishlist,53,s013978
860,2025-06-08 09:39:22,purchase,23,s013979
1416,2025-08-21 07:57:08,add_to_cart,284,s013980
1857,2024-11-12 08:17:21,view,109,s013981
1193,2025-07-12 19:39:17,wishlist,315,s013982
261,2024-03-25 17:06:23,wishlist,373,s013983
1006,2024-07-30 03:53:40,add_to_cart,305,s013984
344,2025-06-24 19:28:55,view,54,s013985
188,2024-05-19 18:29:17,wishlist,225,s013986
661,2025-03-14 20:08:05,purchase,304,s013987
1942,2025-10-13 04:44:39,wishlist,162,s013988
173,2025-10-18 16:56:55,view,64,s013989
282,2025-04-23 20:47:58,purchase,76,s013990
895,2025-11-26 09:08:26,view,361,s013991
2022,2024-11-01 04:52:12,wishlist,113,s013992
1197,2024-10-27 23:12:31,view,142,s013993
1408,2024-11-01 20:18:42,view,368,s013994
71,2024-02-11 11:54:19,view,203,s013995
2424,2024-05-06 13:04:07,view,366,s013996
1250,2024-12-02 22:38:23,view,320,s013997
1614,2025-10-01 03:10:08,view,2,s013998
1408,2024-10-25 09:26:01,wishlist,197,s013999
608,2024-03-30 01:44:26,add_to_cart,282,s014000
1175,2025-07-13 18:24:42,view,343,s014001
2170,2024-04-24 20:50:34,wishlist,78,s014002
995,2024-03-02 16:53:25,view,152,s014003
2173,2025-05-15 09:19:57,view,28,s014004
395,2024-08-17 11:08:25,wishlist,126,s014005
177,2025-01-25 11:13:44,add_to_cart,272,s014006
1119,2024-10-17 17:09:30,add_to_cart,378,s014007
1724,2024-02-22 10:21:15,add_to_cart,283,s014008
254,2025-05-30 02:35:53,view,398,s014009
476,2024-02-12 17:08:50,view,205,s014010
2009,2024-04-04 10:25:46,view,371,s014011
27,2024-02-19 20:44:53,add_to_cart,35,s014012
621,2024-03-22 20:51:26,view,301,s014013
1370,2024-12-07 18:39:24,view,239,s014014
118,2025-01-25 09:23:28,add_to_cart,205,s014015
37,2025-10-24 17:18:47,wishlist,118,s014016
2342,2024-01-18 22:58:59,view,61,s014017
1520,2025-03-25 16:29:50,view,141,s014018
573,2024-12-07 11:07:44,add_to_cart,232,s014019
1589,2024-11-01 22:54:40,purchase,360,s014020
452,2024-08-27 21:29:37,purchase,353,s014021
1294,2024-04-06 22:08:12,view,127,s014022
562,2024-05-21 22:07:56,view,74,s014023
1431,2024-12-13 17:41:56,view,60,s014024
2223,2025-01-19 22:37:20,wishlist,54,s014025
98,2025-02-22 20:05:41,purchase,169,s014026
2052,2024-02-21 21:53:47,add_to_cart,147,s014027
2063,2024-04-08 21:20:20,view,251,s014028
1211,2025-08-07 09:07:14,add_to_cart,252,s014029
371,2025-01-04 11:59:24,view,34,s014030
1572,2024-07-22 01:11:42,add_to_cart,173,s014031
374,2025-01-01 04:28:14,add_to_cart,290,s014032
1553,2024-10-22 09:26:38,purchase,198,s014033
531,2025-10-12 15:09:10,view,385,s014034
2297,2024-02-29 08:44:50,view,326,s014035
2121,2024-07-23 10:23:14,wishlist,308,s014036
997,2024-04-18 09:58:32,wishlist,347,s014037
1409,2024-08-10 09:23:14,add_to_cart,210,s014038
1096,2024-01-16 18:24:16,view,388,s014039
262,2024-01-21 20:12:39,purchase,395,s014040
808,2025-06-16 23:43:29,add_to_cart,224,s014041
1511,2024-11-19 09:04:29,view,239,s014042
142,2024-08-28 12:26:18,view,399,s014043
1006,2025-10-10 18:02:40,view,167,s014044
773,2025-02-10 21:19:48,wishlist,295,s014045
1807,2025-01-19 19:20:12,wishlist,208,s014046
1743,2025-10-10 08:01:26,view,376,s014047
340,2024-04-16 22:36:48,view,189,s014048
483,2024-06-22 18:29:15,purchase,13,s014049
1905,2025-05-12 18:50:18,purchase,296,s014050
2137,2024-05-27 21:20:43,add_to_cart,356,s014051
974,2024-07-04 08:53:35,view,205,s014052
621,2024-09-03 13:59:10,view,178,s014053
1282,2025-04-15 22:09:34,purchase,60,s014054
2410,2024-12-24 19:15:51,view,160,s014055
2328,2024-09-28 15:44:07,view,194,s014056
1965,2025-03-13 22:55:09,wishlist,335,s014057
627,2024-03-31 08:24:47,view,390,s014058
2007,2024-12-07 14:39:37,remove_from_cart,386,s014059
216,2025-11-19 18:31:17,wishlist,86,s014060
1303,2025-05-24 10:57:36,view,148,s014061
506,2024-03-14 21:27:13,remove_from_cart,357,s014062
543,2025-04-15 17:37:53,wishlist,313,s014063
254,2024-05-24 11:49:57,view,334,s014064
1563,2025-05-02 20:20:44,add_to_cart,40,s014065
1648,2024-10-21 22:15:01,view,201,s014066
939,2025-02-11 13:23:33,view,265,s014067
192,2025-09-22 16:22:08,add_to_cart,216,s014068
642,2024-08-31 22:49:11,add_to_cart,348,s014069
496,2024-05-30 16:53:12,wishlist,168,s014070
421,2025-01-08 09:19:50,view,19,s014071
2284,2024-01-30 22:06:17,add_to_cart,181,s014072
148,2024-03-11 20:38:02,purchase,248,s014073
1076,2024-07-15 13:28:58,view,145,s014074
726,2025-09-13 18:33:29,add_to_cart,155,s014075
413,2025-08-04 07:56:12,add_to_cart,255,s014076
2459,2025-07-27 23:42:24,add_to_cart,255,s014077
1250,2024-04-26 18:59:07,view,382,s014078
88,2024-11-01 18:56:46,add_to_cart,158,s014079
2387,2024-07-28 12:42:34,add_to_cart,300,s014080
1476,2024-11-03 21:49:56,purchase,71,s014081
1908,2025-09-10 08:25:53,view,335,s014082
2255,2025-09-18 09:46:08,add_to_cart,28,s014083
6,2025-09-14 09:58:11,view,110,s014084
870,2024-09-20 19:47:12,wishlist,343,s014085
2407,2025-07-29 07:49:53,view,303,s014086
701,2024-12-14 06:28:43,view,181,s014087
1011,2025-12-10 10:24:59,add_to_cart,307,s014088
1851,2024-08-13 07:10:48,wishlist,105,s014089
2382,2024-09-03 18:47:31,view,76,s014090
1302,2025-11-18 08:48:23,wishlist,190,s014091
2369,2025-10-11 09:22:20,view,232,s014092
2273,2024-12-15 20:28:39,view,201,s014093
1177,2025-08-18 08:50:14,purchase,34,s014094
2361,2025-04-25 19:33:01,view,100,s014095
658,2024-08-12 19:50:36,wishlist,5,s014096
817,2025-06-20 04:22:15,add_to_cart,77,s014097
352,2025-03-14 09:57:09,wishlist,155,s014098
2390,2025-11-28 17:09:45,remove_from_cart,41,s014099
566,2024-07-04 17:03:30,wishlist,16,s014100
2080,2024-11-11 14:26:55,purchase,107,s014101
1682,2024-07-28 23:25:37,wishlist,71,s014102
765,2024-10-31 16:28:17,view,66,s014103
750,2024-04-27 21:51:26,view,334,s014104
603,2025-08-04 08:11:16,view,211,s014105
2012,2025-02-16 12:32:51,remove_from_cart,355,s014106
1141,2025-05-20 15:15:35,view,177,s014107
1795,2025-08-15 11:08:27,view,28,s014108
1857,2024-01-16 18:21:18,purchase,121,s014109
561,2024-10-17 20:08:15,wishlist,225,s014110
794,2024-04-08 17:26:34,purchase,216,s014111
291,2024-01-05 20:41:56,wishlist,150,s014112
419,2024-10-22 09:22:42,view,68,s014113
2306,2024-04-02 21:11:30,purchase,205,s014114
1494,2025-02-09 19:20:13,remove_from_cart,35,s014115
1215,2024-08-21 21:09:08,purchase,336,s014116
314,2025-01-16 23:36:50,remove_from_cart,356,s014117
1622,2024-08-26 21:47:45,wishlist,331,s014118
1124,2024-03-19 09:07:48,view,128,s014119
261,2025-08-07 12:39:44,add_to_cart,210,s014120
967,2024-02-08 21:32:59,wishlist,347,s014121
1063,2024-10-28 21:06:31,remove_from_cart,355,s014122
953,2024-03-31 10:08:59,wishlist,157,s014123
755,2024-11-15 06:37:10,remove_from_cart,299,s014124
807,2024-10-25 19:44:50,purchase,240,s014125
2487,2024-12-17 03:15:04,remove_from_cart,62,s014126
520,2025-03-02 17:58:46,add_to_cart,81,s014127
1233,2024-06-14 22:28:53,purchase,219,s014128
496,2024-08-16 09:28:29,view,167,s014129
2178,2024-01-16 06:47:17,view,102,s014130
1998,2024-11-10 10:34:55,view,366,s014131
609,2025-07-09 14:49:58,wishlist,365,s014132
335,2024-07-02 19:59:45,add_to_cart,324,s014133
160,2025-09-18 09:54:56,add_to_cart,205,s014134
1499,2025-09-10 14:55:04,add_to_cart,334,s014135
216,2024-02-22 11:20:13,purchase,151,s014136
731,2025-02-14 11:54:03,view,260,s014137
1744,2024-08-03 08:35:20,add_to_cart,303,s014138
325,2025-09-12 17:38:59,add_to_cart,211,s014139
2124,2025-04-13 14:22:53,view,173,s014140
2446,2025-10-05 08:04:14,view,75,s014141
1246,2024-05-12 10:10:25,view,270,s014142
2285,2025-07-16 07:06:54,view,40,s014143
2056,2024-07-27 10:24:59,view,116,s014144
295,2024-12-18 23:52:39,add_to_cart,67,s014145
301,2025-01-27 17:52:25,view,338,s014146
2128,2025-09-03 05:51:12,view,39,s014147
2331,2025-10-29 04:02:54,add_to_cart,116,s014148
1948,2025-05-14 09:07:53,view,171,s014149
2100,2025-06-05 05:36:59,purchase,69,s014150
461,2024-01-05 18:24:44,view,145,s014151
2142,2025-10-12 15:23:36,wishlist,45,s014152
896,2025-11-25 22:46:59,wishlist,267,s014153
1739,2025-05-31 21:07:52,view,90,s014154
434,2024-11-27 19:10:22,view,46,s014155
1346,2025-09-18 19:32:31,add_to_cart,192,s014156
918,2024-09-23 08:51:00,view,184,s014157
1539,2025-09-08 13:09:07,purchase,188,s014158
1930,2024-07-26 09:15:07,add_to_cart,108,s014159
1534,2025-04-12 05:30:35,view,84,s014160
101,2024-11-23 07:54:50,wishlist,58,s014161
2008,2024-05-25 23:23:54,view,388,s014162
69,2025-04-08 21:43:50,wishlist,387,s014163
1655,2025-01-13 10:38:23,view,106,s014164
1904,2024-03-07 12:15:33,remove_from_cart,75,s014165
832,2024-11-19 19:19:17,wishlist,221,s014166
2294,2025-04-30 18:44:12,add_to_cart,179,s014167
1014,2025-11-07 23:54:19,purchase,395,s014168
618,2025-12-04 13:23:26,view,353,s014169
1259,2024-04-12 20:02:44,view,367,s014170
2050,2024-06-22 18:56:43,view,65,s014171
2460,2024-11-13 19:40:32,wishlist,47,s014172
202,2025-06-06 12:28:42,remove_from_cart,242,s014173
766,2024-04-21 09:57:01,purchase,143,s014174
1995,2024-02-10 21:36:39,wishlist,351,s014175
418,2025-02-09 09:10:52,view,81,s014176
313,2025-05-17 13:41:18,view,301,s014177
578,2024-08-14 08:30:53,add_to_cart,201,s014178
1119,2025-05-27 21:00:48,wishlist,285,s014179
2474,2024-10-08 20:59:06,add_to_cart,60,s014180
360,2024-10-12 22:27:33,wishlist,8,s014181
1711,2025-06-05 20:33:37,view,235,s014182
818,2024-01-09 08:41:02,wishlist,200,s014183
15,2024-05-20 16:52:52,add_to_cart,113,s014184
1684,2025-03-25 19:09:08,add_to_cart,277,s014185
2055,2025-04-24 20:52:37,purchase,348,s014186
2285,2025-08-28 13:18:49,view,178,s014187
2341,2025-07-13 13:16:22,view,346,s014188
764,2025-07-30 18:09:49,wishlist,370,s014189
2484,2024-10-31 17:22:50,view,255,s014190
2104,2024-01-04 18:58:54,view,4,s014191
2289,2024-02-18 01:42:13,view,392,s014192
439,2024-04-08 05:25:54,wishlist,161,s014193
219,2025-07-20 19:09:19,view,53,s014194
2414,2024-04-18 21:13:31,view,234,s014195
635,2025-08-09 19:00:48,wishlist,299,s014196
722,2025-08-23 03:53:51,view,379,s014197
938,2025-09-28 08:32:19,purchase,86,s014198
1326,2025-05-29 19:24:46,view,156,s014199
384,2025-01-04 08:05:59,view,356,s014200
868,2024-12-25 11:39:33,view,347,s014201
1039,2024-07-10 15:59:44,purchase,170,s014202
316,2024-10-03 17:29:42,view,72,s014203
48,2024-06-29 02:02:59,view,241,s014204
327,2025-11-19 10:51:08,add_to_cart,308,s014205
1976,2025-01-22 19:17:10,view,14,s014206
120,2024-05-26 11:32:16,view,280,s014207
1651,2025-06-21 20:00:58,purchase,28,s014208
256,2024-10-28 20:06:19,add_to_cart,381,s014209
758,2024-11-18 21:48:42,purchase,341,s014210
1208,2025-02-15 08:45:58,wishlist,42,s014211
333,2024-01-17 21:23:31,purchase,184,s014212
892,2025-07-18 20:28:24,view,214,s014213
1722,2024-04-28 23:02:58,view,211,s014214
1253,2025-11-28 17:42:14,view,199,s014215
1236,2025-01-20 09:17:27,purchase,199,s014216
1163,2024-10-16 06:30:10,view,41,s014217
152,2025-05-31 10:52:04,remove_from_cart,242,s014218
996,2025-03-31 18:40:09,view,3,s014219
1878,2025-05-12 06:48:42,view,377,s014220
375,2024-09-29 14:31:40,add_to_cart,317,s014221
379,2025-08-31 07:35:34,remove_from_cart,3,s014222
1257,2025-04-02 11:33:37,wishlist,265,s014223
2189,2024-06-29 13:07:47,view,332,s014224
2014,2025-10-16 09:47:03,view,359,s014225
563,2025-09-27 08:27:58,view,20,s014226
1399,2025-09-17 07:24:24,wishlist,378,s014227
615,2025-03-03 09:58:46,view,42,s014228
2221,2024-01-18 07:15:43,view,65,s014229
1486,2025-12-04 07:50:41,add_to_cart,72,s014230
656,2025-10-16 18:47:04,purchase,165,s014231
1036,2024-07-18 10:16:51,view,45,s014232
2164,2025-05-25 18:32:49,view,373,s014233
1436,2024-02-07 08:52:13,remove_from_cart,116,s014234
364,2025-09-11 20:19:03,purchase,139,s014235
360,2024-04-13 23:59:57,view,89,s014236
449,2025-03-19 06:28:50,add_to_cart,311,s014237
1456,2025-06-29 07:02:45,view,19,s014238
2067,2024-03-07 12:48:53,add_to_cart,269,s014239
1220,2025-02-06 12:20:49,view,370,s014240
2361,2024-06-02 14:11:36,view,169,s014241
317,2024-02-05 18:58:27,view,268,s014242
1631,2025-04-11 16:10:23,view,279,s014243
714,2025-09-27 19:03:35,remove_from_cart,322,s014244
2176,2024-01-01 14:44:42,wishlist,377,s014245
1927,2024-03-18 20:28:29,wishlist,341,s014246
1972,2024-08-24 16:29:58,wishlist,151,s014247
542,2024-10-06 04:37:07,view,5,s014248
246,2024-12-05 20:51:53,wishlist,31,s014249
610,2025-07-15 16:17:29,view,274,s014250
851,2025-01-13 08:56:39,view,190,s014251
2089,2025-05-08 11:08:40,wishlist,309,s014252
1070,2025-05-20 13:17:25,view,320,s014253
463,2024-02-12 13:13:50,view,276,s014254
1688,2025-09-18 08:23:48,view,381,s014255
303,2024-06-03 17:25:24,view,118,s014256
641,2025-01-09 07:02:41,purchase,142,s014257
638,2024-12-29 20:49:09,view,399,s014258
754,2025-04-01 20:33:30,add_to_cart,346,s014259
1644,2025-06-03 09:46:11,remove_from_cart,359,s014260
1174,2024-01-26 17:26:52,view,151,s014261
1723,2024-07-01 08:24:45,view,257,s014262
619,2024-02-18 09:34:23,add_to_cart,255,s014263
644,2024-07-20 21:33:19,view,129,s014264
2063,2024-07-13 22:34:36,wishlist,11,s014265
1969,2024-02-15 09:09:57,view,81,s014266
1117,2024-10-16 17:17:04,view,316,s014267
1696,2025-09-30 09:50:31,view,351,s014268
2215,2024-08-30 20:53:12,view,180,s014269
1823,2025-05-05 04:53:35,view,1,s014270
66,2025-08-18 09:37:23,view,138,s014271
507,2024-05-16 16:30:51,view,182,s014272
2382,2025-03-28 13:44:40,view,330,s014273
1002,2024-03-14 19:43:46,view,223,s014274
321,2025-01-02 11:01:44,remove_from_cart,357,s014275
1758,2024-06-04 17:10:28,view,130,s014276
537,2024-08-09 18:34:58,purchase,9,s014277
722,2024-08-16 11:22:52,view,12,s014278
2366,2024-12-27 05:06:36,view,11,s014279
859,2024-05-20 11:24:31,view,130,s014280
2074,2025-03-21 17:44:16,wishlist,240,s014281
183,2024-01-09 08:01:53,add_to_cart,149,s014282
1023,2025-10-20 20:56:34,add_to_cart,220,s014283
418,2025-01-03 14:44:13,view,146,s014284
2198,2024-08-14 21:10:40,view,327,s014285
999,2024-07-20 14:56:02,purchase,3,s014286
1306,2024-03-19 19:16:12,purchase,204,s014287
950,2025-08-23 22:08:54,view,73,s014288
662,2024-11-17 20:47:10,add_to_cart,36,s014289
64,2024-07-06 20:13:53,add_to_cart,158,s014290
331,2024-03-06 12:34:45,view,114,s014291
1917,2025-10-23 18:40:41,wishlist,370,s014292
153,2024-01-27 21:08:55,add_to_cart,176,s014293
230,2025-09-26 13:37:16,remove_from_cart,126,s014294
1762,2025-07-18 22:28:13,wishlist,87,s014295
987,2025-04-14 08:45:36,add_to_cart,224,s014296
2138,2024-10-16 19:00:47,view,86,s014297
401,2025-03-08 19:03:36,view,27,s014298
1495,2025-05-10 16:09:01,view,278,s014299
708,2025-04-06 02:08:31,view,150,s014300
2196,2024-05-25 07:56:19,view,218,s014301
2255,2025-05-16 18:42:30,view,328,s014302
1371,2024-11-07 20:37:16,view,189,s014303
1724,2024-03-17 07:20:31,view,242,s014304
599,2025-01-03 05:43:33,view,370,s014305
167,2024-10-04 20:40:36,remove_from_cart,81,s014306
2084,2025-12-01 08:16:59,view,182,s014307
2344,2025-01-04 21:07:23,view,2,s014308
637,2024-10-28 10:15:04,add_to_cart,270,s014309
2302,2024-03-01 21:53:48,purchase,324,s014310
2221,2025-02-11 09:53:30,view,328,s014311
559,2025-08-13 20:18:09,view,53,s014312
614,2024-10-02 11:01:08,view,374,s014313
1326,2024-09-11 23:55:01,view,212,s014314
2098,2025-06-09 15:49:31,purchase,387,s014315
2438,2025-01-07 12:21:43,view,34,s014316
342,2025-04-19 20:51:14,remove_from_cart,221,s014317
1103,2024-04-24 17:44:53,purchase,370,s014318
1462,2024-02-16 21:18:18,view,215,s014319
1861,2025-09-13 09:22:14,wishlist,243,s014320
96,2025-05-28 19:50:47,wishlist,97,s014321
2254,2025-09-09 09:39:16,view,265,s014322
576,2024-08-25 19:25:40,wishlist,194,s014323
518,2025-11-30 17:49:16,view,283,s014324
546,2024-05-28 21:09:45,add_to_cart,30,s014325
1040,2024-05-15 10:06:27,view,99,s014326
514,2024-09-11 17:09:28,view,268,s014327
2334,2025-01-19 08:53:16,wishlist,201,s014328
47,2025-02-23 10:58:32,add_to_cart,20,s014329
2442,2024-10-28 13:38:35,view,300,s014330
1951,2024-11-09 10:00:07,remove_from_cart,17,s014331
141,2024-04-17 12:44:57,view,341,s014332
374,2024-09-20 06:23:51,wishlist,197,s014333
1546,2024-09-17 20:30:13,view,356,s014334
587,2024-06-19 22:27:16,view,67,s014335
121,2024-06-25 20:32:20,view,235,s014336
2401,2025-04-13 10:32:13,view,245,s014337
29,2025-07-04 17:55:32,view,23,s014338
119,2024-12-29 13:38:25,add_to_cart,162,s014339
583,2024-07-20 13:09:43,remove_from_cart,368,s014340
397,2024-10-03 10:20:22,view,163,s014341
1837,2025-04-15 09:01:41,view,202,s014342
281,2024-03-08 04:09:42,view,224,s014343
1526,2025-10-08 19:55:19,purchase,368,s014344
470,2025-05-15 00:01:06,add_to_cart,43,s014345
428,2024-08-27 20:41:40,purchase,280,s014346
453,2024-01-31 14:09:15,wishlist,28,s014347
2163,2025-05-01 19:59:19,view,161,s014348
1798,2025-01-20 08:06:06,wishlist,334,s014349
2412,2024-07-10 09:35:33,add_to_cart,348,s014350
199,2024-10-30 07:31:54,view,328,s014351
2473,2025-01-26 08:15:41,view,289,s014352
163,2025-03-07 21:09:21,view,383,s014353
1545,2024-05-28 09:32:22,view,133,s014354
2016,2025-08-04 22:51:01,wishlist,288,s014355
2453,2025-07-08 20:44:31,view,118,s014356
1245,2024-01-05 13:56:34,view,74,s014357
1535,2025-07-17 08:50:06,remove_from_cart,24,s014358
1700,2024-08-31 22:43:05,view,373,s014359
2374,2024-04-22 13:54:21,view,197,s014360
1076,2025-08-12 11:06:39,view,129,s014361
344,2024-05-07 11:45:50,purchase,255,s014362
338,2025-06-22 19:33:36,view,141,s014363
65,2024-11-03 18:10:35,add_to_cart,351,s014364
1636,2025-02-03 09:17:46,wishlist,269,s014365
295,2025-04-07 08:52:32,add_to_cart,316,s014366
86,2024-07-01 21:57:20,add_to_cart,20,s014367
1512,2024-02-19 07:26:14,wishlist,298,s014368
1165,2024-09-21 19:48:01,view,285,s014369
529,2025-06-11 09:18:19,view,245,s014370
600,2024-02-13 23:42:42,wishlist,253,s014371
40,2024-08-16 17:40:20,purchase,104,s014372
1236,2025-09-16 07:32:36,purchase,113,s014373
2243,2024-09-21 07:04:27,view,251,s014374
811,2024-08-02 21:02:13,view,155,s014375
1876,2024-03-17 13:00:10,wishlist,49,s014376
412,2024-06-19 19:01:22,view,92,s014377
1768,2025-07-27 09:40:32,wishlist,152,s014378
2419,2024-11-29 10:29:52,add_to_cart,319,s014379
831,2024-05-15 21:08:47,wishlist,40,s014380
1234,2025-10-15 07:34:24,view,322,s014381
871,2025-01-17 20:03:52,purchase,393,s014382
1193,2025-02-06 20:14:12,view,350,s014383
1267,2024-12-02 00:55:23,purchase,398,s014384
1231,2025-09-24 14:40:40,view,260,s014385
581,2025-08-24 16:08:45,view,351,s014386
1359,2025-04-01 21:29:23,add_to_cart,393,s014387
1242,2025-06-30 18:22:27,add_to_cart,50,s014388
497,2024-06-08 19:01:28,wishlist,99,s014389
1883,2025-09-09 08:07:40,add_to_cart,146,s014390
2291,2025-08-26 11:00:34,remove_from_cart,114,s014391
578,2025-11-09 11:55:08,view,74,s014392
644,2025-07-20 18:17:26,view,376,s014393
284,2024-11-30 10:53:54,view,142,s014394
1642,2025-10-18 06:31:54,view,255,s014395
758,2025-11-09 21:03:25,view,54,s014396
2498,2024-03-23 18:32:30,view,7,s014397
2440,2025-09-19 10:58:32,wishlist,174,s014398
1088,2024-12-23 23:30:32,wishlist,283,s014399
1609,2024-04-10 21:24:06,view,159,s014400
760,2024-04-01 13:18:20,view,147,s014401
960,2025-06-06 17:16:58,view,310,s014402
2329,2025-04-10 12:51:42,view,63,s014403
1127,2025-10-19 10:33:47,view,158,s014404
37,2024-05-21 11:05:27,wishlist,312,s014405
112,2025-07-11 13:10:32,view,288,s014406
1624,2024-02-13 21:27:02,view,373,s014407
1660,2024-11-12 21:38:33,wishlist,66,s014408
1531,2024-02-29 22:54:19,view,56,s014409
1173,2024-02-22 08:28:52,view,226,s014410
1451,2025-08-13 07:12:06,view,323,s014411
1008,2025-05-26 19:11:06,wishlist,213,s014412
464,2024-07-17 06:51:00,add_to_cart,315,s014413
1259,2024-05-18 16:24:12,remove_from_cart,48,s014414
2187,2025-04-27 18:32:09,wishlist,60,s014415
261,2024-12-15 09:58:36,add_to_cart,329,s014416
1741,2025-09-26 08:55:49,view,229,s014417
1549,2025-11-19 18:30:36,remove_from_cart,120,s014418
138,2024-09-06 11:45:28,purchase,181,s014419
2041,2025-04-15 18:41:12,view,23,s014420
1028,2025-08-29 08:29:07,view,224,s014421
1319,2025-05-08 13:45:58,add_to_cart,206,s014422
1620,2024-11-15 11:58:45,view,142,s014423
2038,2024-12-01 02:14:14,add_to_cart,311,s014424
311,2025-06-24 03:42:14,view,367,s014425
1643,2025-08-18 01:40:57,view,171,s014426
101,2025-07-13 19:50:36,view,36,s014427
1610,2025-10-06 09:47:22,view,194,s014428
1450,2025-10-29 09:04:06,add_to_cart,219,s014429
1868,2025-04-28 22:37:49,view,216,s014430
1398,2025-02-19 17:57:30,remove_from_cart,338,s014431
753,2024-12-04 11:37:09,view,360,s014432
368,2024-09-25 20:30:54,view,285,s014433
1796,2025-05-21 17:23:29,wishlist,96,s014434
610,2024-11-06 18:59:09,purchase,168,s014435
2156,2025-07-05 09:14:13,view,106,s014436
1583,2024-10-14 21:50:33,remove_from_cart,391,s014437
973,2024-11-21 19:17:57,purchase,139,s014438
1159,2024-07-30 07:55:29,add_to_cart,166,s014439
2134,2025-03-09 19:39:06,view,325,s014440
293,2025-05-31 13:16:05,view,119,s014441
1656,2024-09-26 23:15:49,view,339,s014442
1502,2025-09-02 18:07:18,view,132,s014443
2285,2024-05-19 22:19:48,view,36,s014444
1105,2025-07-10 12:48:39,wishlist,179,s014445
2212,2024-01-12 15:34:59,view,136,s014446
136,2025-03-15 21:59:50,view,253,s014447
225,2024-09-18 09:37:01,wishlist,103,s014448
1932,2024-04-25 01:40:21,wishlist,193,s014449
2334,2025-08-11 21:46:14,purchase,93,s014450
1633,2024-07-20 22:52:47,view,349,s014451
1692,2024-04-08 18:13:46,add_to_cart,259,s014452
1506,2025-04-26 11:12:22,purchase,158,s014453
1299,2025-05-02 20:37:46,wishlist,140,s014454
1864,2024-09-17 16:32:18,view,357,s014455
1537,2025-07-11 22:09:43,purchase,311,s014456
2200,2025-03-21 16:09:20,view,254,s014457
2331,2025-11-14 20:29:14,wishlist,66,s014458
383,2024-05-10 12:17:56,view,5,s014459
1844,2025-08-21 10:41:58,view,116,s014460
2336,2025-02-17 21:47:22,view,244,s014461
2277,2025-06-26 00:37:50,add_to_cart,47,s014462
2327,2024-06-23 20:21:24,purchase,252,s014463
2281,2025-03-21 07:17:47,view,366,s014464
427,2024-01-10 10:18:16,remove_from_cart,329,s014465
2325,2024-01-16 16:59:43,view,298,s014466
2218,2025-05-10 08:39:58,view,128,s014467
1120,2024-12-07 13:48:51,view,216,s014468
1854,2024-06-22 20:37:25,purchase,157,s014469
1878,2024-02-05 20:04:57,add_to_cart,15,s014470
236,2024-03-22 07:37:28,view,78,s014471
1776,2024-12-17 20:21:47,view,269,s014472
1939,2025-04-02 19:59:10,view,61,s014473
576,2024-03-22 20:18:10,wishlist,134,s014474
1062,2025-10-10 08:41:44,add_to_cart,61,s014475
909,2024-08-22 20:48:52,view,143,s014476
1121,2025-06-16 18:56:06,add_to_cart,206,s014477
433,2024-03-09 08:52:48,view,110,s014478
1836,2024-02-19 10:02:13,add_to_cart,137,s014479
650,2025-05-21 16:07:34,wishlist,339,s014480
710,2025-10-11 09:55:29,view,10,s014481
1282,2024-10-26 19:56:58,view,136,s014482
1052,2024-01-22 21:31:44,wishlist,97,s014483
597,2024-01-24 17:23:02,view,305,s014484
1131,2024-10-13 15:58:59,remove_from_cart,147,s014485
481,2025-02-04 02:44:01,purchase,222,s014486
2217,2025-05-27 15:12:09,view,106,s014487
1363,2025-04-22 07:06:00,wishlist,312,s014488
135,2025-08-26 18:55:57,add_to_cart,384,s014489
2166,2025-10-11 08:06:53,add_to_cart,225,s014490
620,2025-03-02 20:01:53,purchase,331,s014491
887,2025-09-08 08:02:23,wishlist,41,s014492
472,2025-10-17 20:39:09,add_to_cart,20,s014493
2180,2024-05-25 21:53:26,add_to_cart,233,s014494
542,2024-08-15 10:58:39,add_to_cart,320,s014495
1372,2024-12-28 22:38:34,view,103,s014496
61,2025-05-24 09:42:23,view,257,s014497
288,2024-09-12 10:26:07,view,44,s014498
368,2025-09-30 08:43:39,add_to_cart,368,s014499
1186,2025-03-04 09:45:04,view,150,s014500
405,2024-03-17 18:54:45,add_to_cart,187,s014501
323,2025-02-11 10:58:21,view,271,s014502
159,2024-12-03 18:52:23,purchase,99,s014503
478,2024-03-06 08:43:32,view,300,s014504
1538,2024-06-29 18:57:37,add_to_cart,9,s014505
2452,2024-06-22 00:58:46,view,201,s014506
1437,2025-10-01 15:38:09,purchase,85,s014507
1502,2024-12-26 08:28:29,view,311,s014508
2443,2024-10-22 06:14:23,view,224,s014509
792,2025-03-28 10:48:41,wishlist,27,s014510
562,2025-09-01 11:34:35,remove_from_cart,236,s014511
356,2025-04-29 10:15:41,view,295,s014512
1514,2024-06-20 15:38:53,view,201,s014513
1183,2024-04-21 09:25:14,view,140,s014514
1910,2025-09-17 18:19:17,purchase,65,s014515
1067,2024-03-06 09:41:08,add_to_cart,3,s014516
547,2025-12-11 06:25:41,view,198,s014517
355,2024-12-19 12:46:11,view,33,s014518
100,2024-04-09 09:43:02,purchase,97,s014519
1143,2025-04-14 18:11:33,view,54,s014520
566,2024-10-29 07:01:47,add_to_cart,200,s014521
1494,2024-04-14 10:51:44,view,277,s014522
2003,2025-01-05 14:40:12,add_to_cart,51,s014523
1391,2024-08-09 11:40:52,view,45,s014524
1083,2025-01-19 15:24:37,view,359,s014525
776,2024-07-07 21:30:09,wishlist,78,s014526
2459,2025-09-26 11:42:01,add_to_cart,118,s014527
1498,2025-10-05 22:24:55,purchase,143,s014528
2487,2025-12-06 21:43:12,wishlist,345,s014529
2251,2024-12-21 20:06:18,purchase,167,s014530
184,2024-04-01 09:03:35,purchase,166,s014531
1628,2024-01-02 09:35:13,purchase,259,s014532
2437,2025-08-01 20:20:00,add_to_cart,370,s014533
1384,2025-05-07 02:52:43,view,184,s014534
126,2025-06-08 20:31:14,remove_from_cart,328,s014535
1078,2025-04-14 11:45:28,view,303,s014536
1618,2024-01-15 04:59:45,view,383,s014537
1522,2024-10-06 21:53:14,view,14,s014538
442,2024-02-05 21:46:22,view,158,s014539
1495,2024-08-05 15:12:55,view,311,s014540
607,2025-06-16 20:54:42,view,218,s014541
1675,2025-07-17 14:05:17,add_to_cart,383,s014542
1513,2024-08-16 14:55:09,view,154,s014543
1103,2025-02-24 19:29:52,purchase,324,s014544
2117,2025-02-03 09:52:22,view,349,s014545
568,2024-08-29 22:34:52,add_to_cart,378,s014546
248,2024-05-28 20:42:31,wishlist,137,s014547
1025,2024-04-12 13:30:35,view,291,s014548
236,2025-09-18 22:59:35,add_to_cart,102,s014549
809,2024-10-13 18:31:29,add_to_cart,36,s014550
1167,2025-04-10 20:53:25,wishlist,146,s014551
2426,2025-06-04 08:23:46,wishlist,41,s014552
1248,2025-09-19 07:50:18,wishlist,379,s014553
165,2025-05-11 18:00:55,purchase,142,s014554
1161,2024-05-21 09:32:07,wishlist,174,s014555
1169,2024-06-16 13:03:13,purchase,312,s014556
1670,2025-10-03 14:25:35,view,313,s014557
2204,2025-08-26 11:58:52,remove_from_cart,295,s014558
1410,2025-10-11 19:39:56,view,99,s014559
1601,2024-09-29 21:15:19,view,42,s014560
1707,2025-05-23 10:52:25,view,102,s014561
789,2025-08-17 07:54:13,wishlist,391,s014562
2030,2024-05-23 19:19:38,view,22,s014563
2202,2024-01-10 18:59:43,view,104,s014564
1329,2025-10-09 03:49:37,add_to_cart,179,s014565
812,2024-02-10 20:31:26,add_to_cart,326,s014566
1306,2024-01-27 03:11:09,add_to_cart,141,s014567
2068,2024-02-07 11:16:17,view,333,s014568
289,2025-08-09 05:03:21,view,104,s014569
1260,2025-02-24 19:13:33,view,138,s014570
1048,2024-02-17 10:50:28,view,242,s014571
352,2024-11-12 06:22:54,add_to_cart,37,s014572
2221,2024-03-22 20:32:27,view,339,s014573
16,2024-01-03 17:23:54,add_to_cart,315,s014574
185,2025-11-02 09:48:53,view,187,s014575
1260,2025-09-01 05:42:12,view,400,s014576
2202,2025-01-14 23:23:11,add_to_cart,217,s014577
1723,2024-02-02 21:48:24,purchase,96,s014578
1978,2025-01-11 18:47:41,view,263,s014579
2308,2025-12-02 12:08:30,view,26,s014580
715,2024-06-13 03:30:09,wishlist,204,s014581
979,2025-05-14 20:21:55,view,112,s014582
613,2024-07-17 22:08:56,purchase,123,s014583
1014,2024-08-27 08:57:10,add_to_cart,22,s014584
1359,2025-09-20 19:12:00,purchase,287,s014585
1302,2025-03-04 00:29:12,add_to_cart,3,s014586
405,2024-05-08 08:46:16,wishlist,274,s014587
440,2025-05-02 21:54:39,view,186,s014588
1768,2025-03-19 21:43:36,view,223,s014589
230,2024-06-13 15:40:34,view,16,s014590
2193,2025-10-21 08:33:56,view,341,s014591
383,2025-05-19 16:50:38,remove_from_cart,92,s014592
749,2025-03-28 09:34:55,remove_from_cart,159,s014593
2200,2024-10-24 19:52:13,view,166,s014594
2139,2024-03-04 21:33:03,wishlist,82,s014595
503,2025-07-04 16:07:26,view,384,s014596
345,2024-10-08 18:31:48,view,47,s014597
846,2025-01-16 21:32:45,purchase,21,s014598
267,2025-04-03 22:17:26,view,372,s014599
1339,2024-12-31 21:04:56,view,57,s014600
1927,2025-08-01 09:49:52,purchase,53,s014601
4,2024-04-10 10:53:24,wishlist,128,s014602
1160,2024-04-07 01:25:50,purchase,226,s014603
1719,2025-03-29 09:49:47,view,265,s014604
2363,2025-01-06 21:33:27,view,130,s014605
1685,2024-09-06 05:17:55,wishlist,240,s014606
666,2025-12-03 08:41:51,add_to_cart,192,s014607
938,2025-06-27 10:37:10,view,394,s014608
2248,2024-08-04 11:22:32,view,102,s014609
1659,2024-11-23 09:33:13,view,287,s014610
823,2025-05-12 10:44:55,view,56,s014611
793,2024-07-02 06:22:26,view,78,s014612
1056,2024-11-23 17:44:33,view,254,s014613
1582,2024-01-03 03:56:50,wishlist,46,s014614
613,2024-09-05 21:28:33,wishlist,360,s014615
621,2025-05-27 09:41:18,remove_from_cart,319,s014616
2166,2024-02-22 14:22:45,purchase,282,s014617
2253,2025-08-14 12:29:40,view,162,s014618
1213,2025-12-13 08:34:39,purchase,59,s014619
2247,2024-01-26 18:02:16,view,242,s014620
1870,2024-09-06 07:43:34,purchase,60,s014621
1094,2025-01-26 08:05:37,view,147,s014622
1338,2024-05-31 00:04:39,view,248,s014623
2174,2025-07-10 13:49:32,view,76,s014624
1072,2024-06-23 19:54:12,add_to_cart,67,s014625
1362,2025-09-07 23:10:19,wishlist,114,s014626
2342,2024-11-04 19:25:13,view,311,s014627
1405,2025-10-25 06:01:54,wishlist,167,s014628
1933,2025-03-07 08:49:41,view,305,s014629
1637,2025-03-17 10:37:02,view,51,s014630
627,2024-07-26 11:09:32,view,398,s014631
1010,2024-04-09 23:36:20,view,267,s014632
565,2025-02-02 10:58:44,view,77,s014633
1970,2025-12-06 12:46:19,view,349,s014634
776,2025-06-17 19:07:34,wishlist,310,s014635
528,2024-04-09 00:37:01,view,344,s014636
723,2024-10-28 14:56:13,view,303,s014637
1132,2024-06-15 11:59:03,view,394,s014638
38,2025-12-14 19:54:24,add_to_cart,148,s014639
725,2025-06-07 15:27:26,view,289,s014640
2130,2024-09-11 13:30:21,view,377,s014641
1739,2024-01-21 19:34:14,wishlist,335,s014642
127,2025-06-04 19:27:40,view,132,s014643
1008,2024-10-16 17:09:37,view,46,s014644
1520,2024-12-12 04:06:08,view,118,s014645
368,2024-12-07 18:20:06,add_to_cart,182,s014646
2418,2025-09-10 00:17:23,view,316,s014647
383,2024-12-29 19:05:27,view,5,s014648
2433,2024-12-07 18:23:58,view,14,s014649
58,2025-09-12 19:49:23,add_to_cart,240,s014650
889,2024-03-30 21:10:15,view,356,s014651
33,2025-01-13 22:43:48,view,119,s014652
1684,2025-08-01 03:51:40,view,327,s014653
1145,2024-06-03 21:31:21,add_to_cart,39,s014654
868,2025-10-23 23:47:55,view,219,s014655
2013,2024-11-04 10:27:10,view,52,s014656
2018,2025-01-10 17:12:17,purchase,17,s014657
1596,2025-04-19 09:22:01,add_to_cart,333,s014658
2433,2024-09-12 09:33:00,add_to_cart,305,s014659
1521,2024-03-03 18:59:50,view,104,s014660
748,2025-04-12 19:15:15,add_to_cart,162,s014661
1620,2025-09-19 22:21:58,view,263,s014662
1974,2025-07-12 09:02:30,view,374,s014663
1444,2024-04-25 15:17:06,view,69,s014664
1353,2025-10-21 16:00:55,view,256,s014665
2230,2024-05-02 17:54:34,add_to_cart,378,s014666
944,2024-04-23 13:32:28,view,344,s014667
1915,2024-10-30 09:22:06,remove_from_cart,251,s014668
1375,2024-11-06 20:53:18,view,198,s014669
1062,2025-01-02 02:53:48,view,269,s014670
83,2025-05-08 22:47:38,view,198,s014671
118,2024-01-08 23:45:07,wishlist,150,s014672
576,2025-05-14 13:46:19,add_to_cart,45,s014673
2026,2024-05-19 18:40:48,add_to_cart,305,s014674
100,2025-04-04 18:00:14,view,163,s014675
668,2024-03-02 20:49:42,view,161,s014676
1285,2024-10-09 08:32:23,add_to_cart,168,s014677
641,2025-08-06 10:19:00,view,154,s014678
1200,2024-04-30 19:21:46,add_to_cart,61,s014679
261,2025-01-27 18:51:37,purchase,161,s014680
329,2025-04-02 18:33:15,view,62,s014681
535,2025-04-27 20:09:13,remove_from_cart,240,s014682
990,2025-05-24 21:47:15,remove_from_cart,357,s014683
1809,2025-11-21 08:51:18,wishlist,101,s014684
2402,2024-01-01 18:31:23,purchase,370,s014685
857,2024-07-27 05:42:03,view,16,s014686
1154,2025-02-20 23:03:06,view,207,s014687
193,2025-07-31 20:55:38,view,381,s014688
1465,2025-02-07 08:34:30,view,54,s014689
256,2024-03-16 07:35:32,add_to_cart,143,s014690
1754,2024-08-18 15:40:26,view,255,s014691
163,2025-03-20 18:24:22,view,88,s014692
943,2024-12-08 10:23:59,purchase,296,s014693
1698,2024-04-18 08:35:29,add_to_cart,96,s014694
1931,2024-08-18 11:27:41,wishlist,230,s014695
422,2025-03-06 21:49:28,view,154,s014696
2264,2024-12-20 20:51:42,view,166,s014697
393,2024-07-30 19:33:30,add_to_cart,46,s014698
1704,2025-01-27 21:58:41,view,67,s014699
645,2024-05-14 11:17:56,view,351,s014700
396,2025-02-01 14:31:41,view,345,s014701
1719,2025-11-16 20:25:55,view,104,s014702
2342,2025-01-14 19:14:20,purchase,246,s014703
341,2024-08-14 23:08:29,purchase,365,s014704
457,2025-10-21 16:01:50,view,54,s014705
160,2025-10-17 20:48:10,add_to_cart,35,s014706
2398,2025-11-03 11:43:03,wishlist,185,s014707
1914,2024-07-26 21:15:55,view,356,s014708
1592,2025-07-06 21:41:54,add_to_cart,109,s014709
162,2024-03-19 17:00:16,wishlist,329,s014710
503,2025-11-07 10:19:23,remove_from_cart,141,s014711
1532,2024-10-03 06:23:29,purchase,19,s014712
1023,2024-12-10 18:38:29,view,273,s014713
669,2025-02-20 13:12:25,view,23,s014714
139,2025-02-12 17:27:13,view,126,s014715
777,2025-11-11 09:37:22,view,249,s014716
1788,2024-04-09 19:27:25,view,385,s014717
2130,2025-11-14 17:01:34,add_to_cart,283,s014718
1322,2025-09-08 08:43:17,view,56,s014719
1826,2025-09-11 11:54:13,view,204,s014720
835,2024-09-07 18:53:16,add_to_cart,332,s014721
2382,2024-03-07 08:36:35,wishlist,400,s014722
1695,2025-01-15 20:33:59,purchase,309,s014723
722,2024-02-27 07:05:22,wishlist,164,s014724
2114,2024-03-22 07:11:53,view,35,s014725
2199,2025-11-28 20:58:19,add_to_cart,398,s014726
2180,2025-01-10 16:35:25,view,387,s014727
246,2024-01-29 08:04:34,view,116,s014728
1002,2025-09-15 08:43:40,purchase,81,s014729
2011,2024-09-14 10:54:34,view,35,s014730
1825,2024-02-01 20:53:04,view,149,s014731
221,2025-05-27 18:42:14,add_to_cart,300,s014732
1369,2024-05-11 19:17:59,view,191,s014733
296,2024-07-11 18:26:32,add_to_cart,24,s014734
1594,2025-05-17 09:54:15,add_to_cart,360,s014735
2101,2024-05-09 20:27:35,add_to_cart,148,s014736
2361,2025-11-07 20:34:59,view,271,s014737
1366,2025-02-04 22:38:09,view,381,s014738
1742,2025-09-26 20:59:12,view,13,s014739
1356,2024-09-06 23:56:43,view,340,s014740
1053,2024-11-26 09:15:22,remove_from_cart,272,s014741
353,2024-02-05 07:53:47,view,169,s014742
823,2024-06-15 14:38:09,add_to_cart,85,s014743
1466,2024-01-12 06:11:33,view,42,s014744
981,2024-04-10 20:17:11,wishlist,181,s014745
1210,2024-05-20 07:51:41,view,274,s014746
1755,2024-03-29 07:04:19,purchase,371,s014747
901,2025-06-05 10:13:34,purchase,290,s014748
1305,2024-04-17 11:26:20,view,208,s014749
1295,2025-03-28 09:32:57,purchase,400,s014750
990,2024-02-15 21:03:18,add_to_cart,224,s014751
1205,2024-12-28 19:34:36,add_to_cart,161,s014752
1332,2025-08-19 19:24:05,purchase,78,s014753
2181,2024-01-26 14:28:08,view,22,s014754
2088,2024-07-15 20:19:51,view,291,s014755
1804,2025-02-12 03:53:34,purchase,96,s014756
523,2025-11-22 05:12:28,view,328,s014757
2447,2024-10-13 22:40:20,view,246,s014758
250,2025-04-04 13:02:18,add_to_cart,90,s014759
528,2024-09-03 22:39:37,view,278,s014760
816,2025-12-11 14:37:06,add_to_cart,357,s014761
2454,2024-04-25 17:25:03,remove_from_cart,150,s014762
1654,2025-08-30 13:07:01,add_to_cart,236,s014763
2054,2024-10-18 11:48:26,view,237,s014764
197,2024-05-30 07:55:31,view,335,s014765
1261,2024-03-26 20:51:08,view,339,s014766
2426,2025-02-04 17:50:19,wishlist,369,s014767
773,2024-10-01 18:03:21,view,351,s014768
1569,2025-09-24 23:19:43,wishlist,277,s014769
1604,2024-01-10 19:41:35,view,211,s014770
1278,2025-11-10 21:09:42,purchase,61,s014771
1561,2025-04-01 16:46:26,view,45,s014772
814,2024-01-15 20:16:53,view,17,s014773
892,2024-04-07 13:22:15,view,104,s014774
1984,2024-07-05 09:46:40,view,56,s014775
2406,2024-05-03 14:12:00,purchase,23,s014776
1440,2024-10-01 12:58:35,add_to_cart,95,s014777
2373,2025-05-22 22:08:50,view,350,s014778
2324,2024-04-09 20:17:51,view,174,s014779
1079,2025-05-16 10:08:13,remove_from_cart,5,s014780
688,2025-02-13 11:17:37,view,131,s014781
545,2024-09-16 20:44:25,view,4,s014782
1071,2024-12-01 07:04:44,remove_from_cart,348,s014783
152,2025-07-19 13:45:22,view,119,s014784
515,2025-03-29 15:02:02,add_to_cart,44,s014785
1712,2025-12-10 22:17:40,wishlist,338,s014786
761,2025-05-12 15:40:42,view,351,s014787
2341,2024-08-21 08:08:41,add_to_cart,97,s014788
2132,2025-09-23 09:25:06,view,127,s014789
1888,2025-05-07 17:35:31,wishlist,114,s014790
1792,2025-07-30 20:56:01,purchase,53,s014791
425,2025-06-28 12:10:33,view,273,s014792
1462,2024-08-05 08:45:55,view,168,s014793
2410,2025-11-06 18:26:29,view,393,s014794
413,2025-11-17 21:18:23,remove_from_cart,312,s014795
2021,2024-09-19 02:15:35,purchase,227,s014796
231,2024-10-18 19:06:52,add_to_cart,369,s014797
584,2025-07-08 21:59:17,view,177,s014798
2436,2024-12-20 21:31:42,add_to_cart,292,s014799
1965,2024-02-05 12:32:11,purchase,276,s014800
1402,2024-09-28 18:49:25,add_to_cart,193,s014801
649,2025-10-06 03:55:49,view,1,s014802
860,2025-07-17 20:06:48,add_to_cart,236,s014803
1534,2024-09-15 22:54:19,view,8,s014804
498,2024-08-05 10:01:14,view,204,s014805
2302,2025-11-01 10:57:03,view,275,s014806
1658,2024-06-05 17:10:01,view,338,s014807
1394,2024-08-23 14:02:07,view,75,s014808
1903,2024-02-16 21:32:45,add_to_cart,257,s014809
621,2024-09-28 11:41:30,wishlist,39,s014810
1810,2024-11-02 21:50:02,wishlist,299,s014811
2474,2025-01-26 13:50:56,add_to_cart,20,s014812
2134,2025-01-18 20:14:28,view,328,s014813
1037,2025-08-10 09:29:59,view,216,s014814
1068,2024-09-09 16:05:28,wishlist,243,s014815
1669,2025-09-16 10:56:33,wishlist,251,s014816
1242,2024-05-21 23:13:35,view,353,s014817
121,2025-06-17 12:00:03,purchase,162,s014818
753,2024-07-10 07:29:45,purchase,312,s014819
2372,2024-05-21 06:39:10,add_to_cart,390,s014820
1918,2024-07-30 11:20:19,wishlist,390,s014821
976,2025-06-13 08:16:11,remove_from_cart,144,s014822
1915,2024-06-12 11:47:24,wishlist,359,s014823
1908,2025-11-02 09:57:10,add_to_cart,273,s014824
2037,2024-09-09 12:11:51,view,363,s014825
1052,2025-01-25 22:02:17,view,219,s014826
162,2024-11-02 19:46:25,view,316,s014827
1734,2024-04-24 12:55:06,add_to_cart,365,s014828
883,2024-10-24 14:14:41,view,259,s014829
870,2024-12-19 09:38:51,add_to_cart,264,s014830
1085,2024-11-06 14:27:09,view,138,s014831
2133,2024-10-06 19:10:39,view,307,s014832
88,2024-08-01 15:34:20,add_to_cart,348,s014833
2257,2024-08-11 08:47:05,view,368,s014834
798,2024-04-20 11:19:22,view,157,s014835
2018,2025-09-06 19:48:56,add_to_cart,44,s014836
983,2025-08-02 23:41:12,wishlist,224,s014837
1843,2024-12-03 16:04:25,wishlist,65,s014838
2390,2025-01-09 20:01:11,view,128,s014839
368,2024-01-04 09:19:05,add_to_cart,133,s014840
2214,2024-12-28 16:49:49,add_to_cart,74,s014841
1433,2025-03-10 19:50:00,remove_from_cart,135,s014842
621,2024-06-23 08:17:50,add_to_cart,166,s014843
477,2025-07-06 05:16:15,add_to_cart,25,s014844
880,2025-04-09 14:21:13,view,83,s014845
1542,2025-07-04 10:53:29,view,269,s014846
1449,2025-03-11 06:45:45,view,153,s014847
1694,2024-06-04 19:43:32,view,82,s014848
273,2025-08-14 08:07:23,view,390,s014849
633,2024-06-28 21:40:18,view,138,s014850
539,2024-06-23 20:48:08,view,188,s014851
2243,2025-11-27 00:19:01,view,252,s014852
667,2024-11-03 17:53:42,view,22,s014853
33,2025-03-02 11:09:44,view,146,s014854
1478,2024-08-28 08:56:25,view,202,s014855
2192,2025-01-17 20:13:39,view,68,s014856
2111,2024-09-11 10:55:47,view,266,s014857
1156,2025-06-28 20:05:29,add_to_cart,26,s014858
1400,2025-07-18 21:43:20,wishlist,46,s014859
379,2024-08-15 21:03:17,add_to_cart,120,s014860
1975,2024-02-12 23:02:33,view,368,s014861
2060,2025-12-11 06:05:12,purchase,342,s014862
1178,2024-01-23 07:06:39,wishlist,371,s014863
2336,2024-05-04 18:43:07,view,138,s014864
1362,2024-07-11 18:08:01,add_to_cart,175,s014865
297,2024-11-26 22:48:34,view,324,s014866
1676,2025-06-07 13:56:45,wishlist,85,s014867
1544,2024-01-06 21:32:56,view,394,s014868
492,2024-11-22 20:05:28,add_to_cart,331,s014869
630,2024-07-19 17:55:06,view,56,s014870
1775,2025-10-17 09:49:50,wishlist,154,s014871
361,2025-06-25 09:30:44,add_to_cart,357,s014872
2139,2025-06-25 19:03:17,purchase,202,s014873
2051,2025-02-08 09:23:56,remove_from_cart,3,s014874
1065,2025-05-12 09:04:40,purchase,359,s014875
393,2024-11-15 09:12:10,view,329,s014876
65,2025-10-15 10:56:35,view,245,s014877
1030,2024-12-15 11:01:42,view,388,s014878
2237,2024-04-11 20:14:06,purchase,384,s014879
1534,2025-11-25 22:52:50,view,244,s014880
849,2024-08-12 19:11:17,purchase,266,s014881
904,2025-03-29 21:41:07,purchase,205,s014882
93,2025-10-20 05:06:28,remove_from_cart,375,s014883
567,2025-04-21 06:24:56,add_to_cart,394,s014884
207,2025-11-23 21:42:31,view,52,s014885
1041,2024-01-04 23:36:04,purchase,59,s014886
374,2025-02-05 09:28:28,view,212,s014887
1403,2024-01-21 22:14:54,view,160,s014888
2370,2024-10-28 19:48:05,view,87,s014889
473,2024-08-27 11:18:52,purchase,398,s014890
1884,2025-12-09 16:29:27,view,25,s014891
2370,2024-03-19 09:00:03,view,329,s014892
1854,2024-01-28 08:47:09,wishlist,303,s014893
82,2024-04-04 21:59:48,view,350,s014894
1650,2025-05-12 10:37:27,wishlist,12,s014895
1498,2024-01-04 16:54:21,view,271,s014896
2068,2025-12-09 17:31:08,view,92,s014897
671,2024-01-17 20:41:59,view,292,s014898
451,2024-05-12 17:55:53,wishlist,113,s014899
205,2025-02-05 16:51:28,remove_from_cart,30,s014900
1395,2024-08-10 09:46:58,remove_from_cart,74,s014901
1474,2024-09-02 18:31:41,view,162,s014902
946,2025-09-23 02:44:34,remove_from_cart,22,s014903
129,2024-04-09 07:32:28,add_to_cart,100,s014904
1189,2024-11-27 11:27:30,purchase,201,s014905
488,2024-07-08 19:52:54,purchase,385,s014906
346,2025-05-03 20:07:55,view,152,s014907
507,2025-04-25 18:14:30,add_to_cart,314,s014908
2007,2024-06-15 19:49:32,view,190,s014909
2380,2024-06-08 18:10:30,view,48,s014910
1635,2024-12-16 11:38:29,add_to_cart,67,s014911
1810,2025-09-04 04:41:26,view,58,s014912
321,2025-06-25 08:57:00,purchase,371,s014913
1981,2024-05-14 14:00:56,view,338,s014914
1710,2025-07-23 09:42:37,wishlist,85,s014915
847,2025-06-01 13:23:13,view,21,s014916
551,2024-03-12 10:52:01,add_to_cart,168,s014917
1633,2024-04-11 11:39:43,wishlist,317,s014918
40,2025-04-13 20:47:54,add_to_cart,281,s014919
637,2025-02-15 06:19:55,remove_from_cart,183,s014920
954,2024-07-15 05:02:37,view,259,s014921
2016,2025-09-12 08:02:02,view,63,s014922
235,2024-10-13 21:24:17,add_to_cart,64,s014923
1348,2024-05-11 18:20:54,add_to_cart,19,s014924
410,2024-11-24 16:35:07,add_to_cart,68,s014925
1928,2024-07-07 08:22:01,view,225,s014926
1515,2025-01-28 20:02:37,view,380,s014927
2052,2025-08-23 09:37:45,wishlist,199,s014928
1747,2024-09-28 19:29:19,add_to_cart,253,s014929
287,2024-05-10 03:54:22,view,182,s014930
829,2025-04-21 11:49:56,wishlist,245,s014931
736,2024-03-20 20:41:12,view,8,s014932
2108,2024-02-06 20:57:12,add_to_cart,326,s014933
2496,2024-09-16 14:30:42,wishlist,399,s014934
970,2024-06-08 20:38:50,purchase,227,s014935
486,2024-05-17 09:10:10,remove_from_cart,26,s014936
856,2025-05-25 16:00:35,add_to_cart,259,s014937
526,2024-09-06 12:51:02,wishlist,225,s014938
56,2024-07-27 16:51:30,view,129,s014939
2417,2025-11-12 14:01:25,view,59,s014940
525,2024-07-04 09:35:05,view,187,s014941
288,2025-06-24 21:37:58,add_to_cart,1,s014942
1469,2025-11-28 03:37:37,add_to_cart,396,s014943
1100,2025-07-23 23:23:24,view,65,s014944
2158,2025-08-11 19:28:24,view,375,s014945
1173,2025-03-22 20:17:22,add_to_cart,117,s014946
976,2025-02-21 21:46:06,view,154,s014947
645,2024-08-19 21:36:21,view,344,s014948
1421,2024-02-25 20:20:36,view,117,s014949
2427,2025-04-20 16:35:49,view,374,s014950
1774,2025-10-21 22:28:58,view,7,s014951
1676,2024-09-02 18:11:41,add_to_cart,146,s014952
28,2024-09-12 11:37:28,view,128,s014953
2070,2025-06-23 03:44:42,view,135,s014954
1708,2024-06-06 23:52:56,remove_from_cart,71,s014955
2354,2024-11-19 17:12:45,view,252,s014956
595,2024-01-23 17:04:01,add_to_cart,130,s014957
2349,2025-06-30 08:17:43,add_to_cart,310,s014958
1958,2024-04-06 22:42:16,add_to_cart,368,s014959
1477,2024-05-13 05:25:56,purchase,210,s014960
1230,2025-08-26 14:05:54,add_to_cart,199,s014961
497,2024-10-23 08:47:56,view,312,s014962
518,2024-05-22 10:16:22,view,4,s014963
581,2024-11-11 07:39:02,wishlist,154,s014964
1629,2024-10-02 13:15:15,view,166,s014965
133,2025-12-13 07:07:19,view,219,s014966
2126,2024-04-10 11:04:51,add_to_cart,13,s014967
1118,2024-03-03 02:03:54,view,228,s014968
724,2024-08-14 09:46:28,remove_from_cart,116,s014969
1089,2024-12-05 20:30:21,wishlist,400,s014970
911,2025-11-18 07:46:04,view,49,s014971
1853,2025-05-28 15:52:31,wishlist,53,s014972
1168,2025-06-28 18:21:20,view,76,s014973
206,2025-06-17 19:18:31,purchase,344,s014974
1426,2025-06-27 17:48:09,view,121,s014975
2306,2024-07-02 06:24:04,view,120,s014976
1232,2024-03-13 09:42:39,view,34,s014977
1687,2025-06-21 06:06:09,view,150,s014978
1013,2024-01-21 13:02:59,view,217,s014979
1886,2024-07-02 23:03:38,view,292,s014980
881,2024-03-25 20:56:25,add_to_cart,325,s014981
2022,2025-11-27 21:33:08,view,212,s014982
2111,2025-04-12 09:57:48,wishlist,119,s014983
1909,2024-10-07 01:51:24,view,268,s014984
687,2024-01-11 20:06:50,purchase,198,s014985
340,2025-03-19 12:29:15,view,100,s014986
1824,2024-02-12 19:19:49,wishlist,326,s014987
1397,2025-02-11 14:16:28,view,19,s014988
1348,2024-02-29 07:52:35,view,321,s014989
733,2025-08-17 07:46:42,view,59,s014990
513,2024-06-20 20:35:54,purchase,210,s014991
536,2025-07-18 13:19:04,view,78,s014992
365,2024-06-16 08:02:52,wishlist,217,s014993
1719,2025-03-17 07:01:27,view,317,s014994
1036,2024-08-27 20:31:38,view,393,s014995
2088,2024-02-22 16:35:15,view,168,s014996
848,2025-06-15 17:28:23,view,152,s014997
1170,2025-11-02 21:07:19,view,111,s014998
1925,2024-08-09 21:01:51,view,120,s014999
145,2024-01-24 07:19:27,add_to_cart,140,s015000
540,2024-08-23 17:16:18,remove_from_cart,355,s015001
60,2025-03-15 14:59:48,view,49,s015002
713,2025-02-25 09:45:35,view,70,s015003
105,2024-04-11 09:21:05,view,312,s015004
907,2025-08-09 14:12:17,view,81,s015005
1327,2025-10-14 16:18:08,wishlist,239,s015006
477,2025-05-17 06:54:22,add_to_cart,246,s015007
2210,2024-10-26 12:55:31,view,302,s015008
1274,2024-06-11 00:48:12,add_to_cart,306,s015009
2019,2025-07-27 10:23:25,add_to_cart,296,s015010
295,2025-11-07 21:32:37,add_to_cart,66,s015011
1830,2025-11-10 16:56:32,view,8,s015012
800,2024-06-02 16:57:13,view,151,s015013
489,2025-07-12 22:52:39,view,394,s015014
1182,2025-08-14 07:55:28,remove_from_cart,44,s015015
204,2025-01-14 12:51:06,add_to_cart,310,s015016
1237,2025-02-01 17:59:43,view,243,s015017
1406,2025-11-14 17:02:32,view,172,s015018
473,2024-08-08 20:00:58,add_to_cart,270,s015019
447,2024-09-02 22:03:30,view,100,s015020
1175,2025-10-30 09:44:40,purchase,133,s015021
636,2025-04-14 20:54:24,wishlist,43,s015022
1741,2025-04-09 21:55:20,add_to_cart,258,s015023
2441,2024-02-10 17:05:27,view,389,s015024
808,2024-09-20 13:56:30,view,214,s015025
1157,2025-08-05 08:06:40,view,282,s015026
1994,2024-10-13 09:49:42,view,14,s015027
188,2024-09-18 16:52:29,view,391,s015028
2291,2025-09-05 08:20:56,view,86,s015029
1573,2024-04-13 03:58:28,view,67,s015030
1487,2024-05-05 12:51:22,add_to_cart,207,s015031
692,2025-05-30 15:55:21,purchase,281,s015032
1869,2024-03-17 15:16:22,remove_from_cart,114,s015033
1135,2024-07-01 22:04:10,view,271,s015034
1986,2024-12-02 09:39:35,view,240,s015035
332,2025-07-01 08:08:59,view,354,s015036
806,2024-11-11 09:23:16,view,171,s015037
1901,2024-11-29 20:37:18,remove_from_cart,295,s015038
1185,2025-03-08 16:28:49,view,67,s015039
548,2024-02-15 09:58:52,purchase,224,s015040
1790,2025-05-27 17:21:07,view,26,s015041
2497,2024-07-28 12:57:09,view,284,s015042
2221,2024-01-18 07:12:11,wishlist,151,s015043
1697,2024-07-22 13:45:26,wishlist,21,s015044
2302,2024-07-03 11:38:49,view,43,s015045
961,2025-10-01 15:57:00,purchase,18,s015046
1838,2025-01-07 18:00:32,add_to_cart,16,s015047
2021,2025-05-19 06:38:48,view,294,s015048
2235,2025-04-06 19:57:28,purchase,163,s015049
88,2024-06-26 18:51:11,purchase,48,s015050
986,2025-09-22 06:00:05,view,178,s015051
1960,2024-09-22 21:29:11,add_to_cart,77,s015052
2435,2025-10-15 14:58:49,view,278,s015053
1436,2024-03-01 17:30:30,view,351,s015054
844,2024-01-28 10:08:00,add_to_cart,251,s015055
682,2025-04-11 08:47:44,add_to_cart,243,s015056
636,2024-04-21 22:25:41,view,126,s015057
14,2025-12-01 08:41:24,view,382,s015058
665,2024-12-11 05:44:06,purchase,305,s015059
1273,2024-03-25 11:58:17,view,226,s015060
888,2025-04-03 08:13:10,view,168,s015061
2393,2024-08-16 13:38:30,purchase,164,s015062
1496,2024-10-18 20:54:15,add_to_cart,185,s015063
2289,2025-05-02 19:40:30,add_to_cart,271,s015064
809,2024-03-22 08:51:17,add_to_cart,59,s015065
1163,2025-04-25 21:18:15,remove_from_cart,68,s015066
70,2024-11-29 18:34:44,view,230,s015067
1528,2024-03-31 18:53:14,wishlist,188,s015068
895,2025-10-06 18:42:01,wishlist,271,s015069
2270,2025-11-16 21:20:04,view,211,s015070
1335,2025-07-31 08:36:40,view,67,s015071
2147,2025-10-11 20:46:33,view,249,s015072
208,2024-06-01 05:52:02,add_to_cart,81,s015073
2320,2024-04-25 07:58:50,view,386,s015074
824,2024-03-20 04:44:03,add_to_cart,136,s015075
151,2024-11-01 08:26:55,view,302,s015076
569,2025-05-04 22:00:39,view,163,s015077
2451,2024-02-29 14:18:53,add_to_cart,278,s015078
1974,2024-02-08 08:03:41,view,239,s015079
1925,2024-12-25 08:27:32,view,242,s015080
2136,2024-06-12 23:29:01,view,255,s015081
2066,2025-03-17 09:09:17,wishlist,279,s015082
1261,2024-04-21 21:04:14,view,18,s015083
911,2025-02-27 15:38:36,add_to_cart,380,s015084
1093,2024-06-24 23:40:14,add_to_cart,326,s015085
1857,2025-02-08 15:44:29,view,234,s015086
713,2024-02-23 21:07:03,wishlist,239,s015087
1835,2024-08-18 20:56:53,view,48,s015088
2439,2024-06-04 13:39:01,add_to_cart,162,s015089
720,2024-11-24 12:45:48,view,133,s015090
1266,2025-07-09 19:11:53,wishlist,377,s015091
717,2024-03-22 15:42:48,view,40,s015092
2195,2024-01-20 09:16:46,view,172,s015093
1994,2024-04-07 19:42:24,view,286,s015094
1579,2025-01-01 18:24:53,add_to_cart,163,s015095
925,2024-11-18 13:05:39,wishlist,125,s015096
992,2024-01-01 09:03:40,add_to_cart,55,s015097
254,2025-04-04 12:51:40,remove_from_cart,275,s015098
637,2024-09-04 11:48:26,view,324,s015099
211,2025-02-28 08:16:58,view,33,s015100
468,2025-03-17 20:32:20,view,148,s015101
662,2025-06-04 22:35:38,wishlist,384,s015102
1307,2024-09-23 03:17:11,add_to_cart,55,s015103
1752,2024-05-20 15:52:27,wishlist,30,s015104
54,2024-06-30 09:06:59,view,78,s015105
1052,2024-08-14 09:06:24,view,186,s015106
1169,2024-01-08 17:27:53,add_to_cart,2,s015107
2314,2025-12-06 15:53:00,view,367,s015108
1048,2024-01-05 07:26:35,view,162,s015109
53,2025-07-08 20:34:44,wishlist,393,s015110
1674,2024-09-26 16:58:33,wishlist,145,s015111
351,2025-07-30 16:34:28,view,79,s015112
1608,2024-06-23 18:28:52,view,69,s015113
1802,2024-12-18 09:38:07,add_to_cart,360,s015114
621,2025-03-13 05:59:11,add_to_cart,376,s015115
1650,2025-09-25 14:06:09,purchase,41,s015116
356,2025-06-15 08:40:07,add_to_cart,197,s015117
449,2024-08-09 09:51:32,view,135,s015118
894,2024-09-04 13:13:40,wishlist,116,s015119
299,2024-02-09 18:02:26,view,188,s015120
2117,2025-02-28 06:05:18,view,137,s015121
1087,2024-12-25 20:49:37,purchase,11,s015122
1109,2024-11-19 15:08:09,view,227,s015123
293,2024-10-10 00:10:39,view,65,s015124
762,2024-06-18 04:27:39,wishlist,235,s015125
1032,2025-07-10 06:24:23,view,356,s015126
148,2024-07-13 21:41:13,add_to_cart,107,s015127
1465,2025-03-07 07:46:41,add_to_cart,312,s015128
583,2025-05-28 09:08:53,view,95,s015129
396,2024-05-26 17:12:47,wishlist,274,s015130
826,2024-10-18 09:25:24,view,148,s015131
656,2025-05-07 17:49:55,view,13,s015132
1262,2025-04-30 22:30:52,view,261,s015133
569,2024-07-31 13:11:04,wishlist,335,s015134
1547,2024-02-19 02:44:52,view,19,s015135
2162,2025-05-22 22:35:49,add_to_cart,156,s015136
1262,2024-04-14 19:01:47,view,24,s015137
1481,2025-07-17 20:42:51,remove_from_cart,382,s015138
833,2025-01-21 19:02:50,add_to_cart,208,s015139
2358,2024-03-09 18:46:32,view,63,s015140
2246,2024-02-23 18:49:51,view,103,s015141
1872,2024-06-22 17:11:42,view,210,s015142
2027,2025-01-27 19:54:24,wishlist,196,s015143
1931,2024-04-04 17:57:50,wishlist,342,s015144
584,2024-05-03 21:21:35,view,273,s015145
2320,2024-02-04 02:03:28,view,148,s015146
42,2025-06-19 13:02:38,add_to_cart,399,s015147
312,2024-03-12 15:08:29,add_to_cart,360,s015148
1392,2024-06-23 20:49:39,wishlist,26,s015149
2199,2024-09-24 20:30:58,view,89,s015150
57,2024-03-12 19:40:45,add_to_cart,120,s015151
852,2024-08-09 00:28:28,view,139,s015152
2074,2024-04-16 18:04:08,view,248,s015153
1134,2024-03-11 18:59:35,view,237,s015154
1787,2025-01-17 20:48:13,purchase,236,s015155
2368,2025-01-25 04:26:59,add_to_cart,179,s015156
2100,2024-09-15 09:05:22,wishlist,105,s015157
1977,2024-06-17 16:32:01,view,73,s015158
1991,2024-01-23 08:49:16,purchase,284,s015159
121,2025-01-27 09:36:12,add_to_cart,202,s015160
1285,2024-05-20 10:22:04,add_to_cart,88,s015161
224,2025-06-06 17:57:23,view,329,s015162
1733,2025-09-21 15:02:03,wishlist,73,s015163
1241,2025-04-24 19:38:52,wishlist,43,s015164
85,2025-01-08 20:57:10,view,201,s015165
1089,2025-05-31 09:44:25,view,86,s015166
1884,2025-03-30 05:07:26,add_to_cart,297,s015167
1737,2024-06-07 20:34:48,view,273,s015168
402,2025-08-23 15:10:31,add_to_cart,96,s015169
1163,2024-06-18 21:25:10,view,117,s015170
1160,2025-02-07 06:06:15,purchase,230,s015171
2172,2025-04-21 08:10:01,add_to_cart,127,s015172
2083,2024-03-02 08:39:24,wishlist,216,s015173
263,2025-11-01 17:14:56,view,194,s015174
2008,2024-12-07 18:01:36,view,265,s015175
373,2024-06-24 21:11:09,view,290,s015176
2094,2024-09-28 12:09:34,view,155,s015177
2340,2024-01-10 10:45:01,purchase,104,s015178
672,2025-06-18 01:22:19,wishlist,236,s015179
215,2025-02-27 07:53:17,view,89,s015180
830,2024-08-06 13:20:15,add_to_cart,168,s015181
1363,2024-12-13 19:06:09,add_to_cart,162,s015182
1681,2024-12-10 08:08:35,view,121,s015183
1285,2024-02-02 08:41:52,purchase,195,s015184
479,2024-01-17 04:47:12,view,366,s015185
1182,2024-04-02 07:47:02,view,179,s015186
1521,2024-07-02 15:05:01,view,62,s015187
883,2025-05-27 08:34:58,view,267,s015188
820,2025-07-11 19:12:13,view,365,s015189
361,2025-11-21 06:08:37,wishlist,99,s015190
1616,2025-10-14 10:54:32,view,330,s015191
448,2024-11-22 19:51:17,add_to_cart,10,s015192
1757,2024-11-05 19:05:24,view,129,s015193
733,2024-07-11 16:40:20,view,229,s015194
872,2024-09-17 16:49:23,purchase,65,s015195
2289,2025-07-21 22:21:46,wishlist,144,s015196
851,2025-07-21 08:44:41,view,358,s015197
2112,2025-04-24 15:01:25,view,8,s015198
214,2025-08-21 17:00:13,view,72,s015199
2295,2024-08-16 01:27:14,wishlist,295,s015200
1168,2024-05-08 05:55:19,remove_from_cart,173,s015201
1402,2024-11-23 23:21:48,add_to_cart,276,s015202
1461,2025-01-12 18:10:18,view,195,s015203
1798,2024-02-27 15:18:19,view,171,s015204
732,2024-03-19 15:14:38,view,51,s015205
705,2025-07-11 17:05:07,add_to_cart,358,s015206
1699,2025-06-21 19:19:30,add_to_cart,32,s015207
1100,2025-03-20 09:26:35,view,290,s015208
1419,2025-07-24 19:42:20,view,34,s015209
1240,2024-08-05 19:13:57,purchase,200,s015210
2025,2024-07-04 22:58:14,view,199,s015211
1816,2024-09-16 20:15:51,wishlist,322,s015212
334,2025-03-08 11:29:17,purchase,259,s015213
1906,2024-04-11 14:45:48,wishlist,114,s015214
310,2024-10-09 19:28:40,view,208,s015215
370,2024-08-29 17:27:19,add_to_cart,64,s015216
1818,2025-08-10 13:15:40,wishlist,292,s015217
1508,2025-03-04 07:09:33,view,387,s015218
413,2024-11-19 19:15:16,remove_from_cart,64,s015219
407,2024-12-21 12:22:02,view,287,s015220
865,2024-06-17 01:36:59,add_to_cart,18,s015221
1269,2024-11-14 20:48:53,wishlist,271,s015222
1639,2025-05-03 08:23:06,view,54,s015223
1470,2024-03-24 09:03:11,view,364,s015224
2395,2025-06-23 09:22:25,view,345,s015225
1704,2024-12-23 07:32:27,purchase,244,s015226
1660,2024-10-23 09:41:09,wishlist,73,s015227
2348,2024-04-10 14:04:51,view,315,s015228
1521,2024-10-30 16:12:49,add_to_cart,165,s015229
414,2025-02-21 07:29:25,view,392,s015230
946,2024-10-13 17:03:33,add_to_cart,345,s015231
2491,2024-04-06 08:20:08,view,274,s015232
2260,2024-10-13 05:38:13,add_to_cart,6,s015233
2352,2025-08-15 11:11:35,wishlist,152,s015234
1308,2025-10-21 20:18:53,view,289,s015235
985,2024-11-10 20:45:02,view,107,s015236
594,2024-06-05 14:25:52,purchase,197,s015237
2194,2024-01-19 20:31:40,add_to_cart,92,s015238
1288,2024-09-16 05:16:09,purchase,149,s015239
1194,2024-05-28 10:29:34,view,87,s015240
2499,2024-03-11 09:12:45,add_to_cart,53,s015241
1138,2025-01-23 07:52:21,purchase,394,s015242
344,2025-08-31 09:00:02,view,130,s015243
1992,2024-12-07 10:56:09,view,300,s015244
555,2024-07-23 19:54:29,add_to_cart,356,s015245
1388,2025-12-09 21:47:23,view,152,s015246
1713,2024-04-28 19:11:51,view,351,s015247
1007,2024-04-09 23:52:19,view,395,s015248
143,2025-05-05 08:25:41,view,155,s015249
376,2025-10-24 19:01:38,view,250,s015250
677,2025-06-27 19:24:22,purchase,189,s015251
2173,2024-07-25 20:40:30,add_to_cart,272,s015252
1848,2024-09-28 17:30:58,view,320,s015253
206,2024-02-19 21:34:01,view,226,s015254
847,2024-07-31 12:07:39,wishlist,308,s015255
521,2024-10-06 08:13:07,add_to_cart,201,s015256
974,2024-09-29 16:01:16,wishlist,227,s015257
1594,2024-12-18 12:56:55,view,77,s015258
861,2024-05-26 21:54:10,add_to_cart,371,s015259
1033,2024-06-04 06:19:32,view,6,s015260
299,2024-07-30 14:12:29,wishlist,175,s015261
1744,2025-04-30 17:33:59,purchase,218,s015262
473,2024-02-21 08:03:54,view,3,s015263
269,2024-11-22 19:26:35,view,21,s015264
1077,2025-07-10 19:09:31,view,63,s015265
1444,2025-05-03 18:25:42,view,353,s015266
1862,2024-05-04 20:07:16,add_to_cart,246,s015267
1368,2025-04-24 18:39:55,add_to_cart,148,s015268
341,2024-09-24 22:26:59,remove_from_cart,144,s015269
957,2024-07-30 22:02:55,wishlist,217,s015270
1442,2024-06-10 18:38:14,purchase,114,s015271
471,2025-03-05 09:58:24,purchase,166,s015272
1118,2025-12-08 22:47:20,wishlist,310,s015273
2081,2025-06-10 12:37:47,add_to_cart,286,s015274
2169,2024-05-27 20:00:18,add_to_cart,251,s015275
2247,2025-10-21 06:12:53,purchase,336,s015276
205,2024-07-06 14:38:14,purchase,380,s015277
2036,2024-01-20 14:57:34,purchase,206,s015278
1393,2024-06-27 07:51:05,add_to_cart,372,s015279
1597,2024-08-11 18:49:31,view,309,s015280
659,2025-01-19 20:27:50,remove_from_cart,303,s015281
2188,2025-02-07 19:55:53,view,233,s015282
1734,2025-02-27 14:23:32,view,149,s015283
1217,2025-10-06 15:02:44,add_to_cart,126,s015284
139,2025-10-23 09:42:18,add_to_cart,121,s015285
913,2024-06-03 04:20:41,view,327,s015286
815,2025-01-28 19:09:24,wishlist,95,s015287
9,2025-07-10 08:19:46,add_to_cart,211,s015288
1300,2024-06-14 06:56:16,view,66,s015289
391,2024-01-21 15:02:02,wishlist,291,s015290
882,2025-01-21 18:49:42,remove_from_cart,248,s015291
1206,2024-12-13 10:15:42,add_to_cart,337,s015292
1935,2025-03-06 19:09:25,add_to_cart,345,s015293
1534,2025-04-02 21:20:37,view,249,s015294
1374,2024-10-13 17:01:49,remove_from_cart,71,s015295
216,2024-06-11 20:32:17,add_to_cart,381,s015296
1110,2025-08-24 19:09:49,view,143,s015297
1255,2025-06-30 09:40:02,view,116,s015298
1727,2025-02-15 20:32:33,view,36,s015299
1481,2024-05-09 18:13:54,add_to_cart,312,s015300
2338,2025-11-10 20:19:27,view,130,s015301
459,2025-07-10 19:36:56,view,38,s015302
2111,2025-05-19 18:39:04,view,123,s015303
618,2025-11-07 09:08:10,view,97,s015304
129,2024-03-22 20:17:28,view,281,s015305
480,2025-04-04 20:26:53,purchase,141,s015306
405,2024-12-10 14:24:57,view,243,s015307
814,2024-02-11 04:33:41,remove_from_cart,282,s015308
2091,2024-08-23 09:57:26,view,107,s015309
1000,2024-06-08 17:57:45,add_to_cart,331,s015310
746,2024-02-15 15:30:36,purchase,265,s015311
1507,2025-10-10 18:45:30,add_to_cart,258,s015312
227,2024-02-05 17:13:19,view,312,s015313
684,2025-06-14 17:57:51,view,29,s015314
1758,2025-05-04 14:26:08,view,29,s015315
2023,2025-02-17 13:42:11,view,196,s015316
63,2024-02-28 22:12:09,purchase,16,s015317
1269,2024-11-18 15:23:22,view,166,s015318
1261,2024-04-01 10:49:08,add_to_cart,315,s015319
1866,2024-04-22 22:06:48,view,206,s015320
2334,2024-12-08 20:47:02,remove_from_cart,220,s015321
884,2025-01-05 13:00:30,purchase,30,s015322
797,2024-01-15 16:49:16,view,187,s015323
901,2025-01-18 20:59:42,view,297,s015324
685,2024-11-14 21:57:10,view,182,s015325
1021,2025-02-20 01:43:14,add_to_cart,59,s015326
165,2025-12-07 10:27:54,add_to_cart,274,s015327
69,2024-10-12 16:23:46,view,72,s015328
2024,2024-02-08 07:51:22,view,99,s015329
2155,2025-08-13 01:59:13,purchase,52,s015330
1588,2024-08-26 20:28:32,view,309,s015331
259,2024-11-16 07:49:45,add_to_cart,270,s015332
1633,2025-03-13 20:10:53,purchase,341,s015333
2454,2025-07-18 10:12:53,purchase,137,s015334
2422,2025-06-03 21:30:28,view,269,s015335
2302,2025-04-13 12:50:07,view,227,s015336
1249,2025-08-17 21:26:08,view,18,s015337
38,2024-12-06 13:57:35,wishlist,87,s015338
1679,2024-07-22 09:02:16,view,35,s015339
1893,2025-03-14 15:56:25,view,174,s015340
484,2025-03-21 19:21:57,add_to_cart,191,s015341
1255,2024-02-10 09:14:35,purchase,198,s015342
278,2024-04-25 00:13:59,view,393,s015343
448,2025-09-11 20:57:24,remove_from_cart,56,s015344
1753,2024-03-17 20:33:29,purchase,227,s015345
2395,2024-03-29 21:56:57,view,181,s015346
64,2024-07-18 08:03:48,add_to_cart,292,s015347
2020,2025-09-01 08:03:32,view,80,s015348
180,2025-07-18 12:17:44,add_to_cart,163,s015349
2139,2025-12-06 21:06:35,view,3,s015350
1036,2024-09-11 21:58:49,view,365,s015351
824,2025-06-10 21:34:25,add_to_cart,40,s015352
916,2025-01-29 13:56:58,view,46,s015353
90,2025-01-16 14:50:57,add_to_cart,318,s015354
2333,2024-03-13 09:09:31,view,93,s015355
1676,2025-11-02 23:42:43,purchase,379,s015356
2083,2025-11-22 08:53:31,purchase,326,s015357
366,2024-11-04 17:51:23,purchase,68,s015358
1705,2024-12-17 17:12:17,purchase,75,s015359
1003,2025-03-27 01:05:13,wishlist,42,s015360
2133,2025-05-03 13:02:19,view,123,s015361
1674,2025-11-14 20:08:59,add_to_cart,47,s015362
1741,2025-05-19 15:14:20,view,112,s015363
2087,2024-10-17 08:25:12,add_to_cart,230,s015364
1756,2024-06-22 07:31:39,wishlist,308,s015365
210,2025-12-10 10:19:31,view,375,s015366
1988,2024-05-22 14:50:06,view,350,s015367
573,2024-03-08 14:33:41,view,84,s015368
1022,2025-03-01 19:07:38,view,235,s015369
2253,2025-12-01 09:43:11,view,193,s015370
1347,2024-09-18 20:07:52,view,221,s015371
1232,2024-09-08 10:16:28,add_to_cart,9,s015372
2169,2025-08-07 13:49:30,view,181,s015373
1090,2025-06-15 18:57:29,purchase,394,s015374
1163,2025-06-21 09:49:16,add_to_cart,36,s015375
1529,2024-03-14 14:54:21,view,387,s015376
1277,2025-03-02 19:36:54,wishlist,336,s015377
2407,2025-03-10 15:51:18,add_to_cart,164,s015378
127,2024-06-04 06:45:06,wishlist,307,s015379
1455,2025-10-14 08:01:51,wishlist,7,s015380
549,2024-12-28 06:17:36,view,144,s015381
1519,2024-03-04 12:03:53,view,233,s015382
2263,2025-08-22 17:35:42,view,282,s015383
942,2024-05-30 19:58:47,view,400,s015384
228,2025-09-01 13:05:15,view,97,s015385
1894,2025-05-22 10:37:40,add_to_cart,97,s015386
478,2025-04-07 20:31:19,view,116,s015387
777,2025-09-25 22:57:18,view,231,s015388
1017,2024-02-08 09:25:39,view,120,s015389
908,2025-01-13 10:58:06,view,390,s015390
1793,2025-11-07 11:40:57,view,217,s015391
912,2025-05-13 20:37:46,view,196,s015392
2338,2024-03-22 08:57:19,purchase,142,s015393
602,2024-05-27 09:57:43,view,19,s015394
1361,2025-08-10 20:07:17,wishlist,393,s015395
961,2024-12-22 07:24:12,view,130,s015396
1300,2024-10-31 16:58:27,view,11,s015397
1535,2024-12-18 18:15:21,view,355,s015398
1746,2024-05-14 12:50:28,remove_from_cart,290,s015399
1977,2025-05-02 21:59:35,wishlist,152,s015400
2061,2024-05-02 12:54:05,view,256,s015401
2362,2024-10-04 10:10:23,view,245,s015402
2243,2025-07-26 10:10:25,view,156,s015403
880,2025-05-08 08:31:51,wishlist,150,s015404
1974,2024-10-28 14:42:36,remove_from_cart,218,s015405
1474,2024-03-27 06:12:05,purchase,54,s015406
1904,2025-08-21 06:32:21,remove_from_cart,346,s015407
1309,2024-02-24 18:14:10,add_to_cart,355,s015408
1138,2025-03-14 12:05:15,view,196,s015409
1487,2025-01-11 15:11:54,view,380,s015410
2306,2024-07-10 17:29:36,view,249,s015411
943,2024-01-27 12:06:16,wishlist,49,s015412
1974,2025-08-28 10:39:08,view,172,s015413
1580,2024-08-09 14:50:07,view,20,s015414
668,2025-03-05 21:23:40,add_to_cart,30,s015415
2024,2024-02-10 20:53:23,view,111,s015416
1704,2024-12-06 06:16:27,add_to_cart,148,s015417
180,2024-04-26 23:16:18,add_to_cart,119,s015418
1005,2024-09-12 22:55:52,view,181,s015419
2109,2024-07-30 23:08:13,view,32,s015420
2357,2025-01-03 21:05:15,purchase,269,s015421
998,2024-08-25 23:53:16,add_to_cart,392,s015422
769,2024-06-09 18:27:01,add_to_cart,91,s015423
2486,2025-05-11 10:23:46,view,41,s015424
1018,2025-10-07 07:50:45,purchase,261,s015425
1692,2025-08-08 19:50:56,add_to_cart,43,s015426
137,2024-06-16 10:59:07,purchase,28,s015427
2350,2025-03-02 20:50:48,view,319,s015428
2216,2025-02-22 09:58:36,add_to_cart,195,s015429
792,2025-06-25 12:15:26,view,97,s015430
476,2024-03-29 09:11:51,wishlist,168,s015431
1156,2024-12-10 19:28:21,purchase,106,s015432
2306,2024-07-17 19:28:17,wishlist,368,s015433
2294,2025-06-07 19:21:32,view,227,s015434
1447,2025-03-07 15:11:13,add_to_cart,371,s015435
1841,2024-04-20 17:09:03,purchase,66,s015436
879,2025-10-12 16:38:26,add_to_cart,281,s015437
669,2025-07-08 22:26:49,remove_from_cart,158,s015438
1474,2025-09-28 21:47:10,purchase,35,s015439
172,2024-03-16 17:20:59,view,376,s015440
1274,2025-07-31 08:56:18,add_to_cart,25,s015441
403,2024-02-19 13:50:23,add_to_cart,126,s015442
419,2025-03-04 21:07:01,wishlist,111,s015443
98,2025-06-12 14:17:40,purchase,261,s015444
1220,2024-08-18 14:25:57,view,18,s015445
1815,2025-09-20 15:29:32,add_to_cart,208,s015446
1184,2024-02-17 07:37:28,wishlist,242,s015447
1954,2025-06-11 18:09:21,view,123,s015448
2193,2025-12-01 10:57:50,view,301,s015449
255,2025-11-08 11:04:46,view,11,s015450
1092,2024-06-30 13:12:48,view,63,s015451
1558,2024-12-18 01:57:13,add_to_cart,277,s015452
2465,2024-10-27 08:01:25,view,84,s015453
1854,2024-05-08 06:49:30,purchase,323,s015454
1774,2025-10-29 06:22:18,add_to_cart,305,s015455
340,2025-08-07 16:39:25,add_to_cart,248,s015456
1182,2025-12-08 08:27:16,view,31,s015457
1313,2025-05-19 08:22:53,view,379,s015458
854,2024-10-16 13:57:04,remove_from_cart,35,s015459
533,2024-01-27 08:13:45,view,167,s015460
2382,2025-05-12 18:26:58,purchase,138,s015461
707,2024-10-09 19:14:17,purchase,153,s015462
1988,2025-02-12 16:25:32,view,112,s015463
1928,2024-07-05 20:08:23,view,80,s015464
2058,2024-07-03 19:49:02,wishlist,76,s015465
2322,2025-08-11 13:41:19,wishlist,43,s015466
303,2025-05-31 19:19:26,view,274,s015467
446,2025-01-31 15:14:19,view,59,s015468
2270,2024-08-15 07:46:34,remove_from_cart,373,s015469
1139,2024-03-07 02:39:00,view,247,s015470
647,2024-10-05 10:23:06,view,283,s015471
2413,2025-07-08 20:55:18,view,234,s015472
223,2025-03-06 21:22:19,view,126,s015473
2328,2024-01-07 15:07:28,view,168,s015474
1670,2025-07-05 18:50:56,purchase,274,s015475
2349,2024-12-01 18:06:07,purchase,311,s015476
2240,2024-10-12 08:45:06,view,335,s015477
1938,2025-04-17 10:37:07,view,165,s015478
279,2024-08-29 13:43:10,add_to_cart,187,s015479
1278,2025-11-14 08:14:28,add_to_cart,152,s015480
1066,2024-02-02 18:26:07,view,251,s015481
2181,2025-02-23 21:59:31,view,39,s015482
808,2025-05-11 20:16:17,add_to_cart,139,s015483
2036,2024-08-06 21:18:33,view,100,s015484
1445,2025-09-21 21:15:50,view,248,s015485
1620,2025-02-17 22:08:23,wishlist,124,s015486
313,2024-11-27 22:23:00,wishlist,261,s015487
2286,2025-03-25 13:16:02,view,367,s015488
1138,2025-10-15 20:13:02,wishlist,128,s015489
1724,2024-01-23 18:52:52,view,289,s015490
1375,2025-12-04 07:36:31,add_to_cart,389,s015491
1361,2025-03-12 17:56:48,wishlist,267,s015492
1420,2025-09-10 02:21:10,view,295,s015493
1938,2025-05-16 10:03:07,wishlist,172,s015494
1499,2024-11-25 09:06:46,wishlist,69,s015495
1749,2025-03-30 17:25:08,wishlist,3,s015496
2174,2025-09-28 20:03:41,view,373,s015497
114,2024-08-22 18:21:19,view,8,s015498
2087,2025-11-06 14:21:56,wishlist,113,s015499
31,2025-10-22 20:30:22,view,319,s015500
1615,2024-10-25 12:22:24,view,304,s015501
1093,2024-12-28 14:21:52,view,110,s015502
1354,2024-02-17 23:51:47,view,370,s015503
1762,2024-05-27 13:13:26,view,86,s015504
845,2025-11-18 08:39:04,wishlist,226,s015505
30,2024-12-01 12:02:34,view,368,s015506
1658,2025-10-29 21:08:32,remove_from_cart,321,s015507
1147,2024-11-19 20:02:42,add_to_cart,332,s015508
241,2024-12-07 17:37:27,view,341,s015509
1719,2024-04-07 08:41:24,view,78,s015510
2002,2024-12-07 20:26:23,add_to_cart,231,s015511
439,2024-06-10 19:29:21,view,348,s015512
908,2024-07-28 16:54:53,view,155,s015513
374,2024-01-09 09:50:34,view,180,s015514
2362,2025-10-18 08:22:59,add_to_cart,352,s015515
1248,2024-08-06 12:24:00,view,221,s015516
906,2025-04-09 18:43:21,view,117,s015517
1333,2025-04-06 23:48:40,view,172,s015518
1491,2025-06-08 08:20:25,view,5,s015519
2122,2025-11-05 20:00:17,view,87,s015520
2258,2024-03-08 08:53:37,view,259,s015521
1613,2025-03-16 09:04:38,add_to_cart,73,s015522
1941,2025-09-20 08:18:00,purchase,247,s015523
2024,2025-08-22 17:26:29,view,362,s015524
1020,2024-06-12 09:03:24,view,233,s015525
1700,2025-07-31 09:55:26,view,312,s015526
798,2024-10-21 19:31:23,view,175,s015527
2383,2025-10-13 05:50:03,view,319,s015528
2211,2024-05-11 05:36:25,add_to_cart,168,s015529
1856,2024-06-16 00:41:07,view,286,s015530
2231,2024-08-11 02:43:38,wishlist,152,s015531
958,2025-10-05 12:30:26,view,107,s015532
1434,2024-03-08 19:13:01,view,375,s015533
1689,2025-01-23 13:16:20,remove_from_cart,371,s015534
2026,2025-04-08 08:07:27,view,392,s015535
1311,2024-08-09 19:44:43,add_to_cart,329,s015536
743,2024-07-10 09:16:29,view,350,s015537
2367,2024-07-30 13:56:49,purchase,104,s015538
158,2025-11-25 10:46:50,wishlist,269,s015539
1109,2025-09-15 19:47:21,wishlist,98,s015540
1573,2024-07-12 23:28:00,wishlist,247,s015541
2216,2025-04-22 08:32:57,purchase,264,s015542
1453,2025-04-22 21:50:17,remove_from_cart,322,s015543
100,2024-04-22 10:13:42,purchase,100,s015544
2377,2024-07-18 05:38:55,wishlist,202,s015545
836,2025-07-31 07:58:30,wishlist,326,s015546
1268,2025-06-22 20:28:49,wishlist,85,s015547
544,2024-01-06 09:57:24,add_to_cart,310,s015548
1788,2025-03-05 07:31:05,wishlist,328,s015549
1526,2024-11-09 03:07:52,view,347,s015550
1111,2024-09-07 10:59:26,add_to_cart,310,s015551
62,2025-09-30 03:30:14,remove_from_cart,301,s015552
731,2024-03-05 17:52:30,add_to_cart,382,s015553
658,2025-04-22 19:00:00,add_to_cart,92,s015554
1243,2025-01-02 12:39:17,view,33,s015555
2315,2025-04-14 18:59:57,view,387,s015556
584,2025-11-30 14:16:20,purchase,187,s015557
1206,2024-10-24 12:29:45,remove_from_cart,116,s015558
1736,2024-07-14 08:01:40,add_to_cart,123,s015559
1088,2025-03-13 22:27:54,add_to_cart,272,s015560
1320,2025-02-15 09:39:44,view,143,s015561
1865,2024-03-14 20:17:50,view,381,s015562
424,2024-12-19 09:26:30,view,216,s015563
479,2024-05-17 20:49:17,view,73,s015564
1068,2025-01-19 08:16:50,wishlist,303,s015565
1586,2025-05-19 09:14:19,remove_from_cart,18,s015566
1530,2025-10-02 09:31:20,add_to_cart,345,s015567
225,2024-11-29 19:15:32,view,15,s015568
2364,2024-08-16 14:31:26,view,70,s015569
234,2025-08-16 03:52:17,add_to_cart,67,s015570
1566,2024-04-05 19:56:24,wishlist,302,s015571
1563,2025-08-21 09:28:06,view,356,s015572
1900,2025-12-07 22:43:11,view,143,s015573
979,2025-05-03 19:44:32,remove_from_cart,163,s015574
1512,2025-03-21 18:20:09,wishlist,229,s015575
2065,2024-12-29 21:04:03,add_to_cart,76,s015576
1343,2025-08-11 19:46:26,view,97,s015577
510,2024-10-02 03:33:08,view,38,s015578
2049,2024-02-24 04:53:57,add_to_cart,219,s015579
300,2025-10-05 07:44:53,remove_from_cart,393,s015580
258,2025-07-10 19:51:07,purchase,62,s015581
1839,2024-01-20 12:26:13,add_to_cart,169,s015582
56,2024-05-22 22:28:21,add_to_cart,93,s015583
1521,2024-09-30 18:47:37,wishlist,241,s015584
622,2025-03-16 21:16:19,view,226,s015585
461,2024-05-09 22:50:47,view,291,s015586
1265,2025-02-16 20:05:28,view,284,s015587
2016,2025-12-07 08:11:24,add_to_cart,98,s015588
1407,2024-01-26 07:37:29,view,209,s015589
606,2025-11-14 22:10:14,view,309,s015590
1127,2024-06-21 11:10:21,wishlist,167,s015591
2216,2024-09-29 05:24:27,purchase,282,s015592
2395,2024-09-29 14:51:46,wishlist,305,s015593
71,2025-02-20 16:48:55,purchase,222,s015594
485,2025-10-30 18:52:50,view,393,s015595
673,2024-10-29 22:20:01,add_to_cart,396,s015596
856,2024-05-03 20:55:38,add_to_cart,216,s015597
2251,2024-04-29 20:36:09,view,109,s015598
1008,2024-09-04 20:20:39,add_to_cart,62,s015599
2266,2024-06-14 20:54:19,view,292,s015600
2291,2024-09-30 00:37:06,view,179,s015601
1971,2025-02-10 08:58:46,wishlist,239,s015602
883,2024-03-07 23:13:02,add_to_cart,281,s015603
996,2024-02-16 10:04:16,remove_from_cart,66,s015604
799,2025-08-10 18:37:21,view,375,s015605
1832,2025-07-12 12:49:49,purchase,173,s015606
89,2024-05-16 10:37:16,view,74,s015607
2042,2025-04-28 08:40:22,view,81,s015608
316,2025-08-19 22:05:02,remove_from_cart,341,s015609
980,2025-07-20 23:38:34,remove_from_cart,212,s015610
356,2025-07-13 04:46:48,purchase,57,s015611
2478,2024-08-06 20:04:22,view,203,s015612
2316,2024-07-19 02:03:04,view,150,s015613
1776,2025-03-26 18:53:43,view,55,s015614
345,2024-04-16 17:48:58,view,147,s015615
17,2024-01-02 18:35:20,wishlist,22,s015616
920,2024-10-30 22:22:56,add_to_cart,133,s015617
2037,2024-05-06 13:14:23,wishlist,163,s015618
2281,2025-06-15 21:44:18,purchase,158,s015619
2489,2024-07-11 20:46:57,view,253,s015620
1176,2024-05-16 08:23:50,wishlist,112,s015621
1039,2025-07-29 07:20:02,add_to_cart,315,s015622
432,2025-04-26 08:01:39,view,73,s015623
205,2025-01-19 20:11:52,view,202,s015624
2310,2024-06-13 18:20:54,view,36,s015625
1379,2024-06-19 16:40:11,wishlist,335,s015626
418,2024-05-29 14:51:08,view,164,s015627
1572,2024-09-21 19:58:03,view,324,s015628
913,2025-11-01 06:10:16,view,261,s015629
665,2025-06-10 21:36:49,add_to_cart,265,s015630
2480,2024-09-29 10:04:48,view,344,s015631
1186,2025-10-06 10:53:54,wishlist,211,s015632
938,2024-06-30 11:26:02,view,137,s015633
1423,2024-01-27 12:37:39,view,392,s015634
271,2024-11-06 18:49:15,view,289,s015635
1980,2025-07-31 18:01:07,add_to_cart,124,s015636
1035,2025-08-02 09:33:32,purchase,31,s015637
1440,2024-05-05 22:32:35,wishlist,113,s015638
2020,2024-06-26 08:20:45,add_to_cart,198,s015639
1696,2025-02-05 19:47:11,view,259,s015640
2340,2024-09-30 22:39:39,wishlist,58,s015641
1714,2025-03-18 14:27:28,view,155,s015642
1822,2024-04-05 21:34:54,wishlist,183,s015643
656,2024-08-23 10:42:05,wishlist,2,s015644
1395,2024-01-15 05:06:33,add_to_cart,212,s015645
1800,2024-07-11 07:35:23,view,218,s015646
1601,2024-08-30 08:13:34,wishlist,382,s015647
604,2025-08-17 21:59:40,add_to_cart,92,s015648
741,2025-02-16 21:41:45,view,176,s015649
1503,2024-09-05 05:17:44,add_to_cart,141,s015650
1038,2025-11-26 08:20:13,view,147,s015651
1379,2025-08-31 22:01:28,view,154,s015652
889,2025-03-28 09:04:31,view,66,s015653
696,2025-10-30 17:03:32,remove_from_cart,100,s015654
2199,2025-07-30 21:32:34,wishlist,20,s015655
1475,2025-12-06 23:52:55,remove_from_cart,252,s015656
1942,2025-03-10 05:21:08,view,224,s015657
21,2025-09-19 13:31:27,wishlist,146,s015658
2090,2025-10-19 20:17:51,view,166,s015659
1416,2025-08-25 16:12:07,view,190,s015660
2068,2025-09-10 21:45:52,view,339,s015661
816,2024-06-26 19:28:01,purchase,110,s015662
1648,2024-10-31 23:21:19,view,216,s015663
936,2025-10-07 19:05:19,add_to_cart,63,s015664
1238,2025-09-15 18:05:10,add_to_cart,395,s015665
1028,2024-10-28 14:21:33,remove_from_cart,287,s015666
683,2024-08-21 09:19:13,remove_from_cart,284,s015667
1915,2024-08-18 11:16:06,purchase,229,s015668
265,2024-03-09 18:24:29,add_to_cart,333,s015669
642,2025-09-07 06:43:11,view,307,s015670
881,2024-10-16 19:45:49,view,351,s015671
889,2024-02-01 12:57:44,view,172,s015672
495,2024-11-22 22:45:29,add_to_cart,80,s015673
665,2025-07-27 14:01:58,add_to_cart,354,s015674
2490,2025-01-08 13:22:37,remove_from_cart,92,s015675
1657,2024-01-04 22:57:52,wishlist,249,s015676
1801,2025-06-28 19:54:21,view,237,s015677
2025,2025-07-23 18:00:30,view,131,s015678
2381,2024-08-30 08:05:32,add_to_cart,180,s015679
1569,2024-04-07 10:59:34,view,191,s015680
1181,2024-12-29 20:52:16,wishlist,110,s015681
1003,2024-11-21 21:57:23,view,321,s015682
1069,2025-10-29 23:04:51,wishlist,91,s015683
1562,2025-12-04 16:08:22,wishlist,12,s015684
2373,2025-06-12 19:57:52,purchase,342,s015685
298,2025-03-11 18:29:03,add_to_cart,372,s015686
914,2024-10-14 08:42:18,view,205,s015687
592,2024-09-26 21:54:08,view,233,s015688
2495,2025-11-18 08:11:52,view,187,s015689
2080,2024-11-02 02:12:47,view,69,s015690
609,2025-02-24 20:22:05,remove_from_cart,262,s015691
1270,2025-03-12 11:03:13,view,117,s015692
2417,2024-07-03 19:27:32,add_to_cart,52,s015693
1969,2024-01-12 11:56:04,view,90,s015694
1423,2025-05-15 05:33:38,add_to_cart,16,s015695
1544,2024-11-22 19:38:30,view,368,s015696
1020,2025-09-01 09:44:09,add_to_cart,324,s015697
589,2025-04-03 09:12:46,purchase,232,s015698
11,2025-09-14 20:21:11,purchase,239,s015699
1043,2025-09-10 14:07:27,purchase,354,s015700
1004,2024-11-05 08:32:22,view,356,s015701
808,2024-02-06 20:53:18,view,352,s015702
1039,2025-08-27 16:26:15,wishlist,289,s015703
2045,2025-03-19 09:13:11,remove_from_cart,262,s015704
2064,2025-10-10 18:14:39,view,370,s015705
2211,2024-02-27 10:28:36,purchase,38,s015706
1486,2025-11-18 20:48:19,purchase,244,s015707
310,2024-06-02 18:15:52,wishlist,174,s015708
36,2025-01-08 08:24:03,view,191,s015709
1668,2025-07-22 21:36:59,view,323,s015710
1269,2025-11-10 21:27:14,add_to_cart,198,s015711
315,2025-10-27 18:42:03,add_to_cart,313,s015712
1798,2024-11-15 20:00:33,view,121,s015713
164,2024-08-28 18:33:33,view,127,s015714
1672,2024-12-09 10:36:36,view,386,s015715
2165,2024-09-12 21:23:38,view,99,s015716
1912,2024-11-04 08:54:03,add_to_cart,296,s015717
596,2024-08-20 19:49:49,add_to_cart,120,s015718
520,2025-04-10 03:42:38,wishlist,231,s015719
1316,2024-02-24 07:05:04,add_to_cart,227,s015720
454,2025-06-03 19:45:16,purchase,210,s015721
166,2024-10-28 11:15:53,wishlist,324,s015722
2074,2024-01-15 14:26:40,view,44,s015723
653,2024-03-09 06:32:33,view,177,s015724
2017,2024-12-16 08:59:44,view,312,s015725
1785,2024-07-27 18:22:25,view,207,s015726
506,2025-02-05 15:07:39,view,226,s015727
535,2025-05-31 11:24:25,view,249,s015728
2416,2024-05-09 19:54:51,view,252,s015729
2010,2024-07-21 16:50:42,remove_from_cart,213,s015730
465,2024-05-28 14:30:28,wishlist,364,s015731
1699,2025-11-20 16:19:05,view,5,s015732
1458,2025-03-12 08:37:31,wishlist,249,s015733
619,2025-04-01 13:48:40,view,171,s015734
229,2024-11-06 08:16:31,view,321,s015735
1852,2025-01-04 09:07:02,purchase,301,s015736
1822,2024-01-14 20:41:04,view,395,s015737
1561,2025-11-28 11:55:27,purchase,398,s015738
186,2025-10-23 09:16:03,purchase,312,s015739
503,2024-08-19 19:37:09,view,149,s015740
888,2025-10-11 21:26:14,purchase,192,s015741
902,2025-04-06 12:04:17,view,332,s015742
69,2025-07-12 08:58:55,view,127,s015743
529,2024-10-18 09:39:23,view,299,s015744
852,2025-05-20 10:28:12,view,388,s015745
1011,2025-07-18 04:53:21,view,216,s015746
122,2024-06-12 13:39:55,view,175,s015747
1562,2024-09-02 22:38:49,view,145,s015748
370,2024-02-02 07:52:00,add_to_cart,365,s015749
110,2025-08-11 21:44:31,view,264,s015750
248,2025-06-19 17:31:44,view,31,s015751
492,2024-07-07 17:55:17,view,205,s015752
1441,2024-05-07 23:16:37,view,139,s015753
2279,2025-02-04 16:14:46,remove_from_cart,310,s015754
653,2024-02-21 08:21:42,purchase,220,s015755
1532,2025-08-16 07:24:02,view,135,s015756
193,2025-01-18 13:43:21,add_to_cart,236,s015757
982,2024-04-29 06:18:12,add_to_cart,1,s015758
1075,2024-08-24 20:40:44,wishlist,81,s015759
357,2024-11-14 21:15:12,add_to_cart,192,s015760
1011,2024-08-02 19:23:56,add_to_cart,77,s015761
1529,2024-01-24 16:49:23,add_to_cart,166,s015762
1992,2024-04-02 20:03:03,add_to_cart,227,s015763
333,2024-02-09 16:22:19,purchase,55,s015764
1879,2025-09-07 23:47:34,view,263,s015765
1604,2025-09-05 10:26:17,add_to_cart,187,s015766
1360,2025-01-19 13:48:48,view,253,s015767
1054,2025-09-14 21:39:22,remove_from_cart,382,s015768
1726,2025-12-14 17:07:19,view,252,s015769
951,2024-11-01 13:43:51,wishlist,378,s015770
712,2024-05-03 13:10:13,view,359,s015771
1567,2024-09-25 10:14:54,remove_from_cart,220,s015772
2080,2025-08-16 07:10:21,add_to_cart,35,s015773
1278,2025-01-02 08:12:37,add_to_cart,316,s015774
171,2025-07-17 21:09:52,view,269,s015775
2025,2025-03-25 21:09:09,add_to_cart,368,s015776
297,2025-06-27 19:33:45,view,271,s015777
2264,2024-06-27 08:59:50,view,112,s015778
2460,2025-04-06 18:44:34,view,31,s015779
2178,2025-02-13 09:12:51,purchase,53,s015780
1722,2025-06-25 16:05:39,wishlist,207,s015781
1935,2024-10-17 20:30:55,add_to_cart,168,s015782
1378,2025-02-03 06:14:49,add_to_cart,39,s015783
2104,2024-02-06 19:50:07,view,157,s015784
2324,2024-10-02 18:06:24,add_to_cart,375,s015785
228,2024-08-18 10:07:08,view,14,s015786
515,2024-09-07 04:22:01,view,129,s015787
278,2024-01-14 10:41:04,view,330,s015788
210,2025-08-22 15:18:06,view,188,s015789
1377,2024-01-16 16:33:37,add_to_cart,158,s015790
906,2024-02-26 19:11:17,wishlist,391,s015791
1635,2025-06-29 10:20:01,view,303,s015792
2427,2024-11-09 09:42:43,view,149,s015793
1297,2025-02-16 18:06:24,add_to_cart,200,s015794
1303,2025-03-05 01:08:34,add_to_cart,197,s015795
572,2024-03-01 22:01:19,view,110,s015796
1614,2025-07-29 04:22:45,add_to_cart,374,s015797
1707,2025-04-08 21:31:24,view,163,s015798
42,2024-01-02 08:42:04,view,259,s015799
55,2024-07-28 09:57:18,remove_from_cart,256,s015800
2375,2025-10-19 10:03:57,view,226,s015801
532,2025-09-05 11:32:49,view,323,s015802
2421,2024-04-15 20:08:48,view,14,s015803
2184,2025-09-11 22:53:23,add_to_cart,345,s015804
1823,2025-05-20 09:45:58,view,21,s015805
1345,2024-11-24 18:34:56,add_to_cart,395,s015806
1848,2025-01-09 19:31:01,purchase,246,s015807
2257,2025-06-25 21:07:34,view,189,s015808
1482,2024-02-04 17:34:26,add_to_cart,331,s015809
1535,2024-06-03 22:51:57,view,299,s015810
863,2024-08-21 19:43:35,view,20,s015811
1984,2024-04-14 16:52:43,purchase,382,s015812
497,2025-11-05 20:19:01,purchase,31,s015813
1466,2025-06-17 09:49:12,view,397,s015814
283,2024-06-02 09:41:52,view,146,s015815
1004,2024-08-05 21:18:11,wishlist,246,s015816
2147,2024-07-19 13:26:35,view,130,s015817
1595,2025-03-25 09:01:51,purchase,397,s015818
1685,2024-07-03 05:31:21,view,9,s015819
955,2024-12-29 08:30:50,view,344,s015820
984,2025-03-02 08:15:51,view,110,s015821
1338,2025-06-17 16:49:16,wishlist,42,s015822
2496,2025-05-28 08:33:49,wishlist,342,s015823
577,2024-06-15 08:40:03,view,361,s015824
851,2025-01-18 18:56:20,wishlist,49,s015825
1196,2025-04-26 17:00:38,add_to_cart,300,s015826
233,2024-04-17 08:44:45,remove_from_cart,7,s015827
193,2024-06-07 20:36:31,purchase,380,s015828
1082,2024-11-09 04:01:31,view,296,s015829
825,2024-10-28 17:15:19,view,383,s015830
1000,2024-12-06 09:42:20,remove_from_cart,223,s015831
429,2025-08-24 17:05:52,view,62,s015832
640,2025-10-06 13:07:34,view,265,s015833
230,2024-11-16 12:49:12,view,379,s015834
2161,2024-06-05 20:40:57,view,188,s015835
1584,2024-03-29 16:37:48,view,308,s015836
745,2024-11-14 17:44:14,wishlist,240,s015837
1820,2024-07-18 08:02:24,view,318,s015838
2256,2024-09-12 17:18:33,view,63,s015839
974,2024-11-25 10:49:08,view,33,s015840
144,2024-11-01 23:44:38,view,285,s015841
2392,2025-04-27 05:09:44,add_to_cart,376,s015842
263,2025-09-27 22:12:41,purchase,70,s015843
1499,2024-10-04 15:10:59,purchase,10,s015844
288,2025-11-04 17:27:22,wishlist,9,s015845
1964,2024-11-13 19:22:51,wishlist,19,s015846
1420,2024-08-11 12:06:47,view,157,s015847
1180,2024-01-30 09:37:01,purchase,138,s015848
191,2025-03-14 10:40:03,view,371,s015849
901,2025-10-11 12:44:17,view,308,s015850
212,2025-10-15 18:28:32,purchase,5,s015851
1921,2025-03-08 06:59:46,view,231,s015852
2420,2025-08-03 20:04:26,view,232,s015853
289,2024-07-08 10:57:22,wishlist,161,s015854
968,2024-12-19 10:48:35,view,27,s015855
240,2025-07-06 05:08:16,add_to_cart,148,s015856
433,2024-09-24 19:53:52,wishlist,337,s015857
2156,2024-07-13 04:13:19,wishlist,208,s015858
1333,2024-07-23 11:47:05,purchase,101,s015859
1672,2024-06-19 08:06:22,view,163,s015860
1825,2024-07-22 08:54:59,add_to_cart,230,s015861
1075,2024-12-24 19:16:50,add_to_cart,10,s015862
2421,2024-08-26 09:40:02,wishlist,366,s015863
1742,2025-02-23 07:47:35,view,353,s015864
1992,2025-08-28 11:48:53,purchase,238,s015865
1244,2024-11-14 20:30:40,wishlist,175,s015866
1012,2024-11-24 06:05:16,add_to_cart,183,s015867
1617,2024-06-30 06:24:11,view,7,s015868
807,2025-08-12 19:58:46,remove_from_cart,11,s015869
1137,2024-01-20 20:03:43,view,374,s015870
730,2025-06-21 08:23:03,add_to_cart,33,s015871
1379,2024-06-20 11:28:01,add_to_cart,239,s015872
2010,2024-10-04 13:06:43,wishlist,83,s015873
640,2024-10-26 19:53:05,add_to_cart,157,s015874
1403,2024-12-05 19:24:00,add_to_cart,226,s015875
390,2024-01-18 16:29:12,view,105,s015876
791,2025-09-14 13:33:52,wishlist,365,s015877
522,2024-01-17 18:41:01,view,55,s015878
2480,2025-09-10 18:14:32,view,210,s015879
1452,2024-10-27 05:54:29,view,255,s015880
1235,2024-09-10 13:30:36,view,66,s015881
1718,2024-08-08 14:11:24,view,220,s015882
892,2024-11-13 21:54:28,view,70,s015883
981,2024-05-22 16:57:06,view,146,s015884
1724,2024-03-04 12:30:41,view,95,s015885
1607,2024-08-14 14:48:19,add_to_cart,164,s015886
1093,2024-12-02 13:14:22,view,181,s015887
1732,2024-05-28 18:29:16,purchase,281,s015888
2367,2025-07-08 07:25:35,view,38,s015889
2228,2024-02-12 12:38:37,view,195,s015890
1653,2025-02-24 13:42:44,wishlist,47,s015891
1328,2025-07-17 06:39:58,add_to_cart,216,s015892
53,2025-04-04 20:02:42,purchase,360,s015893
1403,2024-02-03 23:30:59,remove_from_cart,32,s015894
1047,2025-08-30 20:08:29,view,172,s015895
1140,2025-06-11 08:47:46,add_to_cart,186,s015896
1921,2025-07-22 19:10:46,view,180,s015897
1198,2024-09-23 05:42:25,view,58,s015898
1344,2024-09-11 10:32:09,remove_from_cart,333,s015899
1978,2024-12-27 07:55:57,view,118,s015900
608,2024-06-21 13:29:23,view,287,s015901
2036,2024-07-26 17:06:29,view,367,s015902
359,2024-07-07 11:45:16,view,334,s015903
1150,2024-06-23 10:10:35,wishlist,181,s015904
817,2025-12-02 12:54:55,view,112,s015905
1049,2025-07-25 10:56:00,view,349,s015906
836,2025-04-12 10:22:05,purchase,159,s015907
870,2024-10-28 09:28:42,purchase,275,s015908
135,2024-06-24 20:40:36,view,229,s015909
2327,2025-11-12 09:19:54,view,185,s015910
423,2025-10-14 19:04:40,view,127,s015911
749,2025-09-09 09:10:59,purchase,308,s015912
77,2024-04-02 10:03:13,wishlist,212,s015913
970,2024-10-20 21:56:16,wishlist,145,s015914
481,2025-12-03 21:43:52,view,285,s015915
1605,2025-03-26 16:53:02,wishlist,328,s015916
35,2025-10-15 00:37:01,purchase,78,s015917
1325,2025-04-24 23:37:50,remove_from_cart,276,s015918
43,2024-01-10 22:31:59,view,118,s015919
1077,2025-11-14 05:50:11,view,27,s015920
1429,2024-07-04 21:54:31,wishlist,54,s015921
1511,2024-01-21 23:41:26,view,73,s015922
969,2025-12-14 21:20:21,purchase,285,s015923
108,2025-06-10 17:19:05,remove_from_cart,164,s015924
1786,2024-02-20 08:19:48,view,327,s015925
1421,2025-06-09 08:34:32,view,301,s015926
261,2025-08-04 08:26:58,view,192,s015927
833,2025-02-21 08:24:07,view,270,s015928
532,2025-06-21 21:04:31,add_to_cart,368,s015929
1560,2024-09-15 23:15:07,view,331,s015930
197,2024-10-27 23:27:03,view,34,s015931
719,2024-02-26 22:55:29,purchase,19,s015932
896,2025-05-07 11:26:47,view,250,s015933
2042,2025-03-02 08:46:48,view,183,s015934
1739,2025-02-09 14:52:50,wishlist,37,s015935
62,2025-06-09 08:21:22,add_to_cart,391,s015936
1713,2025-08-18 07:14:30,view,18,s015937
1913,2025-12-10 10:30:52,view,225,s015938
2210,2024-03-02 08:09:06,view,376,s015939
1259,2024-03-13 16:33:27,view,295,s015940
2488,2025-09-25 06:04:43,view,166,s015941
1813,2024-12-24 15:40:27,view,64,s015942
987,2025-06-18 16:37:06,purchase,173,s015943
464,2024-11-15 22:50:32,view,253,s015944
1857,2025-10-25 09:35:34,wishlist,158,s015945
153,2024-10-13 17:31:35,purchase,355,s015946
709,2024-02-24 17:18:14,wishlist,324,s015947
1734,2025-06-05 10:11:13,wishlist,366,s015948
576,2024-12-01 08:28:50,wishlist,226,s015949
373,2024-10-30 13:33:47,view,131,s015950
485,2024-03-07 13:43:04,wishlist,30,s015951
1718,2025-04-03 13:53:47,add_to_cart,386,s015952
414,2025-04-07 20:35:52,view,292,s015953
2252,2024-12-30 18:40:06,view,122,s015954
274,2025-04-22 10:28:22,view,248,s015955
835,2024-07-19 19:00:39,wishlist,135,s015956
621,2024-11-25 17:26:17,view,297,s015957
1467,2025-02-20 10:09:41,view,146,s015958
730,2024-10-12 17:15:44,view,2,s015959
2398,2025-04-09 11:44:30,view,368,s015960
618,2025-07-12 09:19:29,purchase,337,s015961
1789,2024-09-30 21:21:40,add_to_cart,255,s015962
1431,2025-09-24 20:22:33,view,281,s015963
1975,2025-05-20 15:15:52,purchase,86,s015964
2414,2024-01-12 18:29:52,wishlist,211,s015965
1038,2024-09-23 19:33:20,view,316,s015966
243,2024-04-05 19:21:53,view,353,s015967
2405,2024-10-15 19:34:14,add_to_cart,50,s015968
662,2025-11-29 14:16:49,view,332,s015969
1152,2025-02-22 16:20:23,add_to_cart,26,s015970
1528,2024-01-12 14:08:20,add_to_cart,111,s015971
2336,2025-04-03 18:09:01,view,185,s015972
659,2024-02-18 08:40:47,view,74,s015973
1089,2025-05-27 17:39:17,view,259,s015974
1711,2025-05-15 20:51:17,purchase,208,s015975
1339,2025-05-08 19:57:22,purchase,69,s015976
1131,2024-01-03 17:44:17,add_to_cart,34,s015977
1579,2024-05-08 19:09:39,add_to_cart,400,s015978
970,2025-05-17 21:15:29,add_to_cart,210,s015979
1301,2024-12-20 09:34:24,view,341,s015980
595,2025-10-10 08:06:47,add_to_cart,187,s015981
2222,2025-09-02 23:58:33,add_to_cart,241,s015982
1994,2024-08-13 23:28:55,remove_from_cart,185,s015983
966,2025-08-21 08:35:17,purchase,58,s015984
1002,2025-04-30 09:18:38,view,255,s015985
2161,2025-03-20 20:10:48,purchase,352,s015986
116,2024-10-28 18:26:15,add_to_cart,44,s015987
850,2025-10-15 20:34:53,view,242,s015988
1510,2024-02-17 20:33:11,view,254,s015989
1422,2024-02-09 17:52:23,view,285,s015990
2454,2024-02-18 22:25:52,purchase,120,s015991
556,2025-09-17 18:09:40,view,289,s015992
112,2025-01-14 07:51:27,purchase,74,s015993
165,2024-09-25 03:30:05,view,199,s015994
1371,2024-08-08 19:10:35,add_to_cart,159,s015995
1716,2024-08-07 15:44:44,remove_from_cart,210,s015996
157,2025-09-11 11:39:38,view,86,s015997
149,2024-06-01 12:46:08,remove_from_cart,59,s015998
827,2025-02-25 12:02:58,purchase,244,s015999
1366,2024-03-05 09:27:39,wishlist,20,s016000
963,2024-11-20 22:30:38,view,218,s016001
1530,2025-06-12 10:27:02,wishlist,356,s016002
202,2024-08-30 14:21:58,wishlist,218,s016003
394,2024-07-05 22:57:20,add_to_cart,359,s016004
787,2024-08-01 09:32:10,view,194,s016005
978,2024-08-03 09:10:42,add_to_cart,218,s016006
1680,2024-04-01 10:52:14,wishlist,13,s016007
1278,2024-05-14 11:34:42,view,285,s016008
3,2025-03-08 10:28:47,add_to_cart,184,s016009
496,2024-07-20 12:31:14,wishlist,340,s016010
265,2024-01-12 10:48:38,wishlist,108,s016011
1448,2025-10-02 08:01:33,wishlist,50,s016012
1588,2025-09-15 16:40:48,view,65,s016013
454,2024-04-28 11:45:12,view,350,s016014
983,2025-05-30 07:22:06,view,314,s016015
2220,2025-07-13 20:39:36,remove_from_cart,79,s016016
2006,2024-12-09 15:08:06,add_to_cart,65,s016017
2115,2024-06-10 20:24:58,add_to_cart,323,s016018
1246,2024-09-12 08:54:09,view,193,s016019
1100,2024-02-28 17:54:27,add_to_cart,140,s016020
1938,2025-10-15 15:40:51,add_to_cart,122,s016021
2092,2025-05-01 09:38:30,add_to_cart,100,s016022
713,2025-06-22 09:59:32,add_to_cart,256,s016023
1976,2024-10-17 11:20:36,purchase,31,s016024
2487,2024-08-09 10:36:23,wishlist,113,s016025
275,2025-09-11 23:16:23,wishlist,291,s016026
1708,2024-12-20 20:08:52,add_to_cart,391,s016027
1206,2024-08-03 17:58:53,wishlist,52,s016028
2117,2024-05-25 21:03:46,purchase,146,s016029
1713,2025-11-23 07:29:23,wishlist,81,s016030
178,2025-10-17 13:01:13,add_to_cart,161,s016031
1266,2024-02-24 11:00:25,add_to_cart,109,s016032
1075,2025-04-26 18:16:25,add_to_cart,154,s016033
296,2024-01-07 07:05:21,view,103,s016034
761,2024-09-10 18:18:31,purchase,171,s016035
1189,2024-09-23 23:45:41,view,94,s016036
1881,2024-07-10 06:40:46,view,110,s016037
1091,2025-11-05 03:20:43,purchase,167,s016038
1067,2024-10-25 23:48:23,view,340,s016039
1403,2024-08-15 17:49:14,wishlist,195,s016040
717,2025-08-04 11:25:26,view,386,s016041
361,2024-09-06 07:00:09,purchase,301,s016042
1687,2025-11-09 20:56:41,wishlist,52,s016043
1355,2025-10-30 07:19:41,view,195,s016044
2428,2025-07-07 23:44:12,wishlist,159,s016045
2385,2024-09-17 21:15:24,wishlist,336,s016046
1846,2024-04-29 10:03:46,wishlist,338,s016047
1356,2024-03-25 20:52:22,view,45,s016048
1518,2025-01-27 19:42:51,purchase,83,s016049
2208,2024-08-22 15:55:33,purchase,138,s016050
2129,2025-09-18 14:46:42,view,279,s016051
2257,2025-07-30 00:10:14,add_to_cart,23,s016052
1008,2024-02-11 18:02:32,remove_from_cart,368,s016053
2169,2025-02-16 12:56:05,view,370,s016054
1205,2024-08-04 05:45:05,wishlist,125,s016055
2294,2025-09-24 11:29:16,view,98,s016056
2190,2025-07-20 15:34:17,view,56,s016057
1332,2024-02-24 19:07:37,add_to_cart,100,s016058
1223,2024-05-01 14:47:25,purchase,161,s016059
456,2025-12-13 06:30:39,add_to_cart,375,s016060
624,2025-11-30 05:15:34,view,113,s016061
195,2024-08-23 20:26:11,view,353,s016062
1508,2025-07-30 16:28:55,view,299,s016063
454,2025-08-22 19:40:55,view,119,s016064
271,2025-11-25 16:26:30,purchase,142,s016065
650,2024-03-19 20:40:51,purchase,195,s016066
1970,2024-11-24 19:07:01,view,191,s016067
432,2025-06-25 19:00:18,wishlist,335,s016068
245,2024-05-06 09:40:02,view,106,s016069
763,2025-01-19 10:55:00,view,347,s016070
563,2025-11-03 09:24:23,view,172,s016071
2008,2024-03-10 04:30:28,wishlist,177,s016072
825,2024-06-06 09:29:58,add_to_cart,400,s016073
1101,2025-01-15 10:13:44,remove_from_cart,118,s016074
102,2025-11-12 12:54:29,wishlist,191,s016075
552,2024-03-06 11:18:55,view,354,s016076
1517,2025-09-28 22:38:57,view,107,s016077
212,2025-06-30 19:50:53,remove_from_cart,75,s016078
1340,2025-06-06 09:13:49,purchase,239,s016079
68,2025-12-09 20:34:33,wishlist,25,s016080
1346,2025-11-16 18:10:36,view,378,s016081
784,2024-02-16 12:13:54,view,322,s016082
635,2024-07-03 20:25:27,wishlist,129,s016083
275,2024-10-02 15:58:57,view,246,s016084
190,2024-07-04 12:57:16,view,242,s016085
1606,2025-05-17 13:45:21,view,360,s016086
2101,2025-12-02 08:44:13,view,206,s016087
1980,2024-05-03 21:23:04,view,213,s016088
1978,2025-10-15 11:34:46,add_to_cart,205,s016089
1025,2024-03-14 07:56:26,view,67,s016090
2292,2025-03-10 17:49:54,view,31,s016091
433,2024-09-21 18:01:02,wishlist,368,s016092
1793,2024-11-26 22:05:36,wishlist,133,s016093
1763,2025-08-23 12:48:07,add_to_cart,340,s016094
1354,2025-11-29 20:07:34,view,400,s016095
279,2025-08-27 20:49:58,view,399,s016096
2086,2025-08-23 06:51:14,view,198,s016097
558,2025-06-09 17:27:41,add_to_cart,162,s016098
1750,2024-03-13 19:15:26,wishlist,43,s016099
1057,2024-02-15 20:13:29,purchase,117,s016100
632,2024-08-12 18:18:04,view,335,s016101
47,2024-12-03 08:58:18,wishlist,281,s016102
149,2024-05-17 13:36:46,view,397,s016103
1454,2024-03-05 10:07:42,view,297,s016104
1329,2024-03-03 10:21:22,add_to_cart,204,s016105
1589,2025-05-31 18:04:12,purchase,289,s016106
2104,2024-03-03 08:00:17,add_to_cart,166,s016107
2122,2024-06-27 03:25:03,view,176,s016108
684,2024-08-25 18:45:06,view,284,s016109
1412,2025-04-02 17:12:59,add_to_cart,104,s016110
994,2024-09-15 08:41:00,view,13,s016111
2237,2025-08-29 00:49:59,add_to_cart,274,s016112
395,2025-11-10 10:53:12,view,249,s016113
1891,2024-08-16 20:49:57,remove_from_cart,227,s016114
495,2024-01-28 22:19:11,view,21,s016115
1569,2024-02-12 20:29:04,add_to_cart,238,s016116
1231,2024-08-07 08:41:55,add_to_cart,373,s016117
766,2024-01-08 21:20:43,purchase,127,s016118
914,2024-11-10 19:34:14,wishlist,71,s016119
2219,2024-03-03 06:49:47,view,234,s016120
1974,2025-05-23 06:32:33,add_to_cart,15,s016121
2358,2025-09-30 20:48:44,add_to_cart,399,s016122
890,2025-03-16 19:31:08,view,10,s016123
1642,2025-09-26 08:30:31,wishlist,59,s016124
1761,2024-10-17 08:02:03,wishlist,373,s016125
1932,2025-03-14 05:58:30,view,236,s016126
1478,2024-08-04 16:10:49,view,31,s016127
417,2025-07-02 08:42:29,add_to_cart,27,s016128
2106,2024-08-16 07:28:09,view,149,s016129
2200,2024-10-17 19:26:26,view,232,s016130
17,2025-08-22 09:20:31,view,192,s016131
2347,2024-11-04 12:09:41,view,80,s016132
2169,2025-06-19 22:55:31,view,20,s016133
942,2024-08-06 22:11:25,view,329,s016134
1849,2025-12-06 08:23:05,wishlist,204,s016135
194,2024-08-04 16:45:52,wishlist,305,s016136
1926,2025-07-13 08:24:19,add_to_cart,275,s016137
788,2025-06-13 09:26:07,purchase,45,s016138
2324,2024-05-11 18:27:26,view,16,s016139
18,2025-02-25 12:01:20,wishlist,7,s016140
2441,2024-04-10 22:29:16,view,84,s016141
2025,2025-11-01 14:57:52,add_to_cart,350,s016142
890,2025-09-04 10:46:08,purchase,231,s016143
1486,2025-03-02 11:38:28,view,42,s016144
1130,2024-08-31 22:01:51,view,314,s016145
924,2024-02-09 18:34:11,view,73,s016146
1007,2024-08-07 21:38:37,view,182,s016147
545,2024-02-28 00:18:01,purchase,305,s016148
873,2025-03-17 18:53:49,purchase,176,s016149
2181,2025-06-07 19:47:08,view,379,s016150
2032,2024-03-14 23:58:53,wishlist,45,s016151
211,2024-10-26 11:16:49,remove_from_cart,88,s016152
2018,2024-03-15 03:47:35,view,77,s016153
1741,2025-05-11 22:39:57,remove_from_cart,370,s016154
54,2024-09-30 18:22:55,add_to_cart,110,s016155
2468,2025-04-02 16:05:24,add_to_cart,105,s016156
2309,2025-05-07 08:45:49,view,244,s016157
89,2024-03-07 19:55:16,view,157,s016158
1654,2024-02-12 09:15:24,view,126,s016159
2494,2025-06-22 13:15:03,add_to_cart,157,s016160
2005,2025-08-22 21:08:04,purchase,174,s016161
2029,2025-05-16 16:35:27,view,14,s016162
2242,2025-01-10 12:17:27,purchase,205,s016163
1775,2024-04-04 18:49:09,wishlist,91,s016164
1087,2025-04-19 08:38:34,add_to_cart,197,s016165
998,2024-04-05 20:38:08,view,362,s016166
1415,2025-06-12 07:41:44,wishlist,111,s016167
2383,2024-10-15 10:22:26,remove_from_cart,339,s016168
223,2024-04-10 19:50:56,wishlist,165,s016169
1642,2025-08-11 13:06:59,view,316,s016170
128,2025-10-22 08:27:30,wishlist,18,s016171
1549,2024-04-18 15:23:51,add_to_cart,269,s016172
383,2024-02-29 17:12:06,add_to_cart,175,s016173
1634,2025-08-01 09:12:40,view,387,s016174
569,2024-09-11 09:37:58,wishlist,184,s016175
2377,2025-03-31 22:42:55,view,213,s016176
1969,2024-05-01 20:47:12,purchase,317,s016177
1184,2025-07-12 11:09:39,add_to_cart,143,s016178
832,2025-08-19 11:45:27,add_to_cart,324,s016179
652,2025-02-09 08:22:25,view,39,s016180
1429,2024-09-29 09:45:25,view,11,s016181
2135,2024-04-14 19:00:28,add_to_cart,341,s016182
746,2025-01-12 09:42:00,view,352,s016183
2448,2025-03-26 20:12:02,wishlist,188,s016184
541,2024-12-20 19:23:54,view,166,s016185
1276,2025-07-24 20:57:03,view,83,s016186
334,2025-05-20 11:44:26,view,224,s016187
820,2025-06-16 15:28:52,purchase,183,s016188
1012,2024-01-08 09:32:52,add_to_cart,294,s016189
1795,2025-02-10 19:56:29,purchase,81,s016190
566,2024-04-09 09:45:09,view,88,s016191
1964,2025-07-24 13:58:10,add_to_cart,219,s016192
374,2025-03-28 07:34:43,view,254,s016193
628,2025-10-31 13:10:29,view,140,s016194
796,2025-03-28 21:38:53,view,210,s016195
2218,2024-12-17 23:51:52,view,189,s016196
55,2025-06-26 14:40:17,add_to_cart,328,s016197
405,2025-01-28 12:43:11,view,387,s016198
1756,2024-11-21 19:30:20,view,330,s016199
1892,2025-05-17 11:06:53,purchase,45,s016200
234,2024-04-22 18:59:23,view,134,s016201
210,2024-01-22 04:49:42,wishlist,30,s016202
525,2025-11-16 19:09:19,view,17,s016203
2243,2025-04-16 08:30:10,view,85,s016204
415,2025-10-13 09:15:38,wishlist,286,s016205
284,2024-07-09 20:17:34,add_to_cart,84,s016206
510,2024-08-30 07:06:23,wishlist,192,s016207
104,2024-12-18 22:48:59,view,172,s016208
278,2024-04-01 19:21:30,view,333,s016209
1159,2025-07-28 11:52:44,view,126,s016210
2224,2025-02-01 07:42:53,purchase,16,s016211
1808,2025-11-01 09:29:47,view,97,s016212
253,2024-04-13 17:29:50,view,210,s016213
257,2024-09-06 21:00:12,add_to_cart,79,s016214
1765,2024-07-29 11:12:49,view,384,s016215
1448,2024-05-12 21:35:28,view,310,s016216
274,2025-05-27 10:40:59,view,52,s016217
253,2024-02-01 12:27:35,add_to_cart,234,s016218
1554,2025-04-28 22:42:04,add_to_cart,354,s016219
1373,2024-12-31 06:41:56,view,205,s016220
1291,2025-10-22 17:34:14,add_to_cart,266,s016221
2417,2025-04-03 08:38:40,add_to_cart,246,s016222
2121,2025-05-19 18:21:57,view,330,s016223
1000,2024-04-15 07:50:13,view,193,s016224
473,2025-03-27 10:15:43,view,194,s016225
1043,2025-01-03 15:36:18,add_to_cart,114,s016226
1245,2024-01-12 08:49:57,view,28,s016227
1053,2024-09-28 19:47:09,view,5,s016228
2034,2024-07-24 21:05:55,wishlist,170,s016229
579,2024-01-21 19:30:39,add_to_cart,394,s016230
1443,2025-07-18 18:21:06,view,384,s016231
34,2025-08-16 21:16:18,wishlist,285,s016232
812,2024-07-06 19:04:54,view,17,s016233
1656,2024-10-25 15:02:06,view,317,s016234
415,2024-09-13 06:56:37,add_to_cart,104,s016235
1799,2024-08-02 23:22:41,view,106,s016236
136,2024-12-06 11:28:54,view,158,s016237
1307,2024-11-18 16:36:53,view,329,s016238
1948,2025-07-28 20:57:31,view,45,s016239
1772,2025-05-09 10:05:01,wishlist,268,s016240
210,2025-03-09 19:10:49,view,45,s016241
174,2024-08-31 20:23:56,view,191,s016242
1747,2025-05-27 00:15:56,view,385,s016243
543,2024-01-17 11:53:27,view,393,s016244
2444,2025-09-13 19:03:26,purchase,1,s016245
1921,2025-03-29 11:52:27,wishlist,66,s016246
742,2025-11-25 06:03:41,add_to_cart,397,s016247
2334,2025-02-21 18:36:29,add_to_cart,317,s016248
259,2024-08-23 09:56:21,view,104,s016249
477,2024-10-06 13:31:10,wishlist,190,s016250
822,2025-05-06 17:42:56,view,303,s016251
1775,2024-05-25 20:37:53,view,35,s016252
396,2024-03-07 08:59:38,purchase,284,s016253
1669,2024-10-04 17:37:10,view,209,s016254
1061,2025-03-23 22:00:11,view,310,s016255
1889,2024-09-10 09:51:46,add_to_cart,337,s016256
430,2025-07-28 09:40:23,view,129,s016257
782,2024-06-06 06:44:24,view,98,s016258
163,2025-02-03 14:15:51,view,212,s016259
118,2025-01-14 10:02:10,purchase,385,s016260
962,2025-10-23 13:10:49,wishlist,282,s016261
356,2024-11-12 07:19:00,purchase,271,s016262
1085,2025-09-20 18:15:49,add_to_cart,391,s016263
1776,2024-09-05 03:40:44,view,288,s016264
1683,2025-05-12 15:36:10,view,87,s016265
516,2025-10-12 21:07:16,add_to_cart,333,s016266
275,2025-03-13 06:58:48,remove_from_cart,29,s016267
1454,2025-08-15 21:36:25,view,124,s016268
1509,2024-02-22 14:59:13,add_to_cart,161,s016269
1279,2024-10-04 20:30:04,wishlist,195,s016270
1979,2025-11-15 18:17:40,view,175,s016271
2008,2024-10-24 10:20:37,wishlist,371,s016272
2436,2024-04-01 20:55:11,view,113,s016273
1397,2025-10-24 20:06:17,purchase,296,s016274
897,2025-08-25 20:26:08,add_to_cart,330,s016275
1558,2024-01-17 06:34:38,view,215,s016276
835,2024-03-03 19:04:53,add_to_cart,64,s016277
381,2024-03-10 20:50:53,view,316,s016278
1816,2025-06-03 07:04:16,view,159,s016279
830,2024-05-18 21:24:56,wishlist,21,s016280
1647,2024-09-29 19:58:57,view,203,s016281
649,2025-10-20 21:00:19,add_to_cart,324,s016282
2191,2024-12-10 07:13:56,view,312,s016283
1978,2025-02-24 13:10:00,view,224,s016284
1393,2025-04-20 17:11:35,wishlist,3,s016285
993,2024-11-15 12:00:27,view,50,s016286
1794,2025-09-21 14:47:33,view,184,s016287
485,2025-06-22 13:14:04,purchase,399,s016288
1879,2025-03-15 21:38:02,view,94,s016289
1365,2024-06-02 16:35:04,remove_from_cart,101,s016290
1450,2024-01-12 11:02:28,remove_from_cart,329,s016291
2147,2024-08-23 09:35:23,purchase,304,s016292
1523,2025-06-26 19:51:43,wishlist,320,s016293
1148,2025-06-05 09:12:29,add_to_cart,258,s016294
1471,2025-09-03 18:23:30,view,341,s016295
287,2025-01-07 10:29:16,add_to_cart,381,s016296
324,2025-07-23 05:46:51,wishlist,177,s016297
2477,2025-06-30 17:39:44,add_to_cart,34,s016298
311,2025-06-05 16:26:07,view,204,s016299
2279,2025-02-03 19:48:00,remove_from_cart,311,s016300
755,2025-11-09 09:13:18,add_to_cart,267,s016301
1835,2025-02-10 22:37:42,add_to_cart,353,s016302
687,2024-08-07 20:40:13,view,373,s016303
1016,2025-02-24 10:42:22,wishlist,230,s016304
1464,2025-06-21 10:30:53,wishlist,199,s016305
2045,2024-07-04 10:10:11,wishlist,335,s016306
821,2025-07-31 18:45:22,wishlist,53,s016307
96,2025-06-05 18:49:52,add_to_cart,108,s016308
2183,2025-11-14 21:58:07,view,327,s016309
982,2024-06-15 16:12:05,view,370,s016310
2174,2024-11-10 18:33:37,view,187,s016311
1501,2025-02-04 18:22:58,view,273,s016312
2081,2025-02-24 13:27:45,view,144,s016313
1915,2025-09-22 17:25:21,wishlist,145,s016314
2257,2025-11-14 21:50:10,wishlist,60,s016315
1371,2024-10-18 12:09:00,view,390,s016316
2243,2024-06-02 18:56:46,purchase,323,s016317
10,2024-02-10 09:26:14,view,343,s016318
1669,2025-02-06 21:47:48,view,161,s016319
2019,2025-06-04 11:42:31,wishlist,321,s016320
682,2024-03-31 16:04:07,view,140,s016321
301,2025-06-05 07:14:57,view,17,s016322
510,2024-12-18 00:25:48,view,211,s016323
1731,2025-07-30 19:11:54,view,59,s016324
1406,2024-07-01 05:17:39,wishlist,339,s016325
2074,2024-12-30 20:17:23,view,112,s016326
352,2025-01-04 20:13:49,wishlist,202,s016327
1063,2025-08-04 09:41:38,remove_from_cart,249,s016328
1083,2025-01-12 07:43:35,add_to_cart,171,s016329
834,2025-07-03 22:31:24,view,315,s016330
2147,2025-08-18 09:35:52,view,230,s016331
320,2024-08-24 11:45:06,wishlist,311,s016332
266,2025-05-06 13:01:08,view,182,s016333
1183,2024-04-16 12:47:22,remove_from_cart,41,s016334
1386,2025-09-28 19:39:18,view,110,s016335
2161,2024-09-19 16:00:47,view,228,s016336
1503,2025-04-18 08:57:04,view,119,s016337
1884,2025-04-17 10:45:03,purchase,48,s016338
857,2025-04-18 18:07:56,view,21,s016339
2355,2025-09-15 15:48:22,view,67,s016340
990,2024-04-23 07:56:24,wishlist,36,s016341
2272,2025-10-09 04:20:29,view,293,s016342
742,2025-05-26 14:16:51,purchase,311,s016343
1939,2025-10-05 03:46:21,view,374,s016344
1636,2025-06-26 22:16:00,view,133,s016345
221,2024-03-20 03:00:59,view,180,s016346
86,2024-06-04 10:06:51,wishlist,392,s016347
2284,2024-06-24 19:14:16,view,342,s016348
886,2024-05-29 15:57:36,view,290,s016349
407,2024-11-07 20:41:23,wishlist,223,s016350
1989,2024-12-30 19:30:48,view,374,s016351
747,2024-09-01 21:11:14,view,139,s016352
563,2025-01-17 14:19:49,purchase,151,s016353
666,2024-07-31 08:15:36,view,194,s016354
710,2025-11-03 14:56:13,view,27,s016355
1905,2024-10-28 05:20:05,wishlist,379,s016356
1882,2025-10-09 19:52:56,view,67,s016357
23,2025-04-01 11:28:24,add_to_cart,162,s016358
345,2024-12-24 21:38:23,wishlist,75,s016359
2356,2025-03-12 17:30:02,wishlist,250,s016360
902,2024-10-12 18:07:45,view,325,s016361
325,2024-08-19 16:45:37,purchase,358,s016362
1983,2025-01-28 12:54:44,wishlist,397,s016363
2184,2024-12-08 19:32:58,view,373,s016364
1008,2024-07-10 10:17:29,purchase,105,s016365
877,2024-07-19 21:29:22,wishlist,52,s016366
653,2024-08-20 18:42:27,view,263,s016367
520,2025-02-14 18:45:10,view,144,s016368
2105,2024-08-26 13:50:48,view,275,s016369
708,2024-02-26 23:04:41,view,207,s016370
2076,2024-09-12 19:43:25,purchase,244,s016371
249,2024-05-23 10:19:37,view,320,s016372
1516,2025-10-31 22:55:28,view,175,s016373
686,2024-08-18 13:51:21,add_to_cart,399,s016374
36,2024-09-03 18:04:36,view,314,s016375
2282,2025-07-16 23:16:17,remove_from_cart,65,s016376
1519,2024-08-23 09:01:45,view,63,s016377
1012,2025-03-24 09:45:11,view,389,s016378
1332,2025-10-21 11:35:17,purchase,228,s016379
2199,2025-05-14 19:21:23,purchase,305,s016380
518,2024-12-14 11:01:21,wishlist,95,s016381
551,2025-01-18 06:28:52,view,241,s016382
815,2024-11-22 19:21:46,wishlist,299,s016383
1248,2024-07-16 19:44:35,view,362,s016384
751,2025-11-21 18:16:36,add_to_cart,116,s016385
1551,2024-02-15 18:27:45,view,348,s016386
111,2025-03-30 21:40:08,purchase,219,s016387
683,2025-11-24 08:04:11,view,375,s016388
1006,2024-10-02 13:24:02,purchase,383,s016389
2129,2025-09-25 19:03:50,view,315,s016390
196,2025-10-24 15:03:22,wishlist,387,s016391
54,2024-11-01 09:36:40,add_to_cart,214,s016392
158,2024-08-18 18:12:43,view,38,s016393
413,2024-03-26 16:02:20,purchase,399,s016394
2218,2025-06-18 18:34:05,view,67,s016395
1524,2024-03-25 09:40:42,purchase,14,s016396
830,2025-03-16 11:48:36,view,143,s016397
649,2024-12-18 06:26:24,view,160,s016398
1079,2024-07-02 14:03:57,purchase,101,s016399
1803,2024-06-08 09:16:16,add_to_cart,139,s016400
191,2025-03-13 19:50:49,add_to_cart,148,s016401
1918,2024-09-10 18:22:41,view,234,s016402
1526,2024-08-15 13:01:09,view,145,s016403
1743,2025-07-01 03:54:29,add_to_cart,148,s016404
205,2025-07-09 21:50:23,view,308,s016405
790,2024-11-07 17:33:51,purchase,110,s016406
1955,2025-09-25 20:58:36,view,199,s016407
2238,2025-03-12 20:38:28,view,259,s016408
1087,2024-11-10 23:09:39,add_to_cart,243,s016409
2018,2025-03-03 05:56:59,add_to_cart,231,s016410
1297,2024-06-18 15:02:12,view,233,s016411
1779,2025-05-30 09:38:08,add_to_cart,114,s016412
1039,2025-10-14 16:19:44,add_to_cart,159,s016413
847,2024-02-05 08:35:44,wishlist,250,s016414
984,2025-11-13 21:51:34,wishlist,116,s016415
397,2024-09-07 10:52:02,view,354,s016416
600,2024-12-26 18:41:30,view,255,s016417
1745,2024-05-11 18:51:56,view,129,s016418
2499,2025-08-19 20:50:18,view,77,s016419
2322,2024-10-09 09:54:25,add_to_cart,80,s016420
1843,2024-05-16 18:34:44,view,181,s016421
2490,2024-01-27 20:06:13,purchase,369,s016422
347,2025-06-25 07:33:14,purchase,74,s016423
2172,2024-08-21 07:54:23,add_to_cart,187,s016424
1865,2024-12-05 20:45:23,purchase,389,s016425
1014,2025-04-01 06:30:19,purchase,15,s016426
1050,2024-05-03 12:59:46,view,22,s016427
1066,2024-07-19 19:59:47,view,293,s016428
281,2024-03-31 18:02:40,view,69,s016429
1542,2024-07-19 21:49:29,view,204,s016430
2403,2025-01-21 04:51:21,view,249,s016431
1413,2025-06-16 10:36:55,add_to_cart,348,s016432
256,2024-08-05 15:40:11,wishlist,384,s016433
2383,2025-04-18 16:31:09,view,351,s016434
2151,2024-04-29 11:26:48,view,253,s016435
714,2024-09-29 20:48:45,view,118,s016436
1914,2025-01-30 09:00:39,view,130,s016437
1102,2025-02-09 17:53:04,view,17,s016438
2186,2025-01-06 17:43:37,view,72,s016439
970,2024-06-30 12:49:31,view,378,s016440
1868,2025-04-12 07:27:23,purchase,372,s016441
2181,2024-02-05 17:59:47,view,2,s016442
2432,2024-02-29 13:13:26,add_to_cart,170,s016443
2031,2025-03-28 20:43:45,add_to_cart,40,s016444
1593,2024-12-27 14:13:42,add_to_cart,1,s016445
521,2024-01-24 20:29:10,purchase,9,s016446
2364,2024-01-06 19:29:39,wishlist,241,s016447
647,2024-05-25 10:42:44,view,96,s016448
2251,2025-10-11 17:21:27,view,122,s016449
2383,2025-01-30 17:24:16,view,39,s016450
2178,2024-02-21 09:08:14,wishlist,224,s016451
2123,2025-09-01 18:37:50,view,349,s016452
1011,2025-09-13 00:59:21,view,397,s016453
496,2024-11-09 19:19:14,add_to_cart,169,s016454
1161,2024-06-21 10:41:02,add_to_cart,37,s016455
1899,2025-07-21 20:58:59,view,373,s016456
1465,2025-01-11 03:29:03,purchase,293,s016457
1172,2024-10-12 12:09:44,view,328,s016458
633,2025-06-17 20:54:46,purchase,215,s016459
997,2024-03-15 06:21:44,view,155,s016460
1105,2024-09-03 22:05:32,wishlist,389,s016461
1989,2024-07-05 14:38:26,add_to_cart,213,s016462
156,2024-10-24 10:09:49,view,31,s016463
593,2024-01-12 20:31:39,add_to_cart,222,s016464
1262,2024-06-23 13:59:39,remove_from_cart,291,s016465
1172,2024-04-20 05:04:20,wishlist,174,s016466
2227,2024-10-07 12:01:02,view,55,s016467
64,2025-03-15 17:42:24,remove_from_cart,224,s016468
1465,2024-11-08 18:10:53,add_to_cart,228,s016469
447,2025-09-03 17:50:05,view,98,s016470
2202,2025-10-27 16:32:02,add_to_cart,165,s016471
397,2025-08-11 13:32:41,view,129,s016472
2185,2024-10-14 13:13:48,view,116,s016473
1865,2025-05-15 09:20:13,view,84,s016474
640,2024-12-19 19:51:40,view,39,s016475
280,2024-02-04 05:15:38,view,5,s016476
279,2024-08-25 21:43:09,purchase,126,s016477
1027,2024-05-27 13:03:11,remove_from_cart,271,s016478
821,2025-10-22 09:10:45,view,258,s016479
1693,2025-08-31 18:58:42,add_to_cart,288,s016480
224,2024-08-01 11:23:45,view,172,s016481
1962,2025-02-13 10:42:39,wishlist,324,s016482
2449,2024-03-17 10:27:33,add_to_cart,296,s016483
383,2025-05-08 01:34:06,wishlist,223,s016484
1179,2025-05-22 20:04:00,view,193,s016485
1908,2025-08-09 08:49:37,view,281,s016486
1916,2024-09-06 22:18:53,view,108,s016487
1665,2024-11-13 07:11:49,view,198,s016488
160,2025-03-23 19:16:23,view,207,s016489
1054,2025-05-02 21:56:10,view,155,s016490
829,2025-07-27 08:30:01,view,368,s016491
1022,2024-09-17 11:24:40,view,196,s016492
2430,2024-01-31 09:37:03,purchase,217,s016493
1050,2025-12-01 21:26:45,add_to_cart,340,s016494
989,2025-09-19 07:51:46,view,311,s016495
1841,2025-11-08 11:13:39,view,131,s016496
566,2025-11-23 20:25:28,add_to_cart,350,s016497
532,2025-05-30 13:17:07,add_to_cart,329,s016498
1424,2025-08-29 20:13:51,add_to_cart,96,s016499
1297,2025-04-08 17:55:38,add_to_cart,264,s016500
391,2025-04-13 22:08:39,view,15,s016501
459,2025-02-01 20:41:00,add_to_cart,65,s016502
1149,2025-09-06 20:31:11,wishlist,178,s016503
1474,2025-04-25 19:01:39,view,116,s016504
1267,2024-11-20 11:12:40,remove_from_cart,162,s016505
2147,2025-09-16 16:31:56,purchase,150,s016506
1023,2025-01-27 16:44:54,view,376,s016507
2031,2024-03-04 16:09:48,view,142,s016508
699,2024-04-23 19:01:51,view,177,s016509
1981,2024-05-10 22:34:51,view,312,s016510
693,2024-07-04 11:08:42,view,370,s016511
966,2025-11-03 17:21:59,view,214,s016512
308,2024-09-21 19:20:36,view,174,s016513
2256,2024-12-07 20:22:10,add_to_cart,139,s016514
132,2024-12-31 20:32:16,add_to_cart,149,s016515
526,2024-07-25 09:24:01,purchase,278,s016516
877,2024-10-09 10:15:32,add_to_cart,23,s016517
2366,2024-11-14 18:25:27,remove_from_cart,18,s016518
1985,2025-03-11 20:30:41,add_to_cart,35,s016519
1620,2025-08-17 06:26:22,remove_from_cart,25,s016520
1174,2025-08-16 15:51:28,add_to_cart,67,s016521
1835,2025-08-15 18:32:49,purchase,219,s016522
892,2024-02-28 02:08:17,remove_from_cart,107,s016523
667,2025-07-11 18:50:14,remove_from_cart,326,s016524
286,2025-02-05 18:19:16,view,275,s016525
1382,2025-02-10 09:38:31,purchase,96,s016526
1677,2024-03-12 21:02:04,purchase,185,s016527
309,2024-12-26 05:40:27,view,104,s016528
701,2024-11-21 12:59:42,view,211,s016529
161,2024-09-24 07:27:10,add_to_cart,232,s016530
1363,2024-02-18 20:23:39,view,236,s016531
207,2025-02-12 11:53:50,view,141,s016532
245,2025-05-06 08:20:08,view,66,s016533
1726,2024-08-01 05:30:23,wishlist,88,s016534
1466,2025-07-20 09:11:00,view,323,s016535
976,2025-03-07 17:00:49,purchase,64,s016536
1597,2024-04-27 20:36:23,view,205,s016537
1672,2024-05-27 20:37:05,add_to_cart,134,s016538
628,2024-03-12 21:23:24,view,181,s016539
1451,2025-10-17 20:37:15,view,147,s016540
2392,2025-03-18 11:48:12,view,142,s016541
2208,2024-05-06 08:36:26,view,147,s016542
1312,2025-06-26 22:42:35,add_to_cart,40,s016543
1779,2025-06-26 20:08:04,view,194,s016544
206,2025-01-04 13:13:09,view,291,s016545
81,2025-04-04 17:18:02,wishlist,369,s016546
2226,2025-04-18 21:31:28,view,291,s016547
2009,2024-12-05 01:26:07,view,346,s016548
492,2024-11-10 06:42:15,view,209,s016549
1783,2024-11-06 11:22:55,view,199,s016550
1254,2024-09-27 13:08:12,add_to_cart,306,s016551
1766,2024-08-15 13:42:09,wishlist,354,s016552
2276,2025-10-03 20:24:12,add_to_cart,149,s016553
1285,2024-12-09 17:43:24,view,151,s016554
1636,2024-09-15 15:39:31,view,219,s016555
2325,2024-08-04 11:29:27,add_to_cart,208,s016556
1469,2025-03-13 16:21:04,purchase,171,s016557
2366,2025-04-08 08:51:19,add_to_cart,376,s016558
981,2025-05-20 09:02:02,add_to_cart,365,s016559
1171,2025-03-31 12:54:40,purchase,142,s016560
917,2024-08-06 09:27:02,add_to_cart,149,s016561
1793,2025-12-03 22:54:02,view,204,s016562
158,2024-11-04 23:34:25,add_to_cart,99,s016563
506,2024-12-02 05:55:05,view,296,s016564
1932,2024-12-17 19:34:45,remove_from_cart,286,s016565
2159,2024-08-28 23:08:27,remove_from_cart,61,s016566
1119,2024-10-20 09:15:49,view,102,s016567
2195,2025-02-06 05:14:28,view,302,s016568
1812,2025-11-09 21:44:06,wishlist,297,s016569
142,2025-06-02 20:21:45,wishlist,15,s016570
2086,2025-08-15 15:58:31,view,138,s016571
2400,2024-07-08 20:25:36,view,211,s016572
2250,2025-03-13 18:54:25,purchase,174,s016573
2181,2025-10-02 06:56:21,purchase,346,s016574
1561,2024-12-13 20:12:11,purchase,118,s016575
1394,2025-11-06 22:53:33,view,266,s016576
1618,2025-05-10 18:39:34,wishlist,17,s016577
835,2024-08-01 20:49:51,view,228,s016578
1926,2024-03-21 15:15:49,view,350,s016579
1569,2024-05-30 08:22:00,view,276,s016580
236,2025-02-27 08:30:18,view,168,s016581
462,2024-11-29 06:34:43,view,272,s016582
854,2025-12-10 05:26:10,view,285,s016583
2463,2025-04-19 23:21:36,view,112,s016584
2003,2024-03-19 08:26:13,remove_from_cart,37,s016585
2446,2025-11-09 08:09:09,view,263,s016586
1226,2025-04-04 16:16:13,view,384,s016587
1652,2024-11-26 22:02:18,view,233,s016588
1495,2025-09-05 17:28:02,add_to_cart,66,s016589
1808,2025-07-01 16:29:20,purchase,270,s016590
930,2025-03-14 21:56:29,add_to_cart,138,s016591
137,2024-07-06 17:46:32,view,158,s016592
2154,2025-04-18 19:42:36,view,113,s016593
2472,2025-08-07 02:30:24,view,400,s016594
1202,2025-04-15 01:54:12,view,191,s016595
1461,2025-05-10 09:13:11,view,368,s016596
1073,2024-12-11 20:11:02,wishlist,232,s016597
857,2024-05-03 09:26:29,add_to_cart,83,s016598
1427,2025-11-04 16:02:13,view,29,s016599
1048,2024-11-30 18:27:18,wishlist,168,s016600
1318,2024-12-23 20:27:00,view,220,s016601
1532,2024-10-13 09:24:44,view,266,s016602
226,2024-03-15 21:00:16,view,210,s016603
222,2024-09-01 20:04:15,view,26,s016604
127,2025-04-07 18:04:37,view,174,s016605
987,2025-06-06 06:53:51,add_to_cart,198,s016606
1572,2024-12-14 18:01:05,view,76,s016607
1907,2024-03-08 08:51:23,purchase,128,s016608
852,2025-01-16 10:50:35,view,16,s016609
1363,2025-09-17 05:31:12,view,324,s016610
1005,2024-09-24 18:01:15,purchase,39,s016611
1771,2024-06-01 07:06:34,remove_from_cart,155,s016612
982,2025-04-19 02:13:37,add_to_cart,20,s016613
725,2024-04-18 11:12:20,purchase,108,s016614
2057,2025-09-06 17:45:32,add_to_cart,82,s016615
1397,2025-01-17 08:55:48,view,114,s016616
1901,2025-11-21 07:25:16,view,246,s016617
1915,2024-09-06 09:29:08,wishlist,170,s016618
156,2024-01-13 09:20:15,remove_from_cart,392,s016619
2167,2025-07-07 23:49:50,add_to_cart,347,s016620
1547,2025-06-19 02:44:39,view,154,s016621
1073,2025-07-15 22:59:13,view,92,s016622
2142,2025-08-20 02:51:02,remove_from_cart,77,s016623
1475,2024-12-12 10:52:25,view,373,s016624
2252,2025-03-02 20:50:30,view,74,s016625
906,2025-08-17 23:11:48,view,61,s016626
2046,2024-09-15 07:47:46,view,378,s016627
1186,2024-12-24 08:12:46,view,300,s016628
784,2025-04-11 07:13:53,purchase,153,s016629
2477,2024-10-14 18:35:54,add_to_cart,115,s016630
1472,2024-04-20 17:44:42,view,271,s016631
679,2025-10-03 20:40:18,purchase,178,s016632
1568,2025-01-14 09:05:33,wishlist,199,s016633
623,2025-10-11 18:13:06,add_to_cart,64,s016634
1443,2025-03-24 00:34:59,view,312,s016635
916,2024-03-24 08:34:05,remove_from_cart,242,s016636
1716,2024-05-18 12:55:01,purchase,125,s016637
625,2024-04-29 03:23:52,view,271,s016638
1723,2024-06-01 01:53:47,remove_from_cart,212,s016639
2173,2025-06-09 10:09:43,view,90,s016640
372,2025-07-15 08:31:06,view,83,s016641
1841,2025-03-31 15:12:00,purchase,152,s016642
2103,2024-11-13 08:08:47,view,14,s016643
816,2024-08-02 09:27:46,view,294,s016644
1766,2024-11-28 21:48:26,add_to_cart,53,s016645
334,2024-06-28 12:41:46,wishlist,232,s016646
778,2025-07-30 10:11:04,wishlist,126,s016647
1089,2025-12-12 09:45:07,add_to_cart,102,s016648
974,2024-11-13 18:31:58,add_to_cart,372,s016649
2321,2025-05-26 21:40:54,purchase,240,s016650
689,2024-06-30 19:35:20,view,105,s016651
1236,2025-11-30 21:33:15,view,231,s016652
1692,2025-04-22 09:30:34,view,90,s016653
1768,2024-12-15 00:49:40,add_to_cart,326,s016654
77,2025-07-31 20:15:38,wishlist,285,s016655
315,2025-08-08 06:25:51,remove_from_cart,38,s016656
1337,2024-06-24 09:32:15,add_to_cart,371,s016657
1067,2024-07-26 06:13:52,view,319,s016658
86,2025-01-31 18:49:35,wishlist,144,s016659
538,2025-05-24 16:18:43,purchase,193,s016660
1119,2025-02-12 08:08:39,add_to_cart,334,s016661
1643,2025-12-11 20:37:49,wishlist,37,s016662
865,2025-01-04 10:52:16,view,35,s016663
892,2024-06-03 20:20:11,view,220,s016664
733,2025-11-01 10:05:41,view,389,s016665
130,2024-09-23 19:15:53,view,254,s016666
1051,2025-07-01 08:13:22,add_to_cart,267,s016667
864,2024-01-27 18:45:33,view,47,s016668
418,2024-11-25 06:05:18,view,82,s016669
1930,2024-05-16 08:28:22,view,96,s016670
1056,2025-08-11 16:04:22,view,74,s016671
2114,2024-03-12 15:13:54,view,325,s016672
2210,2024-02-25 21:21:36,view,98,s016673
2491,2024-09-05 09:48:18,view,246,s016674
801,2025-04-28 17:42:00,view,336,s016675
2189,2025-04-15 21:49:18,add_to_cart,350,s016676
1134,2024-01-29 20:25:17,view,78,s016677
895,2024-03-15 05:08:02,add_to_cart,36,s016678
2250,2025-06-19 18:30:46,purchase,141,s016679
1174,2025-11-02 06:39:22,view,389,s016680
1959,2024-11-24 19:59:40,view,112,s016681
1499,2025-07-18 07:17:45,add_to_cart,383,s016682
991,2024-07-11 20:58:55,purchase,3,s016683
304,2024-01-24 18:53:19,view,205,s016684
1890,2025-01-22 20:42:43,view,349,s016685
2464,2025-05-15 09:37:13,add_to_cart,38,s016686
1208,2024-05-07 10:40:23,purchase,178,s016687
288,2025-01-12 14:16:22,view,148,s016688
888,2024-08-12 18:07:48,view,89,s016689
974,2024-03-10 15:30:57,view,143,s016690
1642,2025-10-07 16:52:08,view,188,s016691
1520,2024-04-21 20:46:31,view,360,s016692
892,2025-06-18 12:04:42,view,10,s016693
741,2024-09-17 21:04:46,view,237,s016694
1492,2025-08-01 21:45:11,purchase,226,s016695
340,2024-06-17 10:45:47,remove_from_cart,270,s016696
924,2025-01-27 17:18:25,wishlist,309,s016697
381,2025-07-19 08:13:04,view,301,s016698
1406,2025-02-21 04:07:27,view,104,s016699
580,2024-11-13 07:01:31,view,113,s016700
34,2025-04-28 05:22:48,add_to_cart,283,s016701
2200,2024-09-08 19:58:58,wishlist,262,s016702
701,2024-05-21 17:38:58,wishlist,271,s016703
2198,2024-11-01 20:08:16,add_to_cart,166,s016704
1087,2025-12-14 17:00:12,wishlist,263,s016705
1523,2024-09-19 20:15:45,view,356,s016706
2475,2025-04-26 00:34:20,view,209,s016707
2304,2024-09-11 17:20:35,view,132,s016708
2271,2025-01-11 20:43:05,view,307,s016709
2083,2024-10-17 14:30:05,view,321,s016710
1705,2024-12-15 23:27:40,view,331,s016711
224,2024-11-20 11:12:35,purchase,342,s016712
288,2024-04-04 09:25:50,purchase,81,s016713
788,2025-01-19 10:21:55,view,283,s016714
219,2024-07-11 07:53:59,purchase,321,s016715
1426,2024-03-01 18:17:39,purchase,329,s016716
527,2024-06-01 05:14:21,view,342,s016717
1513,2025-07-25 18:47:42,view,342,s016718
2133,2025-08-08 21:19:16,view,267,s016719
113,2025-06-21 17:53:01,view,246,s016720
617,2025-03-13 10:36:08,view,352,s016721
1465,2024-02-23 11:50:46,add_to_cart,152,s016722
1179,2024-05-15 22:02:08,wishlist,265,s016723
1191,2025-03-06 08:44:00,remove_from_cart,395,s016724
285,2025-10-12 19:08:37,add_to_cart,203,s016725
333,2024-08-09 08:57:59,add_to_cart,311,s016726
2031,2024-12-17 08:51:06,view,326,s016727
2014,2024-08-09 21:55:51,add_to_cart,173,s016728
1631,2025-03-14 07:46:58,wishlist,357,s016729
302,2024-11-04 18:29:28,view,30,s016730
2086,2025-08-30 10:27:46,view,97,s016731
870,2025-10-20 12:44:59,add_to_cart,205,s016732
1762,2024-08-11 13:30:49,wishlist,128,s016733
1504,2025-05-23 11:56:26,view,196,s016734
1742,2025-06-03 07:15:44,wishlist,364,s016735
1321,2024-10-22 02:27:53,wishlist,360,s016736
1202,2025-07-02 19:12:42,remove_from_cart,336,s016737
811,2025-09-23 20:41:44,view,342,s016738
1104,2025-11-09 18:54:53,view,192,s016739
1647,2024-07-10 13:30:33,add_to_cart,187,s016740
1717,2025-11-18 09:12:31,view,349,s016741
1334,2024-05-19 20:47:27,view,88,s016742
1527,2025-07-02 09:16:49,wishlist,292,s016743
782,2025-11-26 21:09:29,view,282,s016744
1431,2025-04-21 21:28:08,view,94,s016745
1650,2025-04-19 20:42:46,view,356,s016746
2078,2025-10-14 07:55:57,add_to_cart,317,s016747
1893,2025-04-25 19:36:03,view,249,s016748
598,2024-06-12 11:03:29,add_to_cart,170,s016749
1542,2024-09-17 22:46:58,view,92,s016750
1919,2025-03-25 19:41:07,view,57,s016751
2484,2025-08-25 20:37:59,view,103,s016752
84,2025-02-04 19:37:59,view,323,s016753
2371,2024-04-19 15:08:26,wishlist,259,s016754
805,2025-08-11 11:51:02,wishlist,285,s016755
1828,2025-01-01 02:26:33,wishlist,106,s016756
543,2025-11-26 10:28:32,view,265,s016757
2208,2024-09-01 22:08:38,add_to_cart,221,s016758
279,2025-11-08 17:32:50,view,372,s016759
1642,2025-04-22 17:53:24,wishlist,383,s016760
1091,2024-06-18 07:13:20,view,10,s016761
1198,2025-06-04 15:58:13,view,20,s016762
2398,2025-08-01 20:05:46,purchase,301,s016763
274,2025-11-06 11:42:20,add_to_cart,79,s016764
1448,2025-05-20 19:30:14,add_to_cart,153,s016765
1344,2025-07-25 15:22:02,view,92,s016766
1405,2024-04-11 05:05:09,view,354,s016767
480,2024-12-27 16:04:23,remove_from_cart,85,s016768
119,2025-06-29 20:56:30,add_to_cart,162,s016769
38,2024-10-05 13:15:37,view,364,s016770
2,2025-11-01 19:28:16,wishlist,67,s016771
489,2024-03-15 12:09:45,view,336,s016772
487,2025-08-01 21:39:55,view,210,s016773
1497,2025-04-24 19:07:16,view,289,s016774
2282,2025-11-14 03:09:06,view,3,s016775
2199,2025-07-22 08:10:09,purchase,365,s016776
1762,2024-04-28 14:47:33,add_to_cart,367,s016777
1485,2024-07-07 20:06:28,add_to_cart,64,s016778
1667,2025-04-14 11:26:32,add_to_cart,291,s016779
556,2024-08-18 15:44:17,wishlist,321,s016780
422,2024-04-23 09:59:16,view,15,s016781
1576,2024-09-26 09:08:27,add_to_cart,248,s016782
348,2025-10-21 22:51:51,wishlist,257,s016783
2430,2025-02-22 13:55:09,wishlist,369,s016784
1461,2025-07-17 09:54:14,wishlist,60,s016785
68,2025-01-25 21:33:11,add_to_cart,217,s016786
653,2025-07-29 07:36:19,view,218,s016787
462,2024-04-14 22:53:16,view,238,s016788
908,2024-08-25 17:45:10,view,309,s016789
39,2025-03-17 20:56:07,view,241,s016790
1545,2024-08-06 21:52:35,view,160,s016791
1741,2025-11-28 15:14:30,purchase,178,s016792
52,2025-06-25 07:59:14,view,221,s016793
850,2024-11-18 09:03:34,add_to_cart,56,s016794
321,2024-07-07 22:32:52,add_to_cart,37,s016795
1014,2025-03-25 13:02:44,wishlist,155,s016796
1213,2024-09-26 09:47:00,view,188,s016797
2333,2024-09-22 05:37:51,view,113,s016798
988,2024-06-02 09:18:09,view,203,s016799
895,2024-09-24 21:35:40,wishlist,29,s016800
2488,2025-08-07 14:35:26,wishlist,353,s016801
756,2024-07-19 21:46:39,view,367,s016802
2361,2025-10-22 23:58:35,view,42,s016803
1079,2024-03-19 08:59:57,purchase,182,s016804
1193,2024-03-10 16:01:06,purchase,14,s016805
666,2025-07-05 18:04:03,view,328,s016806
2367,2025-01-15 18:46:51,remove_from_cart,241,s016807
1918,2025-08-29 18:56:12,wishlist,185,s016808
829,2025-10-08 22:05:35,view,123,s016809
1528,2024-09-01 06:51:54,add_to_cart,275,s016810
1993,2024-06-01 19:56:50,remove_from_cart,366,s016811
604,2025-10-19 16:57:01,view,356,s016812
1998,2024-05-13 19:49:47,view,365,s016813
2287,2025-11-20 13:21:13,view,37,s016814
2238,2025-05-05 21:50:38,view,304,s016815
1913,2024-04-13 11:29:31,view,365,s016816
283,2024-05-27 16:44:29,view,353,s016817
1555,2025-08-12 01:10:11,view,189,s016818
637,2025-04-04 19:50:55,wishlist,59,s016819
1212,2024-03-12 20:16:53,add_to_cart,48,s016820
1304,2025-02-27 10:24:02,view,192,s016821
954,2024-11-13 08:11:40,view,92,s016822
1764,2025-11-10 09:08:12,add_to_cart,226,s016823
1199,2024-11-02 08:44:12,add_to_cart,350,s016824
89,2024-08-02 18:59:21,view,343,s016825
315,2024-03-12 09:40:22,view,376,s016826
1699,2025-07-09 17:38:50,purchase,351,s016827
1567,2024-07-18 12:46:21,view,361,s016828
1591,2024-12-20 06:29:11,purchase,89,s016829
395,2024-02-27 22:12:31,view,399,s016830
1868,2024-09-29 13:26:44,view,158,s016831
2326,2024-04-06 07:47:52,purchase,182,s016832
1124,2024-01-20 21:34:05,view,343,s016833
1854,2024-02-23 09:35:22,view,338,s016834
2258,2025-04-17 12:49:07,view,337,s016835
113,2024-06-23 14:13:34,view,347,s016836
470,2024-06-22 17:48:15,view,190,s016837
1996,2024-07-09 09:05:51,view,284,s016838
2321,2024-02-12 17:50:54,purchase,173,s016839
1903,2024-03-10 05:52:56,wishlist,139,s016840
505,2024-05-11 20:06:02,view,9,s016841
1355,2024-04-30 04:45:47,add_to_cart,14,s016842
1429,2024-05-27 22:41:19,add_to_cart,389,s016843
292,2024-10-04 05:16:08,wishlist,50,s016844
447,2024-05-19 19:28:39,view,158,s016845
1264,2024-12-28 19:36:39,wishlist,356,s016846
1879,2025-09-19 18:45:27,purchase,58,s016847
1905,2024-10-08 06:24:59,view,397,s016848
715,2024-07-26 11:59:12,add_to_cart,158,s016849
535,2025-10-10 20:17:19,add_to_cart,238,s016850
1948,2024-02-02 05:09:32,view,395,s016851
842,2025-02-13 07:12:44,remove_from_cart,154,s016852
985,2025-12-08 16:41:37,wishlist,252,s016853
981,2025-04-17 01:55:52,view,389,s016854
656,2024-12-10 19:52:00,view,51,s016855
2102,2024-03-18 15:10:18,wishlist,378,s016856
1889,2025-01-23 16:09:40,purchase,100,s016857
576,2025-07-07 23:45:46,purchase,60,s016858
2104,2024-09-26 20:13:08,remove_from_cart,286,s016859
1804,2025-06-12 12:35:05,wishlist,126,s016860
2466,2024-09-23 21:24:42,view,197,s016861
2078,2024-12-10 19:38:19,view,10,s016862
647,2025-04-12 19:20:49,wishlist,264,s016863
1680,2025-05-06 11:03:11,view,394,s016864
1182,2024-02-16 17:35:56,add_to_cart,173,s016865
716,2024-10-24 08:02:33,view,188,s016866
1515,2025-11-15 23:49:15,view,83,s016867
1214,2024-12-22 16:03:49,add_to_cart,302,s016868
1723,2024-01-30 08:37:08,remove_from_cart,136,s016869
1814,2025-01-24 19:41:00,view,274,s016870
686,2025-08-26 10:33:21,view,226,s016871
798,2024-10-08 20:26:51,view,340,s016872
5,2024-02-05 19:24:21,view,4,s016873
2183,2024-08-02 13:14:07,view,324,s016874
2308,2024-12-23 20:14:17,view,385,s016875
1740,2025-08-04 08:30:58,add_to_cart,39,s016876
268,2024-06-07 13:54:48,view,378,s016877
114,2024-06-10 19:42:14,wishlist,257,s016878
1687,2025-08-13 20:39:57,wishlist,258,s016879
1665,2024-04-25 20:47:00,remove_from_cart,242,s016880
1631,2025-08-26 19:00:37,view,338,s016881
2312,2025-04-12 19:04:58,purchase,176,s016882
2354,2025-07-22 20:50:37,remove_from_cart,201,s016883
395,2024-07-02 12:55:15,view,136,s016884
1209,2024-11-02 23:33:29,wishlist,93,s016885
1832,2024-08-01 08:02:51,wishlist,203,s016886
721,2025-02-24 08:33:52,purchase,93,s016887
230,2024-02-29 20:01:34,purchase,164,s016888
1938,2024-01-27 20:43:20,remove_from_cart,82,s016889
850,2025-05-27 21:19:55,purchase,368,s016890
1052,2025-05-03 12:59:42,view,341,s016891
1393,2024-06-13 18:41:54,view,250,s016892
602,2025-05-01 15:10:32,view,20,s016893
1931,2024-10-03 08:26:44,add_to_cart,353,s016894
2298,2025-10-12 17:17:02,view,87,s016895
1255,2025-07-22 17:03:15,wishlist,64,s016896
1351,2025-02-10 18:52:10,view,377,s016897
1414,2025-11-20 18:36:22,view,184,s016898
1238,2025-05-28 20:37:16,view,50,s016899
1988,2025-06-19 20:06:17,view,22,s016900
270,2025-04-05 17:00:59,purchase,272,s016901
1349,2024-06-12 06:59:27,view,119,s016902
1563,2024-04-03 15:14:25,wishlist,183,s016903
2121,2025-08-04 06:49:22,view,331,s016904
1906,2025-12-13 08:45:37,purchase,198,s016905
2380,2025-05-18 11:00:00,view,42,s016906
2428,2025-03-01 18:09:15,wishlist,350,s016907
1243,2025-05-02 09:09:37,view,110,s016908
728,2024-03-29 18:19:03,view,86,s016909
1223,2024-02-19 21:54:54,purchase,258,s016910
1695,2025-09-08 08:17:35,view,126,s016911
102,2025-02-02 21:36:46,remove_from_cart,386,s016912
74,2024-03-12 17:00:59,add_to_cart,259,s016913
596,2024-10-10 08:46:25,view,210,s016914
2442,2025-01-24 10:20:35,view,55,s016915
1034,2025-02-17 20:48:59,wishlist,310,s016916
1798,2024-11-27 19:34:45,view,204,s016917
1173,2024-01-08 16:44:01,add_to_cart,59,s016918
148,2024-07-16 20:44:46,wishlist,394,s016919
628,2024-03-25 20:48:17,wishlist,271,s016920
185,2024-08-25 19:33:50,view,131,s016921
541,2024-06-25 20:26:12,view,16,s016922
421,2025-03-03 08:46:59,view,251,s016923
731,2025-03-31 18:24:15,add_to_cart,38,s016924
572,2024-10-11 18:43:44,add_to_cart,202,s016925
1979,2024-04-08 07:12:16,wishlist,272,s016926
1914,2025-09-16 09:29:28,add_to_cart,208,s016927
375,2025-11-11 23:26:12,view,64,s016928
752,2024-10-13 23:17:49,remove_from_cart,178,s016929
171,2024-01-03 17:51:11,view,102,s016930
2038,2024-05-04 08:34:47,add_to_cart,125,s016931
935,2024-10-29 18:17:33,wishlist,237,s016932
1628,2025-06-08 09:33:56,remove_from_cart,274,s016933
1913,2025-06-24 18:37:14,add_to_cart,198,s016934
461,2025-01-27 17:39:31,add_to_cart,367,s016935
1553,2024-12-30 09:14:54,view,102,s016936
858,2024-09-18 18:07:37,view,78,s016937
525,2024-07-16 21:39:31,view,218,s016938
1459,2024-01-08 09:24:27,view,7,s016939
2390,2025-09-09 10:04:49,view,318,s016940
1338,2025-10-24 09:54:21,view,190,s016941
98,2024-06-14 15:39:29,view,100,s016942
2395,2025-07-05 09:09:46,add_to_cart,17,s016943
1927,2024-09-19 21:20:48,purchase,372,s016944
918,2024-06-13 16:04:23,view,383,s016945
527,2024-12-25 22:34:13,purchase,340,s016946
1076,2024-07-31 08:50:21,view,374,s016947
1068,2025-05-02 08:25:31,view,11,s016948
1557,2025-03-19 11:54:00,view,198,s016949
390,2024-02-29 22:22:19,add_to_cart,71,s016950
862,2024-10-18 20:59:45,view,180,s016951
645,2024-11-16 15:20:18,add_to_cart,352,s016952
1847,2025-09-24 09:01:45,view,94,s016953
472,2024-08-20 19:08:54,view,366,s016954
1358,2024-03-01 21:04:03,add_to_cart,232,s016955
1605,2024-08-10 12:04:04,add_to_cart,318,s016956
1591,2025-10-17 18:23:20,view,134,s016957
595,2024-09-26 19:59:28,view,277,s016958
304,2024-06-04 07:17:55,view,322,s016959
2068,2025-05-07 17:50:30,view,92,s016960
516,2024-09-03 08:37:05,view,12,s016961
87,2024-01-19 22:37:25,view,62,s016962
587,2024-04-26 20:34:11,add_to_cart,232,s016963
357,2024-02-28 22:54:51,add_to_cart,59,s016964
2369,2024-02-03 18:33:23,view,105,s016965
57,2025-07-30 20:18:23,view,163,s016966
693,2024-03-04 07:42:08,view,395,s016967
299,2025-10-12 19:38:30,wishlist,56,s016968
235,2024-06-23 11:22:09,add_to_cart,115,s016969
1094,2024-03-02 14:13:19,view,54,s016970
1646,2024-08-23 08:09:54,view,355,s016971
947,2025-01-01 09:44:55,view,43,s016972
972,2025-03-29 20:22:08,view,142,s016973
956,2025-05-19 20:34:39,view,319,s016974
672,2025-02-08 12:23:04,add_to_cart,341,s016975
173,2024-01-09 07:36:05,purchase,110,s016976
325,2024-06-06 20:53:00,wishlist,280,s016977
399,2025-07-30 09:00:44,view,65,s016978
2421,2025-09-07 16:59:14,add_to_cart,86,s016979
1522,2024-11-20 22:03:01,view,25,s016980
752,2024-12-17 18:53:30,purchase,237,s016981
567,2024-12-17 15:55:48,view,220,s016982
1208,2025-09-03 14:09:32,wishlist,273,s016983
1041,2025-05-14 08:52:53,add_to_cart,355,s016984
2268,2024-05-17 06:32:10,view,101,s016985
2350,2024-09-03 08:56:09,wishlist,324,s016986
2263,2024-12-23 21:10:05,view,234,s016987
2363,2025-10-09 17:54:48,view,86,s016988
1171,2025-09-29 05:44:04,view,396,s016989
1754,2024-08-04 22:37:38,view,126,s016990
2275,2024-04-02 00:10:57,view,68,s016991
2107,2025-10-11 09:58:21,view,80,s016992
809,2025-05-13 17:04:29,view,261,s016993
1451,2024-01-04 11:44:21,purchase,79,s016994
1740,2024-03-07 11:33:24,view,144,s016995
1895,2024-10-07 21:59:20,view,250,s016996
585,2025-01-21 12:39:09,add_to_cart,327,s016997
1926,2024-06-14 06:42:03,view,302,s016998
1282,2025-03-29 05:34:00,view,13,s016999
732,2025-01-31 11:29:36,remove_from_cart,220,s017000
2030,2024-08-17 13:32:04,view,318,s017001
309,2024-06-19 19:18:37,view,92,s017002
1661,2024-10-02 10:29:33,wishlist,222,s017003
1180,2024-07-03 08:59:53,view,197,s017004
1617,2025-06-23 22:05:03,view,52,s017005
602,2024-11-19 19:41:37,add_to_cart,316,s017006
1919,2025-08-17 08:51:46,view,323,s017007
1532,2024-11-22 16:50:34,view,329,s017008
1574,2025-09-10 20:20:52,wishlist,215,s017009
1612,2024-11-07 21:52:20,view,223,s017010
1926,2024-02-13 16:32:57,add_to_cart,63,s017011
872,2024-10-03 17:24:16,add_to_cart,144,s017012
1055,2024-06-09 10:25:14,add_to_cart,180,s017013
658,2024-08-19 20:16:08,view,259,s017014
536,2025-11-12 20:43:31,add_to_cart,252,s017015
1663,2025-08-24 21:18:57,remove_from_cart,341,s017016
1378,2025-10-26 23:18:04,add_to_cart,274,s017017
181,2025-07-24 20:49:20,purchase,259,s017018
1543,2024-11-20 12:37:44,view,241,s017019
1453,2025-03-29 21:46:07,purchase,359,s017020
1644,2025-08-24 20:13:16,view,198,s017021
539,2025-08-24 18:31:40,add_to_cart,2,s017022
2152,2025-04-01 16:19:33,add_to_cart,186,s017023
2442,2024-12-03 09:49:03,wishlist,47,s017024
246,2024-06-17 21:19:12,view,62,s017025
1973,2024-06-11 12:40:54,remove_from_cart,124,s017026
1094,2024-05-06 07:29:58,wishlist,80,s017027
212,2025-02-18 15:11:16,wishlist,354,s017028
870,2024-10-27 04:17:26,add_to_cart,122,s017029
1791,2025-08-14 18:17:51,wishlist,225,s017030
1440,2025-06-01 22:41:33,view,28,s017031
2143,2024-08-25 21:32:54,view,395,s017032
1748,2025-06-23 19:31:31,view,154,s017033
209,2024-12-22 12:18:07,remove_from_cart,107,s017034
1663,2025-11-30 14:08:26,remove_from_cart,219,s017035
2205,2025-12-11 10:58:35,view,209,s017036
1864,2024-08-30 09:55:20,purchase,216,s017037
2263,2025-07-10 12:22:43,wishlist,382,s017038
638,2024-08-03 15:15:16,wishlist,170,s017039
2306,2024-07-19 13:30:43,view,293,s017040
64,2025-01-15 08:30:16,view,320,s017041
2485,2024-01-31 05:42:19,view,327,s017042
266,2024-08-04 07:34:38,view,213,s017043
658,2025-09-15 06:39:26,view,260,s017044
1527,2024-11-09 12:37:20,view,49,s017045
1123,2025-07-26 16:39:16,view,347,s017046
824,2025-08-25 20:17:09,wishlist,336,s017047
892,2025-01-21 21:34:06,wishlist,125,s017048
1405,2025-12-08 22:10:31,view,16,s017049
2039,2024-10-03 10:50:51,view,83,s017050
321,2025-09-03 09:23:14,view,337,s017051
2155,2025-08-26 19:57:22,view,302,s017052
1875,2024-04-25 08:05:29,wishlist,131,s017053
2178,2024-02-06 01:15:43,add_to_cart,90,s017054
1572,2025-02-28 20:02:11,view,356,s017055
1189,2025-08-28 18:38:48,view,255,s017056
321,2025-09-28 22:38:53,view,61,s017057
184,2024-09-13 11:14:10,purchase,112,s017058
2087,2025-02-17 16:37:06,view,282,s017059
1893,2025-09-27 12:53:43,view,292,s017060
1569,2025-07-27 20:02:54,view,276,s017061
1330,2024-10-22 08:58:58,view,377,s017062
224,2024-03-24 19:56:33,view,129,s017063
570,2024-03-17 08:23:58,view,15,s017064
402,2024-12-11 09:52:28,add_to_cart,4,s017065
990,2025-12-10 12:25:31,view,144,s017066
766,2024-12-03 17:26:01,view,273,s017067
1992,2024-08-06 07:12:52,purchase,141,s017068
2186,2024-11-16 10:15:20,wishlist,109,s017069
696,2024-07-26 18:05:07,purchase,233,s017070
1623,2025-06-14 03:09:25,view,71,s017071
2293,2024-10-25 20:20:10,view,276,s017072
1874,2024-11-25 22:51:45,view,76,s017073
1825,2024-12-31 18:18:36,view,90,s017074
84,2025-07-18 11:23:12,add_to_cart,29,s017075
246,2024-04-18 18:37:36,view,269,s017076
1240,2024-10-03 10:07:01,view,92,s017077
542,2025-02-15 19:22:49,wishlist,172,s017078
722,2024-07-30 20:16:49,purchase,68,s017079
114,2024-08-29 10:37:00,view,191,s017080
720,2025-11-04 12:20:30,wishlist,165,s017081
1166,2025-04-30 21:15:10,add_to_cart,362,s017082
1367,2025-06-25 12:44:37,wishlist,190,s017083
2391,2025-02-18 19:26:34,view,75,s017084
2484,2025-03-10 09:03:27,wishlist,73,s017085
922,2024-07-03 00:08:39,view,167,s017086
1780,2025-05-04 11:48:11,view,303,s017087
1839,2025-01-12 19:46:29,purchase,208,s017088
830,2024-09-06 13:30:37,view,351,s017089
422,2024-10-24 16:04:13,view,298,s017090
348,2025-08-24 21:58:30,view,330,s017091
1603,2024-09-27 09:36:35,wishlist,267,s017092
535,2025-02-25 08:46:31,purchase,164,s017093
579,2025-03-02 11:26:13,view,88,s017094
1872,2025-10-20 07:53:04,view,371,s017095
1720,2025-11-12 07:47:20,view,305,s017096
1671,2025-05-27 20:13:09,purchase,105,s017097
549,2024-10-18 19:07:29,view,112,s017098
1483,2024-06-04 09:14:07,view,119,s017099
565,2024-04-04 19:25:16,view,178,s017100
425,2024-10-19 05:28:40,view,232,s017101
691,2025-01-26 21:39:12,add_to_cart,225,s017102
1515,2024-01-25 06:00:31,view,239,s017103
1441,2025-07-02 08:54:06,view,301,s017104
1400,2024-11-12 19:30:17,add_to_cart,319,s017105
1647,2024-11-10 22:23:48,view,113,s017106
1226,2024-11-21 20:13:25,wishlist,259,s017107
1825,2025-03-01 13:39:02,remove_from_cart,372,s017108
653,2024-11-30 19:19:54,wishlist,60,s017109
2136,2025-06-24 20:41:07,purchase,384,s017110
538,2024-05-26 09:47:58,view,13,s017111
263,2025-02-07 20:44:20,purchase,95,s017112
861,2025-08-12 21:59:09,wishlist,302,s017113
407,2024-04-13 12:27:58,view,227,s017114
67,2024-06-08 21:18:47,view,175,s017115
1989,2024-11-30 11:40:07,view,177,s017116
2327,2024-05-11 20:26:10,wishlist,24,s017117
947,2025-06-16 18:00:49,purchase,66,s017118
1256,2025-06-25 20:10:32,purchase,342,s017119
736,2024-11-13 08:46:33,view,181,s017120
1782,2025-04-23 08:49:32,view,245,s017121
65,2024-03-01 05:59:43,view,206,s017122
2363,2025-11-06 15:49:12,remove_from_cart,346,s017123
1828,2025-06-26 11:36:01,view,247,s017124
1477,2025-12-06 08:39:13,add_to_cart,382,s017125
45,2024-03-28 20:53:23,wishlist,306,s017126
1897,2025-01-30 17:11:45,view,299,s017127
102,2024-10-26 11:45:01,add_to_cart,18,s017128
1134,2024-05-13 09:53:47,remove_from_cart,259,s017129
1001,2025-07-20 10:20:00,view,10,s017130
22,2024-10-17 09:12:00,add_to_cart,328,s017131
81,2025-11-21 18:08:27,wishlist,310,s017132
1378,2025-04-11 05:55:12,view,122,s017133
2049,2024-04-29 14:52:32,view,335,s017134
114,2024-05-24 21:43:47,purchase,57,s017135
2139,2024-06-14 21:45:41,wishlist,129,s017136
1613,2025-05-03 21:08:20,wishlist,390,s017137
2239,2025-07-08 13:36:54,wishlist,127,s017138
1153,2024-02-07 20:49:30,view,316,s017139
859,2024-04-12 18:53:48,view,135,s017140
2293,2025-03-16 05:09:59,view,317,s017141
518,2025-10-25 21:47:24,add_to_cart,316,s017142
397,2024-06-29 19:02:57,view,212,s017143
1867,2024-09-27 18:36:57,add_to_cart,103,s017144
1387,2025-07-16 08:31:35,view,362,s017145
206,2025-08-04 17:18:55,view,183,s017146
690,2025-09-27 11:51:25,purchase,367,s017147
208,2025-08-18 22:34:35,wishlist,145,s017148
925,2025-11-10 19:48:47,add_to_cart,294,s017149
2049,2024-09-26 08:01:33,purchase,26,s017150
235,2025-12-04 08:38:13,add_to_cart,20,s017151
730,2024-07-03 15:56:20,view,273,s017152
325,2024-06-10 16:38:41,add_to_cart,359,s017153
1793,2025-10-16 10:43:02,purchase,112,s017154
35,2024-10-11 18:06:37,view,204,s017155
1425,2024-09-02 20:25:00,view,267,s017156
1140,2024-04-03 22:00:23,view,360,s017157
422,2024-08-31 13:34:15,view,292,s017158
2062,2025-01-18 07:31:23,view,381,s017159
2448,2024-10-06 13:16:44,view,314,s017160
876,2025-07-09 07:12:43,view,384,s017161
1257,2025-03-03 19:56:24,remove_from_cart,304,s017162
1830,2024-03-05 11:38:33,purchase,287,s017163
403,2024-12-27 20:37:49,add_to_cart,306,s017164
1471,2024-06-22 09:15:15,add_to_cart,175,s017165
1100,2025-05-25 10:37:26,view,160,s017166
2206,2024-02-04 07:03:15,wishlist,11,s017167
1022,2025-07-14 13:56:32,view,306,s017168
994,2025-09-07 15:42:32,purchase,278,s017169
529,2024-07-08 07:34:39,purchase,335,s017170
943,2025-01-14 18:14:48,view,364,s017171
1110,2025-08-14 20:14:26,purchase,208,s017172
1116,2024-08-28 21:29:38,view,272,s017173
1420,2025-01-14 21:05:48,purchase,298,s017174
390,2025-07-10 18:33:05,view,239,s017175
2231,2024-08-31 22:54:55,view,132,s017176
916,2024-03-17 19:22:36,view,271,s017177
1535,2025-11-17 08:13:53,purchase,109,s017178
346,2025-03-27 20:50:04,remove_from_cart,149,s017179
1270,2025-06-29 13:04:12,wishlist,305,s017180
295,2025-01-06 18:58:58,view,205,s017181
292,2024-01-08 10:14:27,purchase,142,s017182
2358,2024-04-29 20:03:32,purchase,72,s017183
2386,2024-09-06 06:31:03,wishlist,59,s017184
933,2024-08-10 09:33:33,view,162,s017185
777,2024-04-12 20:20:40,wishlist,101,s017186
1260,2025-07-26 21:04:19,purchase,232,s017187
1888,2024-08-19 19:52:25,view,328,s017188
2180,2025-11-26 12:48:26,add_to_cart,276,s017189
334,2024-10-19 21:04:24,add_to_cart,136,s017190
1184,2025-12-10 14:14:01,purchase,45,s017191
1419,2025-11-24 08:38:14,view,66,s017192
23,2024-09-17 21:24:11,view,231,s017193
424,2025-07-25 17:57:49,view,61,s017194
2398,2024-12-08 22:21:06,wishlist,188,s017195
285,2025-09-05 16:01:22,purchase,207,s017196
1336,2025-11-10 05:58:09,view,288,s017197
893,2025-01-28 21:53:32,purchase,375,s017198
1798,2025-03-31 09:35:18,view,75,s017199
1897,2024-11-14 09:23:04,view,106,s017200
726,2024-10-10 19:05:23,view,22,s017201
449,2025-04-29 09:24:30,purchase,294,s017202
2141,2024-01-31 19:42:21,add_to_cart,86,s017203
2081,2025-05-30 12:47:58,add_to_cart,205,s017204
836,2025-11-09 19:40:12,add_to_cart,15,s017205
575,2024-04-30 19:31:16,purchase,78,s017206
236,2024-06-26 09:08:18,view,92,s017207
182,2024-02-23 13:23:44,view,59,s017208
1370,2024-12-09 06:11:43,add_to_cart,226,s017209
286,2025-10-06 10:52:17,add_to_cart,304,s017210
1349,2024-03-07 16:04:27,purchase,143,s017211
139,2025-11-22 23:30:32,add_to_cart,197,s017212
1535,2025-10-07 13:05:28,view,174,s017213
1276,2025-02-03 23:11:50,view,345,s017214
185,2025-11-19 09:45:48,remove_from_cart,245,s017215
281,2025-10-20 12:31:45,view,174,s017216
2213,2025-11-10 21:33:18,purchase,391,s017217
154,2025-07-07 12:24:58,view,305,s017218
843,2025-04-17 19:24:38,view,108,s017219
918,2025-01-20 18:36:16,view,374,s017220
1529,2024-12-02 05:06:29,wishlist,87,s017221
2082,2025-01-09 18:48:02,add_to_cart,155,s017222
2266,2024-12-11 22:49:43,wishlist,315,s017223
2019,2025-10-18 19:44:32,purchase,211,s017224
1940,2025-01-05 16:06:18,add_to_cart,400,s017225
1561,2024-05-24 20:26:37,purchase,217,s017226
1684,2025-07-23 11:42:54,purchase,60,s017227
2395,2024-02-24 11:54:42,add_to_cart,151,s017228
1014,2025-07-26 22:26:47,view,332,s017229
2078,2025-07-29 15:57:53,view,50,s017230
974,2025-02-09 18:54:32,add_to_cart,140,s017231
1387,2025-07-23 18:04:31,view,278,s017232
13,2024-05-04 22:25:36,add_to_cart,331,s017233
217,2025-08-06 20:24:17,view,391,s017234
997,2024-12-04 21:55:39,view,302,s017235
2383,2025-04-20 18:25:53,purchase,61,s017236
1714,2024-10-07 21:51:24,view,323,s017237
985,2024-08-02 09:04:10,wishlist,276,s017238
1473,2024-10-31 20:16:43,wishlist,371,s017239
1617,2024-06-16 18:23:55,purchase,321,s017240
769,2025-06-26 19:11:59,purchase,38,s017241
2135,2025-01-21 20:40:42,add_to_cart,381,s017242
301,2024-12-27 18:04:25,purchase,182,s017243
859,2024-12-02 21:01:39,add_to_cart,288,s017244
284,2024-01-14 07:54:39,add_to_cart,245,s017245
707,2024-02-26 05:32:42,view,177,s017246
1423,2024-01-30 08:44:50,purchase,291,s017247
1455,2025-01-11 17:21:58,view,9,s017248
916,2024-08-10 16:39:01,view,221,s017249
2239,2025-05-03 08:43:04,purchase,94,s017250
694,2024-04-17 08:44:47,add_to_cart,282,s017251
348,2024-01-16 03:21:03,view,299,s017252
618,2025-05-01 23:46:26,view,127,s017253
1960,2025-06-05 08:18:43,add_to_cart,213,s017254
1737,2025-04-13 21:26:52,view,368,s017255
76,2024-01-03 19:44:00,wishlist,310,s017256
2161,2025-05-31 03:57:59,view,54,s017257
914,2024-12-15 19:34:43,purchase,269,s017258
2224,2024-07-31 21:26:44,purchase,216,s017259
1968,2025-11-07 10:53:26,view,377,s017260
1454,2024-02-17 10:22:57,remove_from_cart,278,s017261
1882,2024-07-15 13:57:47,view,124,s017262
2456,2024-12-21 15:17:59,view,24,s017263
466,2024-04-08 22:09:42,view,135,s017264
1754,2025-09-09 09:23:11,purchase,140,s017265
2268,2024-02-18 16:40:59,purchase,325,s017266
2361,2025-09-12 22:50:03,view,43,s017267
1419,2024-07-11 09:31:32,add_to_cart,331,s017268
1817,2024-10-23 23:51:46,purchase,145,s017269
1639,2025-09-16 23:46:41,add_to_cart,221,s017270
1320,2024-08-16 14:47:09,wishlist,18,s017271
965,2025-06-12 21:58:54,wishlist,389,s017272
1687,2025-07-10 20:06:29,view,184,s017273
2141,2024-09-10 21:18:36,add_to_cart,83,s017274
1101,2024-10-16 08:09:50,wishlist,150,s017275
507,2025-04-30 05:17:00,view,177,s017276
339,2024-11-15 13:22:36,view,377,s017277
2466,2024-07-15 18:28:18,view,234,s017278
1081,2025-08-12 20:40:21,remove_from_cart,329,s017279
501,2024-06-13 02:03:51,add_to_cart,189,s017280
2222,2025-05-30 22:21:56,view,278,s017281
994,2024-02-09 19:01:11,view,256,s017282
2197,2025-01-16 21:04:02,purchase,388,s017283
1912,2025-07-01 18:26:37,wishlist,364,s017284
535,2024-07-27 20:28:30,view,96,s017285
1360,2025-01-22 12:03:06,wishlist,363,s017286
2324,2025-11-01 19:22:42,remove_from_cart,395,s017287
649,2024-05-14 21:47:02,view,331,s017288
435,2024-01-10 12:47:06,wishlist,93,s017289
186,2025-11-21 20:13:53,wishlist,250,s017290
1821,2024-12-28 10:59:51,add_to_cart,224,s017291
2360,2024-12-18 13:56:30,add_to_cart,38,s017292
1414,2025-10-06 07:55:22,view,351,s017293
1548,2025-05-06 12:38:07,view,236,s017294
507,2024-06-03 20:26:00,view,251,s017295
1783,2025-01-16 14:54:19,purchase,134,s017296
223,2025-04-05 09:35:54,add_to_cart,326,s017297
30,2024-10-31 16:25:48,remove_from_cart,77,s017298
1894,2025-07-22 17:05:02,wishlist,56,s017299
1104,2025-09-09 22:59:02,view,102,s017300
2001,2024-08-27 04:10:34,view,218,s017301
1210,2025-11-29 16:33:20,view,322,s017302
1216,2024-04-19 16:24:45,view,321,s017303
2436,2024-04-06 20:25:13,view,306,s017304
365,2024-12-12 19:58:08,wishlist,131,s017305
1265,2024-07-10 09:31:28,view,181,s017306
1060,2025-04-18 03:25:36,view,352,s017307
1991,2024-09-01 07:15:28,wishlist,40,s017308
918,2025-05-17 08:54:05,wishlist,61,s017309
74,2025-03-19 09:13:05,remove_from_cart,359,s017310
696,2024-11-24 13:30:35,add_to_cart,78,s017311
1530,2024-03-09 19:52:00,wishlist,353,s017312
1551,2024-02-01 09:41:33,add_to_cart,111,s017313
2441,2024-03-17 17:22:42,view,290,s017314
2073,2024-11-04 22:56:04,purchase,126,s017315
1087,2025-03-11 13:53:57,view,2,s017316
82,2025-08-27 09:39:12,purchase,300,s017317
2128,2024-12-11 21:57:43,view,228,s017318
1544,2024-04-04 09:51:52,remove_from_cart,383,s017319
860,2025-03-16 09:01:11,purchase,179,s017320
1313,2024-09-07 12:07:24,purchase,221,s017321
1130,2025-02-12 03:04:07,purchase,354,s017322
1713,2024-02-03 21:36:30,view,82,s017323
2116,2025-08-28 19:18:01,purchase,3,s017324
914,2024-04-20 16:01:51,wishlist,150,s017325
1185,2025-05-31 19:26:43,view,275,s017326
555,2024-09-08 11:10:08,view,139,s017327
572,2024-06-19 19:00:14,view,356,s017328
661,2025-05-18 14:58:23,view,30,s017329
1040,2025-11-23 20:59:01,wishlist,42,s017330
991,2024-11-17 18:00:49,view,291,s017331
1131,2024-01-03 13:53:56,view,175,s017332
1925,2024-07-10 17:47:31,purchase,80,s017333
400,2025-04-07 19:34:50,purchase,87,s017334
1411,2024-05-21 01:28:10,wishlist,252,s017335
795,2024-12-06 06:33:31,view,169,s017336
1642,2024-08-31 14:00:34,view,124,s017337
2429,2024-04-25 17:46:18,purchase,142,s017338
1154,2025-10-11 17:37:58,view,291,s017339
1850,2024-09-02 06:00:18,view,397,s017340
1335,2025-11-19 08:12:21,view,121,s017341
952,2025-03-26 13:59:42,view,178,s017342
120,2024-09-22 03:01:55,purchase,211,s017343
2146,2024-08-18 18:31:42,purchase,257,s017344
1552,2024-03-30 08:11:05,purchase,99,s017345
2409,2024-11-02 12:42:40,purchase,343,s017346
1809,2024-05-30 20:58:03,view,226,s017347
676,2025-03-07 08:50:36,view,326,s017348
1305,2024-11-12 08:53:13,view,278,s017349
291,2024-07-20 21:43:49,view,153,s017350
858,2024-04-27 21:32:57,view,131,s017351
1367,2024-01-14 15:07:23,add_to_cart,213,s017352
821,2025-07-16 11:03:12,view,370,s017353
1041,2024-08-26 02:58:56,purchase,362,s017354
2139,2025-10-30 20:58:06,view,352,s017355
58,2024-08-04 09:21:00,add_to_cart,37,s017356
1185,2025-09-05 08:56:48,add_to_cart,198,s017357
675,2025-12-11 07:07:01,view,296,s017358
2234,2025-11-18 15:53:32,view,97,s017359
130,2025-10-15 09:35:50,view,128,s017360
555,2024-08-01 21:38:13,add_to_cart,390,s017361
1649,2025-08-01 22:08:49,wishlist,326,s017362
1091,2025-08-13 20:14:04,add_to_cart,367,s017363
1074,2025-02-20 07:45:21,view,76,s017364
1915,2024-04-23 11:03:32,view,200,s017365
1759,2024-04-03 07:13:31,add_to_cart,33,s017366
336,2025-03-05 15:41:01,view,293,s017367
752,2025-01-04 11:15:46,add_to_cart,335,s017368
1124,2025-01-24 07:39:38,add_to_cart,364,s017369
1343,2025-05-09 18:15:27,wishlist,66,s017370
437,2024-05-06 14:46:43,view,129,s017371
1910,2025-04-11 16:13:27,view,260,s017372
1710,2025-11-11 19:50:46,add_to_cart,56,s017373
1970,2025-11-22 08:33:03,add_to_cart,238,s017374
1797,2025-10-15 19:47:53,add_to_cart,395,s017375
2451,2025-06-03 18:02:51,wishlist,13,s017376
2181,2024-06-17 22:07:56,view,51,s017377
891,2025-10-21 11:44:38,wishlist,357,s017378
821,2024-11-06 22:19:49,add_to_cart,373,s017379
1983,2025-07-17 19:55:08,wishlist,94,s017380
1756,2024-12-08 08:26:40,purchase,146,s017381
2229,2025-09-21 12:37:45,wishlist,344,s017382
914,2024-07-03 22:04:50,add_to_cart,318,s017383
844,2024-05-16 11:09:58,wishlist,359,s017384
68,2024-08-06 14:22:05,view,107,s017385
444,2025-03-25 21:44:58,purchase,27,s017386
700,2024-09-01 07:00:04,purchase,138,s017387
177,2024-08-05 10:30:36,view,392,s017388
1786,2025-10-02 05:20:35,purchase,184,s017389
2296,2025-01-05 22:48:11,wishlist,312,s017390
1423,2024-04-27 10:19:52,wishlist,40,s017391
1751,2025-11-26 22:46:41,view,186,s017392
161,2024-09-25 22:24:19,add_to_cart,288,s017393
796,2024-12-06 00:27:04,wishlist,33,s017394
1977,2024-08-29 19:24:46,view,176,s017395
1402,2024-10-16 06:03:58,add_to_cart,114,s017396
1577,2025-05-22 09:18:09,add_to_cart,166,s017397
2046,2024-08-07 22:16:46,add_to_cart,181,s017398
1273,2025-09-30 08:54:32,view,248,s017399
1487,2025-09-10 07:47:36,add_to_cart,372,s017400
1868,2025-04-07 08:22:13,view,247,s017401
2121,2025-08-19 09:08:24,wishlist,146,s017402
210,2025-03-13 10:54:21,view,319,s017403
583,2025-02-11 08:11:20,remove_from_cart,358,s017404
2195,2025-06-28 11:59:39,view,96,s017405
752,2024-06-10 21:31:26,purchase,127,s017406
1943,2025-10-24 08:17:36,view,86,s017407
1562,2025-04-07 17:27:47,purchase,15,s017408
1321,2025-04-02 11:30:55,view,162,s017409
53,2024-03-30 21:35:11,add_to_cart,219,s017410
1188,2024-12-02 02:40:20,view,93,s017411
1280,2025-09-08 10:26:25,add_to_cart,142,s017412
1531,2025-11-17 20:19:06,add_to_cart,283,s017413
2393,2025-03-23 11:04:44,view,368,s017414
680,2025-05-29 18:58:17,view,247,s017415
704,2025-02-09 07:20:29,view,259,s017416
2478,2024-01-07 22:23:49,view,60,s017417
95,2024-02-16 19:58:26,wishlist,309,s017418
1438,2025-05-14 18:14:27,add_to_cart,302,s017419
1121,2024-12-10 19:43:27,view,254,s017420
763,2024-12-07 19:34:35,view,312,s017421
2364,2024-03-31 15:01:01,remove_from_cart,267,s017422
119,2025-09-19 10:36:43,purchase,340,s017423
1703,2024-10-16 08:11:39,view,255,s017424
242,2025-05-10 20:19:59,purchase,380,s017425
4,2025-11-22 00:23:44,view,129,s017426
2382,2025-08-17 20:02:30,purchase,102,s017427
1999,2024-03-30 21:07:16,view,54,s017428
161,2024-07-05 11:06:47,purchase,376,s017429
358,2024-04-19 19:55:22,add_to_cart,129,s017430
2174,2024-01-24 14:30:40,view,335,s017431
1435,2024-10-21 13:13:33,view,69,s017432
1856,2025-03-04 21:16:20,purchase,111,s017433
315,2024-02-07 06:44:36,add_to_cart,349,s017434
2170,2025-06-26 22:40:54,view,124,s017435
1944,2025-05-27 07:56:27,view,135,s017436
941,2024-07-10 21:30:30,view,213,s017437
1326,2025-08-15 20:38:52,view,109,s017438
564,2025-11-26 15:48:26,purchase,116,s017439
480,2025-10-13 09:53:29,view,320,s017440
1065,2025-04-29 14:15:00,view,91,s017441
1200,2024-04-15 20:39:11,purchase,213,s017442
1838,2024-06-21 16:48:51,view,323,s017443
1367,2025-11-05 17:36:53,purchase,249,s017444
468,2024-03-22 23:12:08,view,357,s017445
1755,2024-11-24 20:03:50,add_to_cart,168,s017446
368,2025-08-08 10:27:29,view,128,s017447
1509,2024-10-09 09:57:08,purchase,51,s017448
1821,2025-10-12 19:40:26,view,344,s017449
1443,2024-07-03 08:50:43,view,285,s017450
73,2025-11-16 02:21:37,view,253,s017451
367,2024-08-22 10:08:21,view,56,s017452
1875,2025-02-12 18:26:56,purchase,247,s017453
93,2025-07-16 10:09:58,view,93,s017454
2439,2025-09-19 11:13:37,wishlist,4,s017455
1308,2025-03-28 22:37:00,view,162,s017456
1494,2025-01-07 11:39:14,view,220,s017457
414,2024-03-30 13:38:35,view,67,s017458
1962,2025-03-11 02:00:04,view,322,s017459
983,2024-06-08 09:37:30,wishlist,24,s017460
209,2025-11-29 09:31:00,purchase,254,s017461
2205,2025-03-12 07:40:39,view,207,s017462
1593,2025-12-04 15:49:58,add_to_cart,308,s017463
2270,2024-07-13 20:00:48,purchase,300,s017464
43,2025-07-26 11:43:28,view,49,s017465
1581,2024-04-26 12:18:22,wishlist,29,s017466
772,2025-02-14 17:21:12,purchase,273,s017467
2101,2025-03-31 21:20:03,view,391,s017468
1237,2025-08-18 08:32:51,view,65,s017469
1370,2025-11-18 06:54:52,view,370,s017470
2306,2025-04-07 01:32:50,view,181,s017471
863,2024-08-18 17:25:46,view,27,s017472
1567,2024-10-24 05:32:42,wishlist,389,s017473
960,2024-10-23 14:36:52,view,262,s017474
552,2025-05-10 11:36:26,add_to_cart,274,s017475
1587,2025-07-16 21:46:39,view,97,s017476
2499,2025-07-23 09:28:57,view,56,s017477
1886,2024-02-28 14:00:34,remove_from_cart,211,s017478
1001,2024-09-08 15:46:17,view,45,s017479
1493,2025-09-08 12:30:57,view,161,s017480
542,2024-01-15 17:36:56,add_to_cart,335,s017481
32,2024-04-30 08:44:37,add_to_cart,122,s017482
997,2024-11-03 11:59:39,remove_from_cart,124,s017483
1939,2025-10-13 13:25:33,remove_from_cart,75,s017484
1695,2025-06-13 19:25:39,view,10,s017485
201,2024-11-27 10:51:11,purchase,343,s017486
1852,2025-07-10 12:49:44,view,286,s017487
1304,2024-10-14 19:24:24,view,202,s017488
1002,2024-01-08 08:53:42,add_to_cart,331,s017489
502,2025-05-28 14:27:50,view,203,s017490
2434,2024-04-12 19:39:31,wishlist,108,s017491
1159,2025-02-05 07:51:16,wishlist,261,s017492
841,2025-02-14 19:32:07,view,224,s017493
955,2025-05-17 21:00:00,add_to_cart,288,s017494
1637,2025-03-30 18:33:26,view,355,s017495
2039,2024-11-04 17:28:10,view,62,s017496
35,2025-08-24 20:02:47,view,393,s017497
1688,2024-10-17 19:33:11,add_to_cart,163,s017498
159,2025-09-09 11:34:08,add_to_cart,268,s017499
1565,2025-04-05 14:58:55,wishlist,6,s017500
255,2024-08-02 08:36:17,view,217,s017501
1041,2024-11-18 20:48:27,view,25,s017502
277,2024-12-15 12:20:23,view,207,s017503
1982,2025-08-24 17:31:37,view,285,s017504
1860,2025-05-18 08:21:26,add_to_cart,229,s017505
693,2024-08-15 23:07:33,view,212,s017506
96,2025-04-15 10:50:18,wishlist,153,s017507
1749,2024-02-07 18:19:00,view,317,s017508
902,2025-10-19 19:55:20,view,12,s017509
932,2024-05-05 21:18:27,wishlist,269,s017510
622,2024-06-26 05:36:26,purchase,359,s017511
1231,2024-10-12 13:59:07,wishlist,16,s017512
822,2024-12-17 11:52:14,view,169,s017513
853,2024-04-12 09:50:09,view,75,s017514
697,2025-05-18 14:25:34,view,197,s017515
1172,2024-02-13 20:41:16,wishlist,372,s017516
615,2024-11-05 10:10:11,view,66,s017517
2478,2025-11-09 10:07:42,add_to_cart,58,s017518
1266,2025-08-02 21:11:05,view,102,s017519
1268,2024-07-10 16:17:56,add_to_cart,81,s017520
1440,2025-02-11 19:45:34,purchase,244,s017521
865,2025-03-20 16:11:48,add_to_cart,60,s017522
1091,2024-08-06 00:30:56,view,239,s017523
787,2024-06-14 19:30:48,view,81,s017524
2325,2025-02-14 09:04:48,view,149,s017525
2152,2025-02-23 11:25:05,add_to_cart,4,s017526
1946,2024-07-16 12:00:44,view,119,s017527
560,2025-09-01 09:07:59,view,121,s017528
944,2025-06-11 07:12:26,purchase,21,s017529
1241,2025-04-24 20:43:04,view,332,s017530
684,2025-09-09 20:20:57,add_to_cart,212,s017531
1124,2025-07-18 09:15:22,view,100,s017532
2094,2025-05-06 05:38:49,purchase,135,s017533
2211,2024-05-04 09:48:47,add_to_cart,64,s017534
2003,2024-11-30 23:42:15,view,91,s017535
1965,2025-05-10 18:20:31,view,11,s017536
2112,2024-08-26 08:50:35,view,263,s017537
2363,2024-05-21 19:10:24,view,276,s017538
780,2025-08-13 23:40:07,view,114,s017539
75,2025-08-12 19:30:03,wishlist,275,s017540
1384,2024-03-11 06:37:00,add_to_cart,93,s017541
1490,2024-06-07 05:51:34,view,384,s017542
1318,2024-01-15 13:40:52,remove_from_cart,278,s017543
264,2024-12-09 12:56:33,view,273,s017544
33,2024-07-16 17:27:24,remove_from_cart,112,s017545
1254,2024-06-26 09:47:07,purchase,330,s017546
814,2025-10-03 06:07:52,view,95,s017547
1314,2025-04-29 16:54:45,view,165,s017548
2444,2024-02-06 10:21:16,wishlist,229,s017549
1292,2025-12-04 18:09:25,remove_from_cart,29,s017550
2043,2024-10-29 22:36:10,add_to_cart,205,s017551
1526,2024-03-13 09:44:34,view,47,s017552
1432,2024-05-07 22:43:33,view,350,s017553
1223,2024-07-28 03:07:21,view,304,s017554
2272,2024-12-05 22:11:14,add_to_cart,337,s017555
2304,2024-06-29 08:02:44,view,262,s017556
259,2025-03-28 08:45:57,wishlist,76,s017557
2477,2025-01-19 15:06:24,purchase,171,s017558
49,2024-05-16 09:40:02,view,2,s017559
1783,2025-08-07 22:51:35,wishlist,316,s017560
13,2024-04-22 21:57:05,view,91,s017561
218,2024-06-21 19:41:11,wishlist,372,s017562
1845,2024-09-04 18:45:37,view,150,s017563
2127,2024-08-19 21:19:24,remove_from_cart,174,s017564
1227,2024-02-21 05:22:05,purchase,157,s017565
306,2024-02-04 19:35:23,wishlist,258,s017566
2077,2024-06-26 18:06:43,view,390,s017567
2037,2024-04-04 23:33:47,purchase,51,s017568
1688,2024-03-09 20:15:31,purchase,331,s017569
2344,2024-01-21 17:53:30,view,358,s017570
1099,2025-05-21 12:50:15,view,10,s017571
238,2024-09-18 20:27:53,view,110,s017572
639,2024-09-11 09:05:45,view,351,s017573
45,2025-01-16 09:03:17,view,50,s017574
1697,2024-12-22 20:08:44,add_to_cart,210,s017575
2419,2025-07-28 13:21:31,add_to_cart,151,s017576
545,2025-11-13 21:18:14,view,185,s017577
2480,2024-07-09 11:07:17,view,276,s017578
681,2025-12-13 20:11:07,view,391,s017579
842,2024-02-07 11:07:37,view,140,s017580
790,2024-04-18 09:26:21,view,50,s017581
970,2025-10-01 19:27:15,wishlist,104,s017582
949,2025-08-06 17:46:36,view,217,s017583
123,2025-04-27 09:19:11,wishlist,136,s017584
2133,2025-11-06 06:39:15,purchase,366,s017585
122,2024-10-07 17:18:11,view,346,s017586
1698,2024-02-20 14:05:46,add_to_cart,43,s017587
2202,2025-02-27 00:03:16,purchase,95,s017588
2013,2024-04-21 10:02:13,purchase,10,s017589
850,2025-08-03 13:19:55,view,215,s017590
2168,2025-09-03 00:51:26,view,63,s017591
1517,2024-04-03 11:35:01,view,190,s017592
2024,2024-06-15 11:05:37,add_to_cart,43,s017593
283,2025-07-25 20:27:52,add_to_cart,21,s017594
1917,2024-01-26 08:20:47,add_to_cart,166,s017595
1972,2024-12-13 23:41:19,purchase,210,s017596
1779,2025-01-04 21:05:40,wishlist,164,s017597
22,2025-02-22 17:11:40,view,9,s017598
392,2025-08-25 13:50:01,purchase,160,s017599
798,2025-08-10 08:44:27,view,338,s017600
2463,2025-06-07 08:58:37,purchase,199,s017601
1524,2025-09-24 23:44:01,view,38,s017602
921,2025-10-07 08:34:22,view,96,s017603
2252,2024-09-06 20:52:41,view,9,s017604
447,2025-06-14 08:48:53,remove_from_cart,257,s017605
39,2025-06-04 19:02:21,view,248,s017606
2375,2024-08-09 20:29:27,remove_from_cart,252,s017607
700,2025-11-17 19:49:09,view,334,s017608
784,2025-10-27 19:01:50,purchase,390,s017609
1825,2025-11-26 08:48:13,wishlist,113,s017610
501,2025-03-16 19:14:21,wishlist,383,s017611
2155,2025-09-16 21:19:25,view,206,s017612
456,2024-03-19 09:33:11,add_to_cart,196,s017613
232,2025-05-09 15:34:47,purchase,335,s017614
2119,2025-09-04 15:42:16,add_to_cart,397,s017615
2108,2024-08-12 20:57:11,add_to_cart,321,s017616
1867,2024-12-20 22:39:22,remove_from_cart,350,s017617
1504,2024-03-27 06:49:31,add_to_cart,305,s017618
722,2025-10-27 19:14:30,view,380,s017619
1457,2024-11-04 17:54:20,add_to_cart,328,s017620
1689,2024-06-13 21:48:04,purchase,50,s017621
95,2025-11-15 21:18:26,view,136,s017622
2496,2025-03-27 07:31:28,wishlist,292,s017623
420,2024-04-03 16:09:10,view,90,s017624
1944,2024-07-17 09:38:12,view,339,s017625
1312,2024-06-24 12:32:30,view,233,s017626
337,2025-08-22 05:38:31,view,140,s017627
2111,2024-11-03 18:07:59,add_to_cart,303,s017628
1575,2025-06-15 22:04:04,view,195,s017629
1028,2024-04-05 14:49:09,add_to_cart,302,s017630
1517,2025-08-31 08:34:52,wishlist,185,s017631
1553,2025-04-24 22:45:17,add_to_cart,301,s017632
1380,2025-09-15 19:34:47,view,73,s017633
1237,2025-04-14 08:11:14,purchase,115,s017634
1621,2025-09-28 08:48:41,add_to_cart,249,s017635
1966,2025-05-26 09:39:31,view,67,s017636
2251,2024-06-18 09:28:54,view,195,s017637
1178,2024-04-03 13:14:04,view,181,s017638
2027,2025-09-16 04:02:01,view,146,s017639
31,2024-01-01 07:19:17,purchase,154,s017640
2294,2024-11-07 21:07:27,wishlist,48,s017641
917,2024-02-22 20:48:10,purchase,321,s017642
313,2024-01-30 09:14:41,add_to_cart,199,s017643
1908,2024-04-19 16:00:02,wishlist,330,s017644
1991,2024-08-12 16:36:54,wishlist,234,s017645
1544,2025-02-05 09:25:27,view,141,s017646
2478,2024-10-02 18:49:22,view,139,s017647
355,2025-07-31 16:17:43,purchase,56,s017648
1676,2025-04-21 13:58:04,view,95,s017649
30,2024-10-26 21:06:43,remove_from_cart,343,s017650
3,2024-11-14 10:00:28,view,204,s017651
395,2025-09-18 14:17:33,add_to_cart,314,s017652
2007,2024-08-06 16:25:09,purchase,318,s017653
1670,2025-05-04 10:24:39,view,229,s017654
1899,2025-05-09 06:50:44,view,322,s017655
952,2024-10-28 12:46:08,add_to_cart,88,s017656
1274,2025-10-13 20:06:28,view,312,s017657
2104,2024-12-26 20:50:56,remove_from_cart,357,s017658
1919,2025-06-16 08:29:05,add_to_cart,336,s017659
2021,2025-02-27 08:38:42,view,327,s017660
45,2024-03-19 21:57:22,add_to_cart,165,s017661
1152,2024-02-26 16:01:35,view,103,s017662
396,2024-07-22 19:11:13,view,365,s017663
1869,2025-06-22 07:06:09,view,324,s017664
1775,2025-06-07 06:43:01,view,296,s017665
2250,2025-08-29 05:07:50,wishlist,140,s017666
665,2025-06-07 13:27:20,wishlist,398,s017667
1241,2025-03-04 23:53:50,view,370,s017668
2485,2024-12-12 13:24:25,view,385,s017669
1754,2025-01-01 20:12:13,add_to_cart,90,s017670
1442,2024-12-23 21:58:24,view,308,s017671
1615,2024-03-11 09:01:35,view,251,s017672
133,2025-02-28 20:26:32,view,318,s017673
1472,2024-01-28 21:08:24,wishlist,275,s017674
2095,2025-07-24 03:09:10,wishlist,72,s017675
137,2025-10-01 09:28:31,wishlist,279,s017676
998,2025-04-13 08:06:05,purchase,397,s017677
1569,2024-10-02 16:58:19,view,231,s017678
2018,2024-06-22 18:16:18,purchase,316,s017679
554,2025-01-08 22:23:59,view,159,s017680
124,2024-10-18 12:46:58,wishlist,340,s017681
2185,2024-12-28 20:48:33,purchase,291,s017682
2055,2025-05-20 22:40:37,view,4,s017683
1535,2025-06-07 19:30:08,view,350,s017684
849,2024-03-04 15:57:52,purchase,220,s017685
32,2025-08-06 10:03:29,view,61,s017686
1164,2024-09-09 09:49:11,wishlist,25,s017687
736,2024-10-27 18:53:54,view,202,s017688
1162,2025-03-01 21:36:56,view,34,s017689
2492,2025-12-10 08:40:08,view,14,s017690
1143,2025-03-24 12:24:26,purchase,207,s017691
2393,2025-04-16 08:32:41,view,378,s017692
1763,2024-09-29 18:51:33,add_to_cart,131,s017693
1250,2025-12-10 18:48:00,view,78,s017694
2365,2025-06-25 21:43:15,view,324,s017695
783,2025-01-17 17:31:16,add_to_cart,93,s017696
2152,2024-04-24 09:19:31,view,346,s017697
1723,2024-12-07 07:28:27,wishlist,254,s017698
2257,2025-01-09 14:08:00,view,207,s017699
1279,2024-01-09 09:36:25,add_to_cart,77,s017700
610,2025-11-08 18:56:58,view,373,s017701
2194,2025-05-25 13:00:02,view,146,s017702
1780,2024-04-21 21:31:45,add_to_cart,221,s017703
1309,2024-01-02 17:10:44,view,394,s017704
308,2025-03-31 20:34:22,add_to_cart,373,s017705
768,2025-01-30 12:27:18,view,38,s017706
163,2025-04-25 19:32:09,view,221,s017707
139,2025-11-04 19:42:50,view,124,s017708
802,2024-07-26 09:16:11,view,69,s017709
1356,2024-04-20 20:23:49,view,206,s017710
1836,2024-05-17 15:03:07,wishlist,322,s017711
539,2024-05-30 13:17:17,view,127,s017712
188,2024-10-26 14:10:15,add_to_cart,24,s017713
429,2024-01-13 20:58:38,remove_from_cart,391,s017714
2385,2025-01-03 10:10:24,wishlist,361,s017715
2041,2025-06-03 14:57:41,view,119,s017716
24,2025-05-23 18:35:24,add_to_cart,368,s017717
303,2024-01-21 19:53:42,view,224,s017718
725,2025-01-15 12:59:51,view,279,s017719
811,2024-02-05 20:03:05,view,269,s017720
178,2024-10-12 17:41:30,view,44,s017721
2236,2024-11-12 07:14:18,add_to_cart,247,s017722
206,2025-09-23 15:53:22,view,325,s017723
511,2025-06-26 10:33:02,view,112,s017724
745,2025-02-20 21:08:28,view,287,s017725
1143,2025-12-06 13:42:46,add_to_cart,376,s017726
1006,2024-09-22 20:05:37,view,1,s017727
788,2025-04-03 18:42:54,view,31,s017728
504,2024-09-04 18:06:17,view,155,s017729
1579,2024-07-21 06:51:30,view,180,s017730
801,2025-01-26 14:42:56,view,230,s017731
580,2024-10-20 15:53:25,view,222,s017732
101,2025-09-28 09:21:06,wishlist,110,s017733
1439,2024-07-04 16:54:54,view,31,s017734
1299,2024-12-09 10:38:59,add_to_cart,156,s017735
1050,2025-02-06 22:33:05,view,50,s017736
2223,2025-11-04 20:27:05,view,275,s017737
514,2024-09-27 19:15:43,view,300,s017738
1878,2025-01-02 08:04:49,view,71,s017739
1783,2024-10-25 18:51:58,remove_from_cart,154,s017740
1120,2024-09-23 16:31:29,view,231,s017741
1202,2025-09-12 08:45:56,view,389,s017742
838,2024-08-29 20:30:46,add_to_cart,254,s017743
2253,2024-12-16 22:03:55,purchase,174,s017744
1606,2024-03-13 07:55:14,view,248,s017745
2381,2024-10-30 01:18:38,view,57,s017746
2244,2024-09-09 07:04:57,view,170,s017747
719,2024-02-02 12:48:01,view,299,s017748
1277,2025-04-22 09:58:39,view,26,s017749
383,2025-07-22 08:28:52,view,81,s017750
688,2025-08-09 16:55:16,remove_from_cart,367,s017751
1967,2024-05-27 09:31:15,purchase,73,s017752
1795,2024-08-04 21:48:28,purchase,19,s017753
2141,2025-10-23 04:23:32,purchase,116,s017754
117,2024-03-04 09:03:48,view,115,s017755
1469,2024-02-04 07:53:29,view,323,s017756
2355,2025-03-22 17:33:21,wishlist,42,s017757
808,2024-11-09 07:56:18,view,92,s017758
1919,2025-02-24 18:58:30,view,243,s017759
2365,2024-04-14 13:10:59,remove_from_cart,183,s017760
1571,2025-05-28 16:53:22,purchase,238,s017761
2069,2024-04-06 05:51:39,remove_from_cart,353,s017762
217,2025-01-12 21:18:07,view,227,s017763
712,2025-11-17 16:44:17,wishlist,5,s017764
1527,2024-11-01 16:21:52,view,314,s017765
874,2025-06-25 20:57:52,view,144,s017766
1615,2024-06-01 09:42:37,remove_from_cart,299,s017767
1455,2025-07-04 09:43:30,view,394,s017768
2414,2025-05-17 02:55:28,view,237,s017769
111,2024-12-10 19:45:01,view,285,s017770
2237,2024-06-21 05:08:29,view,136,s017771
520,2025-04-28 08:55:47,view,282,s017772
1102,2024-03-11 10:35:11,view,131,s017773
1873,2024-12-19 18:24:38,wishlist,280,s017774
2416,2025-02-01 18:48:45,add_to_cart,129,s017775
197,2024-03-18 21:24:37,view,101,s017776
1315,2025-07-12 10:15:40,view,284,s017777
928,2025-08-22 14:34:15,view,19,s017778
2084,2024-03-17 18:38:58,add_to_cart,355,s017779
1542,2024-07-21 07:33:14,add_to_cart,20,s017780
6,2024-12-09 13:51:13,add_to_cart,80,s017781
1112,2024-04-19 09:49:33,view,305,s017782
1272,2025-08-31 08:15:02,view,297,s017783
2132,2024-04-12 21:46:40,wishlist,233,s017784
2219,2025-04-19 20:17:47,view,354,s017785
2149,2024-04-08 15:48:29,wishlist,354,s017786
1796,2024-09-24 19:52:08,view,295,s017787
1942,2025-08-07 15:52:16,wishlist,12,s017788
532,2024-08-28 19:19:34,view,279,s017789
194,2024-01-17 12:19:21,purchase,371,s017790
216,2024-02-11 08:12:35,wishlist,91,s017791
2193,2024-09-01 07:43:20,view,342,s017792
2302,2025-02-25 04:26:21,purchase,271,s017793
678,2024-01-23 16:44:34,view,184,s017794
637,2025-12-10 20:29:48,add_to_cart,137,s017795
1657,2025-05-29 09:15:11,add_to_cart,273,s017796
2314,2025-04-20 09:58:05,view,335,s017797
2421,2025-02-22 08:27:51,view,165,s017798
1120,2025-01-28 11:00:08,view,383,s017799
1374,2024-05-29 20:18:13,view,226,s017800
1576,2025-08-27 09:56:49,view,30,s017801
1364,2024-10-13 09:44:57,wishlist,19,s017802
426,2024-11-23 18:40:56,wishlist,328,s017803
353,2025-01-06 19:03:29,view,29,s017804
1593,2024-12-07 17:50:57,view,200,s017805
1224,2024-08-09 19:23:07,add_to_cart,19,s017806
774,2024-03-10 08:13:46,purchase,102,s017807
2039,2024-06-02 22:17:54,purchase,56,s017808
2419,2024-05-24 07:18:33,view,370,s017809
1202,2025-07-20 07:24:12,add_to_cart,341,s017810
2058,2024-07-20 08:36:00,view,367,s017811
2372,2025-01-10 20:47:26,purchase,335,s017812
1675,2025-07-05 08:47:39,view,200,s017813
1038,2024-02-12 09:52:07,purchase,56,s017814
1696,2024-01-22 15:25:17,purchase,312,s017815
2246,2024-02-26 20:18:19,add_to_cart,344,s017816
619,2024-06-08 19:57:55,remove_from_cart,309,s017817
259,2024-04-22 09:47:19,view,162,s017818
1833,2024-08-07 10:48:00,view,180,s017819
2433,2025-10-30 11:07:24,purchase,366,s017820
452,2025-12-04 19:23:26,view,245,s017821
1520,2024-12-17 20:38:33,view,375,s017822
300,2025-11-26 22:50:45,add_to_cart,386,s017823
858,2024-07-17 12:03:29,add_to_cart,114,s017824
971,2024-11-08 07:17:10,remove_from_cart,43,s017825
1390,2025-02-09 00:42:06,add_to_cart,56,s017826
2338,2025-11-17 21:50:53,view,315,s017827
1406,2024-10-21 09:35:04,view,398,s017828
1532,2025-12-08 20:11:27,wishlist,100,s017829
744,2024-10-22 19:45:50,view,70,s017830
213,2024-10-03 08:04:14,add_to_cart,386,s017831
468,2024-12-31 22:12:47,add_to_cart,231,s017832
2403,2024-12-20 11:10:29,view,100,s017833
392,2024-05-18 07:56:50,view,131,s017834
1134,2024-03-12 14:46:38,wishlist,354,s017835
2097,2025-03-08 21:57:54,view,96,s017836
1483,2024-09-26 18:04:04,wishlist,93,s017837
1037,2024-04-13 19:59:43,view,102,s017838
868,2024-04-20 18:44:30,view,20,s017839
2426,2025-07-09 17:56:47,wishlist,238,s017840
1300,2025-03-27 11:31:33,view,322,s017841
1341,2024-02-09 20:50:03,add_to_cart,25,s017842
1061,2024-04-28 05:30:13,remove_from_cart,42,s017843
1624,2024-06-27 08:03:13,wishlist,354,s017844
898,2024-04-02 08:33:11,view,162,s017845
2169,2025-10-02 18:58:24,add_to_cart,54,s017846
293,2024-07-23 20:02:42,wishlist,378,s017847
2379,2024-09-22 18:57:53,purchase,343,s017848
1117,2025-06-14 20:28:00,purchase,266,s017849
2403,2024-11-18 08:55:13,view,267,s017850
2198,2025-08-28 23:02:16,view,308,s017851
658,2025-11-11 21:26:48,add_to_cart,10,s017852
1549,2024-05-11 09:06:01,add_to_cart,100,s017853
1654,2024-02-26 19:29:44,add_to_cart,339,s017854
1456,2024-09-20 23:08:36,view,70,s017855
1648,2025-02-06 13:03:30,add_to_cart,261,s017856
65,2024-02-01 22:17:27,add_to_cart,198,s017857
1735,2024-07-06 12:17:52,view,208,s017858
1618,2025-10-21 16:45:50,view,358,s017859
2083,2025-08-30 21:48:51,view,277,s017860
1272,2024-04-28 20:29:38,wishlist,224,s017861
432,2025-09-07 21:38:53,wishlist,388,s017862
1462,2025-09-22 22:59:43,view,65,s017863
1041,2024-01-09 03:52:33,view,366,s017864
358,2024-02-19 22:59:33,view,189,s017865
1417,2024-10-14 20:15:47,purchase,179,s017866
635,2024-02-01 21:08:31,view,285,s017867
257,2025-01-22 20:36:30,view,325,s017868
1809,2024-03-22 21:26:40,view,231,s017869
1683,2024-05-08 05:29:47,remove_from_cart,171,s017870
2303,2025-02-17 06:12:07,remove_from_cart,370,s017871
1746,2024-12-14 06:30:08,purchase,92,s017872
238,2025-01-30 18:34:16,add_to_cart,99,s017873
1912,2025-07-04 21:26:31,view,314,s017874
48,2024-12-12 10:06:14,view,33,s017875
1244,2025-03-14 19:35:58,wishlist,144,s017876
61,2025-02-20 05:25:17,view,241,s017877
502,2024-09-29 17:44:59,remove_from_cart,98,s017878
1761,2024-05-18 11:03:56,view,182,s017879
1309,2024-02-29 08:26:02,add_to_cart,122,s017880
947,2024-04-10 19:39:42,view,189,s017881
929,2024-10-06 09:16:19,purchase,92,s017882
2496,2024-08-18 10:15:36,remove_from_cart,315,s017883
539,2025-01-28 07:39:09,wishlist,371,s017884
2231,2025-08-02 08:58:55,add_to_cart,187,s017885
150,2025-09-04 18:24:39,remove_from_cart,91,s017886
1130,2024-08-04 20:35:50,view,247,s017887
1781,2024-04-20 17:21:54,add_to_cart,273,s017888
808,2024-04-13 21:18:41,wishlist,364,s017889
2165,2025-07-24 19:53:21,view,116,s017890
1774,2024-07-04 11:16:59,view,83,s017891
2476,2025-01-31 19:31:40,view,187,s017892
62,2024-06-28 13:06:19,purchase,270,s017893
1217,2025-01-23 10:00:10,purchase,156,s017894
283,2024-10-07 10:14:02,add_to_cart,162,s017895
579,2025-06-01 09:14:55,view,374,s017896
1977,2024-06-23 11:05:59,purchase,52,s017897
50,2024-11-25 19:13:14,view,275,s017898
1355,2024-11-25 20:52:10,add_to_cart,242,s017899
100,2024-08-02 19:21:16,view,64,s017900
1051,2024-01-30 13:06:17,view,340,s017901
1037,2025-11-04 11:25:40,view,78,s017902
85,2025-08-21 19:15:41,view,26,s017903
1414,2025-09-14 18:48:45,add_to_cart,211,s017904
341,2025-10-14 19:30:26,view,120,s017905
1534,2024-01-23 19:27:01,view,156,s017906
133,2024-04-18 20:48:28,view,339,s017907
1799,2025-04-29 19:38:25,remove_from_cart,324,s017908
1839,2025-03-26 23:36:41,add_to_cart,390,s017909
2471,2025-08-02 21:12:40,wishlist,225,s017910
1364,2025-10-18 07:35:19,purchase,341,s017911
1852,2025-07-16 12:49:48,view,241,s017912
2093,2025-03-07 21:23:31,view,140,s017913
852,2024-06-26 17:05:48,view,162,s017914
1766,2025-02-13 22:42:32,add_to_cart,267,s017915
1488,2024-01-05 17:10:13,add_to_cart,400,s017916
1002,2024-03-01 08:17:59,wishlist,12,s017917
2246,2024-07-07 19:33:41,view,213,s017918
163,2025-10-26 09:19:05,wishlist,138,s017919
438,2025-07-16 21:55:18,add_to_cart,197,s017920
759,2025-09-15 21:35:26,add_to_cart,293,s017921
512,2025-02-09 05:26:27,view,399,s017922
209,2025-06-15 23:50:46,add_to_cart,33,s017923
1240,2025-08-16 07:23:24,wishlist,158,s017924
362,2025-08-04 08:39:24,remove_from_cart,255,s017925
287,2025-07-28 07:35:32,add_to_cart,332,s017926
1022,2025-03-15 13:18:51,view,340,s017927
906,2025-06-07 13:01:05,purchase,298,s017928
706,2025-08-27 19:48:10,add_to_cart,88,s017929
2360,2024-09-27 20:30:22,view,268,s017930
1539,2025-04-14 08:40:11,wishlist,16,s017931
907,2025-03-03 07:36:46,add_to_cart,211,s017932
2324,2025-09-26 09:07:14,add_to_cart,150,s017933
1111,2025-06-02 22:10:28,view,272,s017934
2491,2024-10-19 12:07:43,view,393,s017935
175,2025-01-29 11:38:27,view,12,s017936
2075,2025-07-08 08:18:12,add_to_cart,270,s017937
2301,2024-07-25 15:20:04,view,10,s017938
1805,2025-11-22 09:44:10,add_to_cart,73,s017939
1336,2024-06-06 21:55:39,add_to_cart,277,s017940
1659,2024-02-26 13:38:48,add_to_cart,167,s017941
707,2024-03-07 09:02:01,view,213,s017942
1613,2025-06-23 22:51:48,view,281,s017943
1898,2025-01-03 09:21:40,add_to_cart,390,s017944
1339,2024-03-20 20:48:30,add_to_cart,93,s017945
502,2025-09-04 20:13:49,wishlist,176,s017946
588,2025-09-02 08:57:36,view,148,s017947
223,2025-03-28 15:49:58,view,144,s017948
1842,2024-08-10 09:35:48,view,333,s017949
716,2025-11-08 08:12:19,view,174,s017950
1827,2024-09-01 22:54:59,view,220,s017951
2059,2024-03-02 02:37:45,purchase,67,s017952
1418,2025-05-17 10:05:23,wishlist,99,s017953
465,2024-04-21 18:07:42,add_to_cart,248,s017954
479,2025-03-30 20:59:58,add_to_cart,152,s017955
792,2024-11-13 03:48:53,wishlist,284,s017956
1334,2025-02-23 20:07:02,view,221,s017957
1461,2024-01-02 19:57:23,view,352,s017958
1454,2024-08-10 14:28:47,wishlist,115,s017959
2275,2024-01-28 16:59:50,wishlist,342,s017960
837,2024-09-14 22:39:08,view,108,s017961
618,2024-01-01 09:40:55,view,252,s017962
1328,2025-06-15 11:53:06,view,381,s017963
1863,2025-07-19 13:41:52,add_to_cart,337,s017964
1950,2025-07-29 19:55:49,purchase,177,s017965
716,2025-10-06 10:05:37,wishlist,133,s017966
2197,2024-11-19 08:52:02,purchase,268,s017967
5,2024-07-30 21:11:27,wishlist,189,s017968
1942,2025-08-06 19:38:06,view,354,s017969
2457,2024-11-23 10:07:27,view,145,s017970
951,2024-05-31 09:07:31,remove_from_cart,135,s017971
1140,2024-01-16 11:43:46,view,79,s017972
1541,2024-03-15 16:51:24,add_to_cart,267,s017973
18,2025-07-31 11:33:16,add_to_cart,110,s017974
2000,2024-09-09 11:56:28,view,103,s017975
2329,2025-10-12 09:47:44,add_to_cart,365,s017976
2435,2024-07-13 20:58:47,view,166,s017977
603,2024-12-04 07:30:09,view,377,s017978
2378,2025-11-06 09:51:17,view,261,s017979
307,2024-04-18 05:04:26,view,189,s017980
382,2024-08-22 18:31:40,wishlist,101,s017981
1514,2025-11-28 04:51:28,view,25,s017982
424,2025-03-04 09:47:51,add_to_cart,174,s017983
1440,2025-07-18 21:52:42,add_to_cart,79,s017984
310,2024-11-20 22:58:41,view,16,s017985
73,2024-07-10 10:17:41,view,53,s017986
1702,2024-06-07 19:42:52,view,353,s017987
705,2025-09-04 20:03:53,view,236,s017988
1757,2025-10-31 10:55:41,add_to_cart,108,s017989
1939,2024-07-08 02:22:12,wishlist,205,s017990
1425,2025-03-17 12:39:15,view,3,s017991
1900,2025-02-18 23:40:15,view,120,s017992
1720,2025-10-19 08:51:37,view,357,s017993
2345,2025-01-10 08:14:23,add_to_cart,86,s017994
1681,2024-01-03 17:22:10,view,21,s017995
1196,2025-11-03 16:18:03,view,145,s017996
1923,2024-06-25 20:48:49,add_to_cart,188,s017997
805,2024-03-17 08:35:39,wishlist,376,s017998
2220,2024-06-12 10:01:16,view,148,s017999
1311,2025-06-17 21:57:21,add_to_cart,6,s018000
671,2025-12-14 10:18:20,add_to_cart,133,s018001
1860,2024-07-25 11:39:18,add_to_cart,57,s018002
991,2024-05-12 06:39:55,view,303,s018003
1977,2025-03-25 17:19:55,view,382,s018004
1410,2025-11-18 18:32:32,view,357,s018005
1831,2024-02-20 14:49:50,purchase,182,s018006
1772,2025-08-18 08:39:41,view,146,s018007
1277,2024-01-13 21:36:17,wishlist,361,s018008
1360,2024-04-29 22:23:25,view,375,s018009
1554,2025-06-25 15:15:42,view,47,s018010
1790,2024-11-17 22:09:11,view,240,s018011
1078,2024-06-15 09:22:29,view,114,s018012
1502,2024-02-16 13:27:33,purchase,127,s018013
1255,2025-04-06 17:47:09,view,390,s018014
256,2024-02-02 09:15:20,wishlist,303,s018015
2231,2024-12-15 11:28:38,purchase,97,s018016
149,2025-11-07 06:01:20,view,372,s018017
401,2024-06-21 14:22:06,view,313,s018018
1872,2025-05-04 16:55:00,add_to_cart,296,s018019
905,2024-01-26 21:34:53,view,360,s018020
2169,2024-01-20 20:46:53,view,48,s018021
1826,2025-01-16 08:54:21,view,349,s018022
1384,2024-10-16 21:54:07,wishlist,293,s018023
4,2024-08-25 16:49:29,add_to_cart,287,s018024
2376,2024-10-17 21:22:51,view,257,s018025
1616,2024-03-08 12:07:51,view,127,s018026
335,2024-08-17 10:59:46,view,205,s018027
1622,2024-10-09 16:31:07,wishlist,327,s018028
2500,2024-10-04 22:45:28,view,265,s018029
764,2024-07-25 12:17:12,view,23,s018030
410,2024-02-13 20:31:12,view,198,s018031
514,2024-11-10 18:08:10,view,191,s018032
2383,2025-11-09 07:30:07,view,242,s018033
1699,2024-10-12 20:27:34,wishlist,197,s018034
197,2025-03-04 00:48:32,wishlist,148,s018035
104,2025-09-18 19:34:11,wishlist,143,s018036
1316,2024-09-27 00:30:38,view,238,s018037
182,2025-03-29 12:26:35,view,280,s018038
951,2025-02-20 21:01:35,view,68,s018039
2414,2025-01-05 03:30:17,view,264,s018040
1016,2024-07-12 08:16:16,add_to_cart,198,s018041
2454,2024-06-29 10:12:54,view,18,s018042
1557,2024-02-19 08:39:19,purchase,125,s018043
366,2024-01-09 12:09:06,purchase,267,s018044
1156,2025-04-08 17:06:51,view,384,s018045
1059,2024-10-16 22:47:48,view,328,s018046
1635,2024-03-17 17:26:13,add_to_cart,91,s018047
1358,2025-12-06 14:35:43,view,234,s018048
985,2025-10-19 20:07:04,purchase,234,s018049
1417,2024-11-21 16:25:57,view,174,s018050
843,2024-11-30 08:42:36,wishlist,339,s018051
1389,2025-06-21 06:36:51,purchase,295,s018052
2219,2024-11-13 08:55:04,view,230,s018053
1662,2025-11-09 09:24:07,view,110,s018054
1421,2025-06-30 14:46:41,purchase,46,s018055
133,2024-06-07 22:29:56,view,44,s018056
821,2024-12-09 18:19:36,wishlist,274,s018057
2417,2025-02-13 08:35:56,view,42,s018058
175,2024-08-09 10:21:17,view,86,s018059
1436,2024-05-20 20:40:24,view,114,s018060
85,2024-05-24 15:25:24,view,321,s018061
1322,2025-12-08 08:55:31,view,194,s018062
2201,2024-01-27 11:00:48,wishlist,42,s018063
2096,2025-01-11 07:25:50,add_to_cart,293,s018064
167,2024-03-20 20:22:06,wishlist,123,s018065
2328,2025-09-23 21:47:41,view,147,s018066
2415,2024-11-11 18:30:10,remove_from_cart,340,s018067
1049,2025-02-13 05:38:24,add_to_cart,83,s018068
1936,2025-06-25 00:56:56,view,235,s018069
1241,2025-08-17 13:06:32,remove_from_cart,26,s018070
2214,2025-12-09 22:14:00,view,177,s018071
690,2024-07-17 10:27:57,view,367,s018072
1869,2024-01-17 20:21:59,view,205,s018073
1442,2025-10-20 10:44:39,view,361,s018074
783,2024-07-10 21:06:57,view,220,s018075
1638,2024-07-28 13:25:22,view,154,s018076
2128,2025-11-05 19:54:13,wishlist,133,s018077
1765,2025-08-01 13:37:40,view,290,s018078
1677,2024-08-26 16:57:28,view,41,s018079
2190,2025-02-26 17:03:15,add_to_cart,175,s018080
263,2024-11-15 10:59:49,wishlist,52,s018081
564,2024-06-11 10:20:55,purchase,314,s018082
1578,2024-06-15 06:24:03,add_to_cart,176,s018083
2040,2025-04-17 08:18:28,view,290,s018084
167,2024-08-04 02:53:40,view,308,s018085
364,2025-02-07 10:41:10,purchase,229,s018086
38,2024-10-17 19:41:29,view,399,s018087
1748,2025-05-15 16:16:49,add_to_cart,396,s018088
841,2024-09-01 17:59:37,view,223,s018089
1119,2025-11-02 19:28:05,add_to_cart,336,s018090
2260,2024-06-12 22:01:42,view,212,s018091
1373,2025-12-04 18:32:32,view,166,s018092
1240,2024-12-08 08:40:25,view,29,s018093
2018,2025-04-30 13:43:13,view,378,s018094
988,2025-08-07 12:46:05,view,364,s018095
2113,2025-06-03 09:10:47,view,364,s018096
1633,2024-09-14 21:25:39,add_to_cart,89,s018097
1373,2025-10-09 10:23:52,remove_from_cart,336,s018098
1703,2025-09-17 03:53:50,view,180,s018099
1187,2025-06-24 08:15:21,view,371,s018100
2319,2024-08-10 17:35:31,view,167,s018101
1789,2025-05-11 22:30:35,wishlist,336,s018102
2306,2025-02-22 21:16:18,view,317,s018103
248,2024-05-08 20:52:16,add_to_cart,111,s018104
2373,2025-03-23 17:04:06,view,263,s018105
604,2025-11-30 20:13:59,view,267,s018106
2196,2024-06-02 21:42:48,wishlist,340,s018107
2416,2024-10-02 17:53:51,view,336,s018108
1964,2024-03-20 19:51:55,view,367,s018109
1091,2025-06-12 06:14:16,view,244,s018110
2249,2024-12-07 04:56:02,purchase,267,s018111
1812,2025-08-16 22:38:36,add_to_cart,65,s018112
1376,2024-06-17 07:21:15,view,297,s018113
2220,2025-12-11 23:55:57,wishlist,181,s018114
2002,2024-06-03 18:52:25,view,272,s018115
408,2025-02-09 04:21:18,add_to_cart,224,s018116
2074,2024-08-04 19:13:25,view,369,s018117
624,2024-11-01 20:53:46,add_to_cart,323,s018118
815,2025-10-13 11:03:41,view,88,s018119
1674,2024-07-13 19:08:49,add_to_cart,216,s018120
2436,2024-12-19 09:38:48,wishlist,349,s018121
1130,2025-05-31 12:02:04,view,194,s018122
1417,2025-10-25 08:45:21,wishlist,102,s018123
2397,2024-05-19 18:48:23,add_to_cart,259,s018124
2427,2025-06-16 19:25:57,purchase,111,s018125
602,2025-02-03 17:32:01,purchase,13,s018126
2129,2024-09-06 10:16:29,view,252,s018127
1379,2025-01-10 21:28:19,view,249,s018128
2142,2025-09-04 10:39:05,view,205,s018129
1703,2025-11-23 18:19:29,add_to_cart,113,s018130
1559,2024-06-22 11:48:30,wishlist,283,s018131
1362,2025-03-19 12:59:30,view,23,s018132
2489,2025-09-10 19:32:05,view,309,s018133
793,2025-04-15 23:05:38,wishlist,9,s018134
2144,2024-10-04 02:22:06,wishlist,118,s018135
1632,2024-11-19 06:05:31,view,155,s018136
2120,2024-03-07 21:49:27,purchase,219,s018137
2045,2025-05-15 03:05:46,add_to_cart,166,s018138
1833,2025-12-08 12:08:19,view,56,s018139
1039,2025-11-15 10:57:09,view,328,s018140
600,2024-07-14 20:27:09,add_to_cart,273,s018141
1028,2024-05-23 09:59:42,view,350,s018142
543,2024-03-29 20:34:11,purchase,317,s018143
564,2025-06-30 19:28:52,view,109,s018144
1295,2025-10-17 07:29:39,add_to_cart,40,s018145
2020,2024-10-05 13:24:41,purchase,139,s018146
454,2025-10-31 17:47:24,view,254,s018147
182,2024-11-03 20:28:31,wishlist,322,s018148
405,2024-09-17 21:48:18,add_to_cart,153,s018149
2108,2025-02-03 10:07:23,view,295,s018150
453,2024-03-13 17:39:38,wishlist,209,s018151
1400,2025-09-15 19:28:44,view,219,s018152
1596,2025-08-11 18:39:40,wishlist,60,s018153
1712,2024-11-26 20:52:35,purchase,40,s018154
2263,2024-03-30 07:35:10,add_to_cart,192,s018155
1882,2025-09-20 20:12:24,view,24,s018156
628,2024-03-27 20:51:56,add_to_cart,57,s018157
438,2024-04-07 16:03:22,wishlist,319,s018158
382,2024-01-18 07:33:43,remove_from_cart,56,s018159
1956,2025-05-13 02:39:53,remove_from_cart,330,s018160
449,2025-02-23 01:50:00,view,299,s018161
1228,2025-03-13 19:06:39,view,387,s018162
1945,2025-10-29 19:39:27,add_to_cart,225,s018163
2323,2024-09-21 07:03:04,view,110,s018164
1076,2024-07-06 10:28:34,view,325,s018165
342,2024-08-03 03:30:42,view,127,s018166
745,2024-05-28 21:14:36,view,338,s018167
2313,2025-02-27 23:07:24,view,327,s018168
873,2025-05-10 17:20:51,remove_from_cart,160,s018169
857,2024-11-15 08:03:14,view,130,s018170
683,2024-03-13 12:23:33,purchase,124,s018171
2134,2024-07-30 08:21:57,add_to_cart,141,s018172
190,2025-11-28 07:04:28,view,274,s018173
2120,2025-04-06 20:34:39,add_to_cart,353,s018174
882,2024-09-14 12:07:04,purchase,358,s018175
13,2024-01-04 12:07:02,wishlist,157,s018176
2389,2025-09-15 08:32:43,view,366,s018177
374,2025-03-03 10:59:46,purchase,84,s018178
944,2024-06-18 21:09:06,add_to_cart,9,s018179
2071,2025-04-17 09:53:46,view,26,s018180
1265,2024-12-05 23:09:26,view,122,s018181
692,2025-08-22 11:49:01,purchase,377,s018182
2132,2024-03-11 18:26:59,wishlist,362,s018183
504,2025-01-21 17:26:24,view,120,s018184
780,2024-10-09 19:50:21,view,184,s018185
1223,2025-11-11 06:58:19,wishlist,136,s018186
1447,2025-02-20 07:24:41,view,2,s018187
656,2024-04-17 08:25:34,wishlist,231,s018188
610,2024-08-18 11:23:43,view,185,s018189
273,2025-03-07 09:30:13,add_to_cart,107,s018190
2396,2025-08-31 20:55:14,remove_from_cart,370,s018191
2058,2024-02-09 21:13:21,remove_from_cart,338,s018192
1300,2024-01-18 20:34:44,remove_from_cart,161,s018193
2225,2025-10-21 07:58:36,purchase,337,s018194
500,2024-10-05 21:07:27,add_to_cart,83,s018195
2308,2024-02-08 20:12:58,add_to_cart,145,s018196
1957,2024-02-04 15:30:01,view,107,s018197
425,2024-02-27 18:18:59,view,105,s018198
2032,2025-11-15 11:05:16,view,310,s018199
2376,2025-08-07 18:11:24,view,137,s018200
1310,2025-04-21 06:46:48,view,320,s018201
735,2025-06-19 18:31:43,purchase,253,s018202
2388,2024-02-29 17:05:55,wishlist,181,s018203
763,2024-08-21 11:37:32,view,8,s018204
960,2024-02-22 21:59:29,view,345,s018205
372,2024-02-20 20:34:03,wishlist,384,s018206
2363,2025-02-21 20:16:22,purchase,389,s018207
7,2024-05-17 06:14:06,add_to_cart,152,s018208
2269,2024-07-03 21:16:54,purchase,27,s018209
1896,2024-06-29 20:51:00,purchase,292,s018210
429,2025-07-04 21:49:01,view,201,s018211
881,2025-03-21 19:43:00,view,56,s018212
1082,2025-01-02 00:40:40,add_to_cart,310,s018213
863,2024-04-09 18:38:41,purchase,355,s018214
1432,2024-03-03 20:09:00,view,153,s018215
1832,2024-06-13 09:29:32,add_to_cart,308,s018216
2028,2024-02-03 20:33:53,view,379,s018217
570,2025-06-12 21:42:35,view,119,s018218
275,2024-12-31 08:47:02,view,345,s018219
53,2025-04-12 09:56:12,view,262,s018220
1920,2024-05-17 14:47:56,view,399,s018221
1074,2025-09-01 19:43:50,purchase,193,s018222
455,2025-04-20 08:08:48,view,270,s018223
998,2024-09-25 08:41:53,purchase,164,s018224
517,2025-02-13 13:57:49,view,338,s018225
1464,2024-02-06 08:25:45,view,183,s018226
1731,2025-04-30 22:52:11,wishlist,182,s018227
1856,2025-11-09 19:36:46,view,132,s018228
1416,2025-10-14 19:57:27,view,234,s018229
1851,2025-08-08 18:33:57,view,308,s018230
2134,2025-08-31 10:18:28,view,44,s018231
1548,2024-12-07 07:55:01,wishlist,373,s018232
2111,2024-05-20 17:29:03,remove_from_cart,146,s018233
2356,2025-10-27 08:20:35,view,281,s018234
699,2024-02-22 17:32:04,wishlist,281,s018235
1128,2024-07-07 20:09:08,wishlist,146,s018236
681,2024-07-06 09:54:32,add_to_cart,314,s018237
54,2024-03-30 17:20:49,add_to_cart,40,s018238
8,2025-04-27 13:22:12,purchase,115,s018239
1285,2025-11-04 08:10:04,wishlist,32,s018240
1226,2024-11-28 20:26:41,view,18,s018241
1127,2025-03-24 09:41:21,purchase,369,s018242
357,2025-03-24 09:34:03,purchase,1,s018243
1883,2024-10-21 13:10:18,view,342,s018244
2048,2025-10-05 11:38:21,view,291,s018245
1570,2024-09-16 22:12:11,view,227,s018246
1033,2024-08-14 15:17:27,wishlist,145,s018247
1619,2024-10-26 23:57:42,add_to_cart,250,s018248
2209,2025-03-08 19:06:12,remove_from_cart,96,s018249
188,2024-03-31 21:56:15,view,211,s018250
2017,2024-02-21 20:42:10,add_to_cart,65,s018251
902,2025-12-08 19:47:47,wishlist,178,s018252
1657,2025-01-25 20:03:52,add_to_cart,14,s018253
1309,2025-09-19 12:21:22,view,124,s018254
716,2024-01-15 22:31:22,remove_from_cart,242,s018255
285,2024-06-01 22:46:56,add_to_cart,176,s018256
85,2024-02-28 08:15:08,purchase,100,s018257
2115,2025-06-03 09:10:30,add_to_cart,11,s018258
549,2024-10-10 02:38:02,purchase,50,s018259
2153,2024-07-24 10:05:25,wishlist,15,s018260
1364,2024-12-09 07:29:35,add_to_cart,70,s018261
2076,2024-02-15 03:32:22,add_to_cart,277,s018262
173,2025-03-25 17:48:56,view,297,s018263
996,2025-11-26 09:26:44,add_to_cart,260,s018264
1333,2024-06-08 09:06:28,view,192,s018265
1119,2024-01-21 20:24:37,view,312,s018266
32,2024-05-15 20:09:27,purchase,130,s018267
1738,2024-07-05 21:26:25,purchase,86,s018268
785,2024-03-24 16:31:25,add_to_cart,276,s018269
468,2025-03-24 20:09:30,view,126,s018270
25,2025-03-09 23:07:06,view,298,s018271
714,2024-10-29 10:23:08,add_to_cart,247,s018272
408,2024-05-15 17:11:31,remove_from_cart,70,s018273
2171,2025-10-13 12:33:08,remove_from_cart,397,s018274
974,2025-03-11 20:25:38,view,139,s018275
2050,2024-02-17 08:59:04,add_to_cart,185,s018276
67,2025-08-28 15:48:32,view,46,s018277
1245,2024-11-06 22:17:21,purchase,56,s018278
1646,2024-01-11 00:38:14,view,339,s018279
2026,2024-06-23 14:36:08,view,261,s018280
2403,2024-06-09 10:43:18,purchase,9,s018281
1206,2025-02-16 23:39:32,view,271,s018282
2429,2024-02-18 02:04:31,view,126,s018283
2411,2025-02-12 15:15:00,wishlist,77,s018284
1204,2024-06-11 17:54:15,view,131,s018285
1074,2024-05-08 19:47:32,add_to_cart,161,s018286
187,2024-09-02 20:42:00,add_to_cart,76,s018287
717,2025-07-16 13:32:31,view,362,s018288
1647,2025-01-16 13:58:45,view,6,s018289
2333,2025-09-24 20:43:43,view,315,s018290
1978,2025-03-29 19:17:53,view,78,s018291
784,2024-10-14 02:10:06,wishlist,182,s018292
814,2024-11-20 09:57:46,view,62,s018293
51,2024-03-13 19:00:02,purchase,359,s018294
892,2024-09-28 08:16:35,wishlist,11,s018295
118,2025-03-06 19:19:02,view,326,s018296
470,2024-11-25 19:36:51,view,215,s018297
1061,2024-07-04 07:34:34,view,35,s018298
2094,2025-08-26 07:43:54,wishlist,256,s018299
581,2025-02-09 10:37:03,wishlist,106,s018300
411,2025-08-26 05:49:38,wishlist,383,s018301
509,2024-04-28 11:55:39,view,222,s018302
976,2024-05-13 08:30:16,view,348,s018303
1133,2024-05-12 19:14:33,add_to_cart,247,s018304
1695,2025-03-15 09:46:45,add_to_cart,270,s018305
2182,2025-06-27 21:09:25,view,265,s018306
1820,2024-07-03 13:58:16,view,254,s018307
2125,2025-05-03 17:59:56,add_to_cart,24,s018308
2085,2024-07-17 19:30:19,add_to_cart,97,s018309
1398,2025-11-17 15:52:26,view,198,s018310
1596,2025-07-26 21:06:00,remove_from_cart,251,s018311
893,2025-06-17 07:31:34,view,11,s018312
2302,2024-11-02 05:30:35,view,170,s018313
538,2025-05-17 21:59:27,purchase,312,s018314
890,2025-01-22 18:11:30,add_to_cart,277,s018315
669,2024-12-28 21:19:49,remove_from_cart,374,s018316
915,2025-09-14 09:13:50,view,209,s018317
320,2025-09-23 23:05:32,view,33,s018318
2456,2024-02-23 09:09:55,view,23,s018319
1424,2025-07-13 13:20:58,purchase,378,s018320
1234,2024-06-07 09:31:03,purchase,278,s018321
735,2024-02-03 08:15:30,view,234,s018322
890,2024-07-02 23:10:13,add_to_cart,143,s018323
540,2025-03-07 20:58:46,wishlist,211,s018324
1504,2025-01-06 15:58:24,view,156,s018325
1796,2024-08-16 09:54:19,view,228,s018326
286,2024-12-22 19:26:33,add_to_cart,8,s018327
167,2024-03-01 10:30:11,wishlist,144,s018328
2456,2024-08-26 18:23:12,purchase,26,s018329
40,2025-05-16 21:07:42,wishlist,171,s018330
341,2025-02-27 08:23:40,add_to_cart,86,s018331
1631,2025-04-16 05:26:46,view,291,s018332
2294,2025-05-10 09:31:17,wishlist,240,s018333
1019,2025-07-04 06:49:22,view,393,s018334
1494,2025-10-11 18:11:57,view,209,s018335
974,2025-05-13 21:50:29,view,222,s018336
930,2024-04-29 09:19:40,view,100,s018337
121,2024-12-09 15:17:23,view,156,s018338
767,2024-12-07 19:37:06,purchase,6,s018339
2333,2025-03-11 16:30:26,add_to_cart,12,s018340
1145,2024-05-02 20:24:58,remove_from_cart,84,s018341
939,2024-09-11 09:46:12,view,82,s018342
2093,2024-03-10 18:07:42,wishlist,286,s018343
475,2024-04-18 20:06:33,wishlist,369,s018344
1256,2025-05-24 17:19:19,add_to_cart,282,s018345
534,2024-07-09 11:45:46,view,240,s018346
152,2024-10-05 20:53:41,add_to_cart,312,s018347
209,2024-06-17 18:05:50,purchase,368,s018348
349,2024-04-30 08:07:16,view,387,s018349
928,2024-10-21 14:09:48,view,340,s018350
268,2025-09-24 13:18:45,wishlist,228,s018351
1800,2025-11-21 09:26:47,view,44,s018352
2332,2024-10-09 13:14:27,view,260,s018353
1671,2024-01-17 15:16:19,view,100,s018354
2358,2024-04-14 19:42:21,purchase,182,s018355
1303,2024-08-19 18:26:01,view,45,s018356
1233,2024-07-31 01:25:37,view,54,s018357
1233,2025-01-17 02:20:05,add_to_cart,161,s018358
1625,2024-01-05 06:08:31,add_to_cart,191,s018359
1116,2025-03-20 20:08:52,purchase,349,s018360
95,2024-09-03 08:00:24,add_to_cart,365,s018361
650,2025-03-18 09:48:48,add_to_cart,222,s018362
70,2025-02-09 19:18:50,add_to_cart,329,s018363
1399,2024-12-15 13:39:24,add_to_cart,376,s018364
2329,2025-07-03 06:35:11,view,259,s018365
1046,2025-05-30 04:11:10,view,387,s018366
1418,2025-11-23 20:22:34,purchase,117,s018367
1500,2025-07-22 20:08:58,view,321,s018368
375,2024-05-19 11:44:16,view,182,s018369
2363,2025-08-16 19:06:37,view,165,s018370
595,2025-11-28 07:25:04,view,296,s018371
2088,2025-08-31 09:58:07,purchase,86,s018372
66,2024-08-13 20:41:36,add_to_cart,276,s018373
4,2024-09-04 21:06:41,wishlist,295,s018374
1598,2025-02-06 22:19:04,view,344,s018375
663,2025-04-04 10:02:07,add_to_cart,400,s018376
662,2024-04-14 20:53:34,purchase,24,s018377
372,2025-05-28 12:01:30,wishlist,210,s018378
113,2024-07-11 14:34:44,view,351,s018379
313,2024-03-01 11:09:48,purchase,47,s018380
752,2024-02-15 06:07:07,add_to_cart,278,s018381
1138,2025-04-27 16:32:44,wishlist,174,s018382
42,2025-12-06 08:08:47,view,352,s018383
254,2025-11-18 14:46:36,wishlist,198,s018384
363,2024-11-21 11:48:16,add_to_cart,299,s018385
1964,2024-06-04 09:17:30,add_to_cart,231,s018386
1451,2025-01-11 22:03:56,purchase,304,s018387
1795,2024-04-15 19:48:18,view,148,s018388
1691,2024-09-10 20:37:06,view,62,s018389
1188,2025-11-14 06:58:40,view,235,s018390
1556,2024-11-26 20:05:45,purchase,177,s018391
2132,2024-11-03 07:59:32,view,323,s018392
946,2024-03-14 12:40:44,view,215,s018393
721,2024-09-17 23:42:49,wishlist,86,s018394
1348,2025-01-31 21:56:22,view,189,s018395
579,2025-06-05 21:00:09,wishlist,227,s018396
2477,2024-04-24 10:02:44,wishlist,310,s018397
1806,2024-05-28 08:49:56,wishlist,31,s018398
1108,2025-07-22 17:03:34,remove_from_cart,86,s018399
806,2025-01-22 19:51:41,wishlist,5,s018400
1797,2024-09-15 21:12:24,view,235,s018401
1003,2025-11-13 21:35:43,wishlist,355,s018402
2499,2024-01-23 09:04:22,wishlist,396,s018403
1105,2025-11-07 09:39:38,view,15,s018404
2212,2025-05-14 18:12:57,view,242,s018405
611,2025-02-16 09:38:27,wishlist,6,s018406
770,2024-04-28 21:55:32,add_to_cart,319,s018407
1651,2024-06-29 19:52:15,add_to_cart,95,s018408
1501,2025-03-31 20:10:40,view,257,s018409
164,2024-04-09 19:25:08,add_to_cart,399,s018410
1140,2024-11-28 08:32:26,remove_from_cart,191,s018411
1192,2025-11-17 10:10:11,view,172,s018412
845,2025-08-21 22:50:16,wishlist,71,s018413
342,2024-05-02 09:17:04,view,38,s018414
1985,2024-03-19 09:41:03,add_to_cart,346,s018415
2468,2025-09-26 08:45:29,view,244,s018416
923,2025-05-02 10:51:07,wishlist,225,s018417
1493,2025-01-07 05:10:21,view,337,s018418
1809,2024-05-24 12:06:24,wishlist,306,s018419
519,2024-05-02 08:23:07,wishlist,50,s018420
1269,2024-11-11 21:45:49,add_to_cart,247,s018421
1733,2025-05-26 13:32:47,view,270,s018422
1351,2025-12-01 19:00:41,add_to_cart,76,s018423
2097,2025-06-28 09:01:56,purchase,338,s018424
2273,2024-07-26 20:24:47,add_to_cart,298,s018425
932,2024-09-06 18:33:11,view,52,s018426
1279,2024-05-11 17:57:31,view,256,s018427
346,2024-12-02 09:48:40,add_to_cart,56,s018428
1497,2024-01-05 22:01:17,purchase,279,s018429
921,2025-03-16 07:46:09,view,344,s018430
721,2025-08-26 09:48:46,remove_from_cart,43,s018431
334,2025-01-27 21:05:54,view,141,s018432
817,2024-04-08 22:38:28,add_to_cart,336,s018433
427,2024-12-01 19:20:46,wishlist,357,s018434
166,2025-08-15 07:16:19,add_to_cart,68,s018435
882,2024-02-19 17:54:34,wishlist,372,s018436
1078,2025-05-01 21:45:27,wishlist,65,s018437
818,2024-04-24 09:27:06,view,23,s018438
1468,2025-03-13 11:31:37,add_to_cart,1,s018439
4,2024-11-02 19:15:11,view,28,s018440
524,2025-09-26 18:48:14,view,339,s018441
897,2025-03-25 10:20:52,add_to_cart,215,s018442
426,2024-08-20 13:32:13,remove_from_cart,83,s018443
1113,2024-04-22 08:58:06,add_to_cart,348,s018444
738,2025-06-06 11:47:38,view,13,s018445
1329,2024-08-21 07:28:04,remove_from_cart,286,s018446
1715,2024-08-25 15:47:18,view,298,s018447
1880,2025-05-03 21:01:29,add_to_cart,362,s018448
2039,2024-01-14 12:53:35,add_to_cart,100,s018449
2498,2025-11-14 10:48:41,view,68,s018450
955,2025-09-23 17:19:16,view,121,s018451
2302,2024-01-24 17:55:22,view,241,s018452
1749,2024-03-22 19:01:27,add_to_cart,322,s018453
2397,2024-08-04 21:18:35,view,255,s018454
385,2025-01-18 10:32:35,view,104,s018455
54,2024-07-01 11:53:37,view,400,s018456
503,2024-04-02 18:32:49,view,76,s018457
2154,2024-11-02 12:18:59,add_to_cart,86,s018458
976,2024-05-03 08:55:19,view,321,s018459
2438,2025-05-07 21:52:20,purchase,332,s018460
1567,2024-01-10 07:15:59,view,132,s018461
951,2024-10-25 07:38:53,view,211,s018462
760,2025-12-12 09:40:08,view,112,s018463
2401,2024-04-06 21:07:17,view,318,s018464
1715,2024-06-20 20:37:07,view,158,s018465
2011,2024-01-28 08:52:16,view,184,s018466
938,2025-06-16 08:14:32,remove_from_cart,4,s018467
1886,2025-01-12 19:23:08,add_to_cart,327,s018468
2024,2024-01-03 13:21:51,view,278,s018469
108,2025-10-07 10:25:58,wishlist,37,s018470
518,2025-04-23 08:36:49,remove_from_cart,41,s018471
799,2025-05-02 11:38:16,purchase,234,s018472
2386,2025-09-18 17:50:09,wishlist,138,s018473
1447,2025-04-01 13:20:14,remove_from_cart,82,s018474
248,2024-05-21 18:05:53,view,137,s018475
957,2024-11-22 19:37:17,add_to_cart,166,s018476
2024,2025-07-30 11:48:46,add_to_cart,365,s018477
2048,2025-02-14 22:27:22,remove_from_cart,52,s018478
563,2025-12-01 16:52:28,view,256,s018479
1435,2025-07-02 16:34:20,wishlist,149,s018480
1746,2024-04-11 23:26:54,remove_from_cart,376,s018481
2111,2025-11-14 20:04:19,view,219,s018482
2475,2024-01-22 07:28:22,view,194,s018483
669,2025-03-08 11:53:59,view,38,s018484
1495,2025-09-14 07:19:12,view,185,s018485
2481,2025-05-21 17:58:51,add_to_cart,320,s018486
1204,2024-06-06 19:18:38,wishlist,85,s018487
1175,2024-10-28 08:37:51,wishlist,166,s018488
1737,2025-10-04 20:10:12,view,8,s018489
763,2024-10-31 21:40:37,wishlist,131,s018490
1765,2024-10-02 12:43:47,view,255,s018491
207,2025-02-02 18:38:19,add_to_cart,96,s018492
656,2025-06-02 06:29:33,purchase,184,s018493
414,2024-08-06 08:15:11,remove_from_cart,106,s018494
167,2024-06-26 14:00:50,view,311,s018495
442,2025-09-04 10:38:27,add_to_cart,220,s018496
1777,2024-06-30 22:23:09,view,204,s018497
1088,2024-07-17 07:13:38,view,9,s018498
1732,2024-06-29 09:59:21,view,167,s018499
1106,2025-11-04 13:15:17,wishlist,186,s018500
302,2024-10-05 12:08:08,wishlist,199,s018501
74,2024-11-07 16:47:00,view,126,s018502
1435,2024-07-07 18:01:17,view,122,s018503
2275,2024-11-27 18:48:31,wishlist,88,s018504
694,2024-01-22 17:58:04,view,385,s018505
1999,2025-01-25 13:38:47,view,147,s018506
696,2024-07-26 09:35:10,add_to_cart,150,s018507
20,2025-06-08 10:50:43,add_to_cart,48,s018508
1925,2025-01-29 18:41:32,purchase,189,s018509
1162,2024-03-12 16:06:03,view,218,s018510
134,2025-06-04 22:49:09,view,39,s018511
1178,2024-03-08 16:29:03,purchase,123,s018512
999,2024-10-17 19:30:48,view,136,s018513
1956,2024-04-11 22:27:47,remove_from_cart,348,s018514
1375,2025-11-05 07:51:55,wishlist,75,s018515
597,2025-08-15 21:51:48,view,50,s018516
1812,2024-05-01 10:42:33,view,159,s018517
2478,2024-01-03 08:40:46,wishlist,227,s018518
1501,2024-04-02 10:25:50,purchase,295,s018519
2482,2024-03-09 20:57:39,view,361,s018520
587,2024-09-13 07:42:50,view,399,s018521
2211,2024-08-14 21:26:27,view,145,s018522
1323,2024-01-13 19:42:52,wishlist,150,s018523
176,2025-03-11 10:25:56,view,21,s018524
1375,2025-07-29 15:52:59,view,144,s018525
550,2025-03-15 19:05:04,view,117,s018526
1387,2025-11-29 20:12:26,purchase,252,s018527
1942,2024-10-23 18:36:44,purchase,98,s018528
1358,2025-06-05 19:20:17,add_to_cart,378,s018529
1658,2025-07-05 08:56:19,view,25,s018530
227,2024-03-28 05:12:46,wishlist,146,s018531
1725,2025-08-20 20:58:49,wishlist,298,s018532
70,2025-05-20 22:54:09,view,96,s018533
1297,2024-09-22 06:33:05,purchase,87,s018534
1494,2025-05-13 12:19:03,purchase,283,s018535
1279,2025-05-12 10:58:10,remove_from_cart,251,s018536
1725,2024-04-05 09:37:10,add_to_cart,61,s018537
49,2025-07-20 20:15:34,view,351,s018538
915,2025-01-29 08:46:35,purchase,352,s018539
430,2024-02-04 09:37:20,add_to_cart,115,s018540
643,2024-12-25 07:06:27,wishlist,285,s018541
1077,2025-01-26 20:08:22,view,91,s018542
1992,2025-12-03 12:39:51,wishlist,329,s018543
2103,2025-04-07 05:15:48,purchase,302,s018544
2321,2025-03-30 08:53:17,purchase,198,s018545
1646,2024-06-16 21:40:36,add_to_cart,329,s018546
2070,2025-10-19 12:11:28,purchase,243,s018547
1180,2025-06-12 19:09:22,view,398,s018548
124,2025-11-12 16:12:00,purchase,208,s018549
254,2025-08-30 09:07:44,remove_from_cart,75,s018550
2188,2024-08-06 00:36:53,view,225,s018551
1656,2025-12-11 22:21:57,purchase,29,s018552
456,2024-05-04 09:46:24,purchase,388,s018553
1253,2024-08-30 18:31:51,add_to_cart,358,s018554
1465,2025-09-13 09:28:31,view,316,s018555
947,2024-05-21 20:05:45,view,375,s018556
376,2024-09-16 14:37:04,view,95,s018557
1252,2025-07-04 03:46:24,purchase,191,s018558
315,2024-03-03 21:09:33,purchase,388,s018559
752,2025-10-15 07:29:15,view,151,s018560
26,2025-07-08 18:49:02,add_to_cart,359,s018561
1211,2025-08-06 04:09:37,add_to_cart,52,s018562
1890,2024-08-16 17:46:24,view,111,s018563
1257,2025-05-04 09:52:31,add_to_cart,278,s018564
471,2025-08-19 05:20:49,view,68,s018565
862,2024-11-26 21:18:22,view,181,s018566
1492,2025-05-17 17:03:38,remove_from_cart,110,s018567
1446,2025-01-29 09:07:39,view,36,s018568
359,2024-05-06 08:44:14,view,9,s018569
1262,2024-01-29 18:06:10,view,200,s018570
1180,2024-02-28 14:22:49,remove_from_cart,235,s018571
1926,2024-11-13 14:32:06,wishlist,129,s018572
428,2025-01-14 11:22:56,view,274,s018573
1708,2024-01-14 19:34:39,wishlist,93,s018574
1309,2024-06-18 10:27:04,purchase,313,s018575
666,2024-06-30 15:31:33,wishlist,30,s018576
1024,2025-11-19 17:13:24,purchase,74,s018577
50,2025-07-26 21:14:33,view,237,s018578
2215,2025-01-16 16:23:32,view,56,s018579
427,2025-07-23 11:34:05,purchase,225,s018580
128,2024-01-05 21:52:39,view,385,s018581
117,2025-06-26 16:50:37,wishlist,366,s018582
1873,2024-12-02 07:09:33,add_to_cart,92,s018583
406,2025-08-20 16:41:35,wishlist,177,s018584
490,2024-11-04 23:21:34,wishlist,336,s018585
1084,2025-07-24 22:09:53,purchase,181,s018586
775,2025-08-29 07:57:37,purchase,54,s018587
1177,2024-08-08 21:34:41,view,331,s018588
1249,2025-10-05 17:47:09,view,76,s018589
59,2024-05-07 18:51:15,wishlist,240,s018590
1669,2025-12-09 06:11:43,view,245,s018591
1340,2024-06-06 21:48:19,purchase,273,s018592
860,2025-11-14 21:48:51,view,137,s018593
974,2024-08-22 22:23:15,wishlist,2,s018594
269,2025-05-09 14:52:50,add_to_cart,343,s018595
1537,2024-07-29 20:43:48,view,128,s018596
548,2025-06-05 13:06:45,remove_from_cart,275,s018597
546,2025-03-01 19:19:33,view,237,s018598
220,2024-05-09 17:05:55,add_to_cart,398,s018599
1254,2024-08-20 19:07:27,add_to_cart,309,s018600
2275,2025-07-20 16:08:44,view,375,s018601
650,2025-02-06 23:03:17,view,217,s018602
2008,2024-11-12 18:47:52,wishlist,339,s018603
856,2024-11-13 20:08:46,view,261,s018604
2474,2025-03-04 10:09:11,remove_from_cart,193,s018605
1556,2025-12-02 13:10:41,purchase,123,s018606
153,2024-03-04 20:56:57,view,233,s018607
1774,2025-04-30 21:03:53,view,358,s018608
1191,2025-07-14 23:38:31,view,234,s018609
1751,2025-12-07 19:20:51,view,315,s018610
969,2025-07-23 22:31:33,purchase,156,s018611
2023,2024-06-08 07:14:14,add_to_cart,316,s018612
1085,2025-05-20 08:03:25,wishlist,204,s018613
283,2025-06-25 21:12:56,view,123,s018614
1959,2024-11-29 19:01:47,wishlist,30,s018615
1939,2025-11-24 11:17:05,add_to_cart,391,s018616
933,2024-11-11 15:56:07,view,81,s018617
154,2024-06-27 21:56:35,add_to_cart,124,s018618
1689,2025-07-01 19:05:16,view,283,s018619
32,2025-05-02 23:25:13,purchase,50,s018620
2447,2024-03-03 12:52:33,purchase,131,s018621
2306,2024-10-04 20:45:32,add_to_cart,192,s018622
1703,2025-01-27 10:43:22,view,134,s018623
2375,2025-11-29 14:22:30,view,235,s018624
2481,2025-08-29 18:33:39,wishlist,238,s018625
1386,2025-11-22 13:28:00,view,171,s018626
679,2025-02-11 19:26:16,view,233,s018627
978,2025-10-12 22:17:16,purchase,312,s018628
2103,2024-01-28 21:51:24,view,188,s018629
2032,2025-06-24 10:41:02,add_to_cart,284,s018630
704,2025-09-19 15:59:39,purchase,246,s018631
245,2025-04-15 08:21:48,wishlist,350,s018632
2399,2025-11-19 08:09:22,view,175,s018633
607,2024-05-09 21:15:14,add_to_cart,186,s018634
2132,2025-07-08 22:18:38,add_to_cart,212,s018635
988,2024-05-23 19:03:35,wishlist,239,s018636
317,2025-05-21 20:14:43,view,269,s018637
937,2025-02-28 23:49:39,view,45,s018638
2489,2024-09-25 19:08:31,view,270,s018639
591,2024-01-06 18:19:53,purchase,146,s018640
816,2025-01-02 10:08:18,view,229,s018641
699,2024-07-13 18:03:01,add_to_cart,376,s018642
2407,2024-11-04 21:05:46,view,199,s018643
778,2025-06-18 19:57:38,view,200,s018644
828,2024-04-02 19:03:02,purchase,204,s018645
261,2024-12-28 08:26:50,purchase,136,s018646
2276,2025-02-16 22:57:20,view,394,s018647
1699,2025-01-03 22:12:26,view,17,s018648
1393,2025-03-16 07:27:39,view,205,s018649
2405,2024-06-11 14:36:42,view,58,s018650
2061,2025-05-05 07:20:23,purchase,29,s018651
1066,2025-10-19 08:59:50,view,129,s018652
2414,2024-07-19 17:36:04,remove_from_cart,47,s018653
884,2025-10-06 17:06:35,view,345,s018654
172,2025-06-12 18:08:08,add_to_cart,327,s018655
410,2025-06-17 16:37:06,view,272,s018656
244,2025-06-05 08:39:34,add_to_cart,2,s018657
1302,2025-02-12 22:10:46,add_to_cart,98,s018658
1683,2025-06-23 19:38:48,view,161,s018659
406,2024-12-08 07:55:54,view,80,s018660
2052,2025-09-23 17:33:37,wishlist,385,s018661
879,2025-08-26 20:27:18,view,127,s018662
1062,2024-03-31 16:41:13,wishlist,318,s018663
1108,2024-03-16 20:33:51,view,310,s018664
1811,2025-10-09 06:47:42,view,51,s018665
925,2024-08-22 16:51:33,add_to_cart,244,s018666
1677,2024-10-08 03:44:30,view,311,s018667
1326,2024-02-04 12:59:28,view,109,s018668
1688,2025-07-13 13:53:26,wishlist,72,s018669
2481,2025-08-29 23:43:34,wishlist,310,s018670
123,2024-05-30 09:29:08,purchase,353,s018671
1774,2025-04-28 19:49:48,view,70,s018672
1436,2025-06-18 22:01:09,view,329,s018673
317,2025-09-21 18:43:07,view,55,s018674
2394,2025-04-28 15:20:33,wishlist,140,s018675
1029,2025-09-22 19:13:52,purchase,108,s018676
983,2024-04-13 08:40:09,purchase,280,s018677
139,2024-09-17 01:28:32,purchase,71,s018678
1079,2025-04-03 20:40:12,add_to_cart,336,s018679
1280,2025-11-04 20:03:56,view,273,s018680
1018,2025-09-06 20:16:47,view,393,s018681
382,2024-12-31 21:37:33,view,60,s018682
1760,2024-12-31 11:35:16,view,194,s018683
1316,2024-03-15 21:08:03,wishlist,347,s018684
578,2025-07-05 19:28:44,view,386,s018685
1781,2024-07-03 12:00:32,add_to_cart,46,s018686
2225,2024-06-16 13:05:22,view,4,s018687
1951,2025-02-14 17:17:07,view,288,s018688
2231,2024-10-09 10:03:45,purchase,236,s018689
80,2024-06-22 18:14:26,purchase,59,s018690
1356,2025-05-23 21:23:55,view,70,s018691
1337,2025-10-02 07:13:35,view,383,s018692
1705,2024-01-07 23:30:15,view,205,s018693
1146,2024-01-03 11:15:50,purchase,386,s018694
366,2024-06-18 12:14:55,view,295,s018695
1872,2025-02-23 14:40:45,view,298,s018696
1631,2025-03-15 19:24:25,add_to_cart,282,s018697
1655,2025-11-30 21:10:51,view,179,s018698
270,2025-08-29 16:35:24,view,186,s018699
2439,2025-11-04 16:35:40,view,318,s018700
2100,2025-04-11 08:17:35,purchase,235,s018701
1378,2024-07-31 22:28:04,view,42,s018702
1889,2024-07-16 09:47:44,remove_from_cart,353,s018703
1112,2024-11-26 12:52:23,purchase,84,s018704
1659,2025-10-05 11:28:40,add_to_cart,233,s018705
2235,2025-04-15 06:20:54,purchase,27,s018706
2467,2025-09-12 21:02:02,wishlist,206,s018707
1750,2024-08-09 07:57:21,view,328,s018708
1259,2024-03-19 22:28:36,view,138,s018709
1461,2025-11-18 08:29:31,view,321,s018710
1559,2024-11-18 11:55:29,wishlist,179,s018711
1594,2025-02-19 19:26:09,view,1,s018712
767,2025-08-14 08:20:45,add_to_cart,34,s018713
1254,2025-06-15 18:13:01,view,35,s018714
1898,2024-04-06 01:25:28,view,124,s018715
1278,2025-04-02 21:53:47,remove_from_cart,334,s018716
1022,2025-10-23 22:43:01,purchase,158,s018717
91,2024-07-22 10:27:42,view,92,s018718
1983,2024-06-14 20:07:46,view,167,s018719
905,2025-07-02 17:51:58,view,251,s018720
727,2025-08-15 19:33:00,view,208,s018721
230,2025-12-10 21:55:27,view,207,s018722
418,2024-03-18 16:52:02,wishlist,41,s018723
942,2024-10-06 12:27:08,add_to_cart,388,s018724
391,2025-10-30 20:32:59,remove_from_cart,253,s018725
198,2025-06-07 22:42:07,remove_from_cart,10,s018726
776,2024-06-27 10:17:07,purchase,144,s018727
702,2025-02-17 16:05:26,view,81,s018728
1765,2025-10-18 10:45:15,remove_from_cart,27,s018729
1971,2024-05-29 10:22:00,add_to_cart,250,s018730
1201,2025-03-12 23:12:54,view,370,s018731
2265,2024-08-23 10:47:33,view,331,s018732
1532,2025-03-23 09:05:23,view,269,s018733
2270,2025-05-22 21:19:07,add_to_cart,39,s018734
1095,2025-02-09 20:01:47,view,274,s018735
1826,2024-02-08 20:44:51,view,390,s018736
788,2025-08-03 18:10:11,remove_from_cart,191,s018737
440,2025-05-17 21:11:39,view,71,s018738
1101,2025-02-12 20:01:59,purchase,133,s018739
1648,2024-11-02 22:26:44,view,256,s018740
1725,2024-12-27 09:31:47,view,397,s018741
2265,2024-08-12 19:26:34,wishlist,351,s018742
1797,2024-12-28 19:16:35,view,308,s018743
1493,2024-06-08 21:57:50,view,210,s018744
31,2025-04-24 21:21:07,add_to_cart,134,s018745
190,2024-08-23 13:36:23,view,208,s018746
666,2025-04-20 20:58:51,view,5,s018747
1019,2025-07-23 20:04:57,view,135,s018748
1704,2024-02-21 08:47:26,wishlist,80,s018749
1386,2024-12-06 17:47:08,view,133,s018750
1867,2024-08-08 19:13:18,add_to_cart,238,s018751
1976,2025-08-11 20:24:56,view,249,s018752
87,2025-12-08 12:36:52,purchase,140,s018753
1509,2025-04-28 13:18:25,purchase,361,s018754
2111,2024-12-15 19:13:54,wishlist,136,s018755
43,2025-11-13 22:45:33,view,320,s018756
840,2024-05-30 17:33:14,remove_from_cart,41,s018757
1360,2025-12-12 08:08:37,wishlist,221,s018758
265,2025-04-10 15:42:19,view,364,s018759
1625,2024-03-10 16:02:50,purchase,185,s018760
498,2025-05-05 20:54:14,view,7,s018761
766,2024-11-28 20:48:10,add_to_cart,199,s018762
1438,2025-11-14 12:56:00,view,362,s018763
1641,2024-03-08 11:27:21,purchase,368,s018764
608,2025-10-19 22:56:02,view,69,s018765
2391,2025-03-30 21:03:53,view,210,s018766
582,2024-05-18 07:06:10,wishlist,203,s018767
853,2025-04-14 04:49:42,add_to_cart,21,s018768
2488,2025-04-03 19:32:45,add_to_cart,214,s018769
823,2024-01-02 22:40:27,wishlist,366,s018770
1294,2024-12-28 22:35:14,purchase,323,s018771
1879,2024-06-04 12:41:10,add_to_cart,396,s018772
1978,2025-02-20 17:06:05,view,14,s018773
2213,2024-04-16 07:56:42,view,361,s018774
226,2024-05-20 09:35:57,view,372,s018775
1665,2025-05-23 23:30:43,wishlist,72,s018776
682,2024-08-17 18:00:57,view,228,s018777
2128,2024-01-10 20:35:01,purchase,28,s018778
1816,2025-10-07 19:55:02,view,202,s018779
1989,2024-10-18 19:30:03,add_to_cart,64,s018780
2437,2025-02-23 16:45:10,add_to_cart,188,s018781
1481,2024-08-30 20:54:06,wishlist,300,s018782
733,2025-11-12 21:36:22,wishlist,381,s018783
1863,2024-08-25 21:16:25,add_to_cart,276,s018784
1442,2025-06-30 09:17:52,view,161,s018785
1471,2025-06-03 19:54:36,view,60,s018786
2068,2024-06-09 19:18:24,view,298,s018787
523,2025-06-30 05:49:39,view,145,s018788
1087,2025-11-17 20:14:35,purchase,400,s018789
699,2025-10-25 06:34:12,wishlist,47,s018790
2457,2025-05-02 17:29:46,add_to_cart,194,s018791
1649,2024-10-07 10:43:21,view,283,s018792
209,2024-05-19 09:21:01,view,139,s018793
2309,2024-11-23 09:48:48,view,123,s018794
203,2024-08-11 21:49:03,add_to_cart,66,s018795
2203,2025-04-24 21:58:15,wishlist,83,s018796
1669,2024-08-24 01:41:09,view,323,s018797
1952,2024-03-25 07:20:51,wishlist,116,s018798
629,2025-03-20 12:20:33,view,294,s018799
1019,2024-04-21 06:00:38,purchase,83,s018800
636,2025-02-28 07:45:38,view,352,s018801
1115,2024-02-08 19:05:26,view,289,s018802
2419,2024-04-09 11:43:11,add_to_cart,17,s018803
1121,2024-04-01 18:26:55,view,158,s018804
2471,2024-07-10 16:54:12,wishlist,35,s018805
1145,2024-12-13 18:22:21,wishlist,301,s018806
1561,2024-07-27 09:47:56,add_to_cart,137,s018807
1364,2025-07-19 09:57:22,purchase,243,s018808
513,2024-08-23 20:18:13,view,264,s018809
1482,2024-01-24 05:41:01,view,378,s018810
1235,2024-06-22 07:04:54,wishlist,168,s018811
1751,2024-09-11 16:27:09,wishlist,21,s018812
907,2024-09-19 08:18:27,view,166,s018813
614,2025-05-11 18:25:57,wishlist,37,s018814
230,2025-12-05 20:56:20,view,209,s018815
1417,2024-01-30 21:46:17,add_to_cart,100,s018816
1438,2025-12-02 12:27:20,view,293,s018817
886,2024-01-27 13:32:42,purchase,257,s018818
690,2024-10-20 20:02:54,wishlist,123,s018819
2436,2024-12-01 09:27:12,wishlist,121,s018820
519,2024-02-22 13:24:20,purchase,212,s018821
2441,2024-10-25 12:35:30,purchase,172,s018822
867,2024-08-08 16:45:33,remove_from_cart,391,s018823
1399,2025-10-31 14:56:08,view,56,s018824
1058,2025-07-20 16:26:29,add_to_cart,326,s018825
1396,2025-02-06 20:48:13,wishlist,213,s018826
887,2025-07-24 09:16:01,add_to_cart,375,s018827
324,2025-07-24 09:24:23,view,96,s018828
1721,2024-03-20 01:05:22,view,233,s018829
233,2024-04-24 13:20:10,add_to_cart,384,s018830
348,2025-01-28 18:29:33,view,369,s018831
953,2024-06-26 08:13:53,view,288,s018832
458,2025-04-18 20:51:50,view,127,s018833
1872,2024-03-07 09:30:53,view,156,s018834
265,2025-03-29 21:48:46,purchase,400,s018835
646,2024-12-07 19:22:09,view,250,s018836
164,2025-06-06 12:34:41,view,65,s018837
2497,2025-07-14 11:33:02,wishlist,108,s018838
1233,2025-08-24 20:09:47,view,24,s018839
2178,2024-08-19 08:42:57,view,90,s018840
1057,2024-11-08 13:41:21,view,273,s018841
1111,2024-10-16 18:15:27,view,301,s018842
2475,2025-10-08 18:55:51,view,164,s018843
145,2024-04-30 20:33:10,view,166,s018844
323,2024-04-16 01:23:03,view,59,s018845
2255,2025-11-29 21:40:27,view,215,s018846
85,2025-04-08 04:46:52,purchase,55,s018847
1708,2025-04-13 21:46:19,wishlist,164,s018848
2064,2025-03-27 21:30:49,add_to_cart,371,s018849
2064,2024-09-17 12:29:47,add_to_cart,262,s018849
693,2024-07-30 17:33:10,view,25,s018850
1958,2024-10-26 12:39:47,add_to_cart,199,s018851
15,2025-05-11 19:16:57,add_to_cart,381,s018852
1734,2024-06-26 17:37:58,wishlist,186,s018853
1125,2024-01-04 10:39:10,view,365,s018854
957,2024-07-02 14:31:57,add_to_cart,245,s018855
1404,2024-09-20 21:40:39,view,134,s018856
1016,2025-08-02 13:11:21,view,298,s018857
2105,2024-08-30 22:11:18,view,275,s018858
2261,2024-08-25 07:00:38,view,102,s018859
218,2024-03-31 14:24:12,view,154,s018860
893,2024-10-18 10:03:18,view,321,s018861
79,2025-05-18 22:58:10,view,166,s018862
1775,2024-11-02 23:50:00,wishlist,391,s018863
1815,2024-12-22 17:53:46,view,377,s018864
1453,2024-12-13 19:55:57,add_to_cart,44,s018865
776,2025-01-19 20:46:08,view,393,s018866
1009,2025-07-26 16:09:32,purchase,241,s018867
1829,2024-08-10 08:23:52,remove_from_cart,70,s018868
122,2025-07-20 01:20:42,view,271,s018869
1785,2024-06-14 10:58:54,purchase,103,s018870
55,2024-04-07 23:16:59,view,225,s018871
449,2024-10-19 12:41:50,add_to_cart,218,s018872
141,2025-12-05 22:37:28,view,160,s018873
2249,2025-02-15 22:38:27,remove_from_cart,270,s018874
579,2025-03-04 20:57:14,view,254,s018875
927,2024-07-06 10:05:42,add_to_cart,235,s018876
664,2025-08-10 18:25:11,view,316,s018877
1963,2024-01-26 17:28:17,view,271,s018878
1844,2025-01-05 20:24:24,view,26,s018879
97,2025-05-10 08:19:53,view,214,s018880
1082,2025-08-11 14:44:23,view,55,s018881
1845,2024-10-12 18:12:03,view,221,s018882
553,2024-09-26 09:30:29,view,246,s018883
1750,2025-04-16 00:46:46,view,392,s018884
1241,2025-08-08 06:43:29,view,175,s018885
15,2024-04-11 20:19:15,purchase,348,s018886
555,2025-11-16 10:47:57,add_to_cart,282,s018887
1693,2025-09-27 21:13:52,add_to_cart,177,s018888
2267,2025-02-05 11:41:29,view,81,s018889
291,2024-05-11 22:12:39,add_to_cart,245,s018890
47,2025-05-04 15:30:35,view,349,s018891
835,2024-04-16 19:34:43,wishlist,52,s018892
1693,2025-02-06 05:09:41,add_to_cart,102,s018893
1198,2024-09-24 16:13:52,purchase,286,s018894
1441,2024-08-28 21:46:13,view,256,s018895
2409,2024-01-17 20:03:40,view,341,s018896
2339,2024-03-15 09:46:30,view,297,s018897
754,2025-07-06 21:13:16,view,356,s018898
700,2024-01-27 20:02:51,view,330,s018899
467,2025-04-04 06:50:01,view,181,s018900
119,2025-10-16 19:27:49,wishlist,106,s018901
2162,2024-01-17 13:05:22,purchase,212,s018902
2441,2025-05-30 12:27:43,add_to_cart,58,s018903
893,2025-11-13 08:14:57,wishlist,269,s018904
1985,2025-04-29 09:12:38,wishlist,90,s018905
1049,2024-05-03 14:43:21,add_to_cart,6,s018906
941,2024-02-09 18:23:11,remove_from_cart,285,s018907
1101,2025-02-20 08:20:58,view,8,s018908
2254,2024-05-29 16:42:22,wishlist,394,s018909
573,2024-08-08 12:51:47,wishlist,148,s018910
1531,2024-01-24 18:33:52,view,314,s018911
811,2024-11-07 21:01:02,add_to_cart,166,s018912
1201,2024-12-05 09:17:06,view,244,s018913
890,2024-04-26 08:48:23,view,239,s018914
910,2024-03-22 21:51:16,purchase,161,s018915
1660,2024-05-10 21:30:59,add_to_cart,365,s018916
2326,2024-02-22 13:11:20,wishlist,108,s018917
164,2025-04-08 06:14:53,add_to_cart,243,s018918
2242,2025-05-04 08:25:11,add_to_cart,159,s018919
2067,2025-06-23 08:23:38,add_to_cart,88,s018920
1798,2025-08-06 08:13:25,view,381,s018921
1190,2025-02-23 07:24:27,wishlist,345,s018922
2382,2025-03-29 18:38:08,view,331,s018923
176,2025-08-22 09:58:19,wishlist,338,s018924
196,2025-06-12 07:00:39,view,213,s018925
1807,2024-04-22 06:04:25,add_to_cart,91,s018926
616,2025-10-18 07:01:56,remove_from_cart,256,s018927
2404,2025-07-13 07:08:39,view,34,s018928
1682,2025-03-11 21:26:14,remove_from_cart,53,s018929
625,2024-03-21 20:19:03,view,61,s018930
187,2025-08-29 16:35:29,wishlist,189,s018931
2023,2024-06-09 21:25:05,view,134,s018932
2319,2024-12-08 15:19:01,view,316,s018933
2226,2024-04-23 19:02:51,remove_from_cart,297,s018934
2116,2025-10-18 19:51:09,remove_from_cart,307,s018935
2024,2024-01-31 08:12:48,add_to_cart,104,s018936
2119,2024-02-09 19:01:24,purchase,234,s018937
1323,2025-02-03 08:06:09,purchase,166,s018938
473,2025-09-23 20:47:17,add_to_cart,66,s018939
761,2024-12-30 20:31:56,add_to_cart,46,s018940
891,2025-04-10 14:05:29,view,288,s018941
1932,2024-11-13 10:45:56,view,47,s018942
2470,2024-07-18 10:41:05,view,232,s018943
47,2024-11-20 19:57:13,wishlist,371,s018944
1591,2024-02-08 09:38:35,view,235,s018945
445,2024-07-23 07:22:34,view,337,s018946
309,2025-02-03 19:19:31,add_to_cart,362,s018947
256,2024-12-16 20:21:09,view,95,s018948
2317,2025-01-21 09:28:29,view,344,s018949
1891,2025-09-26 21:34:58,view,375,s018950
1340,2025-07-17 20:53:24,wishlist,350,s018951
227,2025-09-27 14:21:24,view,234,s018952
177,2025-10-28 06:28:58,view,230,s018953
1929,2024-02-14 06:43:54,view,184,s018954
1746,2024-05-18 20:49:12,add_to_cart,204,s018955
2314,2024-04-23 00:43:27,remove_from_cart,28,s018956
2373,2025-04-16 21:23:44,view,55,s018957
682,2025-08-16 22:40:45,view,267,s018958
1770,2025-06-17 00:20:09,view,96,s018959
570,2024-01-19 22:44:03,view,280,s018960
1952,2024-02-26 12:46:21,view,304,s018961
1391,2025-12-12 14:34:00,purchase,81,s018962
1651,2024-10-27 08:14:06,add_to_cart,209,s018963
853,2025-02-15 16:43:01,add_to_cart,19,s018964
1366,2024-02-07 02:05:29,view,369,s018965
2152,2024-07-26 09:22:38,purchase,238,s018966
1162,2024-10-23 10:23:52,add_to_cart,360,s018967
1141,2024-10-26 16:56:36,view,158,s018968
2311,2024-12-25 16:22:53,view,253,s018969
4,2024-08-19 23:20:54,add_to_cart,252,s018970
1493,2025-06-12 19:09:41,wishlist,54,s018971
2244,2024-07-12 09:11:29,purchase,300,s018972
1977,2024-10-18 08:52:16,view,103,s018973
1829,2025-08-26 07:30:53,view,286,s018974
86,2024-10-24 23:56:06,view,131,s018975
872,2025-05-09 21:05:36,view,50,s018976
203,2024-01-14 10:57:13,remove_from_cart,24,s018977
867,2024-10-31 16:22:41,wishlist,25,s018978
94,2025-08-15 19:15:52,wishlist,60,s018979
2205,2024-07-08 07:18:16,wishlist,277,s018980
798,2024-04-21 00:37:45,purchase,123,s018981
1305,2025-03-24 03:13:57,view,68,s018982
554,2025-10-16 23:12:24,view,176,s018983
2212,2025-12-14 20:07:33,view,70,s018984
1590,2024-05-06 13:12:17,wishlist,169,s018985
1175,2024-11-25 19:35:13,view,7,s018986
598,2024-11-19 19:06:51,view,106,s018987
907,2024-11-28 18:59:34,add_to_cart,285,s018988
870,2024-06-27 20:59:32,wishlist,383,s018989
2200,2024-12-19 21:23:27,add_to_cart,274,s018990
82,2025-10-08 17:50:44,view,160,s018991
426,2024-07-05 08:49:01,remove_from_cart,337,s018992
405,2024-11-11 16:16:22,purchase,18,s018993
866,2025-08-01 07:11:35,add_to_cart,163,s018994
1516,2025-05-14 03:54:30,wishlist,394,s018995
1775,2024-07-13 20:44:07,view,290,s018996
1356,2024-08-15 18:52:49,add_to_cart,11,s018997
276,2024-11-30 16:47:49,view,144,s018998
1645,2025-07-07 11:05:17,view,35,s018999
796,2024-02-07 20:27:08,purchase,16,s019000
1588,2024-11-05 21:09:36,remove_from_cart,290,s019001
569,2024-04-11 08:03:04,view,309,s019002
788,2025-03-14 23:41:53,view,367,s019003
1111,2024-12-23 21:16:21,wishlist,78,s019004
1007,2024-11-19 21:49:43,purchase,354,s019005
367,2025-10-19 21:50:15,view,224,s019006
447,2025-01-24 04:32:48,view,340,s019007
2464,2024-04-20 18:43:36,view,307,s019008
1167,2025-01-08 19:57:50,remove_from_cart,246,s019009
2172,2025-07-22 20:56:26,view,301,s019010
562,2024-04-07 20:06:20,view,115,s019011
507,2025-07-22 18:52:14,add_to_cart,121,s019012
236,2024-04-14 19:54:50,add_to_cart,121,s019013
2015,2024-10-13 13:18:59,purchase,102,s019014
928,2025-05-28 20:45:53,view,63,s019015
763,2025-05-20 21:35:57,view,63,s019016
1231,2025-06-23 07:15:48,view,52,s019017
1356,2024-07-02 19:42:29,view,147,s019018
862,2024-11-08 08:53:11,purchase,252,s019019
1348,2024-01-01 22:19:44,view,191,s019020
1106,2024-05-19 01:44:56,view,296,s019021
2274,2024-12-17 19:06:14,wishlist,92,s019022
1682,2025-04-05 22:37:27,view,2,s019023
392,2025-11-03 07:52:38,add_to_cart,9,s019024
112,2024-01-24 19:51:18,view,20,s019025
2188,2024-10-03 09:08:47,view,5,s019026
2375,2025-05-27 07:08:08,wishlist,193,s019027
1417,2025-01-22 08:04:22,view,383,s019028
2340,2024-01-08 15:30:50,add_to_cart,292,s019029
956,2024-05-23 10:45:02,view,256,s019030
799,2025-05-07 15:34:29,view,165,s019031
284,2025-11-19 20:57:43,wishlist,155,s019032
1077,2024-10-13 13:34:31,view,265,s019033
1342,2024-08-06 08:23:51,wishlist,239,s019034
2354,2024-12-02 14:59:52,purchase,295,s019035
211,2025-09-13 10:35:37,view,399,s019036
2169,2025-08-21 00:19:44,view,108,s019037
1015,2025-03-30 06:11:06,add_to_cart,21,s019038
498,2024-04-13 18:41:58,view,140,s019039
371,2025-02-20 19:10:57,wishlist,395,s019040
910,2024-05-16 00:55:05,wishlist,9,s019041
2299,2024-03-28 13:47:34,view,288,s019042
567,2024-05-04 08:29:24,view,161,s019043
2296,2025-06-27 07:11:14,view,143,s019044
905,2024-07-06 16:10:25,wishlist,347,s019045
1015,2025-02-01 08:27:14,add_to_cart,220,s019046
787,2024-09-14 11:09:13,view,277,s019047
1663,2025-12-02 20:12:44,view,201,s019048
1707,2025-04-24 06:45:48,wishlist,244,s019049
75,2024-07-11 22:05:54,view,208,s019050
331,2025-08-21 11:29:32,wishlist,206,s019051
1188,2025-07-19 16:07:01,view,322,s019052
632,2024-03-01 20:38:47,view,348,s019053
1514,2025-03-07 15:29:41,wishlist,215,s019054
594,2025-11-28 23:17:04,add_to_cart,394,s019055
622,2025-02-01 21:24:37,add_to_cart,355,s019056
2140,2024-07-05 16:59:15,add_to_cart,300,s019057
192,2024-01-15 21:55:21,view,118,s019058
1950,2024-11-10 02:19:27,view,320,s019059
1052,2025-10-26 18:35:32,view,111,s019060
143,2024-03-25 01:49:41,view,102,s019061
1173,2024-01-01 20:45:20,wishlist,322,s019062
2347,2025-01-02 21:01:04,remove_from_cart,121,s019063
243,2025-05-31 12:54:19,view,126,s019064
531,2024-10-12 05:28:53,wishlist,274,s019065
1761,2025-09-14 19:14:27,wishlist,344,s019066
896,2024-03-14 19:01:36,view,360,s019067
1237,2024-05-01 20:53:45,view,349,s019068
1625,2024-12-08 18:35:33,add_to_cart,187,s019069
4,2025-04-08 17:35:46,view,166,s019070
822,2025-06-01 19:06:25,view,286,s019071
1379,2024-02-09 17:34:45,view,43,s019072
1863,2025-08-13 10:53:23,view,148,s019073
298,2024-02-11 10:28:28,view,151,s019074
87,2024-06-10 20:23:57,add_to_cart,100,s019075
363,2024-10-30 09:27:54,add_to_cart,309,s019076
383,2025-01-26 12:11:34,view,105,s019077
1503,2024-09-23 11:31:42,view,21,s019078
396,2024-11-12 15:34:33,view,119,s019079
210,2024-09-27 11:33:12,view,4,s019080
1471,2025-05-14 17:03:32,view,206,s019081
344,2025-04-07 06:51:55,view,42,s019082
1728,2024-07-28 17:53:11,view,20,s019083
1032,2024-02-29 09:58:03,add_to_cart,377,s019084
108,2024-02-08 10:51:37,wishlist,169,s019085
288,2025-11-26 09:13:39,purchase,28,s019086
159,2024-03-06 08:56:50,view,380,s019087
1911,2025-10-23 19:14:44,view,6,s019088
616,2025-02-11 02:11:56,view,8,s019089
2421,2024-01-01 10:58:43,add_to_cart,14,s019090
896,2025-04-27 19:46:06,view,321,s019091
1161,2024-02-06 08:05:03,view,36,s019092
469,2024-03-16 20:15:53,view,210,s019093
1148,2025-01-31 21:15:56,view,78,s019094
202,2024-09-15 07:20:07,add_to_cart,272,s019095
2329,2025-06-02 06:16:19,add_to_cart,364,s019096
1684,2024-01-09 11:13:58,view,317,s019097
1580,2024-02-04 08:26:58,remove_from_cart,377,s019098
689,2024-09-05 20:00:01,view,81,s019099
542,2024-07-25 19:21:18,purchase,49,s019100
1522,2024-12-04 19:36:24,remove_from_cart,138,s019101
480,2025-05-04 21:33:17,view,139,s019102
802,2025-10-26 09:31:26,add_to_cart,376,s019103
545,2024-06-12 19:37:23,purchase,312,s019104
1646,2025-05-02 22:51:52,add_to_cart,294,s019105
2388,2024-05-05 08:18:09,view,289,s019106
798,2024-02-28 21:42:33,view,315,s019107
954,2025-12-07 09:49:54,wishlist,23,s019108
2419,2024-05-02 02:32:34,wishlist,182,s019109
2269,2025-10-05 16:06:46,view,202,s019110
448,2024-12-02 15:26:33,add_to_cart,12,s019111
1944,2025-10-07 19:19:16,purchase,69,s019112
1880,2025-07-18 14:55:59,view,345,s019113
877,2024-12-03 19:45:29,view,383,s019114
2065,2025-04-07 20:21:30,view,188,s019115
166,2025-04-26 19:33:11,wishlist,387,s019116
826,2025-04-11 19:05:11,purchase,216,s019117
1063,2025-09-06 20:28:11,add_to_cart,152,s019118
2141,2024-08-26 07:19:49,view,303,s019119
1430,2024-06-13 15:06:17,add_to_cart,32,s019120
1517,2025-03-03 19:56:18,purchase,33,s019121
1186,2024-08-17 20:13:36,view,26,s019122
1899,2025-09-11 02:07:11,add_to_cart,48,s019123
629,2025-12-06 13:12:34,add_to_cart,301,s019124
261,2025-06-18 09:36:15,add_to_cart,324,s019125
1888,2024-06-30 09:51:24,view,108,s019126
1341,2025-06-26 21:16:11,add_to_cart,367,s019127
682,2024-09-04 17:03:24,add_to_cart,370,s019128
1720,2024-09-30 14:30:21,view,176,s019129
603,2025-04-29 17:10:24,view,32,s019130
472,2025-03-15 07:39:47,view,143,s019131
2046,2025-06-13 10:50:46,add_to_cart,62,s019132
656,2025-04-22 20:33:13,view,228,s019133
2068,2024-04-28 06:40:35,wishlist,145,s019134
613,2024-07-19 08:59:55,view,72,s019135
2405,2024-10-15 10:11:03,remove_from_cart,153,s019136
1603,2024-03-21 20:21:20,add_to_cart,198,s019137
496,2025-07-09 17:59:08,view,348,s019138
956,2024-05-30 11:09:19,purchase,297,s019139
2202,2024-07-27 20:20:16,view,145,s019140
2238,2025-11-02 21:10:26,add_to_cart,228,s019141
735,2025-07-15 16:26:21,view,199,s019142
98,2025-08-30 10:54:06,view,97,s019143
1907,2024-03-07 18:59:31,view,134,s019144
2483,2025-10-03 17:42:33,view,187,s019145
1675,2024-05-13 07:32:09,add_to_cart,186,s019146
936,2024-11-23 09:02:24,add_to_cart,269,s019147
872,2025-07-11 16:39:31,view,19,s019148
587,2025-03-13 14:37:46,purchase,140,s019149
641,2024-06-13 19:18:01,wishlist,310,s019150
262,2024-11-13 08:13:40,add_to_cart,398,s019151
1752,2024-10-29 02:25:47,view,343,s019152
1809,2025-06-20 13:38:47,wishlist,170,s019153
1663,2025-06-13 09:36:47,remove_from_cart,234,s019154
1183,2025-07-04 12:17:37,purchase,318,s019155
731,2025-05-05 19:22:12,purchase,277,s019156
1994,2024-11-15 17:50:07,view,265,s019157
1184,2025-01-15 06:38:03,wishlist,165,s019158
716,2025-06-14 16:42:29,view,138,s019159
1297,2025-10-04 12:31:38,view,218,s019160
1368,2025-07-01 19:01:27,view,188,s019161
220,2024-01-04 08:20:22,view,31,s019162
2297,2025-01-13 20:59:47,view,123,s019163
126,2024-09-02 22:21:51,wishlist,232,s019164
741,2025-07-01 20:28:22,add_to_cart,183,s019165
45,2025-07-31 07:55:25,view,330,s019166
2339,2024-11-22 23:35:49,view,92,s019167
227,2025-03-03 01:04:05,wishlist,262,s019168
2125,2024-02-03 11:06:11,view,102,s019169
1423,2024-09-16 16:51:53,view,110,s019170
2070,2024-07-31 09:58:00,remove_from_cart,316,s019171
2062,2025-05-31 00:48:16,purchase,265,s019172
2333,2025-01-03 14:37:26,view,161,s019173
294,2024-02-26 18:51:05,view,153,s019174
1818,2024-07-13 23:29:56,view,145,s019175
1436,2025-03-13 22:28:06,remove_from_cart,256,s019176
2367,2025-01-03 12:44:40,view,59,s019177
178,2024-05-30 18:49:22,wishlist,122,s019178
2225,2025-08-08 10:52:44,view,205,s019179
309,2024-08-28 12:46:41,purchase,259,s019180
1749,2024-10-13 13:59:09,add_to_cart,50,s019181
551,2024-07-21 20:28:04,view,182,s019182
1719,2024-02-02 09:34:28,view,192,s019183
2116,2024-09-10 11:12:08,add_to_cart,35,s019184
2099,2024-07-01 18:46:37,view,34,s019185
2239,2024-08-24 20:58:59,view,139,s019186
1806,2025-02-07 12:48:34,view,123,s019187
1075,2025-02-16 08:59:21,view,295,s019188
1860,2024-11-07 18:18:34,wishlist,397,s019189
1075,2024-05-10 14:40:20,view,305,s019190
1416,2024-09-23 22:50:11,purchase,278,s019191
279,2024-06-22 06:08:28,wishlist,289,s019192
2317,2024-04-13 11:56:23,add_to_cart,71,s019193
1228,2024-11-11 09:12:21,view,48,s019194
1914,2025-02-26 02:48:55,view,221,s019195
382,2024-03-10 18:53:09,purchase,350,s019196
1402,2024-03-24 14:25:26,wishlist,370,s019197
1485,2025-05-08 09:00:51,add_to_cart,182,s019198
1030,2024-02-10 08:37:23,view,80,s019199
166,2025-05-15 14:54:32,wishlist,121,s019200
94,2024-09-22 22:40:40,wishlist,339,s019201
399,2025-05-09 13:47:58,view,176,s019202
2384,2024-02-20 12:47:20,view,316,s019203
739,2025-01-16 18:18:08,view,173,s019204
82,2024-10-19 18:54:53,view,196,s019205
543,2024-10-29 16:48:56,view,182,s019206
910,2024-12-31 08:34:57,view,282,s019207
1880,2025-01-30 10:04:02,purchase,170,s019208
796,2025-12-11 11:58:03,view,9,s019209
664,2024-08-17 13:35:16,remove_from_cart,283,s019210
1864,2024-06-07 04:47:20,add_to_cart,1,s019211
231,2024-04-28 23:11:39,view,242,s019212
2265,2024-06-22 16:23:33,purchase,348,s019213
770,2025-08-13 11:38:05,view,185,s019214
49,2024-10-21 10:07:12,view,136,s019215
1683,2024-12-23 17:13:19,wishlist,80,s019216
1989,2024-05-29 10:05:14,view,354,s019217
531,2025-08-07 12:42:24,view,307,s019218
223,2024-11-20 20:54:30,view,36,s019219
706,2025-05-10 21:58:09,wishlist,227,s019220
1479,2025-04-09 21:51:18,remove_from_cart,329,s019221
570,2025-05-09 13:33:46,remove_from_cart,43,s019222
2398,2025-08-30 13:58:55,wishlist,251,s019223
887,2024-01-06 23:19:45,wishlist,281,s019224
1690,2025-06-26 10:10:18,view,5,s019225
1871,2025-09-23 20:50:36,add_to_cart,170,s019226
2252,2024-04-15 11:09:00,wishlist,336,s019227
2121,2025-09-04 08:43:02,add_to_cart,174,s019228
2319,2024-07-07 19:09:45,purchase,184,s019229
1915,2024-09-04 09:01:56,remove_from_cart,327,s019230
1151,2025-11-22 14:52:41,remove_from_cart,33,s019231
259,2024-12-19 19:04:15,remove_from_cart,102,s019232
1336,2025-10-27 20:50:29,add_to_cart,298,s019233
48,2024-01-07 20:46:03,add_to_cart,333,s019234
926,2025-08-31 09:34:27,wishlist,64,s019235
257,2024-07-30 23:36:32,view,93,s019236
618,2025-08-12 19:52:29,view,217,s019237
2140,2025-08-10 21:50:39,remove_from_cart,63,s019238
1749,2025-01-04 19:34:08,add_to_cart,228,s019239
926,2025-09-23 17:58:00,view,143,s019240
2349,2024-12-11 21:51:08,add_to_cart,209,s019241
261,2025-07-19 22:53:48,view,388,s019242
1394,2025-09-09 09:49:01,add_to_cart,243,s019243
1899,2025-05-27 10:23:00,add_to_cart,333,s019244
1141,2024-04-10 11:09:52,view,375,s019245
868,2024-02-15 07:49:46,wishlist,222,s019246
200,2025-06-25 20:34:44,view,293,s019247
954,2024-07-20 18:56:50,view,350,s019248
1330,2025-11-24 13:32:45,view,289,s019249
1502,2024-07-01 08:58:52,view,93,s019250
172,2025-06-04 16:38:20,wishlist,222,s019251
1394,2024-07-18 15:12:10,wishlist,359,s019252
1891,2024-08-05 08:57:38,purchase,241,s019253
1949,2024-01-04 15:33:17,view,226,s019254
236,2024-05-04 10:43:17,add_to_cart,5,s019255
278,2024-06-26 05:52:38,purchase,331,s019256
1685,2024-11-21 15:22:54,add_to_cart,258,s019257
1050,2024-03-15 08:53:37,remove_from_cart,196,s019258
1273,2025-05-29 19:01:17,view,120,s019259
505,2025-10-18 20:23:51,add_to_cart,387,s019260
2450,2025-05-02 19:31:09,add_to_cart,370,s019261
525,2025-12-05 08:26:59,view,177,s019262
992,2025-09-20 10:30:25,add_to_cart,86,s019263
1643,2024-02-27 10:30:36,add_to_cart,328,s019264
1477,2024-11-02 12:49:54,purchase,265,s019265
221,2024-11-23 09:18:56,view,82,s019266
1379,2024-12-22 20:43:31,view,170,s019267
1971,2025-01-17 13:09:33,view,299,s019268
422,2025-07-31 12:43:53,view,30,s019269
2470,2024-09-02 23:43:15,view,232,s019270
388,2024-04-12 06:43:46,view,390,s019271
1276,2025-08-17 08:10:29,view,159,s019272
1721,2024-05-09 20:11:36,purchase,282,s019273
31,2024-11-14 19:08:08,view,215,s019274
1197,2025-11-04 21:42:08,view,284,s019275
892,2024-11-01 15:55:42,purchase,295,s019276
419,2025-10-18 10:44:46,view,357,s019277
1987,2025-01-05 21:15:38,view,242,s019278
1851,2025-03-17 16:10:24,view,87,s019279
65,2025-02-25 20:50:31,wishlist,135,s019280
1604,2025-01-21 20:46:30,wishlist,193,s019281
723,2024-11-25 18:38:15,view,285,s019282
641,2024-12-02 18:00:02,view,163,s019283
2331,2024-07-28 23:53:19,purchase,152,s019284
77,2024-08-23 08:27:33,view,352,s019285
1126,2024-07-03 20:11:41,wishlist,373,s019286
2424,2024-11-18 13:06:27,view,265,s019287
15,2024-07-29 08:35:46,purchase,126,s019288
2123,2024-02-19 21:15:12,add_to_cart,347,s019289
1955,2024-07-17 12:25:13,add_to_cart,205,s019290
835,2024-03-23 15:35:07,view,194,s019291
8,2025-03-11 06:45:25,view,51,s019292
1149,2025-12-11 15:02:31,view,27,s019293
61,2025-05-30 13:24:56,add_to_cart,388,s019294
1428,2025-02-19 19:48:43,view,96,s019295
2420,2025-05-09 12:46:31,view,272,s019296
2386,2024-06-01 22:50:49,view,212,s019297
252,2025-12-11 07:48:17,view,387,s019298
1254,2025-10-16 09:03:28,view,165,s019299
1280,2025-05-08 07:01:16,wishlist,160,s019300
1287,2025-11-18 09:49:58,purchase,21,s019301
2206,2024-11-06 21:03:54,view,305,s019302
2243,2025-05-11 17:24:27,view,139,s019303
1425,2024-08-25 18:15:13,purchase,6,s019304
1041,2025-12-08 20:33:13,wishlist,115,s019305
1180,2025-12-06 23:19:39,view,57,s019306
896,2025-02-19 08:27:13,purchase,169,s019307
80,2024-06-28 09:13:10,purchase,252,s019308
51,2025-10-01 21:39:31,wishlist,331,s019309
272,2025-01-03 06:54:32,view,240,s019310
487,2024-01-20 21:30:38,add_to_cart,298,s019311
1622,2024-04-19 21:11:07,wishlist,39,s019312
232,2024-07-18 10:09:43,remove_from_cart,16,s019313
457,2025-11-28 09:35:32,view,230,s019314
633,2024-07-23 10:50:45,wishlist,187,s019315
2270,2024-07-29 22:50:39,view,180,s019316
143,2025-03-07 23:20:14,add_to_cart,265,s019317
642,2024-10-28 15:33:04,purchase,28,s019318
1685,2025-07-16 08:49:59,view,4,s019319
1383,2024-09-06 21:03:37,purchase,291,s019320
1053,2024-03-25 20:42:47,view,290,s019321
1998,2025-09-25 22:50:39,view,307,s019322
1437,2025-12-01 08:12:04,purchase,277,s019323
1486,2024-10-19 22:29:10,view,216,s019324
2036,2025-07-27 11:01:16,view,6,s019325
2427,2024-04-07 08:58:26,add_to_cart,160,s019326
610,2024-04-04 08:59:39,view,70,s019327
1164,2025-10-20 14:58:06,view,261,s019328
109,2025-09-11 09:44:24,purchase,199,s019329
2456,2024-02-14 11:44:03,view,211,s019330
617,2025-11-03 12:12:48,view,375,s019331
994,2024-11-28 20:30:29,view,204,s019332
1119,2025-04-14 16:18:31,add_to_cart,309,s019333
1372,2024-08-27 02:44:14,view,220,s019334
2388,2024-06-29 10:26:27,view,363,s019335
1144,2024-01-22 09:19:04,purchase,211,s019336
1735,2024-08-13 12:16:29,view,122,s019337
1943,2024-06-14 19:46:58,wishlist,145,s019338
760,2024-09-27 13:17:08,purchase,75,s019339
138,2024-04-03 20:44:55,view,297,s019340
249,2024-04-03 20:49:05,view,83,s019341
675,2025-03-29 11:51:37,view,282,s019342
1594,2024-08-01 07:43:44,purchase,158,s019343
854,2024-06-26 18:53:26,view,56,s019344
554,2024-06-01 21:10:18,purchase,356,s019345
2432,2024-11-10 16:14:54,add_to_cart,392,s019346
831,2025-04-27 20:38:07,wishlist,341,s019347
2055,2025-07-31 07:07:14,wishlist,227,s019348
2242,2025-10-14 09:36:47,view,164,s019349
2120,2025-05-25 19:21:01,view,293,s019350
2489,2025-10-10 17:55:43,view,344,s019351
666,2024-02-18 13:27:06,purchase,393,s019352
440,2024-10-22 10:28:55,view,55,s019353
2314,2025-04-08 15:56:39,view,353,s019354
678,2024-07-21 18:29:31,view,146,s019355
1405,2024-11-21 14:33:51,purchase,243,s019356
244,2025-09-16 10:47:15,view,127,s019357
944,2024-10-25 18:25:10,view,157,s019358
161,2025-09-07 23:41:50,remove_from_cart,100,s019359
1290,2025-07-25 11:56:45,remove_from_cart,52,s019360
817,2024-03-16 21:45:04,purchase,98,s019361
1002,2025-03-22 17:37:16,view,68,s019362
1554,2024-05-29 16:37:19,view,353,s019363
1200,2025-05-13 16:35:07,view,58,s019364
2131,2024-12-16 00:46:55,view,129,s019365
406,2025-08-28 12:51:07,add_to_cart,294,s019366
979,2025-02-02 09:26:58,view,203,s019367
2196,2024-12-14 20:06:52,add_to_cart,86,s019368
1275,2025-06-25 07:24:06,view,13,s019369
1718,2024-02-03 10:49:08,view,56,s019370
2216,2024-10-09 09:58:23,remove_from_cart,30,s019371
1708,2024-02-25 08:51:04,purchase,175,s019372
2101,2025-05-12 08:33:07,view,336,s019373
370,2024-08-01 13:51:26,wishlist,186,s019374
920,2025-03-20 20:46:08,purchase,32,s019375
2017,2024-12-30 21:53:28,view,312,s019376
525,2025-01-01 19:08:06,add_to_cart,205,s019377
1343,2024-09-25 15:46:54,add_to_cart,118,s019378
691,2024-09-09 08:43:08,wishlist,3,s019379
2046,2024-08-20 17:38:29,wishlist,194,s019380
505,2025-08-18 12:19:14,add_to_cart,104,s019381
1861,2024-02-27 03:13:56,view,241,s019382
2397,2025-10-26 06:40:03,view,154,s019383
2207,2024-04-27 18:07:05,view,61,s019384
193,2025-09-02 17:07:33,add_to_cart,158,s019385
2383,2025-04-30 21:35:51,view,105,s019386
2272,2024-05-05 11:15:24,remove_from_cart,146,s019387
172,2024-04-09 09:06:04,add_to_cart,182,s019388
364,2025-10-31 01:49:28,view,290,s019389
1008,2025-10-15 22:18:10,add_to_cart,341,s019390
335,2025-01-08 23:30:50,add_to_cart,257,s019391
1527,2025-01-20 11:17:44,purchase,69,s019392
1990,2024-11-05 03:56:19,add_to_cart,351,s019393
1610,2024-01-30 19:17:55,view,161,s019394
1353,2025-10-22 04:10:24,wishlist,265,s019395
1344,2025-08-18 22:34:18,add_to_cart,306,s019396
346,2025-03-14 18:23:23,add_to_cart,19,s019397
964,2024-10-05 23:53:06,view,328,s019398
2209,2025-10-20 19:36:56,view,165,s019399
161,2025-03-08 19:48:04,add_to_cart,327,s019400
107,2025-06-27 07:18:51,view,18,s019401
1326,2024-05-05 19:40:25,view,102,s019402
1580,2024-12-24 10:31:05,wishlist,167,s019403
1604,2024-04-21 18:05:47,view,288,s019404
731,2025-05-09 06:17:25,view,269,s019405
1542,2025-01-15 22:53:39,add_to_cart,122,s019406
541,2024-07-23 10:17:17,add_to_cart,311,s019407
740,2025-09-22 06:01:57,add_to_cart,26,s019408
975,2024-08-22 18:57:11,view,300,s019409
1493,2024-02-01 11:17:13,view,83,s019410
302,2024-02-26 12:55:35,view,36,s019411
2220,2024-06-06 19:59:13,view,243,s019412
1878,2025-04-26 19:24:12,view,107,s019413
147,2025-08-04 20:56:44,add_to_cart,209,s019414
2302,2025-01-20 06:06:15,view,118,s019415
1262,2025-09-11 16:45:39,wishlist,138,s019416
1645,2024-11-24 20:56:52,view,173,s019417
878,2025-07-19 19:49:55,view,150,s019418
732,2025-06-22 14:46:10,view,120,s019419
1519,2024-04-29 20:38:20,view,282,s019420
484,2025-06-16 09:31:30,view,264,s019421
1797,2025-10-17 17:49:04,purchase,100,s019422
803,2024-05-28 22:11:09,view,313,s019423
2187,2024-11-04 05:55:06,wishlist,135,s019424
1335,2024-09-29 04:40:03,wishlist,216,s019425
1914,2024-11-07 20:48:04,purchase,90,s019426
2228,2024-07-28 17:30:09,remove_from_cart,200,s019427
706,2025-07-16 16:11:04,add_to_cart,249,s019428
2132,2025-10-25 10:35:37,add_to_cart,115,s019429
2293,2025-06-18 08:18:36,view,72,s019430
1658,2025-01-24 15:39:36,add_to_cart,248,s019431
55,2024-04-07 21:29:35,remove_from_cart,63,s019432
1577,2025-11-05 19:17:44,view,192,s019433
2024,2025-05-16 21:56:22,add_to_cart,286,s019434
2135,2025-07-09 16:15:57,view,382,s019435
749,2024-05-12 20:39:53,wishlist,191,s019436
1148,2024-04-12 11:48:46,view,221,s019437
663,2024-11-26 20:49:59,purchase,336,s019438
1143,2024-09-27 09:19:26,add_to_cart,295,s019439
2009,2024-01-21 11:17:03,view,18,s019440
1266,2024-06-22 12:35:01,view,31,s019441
345,2024-01-05 08:00:33,view,379,s019442
512,2025-12-10 18:43:32,view,272,s019443
727,2024-12-10 23:32:19,view,282,s019444
1100,2025-02-04 15:44:26,view,387,s019445
1685,2025-08-16 10:49:41,add_to_cart,199,s019446
1911,2024-11-08 22:28:45,view,295,s019447
2366,2024-02-27 07:27:04,add_to_cart,299,s019448
338,2025-06-14 18:42:37,add_to_cart,208,s019449
398,2024-10-17 17:33:44,add_to_cart,343,s019450
772,2025-04-20 17:17:21,view,349,s019451
1511,2024-06-11 11:10:32,purchase,170,s019452
2268,2024-06-07 15:22:18,purchase,184,s019453
1860,2025-03-31 19:21:56,add_to_cart,256,s019454
131,2024-09-04 19:47:15,remove_from_cart,41,s019455
1618,2025-09-13 10:37:50,add_to_cart,224,s019456
405,2025-06-24 14:06:11,add_to_cart,52,s019457
913,2025-11-13 18:28:04,view,12,s019458
214,2025-05-17 18:57:37,view,284,s019459
873,2024-12-08 07:43:06,purchase,250,s019460
1338,2024-09-01 07:21:17,purchase,12,s019461
1484,2024-10-30 08:03:15,purchase,370,s019462
1689,2024-05-17 09:44:02,add_to_cart,31,s019463
1318,2025-04-09 07:22:09,view,165,s019464
874,2025-09-05 21:39:11,view,237,s019465
104,2025-08-30 13:54:18,purchase,101,s019466
2393,2024-11-19 07:00:37,wishlist,136,s019467
2460,2025-04-05 21:00:46,view,134,s019468
1587,2025-07-01 23:28:42,view,254,s019469
321,2024-02-09 12:23:15,view,387,s019470
2401,2024-08-24 02:49:28,view,13,s019471
1413,2024-08-30 13:22:43,view,329,s019472
435,2024-09-11 23:11:00,view,135,s019473
112,2025-02-20 12:43:51,purchase,105,s019474
1224,2024-06-04 19:08:38,view,164,s019475
2477,2025-11-03 15:08:09,wishlist,68,s019476
1845,2025-07-08 23:05:02,wishlist,342,s019477
404,2024-06-06 20:09:47,view,108,s019478
384,2025-03-30 12:06:05,add_to_cart,175,s019479
1735,2025-08-11 20:33:20,view,178,s019480
2116,2024-05-01 05:40:51,view,12,s019481
442,2024-09-02 20:36:58,view,389,s019482
1498,2025-10-22 13:04:07,add_to_cart,26,s019483
1594,2024-11-15 06:27:17,add_to_cart,142,s019484
2321,2025-10-12 20:27:14,purchase,32,s019485
1254,2024-08-10 10:18:46,wishlist,17,s019486
2174,2024-04-26 04:30:57,view,100,s019487
1666,2024-06-30 20:43:56,view,236,s019488
1847,2025-06-28 13:24:38,view,204,s019489
608,2025-11-24 11:50:41,view,379,s019490
486,2024-08-24 23:35:24,remove_from_cart,32,s019491
272,2024-08-29 07:14:21,view,171,s019492
722,2025-10-10 06:27:07,purchase,311,s019493
298,2025-01-07 19:51:03,wishlist,209,s019494
480,2025-06-02 19:29:25,view,274,s019495
1281,2025-05-15 19:17:45,view,285,s019496
345,2024-06-08 22:06:46,view,124,s019497
248,2025-02-17 08:54:21,view,27,s019498
1841,2024-11-17 09:17:27,wishlist,255,s019499
1747,2025-10-15 09:52:23,view,290,s019500
2028,2024-11-23 07:16:00,remove_from_cart,297,s019501
1729,2024-01-28 16:51:53,view,345,s019502
1355,2024-03-15 18:27:50,view,358,s019503
410,2024-10-23 13:01:45,view,302,s019504
2111,2025-11-24 12:41:38,wishlist,393,s019505
637,2025-01-18 16:00:31,view,78,s019506
2137,2025-11-12 07:03:46,purchase,173,s019507
2344,2024-09-13 21:50:21,add_to_cart,31,s019508
58,2025-02-20 09:12:06,view,47,s019509
1990,2025-03-31 21:17:59,add_to_cart,214,s019510
1663,2025-09-09 19:21:40,view,102,s019511
1527,2024-10-12 20:10:11,view,251,s019512
1305,2025-04-05 17:47:31,view,361,s019513
2178,2024-06-15 20:59:15,add_to_cart,236,s019514
22,2024-10-06 06:32:25,view,182,s019515
889,2025-07-15 17:19:29,wishlist,330,s019516
1365,2025-09-15 08:34:07,view,378,s019517
490,2024-09-28 07:05:49,add_to_cart,127,s019518
1407,2024-01-08 21:24:02,view,183,s019519
1097,2025-11-19 16:16:08,add_to_cart,188,s019520
2172,2024-07-17 12:15:19,view,259,s019521
435,2025-04-24 20:17:08,wishlist,214,s019522
918,2025-10-03 21:51:40,view,167,s019523
282,2025-06-16 20:18:08,add_to_cart,297,s019524
2347,2024-11-03 00:31:40,view,108,s019525
502,2025-06-16 18:13:59,view,246,s019526
1959,2024-05-27 00:41:55,add_to_cart,94,s019527
942,2025-05-23 23:18:16,view,327,s019528
293,2025-03-21 19:22:37,view,206,s019529
2257,2024-02-20 09:22:34,wishlist,55,s019530
103,2025-05-07 18:57:53,view,187,s019531
1379,2024-07-21 07:11:41,add_to_cart,130,s019532
2480,2025-03-06 00:41:13,view,356,s019533
163,2024-09-08 20:53:34,view,375,s019534
740,2024-11-28 20:12:01,view,385,s019535
2465,2025-05-07 21:47:57,wishlist,329,s019536
477,2024-01-21 19:27:43,purchase,252,s019537
459,2025-04-15 12:10:51,purchase,352,s019538
1069,2024-10-29 21:19:06,remove_from_cart,372,s019539
931,2024-04-25 21:48:38,purchase,246,s019540
2171,2025-04-28 13:02:17,purchase,362,s019541
1214,2024-07-05 20:06:25,remove_from_cart,249,s019542
1782,2024-08-11 11:33:17,view,365,s019543
2215,2025-08-22 09:44:14,add_to_cart,46,s019544
1160,2025-04-28 16:57:58,view,14,s019545
2159,2024-07-18 15:43:04,wishlist,366,s019546
1592,2024-04-23 19:49:34,wishlist,12,s019547
1805,2024-07-15 07:58:08,view,111,s019548
2101,2024-12-14 14:14:02,view,118,s019549
160,2024-01-18 09:51:48,wishlist,289,s019550
2092,2025-01-31 04:40:55,view,338,s019551
337,2024-08-18 11:10:50,add_to_cart,252,s019552
2477,2024-02-12 10:47:05,view,204,s019553
1530,2024-04-01 07:49:43,purchase,291,s019554
357,2025-05-27 21:03:44,add_to_cart,100,s019555
2354,2024-06-09 17:42:44,view,212,s019556
433,2025-11-13 10:33:22,wishlist,296,s019557
1556,2025-02-15 22:14:56,wishlist,68,s019558
394,2024-01-21 11:18:15,view,104,s019559
714,2024-03-24 07:10:59,view,337,s019560
1933,2025-05-30 21:52:16,add_to_cart,142,s019561
1837,2024-12-26 19:25:48,add_to_cart,266,s019562
1182,2024-03-06 19:14:38,add_to_cart,47,s019563
773,2025-06-26 21:17:48,view,206,s019564
1927,2024-04-12 01:12:48,view,119,s019565
1541,2024-06-08 22:34:17,wishlist,347,s019566
560,2024-09-11 18:18:50,purchase,337,s019567
881,2025-01-27 23:51:12,view,107,s019568
1044,2024-02-08 21:41:54,view,117,s019569
2031,2025-09-28 18:51:20,view,360,s019570
83,2025-01-26 10:19:49,view,236,s019571
270,2025-12-13 20:07:46,wishlist,40,s019572
693,2024-01-28 12:41:11,view,117,s019573
2080,2025-04-25 19:44:36,purchase,34,s019574
2375,2025-11-06 23:45:57,add_to_cart,346,s019575
2308,2024-09-18 08:47:00,add_to_cart,216,s019576
2272,2024-06-04 04:28:23,add_to_cart,138,s019577
309,2024-11-22 17:42:58,wishlist,195,s019578
2274,2025-08-21 04:39:37,view,399,s019579
1996,2024-05-21 18:59:06,add_to_cart,125,s019580
2273,2024-10-15 11:52:47,view,114,s019581
10,2024-01-16 21:18:21,view,343,s019582
2492,2025-03-30 18:18:57,view,74,s019583
488,2024-11-17 16:00:24,view,168,s019584
1443,2024-04-28 11:19:58,view,257,s019585
1900,2025-07-01 11:37:10,view,138,s019586
1009,2024-02-20 21:40:45,view,226,s019587
2269,2024-08-15 21:26:40,view,350,s019588
1445,2024-09-29 08:12:53,add_to_cart,43,s019589
1809,2025-03-10 17:11:40,wishlist,389,s019590
2331,2025-04-16 09:31:21,view,341,s019591
846,2024-09-19 06:46:43,view,354,s019592
1953,2025-05-12 11:00:00,purchase,59,s019593
1885,2025-02-19 21:28:30,view,291,s019594
1293,2025-10-03 07:02:59,view,283,s019595
258,2024-09-09 14:46:53,add_to_cart,187,s019596
1704,2024-12-19 10:40:20,view,378,s019597
704,2025-02-09 21:02:51,view,61,s019598
533,2025-03-12 16:01:12,wishlist,16,s019599
390,2024-09-21 02:02:53,wishlist,204,s019600
671,2024-09-19 21:55:33,view,245,s019601
765,2025-09-28 18:42:05,view,298,s019602
149,2024-08-19 01:59:22,purchase,256,s019603
1614,2025-04-08 08:08:09,wishlist,248,s019604
152,2025-05-06 13:43:49,remove_from_cart,209,s019605
2254,2024-10-03 17:35:01,add_to_cart,123,s019606
295,2025-02-06 06:27:54,view,95,s019607
295,2025-03-26 11:50:01,add_to_cart,60,s019608
1181,2024-11-12 09:50:59,wishlist,341,s019609
1698,2024-08-02 20:31:35,purchase,319,s019610
726,2024-09-17 11:52:15,wishlist,40,s019611
375,2025-09-27 13:38:00,purchase,185,s019612
2212,2025-08-22 16:47:39,view,94,s019613
1042,2025-10-02 10:20:37,view,53,s019614
1831,2025-02-03 15:45:41,view,211,s019615
1978,2025-03-21 14:49:50,add_to_cart,296,s019616
300,2025-11-03 07:26:31,wishlist,351,s019617
1743,2025-05-07 20:26:37,view,41,s019618
2206,2024-04-03 10:55:13,add_to_cart,334,s019619
732,2025-09-01 19:53:56,view,263,s019620
1184,2025-10-02 09:30:55,purchase,389,s019621
1445,2024-04-12 12:57:18,view,193,s019622
1407,2025-10-28 05:54:26,add_to_cart,319,s019623
801,2025-11-03 11:05:12,add_to_cart,266,s019624
1441,2025-09-30 19:14:45,view,331,s019625
2443,2025-07-06 15:52:11,view,281,s019626
1987,2025-04-05 23:35:32,view,346,s019627
176,2024-12-23 08:59:49,view,236,s019628
2303,2025-07-07 21:08:01,view,100,s019629
269,2024-02-23 17:40:57,view,30,s019630
1379,2025-04-09 20:41:37,add_to_cart,136,s019631
141,2024-03-09 21:21:44,wishlist,248,s019632
2490,2024-02-17 10:52:40,view,395,s019633
1157,2025-03-25 14:33:31,add_to_cart,59,s019634
644,2024-05-12 20:53:27,purchase,190,s019635
1662,2024-08-01 20:50:53,view,1,s019636
877,2025-10-10 09:44:45,purchase,235,s019637
2317,2024-12-16 16:29:48,view,64,s019638
1617,2025-05-22 22:09:41,view,222,s019639
820,2024-08-16 19:14:39,wishlist,111,s019640
28,2024-02-12 09:31:13,add_to_cart,107,s019641
34,2024-05-26 08:16:54,view,194,s019642
475,2025-07-17 04:58:31,view,377,s019643
433,2025-04-19 05:15:54,wishlist,244,s019644
2351,2024-12-04 08:09:30,wishlist,182,s019645
20,2024-10-02 20:08:27,view,279,s019646
1633,2025-03-20 19:24:49,add_to_cart,120,s019647
1690,2024-07-06 19:41:22,view,265,s019648
507,2024-05-24 11:31:34,view,337,s019649
1333,2025-01-01 19:59:43,purchase,393,s019650
999,2025-07-07 23:38:10,remove_from_cart,396,s019651
428,2024-04-11 19:33:21,wishlist,96,s019652
1338,2025-11-10 15:40:29,view,329,s019653
1530,2024-05-14 13:03:46,wishlist,248,s019654
1615,2025-06-04 06:59:03,add_to_cart,358,s019655
2395,2025-05-02 21:53:50,remove_from_cart,318,s019656
2032,2024-06-21 23:55:47,purchase,276,s019657
657,2025-05-31 11:27:07,view,70,s019658
608,2024-03-06 19:32:59,view,51,s019659
1116,2024-04-30 18:25:49,add_to_cart,4,s019660
1978,2025-12-09 12:28:10,purchase,253,s019661
1037,2025-09-18 17:08:32,add_to_cart,357,s019662
1529,2024-07-23 19:42:42,remove_from_cart,380,s019663
214,2025-06-10 11:44:08,view,254,s019664
1891,2024-05-03 11:49:19,add_to_cart,200,s019665
2094,2024-05-22 22:13:31,view,297,s019666
2389,2025-07-05 22:54:45,view,200,s019667
2383,2024-06-15 18:11:27,view,106,s019668
1786,2025-04-04 18:59:13,purchase,7,s019669
244,2025-07-21 06:03:58,wishlist,13,s019670
2270,2024-01-16 19:10:52,view,71,s019671
331,2024-06-27 20:43:19,add_to_cart,144,s019672
2085,2024-05-05 09:50:36,add_to_cart,80,s019673
2028,2025-05-26 18:59:17,view,57,s019674
98,2025-08-10 21:43:34,wishlist,205,s019675
685,2025-10-05 08:51:38,wishlist,374,s019676
2395,2024-09-15 19:06:54,view,286,s019677
1621,2025-08-15 07:29:07,add_to_cart,251,s019678
2402,2024-04-27 07:58:11,add_to_cart,52,s019679
2221,2024-12-07 09:09:17,purchase,3,s019680
1262,2024-08-14 18:50:21,view,40,s019681
2279,2025-02-09 22:01:10,add_to_cart,122,s019682
1233,2025-05-20 20:52:30,purchase,246,s019683
360,2024-07-20 19:39:03,view,2,s019684
2300,2025-08-06 19:55:45,view,175,s019685
2057,2025-03-09 06:29:01,view,331,s019686
968,2024-06-29 06:35:33,view,223,s019687
2174,2024-04-07 20:39:58,view,383,s019688
1427,2025-10-12 15:13:40,add_to_cart,148,s019689
1357,2024-06-17 18:39:13,add_to_cart,213,s019690
1108,2024-04-19 11:54:13,add_to_cart,165,s019691
1921,2024-08-03 07:31:17,view,91,s019692
2414,2024-01-06 20:31:21,add_to_cart,257,s019693
1011,2025-01-30 15:18:53,purchase,118,s019694
1775,2025-02-28 04:20:37,wishlist,149,s019695
2314,2025-11-12 21:09:22,purchase,166,s019696
2057,2025-07-12 05:58:51,purchase,333,s019697
131,2024-05-25 21:48:35,view,309,s019698
1295,2024-08-04 12:30:02,view,251,s019699
1969,2025-11-18 08:38:46,view,28,s019700
1465,2025-11-28 08:41:17,view,304,s019701
82,2024-07-06 17:44:53,purchase,238,s019702
1525,2024-12-24 10:35:06,remove_from_cart,135,s019703
180,2024-09-18 07:09:38,view,267,s019704
1853,2024-02-19 15:03:48,add_to_cart,204,s019705
1333,2024-06-02 13:51:50,add_to_cart,20,s019706
1209,2025-07-01 19:03:34,purchase,123,s019707
82,2025-03-21 20:49:05,purchase,274,s019708
1495,2025-05-09 06:05:52,add_to_cart,59,s019709
207,2025-09-29 20:05:48,purchase,202,s019710
51,2024-11-01 17:26:26,wishlist,3,s019711
1157,2024-10-24 20:47:37,view,300,s019712
568,2024-05-12 19:45:46,wishlist,338,s019713
1475,2024-06-19 09:22:57,view,155,s019714
323,2025-08-08 20:58:46,view,81,s019715
687,2024-03-23 20:57:43,view,92,s019716
1279,2024-03-24 15:07:34,add_to_cart,377,s019717
118,2024-01-19 20:22:29,view,73,s019718
653,2024-04-28 20:08:49,purchase,397,s019719
422,2024-03-02 10:43:31,view,237,s019720
607,2025-05-11 05:30:05,wishlist,162,s019721
1664,2024-05-25 19:23:57,wishlist,169,s019722
2148,2024-02-29 11:01:47,add_to_cart,205,s019723
1091,2024-06-08 17:26:04,view,59,s019724
332,2024-03-06 11:25:30,add_to_cart,287,s019725
847,2025-02-26 02:16:20,wishlist,222,s019726
980,2024-08-05 17:24:18,view,178,s019727
686,2024-01-25 17:40:40,view,52,s019728
219,2025-03-17 19:09:39,view,281,s019729
682,2025-11-09 16:51:53,view,126,s019730
1356,2024-02-06 22:15:18,purchase,80,s019731
252,2025-01-24 21:57:04,view,57,s019732
1044,2025-01-12 07:31:11,add_to_cart,172,s019733
1420,2024-02-20 18:58:38,view,292,s019734
1326,2024-09-28 23:46:16,view,66,s019735
1335,2024-10-21 08:47:00,remove_from_cart,118,s019736
268,2025-08-01 21:24:31,view,61,s019737
877,2024-04-22 13:24:46,purchase,114,s019738
476,2024-03-24 08:03:47,view,159,s019739
2203,2025-02-12 18:52:03,view,344,s019740
2218,2025-04-27 05:47:59,view,327,s019741
1762,2025-09-12 21:28:16,add_to_cart,22,s019742
1796,2024-01-26 17:35:50,wishlist,195,s019743
708,2024-04-20 22:13:03,view,324,s019744
972,2025-04-23 20:59:15,wishlist,124,s019745
1675,2024-05-17 12:07:50,wishlist,248,s019746
1491,2024-10-07 19:28:03,view,271,s019747
141,2025-02-04 07:46:48,view,249,s019748
1001,2025-08-06 20:48:25,add_to_cart,170,s019749
1163,2024-05-27 19:27:58,remove_from_cart,286,s019750
814,2024-11-11 06:44:35,add_to_cart,157,s019751
1043,2024-04-18 06:30:50,view,292,s019752
925,2025-06-26 08:34:20,view,81,s019753
802,2025-09-21 19:53:58,purchase,225,s019754
405,2025-03-22 20:31:06,view,151,s019755
433,2024-12-15 19:55:03,wishlist,22,s019756
1571,2025-12-09 16:18:06,purchase,191,s019757
221,2025-11-26 02:27:08,view,273,s019758
2025,2025-05-23 21:46:40,add_to_cart,23,s019759
904,2025-05-11 20:20:13,view,1,s019760
757,2024-02-19 23:14:16,view,148,s019761
3,2024-12-11 11:42:17,wishlist,321,s019762
506,2024-01-09 19:55:07,view,270,s019763
1106,2025-04-12 21:47:36,purchase,133,s019764
1078,2025-05-08 08:13:59,view,255,s019765
714,2025-10-05 08:41:16,view,95,s019766
2041,2024-03-06 07:42:38,view,94,s019767
588,2024-03-23 07:48:33,remove_from_cart,134,s019768
1836,2024-12-27 10:02:14,remove_from_cart,210,s019769
2128,2025-06-28 10:03:50,view,111,s019770
1791,2024-07-26 09:31:16,view,14,s019771
1831,2024-08-17 03:28:43,view,354,s019772
1279,2025-09-10 13:50:53,wishlist,120,s019773
244,2024-03-20 08:52:58,add_to_cart,179,s019774
138,2025-05-30 20:10:24,add_to_cart,163,s019775
1826,2025-07-12 16:35:18,view,51,s019776
2046,2024-01-17 13:45:10,view,227,s019777
316,2025-09-25 07:07:09,view,170,s019778
556,2024-06-26 09:52:17,purchase,118,s019779
1829,2025-11-11 08:00:06,view,232,s019780
1361,2024-07-07 11:17:38,purchase,112,s019781
540,2024-09-19 19:04:16,add_to_cart,48,s019782
558,2024-01-20 21:22:50,purchase,333,s019783
116,2024-12-18 21:04:54,view,211,s019784
2166,2024-07-01 08:17:36,view,280,s019785
1893,2025-01-05 17:32:58,add_to_cart,74,s019786
695,2025-07-03 07:53:23,view,71,s019787
2443,2024-09-03 10:09:52,view,50,s019788
2351,2025-08-13 09:24:45,purchase,135,s019789
2068,2024-12-20 14:47:52,purchase,186,s019790
2348,2024-09-04 17:26:26,view,181,s019791
932,2025-05-17 09:39:28,view,118,s019792
2442,2024-09-12 22:39:29,view,259,s019793
1373,2025-09-05 06:23:48,view,336,s019794
1755,2024-11-23 17:51:49,add_to_cart,334,s019795
2345,2024-06-10 16:43:10,add_to_cart,75,s019796
2163,2025-08-12 21:05:27,view,48,s019797
612,2025-06-23 12:05:59,wishlist,375,s019798
90,2024-05-29 07:33:58,remove_from_cart,185,s019799
775,2024-10-08 10:44:50,view,279,s019800
438,2025-08-19 17:14:31,add_to_cart,55,s019801
887,2025-04-17 15:21:49,view,109,s019802
677,2025-11-16 09:21:41,add_to_cart,153,s019803
850,2024-12-25 10:18:04,wishlist,27,s019804
1061,2024-02-24 17:03:37,add_to_cart,339,s019805
807,2025-04-10 15:05:13,purchase,333,s019806
1015,2025-08-31 18:40:32,wishlist,273,s019807
14,2025-06-15 19:30:52,wishlist,5,s019808
2171,2025-07-03 12:48:58,wishlist,178,s019809
26,2024-08-13 13:02:47,add_to_cart,275,s019810
562,2025-09-26 19:01:38,view,28,s019811
1142,2025-06-23 07:08:32,remove_from_cart,352,s019812
520,2025-11-28 11:40:51,view,283,s019813
652,2025-11-24 08:58:09,purchase,372,s019814
2062,2025-11-12 12:29:21,view,124,s019815
1133,2025-06-26 07:49:45,add_to_cart,184,s019816
1449,2025-02-13 07:44:51,view,337,s019817
71,2024-09-27 21:39:27,view,396,s019818
489,2025-07-04 05:16:42,view,364,s019819
1340,2024-02-13 07:02:22,wishlist,386,s019820
209,2024-10-11 10:36:52,view,74,s019821
2381,2024-11-25 14:49:27,view,96,s019822
1576,2024-01-10 12:10:27,add_to_cart,299,s019823
1952,2025-02-27 23:33:15,purchase,207,s019824
1223,2024-07-19 21:52:47,add_to_cart,399,s019825
1814,2025-10-14 15:41:22,wishlist,294,s019826
243,2025-09-07 17:19:53,purchase,118,s019827
2297,2025-11-22 09:58:01,wishlist,320,s019828
1985,2024-10-10 09:01:42,view,385,s019829
1712,2025-03-07 11:20:17,view,256,s019830
49,2025-09-06 10:15:44,remove_from_cart,293,s019831
2411,2024-04-07 17:40:02,view,9,s019832
186,2025-06-30 08:49:40,add_to_cart,18,s019833
911,2024-06-04 06:07:20,purchase,306,s019834
2099,2024-11-25 18:54:07,purchase,53,s019835
813,2024-01-21 09:40:33,wishlist,153,s019836
779,2024-03-18 21:35:28,view,84,s019837
1347,2025-05-01 22:58:23,view,138,s019838
512,2025-01-08 09:53:19,view,334,s019839
2200,2024-01-07 18:13:45,view,336,s019840
1150,2024-01-19 20:25:13,add_to_cart,328,s019841
2300,2024-12-19 05:45:52,purchase,378,s019842
985,2025-10-13 08:22:34,purchase,204,s019843
435,2024-07-14 12:50:26,add_to_cart,87,s019844
1617,2024-02-04 10:18:26,view,241,s019845
1277,2024-10-27 07:05:59,purchase,21,s019846
278,2024-06-27 18:18:35,wishlist,145,s019847
257,2024-06-03 19:29:25,view,207,s019848
1455,2024-06-02 09:51:42,wishlist,126,s019849
2439,2024-01-22 20:54:24,add_to_cart,11,s019850
1748,2025-06-21 09:12:18,wishlist,220,s019851
2148,2024-08-29 09:25:33,purchase,261,s019852
1981,2025-01-16 09:55:39,view,182,s019853
1700,2024-12-16 21:48:38,wishlist,140,s019854
1551,2024-07-22 20:58:09,view,295,s019855
1140,2025-05-11 07:00:13,wishlist,125,s019856
159,2025-05-10 11:19:59,view,3,s019857
622,2025-01-29 09:30:17,add_to_cart,30,s019858
2006,2025-03-20 22:08:10,wishlist,129,s019859
665,2025-04-09 08:49:36,view,96,s019860
2097,2024-06-22 08:41:35,purchase,86,s019861
183,2024-08-27 20:27:09,wishlist,106,s019862
938,2025-06-06 20:05:01,purchase,272,s019863
1520,2025-08-23 09:58:09,purchase,22,s019864
1950,2024-12-17 22:07:43,view,355,s019865
1949,2024-04-11 10:39:35,view,152,s019866
1836,2025-08-30 13:49:23,view,89,s019867
1916,2024-08-20 18:00:47,view,76,s019868
2492,2025-01-21 05:18:48,view,92,s019869
1165,2025-05-09 20:47:47,view,115,s019870
1708,2025-05-04 10:33:13,view,383,s019871
969,2025-01-27 14:58:38,view,23,s019872
1519,2024-08-29 12:43:01,wishlist,146,s019873
556,2024-07-14 18:04:20,view,130,s019874
804,2024-08-13 10:31:34,view,322,s019875
2222,2025-09-13 11:27:09,purchase,85,s019876
1171,2024-05-31 20:51:34,add_to_cart,21,s019877
906,2025-07-03 20:34:07,view,130,s019878
2014,2025-09-30 10:39:37,add_to_cart,279,s019879
314,2025-11-12 15:52:05,view,211,s019880
832,2025-07-12 18:21:09,wishlist,58,s019881
1214,2025-11-19 10:11:55,view,332,s019882
1739,2025-10-18 18:26:01,wishlist,250,s019883
1365,2025-01-05 11:01:09,add_to_cart,287,s019884
2156,2024-04-27 05:24:09,view,348,s019885
621,2025-06-20 17:32:05,add_to_cart,389,s019886
1884,2024-11-01 08:05:50,view,62,s019887
1725,2025-01-22 06:04:37,view,348,s019888
1717,2025-10-10 10:37:23,view,23,s019889
355,2025-01-26 11:31:38,purchase,81,s019890
1515,2024-12-15 22:49:00,view,107,s019891
449,2024-10-10 19:11:57,view,316,s019892
541,2025-02-05 22:12:36,wishlist,296,s019893
742,2025-03-29 03:19:12,remove_from_cart,381,s019894
2274,2024-04-13 20:54:37,wishlist,179,s019895
1126,2024-06-20 04:05:03,wishlist,200,s019896
1706,2024-01-13 19:46:32,view,50,s019897
2499,2024-07-03 08:52:26,purchase,196,s019898
2358,2024-06-17 23:33:33,view,53,s019899
1764,2024-07-01 21:59:40,add_to_cart,1,s019900
2303,2024-09-16 18:30:10,view,18,s019901
2324,2024-08-10 21:20:11,view,75,s019902
1828,2024-10-27 09:56:41,purchase,132,s019903
1596,2025-07-24 07:07:14,view,135,s019904
404,2025-01-04 22:43:50,view,53,s019905
1858,2025-06-10 09:49:57,remove_from_cart,119,s019906
281,2025-11-04 20:29:34,add_to_cart,371,s019907
1638,2024-07-08 20:14:08,view,304,s019908
1656,2024-10-07 20:53:08,view,66,s019909
2116,2024-12-16 19:49:05,purchase,286,s019910
584,2024-03-04 08:38:37,view,106,s019911
2271,2024-01-28 05:57:54,add_to_cart,353,s019912
2274,2024-06-11 19:28:28,view,301,s019913
910,2024-11-22 12:26:30,remove_from_cart,260,s019914
144,2024-09-03 20:44:15,add_to_cart,149,s019915
2451,2024-04-30 20:56:42,view,23,s019916
2476,2024-11-11 20:52:43,view,196,s019917
676,2024-10-12 08:25:58,purchase,222,s019918
524,2024-03-27 19:12:38,view,215,s019919
270,2024-09-12 14:05:07,view,327,s019920
1658,2024-08-03 06:52:00,add_to_cart,248,s019921
2062,2025-01-01 13:16:48,view,67,s019922
2136,2024-03-20 07:15:37,view,116,s019923
454,2025-07-08 18:01:58,wishlist,213,s019924
1299,2024-06-29 19:32:29,view,288,s019925
1760,2024-02-26 14:40:06,wishlist,332,s019926
49,2024-11-09 08:17:22,purchase,140,s019927
101,2025-01-23 20:15:00,add_to_cart,381,s019928
301,2025-05-19 19:38:25,wishlist,66,s019929
1396,2025-05-22 20:10:21,remove_from_cart,63,s019930
2024,2025-05-16 11:32:36,purchase,20,s019931
2142,2025-09-28 08:29:04,purchase,35,s019932
1721,2024-02-21 21:41:08,view,240,s019933
2382,2025-01-19 15:41:27,view,141,s019934
702,2024-03-25 02:59:03,view,335,s019935
1335,2024-08-07 20:20:43,wishlist,327,s019936
939,2025-10-17 07:02:25,wishlist,198,s019937
853,2025-09-05 20:31:46,add_to_cart,243,s019938
1528,2025-09-18 00:54:56,add_to_cart,62,s019939
1411,2024-02-24 07:48:50,view,286,s019940
1235,2025-01-03 07:52:47,view,213,s019941
1361,2024-04-28 19:58:46,view,212,s019942
2457,2025-06-18 11:55:10,purchase,370,s019943
1412,2024-01-16 00:48:30,purchase,31,s019944
2414,2024-08-25 15:15:21,view,341,s019945
667,2024-08-30 12:00:13,view,200,s019946
1531,2025-03-26 18:45:18,wishlist,332,s019947
1375,2024-09-27 22:47:22,wishlist,240,s019948
1896,2024-09-07 06:50:05,view,271,s019949
2267,2024-07-03 15:40:47,purchase,116,s019950
811,2025-06-13 14:49:24,view,314,s019951
201,2024-12-23 10:32:42,view,63,s019952
702,2024-06-25 07:28:25,wishlist,297,s019953
250,2024-12-27 20:20:24,add_to_cart,273,s019954
1209,2024-07-01 09:34:36,wishlist,365,s019955
2383,2025-08-29 13:44:01,wishlist,269,s019956
1522,2025-07-10 15:06:16,view,165,s019957
2438,2025-08-26 20:22:08,view,71,s019958
1422,2024-06-14 18:51:05,add_to_cart,178,s019959
2463,2024-11-18 09:06:55,remove_from_cart,121,s019960
1672,2025-12-06 10:46:26,remove_from_cart,27,s019961
1095,2025-07-30 11:45:37,add_to_cart,151,s019962
2496,2024-05-21 13:08:44,wishlist,3,s019963
824,2025-09-18 08:29:21,view,183,s019964
2035,2025-04-28 12:41:21,view,175,s019965
1686,2025-03-27 19:42:36,remove_from_cart,280,s019966
59,2024-08-12 18:22:42,view,175,s019967
1345,2025-12-09 13:26:35,view,24,s019968
441,2025-08-28 05:11:56,wishlist,3,s019969
2318,2024-09-09 20:50:19,view,213,s019970
2133,2024-10-19 09:19:37,view,368,s019971
316,2024-10-29 08:17:49,view,42,s019972
1025,2024-01-07 18:32:38,view,93,s019973
1897,2025-12-09 05:06:48,remove_from_cart,28,s019974
395,2025-08-30 17:57:09,view,283,s019975
1907,2024-03-07 15:24:47,view,373,s019976
1818,2025-11-13 12:40:25,view,291,s019977
625,2025-04-04 22:10:39,view,330,s019978
388,2024-04-08 08:55:42,view,381,s019979
518,2024-12-20 18:57:28,view,390,s019980
1238,2024-04-16 19:01:48,view,221,s019981
1564,2024-06-06 17:52:19,view,338,s019982
505,2025-01-08 10:49:42,add_to_cart,255,s019983
748,2025-07-25 19:00:07,view,145,s019984
995,2024-12-02 19:48:51,view,392,s019985
622,2024-07-09 18:55:33,add_to_cart,60,s019986
114,2024-03-30 10:21:35,wishlist,320,s019987
982,2024-03-11 12:23:21,purchase,318,s019988
1609,2025-09-04 08:32:52,purchase,159,s019989
1420,2025-11-20 01:49:32,wishlist,220,s019990
2135,2024-11-13 06:34:40,add_to_cart,205,s019991
2172,2025-09-14 11:58:02,add_to_cart,246,s019992
2271,2024-05-28 07:18:49,wishlist,67,s019993
1085,2025-07-23 19:28:01,wishlist,362,s019994
2215,2024-06-14 16:03:18,view,75,s019995
2471,2024-09-19 07:52:02,wishlist,222,s019996
2414,2025-07-15 12:31:51,view,95,s019997
1982,2024-02-09 20:06:54,purchase,80,s019998
598,2025-02-18 15:16:18,purchase,41,s019999
1109,2025-08-21 23:17:46,purchase,89,s020000
1367,2025-03-26 23:47:41,wishlist,146,s020001
376,2024-01-16 20:22:36,view,385,s020002
451,2025-07-18 22:46:53,view,65,s020003
347,2024-05-18 08:26:21,purchase,290,s020004
685,2024-01-21 16:40:37,view,395,s020005
1628,2025-05-26 09:32:45,view,130,s020006
2473,2025-02-13 22:24:22,add_to_cart,161,s020007
421,2024-10-17 17:07:48,remove_from_cart,23,s020008
895,2025-10-17 17:07:11,view,292,s020009
2099,2024-09-14 08:08:05,view,365,s020010
206,2025-01-23 16:24:07,view,254,s020011
1422,2024-02-19 22:06:28,view,113,s020012
2388,2024-10-21 00:05:27,view,165,s020013
1101,2025-05-09 23:21:09,add_to_cart,25,s020014
2078,2024-07-04 18:27:00,view,68,s020015
787,2025-09-28 15:33:04,wishlist,389,s020016
1037,2025-07-06 22:35:13,remove_from_cart,203,s020017
2451,2024-01-14 16:53:11,view,142,s020018
1994,2024-07-15 06:30:27,remove_from_cart,253,s020019
941,2025-01-11 16:50:44,wishlist,56,s020020
1078,2024-06-28 20:26:56,remove_from_cart,58,s020021
507,2024-07-13 10:43:23,wishlist,307,s020022
1050,2025-09-14 19:31:21,view,388,s020023
2433,2025-11-17 10:58:49,view,254,s020024
1986,2025-08-03 19:15:00,view,93,s020025
952,2024-01-25 17:46:07,wishlist,271,s020026
2359,2025-05-08 18:52:44,view,119,s020027
1364,2024-05-03 21:07:51,purchase,122,s020028
832,2024-12-13 10:00:44,view,215,s020029
1064,2025-02-11 13:40:31,purchase,188,s020030
2369,2025-05-23 05:28:09,view,22,s020031
1276,2025-02-15 18:35:31,wishlist,157,s020032
2044,2025-09-17 10:34:10,wishlist,102,s020033
89,2024-03-29 12:16:21,remove_from_cart,378,s020034
2030,2025-08-02 23:30:06,wishlist,126,s020035
1571,2025-02-28 08:03:12,view,49,s020036
2239,2024-09-10 07:57:19,purchase,251,s020037
1815,2024-07-22 20:26:10,view,248,s020038
1028,2025-06-18 10:34:57,add_to_cart,362,s020039
1602,2024-11-01 18:56:19,view,329,s020040
2209,2024-08-23 09:17:44,purchase,10,s020041
1260,2024-04-08 08:51:07,remove_from_cart,94,s020042
1995,2024-03-01 08:02:04,view,50,s020043
1317,2025-06-13 10:44:24,view,345,s020044
1261,2025-05-12 13:24:36,view,174,s020045
1536,2025-08-24 22:41:48,view,226,s020046
1123,2025-05-13 21:25:26,wishlist,392,s020047
1222,2024-09-09 21:56:12,view,371,s020048
1354,2024-11-06 18:50:50,view,185,s020049
445,2024-12-04 09:52:04,add_to_cart,91,s020050
2387,2024-04-30 09:18:59,view,228,s020051
289,2024-01-06 22:21:01,view,125,s020052
1543,2024-01-09 10:51:30,view,313,s020053
1869,2024-10-23 09:12:05,view,316,s020054
684,2025-10-26 16:01:55,purchase,321,s020055
1682,2025-09-26 10:10:49,view,159,s020056
2450,2025-09-25 13:15:13,add_to_cart,147,s020057
1825,2025-05-27 11:27:42,view,161,s020058
1310,2024-02-17 09:03:25,add_to_cart,381,s020059
304,2025-12-09 14:14:12,view,373,s020060
432,2024-05-26 20:13:05,view,212,s020061
1603,2024-08-06 07:28:39,view,272,s020062
600,2025-02-18 14:06:23,add_to_cart,186,s020063
588,2025-07-13 09:15:11,view,5,s020064
375,2025-05-12 08:15:31,view,207,s020065
832,2024-08-15 21:00:07,purchase,376,s020066
1016,2024-05-11 13:56:13,purchase,182,s020067
2105,2024-08-11 15:43:39,wishlist,297,s020068
1571,2024-03-24 19:42:51,view,83,s020069
1992,2024-10-19 11:27:25,remove_from_cart,237,s020070
1231,2024-05-31 18:37:35,view,297,s020071
976,2024-06-11 03:40:19,view,234,s020072
504,2024-04-25 09:31:32,view,387,s020073
94,2024-07-17 23:26:27,remove_from_cart,13,s020074
485,2025-06-06 09:11:17,view,393,s020075
1505,2025-03-08 09:03:26,wishlist,327,s020076
397,2025-05-27 20:28:48,add_to_cart,105,s020077
410,2025-05-05 19:11:59,view,399,s020078
2391,2025-05-03 00:36:10,purchase,239,s020079
1476,2024-02-02 19:55:49,wishlist,321,s020080
2016,2024-03-05 17:12:46,remove_from_cart,104,s020081
971,2024-01-10 09:55:39,view,264,s020082
638,2025-02-01 19:01:04,add_to_cart,336,s020083
640,2025-11-06 11:48:31,view,114,s020084
1715,2024-03-30 21:30:29,add_to_cart,355,s020085
1532,2025-05-23 06:05:55,view,269,s020086
776,2024-07-21 11:48:35,add_to_cart,220,s020087
1122,2025-04-13 18:45:02,view,286,s020088
1586,2024-11-16 22:00:02,remove_from_cart,94,s020089
180,2025-11-10 12:47:38,add_to_cart,361,s020090
349,2025-06-10 20:59:24,view,339,s020091
1651,2024-06-19 06:35:36,purchase,269,s020092
2141,2025-09-03 07:58:21,view,371,s020093
255,2025-09-16 04:21:51,wishlist,116,s020094
1919,2025-07-09 10:13:41,view,252,s020095
49,2025-11-02 22:28:59,purchase,305,s020096
1337,2024-08-03 11:32:44,purchase,71,s020097
1068,2024-07-20 19:31:22,wishlist,349,s020098
313,2025-05-13 07:15:14,view,86,s020099
1328,2025-09-01 17:57:46,wishlist,343,s020100
425,2024-05-04 21:48:31,view,80,s020101
2,2025-05-18 20:12:57,view,59,s020102
276,2025-03-30 09:47:49,add_to_cart,129,s020103
168,2025-09-27 07:50:01,add_to_cart,245,s020104
2031,2024-06-24 09:02:02,add_to_cart,190,s020105
1445,2025-05-24 18:42:30,purchase,382,s020106
2350,2025-07-06 21:17:49,view,74,s020107
2099,2025-07-16 12:54:26,view,235,s020108
1908,2025-09-25 06:51:56,view,248,s020109
1985,2025-09-28 09:45:06,view,358,s020110
575,2024-05-24 03:44:43,purchase,258,s020111
2072,2024-06-01 20:20:45,view,203,s020112
1884,2024-04-30 05:23:10,view,160,s020113
755,2025-01-16 21:21:15,wishlist,339,s020114
557,2024-12-02 21:47:58,add_to_cart,309,s020115
398,2024-09-13 22:18:07,purchase,258,s020116
412,2024-10-16 08:32:26,remove_from_cart,59,s020117
1543,2024-12-17 09:09:36,view,129,s020118
78,2025-12-10 13:26:52,view,213,s020119
1149,2024-03-30 16:19:38,view,222,s020120
1414,2024-05-28 22:29:01,view,313,s020121
2106,2025-10-17 21:11:20,remove_from_cart,135,s020122
1511,2024-10-22 11:11:34,wishlist,29,s020123
1441,2024-08-20 07:36:43,view,16,s020124
337,2024-07-14 19:44:49,view,261,s020125
2299,2024-11-21 14:29:16,add_to_cart,23,s020126
2068,2025-05-22 08:39:28,view,384,s020127
1075,2024-03-09 08:04:17,view,271,s020128
2093,2024-02-29 19:11:53,view,280,s020129
1609,2025-01-04 21:14:32,view,243,s020130
1526,2024-04-02 20:49:25,add_to_cart,376,s020131
58,2025-06-04 18:22:53,view,253,s020132
1099,2025-12-04 04:27:36,purchase,229,s020133
2390,2025-08-19 22:16:22,wishlist,61,s020134
578,2025-09-09 23:37:09,view,268,s020135
1478,2025-11-16 22:33:04,view,249,s020136
414,2025-11-16 10:39:19,view,52,s020137
877,2025-04-27 09:05:59,purchase,228,s020138
1528,2025-01-07 21:26:09,purchase,16,s020139
693,2025-02-28 11:47:02,add_to_cart,38,s020140
1068,2024-02-22 07:17:17,view,242,s020141
317,2025-05-30 06:38:23,view,61,s020142
2322,2024-01-02 17:57:22,add_to_cart,147,s020143
1811,2025-06-03 19:31:13,add_to_cart,195,s020144
1698,2024-03-27 00:26:58,add_to_cart,112,s020145
1087,2025-12-07 15:33:57,view,207,s020146
1641,2024-03-26 18:04:45,view,274,s020147
883,2024-08-02 17:19:10,view,23,s020148
1517,2024-10-13 17:32:25,view,394,s020149
2270,2024-06-30 07:23:54,add_to_cart,384,s020150
1932,2025-05-23 09:48:30,view,181,s020151
1021,2024-02-28 16:49:06,view,283,s020152
2465,2024-03-14 17:13:06,view,253,s020153
851,2025-02-19 09:59:15,add_to_cart,3,s020154
740,2024-12-26 08:15:38,view,56,s020155
925,2024-02-13 21:16:13,add_to_cart,187,s020156
1638,2025-02-15 20:01:35,purchase,108,s020157
705,2024-09-16 19:06:10,view,97,s020158
944,2024-08-04 19:05:54,view,32,s020159
1691,2025-06-06 21:55:29,add_to_cart,290,s020160
433,2024-08-03 11:24:28,view,271,s020161
2335,2025-10-17 18:00:34,view,212,s020162
1768,2024-06-01 08:59:37,purchase,396,s020163
2103,2025-06-06 21:30:25,view,333,s020164
1694,2025-07-03 19:50:06,view,379,s020165
2465,2025-01-03 17:26:36,wishlist,68,s020166
1139,2025-01-25 06:49:27,wishlist,380,s020167
2241,2025-04-10 18:01:06,view,376,s020168
1395,2024-08-28 13:02:38,view,225,s020169
699,2025-05-22 19:10:28,remove_from_cart,229,s020170
130,2024-06-21 18:52:44,wishlist,118,s020171
2351,2025-12-14 07:38:32,remove_from_cart,306,s020172
1919,2025-04-22 18:20:27,view,13,s020173
1298,2025-11-23 14:18:10,add_to_cart,279,s020174
209,2025-02-03 17:10:12,view,294,s020175
1322,2025-08-21 06:21:49,view,249,s020176
1489,2025-06-03 22:12:23,purchase,145,s020177
1905,2024-11-23 10:23:55,view,13,s020178
2194,2024-02-10 20:19:39,add_to_cart,117,s020179
1665,2025-02-04 07:47:15,view,140,s020180
2346,2025-09-25 16:35:20,view,187,s020181
1885,2025-03-27 21:25:43,purchase,303,s020182
2134,2024-08-31 10:20:37,purchase,248,s020183
2318,2024-05-03 16:48:39,view,121,s020184
1181,2025-10-27 05:49:13,add_to_cart,230,s020185
1685,2024-04-21 08:47:47,add_to_cart,297,s020186
1362,2025-06-20 20:15:50,view,71,s020187
2216,2025-06-03 19:22:04,view,369,s020188
2342,2025-01-31 09:46:48,view,33,s020189
1261,2024-01-22 12:17:31,view,133,s020190
1304,2025-11-22 19:06:23,view,155,s020191
1439,2025-06-23 14:09:31,view,138,s020192
104,2024-10-17 23:10:09,add_to_cart,165,s020193
1688,2025-02-12 14:16:53,add_to_cart,24,s020194
2218,2025-02-22 17:53:54,wishlist,397,s020195
829,2025-03-14 13:24:14,view,2,s020196
32,2025-04-20 09:32:45,purchase,152,s020197
764,2024-10-21 05:12:27,view,55,s020198
138,2024-01-14 20:26:55,view,322,s020199
1927,2025-01-21 20:57:12,view,159,s020200
713,2024-09-14 20:05:59,view,57,s020201
1232,2025-05-28 09:06:47,purchase,207,s020202
2217,2024-05-25 18:05:27,view,252,s020203
1772,2025-12-09 08:19:23,view,231,s020204
1244,2025-08-14 08:01:16,add_to_cart,22,s020205
1270,2025-04-06 19:28:48,purchase,54,s020206
493,2024-09-14 04:59:24,view,328,s020207
1304,2024-02-15 20:12:18,view,357,s020208
367,2024-08-07 11:18:47,view,226,s020209
1736,2025-06-25 03:03:25,view,47,s020210
42,2025-04-22 22:47:00,wishlist,317,s020211
49,2024-04-05 09:28:24,purchase,37,s020212
840,2024-03-18 23:14:59,view,100,s020213
87,2025-05-27 18:35:31,add_to_cart,197,s020214
1489,2025-08-14 21:14:30,add_to_cart,240,s020215
1739,2024-05-14 18:26:48,view,92,s020216
1263,2025-12-10 19:05:18,view,237,s020217
956,2024-12-03 19:51:38,view,153,s020218
155,2025-08-17 08:02:55,add_to_cart,231,s020219
1774,2025-06-18 18:06:33,wishlist,313,s020220
2493,2025-08-24 12:37:28,add_to_cart,48,s020221
1989,2024-01-16 19:56:24,purchase,170,s020222
1168,2024-02-03 10:08:29,purchase,176,s020223
1790,2024-06-24 21:49:22,view,295,s020224
523,2025-01-06 11:02:36,view,53,s020225
2156,2024-02-13 09:12:53,view,164,s020226
1508,2025-03-26 15:22:15,view,303,s020227
2468,2025-06-20 17:05:53,wishlist,6,s020228
1126,2024-10-24 21:10:35,wishlist,42,s020229
734,2025-05-24 12:43:49,wishlist,210,s020230
737,2025-06-29 10:35:17,add_to_cart,335,s020231
1334,2025-06-20 18:44:52,view,140,s020232
1892,2025-11-01 09:04:48,view,389,s020233
1966,2024-06-09 20:25:54,view,199,s020234
2496,2024-01-27 11:06:04,purchase,203,s020235
185,2025-07-25 10:08:59,view,339,s020236
1208,2025-07-21 23:41:50,view,214,s020237
2460,2025-05-19 07:33:16,view,233,s020238
1441,2025-02-11 22:45:12,view,140,s020239
169,2025-09-26 21:17:35,wishlist,8,s020240
1356,2025-01-02 21:27:53,view,68,s020241
802,2024-07-13 17:55:32,wishlist,93,s020242
2149,2024-07-12 19:19:54,add_to_cart,153,s020243
1979,2024-04-20 15:01:51,wishlist,30,s020244
890,2025-05-11 10:27:22,view,10,s020245
1943,2024-11-06 20:23:23,view,356,s020246
1964,2025-05-30 01:54:59,add_to_cart,255,s020247
2402,2025-01-21 09:00:07,view,161,s020248
1644,2025-09-09 05:45:12,add_to_cart,252,s020249
2231,2025-10-28 15:39:50,purchase,251,s020250
843,2024-05-05 17:01:06,view,377,s020251
1815,2024-10-19 05:04:45,add_to_cart,312,s020252
752,2024-02-12 09:27:36,add_to_cart,240,s020253
1284,2024-12-04 06:46:49,view,116,s020254
343,2024-07-23 21:51:24,view,165,s020255
363,2025-09-08 05:01:58,view,124,s020256
1936,2025-08-02 20:28:13,remove_from_cart,252,s020257
2185,2024-10-09 11:57:13,purchase,57,s020258
1703,2024-11-11 08:37:52,view,282,s020259
684,2024-10-31 17:48:02,view,114,s020260
2492,2024-10-09 21:03:12,view,365,s020261
2323,2025-04-28 05:00:29,remove_from_cart,117,s020262
1448,2024-03-05 17:16:25,view,288,s020263
427,2025-03-03 14:18:26,remove_from_cart,390,s020264
1881,2024-04-24 08:48:17,add_to_cart,202,s020265
431,2024-03-14 19:39:08,add_to_cart,368,s020266
307,2025-12-13 19:44:29,add_to_cart,5,s020267
1874,2024-07-12 09:21:28,purchase,218,s020268
1191,2024-12-06 21:11:59,view,382,s020269
1917,2024-09-06 10:03:55,view,311,s020270
302,2025-09-05 23:56:43,view,284,s020271
400,2025-07-29 21:10:04,purchase,240,s020272
805,2024-05-18 21:51:47,view,311,s020273
2143,2024-08-26 20:26:50,view,139,s020274
2416,2024-04-04 07:37:05,add_to_cart,110,s020275
779,2024-04-16 11:22:12,purchase,318,s020276
289,2024-05-12 13:52:07,view,273,s020277
118,2025-11-27 17:30:36,add_to_cart,158,s020278
190,2024-10-10 04:36:30,wishlist,246,s020279
1756,2025-12-09 07:09:26,view,114,s020280
1217,2024-06-10 20:31:45,view,306,s020281
1122,2024-06-03 04:13:14,view,65,s020282
376,2025-08-26 19:59:34,view,228,s020283
792,2024-10-04 11:59:35,view,95,s020284
1062,2025-11-10 17:56:06,add_to_cart,77,s020285
2001,2024-07-01 21:06:22,wishlist,235,s020286
924,2024-05-02 11:19:35,purchase,238,s020287
2483,2025-10-23 08:32:17,view,223,s020288
844,2025-11-11 18:41:24,view,126,s020289
563,2024-06-07 20:02:38,purchase,192,s020290
870,2024-01-08 20:30:51,view,7,s020291
2268,2025-10-12 20:57:18,view,11,s020292
802,2025-06-25 09:45:19,view,375,s020293
961,2025-12-14 19:29:41,view,297,s020294
2149,2024-11-25 18:12:09,view,59,s020295
1652,2025-07-07 20:29:51,purchase,306,s020296
572,2024-07-03 17:17:53,view,303,s020297
1426,2025-06-27 20:01:18,view,300,s020298
1512,2025-06-06 08:56:35,view,99,s020299
759,2024-06-11 22:26:15,view,373,s020300
1795,2024-03-02 08:24:05,purchase,296,s020301
543,2025-01-02 18:30:29,remove_from_cart,148,s020302
912,2024-04-14 03:20:17,view,192,s020303
1157,2024-04-16 21:57:22,purchase,106,s020304
2429,2024-11-27 05:16:15,wishlist,335,s020305
1145,2025-06-15 22:02:40,view,135,s020306
1056,2024-09-19 19:42:56,view,259,s020307
1339,2024-03-30 20:10:36,add_to_cart,208,s020308
2268,2025-05-20 20:57:12,wishlist,111,s020309
1018,2024-05-22 16:50:52,purchase,367,s020310
1189,2025-06-26 20:32:45,view,130,s020311
1653,2025-02-14 18:24:16,add_to_cart,200,s020312
1974,2025-12-03 08:09:32,wishlist,225,s020313
1569,2024-02-14 18:55:51,view,129,s020314
839,2025-07-24 16:15:09,wishlist,87,s020315
685,2025-08-23 10:04:43,view,196,s020316
1448,2025-09-20 17:40:28,view,325,s020317
674,2024-10-12 11:04:52,view,5,s020318
1930,2025-10-21 07:52:14,view,325,s020319
2473,2024-10-18 05:58:58,view,381,s020320
580,2025-10-26 08:47:57,add_to_cart,117,s020321
427,2024-05-18 19:23:24,wishlist,354,s020322
1767,2024-12-17 07:51:53,add_to_cart,104,s020323
610,2024-06-13 15:43:55,view,370,s020324
1807,2025-12-09 09:22:46,add_to_cart,390,s020325
895,2024-04-02 05:31:55,add_to_cart,274,s020326
1384,2025-01-15 21:57:12,view,235,s020327
167,2024-09-10 19:57:36,view,60,s020328
2014,2024-10-12 20:12:58,purchase,150,s020329
697,2025-07-06 20:30:18,remove_from_cart,4,s020330
340,2025-07-04 08:22:12,wishlist,48,s020331
359,2024-06-13 22:28:18,view,25,s020332
1255,2024-04-09 17:17:41,wishlist,52,s020333
716,2025-07-15 15:44:30,view,48,s020334
1447,2025-09-02 19:09:45,view,265,s020335
2319,2024-06-05 18:58:12,view,174,s020336
1732,2025-04-26 18:07:57,view,264,s020337
569,2024-05-12 08:34:58,add_to_cart,82,s020338
1187,2025-06-20 12:43:45,view,85,s020339
1408,2024-05-28 21:03:48,view,254,s020340
1578,2024-01-26 23:45:57,view,21,s020341
2390,2025-08-01 14:24:28,view,321,s020342
809,2025-05-27 07:02:33,view,327,s020343
1413,2025-08-11 22:27:54,wishlist,92,s020344
2072,2025-06-07 22:33:02,view,376,s020345
177,2025-05-25 21:25:48,view,22,s020346
2179,2024-02-07 21:48:43,add_to_cart,170,s020347
1541,2025-01-22 18:15:21,view,154,s020348
1870,2025-02-21 14:05:52,wishlist,218,s020349
133,2024-04-11 19:13:34,view,109,s020350
30,2024-05-28 19:04:45,add_to_cart,210,s020351
317,2025-10-30 02:37:42,purchase,352,s020352
903,2024-01-25 06:02:08,view,376,s020353
1527,2025-06-14 09:28:34,view,273,s020354
647,2024-01-08 19:41:49,purchase,400,s020355
400,2024-05-21 02:30:34,view,371,s020356
890,2024-06-15 20:11:53,view,166,s020357
313,2025-06-27 23:14:39,add_to_cart,352,s020358
813,2025-05-02 23:52:44,purchase,114,s020359
1538,2025-03-27 14:33:32,wishlist,170,s020360
2048,2025-01-18 21:24:48,view,50,s020361
1590,2025-08-01 08:28:27,view,389,s020362
105,2024-05-30 09:43:49,wishlist,275,s020363
1518,2024-07-19 21:27:36,add_to_cart,322,s020364
1067,2024-10-11 06:34:45,view,357,s020365
920,2025-06-30 23:05:36,view,377,s020366
981,2024-02-28 05:24:11,remove_from_cart,290,s020367
1123,2024-09-14 14:28:59,view,315,s020368
1912,2024-12-13 07:21:02,wishlist,393,s020369
129,2025-01-25 13:29:01,view,198,s020370
1043,2025-10-20 20:22:31,remove_from_cart,397,s020371
1447,2024-07-11 23:58:28,add_to_cart,167,s020372
999,2024-06-05 00:48:39,wishlist,273,s020373
385,2024-03-13 10:56:50,view,368,s020374
1027,2025-01-08 08:10:46,add_to_cart,163,s020375
26,2025-05-22 19:59:11,remove_from_cart,132,s020376
1047,2025-03-23 15:45:44,view,210,s020377
2049,2025-06-21 22:40:32,view,203,s020378
1066,2025-05-05 13:27:06,wishlist,246,s020379
539,2024-03-22 22:10:41,add_to_cart,233,s020380
1994,2025-11-08 08:37:52,view,121,s020381
914,2025-02-11 20:33:41,view,215,s020382
1230,2024-10-02 07:36:12,add_to_cart,81,s020383
1510,2024-01-12 13:34:20,view,83,s020384
628,2025-11-28 13:43:49,purchase,21,s020385
761,2025-03-24 21:14:58,view,212,s020386
1346,2024-07-30 15:31:37,add_to_cart,169,s020387
2411,2025-08-25 15:30:24,wishlist,135,s020388
2333,2024-09-11 18:38:58,view,269,s020389
109,2024-08-03 20:16:14,wishlist,328,s020390
248,2025-08-17 13:04:06,wishlist,255,s020391
829,2024-04-12 22:05:28,view,20,s020392
716,2024-09-19 02:17:40,purchase,145,s020393
909,2025-04-20 10:29:03,purchase,339,s020394
1833,2025-01-20 10:27:14,remove_from_cart,41,s020395
673,2024-06-07 20:42:59,wishlist,337,s020396
1947,2025-03-19 15:34:12,view,291,s020397
1946,2024-04-22 06:22:51,purchase,83,s020398
985,2024-07-25 20:21:03,add_to_cart,257,s020399
1438,2024-08-18 22:16:17,view,188,s020400
1553,2025-05-24 17:53:23,wishlist,101,s020401
1892,2025-03-25 21:12:33,add_to_cart,179,s020402
1004,2024-11-17 12:39:15,add_to_cart,134,s020403
347,2025-04-07 08:34:34,wishlist,235,s020404
1358,2025-12-08 16:57:50,view,315,s020405
1116,2025-03-06 21:15:56,wishlist,399,s020406
2207,2025-01-07 22:58:26,add_to_cart,315,s020407
1782,2024-09-15 09:25:10,view,7,s020408
158,2024-05-25 21:25:26,view,387,s020409
1278,2025-06-02 19:11:29,view,33,s020410
724,2024-04-04 07:07:44,wishlist,95,s020411
793,2025-12-09 15:44:19,purchase,319,s020412
2335,2024-06-01 15:31:19,view,253,s020413
301,2025-07-27 18:45:05,purchase,69,s020414
1438,2024-01-28 09:03:22,view,285,s020415
130,2025-03-06 18:43:10,purchase,126,s020416
1450,2025-03-14 18:42:12,add_to_cart,286,s020417
182,2025-03-09 16:46:24,view,118,s020418
1736,2025-10-14 07:10:59,view,226,s020419
95,2025-04-28 11:17:51,view,393,s020420
1273,2025-01-04 10:00:45,view,87,s020421
1203,2024-06-04 02:49:30,view,201,s020422
1470,2024-05-30 17:16:50,purchase,331,s020423
1238,2025-05-10 19:57:30,view,354,s020424
2344,2024-01-17 17:57:56,view,39,s020425
1053,2024-04-27 09:48:54,remove_from_cart,284,s020426
2169,2025-02-28 09:00:34,remove_from_cart,384,s020427
1040,2024-09-24 21:17:38,view,369,s020428
2466,2025-02-19 08:59:56,view,390,s020429
461,2025-04-26 19:05:36,add_to_cart,327,s020430
2210,2025-11-19 13:20:53,purchase,165,s020431
340,2025-07-23 03:08:14,view,361,s020432
1757,2025-07-10 20:38:24,wishlist,234,s020433
429,2025-05-01 22:05:39,view,273,s020434
1445,2025-06-03 06:53:45,purchase,267,s020435
465,2024-04-01 19:22:29,view,375,s020436
2255,2024-01-09 17:58:27,view,162,s020437
2088,2024-11-07 09:10:59,view,317,s020438
1347,2025-09-18 11:51:50,add_to_cart,296,s020439
1959,2025-06-09 15:32:08,view,176,s020440
720,2025-01-09 12:24:35,remove_from_cart,53,s020441
1115,2025-03-31 20:55:36,view,346,s020442
1629,2025-07-01 12:20:02,view,13,s020443
2172,2024-10-14 07:56:14,wishlist,329,s020444
2388,2024-11-22 00:05:14,view,115,s020445
1943,2025-12-08 20:13:06,view,64,s020446
1239,2024-12-18 19:11:49,purchase,12,s020447
400,2024-12-02 11:45:05,view,286,s020448
45,2025-09-13 13:19:11,view,219,s020449
2366,2025-08-14 08:54:20,view,313,s020450
1647,2025-02-15 22:22:24,purchase,223,s020451
114,2025-01-14 11:43:33,view,388,s020452
1988,2024-06-25 21:16:20,add_to_cart,117,s020453
1869,2025-02-03 06:40:56,purchase,174,s020454
1243,2024-09-12 09:58:57,view,120,s020455
2467,2025-03-15 18:45:36,view,46,s020456
367,2025-09-27 08:29:05,view,188,s020457
1166,2024-01-01 21:13:51,view,112,s020458
412,2025-01-11 22:46:17,view,144,s020459
513,2024-05-12 10:00:36,view,305,s020460
1335,2024-04-14 07:13:47,view,36,s020461
78,2024-12-01 04:55:38,wishlist,112,s020462
2389,2024-04-30 15:25:13,add_to_cart,71,s020463
2248,2024-03-14 18:16:36,view,217,s020464
869,2024-09-08 04:36:32,add_to_cart,362,s020465
2052,2025-06-26 08:25:56,wishlist,243,s020466
1067,2024-06-21 17:03:58,add_to_cart,29,s020467
768,2025-04-28 19:34:42,wishlist,49,s020468
1890,2024-07-29 17:23:31,purchase,388,s020469
2312,2025-02-12 19:38:44,view,194,s020470
1417,2025-12-04 18:17:46,wishlist,313,s020471
583,2024-06-11 20:26:05,wishlist,111,s020472
678,2025-03-07 20:58:00,add_to_cart,186,s020473
1183,2025-03-15 04:54:09,view,346,s020474
125,2025-10-16 10:28:16,view,53,s020475
456,2024-07-25 15:36:56,view,303,s020476
527,2024-05-23 20:16:31,view,200,s020477
2144,2025-02-05 14:55:58,remove_from_cart,389,s020478
1064,2024-08-16 02:17:34,view,371,s020479
938,2025-06-15 09:54:15,purchase,67,s020480
1832,2024-10-23 10:55:39,wishlist,5,s020481
1125,2024-11-06 16:54:07,purchase,258,s020482
1026,2025-04-18 16:01:45,view,149,s020483
163,2024-09-19 18:35:12,view,64,s020484
413,2024-02-23 13:58:19,view,340,s020485
832,2024-02-11 19:43:05,wishlist,47,s020486
2341,2024-12-16 07:15:51,add_to_cart,286,s020487
1988,2024-01-23 05:37:07,view,188,s020488
2485,2024-04-16 09:26:26,add_to_cart,395,s020489
2392,2025-08-31 15:41:31,view,228,s020490
1718,2024-01-12 07:19:01,add_to_cart,97,s020491
2160,2024-04-14 13:04:09,add_to_cart,4,s020492
2325,2025-07-29 11:50:42,add_to_cart,40,s020493
1776,2024-11-29 20:29:38,wishlist,293,s020494
1158,2024-05-25 10:12:25,wishlist,47,s020495
982,2025-04-24 07:51:25,view,115,s020496
236,2024-06-07 18:54:59,view,41,s020497
1406,2025-06-14 21:32:25,view,131,s020498
1254,2024-04-29 21:58:38,purchase,353,s020499
2071,2025-06-09 17:05:03,add_to_cart,154,s020500
443,2025-04-13 18:39:06,view,286,s020501
2270,2024-11-25 21:00:07,view,186,s020502
2495,2025-05-28 12:54:04,view,96,s020503
149,2025-08-13 09:43:17,purchase,206,s020504
593,2024-05-01 09:51:39,view,338,s020505
2293,2025-06-05 21:32:33,add_to_cart,173,s020506
981,2024-07-22 19:55:30,add_to_cart,73,s020507
2479,2024-12-26 21:48:27,view,202,s020508
1590,2024-07-10 23:07:51,view,219,s020509
621,2024-06-01 23:08:23,view,310,s020510
276,2025-11-30 15:40:02,purchase,231,s020511
1341,2024-10-31 08:52:38,purchase,205,s020512
952,2024-10-06 09:15:25,wishlist,83,s020513
1645,2025-07-23 15:21:47,view,397,s020514
2359,2025-02-18 11:09:15,view,107,s020515
1878,2024-01-24 17:37:31,wishlist,290,s020516
2299,2024-01-08 08:40:15,view,369,s020517
1889,2025-01-26 10:11:37,view,141,s020518
1171,2024-11-03 23:37:35,view,242,s020519
598,2025-05-29 09:31:37,view,306,s020520
1602,2025-06-03 20:25:01,view,149,s020521
1279,2025-06-17 20:00:23,remove_from_cart,240,s020522
1993,2024-05-28 10:45:41,view,298,s020523
2227,2025-09-05 21:59:46,view,41,s020524
811,2024-04-20 20:11:02,view,71,s020525
1803,2024-08-09 21:16:39,purchase,81,s020526
2036,2025-10-21 08:14:31,wishlist,153,s020527
1174,2024-11-15 12:40:53,view,242,s020528
2033,2025-07-02 17:54:19,view,301,s020529
323,2025-09-25 19:08:59,purchase,37,s020530
51,2025-03-24 22:18:11,purchase,386,s020531
1293,2024-05-21 06:00:28,view,22,s020532
882,2024-11-30 12:24:50,purchase,56,s020533
706,2024-09-12 13:34:50,wishlist,258,s020534
606,2024-09-16 19:02:00,purchase,52,s020535
1736,2025-11-01 11:33:22,view,216,s020536
2494,2024-03-06 18:38:40,wishlist,388,s020537
554,2025-12-09 16:54:40,add_to_cart,267,s020538
803,2025-07-21 20:54:30,wishlist,11,s020539
1530,2025-07-15 16:25:04,remove_from_cart,217,s020540
468,2025-03-16 12:40:16,purchase,329,s020541
124,2024-01-17 18:03:20,view,278,s020542
516,2024-05-21 06:36:30,purchase,188,s020543
2346,2024-03-10 09:24:58,view,205,s020544
2238,2024-10-23 22:03:23,add_to_cart,376,s020545
110,2025-10-15 21:20:32,wishlist,71,s020546
1280,2025-07-04 22:16:54,add_to_cart,374,s020547
1576,2025-04-14 06:03:47,add_to_cart,291,s020548
2269,2024-09-18 18:20:12,view,375,s020549
785,2025-11-09 09:14:20,view,131,s020550
1264,2024-03-17 19:44:03,remove_from_cart,197,s020551
1230,2024-07-22 11:37:03,view,281,s020552
1455,2025-06-20 19:00:42,view,375,s020553
2352,2025-08-04 16:40:40,view,44,s020554
429,2025-05-26 19:54:05,view,158,s020555
556,2024-10-25 09:05:34,add_to_cart,164,s020556
2007,2025-11-17 16:25:38,view,234,s020557
449,2025-08-19 03:32:14,add_to_cart,277,s020558
1453,2024-07-01 19:31:19,view,29,s020559
1318,2024-12-18 09:42:51,add_to_cart,288,s020560
2156,2024-06-01 20:03:00,view,174,s020561
1458,2025-11-16 20:55:19,wishlist,338,s020562
41,2024-06-15 21:54:44,view,271,s020563
246,2024-11-10 20:35:25,add_to_cart,191,s020564
52,2025-01-27 19:28:26,remove_from_cart,128,s020565
1010,2024-02-10 11:52:27,wishlist,99,s020566
2369,2025-07-04 02:11:15,purchase,243,s020567
1426,2025-09-28 10:19:14,view,27,s020568
323,2025-05-23 11:41:21,view,195,s020569
1868,2024-04-03 19:19:13,view,389,s020570
526,2025-11-04 20:30:28,wishlist,343,s020571
1635,2024-01-22 09:20:10,view,381,s020572
1770,2024-08-24 20:02:18,view,23,s020573
846,2024-11-07 11:37:31,view,113,s020574
1233,2025-10-17 11:29:34,wishlist,29,s020575
1816,2024-03-03 08:39:36,view,106,s020576
1454,2024-05-16 13:45:24,view,173,s020577
1538,2025-01-22 21:01:30,purchase,68,s020578
2386,2025-09-30 07:15:09,remove_from_cart,135,s020579
431,2025-06-12 21:52:08,add_to_cart,343,s020580
1989,2024-11-11 21:47:40,remove_from_cart,29,s020581
697,2025-02-27 19:58:41,wishlist,201,s020582
2079,2025-10-20 07:51:51,view,73,s020583
512,2025-01-20 13:48:15,view,34,s020584
797,2024-06-17 08:55:29,view,125,s020585
1652,2024-11-13 08:49:17,view,6,s020586
1412,2024-06-24 23:34:17,add_to_cart,197,s020587
2399,2024-07-07 09:53:32,view,234,s020588
2019,2024-01-31 20:38:03,view,336,s020589
1288,2025-08-08 20:29:28,view,351,s020590
934,2024-12-28 11:10:58,view,298,s020591
1837,2025-03-17 10:22:02,purchase,69,s020592
1158,2024-12-25 02:09:57,view,13,s020593
1693,2024-10-09 20:26:21,view,132,s020594
1028,2025-06-17 10:50:44,view,318,s020595
2,2024-02-11 21:11:21,add_to_cart,201,s020596
1295,2024-06-20 13:04:25,remove_from_cart,93,s020597
1458,2024-12-31 19:45:57,view,303,s020598
458,2025-02-11 20:19:26,purchase,44,s020599
1461,2025-02-26 22:36:16,purchase,337,s020600
1346,2025-04-25 05:06:29,view,298,s020601
519,2024-07-19 16:56:33,wishlist,211,s020602
877,2025-07-26 10:10:22,view,330,s020603
212,2025-11-10 01:21:39,add_to_cart,138,s020604
2123,2024-04-28 20:43:08,add_to_cart,15,s020605
341,2025-10-26 23:55:17,view,344,s020606
38,2024-07-31 11:26:56,add_to_cart,182,s020607
1976,2025-09-16 22:54:19,view,82,s020608
958,2024-09-12 08:19:57,view,64,s020609
2087,2025-01-12 20:37:49,add_to_cart,106,s020610
1843,2025-02-28 21:04:17,view,195,s020611
1490,2024-05-06 07:40:54,wishlist,209,s020612
1978,2024-03-21 07:17:18,purchase,184,s020613
884,2025-08-08 21:19:51,view,95,s020614
2284,2025-05-04 20:43:08,view,154,s020615
2289,2024-10-04 10:31:32,view,301,s020616
574,2025-08-10 08:40:10,view,237,s020617
366,2024-12-26 20:39:23,view,44,s020618
2132,2024-02-15 18:10:44,view,273,s020619
2047,2025-01-07 18:19:06,view,269,s020620
756,2024-02-02 20:42:58,view,2,s020621
565,2024-08-23 11:53:11,purchase,85,s020622
1296,2024-08-09 13:48:34,view,217,s020623
1000,2025-03-20 10:32:36,view,52,s020624
2300,2024-09-29 11:35:30,view,372,s020625
1516,2024-01-01 08:27:02,view,166,s020626
1117,2024-08-01 00:52:52,purchase,192,s020627
1870,2025-07-26 17:41:04,view,146,s020628
17,2024-05-31 08:55:37,view,15,s020629
1513,2024-10-14 18:30:31,view,157,s020630
2149,2024-11-11 20:19:08,wishlist,145,s020631
1332,2024-11-24 18:34:46,add_to_cart,182,s020632
714,2025-06-08 16:54:01,add_to_cart,17,s020633
2152,2025-02-20 21:52:14,wishlist,229,s020634
1386,2025-04-14 10:58:38,view,153,s020635
606,2025-09-21 19:17:00,add_to_cart,257,s020636
2392,2024-10-31 08:18:45,add_to_cart,302,s020637
187,2024-05-12 20:06:53,view,295,s020638
1361,2024-03-23 10:05:45,view,69,s020639
54,2024-08-29 08:02:04,view,289,s020640
753,2025-12-04 06:20:47,view,393,s020641
2379,2024-06-18 14:17:42,view,120,s020642
1421,2025-02-14 08:46:32,view,125,s020643
1336,2025-04-30 11:37:54,view,2,s020644
237,2025-05-13 09:41:47,view,179,s020645
1735,2025-11-30 03:50:04,purchase,343,s020646
1601,2025-01-28 20:00:41,add_to_cart,197,s020647
1084,2024-10-18 07:30:45,view,300,s020648
329,2024-12-24 03:25:21,add_to_cart,276,s020649
1055,2025-10-23 00:40:36,view,311,s020650
1303,2024-02-20 20:16:29,purchase,230,s020651
50,2025-02-06 00:17:57,add_to_cart,375,s020652
1199,2025-04-01 14:43:24,view,305,s020653
1338,2024-01-31 08:32:07,add_to_cart,270,s020654
1463,2025-08-14 22:32:34,view,235,s020655
1887,2024-03-28 10:10:18,purchase,342,s020656
812,2025-01-07 19:39:35,view,39,s020657
2473,2024-06-07 20:47:36,add_to_cart,285,s020658
1973,2024-06-03 11:22:11,purchase,156,s020659
1553,2024-04-03 11:22:36,view,206,s020660
791,2025-01-23 18:15:15,view,387,s020661
37,2025-05-25 20:32:53,view,347,s020662
1147,2025-04-17 12:30:46,add_to_cart,342,s020663
1467,2024-01-01 09:22:14,add_to_cart,390,s020664
1233,2025-08-04 17:03:17,add_to_cart,109,s020665
36,2025-01-03 17:06:31,view,386,s020666
1824,2024-08-13 18:49:12,view,122,s020667
2444,2024-01-01 06:19:22,add_to_cart,1,s020668
1953,2025-09-07 20:39:03,view,363,s020669
1676,2024-04-29 08:19:36,wishlist,128,s020670
1939,2024-08-29 12:25:30,view,131,s020671
1522,2025-09-02 22:36:56,wishlist,169,s020672
1603,2024-05-17 11:21:33,view,54,s020673
625,2025-01-05 07:03:45,view,42,s020674
1311,2024-03-16 23:02:38,purchase,374,s020675
552,2025-09-17 23:43:20,view,190,s020676
315,2024-01-23 01:04:45,view,340,s020677
132,2024-05-11 14:01:03,view,251,s020678
1096,2024-07-29 19:25:50,view,191,s020679
1207,2024-09-09 11:19:27,remove_from_cart,73,s020680
1275,2024-11-28 18:26:24,view,348,s020681
1223,2025-11-18 21:04:19,wishlist,154,s020682
254,2024-03-07 08:49:52,view,359,s020683
671,2024-09-24 08:53:08,view,383,s020684
1824,2024-02-09 01:51:08,purchase,204,s020685
617,2025-06-17 19:41:01,view,321,s020686
215,2025-04-12 10:37:47,add_to_cart,92,s020687
2227,2024-03-05 20:14:08,view,356,s020688
1395,2024-07-29 15:03:14,view,137,s020689
1378,2025-02-09 16:14:25,add_to_cart,32,s020690
1807,2025-02-16 08:23:33,wishlist,127,s020691
1827,2024-05-15 19:41:03,add_to_cart,200,s020692
1898,2024-10-13 15:12:23,add_to_cart,160,s020693
13,2025-07-14 10:57:52,view,115,s020694
2478,2024-09-23 13:29:22,view,289,s020695
594,2025-09-18 04:12:50,add_to_cart,26,s020696
1093,2024-08-27 13:33:18,wishlist,16,s020697
943,2025-02-14 10:36:10,purchase,275,s020698
1635,2025-04-24 16:21:50,view,300,s020699
1659,2025-06-12 22:06:09,view,366,s020700
1138,2025-02-27 05:47:46,purchase,18,s020701
1939,2025-08-17 13:50:47,add_to_cart,102,s020702
188,2025-02-15 15:05:37,view,73,s020703
2235,2025-01-15 20:31:28,view,300,s020704
1759,2024-02-28 17:11:13,remove_from_cart,286,s020705
2261,2024-11-05 08:03:07,add_to_cart,373,s020706
1518,2025-04-16 13:38:57,purchase,153,s020707
2032,2024-02-24 19:10:06,remove_from_cart,41,s020708
314,2024-01-06 20:54:52,view,197,s020709
1035,2024-01-09 12:55:07,view,9,s020710
974,2024-08-10 10:05:03,view,349,s020711
284,2025-11-07 13:30:34,wishlist,63,s020712
589,2025-03-02 08:27:05,view,371,s020713
2099,2024-05-25 09:17:38,view,324,s020714
334,2024-04-26 22:07:20,view,12,s020715
320,2025-08-19 00:28:29,wishlist,125,s020716
1469,2025-11-15 08:38:03,view,61,s020717
322,2025-02-02 02:58:11,remove_from_cart,209,s020718
400,2025-05-25 04:30:28,view,243,s020719
222,2025-07-11 21:07:27,add_to_cart,250,s020720
1638,2025-10-30 10:39:20,add_to_cart,371,s020721
2202,2024-09-18 07:31:36,view,192,s020722
1793,2024-12-16 15:50:55,view,11,s020723
885,2025-10-13 20:15:58,view,133,s020724
1960,2024-03-13 19:47:01,purchase,273,s020725
2237,2024-10-28 18:30:13,view,180,s020726
761,2024-04-19 09:42:15,view,270,s020727
1094,2025-02-25 06:36:17,view,338,s020728
2483,2024-05-28 06:20:39,view,265,s020729
2014,2024-04-10 13:22:58,wishlist,14,s020730
1272,2025-06-28 08:59:26,add_to_cart,341,s020731
41,2024-07-18 17:00:00,view,19,s020732
1404,2024-09-09 20:30:22,view,398,s020733
1423,2025-11-17 22:31:47,add_to_cart,303,s020734
39,2024-01-31 23:15:07,view,24,s020735
59,2025-09-14 04:46:51,view,337,s020736
2480,2025-09-05 09:50:38,view,381,s020737
825,2025-07-31 14:35:21,purchase,157,s020738
459,2024-01-30 21:20:59,view,310,s020739
1093,2024-02-07 15:30:08,remove_from_cart,153,s020740
2427,2025-12-09 09:24:25,view,330,s020741
2027,2024-06-01 21:40:40,add_to_cart,26,s020742
2303,2025-09-15 16:30:10,wishlist,229,s020743
1512,2024-02-22 11:28:38,view,388,s020744
2161,2025-10-25 11:15:59,purchase,217,s020745
545,2024-12-20 07:45:48,add_to_cart,182,s020746
174,2025-01-07 08:07:03,wishlist,388,s020747
1180,2024-09-06 16:26:00,add_to_cart,316,s020748
346,2024-04-20 22:55:31,add_to_cart,94,s020749
2245,2024-11-16 08:19:05,view,19,s020750
1753,2025-01-21 17:48:03,view,256,s020751
997,2024-10-04 18:24:52,purchase,179,s020752
1325,2024-03-16 22:59:30,purchase,11,s020753
1733,2025-05-08 05:56:11,view,126,s020754
998,2025-10-01 07:15:08,view,157,s020755
1524,2025-12-01 22:24:37,purchase,311,s020756
686,2025-10-08 10:16:48,wishlist,311,s020757
1256,2025-07-17 13:54:06,view,166,s020758
1701,2025-06-12 21:45:16,purchase,184,s020759
786,2025-05-29 16:39:00,view,62,s020760
1542,2025-04-08 20:40:20,view,288,s020761
1269,2025-10-16 09:34:45,add_to_cart,323,s020762
501,2025-12-11 13:02:30,remove_from_cart,65,s020763
1885,2025-02-26 14:00:30,view,177,s020764
34,2025-08-15 13:13:27,view,321,s020765
2171,2025-11-04 18:26:35,view,59,s020766
183,2024-11-02 08:29:24,wishlist,116,s020767
864,2024-12-16 20:14:05,wishlist,298,s020768
1257,2024-03-07 06:41:12,wishlist,335,s020769
966,2024-03-19 17:00:55,view,297,s020770
663,2025-01-30 15:40:06,view,52,s020771
364,2024-02-04 09:01:20,add_to_cart,271,s020772
2283,2025-04-04 15:22:28,view,383,s020773
1404,2025-01-22 19:40:23,view,68,s020774
1167,2025-10-04 21:58:24,add_to_cart,222,s020775
958,2025-04-21 07:59:02,view,142,s020776
2402,2024-04-04 22:42:41,wishlist,73,s020777
1067,2025-04-22 10:50:06,view,75,s020778
920,2025-04-05 17:57:30,view,73,s020779
1451,2024-06-13 11:15:47,view,76,s020780
990,2025-04-30 20:55:32,view,285,s020781
41,2025-08-25 22:09:09,view,206,s020782
864,2025-10-23 21:31:53,add_to_cart,20,s020783
2107,2024-05-19 16:40:04,add_to_cart,212,s020784
938,2024-05-10 11:04:52,view,119,s020785
2134,2024-09-12 20:51:04,view,123,s020786
1414,2025-09-16 07:20:23,view,343,s020787
725,2024-12-28 23:38:48,view,344,s020788
1049,2024-12-19 07:00:30,purchase,158,s020789
1311,2025-05-29 16:26:48,view,398,s020790
440,2024-04-06 08:59:42,wishlist,163,s020791
1097,2024-11-02 21:24:02,view,360,s020792
456,2024-04-17 10:55:52,remove_from_cart,366,s020793
116,2024-03-23 22:50:51,add_to_cart,390,s020794
597,2024-07-22 16:37:19,remove_from_cart,249,s020795
170,2025-04-18 18:13:53,view,376,s020796
253,2025-03-04 09:27:25,view,228,s020797
190,2025-01-31 22:08:21,purchase,88,s020798
118,2025-05-05 20:12:58,add_to_cart,157,s020799
1624,2025-05-15 18:42:00,view,107,s020800
1452,2025-12-12 22:17:51,view,217,s020801
1391,2025-08-05 20:06:06,wishlist,52,s020802
2014,2025-08-26 08:59:45,view,185,s020803
1297,2025-09-21 04:15:46,view,51,s020804
281,2025-05-17 18:03:59,add_to_cart,171,s020805
201,2025-03-28 07:22:22,add_to_cart,158,s020806
1853,2025-02-11 16:33:00,wishlist,77,s020807
1875,2024-10-15 06:30:00,view,227,s020808
268,2025-01-25 19:23:09,view,375,s020809
257,2025-11-21 07:26:31,add_to_cart,261,s020810
348,2024-09-13 11:17:04,wishlist,180,s020811
1549,2024-09-02 15:10:20,purchase,136,s020812
1928,2024-03-04 08:24:05,purchase,48,s020813
1101,2024-04-10 12:16:27,view,257,s020814
2305,2024-02-04 12:18:15,view,10,s020815
10,2024-06-04 21:51:05,view,244,s020816
1915,2024-10-28 21:24:06,purchase,89,s020817
751,2025-01-05 08:52:39,remove_from_cart,174,s020818
1865,2024-10-16 12:09:44,view,24,s020819
1900,2024-07-14 12:57:14,view,397,s020820
300,2024-03-14 12:27:21,view,390,s020821
217,2025-05-06 20:12:56,purchase,258,s020822
1565,2025-02-01 19:49:17,wishlist,54,s020823
2266,2024-01-10 10:38:52,purchase,370,s020824
1686,2024-07-01 03:23:14,view,163,s020825
862,2025-07-22 17:15:18,view,80,s020826
1150,2024-10-17 17:18:30,view,385,s020827
328,2024-01-31 09:56:10,wishlist,131,s020828
1624,2025-01-21 23:24:53,wishlist,95,s020829
4,2024-02-23 11:51:19,add_to_cart,127,s020830
52,2025-03-12 06:23:08,view,22,s020831
1873,2025-10-09 18:40:44,view,354,s020832
420,2024-07-02 05:11:05,add_to_cart,284,s020833
26,2025-07-28 06:21:12,view,392,s020834
1204,2025-01-28 16:29:44,view,287,s020835
1543,2024-06-17 09:27:50,add_to_cart,305,s020836
601,2024-10-30 20:04:06,view,260,s020837
2014,2024-08-20 17:28:30,add_to_cart,397,s020838
702,2024-07-19 07:33:43,view,77,s020839
1326,2025-09-16 21:48:22,purchase,193,s020840
962,2024-01-22 18:59:53,view,153,s020841
569,2024-10-15 11:50:27,view,84,s020842
682,2025-02-25 20:37:31,view,381,s020843
1571,2025-08-02 07:23:06,remove_from_cart,351,s020844
302,2025-06-12 17:21:03,view,136,s020845
2224,2025-08-14 08:31:58,add_to_cart,387,s020846
246,2025-10-12 07:15:40,view,201,s020847
1011,2024-01-25 13:12:27,view,393,s020848
1376,2025-08-13 07:27:39,view,8,s020849
1409,2025-05-09 21:52:32,view,165,s020850
1542,2024-11-22 09:06:58,view,221,s020851
405,2024-08-31 17:08:28,add_to_cart,110,s020852
158,2024-11-04 05:34:48,add_to_cart,348,s020853
2190,2025-02-02 21:27:22,view,311,s020854
500,2025-05-03 07:48:48,view,338,s020855
915,2025-03-31 21:07:41,add_to_cart,153,s020856
1245,2025-10-14 23:58:14,add_to_cart,384,s020857
2299,2024-09-05 23:48:59,view,289,s020858
2014,2025-04-11 04:26:11,view,15,s020859
1938,2024-12-13 09:17:32,add_to_cart,356,s020860
822,2024-04-11 20:09:55,view,221,s020861
290,2025-12-02 08:34:26,view,142,s020862
2220,2024-02-25 20:47:16,remove_from_cart,178,s020863
1759,2024-04-12 18:34:22,view,339,s020864
125,2025-03-17 21:55:24,purchase,14,s020865
2150,2024-01-12 11:42:58,view,148,s020866
841,2025-03-18 15:52:44,add_to_cart,282,s020867
656,2024-11-20 14:14:39,wishlist,391,s020868
353,2025-09-05 19:32:32,view,354,s020869
2500,2025-04-09 14:47:38,view,391,s020870
1949,2025-10-10 09:56:13,view,20,s020871
1762,2024-05-07 22:45:37,view,382,s020872
1012,2025-08-28 13:35:48,remove_from_cart,36,s020873
675,2025-04-26 19:32:40,wishlist,184,s020874
387,2025-03-23 20:50:03,view,229,s020875
2176,2024-07-24 23:01:27,add_to_cart,141,s020876
1089,2024-10-17 19:41:13,view,161,s020877
2044,2024-10-05 10:52:52,view,283,s020878
1495,2024-03-02 08:09:25,view,180,s020879
1428,2025-03-04 09:50:28,view,157,s020880
2247,2024-09-03 22:03:12,view,374,s020881
1242,2024-02-02 18:57:58,view,77,s020882
451,2024-10-05 23:59:44,view,165,s020883
1753,2025-09-03 14:18:18,view,144,s020884
2002,2024-07-22 10:48:30,view,342,s020885
550,2024-04-09 21:37:50,view,276,s020886
2370,2025-12-01 20:36:43,wishlist,288,s020887
30,2024-10-13 13:36:23,add_to_cart,130,s020888
1859,2024-12-01 08:39:12,purchase,286,s020889
314,2024-07-28 18:17:11,wishlist,392,s020890
2260,2025-05-23 23:12:52,remove_from_cart,17,s020891
1367,2025-09-27 09:10:43,purchase,188,s020892
1025,2024-08-16 08:44:05,wishlist,340,s020893
887,2025-10-09 12:56:00,view,86,s020894
2404,2024-04-06 10:48:31,view,56,s020895
1088,2025-07-12 17:17:25,view,74,s020896
1927,2025-05-05 10:37:38,view,177,s020897
2364,2024-04-02 06:32:53,view,134,s020898
956,2025-07-29 07:49:45,view,67,s020899
518,2025-11-14 07:12:16,view,341,s020900
2122,2024-03-01 16:31:59,view,268,s020901
2169,2025-06-25 08:39:16,purchase,203,s020902
1097,2024-10-03 19:02:43,purchase,310,s020903
680,2025-07-02 21:46:02,wishlist,201,s020904
95,2025-01-20 03:05:35,purchase,294,s020905
1121,2024-11-06 09:47:02,view,375,s020906
2182,2025-07-02 17:04:26,wishlist,264,s020907
2107,2024-08-08 13:25:50,wishlist,341,s020908
1226,2025-01-07 08:07:26,wishlist,323,s020909
683,2024-07-11 18:05:57,view,268,s020910
2130,2025-11-03 13:26:12,wishlist,108,s020911
209,2025-09-17 05:45:20,wishlist,56,s020912
2193,2025-02-28 18:13:06,view,167,s020913
1271,2025-03-26 08:02:18,wishlist,140,s020914
884,2025-07-15 20:43:14,add_to_cart,269,s020915
1195,2024-10-21 22:39:09,view,243,s020916
1215,2025-04-09 18:11:21,view,395,s020917
2234,2024-03-30 19:38:38,purchase,186,s020918
645,2024-09-20 19:41:39,view,292,s020919
2076,2024-04-22 06:53:41,remove_from_cart,86,s020920
938,2024-12-21 20:02:46,add_to_cart,206,s020921
1889,2024-12-16 18:18:44,purchase,380,s020922
513,2025-05-03 18:26:58,view,195,s020923
835,2024-02-01 11:28:57,view,182,s020924
22,2024-02-14 22:37:35,view,153,s020925
812,2024-09-16 08:31:22,purchase,368,s020926
1157,2025-10-29 19:00:12,add_to_cart,79,s020927
310,2025-11-10 18:43:47,purchase,281,s020928
2430,2024-05-27 14:04:04,view,93,s020929
2462,2025-05-26 23:42:54,wishlist,175,s020930
481,2024-04-15 10:55:58,view,132,s020931
2157,2024-04-15 18:09:57,purchase,264,s020932
1584,2024-05-08 08:12:44,view,35,s020933
548,2024-05-24 07:33:07,view,180,s020934
2091,2024-04-18 09:51:05,wishlist,60,s020935
2210,2025-08-14 13:46:04,view,7,s020936
1978,2024-10-05 13:18:44,add_to_cart,209,s020937
2497,2024-01-25 12:41:57,view,43,s020938
1342,2025-01-06 07:39:21,view,359,s020939
1329,2025-06-16 09:35:47,purchase,286,s020940
2471,2025-01-08 16:07:27,view,75,s020941
1736,2025-03-18 17:07:18,view,27,s020942
675,2025-03-04 19:28:28,view,386,s020943
1322,2025-09-19 07:52:49,purchase,317,s020944
18,2024-11-19 07:19:28,view,108,s020945
65,2024-03-18 21:15:32,wishlist,311,s020946
400,2025-11-13 20:12:24,wishlist,238,s020947
95,2024-02-10 18:12:59,view,322,s020948
901,2025-07-05 08:55:10,add_to_cart,312,s020949
2132,2024-01-06 19:30:15,view,49,s020950
1154,2024-09-14 13:03:53,view,143,s020951
2011,2025-06-06 07:21:39,purchase,199,s020952
994,2024-06-11 16:08:03,wishlist,296,s020953
169,2024-05-22 11:17:37,wishlist,363,s020954
2189,2024-03-03 11:52:56,purchase,375,s020955
2186,2025-05-28 18:25:11,remove_from_cart,188,s020956
2405,2025-01-02 01:51:50,view,222,s020957
1372,2024-09-22 00:59:25,view,151,s020958
2154,2024-10-22 21:11:05,wishlist,117,s020959
2400,2024-08-23 07:47:54,wishlist,367,s020960
1281,2025-11-16 14:09:11,view,215,s020961
1871,2025-03-21 09:39:54,remove_from_cart,190,s020962
1443,2024-07-24 21:05:22,view,182,s020963
341,2024-04-16 21:43:33,add_to_cart,277,s020964
2365,2024-04-16 20:01:58,purchase,27,s020965
1201,2025-06-02 21:34:05,wishlist,289,s020966
396,2025-05-22 19:29:20,view,322,s020967
2342,2024-01-05 10:32:51,wishlist,147,s020968
882,2024-03-01 09:38:29,view,391,s020969
1202,2024-04-14 22:00:54,view,36,s020970
958,2025-09-19 17:53:41,view,186,s020971
519,2024-07-12 05:42:45,view,195,s020972
105,2024-07-03 19:52:49,wishlist,71,s020973
1471,2025-06-15 21:33:31,wishlist,243,s020974
1060,2025-06-02 22:01:41,add_to_cart,12,s020975
2064,2025-07-20 20:46:50,view,374,s020976
813,2024-07-16 23:28:48,remove_from_cart,138,s020977
2002,2025-05-13 12:04:49,view,123,s020978
1828,2025-07-24 09:45:07,view,46,s020979
1395,2024-07-19 19:01:52,view,45,s020980
62,2024-01-23 18:27:16,view,109,s020981
1475,2025-10-06 13:26:30,wishlist,317,s020982
548,2025-10-23 20:52:11,view,26,s020983
1197,2024-12-12 21:17:44,view,132,s020984
2063,2024-06-07 09:45:38,remove_from_cart,96,s020985
359,2025-05-10 05:12:22,view,368,s020986
1375,2025-07-25 08:44:29,add_to_cart,228,s020987
1693,2024-05-20 04:13:39,purchase,161,s020988
1570,2025-08-24 01:32:21,view,166,s020989
1742,2024-11-28 05:26:55,view,17,s020990
2168,2025-08-18 19:22:51,view,244,s020991
1611,2025-02-26 12:52:33,view,273,s020992
1973,2025-01-23 23:23:55,add_to_cart,362,s020993
780,2025-05-07 12:19:32,add_to_cart,177,s020994
71,2024-08-04 06:01:14,view,15,s020995
465,2025-06-24 08:48:12,add_to_cart,383,s020996
881,2024-03-10 05:47:48,view,38,s020997
41,2024-03-22 20:31:19,view,120,s020998
638,2025-10-26 20:58:15,view,109,s020999
2223,2024-04-15 18:17:31,wishlist,128,s021000
2375,2024-03-07 14:55:18,add_to_cart,95,s021001
2307,2024-12-17 20:51:24,view,161,s021002
1808,2025-11-02 20:12:23,view,303,s021003
1543,2025-09-09 00:46:26,wishlist,31,s021004
1837,2025-10-05 00:11:41,add_to_cart,162,s021005
795,2025-01-04 09:56:12,view,173,s021006
564,2024-12-24 00:40:45,purchase,204,s021007
1851,2025-04-11 21:49:26,view,245,s021008
1768,2025-11-16 18:21:38,view,361,s021009
1325,2025-07-28 22:16:51,add_to_cart,325,s021010
1486,2025-02-08 09:00:38,add_to_cart,231,s021011
1390,2024-04-17 19:41:21,wishlist,6,s021012
489,2024-08-09 10:43:27,view,84,s021013
1099,2025-11-26 10:12:02,view,87,s021014
663,2024-09-02 09:29:50,wishlist,329,s021015
613,2024-11-26 18:46:16,view,397,s021016
1750,2025-07-05 10:05:36,view,271,s021017
481,2025-06-22 10:43:20,wishlist,155,s021018
2272,2024-11-06 20:50:08,view,103,s021019
1484,2024-06-03 09:47:17,view,43,s021020
1102,2024-08-25 22:46:35,view,97,s021021
2267,2024-12-25 16:06:15,view,182,s021022
134,2024-11-18 19:15:48,view,156,s021023
445,2024-07-20 20:28:25,wishlist,346,s021024
953,2025-11-05 20:16:40,view,174,s021025
1150,2024-09-04 21:23:57,remove_from_cart,64,s021026
585,2024-04-01 09:33:02,purchase,118,s021027
229,2024-06-01 10:16:02,view,217,s021028
1939,2025-05-16 18:11:55,view,93,s021029
1935,2024-12-24 05:10:39,wishlist,334,s021030
953,2025-11-09 18:44:39,view,294,s021031
2395,2024-04-12 07:06:52,wishlist,154,s021032
165,2025-06-18 07:20:53,view,152,s021033
531,2025-12-09 19:50:07,add_to_cart,383,s021034
588,2025-08-11 05:22:26,add_to_cart,255,s021035
1195,2024-04-16 09:51:03,add_to_cart,291,s021036
804,2024-08-09 08:55:10,view,153,s021037
421,2025-06-17 22:45:40,view,71,s021038
1511,2024-04-01 07:15:34,wishlist,274,s021039
211,2024-08-17 11:39:44,add_to_cart,381,s021040
131,2024-08-21 10:03:17,view,185,s021041
1555,2024-02-18 07:55:03,purchase,171,s021042
825,2024-11-28 20:07:15,view,119,s021043
1377,2025-01-10 18:18:37,view,354,s021044
1788,2025-02-01 21:42:45,view,163,s021045
218,2024-05-13 16:19:36,wishlist,108,s021046
2157,2024-01-19 19:18:43,view,219,s021047
222,2024-02-02 20:50:35,view,190,s021048
2327,2024-06-27 08:21:30,purchase,57,s021049
957,2024-08-28 08:07:32,view,108,s021050
2485,2024-06-13 08:07:32,wishlist,364,s021051
976,2025-06-09 10:54:28,view,126,s021052
322,2024-05-13 22:47:38,purchase,225,s021053
386,2025-11-17 21:20:57,view,225,s021054
2264,2024-04-23 19:04:12,add_to_cart,394,s021055
255,2025-12-05 02:02:02,purchase,185,s021056
219,2024-11-11 08:28:09,remove_from_cart,54,s021057
2382,2024-12-03 06:53:51,wishlist,31,s021058
468,2024-09-28 11:37:54,view,267,s021059
1252,2024-09-27 08:30:50,view,97,s021060
1384,2024-02-01 21:26:46,wishlist,203,s021061
2012,2024-04-01 21:58:09,wishlist,116,s021062
621,2025-01-24 22:42:10,view,13,s021063
420,2024-12-19 21:05:34,add_to_cart,241,s021064
1608,2024-08-17 19:40:29,view,96,s021065
425,2025-05-12 20:03:22,add_to_cart,69,s021066
1325,2024-12-23 20:57:38,purchase,349,s021067
1805,2024-02-26 18:43:41,view,242,s021068
862,2025-04-19 11:13:07,view,176,s021069
485,2024-02-09 09:48:17,wishlist,399,s021070
735,2024-12-03 19:13:04,add_to_cart,150,s021071
1162,2024-05-28 10:33:31,view,46,s021072
855,2025-05-03 14:28:12,add_to_cart,167,s021073
296,2025-08-09 11:56:58,remove_from_cart,106,s021074
53,2025-05-26 14:16:54,view,100,s021075
2493,2024-10-05 11:57:38,view,2,s021076
1115,2024-09-13 21:14:47,add_to_cart,319,s021077
224,2024-05-15 08:59:07,view,235,s021078
728,2024-09-22 20:16:51,view,115,s021079
2268,2025-06-19 07:01:23,purchase,185,s021080
43,2024-04-07 21:24:44,wishlist,264,s021081
246,2024-04-01 21:47:26,add_to_cart,160,s021082
967,2025-04-13 17:16:33,purchase,205,s021083
527,2024-01-25 19:24:00,add_to_cart,61,s021084
2238,2025-08-23 18:52:35,view,285,s021085
1040,2025-05-23 17:58:45,add_to_cart,224,s021086
2441,2025-11-02 22:45:40,add_to_cart,338,s021087
936,2024-07-02 17:17:27,view,363,s021088
1438,2025-11-12 07:54:41,view,358,s021089
1694,2024-06-05 13:31:07,add_to_cart,342,s021090
1793,2025-03-29 21:43:48,view,345,s021091
2045,2024-03-27 20:02:23,view,334,s021092
1136,2025-07-28 11:26:48,wishlist,213,s021093
1003,2024-02-28 16:26:03,view,343,s021094
1490,2025-10-20 17:47:12,wishlist,97,s021095
2345,2024-09-10 06:43:58,add_to_cart,34,s021096
119,2025-02-25 20:51:51,wishlist,369,s021097
180,2025-09-11 19:40:18,view,192,s021098
1731,2024-09-29 19:59:23,view,152,s021099
149,2024-08-06 13:19:41,wishlist,369,s021100
18,2025-05-20 12:56:09,add_to_cart,397,s021101
26,2024-08-10 20:21:22,view,46,s021102
675,2025-10-27 19:38:51,view,354,s021103
1949,2024-06-01 18:39:40,purchase,280,s021104
616,2025-02-28 23:43:12,view,363,s021105
1262,2025-03-13 05:01:52,view,311,s021106
197,2024-12-07 12:32:56,wishlist,139,s021107
2157,2025-08-01 20:56:38,add_to_cart,98,s021108
1964,2025-05-03 07:57:35,view,372,s021109
1051,2024-09-15 21:27:53,view,240,s021110
1296,2024-06-11 19:39:57,view,366,s021111
1205,2024-06-22 22:42:56,remove_from_cart,235,s021112
2421,2024-07-16 17:02:27,purchase,299,s021113
292,2025-02-18 10:59:50,purchase,400,s021114
1752,2024-11-17 17:05:01,view,70,s021115
2266,2025-03-20 10:29:55,purchase,265,s021116
1202,2025-08-24 02:41:06,view,83,s021117
1563,2024-11-29 20:25:49,view,220,s021118
87,2024-03-06 09:50:21,remove_from_cart,339,s021119
854,2025-06-19 09:18:49,add_to_cart,179,s021120
869,2025-06-16 20:51:59,view,61,s021121
2161,2025-07-19 07:01:17,wishlist,163,s021122
1260,2024-08-04 20:07:04,view,388,s021123
1048,2024-07-29 13:04:33,wishlist,276,s021124
1380,2025-03-04 20:26:33,view,134,s021125
1760,2024-12-20 18:34:04,view,141,s021126
821,2025-06-11 22:11:43,view,271,s021127
1575,2025-01-22 01:02:51,view,160,s021128
1855,2024-09-11 18:08:38,wishlist,246,s021129
1336,2025-01-28 06:16:28,wishlist,373,s021130
1160,2024-10-22 16:28:11,view,32,s021131
1167,2024-02-19 14:50:50,wishlist,246,s021132
1715,2025-01-13 21:49:48,view,356,s021133
652,2024-12-27 21:07:53,add_to_cart,335,s021134
1008,2025-08-21 07:39:59,view,15,s021135
1755,2024-12-05 11:56:18,view,30,s021136
1330,2024-10-15 03:14:58,purchase,237,s021137
251,2025-11-07 19:26:30,view,121,s021138
2238,2025-12-12 06:52:54,wishlist,368,s021139
304,2025-07-31 21:54:17,view,269,s021140
1878,2024-04-03 10:43:27,view,349,s021141
16,2024-09-18 09:38:00,add_to_cart,352,s021142
1070,2025-02-25 12:33:34,view,58,s021143
229,2024-12-22 16:32:36,add_to_cart,192,s021144
1207,2024-07-01 18:45:37,wishlist,59,s021145
1718,2024-11-21 17:54:02,wishlist,68,s021146
1032,2025-11-29 13:14:01,view,103,s021147
1356,2024-06-05 20:51:18,view,329,s021148
1778,2024-04-01 18:37:55,view,139,s021149
2079,2025-10-06 19:50:07,purchase,61,s021150
1508,2025-02-20 18:00:25,view,153,s021151
2373,2024-02-02 13:36:24,purchase,280,s021152
2159,2025-10-18 11:41:58,view,62,s021153
1349,2024-06-02 17:08:13,remove_from_cart,3,s021154
421,2024-04-24 17:36:50,purchase,217,s021155
1741,2024-05-12 12:27:06,view,363,s021156
276,2025-09-13 02:46:32,purchase,74,s021157
1200,2024-08-17 01:46:23,view,119,s021158
1608,2025-02-01 19:46:23,view,395,s021159
621,2025-10-25 18:27:10,view,15,s021160
366,2024-11-09 14:20:46,view,150,s021161
1324,2024-07-25 17:34:31,wishlist,339,s021162
2049,2024-05-27 15:33:45,view,303,s021163
938,2024-03-25 05:13:08,remove_from_cart,8,s021164
934,2024-08-10 20:05:55,view,138,s021165
1971,2025-11-03 08:18:05,view,192,s021166
277,2025-06-10 02:08:53,wishlist,9,s021167
1608,2025-10-06 18:03:49,view,181,s021168
2284,2024-06-04 08:26:06,wishlist,258,s021169
231,2024-10-09 01:45:29,add_to_cart,67,s021170
1362,2024-11-26 18:57:52,view,396,s021171
542,2024-11-24 20:37:09,view,265,s021172
1955,2025-05-31 11:45:49,view,300,s021173
1760,2024-12-20 20:36:52,view,173,s021174
819,2024-01-05 20:00:35,add_to_cart,206,s021175
1311,2024-01-13 12:32:13,view,314,s021176
181,2024-10-14 04:42:54,view,29,s021177
517,2024-10-20 13:12:46,view,90,s021178
1141,2025-12-13 23:59:35,remove_from_cart,10,s021179
139,2025-06-28 10:28:21,add_to_cart,251,s021180
611,2024-10-14 19:42:35,view,257,s021181
343,2024-01-03 08:55:57,view,394,s021182
703,2025-11-21 18:40:14,add_to_cart,176,s021183
665,2024-09-26 19:44:20,view,240,s021184
2344,2025-05-26 01:38:58,view,298,s021185
2274,2024-04-25 22:07:50,view,321,s021186
2453,2025-12-09 08:18:56,view,308,s021187
542,2025-08-31 10:33:13,remove_from_cart,188,s021188
520,2024-03-26 21:10:09,add_to_cart,174,s021189
1148,2025-11-21 19:17:23,view,240,s021190
1742,2025-07-16 13:23:27,add_to_cart,54,s021191
517,2025-04-05 16:01:20,view,116,s021192
292,2024-03-31 16:33:25,view,273,s021193
143,2025-02-18 22:59:34,wishlist,292,s021194
1709,2025-10-24 06:47:32,add_to_cart,343,s021195
1451,2025-09-05 20:17:29,view,289,s021196
1401,2024-12-25 21:40:02,purchase,225,s021197
77,2025-09-09 22:02:56,add_to_cart,398,s021198
1858,2025-01-18 21:59:01,wishlist,33,s021199
751,2024-12-09 18:27:35,view,171,s021200
1179,2025-07-18 16:43:33,purchase,327,s021201
1844,2025-06-28 11:33:51,view,302,s021202
1152,2024-04-05 18:34:36,view,5,s021203
1868,2024-07-05 12:36:14,wishlist,340,s021204
1418,2025-07-18 06:57:50,add_to_cart,85,s021205
1439,2025-03-03 19:26:04,view,391,s021206
1255,2024-05-21 18:36:19,purchase,192,s021207
797,2024-01-08 13:36:16,add_to_cart,137,s021208
1565,2024-08-01 19:22:38,view,30,s021209
976,2025-07-10 20:32:37,purchase,312,s021210
425,2025-04-04 20:56:54,purchase,36,s021211
2340,2025-12-13 12:52:36,view,372,s021212
960,2024-11-03 09:12:36,wishlist,32,s021213
2149,2024-04-28 20:52:53,view,329,s021214
1285,2025-06-26 20:36:14,add_to_cart,226,s021215
1404,2025-10-04 08:30:00,wishlist,323,s021216
1472,2024-10-13 16:03:05,wishlist,171,s021217
1231,2025-11-21 10:55:18,purchase,26,s021218
47,2024-01-24 09:44:21,view,213,s021219
1981,2024-07-14 15:53:47,view,295,s021220
839,2024-09-08 11:05:41,add_to_cart,105,s021221
2212,2024-06-14 22:33:01,view,278,s021222
2255,2024-05-09 03:51:01,remove_from_cart,74,s021223
1760,2024-06-29 16:42:31,view,52,s021224
662,2025-10-14 12:06:22,view,210,s021225
535,2024-05-26 20:42:48,view,279,s021226
1799,2024-08-30 15:29:33,add_to_cart,317,s021227
2345,2025-08-02 04:32:10,view,371,s021228
1195,2024-07-16 06:44:06,add_to_cart,382,s021229
1330,2025-09-19 08:06:29,view,58,s021230
801,2025-02-05 13:33:20,view,151,s021231
470,2024-03-21 13:44:34,purchase,66,s021232
2466,2025-01-06 05:47:27,view,144,s021233
2308,2024-08-08 18:15:52,add_to_cart,200,s021234
2,2025-09-06 19:32:03,view,248,s021235
2176,2024-11-05 20:32:54,remove_from_cart,72,s021236
2429,2024-03-11 20:05:13,view,23,s021237
703,2025-11-21 09:22:02,wishlist,166,s021238
147,2024-05-09 15:13:19,purchase,242,s021239
75,2024-01-21 20:04:49,view,366,s021240
1840,2024-10-04 20:50:47,remove_from_cart,9,s021241
675,2024-06-16 13:23:55,wishlist,261,s021242
1313,2025-02-01 17:23:11,view,134,s021243
697,2024-03-04 13:17:11,view,115,s021244
2133,2025-06-24 23:12:55,purchase,378,s021245
433,2024-01-14 09:04:59,add_to_cart,99,s021246
2276,2025-02-03 06:07:49,wishlist,26,s021247
1130,2025-06-02 16:14:30,wishlist,337,s021248
1461,2024-06-10 20:58:00,add_to_cart,84,s021249
454,2024-09-25 19:31:38,view,236,s021250
1943,2025-03-22 20:05:04,view,317,s021251
1023,2025-01-12 08:04:01,add_to_cart,208,s021252
1204,2024-02-29 20:46:09,add_to_cart,17,s021253
2038,2024-10-20 16:52:24,view,343,s021254
358,2024-08-29 05:29:58,view,13,s021255
1179,2024-09-06 09:52:20,wishlist,196,s021256
2220,2024-09-15 20:11:31,view,174,s021257
1839,2025-12-04 12:31:44,view,188,s021258
1052,2025-01-29 12:24:04,view,299,s021259
977,2025-03-22 21:42:08,view,316,s021260
1843,2024-09-22 22:42:57,wishlist,122,s021261
1869,2025-10-27 21:25:18,remove_from_cart,364,s021262
834,2024-04-29 11:50:02,wishlist,243,s021263
1215,2025-03-20 09:27:05,view,204,s021264
2221,2024-12-22 15:31:50,view,7,s021265
977,2025-06-22 21:29:40,view,310,s021266
871,2025-10-19 13:24:47,view,287,s021267
339,2024-05-28 12:57:57,purchase,228,s021268
1920,2025-09-01 06:38:38,view,54,s021269
456,2024-05-18 20:20:57,wishlist,96,s021270
508,2025-05-07 07:38:10,purchase,85,s021271
958,2024-08-28 17:59:47,view,39,s021272
1487,2024-12-20 04:49:49,remove_from_cart,141,s021273
1721,2024-12-15 15:14:18,view,324,s021274
955,2024-11-25 06:13:14,remove_from_cart,7,s021275
1887,2025-01-06 20:35:42,purchase,2,s021276
887,2024-12-06 12:21:29,view,89,s021277
1814,2024-09-18 11:35:11,add_to_cart,374,s021278
1503,2024-05-29 05:24:11,view,309,s021279
1901,2025-07-16 09:51:14,view,221,s021280
125,2024-10-30 08:26:42,view,79,s021281
481,2024-05-28 19:33:52,wishlist,382,s021282
1323,2025-07-07 12:28:02,wishlist,375,s021283
679,2024-03-04 18:48:47,wishlist,186,s021284
1570,2024-07-02 20:49:19,view,327,s021285
115,2025-03-01 06:12:43,view,124,s021286
2398,2025-02-21 13:03:07,purchase,290,s021287
2382,2024-06-06 08:23:30,view,86,s021288
379,2025-08-04 22:04:38,view,26,s021289
769,2025-01-31 11:45:56,view,34,s021290
2313,2025-11-16 20:50:44,view,169,s021291
1188,2025-04-10 23:23:43,view,24,s021292
1486,2025-07-24 10:55:02,view,59,s021293
1248,2024-05-07 11:12:16,add_to_cart,197,s021294
2433,2025-07-15 15:18:53,add_to_cart,246,s021295
1105,2025-09-02 09:58:00,view,127,s021296
590,2024-05-17 06:27:20,view,102,s021297
1932,2025-03-09 07:40:26,view,344,s021298
865,2024-01-10 11:40:45,add_to_cart,240,s021299
1222,2025-08-02 21:35:01,wishlist,75,s021300
1198,2025-08-29 13:23:58,add_to_cart,226,s021301
1010,2024-03-23 20:31:22,view,129,s021302
904,2025-09-10 02:35:23,view,355,s021303
1874,2024-01-24 17:34:44,view,32,s021304
199,2024-02-23 17:37:48,add_to_cart,239,s021305
1129,2024-06-08 19:30:40,remove_from_cart,83,s021306
281,2024-03-16 15:23:05,view,213,s021307
58,2024-08-07 22:44:59,add_to_cart,163,s021308
2486,2025-11-21 21:27:09,view,220,s021309
2214,2024-08-07 10:55:41,purchase,258,s021310
235,2024-05-10 16:16:06,add_to_cart,329,s021311
181,2024-05-21 18:46:40,add_to_cart,34,s021312
1123,2025-11-24 17:31:24,view,330,s021313
1569,2024-12-22 22:17:20,add_to_cart,225,s021314
324,2024-04-21 14:50:13,view,9,s021315
784,2024-02-23 18:43:14,wishlist,356,s021316
215,2025-12-09 12:38:21,wishlist,228,s021317
2271,2025-03-07 20:17:12,add_to_cart,33,s021318
690,2024-03-03 22:22:49,view,60,s021319
2417,2025-09-08 22:18:11,view,230,s021320
1483,2025-01-09 20:37:57,add_to_cart,335,s021321
147,2024-10-08 07:31:28,purchase,5,s021322
2287,2025-07-25 00:09:20,remove_from_cart,1,s021323
938,2024-10-01 20:56:13,add_to_cart,345,s021324
20,2025-08-07 19:52:01,wishlist,69,s021325
2155,2025-08-10 21:08:15,purchase,286,s021326
2455,2025-08-12 05:02:56,view,115,s021327
1000,2025-05-17 15:20:24,view,269,s021328
132,2024-01-14 11:50:58,add_to_cart,297,s021329
840,2025-08-22 07:56:07,purchase,177,s021330
2045,2025-12-01 08:52:15,view,55,s021331
747,2025-04-15 16:40:13,add_to_cart,316,s021332
2119,2025-02-11 22:05:53,view,117,s021333
2102,2024-03-04 23:11:56,purchase,250,s021334
591,2025-12-01 14:12:22,add_to_cart,142,s021335
1935,2024-12-09 08:31:11,view,48,s021336
287,2025-01-13 20:16:19,wishlist,136,s021337
999,2025-10-20 14:39:28,view,274,s021338
1772,2024-09-29 08:06:09,wishlist,280,s021339
1221,2025-03-13 13:42:09,purchase,67,s021340
1133,2025-02-12 21:34:07,add_to_cart,272,s021341
759,2024-11-25 13:23:17,view,316,s021342
1942,2024-06-14 20:38:18,view,289,s021343
1661,2024-11-18 07:48:36,view,237,s021344
2077,2025-11-29 08:38:20,wishlist,10,s021345
625,2025-02-20 19:57:33,purchase,136,s021346
1814,2024-10-08 16:21:04,view,179,s021347
387,2024-02-02 12:12:17,view,52,s021348
1458,2024-05-09 18:19:23,view,11,s021349
2226,2024-05-18 22:57:03,view,282,s021350
991,2024-05-09 08:19:57,view,370,s021351
2231,2024-08-06 10:01:01,purchase,77,s021352
1917,2025-04-26 21:10:04,add_to_cart,44,s021353
1652,2024-02-10 19:24:43,add_to_cart,70,s021354
1098,2024-12-29 18:51:37,wishlist,124,s021355
645,2024-10-03 22:20:44,remove_from_cart,18,s021356
810,2025-02-08 18:24:06,remove_from_cart,49,s021357
1153,2025-12-01 20:24:52,view,91,s021358
1771,2025-10-01 16:47:02,view,334,s021359
2417,2025-10-12 09:52:29,add_to_cart,83,s021360
1173,2025-03-19 07:52:11,view,264,s021361
2076,2024-11-30 20:21:24,wishlist,232,s021362
997,2025-04-19 19:42:01,view,267,s021363
1306,2025-06-21 19:54:25,view,376,s021364
461,2024-09-16 07:39:50,view,216,s021365
337,2025-10-15 15:43:52,remove_from_cart,310,s021366
2144,2024-11-12 18:24:00,view,103,s021367
1232,2024-05-19 14:45:08,view,318,s021368
49,2025-07-02 13:27:59,view,250,s021369
206,2024-12-15 12:13:38,add_to_cart,148,s021370
640,2024-01-06 15:21:17,view,149,s021371
970,2024-03-23 03:28:52,purchase,11,s021372
1254,2024-08-27 08:21:07,view,312,s021373
1756,2025-04-28 07:24:48,view,133,s021374
179,2024-03-09 22:16:39,wishlist,152,s021375
1347,2025-11-20 19:45:39,view,3,s021376
2030,2025-04-27 12:38:28,view,207,s021377
1181,2024-05-26 21:40:12,add_to_cart,327,s021378
1499,2025-07-31 09:27:35,wishlist,113,s021379
2260,2025-06-05 10:32:02,view,251,s021380
1391,2025-08-29 03:10:27,view,282,s021381
769,2024-01-04 08:52:14,view,336,s021382
1274,2025-11-21 17:02:25,add_to_cart,400,s021383
678,2024-10-29 11:41:22,purchase,394,s021384
1974,2024-08-30 14:40:46,purchase,371,s021385
688,2024-12-28 17:05:47,wishlist,83,s021386
1172,2025-05-06 19:54:13,wishlist,181,s021387
2409,2025-09-11 08:13:54,view,145,s021388
213,2025-05-05 07:59:19,purchase,206,s021389
2174,2024-10-26 17:38:40,view,230,s021390
159,2024-02-14 12:54:28,view,389,s021391
1723,2025-10-24 22:02:15,view,89,s021392
1913,2025-01-08 10:31:59,purchase,327,s021393
268,2025-04-25 18:30:29,add_to_cart,182,s021394
321,2024-12-04 11:49:18,view,360,s021395
1848,2025-11-03 21:38:08,purchase,192,s021396
2323,2024-12-23 17:24:57,view,355,s021397
2488,2025-12-05 10:33:34,wishlist,17,s021398
187,2024-12-07 09:19:59,view,51,s021399
1280,2025-08-15 21:39:57,view,194,s021400
2286,2025-10-19 11:29:16,add_to_cart,103,s021401
1562,2025-02-26 12:13:13,view,145,s021402
2174,2025-08-15 09:08:58,view,174,s021403
1643,2025-11-08 08:41:55,purchase,241,s021404
978,2025-10-15 05:04:55,wishlist,28,s021405
24,2025-12-09 13:56:11,view,79,s021406
406,2024-10-20 09:57:40,purchase,158,s021407
2365,2024-07-12 18:45:38,view,124,s021408
2300,2024-12-20 18:07:02,view,48,s021409
1764,2024-04-30 12:43:08,wishlist,23,s021410
1524,2024-05-23 09:23:07,add_to_cart,161,s021411
1965,2024-12-15 20:52:38,view,89,s021412
2076,2025-08-22 19:21:14,view,159,s021413
1425,2025-04-14 17:31:10,add_to_cart,174,s021414
1162,2025-09-23 14:26:34,remove_from_cart,23,s021415
1523,2025-06-30 05:30:07,purchase,22,s021416
1968,2024-09-07 17:31:55,add_to_cart,164,s021417
2310,2024-10-08 11:54:47,view,352,s021418
1470,2025-09-14 06:35:11,wishlist,87,s021419
173,2024-07-07 19:34:45,add_to_cart,53,s021420
2138,2024-08-27 19:21:26,view,145,s021421
1997,2024-11-13 18:35:12,view,99,s021422
1737,2025-06-13 09:06:02,wishlist,76,s021423
1280,2024-10-01 09:01:18,wishlist,87,s021424
608,2024-07-04 01:29:17,view,210,s021425
1231,2025-02-20 01:40:57,view,198,s021426
784,2024-07-08 16:13:24,add_to_cart,266,s021427
2384,2024-11-12 19:52:44,view,221,s021428
920,2024-02-25 15:25:33,wishlist,287,s021429
1065,2024-09-09 10:17:23,view,369,s021430
2053,2025-03-24 18:34:24,add_to_cart,182,s021431
1628,2025-06-11 19:09:02,view,95,s021432
334,2024-07-15 13:51:10,purchase,331,s021433
215,2024-11-12 05:59:22,view,229,s021434
193,2024-06-29 09:17:40,view,147,s021435
887,2024-08-16 07:13:49,purchase,242,s021436
1645,2024-01-26 23:58:50,view,135,s021437
1067,2025-03-31 22:17:51,purchase,341,s021438
1206,2024-06-29 09:04:22,remove_from_cart,45,s021439
387,2025-07-07 09:47:21,view,49,s021440
272,2024-06-21 01:32:42,remove_from_cart,72,s021441
1689,2024-12-19 07:36:09,view,11,s021442
1439,2025-03-04 14:05:28,view,151,s021443
2249,2024-01-04 14:19:12,purchase,136,s021444
2247,2025-06-01 20:37:34,add_to_cart,94,s021445
1565,2025-04-29 18:18:56,purchase,53,s021446
599,2025-06-18 19:27:55,wishlist,334,s021447
1065,2025-03-12 21:30:10,add_to_cart,391,s021448
1899,2024-08-12 11:01:00,view,246,s021449
1553,2024-06-11 20:39:08,add_to_cart,337,s021450
461,2025-03-21 17:17:24,view,399,s021451
1562,2024-08-25 18:08:23,remove_from_cart,178,s021452
1353,2024-01-20 07:58:15,view,62,s021453
682,2024-11-10 09:58:41,view,197,s021454
2051,2025-08-04 16:12:40,view,320,s021455
831,2024-07-18 17:49:28,add_to_cart,107,s021456
2393,2025-09-10 07:46:24,add_to_cart,251,s021457
2284,2024-01-24 13:52:12,view,74,s021458
359,2025-11-22 10:40:22,add_to_cart,121,s021459
1181,2025-01-09 21:05:26,view,154,s021460
109,2024-09-24 08:10:36,add_to_cart,212,s021461
484,2025-01-14 09:54:14,add_to_cart,85,s021462
1950,2024-05-21 09:55:16,remove_from_cart,303,s021463
1874,2025-01-16 10:32:17,add_to_cart,313,s021464
2191,2025-10-22 20:58:29,view,176,s021465
2403,2025-02-18 12:12:42,wishlist,120,s021466
234,2024-05-13 10:20:49,add_to_cart,245,s021467
1329,2025-03-09 19:59:41,view,374,s021468
236,2024-06-25 20:14:34,wishlist,345,s021469
2267,2025-03-04 11:25:18,view,18,s021470
1926,2024-08-04 04:50:12,remove_from_cart,88,s021471
1951,2025-06-12 17:15:42,remove_from_cart,313,s021472
625,2024-01-31 07:59:25,add_to_cart,292,s021473
838,2025-10-18 20:36:39,view,23,s021474
1984,2025-08-02 18:16:17,wishlist,384,s021475
1400,2024-01-21 05:04:42,wishlist,368,s021476
2236,2024-06-07 09:22:47,view,50,s021477
2026,2024-05-29 11:58:14,wishlist,26,s021478
685,2025-11-21 12:24:56,wishlist,340,s021479
1564,2025-09-17 20:32:40,view,285,s021480
2269,2024-03-03 22:52:37,wishlist,208,s021481
1478,2024-01-01 21:35:43,view,74,s021482
2218,2025-09-20 14:22:09,view,89,s021483
526,2024-06-04 00:57:52,view,86,s021484
1125,2025-08-01 08:22:48,view,11,s021485
214,2025-05-19 20:59:54,purchase,63,s021486
651,2025-08-21 09:42:24,view,86,s021487
2364,2024-08-12 22:53:34,add_to_cart,345,s021488
656,2024-02-02 23:11:50,add_to_cart,167,s021489
2294,2025-06-10 10:21:04,remove_from_cart,222,s021490
2470,2024-04-10 13:57:16,view,156,s021491
2371,2024-09-14 18:38:32,view,172,s021492
2439,2024-06-13 13:53:46,view,117,s021493
1334,2025-01-15 10:39:40,view,206,s021494
1959,2025-03-26 17:22:32,view,95,s021495
1434,2024-11-04 18:35:11,view,202,s021496
2105,2024-05-24 20:17:28,view,176,s021497
1523,2024-07-27 13:12:26,remove_from_cart,86,s021498
375,2024-10-08 22:50:07,view,258,s021499
688,2024-07-19 14:55:32,view,105,s021500
745,2024-10-31 12:33:01,add_to_cart,139,s021501
705,2025-05-08 15:21:10,view,235,s021502
1271,2025-12-13 15:10:15,view,257,s021503
2346,2025-11-12 21:16:37,view,268,s021504
1711,2024-10-08 08:35:39,view,202,s021505
1277,2024-11-04 10:12:19,view,118,s021506
1571,2024-01-27 21:36:35,add_to_cart,233,s021507
2173,2024-06-04 06:41:51,view,68,s021508
1260,2025-09-03 21:49:27,view,94,s021509
252,2024-04-07 22:03:32,view,75,s021510
1215,2024-12-12 21:30:11,add_to_cart,18,s021511
1262,2025-08-10 10:08:45,wishlist,75,s021512
758,2025-02-11 05:35:24,view,179,s021513
1295,2024-12-04 19:14:28,purchase,275,s021514
610,2024-03-20 23:49:10,view,2,s021515
1467,2025-02-28 12:32:44,add_to_cart,211,s021516
1823,2025-07-12 20:11:40,view,284,s021517
863,2025-05-21 20:07:47,wishlist,277,s021518
1632,2025-06-25 03:38:15,wishlist,391,s021519
2398,2024-07-21 00:09:19,add_to_cart,180,s021520
1215,2025-08-05 05:23:54,view,213,s021521
400,2024-02-08 16:17:38,view,279,s021522
370,2024-03-04 00:10:37,remove_from_cart,379,s021523
1618,2024-05-07 19:53:03,purchase,122,s021524
1034,2024-12-15 09:43:26,view,1,s021525
2239,2024-02-02 23:56:16,view,123,s021526
158,2025-07-28 19:42:02,view,302,s021527
2190,2024-03-19 19:02:00,wishlist,200,s021528
1551,2025-09-15 15:38:29,purchase,354,s021529
700,2024-08-22 12:03:56,view,396,s021530
2145,2024-10-06 13:57:38,purchase,94,s021531
1757,2025-11-28 08:44:40,purchase,205,s021532
280,2024-07-06 10:58:45,view,333,s021533
2227,2025-09-21 16:39:14,add_to_cart,300,s021534
1882,2024-12-05 16:46:52,view,240,s021535
1032,2025-03-28 18:45:21,wishlist,104,s021536
2303,2024-05-24 18:26:14,purchase,198,s021537
1418,2024-05-20 21:24:02,view,34,s021538
1678,2024-06-17 20:47:56,purchase,191,s021539
2462,2025-08-18 18:03:35,add_to_cart,75,s021540
1507,2024-10-31 10:16:56,view,251,s021541
1864,2024-07-07 17:32:33,purchase,133,s021542
1783,2024-06-02 06:07:35,view,32,s021543
1468,2024-08-17 10:52:26,add_to_cart,312,s021544
1885,2025-09-07 04:06:45,view,7,s021545
1998,2024-09-22 16:11:46,wishlist,221,s021546
932,2025-05-18 00:56:51,wishlist,128,s021547
68,2024-12-03 13:36:54,view,366,s021548
1156,2025-02-25 17:57:05,view,329,s021549
1731,2025-09-02 13:24:33,add_to_cart,226,s021550
979,2024-01-17 12:47:32,purchase,79,s021551
131,2025-07-31 08:13:43,view,345,s021552
753,2024-09-02 05:26:37,remove_from_cart,175,s021553
2040,2025-06-24 10:53:45,add_to_cart,257,s021554
1315,2025-04-02 15:07:47,view,18,s021555
749,2024-05-10 10:18:33,view,360,s021556
2411,2024-01-23 14:12:56,add_to_cart,374,s021557
670,2025-06-27 16:54:06,wishlist,158,s021558
1078,2024-01-21 16:37:59,add_to_cart,368,s021559
466,2024-10-15 06:37:18,add_to_cart,198,s021560
60,2025-01-11 19:58:23,wishlist,36,s021561
1493,2024-08-26 08:06:55,add_to_cart,87,s021562
350,2025-06-23 23:21:16,purchase,81,s021563
903,2024-02-13 21:28:38,wishlist,265,s021564
487,2024-03-01 17:59:54,view,337,s021565
495,2025-08-27 08:08:20,wishlist,79,s021566
1635,2025-05-14 15:27:52,add_to_cart,79,s021567
193,2025-04-30 23:08:59,wishlist,25,s021568
1263,2024-03-26 09:40:26,add_to_cart,339,s021569
572,2024-04-24 13:08:12,view,252,s021570
371,2024-05-10 19:12:53,view,100,s021571
982,2025-09-22 18:05:20,wishlist,68,s021572
2212,2024-10-11 14:08:19,purchase,242,s021573
992,2024-03-08 20:40:49,add_to_cart,100,s021574
2434,2024-06-04 12:21:11,add_to_cart,22,s021575
434,2024-03-19 23:42:57,view,263,s021576
116,2024-05-13 18:42:44,wishlist,118,s021577
865,2024-11-25 03:46:21,purchase,188,s021578
1874,2024-09-16 20:27:40,view,258,s021579
421,2025-04-05 07:09:54,view,396,s021580
1370,2025-01-06 11:18:30,view,186,s021581
1601,2024-07-31 22:04:53,view,242,s021582
189,2025-04-24 11:01:09,view,297,s021583
509,2025-05-14 18:12:51,purchase,160,s021584
1958,2025-11-20 17:44:16,add_to_cart,217,s021585
7,2025-10-11 20:52:06,add_to_cart,221,s021586
2113,2024-06-26 15:58:13,view,239,s021587
1664,2024-10-20 09:46:07,view,313,s021588
1469,2024-12-23 19:26:41,add_to_cart,126,s021589
2396,2024-01-07 20:21:07,add_to_cart,364,s021590
1469,2025-10-16 09:23:23,purchase,200,s021591
1686,2024-12-26 18:06:36,view,194,s021592
759,2025-11-30 07:59:01,add_to_cart,312,s021593
1876,2024-12-15 17:21:49,add_to_cart,20,s021594
48,2024-02-17 07:23:23,purchase,220,s021595
51,2024-02-02 21:13:58,add_to_cart,135,s021596
1754,2025-07-27 12:11:16,wishlist,127,s021597
2442,2024-10-15 18:10:00,view,215,s021598
1600,2025-04-02 08:21:57,remove_from_cart,211,s021599
2497,2024-03-26 20:05:46,wishlist,95,s021600
571,2024-01-22 03:17:00,view,35,s021601
1310,2024-11-01 12:07:42,remove_from_cart,50,s021602
2204,2024-01-30 22:02:34,view,294,s021603
1471,2024-01-26 06:32:59,wishlist,172,s021604
424,2024-11-20 21:21:15,view,249,s021605
284,2024-05-26 17:31:00,view,365,s021606
1845,2025-01-19 09:14:05,purchase,310,s021607
967,2025-04-05 10:55:36,view,49,s021608
1151,2024-11-11 10:09:49,view,183,s021609
2160,2025-06-05 09:24:49,view,76,s021610
226,2024-12-31 20:53:59,view,87,s021611
1317,2024-05-20 08:24:57,view,253,s021612
838,2024-01-08 19:42:48,view,61,s021613
495,2024-06-30 14:36:59,add_to_cart,312,s021614
1471,2025-08-23 21:29:01,wishlist,2,s021615
1634,2024-09-07 09:12:50,view,293,s021616
741,2024-06-01 09:24:45,view,29,s021617
1665,2025-10-25 16:10:22,view,372,s021618
2328,2024-08-22 11:34:24,view,186,s021619
2050,2024-07-22 16:38:32,view,106,s021620
2084,2025-04-29 22:34:16,view,130,s021621
1162,2025-09-11 16:32:47,add_to_cart,45,s021622
572,2025-09-18 20:45:31,add_to_cart,257,s021623
1632,2025-03-18 21:02:13,purchase,157,s021624
844,2024-12-08 12:49:07,view,93,s021625
1221,2025-01-02 07:10:02,purchase,69,s021626
1294,2025-03-14 19:00:05,view,52,s021627
1136,2024-05-15 12:10:28,view,61,s021628
237,2025-09-10 22:09:08,remove_from_cart,286,s021629
128,2025-01-30 18:51:21,view,191,s021630
780,2025-08-07 20:45:18,wishlist,10,s021631
286,2024-06-23 20:05:00,add_to_cart,36,s021632
303,2025-04-18 20:08:15,view,265,s021633
1724,2024-10-05 10:01:50,view,218,s021634
2092,2025-12-05 15:13:41,view,43,s021635
1378,2024-06-24 19:38:26,add_to_cart,34,s021636
232,2025-11-08 20:45:30,view,246,s021637
2415,2024-11-01 08:21:15,view,31,s021638
1028,2025-06-15 18:34:14,wishlist,365,s021639
213,2024-08-20 23:06:16,view,244,s021640
2020,2025-03-21 07:16:00,view,215,s021641
1036,2025-08-14 22:53:18,view,307,s021642
612,2025-11-07 21:45:21,view,312,s021643
1011,2025-12-10 14:38:21,wishlist,283,s021644
1666,2025-09-26 13:36:24,purchase,74,s021645
623,2025-01-28 23:22:46,add_to_cart,216,s021646
1478,2025-04-15 20:00:30,view,189,s021647
1677,2025-10-05 16:04:12,wishlist,251,s021648
2011,2025-12-12 18:22:33,view,188,s021649
2405,2025-02-23 22:18:36,add_to_cart,283,s021650
313,2024-01-18 09:30:53,view,41,s021651
643,2025-12-12 20:35:07,add_to_cart,176,s021652
1347,2025-11-24 08:38:18,view,150,s021653
853,2024-01-25 13:08:29,view,7,s021654
2039,2025-03-23 05:53:13,view,317,s021655
344,2024-09-22 08:33:54,view,81,s021656
2484,2024-01-04 07:03:13,view,43,s021657
1219,2025-05-24 11:37:22,view,399,s021658
1458,2024-09-01 06:21:38,purchase,323,s021659
1451,2024-10-29 20:22:00,view,355,s021660
2443,2025-03-22 18:37:28,view,283,s021661
1294,2024-02-08 16:38:05,wishlist,190,s021662
960,2025-06-14 18:07:35,add_to_cart,254,s021663
1921,2024-04-23 06:50:16,view,353,s021664
2460,2025-08-18 16:38:21,view,327,s021665
1729,2025-04-08 09:12:27,add_to_cart,387,s021666
536,2025-10-03 02:58:05,purchase,191,s021667
43,2025-03-09 09:55:57,purchase,29,s021668
384,2025-03-03 14:07:06,add_to_cart,9,s021669
822,2025-03-20 20:13:57,add_to_cart,202,s021670
2200,2024-09-29 20:15:48,purchase,120,s021671
447,2024-06-05 22:52:55,wishlist,239,s021672
1482,2025-11-16 19:04:04,view,300,s021673
1325,2025-08-10 18:01:48,view,298,s021674
370,2024-04-27 12:00:17,purchase,74,s021675
1416,2024-06-24 14:31:08,wishlist,370,s021676
24,2025-08-29 18:00:44,add_to_cart,161,s021677
1989,2024-10-12 20:15:06,view,344,s021678
1395,2024-07-08 09:33:24,remove_from_cart,161,s021679
1107,2024-01-03 18:25:00,wishlist,149,s021680
1057,2024-06-23 23:07:16,add_to_cart,155,s021681
1769,2024-11-10 15:25:35,view,99,s021682
1516,2025-04-03 07:44:36,add_to_cart,190,s021683
2214,2024-03-24 09:56:01,view,58,s021684
2362,2024-09-09 16:32:58,view,76,s021685
894,2025-07-28 08:20:31,purchase,332,s021686
1210,2025-08-23 04:51:43,view,214,s021687
308,2025-07-28 01:24:51,wishlist,54,s021688
1663,2025-05-02 22:23:16,view,173,s021689
1900,2024-05-28 08:19:09,add_to_cart,38,s021690
1343,2024-04-26 09:04:27,wishlist,143,s021691
211,2024-03-24 21:55:57,view,122,s021692
793,2025-09-10 21:14:04,purchase,36,s021693
1623,2025-03-24 20:31:17,purchase,322,s021694
1445,2024-09-12 22:27:43,view,21,s021695
1563,2024-03-07 18:07:12,wishlist,194,s021696
1106,2025-11-28 19:32:36,view,124,s021697
967,2024-08-21 16:05:53,view,226,s021698
1278,2024-01-16 12:47:31,purchase,342,s021699
2228,2024-04-01 22:34:32,add_to_cart,305,s021700
2413,2024-02-25 17:59:00,view,95,s021701
1867,2025-11-07 23:25:44,view,260,s021702
525,2024-04-09 11:09:14,wishlist,12,s021703
1560,2024-01-28 03:03:34,view,266,s021704
2223,2025-12-12 07:50:25,add_to_cart,236,s021705
94,2025-09-01 18:24:31,add_to_cart,134,s021706
1243,2025-10-28 20:03:07,add_to_cart,398,s021707
787,2024-03-31 05:54:11,view,32,s021708
2295,2025-10-10 07:29:55,add_to_cart,144,s021709
79,2024-08-02 11:44:53,view,200,s021710
2309,2025-09-16 11:28:18,view,190,s021711
1343,2025-07-12 15:54:42,wishlist,143,s021712
1172,2024-01-24 22:51:30,add_to_cart,228,s021713
975,2024-06-18 17:41:39,wishlist,319,s021714
881,2025-11-21 16:45:16,view,233,s021715
2077,2025-10-11 21:12:00,wishlist,295,s021716
1474,2024-09-04 09:18:56,remove_from_cart,334,s021717
2208,2025-01-13 06:02:04,wishlist,81,s021718
277,2025-05-21 08:47:00,view,376,s021719
1381,2024-06-04 21:08:09,wishlist,346,s021720
1743,2025-01-03 20:54:08,view,58,s021721
542,2024-11-12 12:48:59,view,279,s021722
888,2025-08-11 19:58:55,remove_from_cart,256,s021723
2464,2025-03-04 19:13:57,add_to_cart,291,s021724
2476,2025-09-23 18:27:54,wishlist,54,s021725
596,2025-02-23 19:35:43,view,55,s021726
910,2025-01-10 20:59:26,view,269,s021727
871,2025-06-18 07:16:05,view,295,s021728
66,2024-07-12 19:32:18,purchase,135,s021729
724,2025-05-26 09:19:41,wishlist,60,s021730
1429,2025-03-31 16:00:58,view,335,s021731
1147,2024-08-21 03:27:52,view,271,s021732
290,2025-01-10 05:28:38,purchase,65,s021733
1661,2024-03-15 20:53:08,wishlist,12,s021734
1439,2025-09-04 08:11:12,wishlist,19,s021735
904,2025-01-17 23:22:22,purchase,283,s021736
1072,2024-12-13 22:07:48,view,40,s021737
191,2025-09-05 17:17:04,view,168,s021738
2266,2024-05-14 05:20:33,view,359,s021739
1440,2025-01-02 22:23:03,remove_from_cart,142,s021740
1175,2024-04-08 03:55:58,add_to_cart,79,s021741
1606,2025-10-27 06:56:22,purchase,186,s021742
1092,2025-08-31 11:47:00,view,154,s021743
2213,2025-02-23 20:11:48,add_to_cart,197,s021744
833,2025-09-11 05:51:24,add_to_cart,259,s021745
1837,2024-03-11 08:59:25,add_to_cart,95,s021746
587,2024-09-02 09:04:08,view,29,s021747
1041,2025-09-13 09:21:05,add_to_cart,88,s021748
1539,2024-09-17 19:08:29,purchase,17,s021749
5,2024-11-29 19:27:35,view,22,s021750
1926,2024-10-26 06:57:46,view,248,s021751
1035,2025-01-11 10:10:24,purchase,395,s021752
2008,2025-01-10 22:12:10,wishlist,145,s021753
2146,2025-05-31 00:55:16,wishlist,226,s021754
1064,2024-08-28 15:41:57,purchase,103,s021755
1424,2024-08-29 22:52:03,view,237,s021756
475,2024-01-30 18:11:44,purchase,134,s021757
2312,2024-02-08 18:33:03,wishlist,104,s021758
2036,2025-01-01 17:35:26,view,387,s021759
1587,2025-02-14 22:11:01,view,207,s021760
1026,2025-06-03 13:12:06,view,86,s021761
1541,2025-08-31 17:11:26,purchase,148,s021762
1060,2025-03-19 12:55:05,wishlist,271,s021763
2125,2025-08-26 20:49:55,view,87,s021764
416,2024-07-05 18:52:33,view,75,s021765
423,2024-12-24 19:09:17,remove_from_cart,57,s021766
2361,2024-10-03 20:54:23,purchase,235,s021767
1167,2025-04-27 21:53:03,remove_from_cart,393,s021768
793,2024-08-29 05:01:44,view,6,s021769
277,2025-08-11 22:25:13,view,93,s021770
943,2025-06-28 08:40:06,view,116,s021771
2034,2024-12-31 17:44:51,add_to_cart,36,s021772
1746,2024-07-20 20:02:08,view,62,s021773
1341,2025-06-11 18:50:07,purchase,145,s021774
850,2025-09-23 14:13:44,view,328,s021775
1440,2025-08-26 12:11:30,view,214,s021776
1586,2025-06-10 11:36:50,purchase,397,s021777
533,2024-12-30 16:48:09,wishlist,331,s021778
1838,2024-04-07 22:47:55,add_to_cart,295,s021779
188,2024-07-01 18:14:31,add_to_cart,14,s021780
1015,2024-10-17 20:37:27,view,339,s021781
509,2024-07-26 19:53:07,wishlist,267,s021782
1605,2024-06-18 10:55:59,view,131,s021783
1708,2024-08-25 18:08:48,purchase,334,s021784
2036,2024-11-12 07:42:38,add_to_cart,357,s021785
1548,2025-08-30 10:39:17,add_to_cart,351,s021786
1228,2025-03-01 15:59:07,add_to_cart,101,s021787
1208,2024-09-14 20:44:16,add_to_cart,312,s021788
202,2025-07-13 18:03:39,wishlist,84,s021789
1630,2025-03-05 09:20:05,purchase,121,s021790
2391,2025-07-25 19:25:18,view,298,s021791
507,2025-10-28 20:45:39,view,269,s021792
588,2024-09-19 09:39:15,view,87,s021793
1343,2024-08-25 11:17:12,add_to_cart,384,s021794
894,2024-12-30 03:14:59,view,356,s021795
1020,2025-09-05 08:17:41,wishlist,377,s021796
1485,2024-12-28 03:27:51,view,81,s021797
1280,2025-05-23 06:55:16,view,204,s021798
1312,2025-04-19 19:49:55,add_to_cart,158,s021799
1828,2024-11-14 21:24:51,view,186,s021800
230,2025-07-08 09:44:02,view,176,s021801
1661,2024-08-02 20:18:00,wishlist,260,s021802
1491,2025-07-02 08:00:44,remove_from_cart,53,s021803
2143,2024-11-18 11:09:04,add_to_cart,227,s021804
2174,2024-12-20 21:07:37,add_to_cart,114,s021805
2279,2024-12-18 09:42:15,wishlist,269,s021806
1238,2024-09-22 18:27:37,view,310,s021807
1153,2025-09-15 18:45:01,add_to_cart,263,s021808
376,2024-09-21 16:17:58,add_to_cart,172,s021809
89,2025-09-19 09:09:46,purchase,23,s021810
2174,2024-03-24 04:06:44,wishlist,47,s021811
538,2024-06-03 20:25:55,add_to_cart,329,s021812
1391,2024-11-15 23:28:44,remove_from_cart,303,s021813
404,2025-08-30 01:21:46,add_to_cart,43,s021814
1421,2025-06-09 12:18:47,wishlist,200,s021815
76,2025-08-02 23:50:14,wishlist,10,s021816
898,2024-06-26 22:20:33,view,50,s021817
1222,2025-03-01 12:29:07,wishlist,175,s021818
844,2025-03-15 20:04:28,purchase,303,s021819
1228,2024-01-13 21:40:13,view,359,s021820
2024,2024-02-14 09:48:32,view,63,s021821
1513,2024-07-22 15:54:59,view,125,s021822
1641,2024-08-24 22:07:38,view,301,s021823
2005,2024-09-17 06:45:52,view,131,s021824
2168,2025-12-03 20:34:59,add_to_cart,136,s021825
799,2025-01-25 11:40:43,view,83,s021826
888,2024-08-09 09:31:08,view,327,s021827
2188,2025-05-06 14:06:25,view,190,s021828
2394,2024-10-24 20:24:20,view,19,s021829
2109,2025-10-02 11:57:03,view,134,s021830
1102,2025-10-20 12:50:10,view,318,s021831
1858,2025-08-26 21:41:55,add_to_cart,342,s021832
461,2024-03-16 17:22:58,purchase,216,s021833
1362,2024-10-31 00:48:34,add_to_cart,111,s021834
984,2024-05-20 21:30:28,view,278,s021835
32,2025-02-06 07:38:45,view,167,s021836
936,2025-07-16 10:42:37,wishlist,295,s021837
1110,2025-04-15 18:52:47,add_to_cart,284,s021838
2057,2024-12-14 16:02:00,view,331,s021839
78,2024-04-19 17:43:49,add_to_cart,118,s021840
2262,2024-09-16 16:56:06,add_to_cart,347,s021841
1927,2024-06-06 10:27:59,view,59,s021842
540,2025-10-05 13:55:55,add_to_cart,246,s021843
594,2025-10-26 04:36:45,view,85,s021844
875,2025-07-08 12:52:21,view,49,s021845
617,2024-11-03 09:10:47,view,303,s021846
1897,2024-07-07 06:53:36,purchase,53,s021847
642,2025-06-08 19:11:25,remove_from_cart,325,s021848
377,2024-01-15 21:53:11,view,96,s021849
2103,2024-08-03 21:51:10,view,364,s021850
1555,2025-07-12 17:49:07,wishlist,359,s021851
1785,2025-10-12 16:30:59,view,103,s021852
2473,2025-12-04 21:27:30,view,390,s021853
2193,2024-12-16 08:04:43,view,326,s021854
1364,2025-04-30 20:37:52,view,72,s021855
1896,2024-10-10 22:03:55,view,125,s021856
1656,2024-05-20 13:27:43,view,111,s021857
962,2024-02-14 20:32:53,purchase,18,s021858
144,2024-07-21 18:55:16,view,138,s021859
784,2024-09-19 06:19:52,view,377,s021860
909,2024-03-21 15:53:25,view,214,s021861
1082,2025-03-24 18:42:28,view,398,s021862
2260,2024-07-16 16:48:40,view,48,s021863
1545,2024-12-20 10:17:43,view,180,s021864
2005,2025-10-25 13:12:57,purchase,175,s021865
974,2025-08-07 18:35:31,wishlist,165,s021866
1655,2024-02-09 21:52:27,add_to_cart,395,s021867
828,2024-07-21 11:59:21,view,121,s021868
2386,2024-09-17 18:51:54,add_to_cart,241,s021869
402,2025-01-31 14:16:38,add_to_cart,391,s021870
1341,2025-07-18 08:02:35,purchase,291,s021871
1957,2024-09-09 02:23:56,view,133,s021872
42,2025-03-20 08:17:50,add_to_cart,152,s021873
1992,2024-08-28 18:48:33,add_to_cart,174,s021874
660,2025-08-16 10:56:53,view,370,s021875
1180,2025-10-21 08:53:56,purchase,14,s021876
1210,2025-07-26 17:43:44,view,39,s021877
208,2025-11-15 21:55:07,purchase,85,s021878
1685,2024-10-29 09:34:22,view,120,s021879
233,2025-02-02 11:30:14,view,147,s021880
2361,2025-11-23 21:34:25,wishlist,259,s021881
1267,2024-06-02 22:40:03,add_to_cart,108,s021882
2234,2024-09-23 16:10:54,add_to_cart,348,s021883
1180,2025-11-23 16:47:24,view,118,s021884
2048,2025-04-14 17:53:59,view,186,s021885
122,2025-05-14 05:21:02,view,376,s021886
1403,2025-09-06 10:19:06,view,390,s021887
1841,2024-10-23 07:02:47,view,294,s021888
864,2024-12-29 23:20:18,wishlist,304,s021889
1170,2025-02-04 02:25:34,view,280,s021890
143,2025-07-12 05:34:51,add_to_cart,14,s021891
586,2024-09-11 10:28:43,view,363,s021892
707,2024-01-06 19:30:16,purchase,123,s021893
797,2025-12-06 18:06:18,view,220,s021894
666,2025-06-15 07:22:55,view,181,s021895
1226,2024-03-06 11:22:20,view,366,s021896
588,2024-12-24 12:04:30,add_to_cart,312,s021897
1758,2025-06-26 08:56:37,wishlist,292,s021898
2098,2024-02-06 06:31:04,add_to_cart,331,s021899
2267,2024-05-23 08:36:45,wishlist,220,s021900
766,2024-12-04 13:59:57,purchase,319,s021901
1114,2024-09-21 00:26:38,add_to_cart,386,s021902
342,2024-08-23 09:21:38,view,16,s021903
1997,2024-12-02 23:09:20,add_to_cart,259,s021904
1611,2024-08-17 19:33:26,add_to_cart,174,s021905
158,2024-04-23 19:13:25,view,294,s021906
69,2025-03-22 08:28:10,view,169,s021907
2213,2025-02-17 02:34:50,view,58,s021908
1338,2025-02-20 13:15:40,view,241,s021909
1365,2024-06-08 13:41:16,add_to_cart,79,s021910
347,2025-01-31 11:00:29,view,124,s021911
35,2025-09-25 03:25:06,add_to_cart,164,s021912
2232,2025-07-09 14:09:39,wishlist,85,s021913
2033,2025-03-15 17:36:01,view,2,s021914
802,2025-11-20 11:12:07,view,92,s021915
1222,2025-09-13 12:41:04,view,297,s021916
740,2025-04-22 01:15:39,view,2,s021917
1699,2024-10-27 20:31:58,view,265,s021918
218,2025-01-08 04:45:01,purchase,326,s021919
2362,2025-11-13 11:33:59,view,58,s021920
73,2025-09-22 19:39:11,view,105,s021921
1438,2025-12-03 16:23:15,wishlist,301,s021922
1610,2025-01-25 13:03:06,view,143,s021923
868,2025-04-06 10:39:57,add_to_cart,160,s021924
1212,2024-01-18 10:24:20,purchase,377,s021925
1842,2024-03-03 20:43:32,wishlist,198,s021926
372,2024-09-20 19:06:31,view,283,s021927
929,2025-07-18 20:13:39,purchase,208,s021928
2487,2025-01-29 13:45:21,view,327,s021929
2074,2025-03-02 21:07:46,purchase,360,s021930
319,2024-03-07 22:00:58,view,380,s021931
1730,2024-09-20 18:23:49,view,26,s021932
1098,2024-05-26 14:23:30,add_to_cart,279,s021933
2500,2024-02-01 09:11:44,add_to_cart,290,s021934
1464,2024-10-16 03:53:17,view,363,s021935
1814,2024-02-04 09:55:11,view,157,s021936
2231,2025-03-12 19:09:48,purchase,254,s021937
1775,2024-05-15 15:53:43,view,287,s021938
2175,2025-04-28 17:33:33,add_to_cart,275,s021939
1447,2024-06-18 09:39:47,add_to_cart,154,s021940
1274,2024-06-04 20:31:19,remove_from_cart,125,s021941
1025,2025-02-11 09:17:10,purchase,202,s021942
222,2024-06-22 19:33:23,purchase,365,s021943
1179,2025-02-23 15:02:45,add_to_cart,222,s021944
1469,2024-05-12 10:17:38,view,23,s021945
485,2024-01-02 12:10:38,view,1,s021946
1052,2025-04-22 20:32:37,view,267,s021947
1685,2024-06-17 05:12:03,view,48,s021948
69,2025-02-04 08:48:57,view,208,s021949
367,2024-11-15 14:12:36,view,190,s021950
2261,2024-05-01 03:20:45,view,191,s021951
774,2025-04-12 19:49:59,view,396,s021952
595,2025-11-10 23:24:21,view,73,s021953
1761,2025-02-03 09:00:31,purchase,397,s021954
989,2025-03-15 13:52:06,wishlist,119,s021955
409,2025-01-12 14:29:37,wishlist,275,s021956
647,2024-07-21 13:05:27,view,358,s021957
1782,2025-11-01 11:56:17,view,72,s021958
1448,2025-01-06 17:31:54,view,345,s021959
1799,2025-06-21 08:37:15,purchase,27,s021960
2211,2024-10-21 08:57:45,add_to_cart,100,s021961
2289,2024-11-19 23:35:26,view,381,s021962
239,2024-10-15 11:08:57,view,192,s021963
1371,2025-06-17 08:17:05,purchase,7,s021964
1051,2024-07-13 08:49:38,view,133,s021965
1401,2025-08-25 18:48:30,wishlist,386,s021966
1629,2024-04-06 21:02:37,view,187,s021967
2180,2024-01-06 23:15:35,view,269,s021968
1531,2024-06-15 06:41:08,purchase,13,s021969
1276,2024-12-31 19:17:29,view,291,s021970
2234,2024-03-07 08:15:16,view,133,s021971
1621,2024-07-28 21:59:46,wishlist,9,s021972
2263,2025-06-14 05:37:10,view,179,s021973
376,2024-10-15 20:58:58,view,365,s021974
2087,2024-07-27 20:32:26,view,209,s021975
1861,2024-07-17 21:13:34,add_to_cart,43,s021976
2119,2025-06-03 19:28:52,view,357,s021977
1489,2024-10-21 11:52:56,view,55,s021978
999,2024-07-15 08:10:41,view,313,s021979
1843,2024-01-22 21:42:27,purchase,238,s021980
1363,2024-11-26 20:17:19,view,259,s021981
737,2025-02-02 08:50:42,wishlist,294,s021982
687,2025-07-01 04:32:52,add_to_cart,112,s021983
756,2025-06-30 09:04:15,view,9,s021984
1774,2025-06-27 08:46:33,remove_from_cart,343,s021985
1754,2025-03-03 11:51:59,wishlist,348,s021986
905,2024-11-05 17:28:49,purchase,67,s021987
863,2024-06-20 10:49:45,view,205,s021988
790,2025-02-28 08:06:21,add_to_cart,256,s021989
2480,2025-04-09 12:20:55,remove_from_cart,241,s021990
2357,2025-01-05 08:21:18,view,58,s021991
655,2025-05-02 09:22:58,wishlist,17,s021992
1925,2025-01-27 18:35:24,view,18,s021993
346,2024-11-12 20:53:42,view,207,s021994
492,2025-09-02 23:48:04,view,364,s021995
280,2024-07-13 09:48:19,view,364,s021996
675,2025-02-08 21:21:02,view,45,s021997
