click_id,impression_id,campaign_id,user_id,neighborhood_id,device_type,click_position,landing_page_url,is_conversion,created_at
1,4081,176,817,28,Tablet,headline,http://www.scott.com/,False,2025-04-07 22:00:55
2,11385,149,301,21,Mobile,cta_button,http://lynn.com/,False,2025-08-16 11:17:52
3,41750,181,3404,32,Mobile,image,https://www.holloway-bullock.net/,False,2025-01-26 23:04:38
4,5276,160,4542,50,Desktop,description,http://www.saunders.org/,False,2025-07-01 21:57:31
5,40781,147,2023,13,Tablet,description,http://kelley-harris.com/,False,2025-03-21 20:07:06
6,44393,77,1376,34,Desktop,headline,http://wilcox.org/,False,2025-09-22 20:14:02
7,15835,127,1472,4,Tablet,headline,http://www.guerra-kent.com/,False,2025-10-02 08:12:06
8,49892,119,4572,47,Mobile,description,http://www.allison-harris.com/,False,2025-01-22 07:56:01
9,37297,18,1741,24,Desktop,description,http://www.perez.com/,False,2025-05-04 07:58:11
10,39161,41,2717,24,Desktop,cta_button,https://www.harris-henry.info/,False,2025-09-03 07:52:17
11,18627,187,4095,43,Desktop,cta_button,https://www.wheeler.org/,False,2025-02-08 19:29:20
12,24132,90,4366,29,Mobile,image,http://moore-herrera.com/,False,2025-09-26 09:16:00
13,43653,65,4375,50,Mobile,description,http://www.jensen.com/,False,2025-09-02 20:03:13
14,2952,174,4694,6,Tablet,cta_button,http://avila.com/,False,2025-09-17 20:45:57
15,26741,153,3832,45,Tablet,headline,http://martinez-butler.net/,False,2025-09-05 10:49:24
16,22382,144,1060,5,Mobile,image,http://www.duncan.com/,False,2025-05-07 21:06:20
17,25877,200,940,28,Tablet,description,https://www.lee.info/,False,2025-03-03 04:15:16
18,9914,65,3408,33,Mobile,image,http://www.fox-white.net/,False,2025-08-31 04:37:03
19,28302,55,4970,22,Tablet,headline,https://www.riley.com/,False,2025-06-28 11:04:37
20,16088,168,3687,45,Tablet,image,http://miller.com/,False,2025-10-06 22:32:08
21,27480,28,4933,33,Desktop,image,http://www.bryant.com/,False,2025-10-14 08:01:05
22,10808,49,921,44,Tablet,description,https://www.lee-lewis.com/,False,2025-07-18 18:09:54
23,24259,2,2182,35,Mobile,description,http://fuller.org/,False,2025-01-19 22:03:12
24,21327,89,2184,12,Tablet,cta_button,http://gonzalez.com/,False,2025-08-08 13:17:02
25,19936,63,4259,38,Tablet,description,https://www.garza.net/,False,2025-07-17 09:55:42
26,26154,51,3826,33,Mobile,image,http://wilson.info/,False,2025-09-06 06:36:05
27,47746,57,3079,48,Mobile,description,http://www.hernandez.com/,False,2025-08-15 09:49:40
28,47033,42,3658,31,Desktop,cta_button,http://ramirez.com/,False,2025-04-01 08:44:01
29,6909,132,1523,6,Tablet,cta_button,http://www.thompson-fuller.com/,True,2025-07-05 08:21:21
30,17865,199,2996,8,Tablet,image,http://dunlap-price.biz/,True,2025-05-08 01:56:41
31,39567,177,3475,38,Mobile,cta_button,https://www.haynes-frazier.com/,False,2025-10-28 08:31:29
32,17383,43,2290,48,Desktop,headline,https://hutchinson-herrera.info/,False,2025-07-10 11:41:27
33,22092,174,370,12,Mobile,description,http://www.buck-brown.com/,False,2025-09-17 07:18:07
34,23431,12,2796,42,Desktop,cta_button,https://cook-castillo.net/,False,2025-04-25 20:50:53
35,41400,93,223,38,Tablet,cta_button,http://www.kelly.com/,False,2025-03-20 21:54:17
36,20280,27,248,35,Tablet,cta_button,http://villegas-taylor.com/,True,2025-03-01 20:41:51
37,16254,140,2820,45,Mobile,headline,https://www.taylor.info/,False,2025-02-15 14:47:32
38,15281,152,3407,21,Mobile,cta_button,http://www.porter.com/,False,2025-03-30 15:54:27
39,28516,63,2670,42,Mobile,image,https://burnett.com/,False,2025-07-04 10:12:19
40,1968,153,417,44,Desktop,headline,http://www.vazquez.com/,False,2025-09-03 02:27:31
41,14124,96,4840,22,Tablet,headline,http://sandoval.com/,False,2025-08-23 16:20:56
42,45740,105,4735,26,Mobile,image,http://patrick.com/,False,2025-07-07 04:45:16
43,40359,75,659,17,Mobile,cta_button,https://www.walsh.biz/,False,2025-05-20 22:01:01
44,6693,9,4858,43,Tablet,description,http://valencia.com/,False,2025-01-31 06:56:39
45,14350,8,4298,16,Desktop,headline,https://www.ware.com/,False,2025-03-02 13:57:11
46,8131,143,4444,18,Mobile,cta_button,https://gonzales.com/,False,2025-05-16 20:57:02
47,41762,129,392,50,Mobile,headline,https://www.moody.com/,False,2025-01-27 21:43:06
48,39005,76,2677,37,Desktop,cta_button,http://www.jones.com/,False,2025-07-10 20:51:10
49,24495,43,4902,18,Tablet,headline,https://jones.com/,True,2025-07-28 21:41:51
50,7523,67,4089,49,Desktop,image,http://brown-davenport.com/,False,2025-08-20 11:20:46
51,14092,177,2935,8,Desktop,image,http://nichols.com/,False,2025-09-30 02:59:23
52,1193,13,1063,4,Mobile,cta_button,http://beltran-phillips.biz/,False,2025-01-14 10:17:35
53,14408,195,2087,12,Tablet,headline,http://www.thomas.org/,False,2025-01-27 00:45:51
54,28138,5,4351,3,Mobile,cta_button,https://riddle-martinez.com/,False,2025-09-09 22:30:19
55,44810,45,2408,43,Tablet,description,http://www.gonzalez.com/,False,2025-07-20 10:25:51
56,29494,146,1682,17,Mobile,cta_button,http://www.morales.info/,False,2025-09-16 09:20:07
57,49076,191,2916,3,Mobile,image,http://bass.com/,True,2025-07-03 16:18:20
58,28757,109,3749,8,Tablet,image,http://johnson.com/,False,2025-03-12 14:01:21
59,7566,113,3284,12,Mobile,image,https://brown.info/,True,2025-06-09 08:59:58
60,43768,145,3791,20,Desktop,headline,https://www.boyd-rose.com/,False,2025-06-20 08:54:05
61,21785,38,4010,22,Tablet,cta_button,http://padilla.com/,False,2025-04-04 19:15:40
62,46814,198,3046,34,Desktop,headline,https://www.vaughn-glenn.net/,True,2025-02-01 18:02:02
63,15002,24,235,19,Desktop,cta_button,http://www.gutierrez.com/,False,2025-09-17 21:07:21
64,14652,186,4557,45,Desktop,description,https://webb.org/,False,2025-04-10 08:40:30
65,22486,53,76,7,Desktop,description,http://pearson-walker.com/,False,2025-06-16 18:29:51
66,42742,154,4309,38,Mobile,headline,http://moore-banks.com/,False,2025-08-11 20:21:28
67,47542,155,1202,31,Desktop,image,http://www.reynolds-frederick.com/,False,2025-08-07 08:21:27
68,49467,117,4073,37,Mobile,cta_button,http://www.smith.info/,False,2025-08-01 14:48:00
69,26488,43,1101,37,Tablet,headline,http://www.lane.com/,True,2025-07-28 07:34:29
70,40989,151,695,21,Tablet,cta_button,http://brown.com/,False,2025-02-07 20:22:26
71,2946,39,4454,27,Tablet,cta_button,http://rogers.info/,False,2025-05-20 18:04:42
72,21553,140,2163,36,Mobile,cta_button,http://www.walker-diaz.com/,False,2025-02-17 15:26:35
73,40023,130,3655,38,Desktop,image,http://berger.com/,False,2025-07-26 21:51:34
74,31148,147,4969,12,Mobile,description,http://www.sanchez-gordon.org/,False,2025-04-27 22:39:46
75,33477,69,4306,45,Desktop,description,http://www.bean-gibson.biz/,False,2025-10-07 21:37:18
76,41601,95,2596,12,Mobile,cta_button,https://thompson.info/,False,2025-06-07 18:33:21
77,37716,87,3173,28,Desktop,image,https://hansen-gonzalez.com/,False,2025-03-13 08:35:05
78,46000,3,369,40,Desktop,cta_button,https://dalton.com/,False,2025-05-07 17:41:01
79,3812,48,984,36,Tablet,cta_button,http://www.james-gross.net/,False,2025-06-16 10:24:44
80,9366,27,1023,13,Mobile,headline,https://lawson.com/,False,2025-02-24 14:27:51
81,24282,140,289,34,Desktop,cta_button,https://cummings-lopez.org/,False,2025-02-14 21:40:56
82,37720,66,1024,27,Desktop,image,http://www.lee.com/,False,2025-03-16 06:31:56
83,12133,8,475,30,Desktop,image,https://wilkins-cooper.net/,True,2025-03-01 08:56:35
84,8746,27,474,43,Tablet,cta_button,https://bennett.com/,False,2025-03-09 08:03:23
85,14591,50,2839,3,Tablet,description,http://calderon.com/,False,2025-04-02 21:05:10
86,2135,23,4866,34,Tablet,headline,https://orr.com/,False,2025-02-07 09:22:52
87,15740,96,1585,45,Tablet,cta_button,http://goodman-ramsey.org/,False,2025-08-22 12:03:42
88,48176,132,1505,15,Desktop,headline,http://www.joyce.com/,True,2025-07-17 22:42:57
89,8179,63,2134,2,Mobile,headline,https://clarke.com/,True,2025-08-01 22:47:57
90,16938,98,1510,6,Tablet,cta_button,http://harris-brandt.info/,False,2025-08-29 22:30:22
91,37014,145,677,24,Tablet,headline,https://herrera.com/,False,2025-06-23 18:19:25
92,12113,107,3355,24,Desktop,headline,https://www.fisher.com/,False,2025-08-30 21:36:12
93,42303,95,1598,47,Tablet,cta_button,http://robinson.com/,False,2025-05-31 10:46:12
94,28084,61,931,35,Mobile,cta_button,http://www.buckley.com/,False,2025-02-12 14:18:51
95,23097,120,3594,45,Mobile,cta_button,http://www.williams.biz/,True,2025-02-01 09:38:21
96,40118,43,2583,14,Tablet,image,http://ho-smith.com/,False,2025-08-01 20:12:15
97,296,70,2585,24,Mobile,headline,http://www.boyle-garcia.com/,False,2025-07-21 14:53:01
98,6771,150,4592,37,Mobile,headline,http://howard.biz/,False,2025-05-22 17:24:54
99,9201,74,309,30,Tablet,cta_button,http://perkins-logan.info/,False,2025-07-21 17:05:42
100,7723,43,3965,26,Tablet,headline,http://www.key-livingston.com/,False,2025-07-17 12:08:33
101,13438,120,2530,20,Desktop,cta_button,https://www.morrison.org/,True,2025-02-27 23:41:07
102,29572,96,1698,15,Mobile,headline,https://www.ferguson.info/,False,2025-09-10 23:52:05
103,6315,17,3968,15,Desktop,description,http://taylor-terry.com/,False,2025-04-28 21:37:11
104,18806,36,3937,12,Tablet,image,http://lopez.info/,False,2025-08-12 08:01:49
105,47418,148,811,41,Desktop,headline,http://dalton.com/,False,2025-06-05 09:41:54
106,26512,197,1207,10,Desktop,headline,https://jones.net/,False,2025-06-11 21:52:31
107,31224,4,1024,27,Desktop,image,http://www.warren.com/,False,2025-06-22 18:36:08
108,39822,17,329,25,Mobile,cta_button,http://www.chan.com/,True,2025-05-06 21:59:42
109,48276,109,4781,5,Desktop,headline,https://lee.info/,True,2025-03-14 13:36:36
110,1023,125,3229,4,Desktop,description,http://www.lawrence-price.info/,False,2025-03-17 09:59:32
111,24432,24,1808,25,Mobile,image,https://rios-brooks.com/,False,2025-09-06 13:43:22
112,29915,191,3956,49,Tablet,description,http://henderson.com/,True,2025-08-18 22:50:38
113,31720,98,2938,14,Desktop,headline,http://www.houston.info/,True,2025-09-01 08:30:11
114,20334,193,858,10,Tablet,description,https://www.lopez.org/,False,2025-07-10 03:03:24
115,26338,168,4389,43,Tablet,headline,https://nelson.biz/,False,2025-09-26 18:45:20
116,33285,83,2504,13,Tablet,image,https://gutierrez.biz/,True,2025-06-13 12:58:40
117,6539,60,3628,45,Mobile,image,https://mcdaniel.com/,True,2025-07-27 22:34:26
118,1888,175,1120,47,Mobile,cta_button,https://www.williams-rodriguez.com/,False,2025-01-27 19:10:19
119,9565,79,2391,25,Tablet,description,https://www.evans-brown.net/,False,2025-03-06 22:38:12
120,3711,7,2497,24,Tablet,description,http://graham-montes.biz/,False,2025-06-04 17:04:25
121,17198,175,4389,43,Tablet,headline,https://jordan.com/,False,2025-01-26 17:14:52
122,42132,166,225,34,Desktop,image,https://www.williams-mora.net/,False,2025-05-05 20:04:57
123,26701,138,2061,47,Tablet,image,https://hansen-carpenter.com/,False,2025-08-27 17:52:18
124,34665,89,2320,49,Mobile,headline,http://caldwell.com/,False,2025-08-10 10:07:09
125,7154,147,2866,45,Tablet,description,http://www.jones.com/,False,2025-04-16 21:18:29
126,12497,111,3090,9,Desktop,headline,https://www.turner.com/,False,2025-06-08 15:29:16
127,27094,144,1182,44,Desktop,cta_button,http://kelly.org/,False,2025-05-08 19:54:21
128,13849,38,2578,37,Tablet,cta_button,http://taylor.com/,False,2025-04-02 17:03:51
129,42349,83,559,18,Desktop,headline,https://www.kelly.com/,False,2025-06-16 07:06:09
130,29795,131,2254,28,Mobile,image,https://www.johnson.org/,False,2025-08-21 16:10:50
131,4553,68,2922,20,Desktop,description,https://smith-ramirez.net/,False,2025-07-10 21:50:12
132,3630,66,4260,12,Tablet,image,http://www.lee.com/,True,2025-03-19 19:19:26
133,22350,122,4959,11,Tablet,image,https://www.swanson.com/,False,2025-04-03 16:31:10
134,30679,20,2394,46,Tablet,image,http://cooper.com/,False,2025-07-03 10:05:16
135,18015,92,1851,6,Tablet,description,https://www.atkinson.com/,False,2025-07-12 21:12:36
136,15260,170,1691,24,Mobile,cta_button,https://sanders.com/,False,2025-07-20 14:42:07
137,31252,99,1799,18,Tablet,image,https://www.tate.com/,False,2025-01-12 18:34:10
138,17425,159,2515,32,Tablet,cta_button,https://petty.com/,False,2025-08-13 19:30:18
139,31367,177,4196,11,Tablet,image,https://www.bridges-garza.net/,False,2025-10-26 20:27:16
140,2475,90,3560,50,Mobile,description,http://collins.com/,False,2025-10-03 07:49:18
141,6565,187,2564,18,Tablet,headline,https://morales-allen.com/,False,2025-02-04 19:30:07
142,32084,26,531,10,Desktop,image,https://www.torres-hill.com/,False,2025-04-24 07:52:24
143,24065,146,213,18,Mobile,description,https://romero.net/,False,2025-07-01 21:27:12
144,29382,13,3793,25,Tablet,description,https://www.adams.com/,False,2025-01-05 15:49:03
145,34925,69,3352,40,Desktop,image,http://www.white.biz/,False,2025-10-01 07:35:25
146,15006,178,4057,44,Desktop,cta_button,https://www.arroyo-perry.com/,False,2025-06-01 20:56:34
147,22236,142,211,19,Tablet,description,https://price.biz/,False,2025-01-25 13:33:57
148,5964,114,2074,49,Mobile,cta_button,https://thomas.net/,False,2025-03-22 00:07:04
149,34380,179,2467,13,Tablet,cta_button,http://adams-johnson.com/,False,2025-08-15 08:53:08
150,19183,181,3194,45,Tablet,description,https://singh-schneider.com/,False,2025-01-27 09:40:48
151,47213,124,832,46,Desktop,headline,http://west.biz/,False,2025-08-12 19:00:29
152,41981,49,1401,29,Tablet,cta_button,http://www.roberts.com/,False,2025-07-27 16:35:31
153,26382,65,4623,18,Tablet,headline,https://weber.com/,False,2025-09-09 12:25:19
154,39921,168,579,37,Tablet,headline,http://www.kaufman.com/,False,2025-10-05 23:04:19
155,25213,21,4283,15,Desktop,cta_button,https://www.jordan-strong.com/,True,2025-07-09 07:01:54
156,10307,149,3213,19,Mobile,image,https://www.bauer.com/,False,2025-08-30 20:55:21
157,5034,79,3463,44,Desktop,description,https://jackson.info/,False,2025-04-24 15:41:23
158,9995,196,2565,23,Desktop,headline,http://collins-curtis.net/,False,2025-06-22 09:09:49
159,3763,31,996,1,Tablet,cta_button,http://bowen.biz/,False,2025-04-06 19:30:31
160,36236,128,341,1,Tablet,headline,https://pierce.org/,False,2025-03-19 23:31:57
161,8606,178,690,30,Desktop,image,https://www.flores.com/,False,2025-06-17 18:45:10
162,29920,159,2971,36,Mobile,cta_button,http://www.roberts.com/,False,2025-07-27 15:18:11
163,18621,73,3653,31,Desktop,image,https://www.perez-pruitt.biz/,False,2025-08-16 17:15:02
164,21661,155,1318,2,Tablet,cta_button,http://leon.org/,False,2025-07-31 14:43:47
165,41589,195,848,1,Mobile,headline,https://www.taylor.com/,True,2025-02-01 17:11:16
166,45752,134,4940,31,Tablet,cta_button,https://taylor.com/,False,2025-04-23 20:04:35
167,37631,25,2877,6,Desktop,image,https://www.hickman-chambers.net/,False,2025-02-06 21:48:54
168,4303,72,2578,37,Tablet,image,http://www.valdez-stevens.info/,False,2025-04-16 14:10:31
169,36448,62,3167,29,Mobile,image,https://www.walters.com/,False,2025-09-08 11:42:14
170,21637,143,2311,6,Mobile,image,http://gentry.com/,False,2025-05-31 11:40:50
171,15457,74,62,40,Desktop,description,https://www.wilson.info/,False,2025-07-18 10:10:39
172,40670,109,1985,43,Desktop,image,https://www.miller.com/,True,2025-02-18 23:05:07
173,106,49,557,44,Desktop,headline,https://smith.biz/,False,2025-07-14 14:19:59
174,43404,40,3588,44,Tablet,image,http://www.smith.com/,True,2025-05-01 20:38:32
175,42456,4,4018,4,Mobile,headline,https://www.lucas.com/,True,2025-06-05 13:06:35
176,29431,123,1179,2,Tablet,headline,https://roberts.org/,False,2025-03-19 19:00:45
177,21545,121,3360,30,Desktop,headline,https://www.morris.net/,False,2025-09-17 21:53:56
178,18877,109,4579,31,Mobile,cta_button,https://smith-wilson.net/,False,2025-03-06 20:19:16
179,33952,188,168,17,Mobile,image,https://www.frazier-hamilton.com/,False,2025-02-10 23:04:03
180,11144,136,2267,39,Desktop,cta_button,https://hill.com/,False,2025-06-05 21:54:41
181,43980,131,563,25,Tablet,image,https://www.weaver-jones.info/,False,2025-07-27 20:32:17
182,15764,15,2768,41,Desktop,headline,http://bishop.info/,False,2025-09-25 11:00:03
183,777,5,3138,38,Desktop,description,https://www.johnson.com/,False,2025-09-12 20:33:51
184,16574,51,1859,38,Desktop,image,https://www.gregory.biz/,False,2025-09-07 07:44:01
185,27857,17,1171,50,Desktop,description,http://www.rasmussen-smith.org/,False,2025-04-28 21:21:50
186,43480,65,4117,14,Mobile,headline,http://taylor.com/,True,2025-09-25 14:16:04
187,23839,103,3621,35,Desktop,cta_button,https://www.white-smith.org/,False,2025-08-01 18:47:49
188,34366,106,184,11,Desktop,description,https://becker.com/,False,2025-09-21 20:22:44
189,31382,154,4436,44,Mobile,headline,http://www.whitehead-hill.com/,True,2025-08-07 19:07:48
190,22601,49,422,25,Desktop,description,https://harris.com/,True,2025-07-02 19:12:19
191,10375,114,4073,37,Mobile,headline,https://bailey.com/,False,2025-03-20 16:54:29
192,28512,35,1668,6,Desktop,image,http://reynolds.org/,False,2025-06-08 19:29:00
193,40071,98,4687,20,Tablet,headline,http://torres.org/,False,2025-09-04 18:40:48
194,9176,136,637,8,Desktop,image,http://mueller-silva.com/,False,2025-06-04 15:46:42
195,49207,182,871,43,Desktop,cta_button,https://brown.com/,False,2025-06-27 04:07:43
196,22365,59,4451,27,Desktop,description,https://www.smith-mason.com/,False,2025-01-13 20:15:45
197,36497,165,1271,40,Tablet,headline,http://www.schneider-miller.net/,False,2025-06-08 21:56:35
198,3276,16,2387,3,Tablet,headline,http://hayes.org/,False,2025-02-28 13:11:28
199,14248,88,2050,20,Mobile,image,http://jackson.com/,True,2025-09-15 08:10:40
200,32568,163,2473,17,Tablet,description,https://www.allen-spencer.org/,False,2025-09-10 10:15:51
201,7842,162,4678,35,Desktop,headline,https://www.lee.com/,False,2025-01-24 17:42:50
202,16996,111,2859,26,Tablet,cta_button,http://brown.com/,False,2025-06-26 15:34:02
203,32066,90,80,28,Desktop,headline,http://flynn-navarro.com/,False,2025-10-15 20:16:37
204,33296,63,187,19,Desktop,image,https://baker.com/,False,2025-07-11 16:33:18
205,47081,119,4198,36,Mobile,image,http://hall.com/,False,2025-03-21 22:47:05
206,34113,150,2846,44,Mobile,headline,https://www.mueller.com/,False,2025-05-12 07:53:48
207,40936,111,585,50,Desktop,image,http://www.thomas.biz/,True,2025-07-01 23:06:09
208,22995,80,2111,11,Desktop,cta_button,https://www.hayes-schneider.com/,False,2025-02-27 16:23:39
209,6492,162,3503,25,Mobile,headline,http://estrada.org/,False,2025-01-12 19:54:07
210,42802,76,2479,29,Tablet,image,https://jacobs.org/,False,2025-07-12 15:31:43
211,40252,31,2160,35,Tablet,cta_button,http://thomas.net/,False,2025-04-08 08:01:56
212,11560,48,3525,8,Desktop,image,http://burton-white.org/,False,2025-06-20 10:57:14
213,35531,2,33,36,Desktop,image,https://www.hebert-olsen.com/,True,2025-01-24 10:32:53
214,17684,25,1839,3,Mobile,cta_button,http://www.collins.com/,False,2025-01-20 05:03:51
215,1986,114,2338,23,Tablet,description,http://www.love.info/,True,2025-04-10 17:29:04
216,23740,61,4271,10,Mobile,cta_button,http://www.reed.com/,False,2025-02-15 15:51:52
217,35132,129,2851,15,Desktop,description,http://gray-thompson.com/,False,2025-02-09 15:53:27
218,30451,196,3526,18,Desktop,image,http://www.silva-wood.com/,True,2025-05-21 20:01:41
219,14607,29,138,40,Desktop,headline,https://lewis-greene.org/,False,2025-01-21 02:08:50
220,40572,200,395,3,Mobile,description,http://rodriguez.biz/,True,2025-02-23 19:22:08
221,32166,13,3771,15,Tablet,image,http://www.hall.info/,False,2025-01-30 19:48:31
222,29654,188,58,41,Mobile,description,http://www.taylor.info/,False,2025-02-09 19:52:45
223,15173,163,4728,42,Tablet,image,https://www.hancock-jenkins.info/,False,2025-09-03 05:53:02
224,7226,94,1142,50,Tablet,cta_button,https://www.berry.net/,False,2025-01-16 17:28:04
225,24863,32,4530,4,Desktop,headline,https://www.ramsey-sanchez.com/,True,2025-08-12 08:33:32
226,26479,2,916,5,Tablet,headline,https://chavez.com/,False,2025-01-20 10:10:10
227,46801,21,4208,41,Tablet,description,https://www.hogan-perry.com/,True,2025-08-18 21:36:03
228,45737,67,497,6,Desktop,image,http://www.martinez-brown.org/,True,2025-07-21 07:55:19
229,46117,134,3681,25,Desktop,image,http://www.richardson.org/,True,2025-04-29 22:45:58
230,12034,60,157,20,Desktop,description,http://perkins.com/,True,2025-07-07 18:24:05
231,5207,156,3657,28,Desktop,headline,https://www.hardin.com/,False,2025-07-21 21:46:24
232,16075,58,2440,46,Desktop,image,http://www.ruiz-hall.com/,False,2025-05-28 11:53:00
233,1451,57,1267,49,Mobile,description,https://payne.biz/,False,2025-08-23 18:48:21
234,42912,83,850,43,Mobile,image,http://www.cervantes.com/,False,2025-06-17 09:39:05
235,16076,43,1241,21,Mobile,cta_button,https://www.mclaughlin.org/,False,2025-07-06 08:16:42
236,48174,86,4487,27,Mobile,description,https://boyd-frazier.com/,True,2025-07-30 10:34:49
237,37223,109,890,49,Mobile,image,https://www.jensen.com/,False,2025-03-15 10:53:28
238,39166,147,1589,19,Mobile,cta_button,https://www.thompson-stevens.net/,False,2025-03-19 15:17:12
239,41865,15,2509,20,Desktop,image,https://harrison-sosa.com/,False,2025-10-01 21:26:10
240,45728,78,418,40,Mobile,headline,https://edwards.org/,False,2025-03-18 14:51:05
241,28799,98,828,39,Mobile,headline,https://www.franklin.com/,False,2025-09-06 23:12:45
242,22939,5,3294,43,Mobile,headline,http://holloway.com/,False,2025-09-09 22:12:42
243,41774,104,219,20,Mobile,headline,http://knight-castillo.com/,False,2025-04-23 21:45:57
244,8729,161,4380,15,Tablet,description,http://anderson.org/,True,2025-07-18 16:25:09
245,38063,119,1379,37,Desktop,image,https://www.moss-wiggins.com/,False,2025-02-11 12:29:13
246,23270,59,4813,18,Mobile,image,http://www.mcpherson-yu.com/,False,2025-01-08 17:13:53
247,1210,103,2561,39,Mobile,image,http://garcia.com/,False,2025-08-27 19:31:13
248,25749,141,2653,30,Mobile,headline,http://www.turner.com/,False,2025-03-06 06:15:48
249,2262,95,2980,41,Desktop,cta_button,https://www.hayes.net/,False,2025-06-08 11:09:55
250,2767,63,4777,24,Tablet,description,https://cross.com/,False,2025-07-14 23:32:14
251,22063,87,4083,47,Mobile,description,http://richardson.com/,True,2025-03-16 19:52:41
252,41286,21,3119,45,Mobile,image,http://perez.com/,False,2025-07-19 17:39:19
253,1654,24,3003,30,Desktop,headline,https://www.rodriguez-orr.org/,False,2025-09-19 16:27:26
254,45595,104,104,39,Mobile,image,http://mills-wilkinson.com/,True,2025-04-01 23:42:49
255,47778,44,2954,25,Tablet,cta_button,http://www.castillo-goodwin.com/,False,2025-07-24 21:43:15
256,33530,168,1902,10,Mobile,description,https://www.singleton.biz/,False,2025-09-18 05:14:36
257,28855,112,18,30,Desktop,image,https://www.daniels.info/,True,2025-04-25 19:13:58
258,44849,198,3845,34,Tablet,image,http://weaver.biz/,False,2025-02-03 08:44:31
259,24710,87,1635,46,Desktop,headline,https://www.paul.com/,False,2025-03-17 03:57:07
260,12729,148,848,1,Mobile,image,https://www.gonzalez.info/,False,2025-05-31 13:04:33
261,32458,148,3767,17,Desktop,description,http://www.mcbride.org/,False,2025-06-01 16:53:36
262,37541,21,2998,16,Mobile,image,https://russell-hernandez.com/,False,2025-07-26 22:39:13
263,33992,196,1484,50,Mobile,cta_button,http://www.clay.biz/,True,2025-07-12 07:02:46
264,6861,111,4629,44,Desktop,headline,https://www.morgan.com/,False,2025-06-28 14:05:51
265,14195,9,3464,13,Mobile,headline,https://www.young.com/,False,2025-02-01 09:58:24
266,28139,124,964,37,Tablet,description,https://mccoy-mitchell.com/,False,2025-08-13 11:47:38
267,12744,144,2795,43,Mobile,cta_button,http://www.mendoza-mitchell.biz/,False,2025-05-08 07:59:28
268,39407,53,3540,17,Desktop,headline,https://roberts-reyes.biz/,False,2025-06-28 09:19:59
269,39670,194,3898,23,Tablet,image,https://www.gross.com/,False,2025-09-26 06:52:53
270,24043,63,2417,10,Tablet,image,http://mahoney-cummings.com/,False,2025-07-04 00:04:54
271,5494,78,3325,19,Desktop,headline,http://www.davis-guerra.com/,True,2025-02-28 20:18:36
272,22871,133,729,31,Tablet,cta_button,https://rivera-anderson.com/,True,2025-02-11 20:33:39
273,46067,7,1500,29,Desktop,description,https://young.com/,False,2025-05-16 13:55:54
274,40601,64,1410,10,Mobile,image,http://palmer-howard.org/,False,2025-09-25 07:09:11
275,29518,157,3647,19,Tablet,image,https://gonzalez.com/,False,2025-01-26 22:52:21
276,8333,73,3056,9,Tablet,cta_button,https://cook.com/,True,2025-08-06 04:09:58
277,27135,39,4969,12,Mobile,cta_button,https://thornton.net/,False,2025-05-20 16:15:21
278,7435,137,3296,46,Mobile,description,https://smith.info/,False,2025-01-26 10:30:39
279,12562,62,4848,26,Mobile,image,http://vaughan.org/,False,2025-09-10 04:52:18
280,15909,96,111,12,Tablet,image,http://www.stone.com/,False,2025-08-17 12:16:19
281,45703,6,1180,11,Mobile,image,https://gonzalez.com/,False,2025-04-12 09:07:45
282,17455,57,1834,7,Tablet,headline,https://www.anderson-jones.com/,False,2025-08-17 12:23:55
283,47405,147,2475,31,Tablet,description,http://www.gutierrez.org/,False,2025-04-03 06:05:21
284,21027,84,284,8,Mobile,image,http://black.com/,False,2025-06-27 19:57:14
285,25810,71,3767,17,Desktop,description,https://www.brown.com/,False,2025-06-13 08:31:20
286,29997,50,1118,39,Desktop,headline,https://www.morales.net/,False,2025-04-12 19:20:49
287,10625,95,1292,1,Mobile,headline,https://www.williams.com/,False,2025-06-05 08:34:04
288,33963,178,3840,22,Mobile,description,https://miller-sanchez.com/,False,2025-05-29 04:43:24
289,46789,198,2802,23,Tablet,description,http://west-jackson.biz/,True,2025-02-03 22:36:19
290,34796,113,3428,4,Tablet,headline,http://www.rivas.com/,False,2025-06-24 19:08:26
291,18016,193,690,30,Desktop,headline,https://baker-davidson.com/,True,2025-07-03 19:05:11
292,9801,39,3153,42,Tablet,headline,https://stewart.biz/,False,2025-05-18 13:49:04
293,34060,8,276,1,Desktop,cta_button,http://www.morris.info/,False,2025-02-27 20:07:40
294,36020,120,1062,47,Mobile,description,https://www.oconnell-parker.org/,True,2025-02-11 19:38:40
295,20689,148,4936,1,Desktop,description,http://www.hopkins.com/,False,2025-06-01 22:48:20
296,20303,130,3529,14,Tablet,image,https://zuniga.com/,False,2025-07-24 08:53:17
297,13042,46,560,8,Mobile,cta_button,http://murray.com/,False,2025-08-20 10:50:36
298,13843,180,3691,2,Tablet,image,http://cox-white.com/,True,2025-06-15 12:43:02
299,27765,145,1723,1,Desktop,cta_button,http://ellis.com/,False,2025-06-22 11:47:19
300,49672,58,3550,41,Desktop,image,https://www.carpenter.com/,False,2025-05-17 19:56:23
301,40279,161,1657,33,Mobile,description,https://www.vega.com/,False,2025-09-06 13:55:38
302,27131,154,1745,44,Tablet,headline,https://liu-williams.org/,False,2025-08-14 12:52:52
303,37542,32,4710,4,Tablet,image,http://www.gray-lawson.com/,False,2025-08-18 15:24:27
304,37628,172,4416,14,Mobile,description,http://armstrong-price.net/,False,2025-09-20 08:25:12
305,15978,16,3054,26,Desktop,image,http://robinson-castro.org/,True,2025-03-04 18:30:31
306,26431,69,3377,31,Desktop,cta_button,https://www.miller.com/,False,2025-09-29 17:42:02
307,4340,74,2667,44,Tablet,description,https://www.garcia.com/,False,2025-07-21 22:37:31
308,21103,86,1649,44,Tablet,cta_button,http://barrett.com/,False,2025-08-16 10:19:09
309,42059,93,3574,14,Desktop,cta_button,http://carr.com/,True,2025-03-22 11:48:17
310,13488,99,2175,11,Desktop,image,http://porter.com/,False,2025-01-15 11:07:17
311,27787,161,95,22,Mobile,description,http://brady.biz/,True,2025-09-12 19:07:43
312,46600,163,3232,19,Desktop,headline,https://www.cooper.com/,False,2025-09-30 22:47:12
313,8573,17,2393,11,Mobile,description,https://stanley.com/,True,2025-04-27 10:10:12
314,39735,82,773,26,Mobile,cta_button,https://moore.net/,False,2025-09-25 09:34:33
315,26372,197,941,44,Desktop,description,https://www.yates-salinas.org/,False,2025-06-20 22:14:08
316,39769,57,1767,6,Tablet,description,http://anderson.com/,False,2025-08-18 09:48:10
317,1160,100,3159,49,Mobile,headline,https://fields.info/,False,2025-05-26 09:48:50
318,3056,23,1673,14,Mobile,image,https://www.brown-johnson.org/,False,2025-02-13 19:40:29
319,13512,123,555,46,Desktop,image,http://www.zavala-little.com/,False,2025-03-17 17:52:35
320,15309,151,2386,6,Desktop,description,https://williams.org/,False,2025-02-20 07:12:08
321,49688,23,4074,7,Mobile,image,http://martinez.com/,False,2025-02-04 06:48:42
322,34628,84,2913,45,Tablet,cta_button,https://brown.net/,False,2025-07-02 11:04:14
323,31528,187,320,13,Tablet,headline,http://www.cross.biz/,False,2025-01-31 07:46:07
324,36678,175,3313,6,Tablet,description,https://www.stanton.com/,True,2025-01-26 08:44:35
325,25334,156,3344,34,Tablet,cta_button,http://jensen.com/,False,2025-07-18 18:24:34
326,8317,182,1537,2,Tablet,headline,https://www.alvarado.com/,True,2025-07-10 16:44:20
327,3134,151,699,12,Desktop,headline,https://white.com/,False,2025-02-23 22:38:18
328,5108,56,2003,4,Mobile,image,https://bowman-kim.com/,False,2025-02-02 20:37:01
329,32973,180,3086,29,Desktop,description,https://www.sullivan.com/,True,2025-05-15 13:58:25
330,44746,160,398,13,Tablet,image,http://www.daniels.com/,False,2025-07-21 18:01:28
331,40708,151,3851,50,Desktop,image,http://www.dalton.com/,False,2025-03-27 06:25:23
332,48905,171,2158,13,Tablet,cta_button,https://www.james.com/,False,2025-02-28 05:57:11
333,12317,11,1678,16,Desktop,headline,http://www.webster-smith.info/,False,2025-10-07 12:27:26
334,44369,153,3270,21,Mobile,cta_button,https://chaney.com/,False,2025-09-08 16:55:39
335,725,160,1646,24,Mobile,headline,http://www.sanchez-hernandez.com/,False,2025-07-01 17:09:31
336,8539,43,3402,21,Tablet,headline,http://www.johnson-mclaughlin.org/,False,2025-07-28 09:12:31
337,12370,15,2789,50,Desktop,headline,https://www.zuniga.com/,False,2025-09-25 08:04:47
338,15657,199,3656,38,Desktop,cta_button,http://www.owens-pierce.biz/,False,2025-06-05 22:37:24
339,41644,66,2154,4,Mobile,image,https://www.shields.com/,False,2025-03-18 19:50:14
340,3624,193,254,47,Desktop,image,http://www.kim.com/,False,2025-07-04 02:00:41
341,15529,184,836,9,Desktop,headline,https://johnston.biz/,True,2025-03-18 09:47:42
342,9367,163,2487,26,Desktop,description,http://www.johnson.info/,False,2025-09-23 08:06:45
343,11993,200,3003,30,Desktop,cta_button,http://www.robinson.com/,False,2025-02-24 01:51:58
344,38640,76,2910,33,Tablet,image,https://williams.com/,True,2025-06-22 12:50:15
345,40463,128,1932,13,Desktop,cta_button,http://williams.info/,False,2025-03-23 19:16:45
346,24952,147,2131,30,Mobile,headline,http://clark.com/,False,2025-03-30 18:34:11
347,27597,86,1340,26,Tablet,cta_button,http://graves.com/,True,2025-09-09 08:39:33
348,49328,200,2557,45,Mobile,cta_button,http://www.wood.com/,True,2025-02-19 19:11:17
349,2072,146,4817,40,Desktop,image,http://www.franco.com/,True,2025-09-13 18:43:09
350,22947,97,3713,25,Desktop,description,http://sanders-johnson.net/,False,2025-05-05 17:55:37
351,38057,127,4376,3,Tablet,headline,http://baker-chan.biz/,False,2025-09-30 05:33:24
352,16570,118,738,24,Desktop,headline,http://www.barry.net/,False,2025-06-20 07:45:10
353,9677,159,4205,19,Desktop,image,http://ingram-ortiz.info/,False,2025-07-18 19:04:33
354,33777,147,3683,9,Mobile,image,http://www.hicks.com/,False,2025-04-04 09:40:26
355,35050,5,4397,18,Mobile,image,https://www.brown.info/,False,2025-09-11 06:42:39
356,42729,96,4159,22,Mobile,description,https://www.henson-walker.info/,True,2025-08-29 09:51:54
357,44581,55,321,11,Mobile,headline,http://chaney.com/,False,2025-07-13 08:35:32
358,25984,53,2649,38,Desktop,description,http://www.smith.com/,True,2025-06-25 10:21:27
359,31305,90,2885,17,Tablet,image,https://collins.info/,True,2025-09-26 09:35:42
360,9173,65,1266,19,Tablet,cta_button,https://www.ortega.info/,False,2025-09-13 20:05:46
361,39731,74,333,14,Tablet,image,http://compton-cannon.com/,False,2025-06-27 11:28:30
362,8424,44,4022,15,Tablet,cta_button,http://www.johnson-schultz.com/,False,2025-09-06 22:33:50
363,33659,50,3953,2,Tablet,description,http://park-welch.com/,False,2025-04-05 12:39:02
364,26206,28,4036,11,Mobile,description,https://www.jones-yang.com/,False,2025-10-19 20:30:06
365,31965,115,2127,45,Desktop,cta_button,https://becker.com/,False,2025-02-20 23:28:19
366,20003,3,993,20,Mobile,cta_button,http://wilcox-walters.com/,False,2025-05-10 17:17:15
367,30412,46,3965,26,Tablet,description,https://www.fox.org/,False,2025-08-27 22:50:39
368,26898,8,893,8,Mobile,description,https://smith.net/,False,2025-02-25 22:20:20
369,3273,153,1745,44,Tablet,image,http://nelson.com/,False,2025-09-06 15:57:44
370,32515,51,1609,20,Tablet,headline,http://fowler.com/,False,2025-09-10 20:04:11
371,31368,13,965,17,Mobile,cta_button,https://www.sexton.com/,False,2025-01-22 03:35:34
372,41157,17,3536,23,Mobile,description,https://www.jones.info/,True,2025-05-02 20:01:40
373,19193,53,2050,20,Mobile,image,http://www.harvey-thomas.com/,False,2025-06-09 12:43:01
374,42874,41,4336,24,Tablet,cta_button,http://garza.biz/,False,2025-09-04 08:57:59
375,48869,39,1230,44,Desktop,image,http://www.crawford-kelly.com/,False,2025-05-20 10:53:53
376,45531,154,4504,43,Desktop,description,http://singh.com/,False,2025-08-15 22:20:17
377,33723,128,692,17,Mobile,image,https://www.gonzales.com/,False,2025-03-19 19:09:56
378,13793,82,1367,15,Tablet,headline,https://holmes.com/,False,2025-09-24 02:23:07
379,31240,44,3077,19,Mobile,headline,https://richards.com/,False,2025-07-26 04:17:40
380,16323,140,1479,18,Mobile,headline,https://www.smith.info/,False,2025-02-19 21:48:40
381,21612,164,1583,30,Mobile,headline,https://romero-frazier.biz/,False,2025-11-20 03:25:38
382,37785,37,1918,31,Mobile,description,http://prince.biz/,False,2025-01-17 12:18:47
383,20725,146,2073,42,Mobile,cta_button,https://www.glover.com/,True,2025-07-21 09:34:25
384,36772,82,4511,1,Desktop,description,http://www.shaffer-thomas.org/,False,2025-09-21 13:07:22
385,1192,13,2113,3,Mobile,image,http://dunlap.com/,False,2025-01-11 09:13:30
386,21477,169,938,39,Mobile,cta_button,https://www.mckenzie-williams.com/,False,2025-02-18 10:07:19
387,5415,53,4119,11,Desktop,headline,http://smith.com/,False,2025-07-01 14:29:26
388,28321,82,828,39,Mobile,headline,http://www.thompson.net/,True,2025-09-21 17:50:08
389,10721,174,3933,22,Desktop,headline,https://humphrey.com/,False,2025-09-17 16:57:32
390,30034,132,1093,8,Desktop,cta_button,http://www.wu.com/,False,2025-07-13 19:07:54
391,29072,117,3437,7,Desktop,image,https://stewart.org/,False,2025-07-27 01:02:03
392,23299,175,2439,38,Tablet,image,https://summers-wood.com/,False,2025-01-22 23:52:59
393,31975,117,292,17,Tablet,headline,https://perez.info/,False,2025-07-20 19:14:11
394,20479,42,2244,50,Desktop,image,http://www.drake.com/,True,2025-04-01 23:24:01
395,12626,194,4793,49,Mobile,cta_button,https://wilcox-myers.com/,False,2025-09-28 12:39:55
396,14834,177,418,40,Mobile,cta_button,http://www.crawford.com/,False,2025-10-15 18:51:44
397,12825,47,768,14,Desktop,cta_button,http://www.brady.com/,False,2025-07-28 16:03:28
398,11246,126,2336,25,Desktop,description,http://rhodes.com/,False,2025-09-17 21:38:10
399,39493,149,3891,10,Desktop,image,https://davidson.info/,False,2025-08-31 22:46:48
400,44156,119,3284,12,Mobile,image,http://www.jefferson.org/,False,2025-02-05 13:47:44
401,8304,125,4467,43,Mobile,headline,http://smith-castro.info/,False,2025-02-15 07:28:49
402,16895,56,838,36,Mobile,image,https://thompson.com/,False,2025-02-03 12:59:53
403,30763,80,4097,48,Tablet,image,http://harris.com/,False,2025-03-08 13:14:11
404,22780,197,3988,41,Mobile,description,http://www.barron.com/,False,2025-06-17 18:26:26
405,29344,71,757,7,Desktop,description,https://www.thompson-mitchell.info/,False,2025-06-27 13:38:35
406,8897,155,1534,21,Tablet,image,http://rivera-gonzalez.biz/,False,2025-08-12 08:47:59
407,37267,67,3169,18,Desktop,cta_button,https://www.wiggins-ponce.com/,False,2025-08-28 01:44:18
408,30404,14,3886,37,Mobile,cta_button,https://brown.com/,False,2025-02-21 08:19:39
409,4743,160,844,11,Tablet,headline,https://www.hunt.com/,False,2025-07-18 08:50:32
410,36588,127,2791,17,Mobile,image,https://www.manning.info/,False,2025-09-21 21:51:27
411,46306,158,523,45,Tablet,image,http://duarte-brooks.info/,False,2025-05-20 18:39:17
412,11513,88,475,30,Desktop,image,http://www.vasquez.org/,False,2025-09-18 22:07:25
413,37175,144,492,25,Desktop,description,http://www.daniel-campbell.org/,False,2025-04-16 17:33:41
414,3069,157,1105,15,Tablet,headline,http://www.smith-brown.com/,False,2025-01-29 09:37:58
415,25303,37,4529,12,Desktop,description,https://miller-webb.com/,False,2025-01-11 19:05:57
416,37874,39,554,23,Desktop,headline,http://hamilton-franklin.info/,False,2025-05-21 02:11:16
417,35391,180,3980,15,Tablet,description,http://braun.com/,False,2025-06-14 08:31:49
418,23244,108,2765,44,Mobile,cta_button,https://www.perry-duran.com/,False,2025-03-31 19:49:02
419,8691,199,2165,32,Desktop,image,http://www.sutton-williams.info/,False,2025-05-04 08:27:12
420,4823,31,418,40,Mobile,headline,https://mccall-patel.net/,False,2025-04-17 13:10:53
421,48754,116,1083,25,Tablet,image,http://roberts.info/,False,2025-07-29 16:29:47
422,11684,81,2044,24,Desktop,headline,http://kelly.com/,False,2025-04-11 21:05:47
423,27993,132,4034,35,Mobile,headline,http://donaldson.info/,False,2025-07-16 18:38:17
424,17732,161,1948,26,Tablet,cta_button,https://www.lynch.net/,False,2025-07-18 06:45:18
425,7460,143,4914,21,Desktop,cta_button,http://roth-hughes.com/,False,2025-07-17 13:23:03
426,14510,177,1451,7,Desktop,headline,http://www.jones.com/,False,2025-11-01 07:34:31
427,19083,167,660,42,Tablet,cta_button,http://clark-webster.com/,True,2025-05-01 23:39:22
428,5087,52,2913,45,Tablet,headline,https://duncan-hall.com/,False,2025-02-25 23:11:53
429,21449,8,1888,10,Desktop,headline,https://ellis.biz/,False,2025-02-28 12:04:14
430,22556,127,89,6,Mobile,cta_button,http://www.coleman.org/,True,2025-09-24 12:24:25
431,35327,50,3126,20,Tablet,description,http://www.barnes.net/,False,2025-03-30 18:29:48
432,8497,147,3514,46,Desktop,description,http://walsh-romero.org/,False,2025-04-02 00:25:52
433,49496,147,4824,27,Desktop,image,http://www.buckley-ortiz.org/,False,2025-04-24 19:01:40
434,11600,194,4681,12,Desktop,description,https://www.james-harrison.biz/,False,2025-09-09 10:16:17
435,29544,41,2651,12,Mobile,image,http://tran.com/,False,2025-09-09 10:10:22
436,13068,105,442,38,Tablet,headline,https://parrish.com/,True,2025-07-07 10:27:20
437,33221,99,296,17,Tablet,description,http://gonzalez-murphy.com/,False,2025-01-11 17:01:38
438,4875,12,4467,43,Mobile,headline,https://www.barnett.com/,False,2025-05-08 21:31:59
439,18729,83,1557,49,Mobile,image,https://powell.biz/,False,2025-06-06 08:37:16
440,20373,61,2317,33,Tablet,cta_button,http://www.barnes.com/,False,2025-02-15 15:06:36
441,13984,178,2898,35,Desktop,headline,https://www.harrell.com/,False,2025-06-03 07:18:23
442,3182,45,3989,32,Tablet,image,http://rich.net/,False,2025-08-23 11:48:58
443,27358,169,1308,28,Desktop,description,http://www.kelly.com/,False,2025-03-09 18:27:09
444,35893,140,2594,46,Tablet,image,https://shaw-lopez.info/,False,2025-02-19 23:59:56
445,17897,102,3305,9,Desktop,cta_button,https://garcia-lawson.com/,False,2025-02-03 13:10:13
446,13621,178,4506,47,Desktop,headline,https://knight.com/,False,2025-06-14 21:29:42
447,27592,162,997,26,Tablet,description,https://benton.com/,False,2025-01-11 18:08:35
448,38007,141,4712,12,Mobile,headline,https://bauer.org/,False,2025-03-05 07:31:53
449,48858,6,1462,42,Mobile,image,https://www.harrington-norman.biz/,False,2025-04-19 17:37:32
450,19479,22,3926,23,Tablet,cta_button,http://gill-bailey.net/,False,2025-07-30 21:43:59
451,27704,50,3637,43,Mobile,description,https://zimmerman.com/,False,2025-04-10 12:04:54
452,29230,190,2138,11,Desktop,headline,http://hernandez.com/,False,2025-06-14 18:10:05
453,3836,192,4881,6,Tablet,cta_button,http://perez.com/,False,2025-06-22 15:09:02
454,36654,148,3267,5,Desktop,image,http://www.long.com/,False,2025-05-30 04:11:11
455,28590,127,4902,18,Tablet,cta_button,http://www.luna.com/,True,2025-09-27 21:19:59
456,29924,122,4006,50,Desktop,image,http://www.hale-wilkinson.com/,False,2025-04-04 16:38:53
457,8685,167,2372,1,Desktop,headline,http://www.fischer-howell.info/,False,2025-04-30 19:46:18
458,9969,184,4889,41,Desktop,description,https://carlson.com/,False,2025-04-02 06:10:03
459,7312,48,2590,16,Desktop,cta_button,http://www.dorsey-martin.info/,False,2025-06-11 17:39:20
460,41698,17,161,48,Tablet,image,https://everett.com/,False,2025-05-01 22:47:13
461,10938,144,2104,8,Desktop,cta_button,https://www.jones.org/,False,2025-04-16 13:13:06
462,39519,94,2492,5,Desktop,description,http://www.williams.org/,True,2025-01-19 19:24:34
463,2958,147,1938,34,Desktop,image,http://www.jacobs.info/,False,2025-03-10 07:15:09
464,576,170,197,18,Mobile,description,https://craig-garcia.biz/,False,2025-07-18 20:29:35
465,46017,42,2470,38,Tablet,cta_button,http://www.lopez-wilson.com/,False,2025-03-29 08:12:30
466,7722,15,3290,25,Tablet,headline,https://schneider-adams.com/,False,2025-10-01 09:53:44
467,49656,67,872,27,Mobile,headline,https://beck-schultz.net/,True,2025-09-05 16:45:06
468,14775,136,2484,6,Tablet,image,http://hurley-armstrong.com/,False,2025-06-07 06:54:32
469,20201,33,2851,15,Desktop,image,http://www.marshall-holt.com/,False,2025-04-04 10:49:54
470,43927,142,2509,20,Desktop,cta_button,http://sanders.com/,False,2025-01-26 19:43:44
471,33480,43,3256,15,Tablet,description,https://brown.biz/,False,2025-07-17 11:47:55
472,1197,186,4414,50,Tablet,image,https://mendez.info/,False,2025-03-29 09:11:10
473,34465,183,1120,47,Mobile,image,http://www.farrell.com/,False,2025-10-14 00:47:40
474,13613,85,553,1,Desktop,image,http://guzman-jackson.com/,False,2025-06-01 07:53:39
475,30013,120,2964,24,Desktop,cta_button,https://frey.com/,False,2025-01-27 12:33:57
476,35849,46,672,45,Tablet,cta_button,https://www.johnson.com/,False,2025-08-26 18:37:17
477,37054,52,4122,8,Desktop,image,https://may-gardner.com/,False,2025-03-10 13:30:57
478,49239,200,3501,40,Desktop,headline,http://www.pierce-humphrey.org/,False,2025-02-21 21:03:19
479,46719,188,2784,26,Tablet,image,http://benson.com/,False,2025-02-04 20:32:27
480,9005,85,2220,11,Mobile,cta_button,https://www.adams.com/,True,2025-05-23 11:08:32
481,31449,111,1646,24,Mobile,headline,https://www.benitez.com/,False,2025-06-14 21:05:05
482,42982,107,2554,17,Mobile,headline,https://parker.biz/,False,2025-08-28 21:09:57
483,26707,21,2050,20,Mobile,headline,http://www.ward.com/,True,2025-07-23 08:20:06
484,547,17,4387,12,Mobile,cta_button,http://www.johnston.com/,False,2025-04-26 22:41:05
485,26832,45,32,31,Mobile,description,https://brown.com/,False,2025-08-25 12:56:37
486,7910,103,3527,41,Tablet,cta_button,https://rivera-smith.com/,False,2025-08-04 09:54:24
487,43420,176,2913,45,Tablet,headline,http://www.walls-garcia.com/,False,2025-04-09 21:35:19
488,32418,59,1459,25,Tablet,image,https://www.navarro.com/,False,2025-01-13 21:29:12
489,48634,30,3079,48,Mobile,image,https://www.sims.org/,False,2025-02-25 22:06:29
490,2250,30,4228,45,Tablet,image,http://www.wood.com/,False,2025-03-01 20:36:20
491,46064,108,3336,25,Tablet,description,http://higgins.com/,False,2025-04-01 20:19:05
492,47706,95,2765,44,Mobile,cta_button,https://www.jordan.com/,True,2025-06-06 08:06:58
493,22080,79,1591,13,Tablet,headline,http://holden-beck.com/,False,2025-04-11 18:36:01
494,27334,101,337,46,Desktop,headline,http://www.williams.net/,False,2025-05-18 00:12:15
495,16377,71,4377,12,Tablet,cta_button,https://www.bolton-price.info/,False,2025-06-14 17:04:13
496,44734,164,4876,18,Tablet,headline,http://www.williams-thomas.net/,False,2025-11-30 23:01:06
497,48925,142,2398,19,Desktop,image,http://www.zimmerman.com/,False,2025-01-28 11:16:24
498,17021,147,441,9,Desktop,headline,https://www.bates.com/,False,2025-03-21 09:17:36
499,20917,129,4492,31,Tablet,cta_button,https://www.bennett.net/,False,2025-02-27 18:30:24
500,1005,189,4427,35,Mobile,image,https://www.dean-estrada.net/,False,2025-02-17 11:58:17
501,16835,187,4055,18,Desktop,image,http://www.soto-marquez.com/,False,2025-02-04 19:45:31
502,3258,12,2330,42,Tablet,headline,http://travis-robles.org/,False,2025-04-27 19:25:24
503,25091,159,2444,28,Tablet,headline,https://www.nelson.com/,False,2025-07-27 13:51:56
504,12833,189,4090,9,Desktop,image,http://thomas.biz/,False,2025-02-19 09:05:39
505,25455,183,4773,47,Desktop,description,https://hendrix.biz/,False,2025-09-30 20:58:57
506,21465,145,1051,42,Tablet,headline,http://www.thompson-dean.com/,False,2025-06-25 16:45:03
507,22166,77,4349,26,Mobile,headline,http://www.watson-hester.net/,False,2025-10-06 20:13:44
508,43507,193,4956,22,Mobile,description,https://johnson-snow.com/,True,2025-07-12 04:36:53
509,19918,43,2427,24,Tablet,cta_button,https://rice-brown.com/,False,2025-07-05 08:12:24
510,9779,173,260,14,Desktop,cta_button,http://escobar-davis.com/,False,2025-09-24 17:32:20
511,23128,7,3957,10,Desktop,description,https://glass.biz/,False,2025-04-08 15:01:42
512,23142,25,4319,41,Desktop,headline,https://barber-rodriguez.info/,False,2025-01-18 22:31:58
513,32998,148,1737,5,Desktop,description,http://www.collins.com/,False,2025-05-30 09:57:19
514,42109,61,3743,40,Desktop,cta_button,https://www.baker-larson.com/,False,2025-02-19 09:11:07
515,3558,84,3086,29,Desktop,cta_button,https://www.kelly.biz/,False,2025-06-29 09:52:38
516,29261,145,3726,28,Desktop,description,http://www.moore.org/,False,2025-06-22 16:10:03
517,39385,148,1078,24,Mobile,headline,https://perkins.com/,False,2025-05-31 19:22:45
518,9661,82,4126,28,Mobile,headline,https://green-wells.com/,True,2025-09-27 22:42:42
519,32744,20,149,45,Tablet,headline,http://www.moore.info/,False,2025-06-30 09:53:32
520,25189,84,431,31,Desktop,description,http://www.riley.biz/,False,2025-07-07 06:44:13
521,2802,12,337,46,Desktop,image,http://www.arnold.com/,False,2025-04-30 12:04:56
522,29841,109,720,19,Mobile,headline,https://www.thompson.org/,False,2025-02-16 05:13:49
523,49054,157,3130,16,Tablet,description,http://soto.com/,False,2025-01-17 10:51:42
524,36892,157,3398,18,Desktop,headline,https://www.hopkins-king.com/,False,2025-01-26 14:04:54
525,10579,94,390,47,Desktop,description,https://www.white.biz/,False,2025-01-21 21:31:26
526,28953,76,2432,30,Desktop,headline,https://adams.com/,False,2025-07-07 09:44:23
527,1337,9,3519,33,Desktop,headline,https://colon-haas.com/,False,2025-01-24 19:26:47
528,40811,53,4925,30,Desktop,cta_button,https://www.singleton.com/,False,2025-06-23 06:33:52
529,971,179,975,14,Tablet,headline,https://www.olson-smith.com/,False,2025-08-13 22:53:09
530,29911,111,2876,20,Mobile,image,https://davis.com/,False,2025-07-01 19:14:15
531,48780,96,328,10,Desktop,image,https://www.warren-sanders.net/,False,2025-07-28 21:38:37
532,5048,79,4495,29,Mobile,image,https://www.palmer.biz/,False,2025-04-06 08:34:56
533,34728,149,3288,5,Desktop,image,http://www.peterson.com/,False,2025-08-16 11:42:07
534,10338,125,3128,42,Tablet,description,http://hanson.org/,False,2025-02-19 20:01:14
535,32667,68,3743,40,Desktop,cta_button,http://logan-thomas.com/,True,2025-07-10 15:34:42
536,12775,56,96,43,Tablet,image,http://murphy.com/,False,2025-02-03 10:49:37
537,43774,149,958,41,Mobile,image,http://www.schroeder.com/,True,2025-08-23 09:41:14
538,14909,22,1647,33,Mobile,description,https://johnson-dean.com/,False,2025-07-01 15:34:47
539,33457,120,902,41,Tablet,image,http://burch.com/,False,2025-01-27 14:16:29
540,39948,114,588,50,Desktop,image,https://www.boyle-davis.com/,False,2025-03-19 09:21:15
541,30512,121,4225,3,Desktop,description,https://hayes.org/,False,2025-07-18 20:25:32
542,31685,124,4530,4,Desktop,cta_button,http://www.kelly-sanchez.com/,False,2025-08-08 19:03:58
543,29314,163,2783,32,Desktop,cta_button,http://mason.com/,False,2025-10-02 10:29:01
544,26517,112,3959,7,Mobile,description,https://molina-vega.com/,False,2025-05-02 20:13:33
545,30579,110,4695,11,Mobile,description,http://www.villa.com/,True,2025-09-11 08:29:14
546,37883,85,3522,3,Tablet,headline,https://cummings.com/,False,2025-05-22 18:21:28
547,29248,109,4937,9,Tablet,cta_button,https://stone.com/,False,2025-02-28 21:56:14
548,29056,94,4545,37,Tablet,image,http://www.johnson-miller.org/,False,2025-01-21 08:31:10
549,42447,106,1762,16,Mobile,image,http://www.estrada.biz/,False,2025-09-20 21:05:16
550,2677,68,4453,23,Desktop,cta_button,https://www.carter.net/,False,2025-07-14 19:13:29
551,19581,96,1604,27,Desktop,image,http://williams.com/,False,2025-09-22 11:51:08
552,11409,156,2718,50,Tablet,description,https://williams.com/,False,2025-07-07 21:14:34
553,5376,31,378,50,Mobile,cta_button,https://collins.org/,False,2025-04-11 17:29:00
554,5680,123,4806,34,Mobile,description,https://www.hensley-jenkins.net/,False,2025-03-15 11:18:18
555,28812,154,1310,46,Tablet,cta_button,http://george-smith.net/,False,2025-08-08 12:37:58
556,14846,157,735,49,Mobile,headline,http://www.mitchell.info/,False,2025-01-25 20:37:23
557,30666,191,1821,43,Tablet,headline,http://www.turner.com/,False,2025-08-13 11:05:33
558,41747,140,2585,24,Mobile,cta_button,https://estrada.net/,False,2025-02-15 08:15:21
559,46956,49,3113,8,Desktop,description,https://www.brown.com/,False,2025-07-08 16:42:10
560,38484,64,2447,46,Tablet,headline,https://www.jones.info/,True,2025-10-05 14:31:37
561,1577,21,4420,50,Tablet,headline,http://www.rivera.com/,False,2025-08-16 21:04:23
562,19773,72,2205,39,Desktop,cta_button,http://www.reyes.com/,False,2025-04-27 20:29:05
563,19208,76,3705,28,Mobile,description,http://scott-hays.com/,False,2025-07-20 19:16:11
564,44252,128,996,1,Tablet,headline,https://www.kim.com/,False,2025-03-22 03:39:50
565,1396,200,4849,29,Mobile,headline,http://henry-morris.com/,False,2025-02-13 17:06:05
566,35533,69,1393,11,Mobile,headline,https://www.rhodes.com/,False,2025-10-11 09:26:35
567,9955,49,4532,22,Tablet,description,https://allen.com/,True,2025-07-10 18:35:38
568,41497,77,112,47,Mobile,description,https://delgado-carr.com/,False,2025-09-27 20:39:12
569,26135,43,2314,22,Mobile,cta_button,http://www.dudley.com/,False,2025-08-02 16:19:05
570,37123,4,11,30,Tablet,description,https://www.diaz-perez.com/,False,2025-06-21 21:23:45
571,34088,14,1456,8,Mobile,cta_button,https://phillips.com/,False,2025-03-01 17:41:29
572,49768,167,378,50,Mobile,image,http://davidson.org/,False,2025-04-22 19:37:57
573,35422,79,1797,49,Desktop,cta_button,http://www.jones.com/,False,2025-03-21 23:55:18
574,9103,42,2003,4,Mobile,headline,http://www.page.com/,False,2025-04-03 19:54:50
575,3214,156,3916,47,Desktop,cta_button,https://rodriguez.info/,False,2025-07-28 23:51:40
576,5982,24,4293,22,Tablet,headline,https://www.terry.com/,False,2025-09-03 16:25:18
577,48439,187,4513,24,Desktop,image,http://turner.com/,False,2025-01-31 21:36:31
578,5151,72,1531,22,Mobile,description,https://www.moore.info/,False,2025-04-15 13:00:38
579,21607,70,4819,30,Tablet,cta_button,http://www.maldonado-marshall.com/,False,2025-07-11 18:48:15
580,8974,139,2436,23,Tablet,headline,https://www.gonzalez.com/,False,2025-01-20 21:16:08
581,28848,13,2709,27,Desktop,headline,https://www.daniels.biz/,False,2025-01-19 09:36:41
582,37430,196,2774,44,Mobile,image,http://wood.net/,False,2025-05-17 15:59:23
583,27753,17,2447,46,Tablet,description,http://www.garcia.biz/,True,2025-04-27 19:35:50
584,17286,180,1278,13,Tablet,cta_button,http://mccullough.info/,False,2025-06-03 09:02:23
585,30285,187,1964,44,Desktop,image,https://www.alexander.com/,True,2025-02-07 07:45:40
586,5949,62,4478,2,Tablet,image,https://green.com/,False,2025-09-06 23:10:54
587,12095,32,1977,43,Mobile,headline,http://anderson.com/,False,2025-08-20 18:56:56
588,27150,184,35,11,Tablet,image,http://jones-anderson.com/,False,2025-04-12 20:25:07
589,15280,29,4742,37,Desktop,cta_button,https://www.taylor.info/,False,2025-01-18 20:09:56
590,17182,183,674,40,Tablet,headline,https://www.kemp.com/,False,2025-09-29 13:28:54
591,24549,187,1473,38,Tablet,headline,http://clay-williams.com/,True,2025-01-30 19:05:07
592,47318,154,2150,22,Tablet,cta_button,https://sanchez.com/,False,2025-08-10 19:22:23
593,16257,105,2674,48,Desktop,headline,https://www.gay.org/,False,2025-07-06 23:44:08
594,598,22,4500,10,Desktop,headline,https://www.thompson-jones.org/,False,2025-08-10 19:28:06
595,7654,16,2338,23,Tablet,headline,http://www.larsen-rogers.com/,False,2025-02-28 00:48:16
596,16928,1,1993,42,Mobile,description,https://barnes-morrison.net/,False,2025-03-12 20:37:11
597,15563,120,1989,5,Tablet,description,http://www.warren.com/,False,2025-03-17 16:40:45
598,35601,185,3635,35,Tablet,headline,http://www.gould-ramirez.com/,True,2025-04-06 20:40:21
599,31805,72,830,45,Mobile,image,https://gomez-dickson.com/,True,2025-04-16 08:08:40
600,27247,18,2942,42,Mobile,headline,http://hendrix-smith.com/,False,2025-06-29 14:49:16
601,28978,13,3324,39,Desktop,cta_button,http://lane.com/,False,2025-01-14 13:25:45
602,39206,80,4228,45,Tablet,description,https://bowers-wright.com/,False,2025-03-04 08:23:27
603,30083,16,2842,25,Desktop,description,https://lang.org/,False,2025-02-28 19:15:07
604,45590,82,2207,6,Mobile,cta_button,https://horn.info/,False,2025-09-25 17:39:42
605,21998,176,4789,1,Tablet,image,https://rocha-vasquez.com/,True,2025-04-07 16:50:23
606,12505,106,3350,22,Tablet,image,https://trujillo-hernandez.org/,False,2025-09-10 21:46:56
607,37727,178,1472,4,Tablet,headline,https://mccullough-mitchell.com/,False,2025-05-28 16:30:05
608,30420,165,2162,41,Tablet,headline,https://www.miller.com/,False,2025-05-31 12:59:35
609,4837,64,770,41,Desktop,image,https://www.russell.net/,False,2025-10-01 08:00:48
610,41406,191,4849,29,Mobile,image,http://wilson.com/,True,2025-07-22 22:58:19
611,40838,66,1366,36,Mobile,image,https://burke.biz/,False,2025-03-18 20:58:55
612,49116,155,750,21,Tablet,headline,http://moore-vega.com/,True,2025-08-11 08:36:30
613,41041,69,3479,39,Desktop,headline,http://www.roy.org/,False,2025-09-30 11:24:03
614,26204,79,2920,14,Mobile,headline,https://www.willis.info/,False,2025-03-17 11:17:41
615,6530,7,3549,27,Tablet,headline,https://www.jackson.com/,False,2025-05-26 08:29:58
616,35261,24,2694,30,Mobile,image,http://west.com/,False,2025-09-30 19:34:46
617,8869,173,1060,5,Mobile,cta_button,http://www.nelson.org/,True,2025-10-15 03:09:08
618,18308,134,3362,19,Mobile,description,https://white-gomez.com/,False,2025-04-19 11:23:39
619,35542,102,4417,29,Tablet,description,http://www.miller.com/,False,2025-02-06 21:51:32
620,939,105,4187,17,Tablet,image,http://jimenez.net/,False,2025-07-07 16:41:09
621,27495,141,3762,42,Tablet,description,https://clark.biz/,False,2025-03-04 17:54:02
622,47118,81,2536,32,Desktop,image,http://palmer.info/,False,2025-03-28 10:35:57
623,45316,118,56,26,Tablet,headline,http://walters.com/,False,2025-06-20 17:07:26
624,15971,186,4739,43,Mobile,description,http://ruiz.net/,False,2025-04-09 16:29:38
625,13364,173,272,34,Mobile,description,http://www.contreras.net/,True,2025-09-22 13:15:45
626,27145,76,696,1,Desktop,cta_button,http://www.khan.com/,True,2025-07-28 21:17:00
627,47932,124,969,48,Mobile,description,https://king.org/,False,2025-08-11 18:43:15
628,8092,116,3441,6,Tablet,description,https://www.williams-white.com/,False,2025-07-30 07:22:09
629,44357,100,1114,24,Mobile,description,https://www.moore.com/,False,2025-05-31 13:43:36
630,4144,197,3740,50,Mobile,description,https://www.neal.net/,False,2025-06-05 08:54:13
631,33065,183,4629,44,Desktop,description,http://www.johnson.com/,False,2025-10-02 20:41:13
632,9930,180,2092,9,Mobile,headline,https://cruz.com/,False,2025-06-22 17:43:49
633,27349,35,4906,2,Mobile,headline,http://www.perez.com/,False,2025-06-07 19:42:01
634,46235,73,83,2,Tablet,description,https://www.allen-crawford.biz/,False,2025-08-10 08:07:57
635,27664,85,4244,38,Tablet,headline,http://reed.info/,True,2025-05-28 19:31:54
636,15200,98,4600,4,Desktop,cta_button,https://www.reed-stewart.org/,False,2025-09-08 23:58:39
637,46305,44,2105,38,Mobile,cta_button,https://johnson-alexander.net/,False,2025-07-26 12:27:01
638,2886,162,1330,28,Mobile,description,https://santos.info/,False,2025-01-04 21:30:37
639,24128,42,3293,25,Desktop,image,https://www.good.com/,False,2025-03-30 21:00:35
640,2543,160,4982,32,Desktop,description,https://www.shelton.com/,False,2025-07-23 11:18:59
641,22081,96,4633,34,Desktop,headline,https://www.wilson.com/,False,2025-08-03 23:41:17
642,11104,131,4037,8,Mobile,cta_button,http://www.anderson-johnson.com/,False,2025-08-12 15:08:39
643,47844,72,2402,27,Mobile,image,https://clarke.org/,False,2025-04-13 11:25:13
644,30320,83,2735,36,Desktop,description,https://www.thompson.org/,False,2025-06-02 16:07:10
645,4501,70,2393,11,Mobile,headline,https://fuentes.org/,False,2025-07-05 20:36:15
646,31404,109,3357,14,Tablet,headline,https://www.bowen.net/,False,2025-02-17 16:52:32
647,26836,6,4146,3,Tablet,image,https://www.lambert-wade.com/,False,2025-04-12 11:06:30
648,18043,186,4773,47,Desktop,headline,https://www.larson.com/,True,2025-03-30 16:27:35
649,23213,72,2931,19,Tablet,headline,https://benitez.biz/,False,2025-04-12 21:42:46
650,17192,36,1399,17,Tablet,headline,http://www.mccullough.com/,False,2025-08-19 17:11:40
651,31665,19,3308,46,Desktop,image,http://www.jenkins-cox.com/,False,2025-07-01 23:25:40
652,40562,17,1780,33,Tablet,cta_button,http://gregory.net/,True,2025-05-01 17:44:28
653,4726,44,1300,26,Tablet,description,https://www.pena.net/,True,2025-09-07 16:14:35
654,15490,132,2871,44,Mobile,cta_button,https://irwin.com/,False,2025-07-17 21:36:02
655,17729,78,211,19,Tablet,cta_button,https://www.reed.com/,False,2025-03-16 17:45:28
656,48631,98,2250,30,Desktop,image,https://proctor.info/,False,2025-09-05 19:55:37
657,24597,129,4795,50,Desktop,description,https://www.martinez.com/,False,2025-02-28 11:09:19
658,1496,143,4525,34,Mobile,headline,http://alvarez-williams.com/,False,2025-06-15 09:55:59
659,41783,71,3511,26,Desktop,cta_button,http://www.taylor.biz/,False,2025-07-08 21:21:49
660,23973,123,2656,15,Tablet,description,http://wells.com/,False,2025-03-18 13:08:15
661,38312,63,2812,46,Desktop,headline,https://www.miller.org/,False,2025-07-14 08:36:29
662,30728,152,2973,41,Mobile,cta_button,http://novak-brown.info/,False,2025-03-29 17:18:00
663,43220,63,4153,24,Mobile,image,http://www.frost-davis.com/,False,2025-07-29 08:56:41
664,46262,88,3316,50,Desktop,headline,https://www.perry.com/,True,2025-09-15 20:22:18
665,24964,118,2448,43,Tablet,image,https://phillips-lee.info/,False,2025-06-21 18:13:35
666,6910,6,2693,27,Mobile,headline,https://www.morris-lee.info/,False,2025-04-22 09:50:05
667,10633,50,1994,2,Mobile,cta_button,https://www.rivas.com/,True,2025-04-12 21:06:25
668,49369,46,3545,10,Desktop,image,https://george.com/,False,2025-08-23 16:42:01
669,30383,130,1268,32,Mobile,description,https://mccoy.com/,False,2025-07-26 22:27:58
670,47503,165,2943,3,Tablet,description,https://www.robertson.com/,False,2025-06-04 18:19:05
671,18968,99,2853,20,Mobile,cta_button,http://www.fritz.com/,False,2025-01-13 14:42:58
672,45611,11,1670,5,Desktop,image,http://hall.com/,True,2025-11-08 18:25:25
673,34975,151,276,1,Desktop,image,http://murphy.com/,False,2025-02-14 12:08:41
674,31731,184,2447,46,Tablet,description,http://peterson.com/,False,2025-02-25 07:03:11
675,22347,37,4149,20,Mobile,description,https://rosales.info/,False,2025-01-09 10:28:21
676,711,109,97,27,Desktop,image,http://www.whitaker.com/,False,2025-03-12 18:23:22
677,43124,39,1623,14,Mobile,description,http://wagner-perez.com/,False,2025-05-15 12:34:11
678,16898,27,3597,16,Tablet,headline,http://brown.com/,False,2025-03-03 12:50:20
679,48642,185,1679,8,Desktop,image,http://robertson-guerrero.biz/,True,2025-03-18 09:40:41
680,18438,5,3678,29,Tablet,image,https://www.harris.com/,True,2025-09-08 01:16:49
681,8580,174,4261,18,Desktop,image,http://sanders.biz/,False,2025-09-14 16:00:31
682,2868,121,96,43,Tablet,cta_button,https://mcintosh.com/,False,2025-09-10 19:57:54
683,25967,162,844,11,Tablet,headline,https://pierce.biz/,False,2025-01-10 19:39:31
684,27816,188,4330,31,Desktop,cta_button,http://ramos.com/,False,2025-02-07 17:16:59
685,2064,59,1876,10,Desktop,description,http://www.carter.biz/,False,2025-01-10 10:50:28
686,966,192,2232,46,Desktop,image,https://jackson.com/,False,2025-07-15 14:51:35
687,49492,169,1662,41,Tablet,description,https://drake-smith.info/,False,2025-03-01 18:29:23
688,21758,107,1187,6,Desktop,image,https://www.brown.com/,False,2025-08-29 07:06:35
689,1106,72,2341,34,Desktop,cta_button,https://wilkins.com/,False,2025-04-10 13:41:27
690,47013,149,2340,13,Mobile,image,http://delacruz.com/,False,2025-08-19 16:16:38
691,5002,173,250,24,Desktop,headline,http://www.gilbert.info/,False,2025-10-12 18:48:32
692,8516,100,3224,37,Desktop,cta_button,https://www.kelly-mcdonald.org/,False,2025-06-15 03:15:32
693,21403,19,3097,34,Mobile,image,https://kramer.com/,False,2025-08-27 19:50:24
694,22330,16,2084,2,Desktop,cta_button,http://scott.com/,False,2025-03-01 16:58:56
695,11820,148,1357,1,Mobile,headline,https://james.com/,False,2025-05-31 08:12:11
696,19742,50,1599,19,Mobile,image,https://hudson-wright.com/,True,2025-03-23 20:08:04
697,18614,47,3510,40,Mobile,headline,http://holland.net/,False,2025-09-20 18:04:30
698,30670,134,4808,48,Mobile,headline,https://www.kidd-baird.com/,False,2025-04-21 11:04:53
699,21606,78,2537,36,Mobile,headline,https://clark.net/,False,2025-02-28 11:05:26
700,26677,107,367,12,Tablet,image,https://erickson-holt.org/,False,2025-09-01 20:47:35
701,27442,69,2349,29,Mobile,image,http://www.vasquez-calderon.org/,True,2025-10-07 03:48:03
702,47124,106,2447,46,Tablet,description,https://snow-gill.com/,True,2025-09-14 22:51:02
703,7105,112,333,14,Tablet,cta_button,http://www.jackson.info/,False,2025-06-18 12:02:04
704,33405,44,3,22,Desktop,description,https://www.williams-murphy.com/,False,2025-08-21 20:48:42
705,13242,43,4482,44,Mobile,description,https://www.lewis.com/,False,2025-07-07 09:41:37
706,20194,86,2887,26,Mobile,image,http://www.sherman.com/,False,2025-09-07 20:40:10
707,34343,172,3120,10,Tablet,description,http://www.gaines-ward.info/,False,2025-09-20 12:31:31
708,4797,72,4199,10,Mobile,cta_button,https://meyer.net/,False,2025-04-10 12:35:08
709,14949,162,823,45,Mobile,description,http://robertson.com/,False,2025-01-12 18:03:17
710,1154,1,2856,9,Mobile,description,https://www.arnold.com/,False,2025-03-23 18:23:16
711,48425,148,3277,39,Tablet,description,http://www.green.net/,False,2025-05-31 22:35:32
712,46082,179,1523,6,Tablet,image,http://www.rice.com/,False,2025-08-04 09:46:45
713,30932,116,4551,12,Tablet,image,https://www.smith.biz/,False,2025-07-31 22:34:24
714,26918,153,24,10,Tablet,image,http://moore.com/,True,2025-09-06 09:08:04
715,18892,65,182,49,Desktop,headline,https://alvarez.com/,True,2025-09-11 08:30:45
716,35979,153,173,12,Desktop,image,http://mitchell.net/,False,2025-09-08 11:45:45
717,37084,69,2993,40,Desktop,image,http://ford.com/,False,2025-10-04 11:40:26
718,32597,58,4004,50,Tablet,cta_button,http://parks.org/,False,2025-05-18 09:50:47
719,19528,99,3988,41,Mobile,cta_button,https://santos.com/,False,2025-01-12 11:40:46
720,22260,38,4331,40,Tablet,image,http://www.perez.org/,False,2025-03-26 11:25:34
721,35530,26,2879,32,Tablet,description,https://www.bauer.com/,False,2025-04-24 21:13:38
722,3610,112,1170,43,Desktop,headline,https://www.fields.net/,False,2025-06-06 05:37:35
723,19792,147,173,12,Desktop,cta_button,http://www.blankenship.com/,True,2025-04-06 09:44:06
724,36133,159,2646,31,Tablet,description,http://aguilar.com/,False,2025-08-02 13:58:47
725,33120,74,2427,24,Tablet,headline,http://www.stephens.com/,False,2025-07-04 20:57:20
726,27836,20,4278,21,Mobile,description,http://www.shepard.com/,False,2025-06-24 20:18:30
727,1,96,4723,7,Tablet,description,https://shelton-ritter.com/,False,2025-09-07 11:07:31
728,2507,108,1422,16,Desktop,image,https://mcclure.biz/,False,2025-03-28 05:50:23
729,38769,114,3656,38,Desktop,description,http://newton.com/,False,2025-03-19 06:08:41
730,23295,135,4316,47,Mobile,cta_button,http://freeman.com/,False,2025-06-16 19:23:43
731,37974,193,3345,10,Mobile,headline,http://jimenez.com/,False,2025-06-30 20:36:26
732,869,28,3396,36,Desktop,image,http://www.henson-king.com/,False,2025-10-12 18:49:04
733,14961,81,4182,28,Desktop,image,http://ramos.com/,False,2025-05-09 09:45:55
734,40959,139,2817,1,Desktop,headline,http://www.mann.com/,False,2025-01-22 13:27:32
735,35252,171,131,10,Desktop,cta_button,https://www.mendez-cooper.info/,False,2025-03-05 20:14:37
736,43951,104,4081,9,Tablet,cta_button,https://www.jackson.com/,True,2025-03-16 20:56:07
737,43705,193,152,4,Tablet,headline,https://austin.com/,False,2025-06-30 18:54:25
738,56,48,688,38,Mobile,cta_button,http://jones-johnson.com/,False,2025-05-10 23:50:27
739,2704,89,3982,33,Tablet,image,https://powers.com/,False,2025-08-11 22:01:30
740,42801,66,2717,24,Desktop,description,http://hull-lewis.com/,False,2025-03-15 19:35:04
741,35297,186,4714,12,Desktop,cta_button,http://miller.com/,False,2025-04-05 08:58:12
742,18213,93,1741,24,Desktop,headline,https://www.oliver.biz/,False,2025-03-20 20:25:48
743,30186,9,2926,33,Desktop,description,http://www.joseph-walker.com/,False,2025-01-17 10:17:24
744,23388,9,4276,14,Mobile,headline,https://shaw-vega.com/,False,2025-01-10 12:14:08
745,48907,159,4445,34,Tablet,cta_button,https://rodriguez.com/,False,2025-08-12 19:40:32
746,3323,191,3641,47,Tablet,image,http://sanders.com/,False,2025-08-15 07:31:39
747,40283,113,2503,36,Tablet,description,http://chan.info/,False,2025-06-09 20:54:16
748,3720,160,493,7,Tablet,cta_button,https://www.kelly.biz/,False,2025-07-14 23:04:10
749,16079,104,3877,41,Mobile,cta_button,https://macdonald-cuevas.com/,False,2025-02-14 12:57:42
750,25941,1,2638,44,Tablet,headline,https://www.clark-henry.com/,False,2025-05-02 08:16:41
751,30869,190,2961,37,Mobile,cta_button,http://smith.com/,False,2025-05-29 22:11:23
752,40467,51,2151,47,Desktop,description,https://wall.com/,False,2025-09-07 10:24:36
753,7591,86,977,46,Tablet,cta_button,http://buchanan.com/,False,2025-07-31 21:04:53
754,10401,42,928,28,Mobile,description,https://www.lopez-shannon.org/,False,2025-03-30 03:48:54
755,36469,103,924,35,Mobile,cta_button,https://harris.biz/,False,2025-08-24 20:05:48
756,43177,2,4863,6,Desktop,cta_button,http://www.lambert.com/,False,2025-01-19 12:07:33
757,23823,118,4992,5,Desktop,headline,http://www.lang-huber.com/,False,2025-06-16 12:38:43
758,43710,89,4918,32,Tablet,headline,https://www.ortiz-barnes.com/,False,2025-08-11 20:22:49
759,4679,184,195,42,Tablet,cta_button,http://www.page.biz/,False,2025-05-15 09:27:29
760,16760,175,3029,2,Tablet,image,http://www.bolton.com/,False,2025-01-24 17:02:16
761,740,18,2605,14,Tablet,cta_button,http://www.kim.biz/,False,2025-06-28 08:59:05
762,16918,63,4278,21,Mobile,cta_button,https://www.wise.com/,False,2025-07-12 21:26:56
763,7239,194,3800,23,Mobile,image,https://white.com/,False,2025-09-12 07:04:00
764,28811,119,3025,21,Mobile,headline,http://www.morgan.com/,False,2025-02-03 23:55:21
765,8280,171,2412,23,Tablet,headline,https://pearson.com/,False,2025-04-01 18:40:48
766,29402,94,4688,29,Tablet,image,https://www.torres.biz/,False,2025-01-17 14:56:23
767,6813,103,2293,27,Tablet,description,http://www.padilla.com/,False,2025-08-02 12:29:12
768,36419,174,475,30,Desktop,description,http://edwards.info/,True,2025-09-18 08:25:46
769,40015,34,4736,34,Desktop,image,http://www.curtis.com/,False,2025-06-03 12:12:05
770,31982,59,2617,1,Tablet,headline,https://wyatt-perry.net/,False,2025-01-12 20:32:04
771,19333,69,1176,9,Desktop,cta_button,http://www.novak.net/,False,2025-10-07 18:21:03
772,110,52,1335,48,Desktop,image,http://www.brooks-martin.com/,True,2025-02-26 17:18:15
773,26263,28,2859,26,Tablet,image,http://www.obrien.org/,False,2025-10-21 07:35:02
774,34757,162,496,31,Mobile,cta_button,http://www.woodard-phillips.info/,False,2025-01-07 17:18:16
775,26623,147,2888,37,Mobile,description,http://www.brown.net/,False,2025-04-23 17:04:15
776,3844,115,3340,28,Desktop,image,http://www.graham.org/,False,2025-02-13 19:17:05
777,32574,166,2814,39,Tablet,cta_button,https://www.anderson.com/,False,2025-04-30 05:10:31
778,42889,199,212,2,Mobile,cta_button,http://booker.com/,False,2025-03-11 21:44:12
779,4665,47,906,45,Mobile,headline,http://www.rubio.info/,False,2025-09-17 18:50:56
780,30221,131,2552,11,Mobile,cta_button,https://nash.org/,False,2025-07-29 14:39:01
781,30733,200,2411,31,Mobile,cta_button,http://larson.com/,False,2025-02-25 21:03:10
782,27702,19,3951,42,Tablet,headline,https://jones.biz/,True,2025-06-22 20:43:09
783,32462,154,4102,15,Mobile,image,http://www.weber-jackson.com/,False,2025-08-14 16:55:52
784,40901,39,3097,34,Mobile,cta_button,https://hamilton.org/,False,2025-05-18 21:47:00
785,6635,150,1703,9,Desktop,description,https://www.smith-montes.com/,False,2025-06-24 18:17:26
786,4174,142,4513,24,Desktop,headline,https://craig.info/,False,2025-01-25 20:14:31
787,49836,82,4611,36,Tablet,cta_button,http://wilson.info/,False,2025-09-23 06:59:11
788,29394,151,4878,19,Mobile,cta_button,https://www.parker-frank.biz/,False,2025-02-14 16:27:17
789,7536,117,4088,30,Desktop,headline,http://lucas.biz/,False,2025-07-21 20:19:41
790,25798,164,594,42,Tablet,cta_button,http://anderson-franklin.info/,False,2025-11-10 13:21:02
791,35625,129,3758,27,Tablet,headline,http://navarro.com/,False,2025-03-02 20:35:28
792,45532,168,3446,32,Tablet,image,https://www.hall.com/,False,2025-09-18 20:41:13
793,44052,64,97,27,Desktop,description,https://waters-weber.info/,False,2025-09-26 12:55:57
794,38910,136,1122,6,Desktop,cta_button,https://www.jacobson.org/,False,2025-06-09 03:19:12
795,48700,52,2445,35,Mobile,description,https://www.snow.biz/,False,2025-03-07 13:04:40
796,8402,200,322,43,Tablet,headline,http://anderson-wallace.com/,False,2025-02-10 22:05:41
797,42423,186,281,31,Tablet,image,http://www.wright.com/,False,2025-03-28 19:41:45
798,49588,79,3626,5,Mobile,cta_button,https://www.roberts.com/,False,2025-03-21 17:57:03
799,31387,181,3609,6,Mobile,image,https://www.stewart-wilson.com/,False,2025-01-30 11:49:01
800,15366,71,3672,45,Mobile,cta_button,http://webb.com/,False,2025-07-03 09:27:37
801,3349,48,1350,27,Desktop,cta_button,https://www.mathis.com/,False,2025-05-18 08:02:33
802,41404,134,290,15,Mobile,image,https://www.reid-winters.com/,False,2025-04-20 20:09:14
803,12849,75,2586,8,Mobile,description,https://bauer.com/,False,2025-06-02 08:03:23
804,31659,198,3266,28,Mobile,image,https://www.ryan-black.com/,False,2025-02-02 13:19:03
805,38616,148,2857,19,Desktop,headline,https://hinton.com/,False,2025-06-03 10:53:15
806,25412,32,4376,3,Tablet,cta_button,http://www.williamson-thomas.biz/,True,2025-08-19 12:53:26
807,18186,195,4415,50,Desktop,cta_button,http://johnson.biz/,False,2025-01-22 22:23:38
808,7939,176,4939,49,Desktop,image,http://www.rodriguez.com/,False,2025-04-11 23:16:21
809,45267,44,952,8,Tablet,cta_button,https://www.dean.com/,False,2025-08-31 11:16:34
810,13405,195,4068,17,Mobile,cta_button,https://kirby.com/,False,2025-01-31 10:01:06
811,28921,118,4693,50,Mobile,cta_button,http://www.jordan.com/,False,2025-06-19 09:11:54
812,3074,148,4099,32,Tablet,cta_button,http://www.little.com/,False,2025-06-02 08:33:24
813,15580,191,3490,34,Desktop,headline,https://www.davis.com/,False,2025-09-19 16:32:50
814,5377,42,4355,23,Mobile,headline,https://rowe-williams.com/,False,2025-04-01 23:29:15
815,15706,48,1471,40,Tablet,headline,http://watkins.com/,False,2025-06-04 19:25:05
816,29972,41,3043,15,Tablet,cta_button,http://www.meyers.net/,True,2025-08-29 12:28:04
817,48429,175,394,4,Mobile,description,https://www.mendoza.com/,True,2025-01-23 19:35:29
818,5958,74,2220,11,Mobile,cta_button,https://www.barker-york.org/,False,2025-07-20 09:16:23
819,38749,110,1420,30,Mobile,headline,http://scott.com/,False,2025-10-05 21:24:11
820,5647,148,1669,9,Tablet,image,http://www.wheeler.com/,False,2025-06-02 19:41:29
821,884,140,4098,5,Mobile,cta_button,https://www.silva.biz/,False,2025-02-20 11:45:17
822,9721,37,2300,34,Desktop,cta_button,https://www.simmons.com/,False,2025-01-06 11:39:21
823,45876,117,1538,24,Desktop,description,https://king.com/,False,2025-07-21 00:44:29
824,47371,75,3484,43,Desktop,cta_button,https://stephens.com/,True,2025-06-28 09:35:34
825,40793,182,2741,44,Desktop,headline,http://nolan.com/,True,2025-08-03 14:28:56
826,37824,183,4898,45,Desktop,cta_button,https://www.harvey-shaffer.net/,True,2025-10-07 07:06:56
827,17810,7,1500,29,Desktop,image,http://www.arias-guzman.com/,False,2025-04-25 06:57:16
828,16008,145,1894,28,Tablet,headline,http://peterson-burns.net/,False,2025-06-21 18:29:11
829,21010,50,2706,24,Desktop,headline,http://www.cooper.info/,False,2025-04-16 21:31:03
830,43766,63,1655,45,Tablet,description,http://www.schmidt-baker.biz/,True,2025-08-01 09:22:28
831,27297,182,2460,34,Tablet,description,https://rubio-watson.com/,False,2025-06-13 18:31:21
832,49609,113,4899,12,Tablet,cta_button,http://www.nelson.net/,False,2025-05-24 22:59:30
833,13391,37,1012,48,Mobile,cta_button,https://hansen.info/,False,2025-01-16 10:00:46
834,45032,175,4079,25,Desktop,description,https://www.smith.com/,False,2025-01-26 20:52:15
835,43572,64,3688,1,Tablet,headline,https://wood-chase.com/,False,2025-09-24 04:36:49
836,21341,97,702,30,Mobile,cta_button,http://www.wilkins.com/,True,2025-04-24 17:38:30
837,46554,177,1539,39,Mobile,image,http://www.bradley.biz/,False,2025-10-05 14:03:03
838,34756,22,1876,10,Desktop,headline,http://park.com/,False,2025-07-10 06:49:49
839,32463,58,1744,49,Tablet,image,https://holt.net/,False,2025-05-26 18:27:04
840,31645,84,4162,35,Mobile,cta_button,https://www.perkins-rivera.com/,False,2025-06-30 11:01:32
841,19067,62,4243,22,Desktop,cta_button,http://miranda.net/,False,2025-09-10 03:44:19
842,22766,49,759,42,Mobile,description,http://woodward.biz/,False,2025-07-29 22:13:37
843,29250,160,1636,12,Mobile,description,http://www.todd.com/,False,2025-07-08 09:01:29
844,7140,110,4574,17,Desktop,cta_button,https://www.nielsen.com/,False,2025-09-30 23:55:14
845,30634,52,2134,2,Mobile,headline,https://www.wright-gill.org/,False,2025-02-28 08:49:28
846,45106,26,2931,19,Tablet,image,http://www.golden.org/,False,2025-04-22 06:28:07
847,34134,200,4936,1,Desktop,image,https://martin-jones.com/,False,2025-02-15 22:29:22
848,30330,194,218,9,Desktop,headline,https://www.thomas.com/,False,2025-09-20 21:45:28
849,14282,192,1301,48,Tablet,headline,https://www.holt-figueroa.info/,False,2025-06-19 10:30:14
850,13892,139,2063,27,Mobile,image,https://www.higgins-miller.org/,False,2025-01-24 18:27:15
851,20782,84,2769,9,Mobile,cta_button,http://www.kelly-barajas.info/,False,2025-07-01 06:29:27
852,3515,15,4906,2,Mobile,cta_button,http://www.carroll.com/,False,2025-09-30 07:04:17
853,20188,79,3717,15,Tablet,cta_button,https://dominguez.com/,False,2025-04-21 10:02:56
854,1827,123,3899,17,Mobile,cta_button,https://www.murray-wagner.com/,False,2025-03-12 19:14:59
855,47607,188,862,21,Tablet,image,https://pena.info/,False,2025-02-08 12:12:38
856,31178,126,3125,10,Tablet,headline,http://www.lopez.org/,False,2025-09-25 05:03:34
857,7501,120,2141,7,Tablet,headline,https://watts-perez.com/,False,2025-03-16 16:58:52
858,5590,13,1977,43,Mobile,image,http://williams.com/,False,2025-01-31 20:29:32
859,26290,35,3539,6,Mobile,description,https://thomas.com/,False,2025-06-03 09:04:30
860,28245,113,460,35,Mobile,cta_button,http://www.pierce-gutierrez.com/,False,2025-04-29 22:42:30
861,14486,22,2943,3,Tablet,cta_button,http://reeves.biz/,False,2025-07-11 02:46:21
862,10682,6,4145,1,Desktop,cta_button,https://www.brewer.com/,False,2025-04-19 23:53:11
863,943,197,718,20,Desktop,image,https://www.taylor.com/,False,2025-06-11 23:18:29
864,20960,48,660,42,Tablet,headline,https://www.bowen.info/,False,2025-06-12 08:31:25
865,46687,100,1119,41,Tablet,cta_button,http://gallegos.com/,False,2025-06-04 12:46:30
866,4635,23,4308,20,Mobile,image,http://www.simmons.com/,False,2025-02-05 12:47:59
867,27282,200,3216,3,Desktop,headline,http://www.patrick-wilson.com/,False,2025-02-20 08:38:05
868,45895,87,1255,28,Tablet,description,https://www.ferguson-morris.net/,True,2025-03-17 02:22:24
869,48855,75,4185,17,Tablet,cta_button,http://levy.biz/,False,2025-06-14 05:14:50
870,30300,76,3135,37,Mobile,description,https://weber.com/,False,2025-06-20 16:08:28
871,4654,62,3722,21,Tablet,headline,https://www.brooks.com/,False,2025-09-08 18:21:21
872,48981,110,3994,9,Mobile,headline,https://www.brown.com/,False,2025-10-23 11:16:45
873,39452,107,1865,50,Desktop,image,https://www.huynh-barnett.com/,False,2025-08-27 19:22:45
874,45226,36,2574,3,Desktop,cta_button,http://hopkins-bryan.com/,False,2025-08-18 07:47:03
875,5785,122,3918,37,Mobile,cta_button,https://reid.com/,False,2025-04-09 23:28:10
876,27724,162,2931,19,Tablet,headline,http://www.black-compton.com/,False,2025-01-05 19:26:48
877,44112,84,4185,17,Tablet,headline,https://www.carter-burke.org/,False,2025-07-05 09:09:15
878,39684,193,730,16,Tablet,image,https://www.hodges.com/,False,2025-06-30 17:45:14
879,29939,66,3505,13,Tablet,description,http://www.kennedy.com/,False,2025-03-15 18:21:02
880,49109,30,2619,42,Tablet,headline,https://www.price.com/,False,2025-02-27 20:12:27
881,18022,113,3106,2,Mobile,cta_button,http://www.scott-turner.info/,False,2025-06-01 10:29:49
882,24731,175,73,30,Mobile,cta_button,https://www.snyder.com/,False,2025-01-24 19:19:51
883,16319,3,4076,50,Mobile,description,http://www.malone-brown.biz/,False,2025-05-17 10:18:34
884,1556,81,1287,25,Tablet,image,https://www.larson.com/,False,2025-03-09 18:18:38
885,7074,18,4158,26,Desktop,description,http://smith.info/,False,2025-06-23 08:13:24
886,28334,35,2292,39,Mobile,description,https://cruz.com/,False,2025-06-02 09:47:49
887,9429,141,3570,39,Desktop,image,https://zhang.com/,False,2025-03-07 09:46:17
888,42536,121,836,9,Desktop,description,http://www.diaz.biz/,True,2025-08-11 09:25:43
889,10613,119,2960,41,Mobile,cta_button,http://ramsey.com/,False,2025-01-29 12:44:20
890,3680,62,2439,38,Tablet,description,http://king-jones.biz/,False,2025-09-10 08:25:41
891,14886,38,4684,24,Mobile,description,http://www.donaldson-hardy.com/,False,2025-03-28 11:25:36
892,49550,84,4436,44,Mobile,cta_button,http://www.russell.biz/,False,2025-06-29 12:53:20
893,35176,60,4497,48,Tablet,headline,http://www.miller.biz/,False,2025-07-19 12:09:09
894,20088,42,4035,3,Desktop,image,http://www.sullivan.com/,False,2025-04-01 08:18:44
895,36544,41,1970,9,Tablet,cta_button,http://jacobson.com/,False,2025-09-08 11:35:24
896,26844,197,82,32,Tablet,image,https://www.smith.com/,False,2025-06-03 03:21:55
897,25730,64,4409,38,Desktop,image,http://www.davis.com/,False,2025-10-02 20:54:34
898,45161,114,394,4,Mobile,image,https://www.phelps-perez.net/,False,2025-04-04 21:30:28
899,35332,108,3709,11,Tablet,description,http://maldonado.com/,False,2025-03-27 10:19:34
900,41753,184,3688,1,Tablet,cta_button,https://chase.com/,False,2025-04-25 01:17:48
901,1178,179,4636,32,Mobile,image,http://dennis.com/,False,2025-08-05 07:04:23
902,43949,117,2850,16,Mobile,cta_button,https://www.mcguire.com/,False,2025-08-01 19:50:02
903,12200,16,2246,28,Mobile,image,https://french-rivera.com/,False,2025-03-05 09:54:43
904,25847,101,3760,28,Desktop,headline,https://www.clayton-porter.biz/,False,2025-04-19 18:25:28
905,26045,6,2849,50,Desktop,cta_button,https://www.smith-beasley.com/,False,2025-04-18 10:42:46
906,34763,49,3509,22,Desktop,description,https://rollins-anderson.com/,False,2025-07-10 22:21:29
907,45515,34,75,49,Mobile,image,http://www.washington.com/,False,2025-06-12 07:52:37
908,34976,37,954,17,Mobile,headline,http://www.wolf.com/,False,2025-01-05 15:09:59
909,4561,140,1906,49,Mobile,headline,http://www.barajas.com/,False,2025-02-17 18:06:07
910,9519,152,3135,37,Mobile,headline,http://www.silva.net/,True,2025-03-26 09:19:19
911,27844,73,4774,41,Tablet,image,https://rasmussen-calderon.com/,True,2025-08-10 21:14:47
912,44352,113,991,12,Tablet,headline,http://www.moreno-christensen.net/,False,2025-05-16 19:25:45
913,9107,63,117,36,Tablet,headline,http://jensen.com/,False,2025-07-26 09:05:53
914,1149,153,599,49,Mobile,image,https://www.davis-caldwell.com/,True,2025-09-09 02:22:29
915,9250,79,2418,27,Mobile,image,https://www.davis-gomez.com/,False,2025-03-09 20:14:20
916,33312,193,671,16,Tablet,image,https://murphy-yates.net/,False,2025-07-03 10:10:10
917,43735,32,1514,12,Tablet,description,https://www.herman.net/,False,2025-08-12 03:08:34
918,21361,69,4565,27,Desktop,image,https://www.bender-johnson.com/,False,2025-10-05 20:14:22
919,5774,200,1235,49,Mobile,image,https://wright-mendez.com/,False,2025-03-03 10:10:36
920,45847,152,2194,27,Tablet,description,http://johnson-bush.com/,False,2025-03-25 11:29:31
921,43320,112,3835,12,Mobile,description,https://www.cooper.com/,True,2025-04-20 07:51:05
922,47522,28,915,43,Tablet,description,http://wright.org/,True,2025-10-23 23:42:02
923,46385,71,2492,5,Desktop,headline,https://www.henderson.net/,True,2025-06-28 18:07:42
924,1535,100,23,28,Desktop,description,http://davis.com/,False,2025-05-24 08:49:30
925,40341,186,4225,3,Desktop,headline,https://www.cohen-ashley.com/,False,2025-04-08 12:15:05
926,14743,110,2321,33,Tablet,cta_button,https://hansen-johnson.com/,False,2025-10-03 16:55:19
927,33654,7,377,23,Mobile,description,http://www.grant-rosales.net/,False,2025-04-02 10:10:19
928,5850,142,2468,16,Desktop,headline,https://www.holloway.com/,False,2025-01-15 17:08:10
929,38036,168,1419,11,Tablet,image,https://www.english.com/,False,2025-10-03 09:25:18
930,2841,56,2492,5,Desktop,image,https://meyer.com/,False,2025-01-25 21:35:39
931,47868,80,2445,35,Mobile,description,http://warren.com/,True,2025-03-03 18:32:45
932,24845,184,4884,46,Desktop,cta_button,https://walker.info/,False,2025-02-27 19:27:39
933,17083,84,4567,42,Desktop,image,http://www.pratt.com/,True,2025-06-24 08:51:10
934,34569,59,4701,42,Tablet,headline,https://miller.net/,False,2025-01-09 08:11:08
935,8777,135,1479,18,Mobile,description,http://www.norton.com/,True,2025-04-29 14:19:08
936,19809,82,2185,36,Mobile,image,https://www.freeman.com/,False,2025-09-22 21:07:36
937,25371,18,3678,29,Tablet,description,http://wright-briggs.com/,False,2025-04-16 14:31:19
938,8355,80,3427,3,Desktop,headline,https://www.shaffer-hess.net/,False,2025-03-04 17:28:31
939,24180,157,4665,50,Tablet,image,https://www.andrews.org/,False,2025-01-28 21:23:40
940,12593,165,4048,36,Tablet,description,https://richardson.info/,True,2025-06-03 16:29:17
941,31163,196,4523,13,Tablet,headline,https://www.miller.com/,False,2025-07-03 17:15:58
942,6027,27,3787,26,Mobile,image,https://www.hammond-barrera.org/,False,2025-02-26 11:13:59
943,5470,60,1516,31,Desktop,cta_button,http://www.hughes.com/,False,2025-07-27 21:55:27
944,43584,171,3742,43,Mobile,headline,http://www.sawyer.com/,False,2025-03-30 16:11:25
945,46229,29,793,4,Desktop,description,http://davis-thompson.com/,False,2025-01-18 08:13:31
946,33417,182,4842,28,Mobile,cta_button,https://david.info/,False,2025-06-22 08:40:19
947,16197,153,270,15,Desktop,description,https://bradley.com/,False,2025-09-05 20:37:21
948,5513,101,3213,19,Mobile,headline,http://peterson.info/,False,2025-05-06 17:39:31
949,2625,125,4798,11,Tablet,description,https://www.green-reyes.org/,True,2025-01-31 09:33:17
950,41647,117,3295,23,Tablet,headline,http://moore.com/,True,2025-07-20 11:22:09
951,46888,84,2392,48,Tablet,headline,http://flores-white.com/,False,2025-07-02 23:32:44
952,3604,56,337,46,Desktop,image,https://www.obrien-calderon.com/,False,2025-01-27 03:36:42
953,3256,174,3456,6,Desktop,image,http://www.morgan-bates.net/,False,2025-09-17 19:57:26
954,47543,156,1380,28,Desktop,cta_button,https://www.lane.com/,False,2025-07-20 18:31:34
955,15531,192,3892,39,Tablet,image,http://navarro.com/,False,2025-06-16 07:28:04
956,40385,81,2710,27,Desktop,cta_button,https://www.price-gonzales.info/,False,2025-04-09 19:38:08
957,16939,183,1713,20,Tablet,cta_button,http://www.cunningham-day.com/,False,2025-09-26 22:16:15
958,16471,65,630,9,Tablet,description,http://fisher.com/,False,2025-08-31 20:48:59
959,38071,175,3242,38,Mobile,headline,http://www.morgan.com/,False,2025-01-23 20:05:37
960,20114,76,3058,35,Mobile,headline,https://www.thompson.com/,False,2025-07-12 21:17:48
961,4514,51,68,8,Desktop,headline,https://www.martin.com/,False,2025-09-06 08:37:03
962,25538,1,3227,15,Tablet,image,https://schwartz.com/,False,2025-04-11 08:57:19
963,33720,177,1937,31,Tablet,headline,http://jones.org/,True,2025-09-09 11:33:17
964,49961,152,513,47,Tablet,description,http://www.phelps.org/,False,2025-03-28 20:37:24
965,46360,114,171,41,Tablet,headline,https://www.hodges.info/,False,2025-04-04 10:13:46
966,25861,39,4439,28,Desktop,image,https://www.crosby.com/,False,2025-05-15 10:01:45
967,49538,164,1747,2,Desktop,image,https://jenkins.com/,False,2025-11-05 07:02:18
968,14373,12,3301,31,Tablet,description,http://www.brown.net/,True,2025-04-30 19:49:29
969,46839,19,2803,39,Desktop,headline,https://rios.biz/,False,2025-07-25 17:58:45
970,29399,72,4673,18,Mobile,image,http://www.stone.net/,False,2025-04-11 00:54:07
971,43583,106,3657,28,Desktop,image,https://www.ochoa.com/,True,2025-09-09 08:55:48
972,44173,184,3638,48,Desktop,headline,https://www.richardson.org/,False,2025-05-08 21:43:07
973,43720,179,1748,11,Mobile,cta_button,https://www.freeman.com/,False,2025-07-23 08:39:48
974,24574,82,3398,18,Desktop,image,https://thompson-downs.biz/,False,2025-09-24 19:51:35
975,49138,60,938,39,Mobile,headline,https://www.cox-bates.com/,False,2025-07-29 08:12:15
976,19236,22,3178,41,Mobile,cta_button,http://york.net/,True,2025-06-18 21:51:15
977,36876,83,923,39,Desktop,image,http://www.harper-brady.com/,False,2025-06-04 20:09:48
978,42758,176,4177,26,Desktop,description,https://harding-hill.net/,False,2025-04-12 09:26:05
979,47279,148,3318,13,Tablet,description,https://www.phillips-kaufman.com/,False,2025-06-05 15:30:37
980,23285,195,4243,22,Desktop,headline,https://www.carter.com/,False,2025-01-22 17:08:22
981,4489,181,4983,42,Tablet,cta_button,http://massey.biz/,False,2025-01-30 20:02:16
982,3403,148,716,25,Tablet,description,http://www.jones.org/,False,2025-05-30 17:17:02
983,45969,74,3055,47,Tablet,headline,https://rogers.com/,False,2025-07-06 14:15:25
984,41542,7,1214,33,Mobile,description,https://moss.info/,False,2025-05-04 18:40:02
985,24094,192,3761,34,Desktop,cta_button,https://www.rodriguez-thornton.com/,True,2025-06-20 20:12:03
986,23404,5,2347,38,Tablet,image,https://www.mann.com/,False,2025-09-11 21:29:20
987,26244,28,4862,33,Mobile,image,http://www.mendez-aguilar.com/,False,2025-10-11 12:52:37
988,9886,42,1618,49,Tablet,headline,http://www.salazar.com/,False,2025-03-29 23:09:02
989,4175,139,4723,7,Tablet,description,https://rodriguez.net/,False,2025-01-05 10:13:56
990,34790,97,2654,30,Mobile,image,https://www.lynch.com/,False,2025-04-22 07:01:20
991,46139,141,987,6,Tablet,description,http://fleming.net/,False,2025-03-07 19:43:10
992,49692,16,3181,4,Mobile,image,https://www.foster-mccall.com/,False,2025-03-02 16:23:02
993,17386,180,1024,27,Desktop,cta_button,https://www.fields.com/,False,2025-05-05 19:18:19
994,2940,99,4433,6,Desktop,description,https://www.young-phillips.com/,False,2025-01-14 20:24:27
995,24447,37,3939,7,Desktop,image,https://jenkins.com/,False,2025-01-09 20:07:48
996,26252,65,3924,9,Tablet,description,https://wright.org/,False,2025-08-27 17:55:37
997,15991,88,4810,45,Desktop,headline,https://maynard-ross.com/,False,2025-09-17 09:34:36
998,25903,26,389,18,Mobile,cta_button,https://strickland-anderson.com/,False,2025-04-20 09:34:56
999,24755,167,3581,38,Desktop,headline,https://morrison-vasquez.com/,False,2025-04-23 16:07:58
1000,33401,7,702,30,Mobile,description,https://www.garcia-williams.com/,False,2025-05-26 23:22:49
1001,31297,147,2007,26,Tablet,headline,http://www.owens-thompson.com/,False,2025-05-06 08:52:00
1002,17884,54,4077,13,Mobile,description,http://griffin.info/,False,2025-01-01 20:10:18
1003,17535,60,1940,34,Tablet,image,https://weber-valentine.net/,False,2025-07-28 23:33:07
1004,11365,4,3094,17,Mobile,image,https://www.nguyen-robinson.info/,True,2025-06-22 06:33:15
1005,23236,37,791,28,Tablet,image,https://www.steele.com/,False,2025-01-05 20:28:07
1006,28168,135,2430,20,Desktop,cta_button,http://fisher.info/,False,2025-07-11 18:20:59
1007,30507,86,2157,29,Mobile,image,http://martinez-shaw.net/,False,2025-09-30 19:14:15
1008,43637,17,2764,21,Desktop,headline,http://www.turner.com/,False,2025-04-24 22:17:10
1009,39869,167,1095,15,Tablet,image,https://www.watson.biz/,False,2025-04-28 21:20:24
1010,39604,129,199,20,Mobile,description,https://www.lucas.com/,True,2025-02-07 23:33:55
1011,27819,9,1700,31,Mobile,image,https://www.sampson.org/,False,2025-01-29 20:52:44
1012,34014,187,1809,22,Tablet,description,http://miranda-perez.com/,False,2025-01-27 10:09:41
1013,9559,81,616,42,Desktop,description,http://reilly.com/,False,2025-04-04 20:57:54
1014,2497,159,4776,30,Mobile,image,https://www.adams.com/,False,2025-08-14 19:55:57
1015,10901,140,3319,32,Tablet,cta_button,https://www.klein.com/,False,2025-02-19 20:38:44
1016,42703,69,2208,23,Mobile,image,http://www.hancock.com/,True,2025-10-04 18:50:34
1017,37774,152,3176,27,Mobile,cta_button,https://www.rodriguez.com/,True,2025-03-26 18:18:49
1018,6475,161,4185,17,Tablet,headline,https://ryan.com/,False,2025-08-21 20:11:05
1019,35247,152,2218,28,Mobile,headline,http://jones.com/,True,2025-03-25 19:11:15
1020,46289,138,3337,48,Desktop,cta_button,http://www.edwards-cowan.org/,False,2025-08-18 07:36:16
1021,12240,107,4473,20,Tablet,image,https://www.burton.com/,True,2025-08-26 08:42:14
1022,30073,144,3016,11,Mobile,cta_button,http://www.harris.com/,False,2025-05-10 13:27:28
1023,24989,47,1614,2,Mobile,cta_button,http://bradley-wilson.net/,False,2025-08-20 16:50:15
1024,43008,36,3627,27,Mobile,cta_button,http://west.com/,False,2025-08-13 08:46:52
1025,15237,194,3214,39,Mobile,headline,http://www.nelson-sawyer.info/,False,2025-09-02 20:08:06
1026,17320,150,3338,35,Tablet,headline,https://tucker.com/,False,2025-05-06 19:51:17
1027,8046,20,701,14,Tablet,description,https://nguyen-adams.net/,False,2025-06-29 16:09:54
1028,38213,19,1894,28,Tablet,description,http://romero.biz/,False,2025-07-25 23:35:57
1029,2500,25,264,37,Mobile,description,http://www.hernandez-ramos.com/,True,2025-01-20 22:03:20
1030,45525,144,2284,25,Mobile,headline,https://brooks.com/,False,2025-04-25 11:19:25
1031,38791,56,3944,32,Tablet,image,https://www.barrett.com/,False,2025-02-02 16:13:48
1032,32738,73,4339,3,Desktop,headline,https://www.roth.com/,False,2025-08-03 21:45:13
1033,37521,173,647,35,Mobile,headline,http://www.shea-fitzgerald.info/,True,2025-09-17 20:18:28
1034,45188,150,2791,17,Mobile,description,https://www.lee.com/,False,2025-05-06 09:27:23
1035,4079,128,4152,4,Tablet,description,http://www.taylor-oliver.com/,False,2025-03-20 12:38:26
1036,23903,9,4616,36,Tablet,image,https://franco.com/,False,2025-01-23 14:03:51
1037,3976,121,1722,48,Desktop,headline,http://www.estrada.org/,False,2025-09-10 21:06:49
1038,32148,4,4069,35,Tablet,cta_button,http://www.christensen-harris.com/,False,2025-07-03 20:10:25
1039,17367,118,2976,46,Mobile,headline,http://lynn.com/,False,2025-06-22 09:43:59
1040,44647,158,1873,10,Desktop,cta_button,http://reed.com/,True,2025-05-21 17:30:17
1041,11241,88,497,6,Desktop,image,https://www.ball.com/,False,2025-09-19 09:05:35
1042,34880,125,4275,26,Desktop,cta_button,https://www.esparza-powell.org/,False,2025-02-19 05:58:22
1043,29338,161,4496,9,Desktop,image,https://estrada.net/,False,2025-07-19 09:35:20
1044,22435,158,3259,17,Mobile,headline,http://www.miller.com/,False,2025-05-20 23:43:20
1045,20146,24,778,48,Tablet,image,https://wiggins.org/,True,2025-09-08 00:41:38
1046,48720,42,3602,40,Desktop,headline,http://www.williams.com/,True,2025-03-29 23:49:37
1047,26446,173,3075,9,Mobile,cta_button,https://wolf.com/,False,2025-09-23 10:12:11
1048,3580,160,3389,3,Desktop,image,https://king-horne.net/,False,2025-07-17 10:00:22
1049,45877,85,1829,35,Tablet,cta_button,http://www.yang.org/,False,2025-06-03 20:26:35
1050,12728,80,4976,44,Desktop,cta_button,https://leblanc.net/,False,2025-02-26 07:44:37
1051,8207,77,3012,12,Tablet,cta_button,https://morris-hayes.com/,False,2025-09-23 11:40:47
1052,29421,63,1542,49,Desktop,description,http://allen-glover.com/,False,2025-07-15 20:12:48
1053,48598,18,3597,16,Tablet,image,http://www.porter-flores.info/,False,2025-06-15 12:22:51
1054,30010,6,4070,47,Desktop,headline,http://valdez.com/,False,2025-04-24 16:27:43
1055,12390,196,1587,27,Desktop,headline,https://www.taylor-grant.info/,False,2025-06-28 22:40:05
1056,42701,103,1585,45,Tablet,description,https://moss-lamb.com/,False,2025-08-01 18:32:17
1057,48885,174,794,43,Desktop,description,https://www.rodriguez.org/,False,2025-09-15 12:44:41
1058,22321,55,2218,28,Mobile,image,http://www.morton.com/,False,2025-09-05 11:59:01
1059,3789,14,1944,42,Tablet,cta_button,http://www.hernandez-davidson.org/,False,2025-02-24 19:13:41
1060,11640,75,1432,12,Tablet,cta_button,https://smith.org/,False,2025-06-29 09:13:41
1061,6385,26,2920,14,Mobile,cta_button,https://www.flores.com/,False,2025-05-09 17:31:32
1062,7063,190,3054,26,Desktop,cta_button,http://www.macdonald.com/,False,2025-06-10 22:13:48
1063,28796,168,4222,13,Mobile,description,http://www.martinez-taylor.com/,False,2025-09-26 09:04:33
1064,43630,90,4087,13,Tablet,cta_button,http://jones-thomas.com/,False,2025-10-08 20:37:39
1065,30724,132,4071,37,Mobile,headline,http://www.clark.com/,False,2025-07-16 09:53:51
1066,34610,70,426,47,Mobile,headline,https://bowman.com/,False,2025-07-08 13:15:19
1067,22192,42,3006,30,Desktop,image,https://meadows-brown.biz/,False,2025-04-02 13:03:30
1068,40435,29,2965,14,Mobile,image,https://gardner.net/,False,2025-01-15 20:26:26
1069,48338,39,2406,38,Tablet,description,http://www.jenkins.com/,True,2025-05-19 21:48:04
1070,42494,89,1551,25,Desktop,image,http://perry.com/,False,2025-08-11 11:28:07
1071,5867,6,4888,12,Mobile,image,https://www.moore-rodriguez.com/,False,2025-04-12 12:18:04
1072,30176,14,1968,35,Mobile,headline,https://www.henry-warren.info/,False,2025-02-26 19:49:58
1073,19665,49,1462,42,Mobile,cta_button,https://www.williams.com/,True,2025-07-18 05:33:48
1074,15450,36,2371,18,Mobile,cta_button,http://www.allen.com/,False,2025-08-24 16:47:42
1075,12792,38,2434,17,Mobile,description,http://www.guerrero.net/,False,2025-03-26 20:23:19
1076,21220,42,1507,48,Mobile,description,http://cruz-allen.info/,False,2025-04-01 06:15:02
1077,7343,87,1840,2,Tablet,description,http://www.randolph.com/,False,2025-03-13 20:17:58
1078,15523,16,4915,13,Tablet,headline,http://lozano-gomez.org/,False,2025-03-01 10:10:05
1079,8635,152,4700,19,Tablet,description,http://www.clark.info/,False,2025-03-26 08:55:37
1080,22668,75,1291,46,Mobile,description,https://miller-delacruz.com/,False,2025-07-10 15:39:09
1081,19570,32,4564,32,Desktop,image,http://www.fuller-mitchell.org/,False,2025-08-04 21:30:56
1082,32901,199,3561,32,Mobile,description,http://reyes-garcia.biz/,False,2025-05-27 23:34:46
1083,31649,53,3912,20,Tablet,headline,http://www.smith.com/,False,2025-06-15 23:32:05
1084,14240,31,859,16,Desktop,headline,https://williams.com/,False,2025-04-06 21:50:54
1085,27414,135,913,33,Mobile,description,http://smith-delgado.biz/,False,2025-06-24 10:16:36
1086,14662,129,1227,16,Desktop,cta_button,https://barber.net/,False,2025-03-04 15:53:06
1087,11200,79,4703,15,Mobile,image,https://www.black-johnson.com/,False,2025-04-12 22:01:30
1088,23600,118,1493,24,Mobile,image,http://www.bailey-wilson.net/,False,2025-06-05 23:31:59
1089,41534,89,1366,36,Mobile,headline,https://www.monroe.com/,True,2025-08-08 15:16:59
1090,46645,197,2437,50,Mobile,headline,https://myers-wong.com/,True,2025-06-03 16:29:38
1091,20464,149,479,31,Desktop,image,http://taylor.info/,False,2025-08-08 12:07:29
1092,30115,82,1712,17,Tablet,description,https://meadows.org/,False,2025-09-21 20:23:25
1093,29949,162,1563,19,Tablet,cta_button,http://freeman.com/,False,2025-01-09 20:12:43
1094,19426,150,4936,1,Desktop,description,https://harris-riddle.com/,False,2025-04-27 06:59:21
1095,6411,131,355,45,Desktop,image,http://www.hartman.com/,False,2025-08-11 11:28:14
1096,2906,93,984,36,Tablet,image,http://jackson.biz/,False,2025-03-22 14:19:03
1097,18324,173,3165,11,Tablet,image,https://www.lewis.com/,False,2025-10-08 17:51:42
1098,44971,109,4863,6,Desktop,image,https://mills.com/,False,2025-02-22 07:36:19
1099,2816,136,633,47,Mobile,description,https://francis.info/,False,2025-06-06 16:12:12
1100,24427,103,1968,35,Mobile,headline,https://shepherd.org/,False,2025-08-16 20:54:23
1101,30021,85,2927,22,Mobile,image,http://www.nguyen.info/,False,2025-05-25 18:11:01
1102,26952,194,3141,5,Mobile,headline,https://www.sellers.net/,True,2025-09-23 18:34:43
1103,17911,174,555,46,Desktop,headline,https://www.thompson.com/,False,2025-09-19 17:02:49
1104,42350,184,4061,34,Mobile,description,https://www.parrish-mcconnell.biz/,False,2025-05-07 18:00:45
1105,33057,81,1498,26,Tablet,description,https://www.buckley.com/,False,2025-04-11 14:37:26
1106,38370,18,4422,9,Tablet,image,http://www.johnson.net/,True,2025-05-11 17:14:34
1107,11040,40,610,20,Mobile,headline,http://www.aguilar-wood.com/,True,2025-05-24 18:49:00
1108,12490,136,4123,4,Tablet,description,https://aguilar.org/,False,2025-06-09 08:25:30
1109,16215,151,972,12,Desktop,cta_button,https://www.lee.com/,False,2025-02-12 07:47:13
1110,34542,33,4724,2,Desktop,headline,http://morales.biz/,False,2025-04-17 09:09:44
1111,22968,143,2814,39,Tablet,description,http://clark.com/,False,2025-07-11 06:47:38
1112,6947,90,2333,24,Mobile,image,https://www.lang-jackson.info/,False,2025-10-15 17:06:31
1113,20009,185,1247,5,Mobile,cta_button,http://www.scott.com/,False,2025-03-25 01:10:06
1114,6480,55,3706,14,Mobile,cta_button,http://www.smith.com/,True,2025-09-22 03:02:00
1115,17896,131,817,28,Tablet,headline,http://www.figueroa.com/,False,2025-08-06 20:27:06
1116,42972,21,1230,44,Desktop,headline,https://williams.info/,False,2025-07-24 19:18:01
1117,9133,26,1006,39,Mobile,headline,https://perkins.com/,False,2025-04-13 19:00:26
1118,33716,175,869,12,Mobile,image,https://www.hamilton-robertson.com/,False,2025-01-24 07:52:46
1119,14341,46,4405,36,Mobile,image,http://www.johnson-padilla.com/,False,2025-08-30 18:41:45
1120,7327,75,2097,29,Desktop,cta_button,https://anderson.com/,False,2025-06-17 23:47:17
1121,21646,51,1893,27,Mobile,headline,https://newton-hernandez.com/,False,2025-09-06 11:19:32
1122,35704,164,1022,39,Tablet,cta_button,https://www.davila-montgomery.com/,False,2025-12-11 08:55:18
1123,5424,33,4050,43,Desktop,headline,http://murillo-silva.com/,False,2025-04-12 19:27:50
1124,37569,5,4906,2,Mobile,image,https://black-martin.info/,False,2025-09-08 18:55:16
1125,13920,121,4965,9,Tablet,image,https://www.velez-graves.com/,False,2025-07-25 08:27:56
1126,20816,197,2153,12,Mobile,description,http://steele.com/,False,2025-06-30 09:03:54
1127,10816,60,4490,43,Tablet,cta_button,http://barrera.info/,True,2025-07-23 19:30:15
1128,25288,149,1192,24,Desktop,cta_button,http://brown.com/,False,2025-08-14 12:49:48
1129,49530,31,3964,16,Mobile,headline,https://www.jones.info/,True,2025-04-08 21:11:53
1130,3878,4,4962,15,Desktop,image,https://bullock-butler.com/,False,2025-06-18 07:41:20
1131,33443,138,2560,33,Tablet,image,https://martinez.com/,False,2025-08-19 14:30:55
1132,1436,93,1211,22,Desktop,image,https://jones.com/,False,2025-03-18 20:02:47
1133,7381,132,772,7,Tablet,cta_button,https://rodriguez.com/,False,2025-07-16 22:45:53
1134,23350,79,291,17,Mobile,description,http://thompson.com/,True,2025-04-10 19:33:09
1135,13390,111,2935,8,Desktop,image,http://www.mccarthy-thomas.biz/,False,2025-06-19 12:17:34
1136,28140,136,463,9,Tablet,cta_button,https://www.boyd.com/,False,2025-06-07 10:54:38
1137,32076,155,4575,4,Desktop,cta_button,https://www.miranda.com/,False,2025-08-04 17:47:47
1138,37922,189,4151,22,Tablet,headline,http://www.hurst-reed.biz/,False,2025-02-15 20:36:10
1139,49667,80,4245,6,Desktop,headline,https://www.lopez.com/,True,2025-02-26 10:14:33
1140,13441,88,870,37,Tablet,cta_button,https://www.diaz.org/,False,2025-09-15 12:56:56
1141,21352,149,2752,48,Desktop,headline,https://davis.com/,False,2025-08-20 18:25:26
1142,21458,6,2688,30,Tablet,description,http://www.ponce.info/,False,2025-04-12 19:22:41
1143,16315,32,82,32,Tablet,image,https://www.andrews.org/,False,2025-08-01 21:09:12
1144,3745,111,4949,23,Tablet,description,https://berry-rodriguez.com/,False,2025-06-10 09:20:00
1145,3599,80,3602,40,Desktop,description,https://nunez.com/,False,2025-03-02 16:23:44
1146,12263,20,2470,38,Tablet,cta_button,http://mathews.info/,False,2025-06-21 19:32:40
1147,39679,26,3451,34,Tablet,headline,https://anderson-rogers.com/,False,2025-04-29 09:46:11
1148,6956,46,2889,29,Tablet,cta_button,https://mcfarland.com/,False,2025-08-22 05:16:52
1149,46494,114,4929,41,Mobile,cta_button,http://www.brown-keller.com/,False,2025-03-24 07:12:33
1150,22217,41,1270,40,Desktop,cta_button,http://kim.com/,False,2025-09-23 20:38:14
1151,33043,87,3477,42,Tablet,description,https://www.gordon.com/,False,2025-03-21 11:24:02
1152,42962,194,1161,16,Mobile,image,https://www.romero.info/,True,2025-09-09 13:45:58
1153,3727,32,2951,25,Desktop,headline,https://www.brooks.net/,False,2025-08-13 16:35:20
1154,17972,67,3066,34,Tablet,cta_button,https://smith-smith.com/,True,2025-08-28 10:31:14
1155,8647,86,1100,1,Tablet,description,http://www.franklin.com/,False,2025-09-22 18:37:51
1156,8078,185,2013,14,Mobile,description,https://www.shea.com/,False,2025-03-11 23:17:04
1157,19343,102,4039,35,Tablet,description,http://www.williams-williams.com/,False,2025-02-08 21:10:18
1158,32592,164,771,8,Tablet,headline,https://www.joseph-hamilton.biz/,False,2025-11-11 10:34:31
1159,21418,51,1080,19,Mobile,image,http://mendoza.org/,False,2025-09-11 14:53:52
1160,5489,134,3428,4,Tablet,image,http://www.robinson.org/,False,2025-04-26 20:05:48
1161,6615,21,114,3,Tablet,description,https://www.perkins.com/,False,2025-07-17 08:57:37
1162,37555,50,412,3,Desktop,description,http://jones-golden.biz/,False,2025-04-17 10:36:40
1163,41766,144,3700,19,Mobile,cta_button,http://navarro.info/,True,2025-04-18 20:26:06
1164,5426,52,288,45,Mobile,image,https://www.herrera-gray.com/,True,2025-02-26 08:04:49
1165,12975,172,4113,48,Tablet,image,http://www.holmes-sanders.info/,False,2025-09-19 21:04:26
1166,36620,59,3946,20,Tablet,image,http://www.farrell.com/,False,2025-01-11 12:49:16
1167,20698,51,582,10,Tablet,description,http://www.krause-hernandez.com/,False,2025-09-05 01:01:12
1168,27189,194,952,8,Tablet,image,http://www.cohen.com/,False,2025-09-24 06:19:17
1169,22721,19,1218,14,Tablet,cta_button,https://velazquez.com/,False,2025-08-12 20:34:18
1170,5294,53,1161,16,Mobile,cta_button,http://york-hernandez.com/,False,2025-06-22 07:30:17
1171,10344,81,3303,48,Tablet,image,http://www.miller.com/,False,2025-02-12 03:35:16
1172,29138,129,3232,19,Desktop,cta_button,http://johnson-lopez.com/,False,2025-03-06 15:00:06
1173,40754,55,2548,3,Mobile,image,https://www.lee-west.com/,False,2025-08-28 15:21:56
1174,14273,134,1023,13,Mobile,description,http://www.stevens-york.com/,False,2025-04-28 11:32:02
1175,37012,67,1619,33,Desktop,headline,https://hoffman.com/,True,2025-08-23 21:50:22
1176,12538,81,4699,34,Tablet,headline,https://www.brown.com/,False,2025-03-12 22:29:27
1177,41485,92,4330,31,Desktop,headline,https://conner.net/,False,2025-07-21 19:29:59
1178,18275,175,412,3,Desktop,description,http://www.dominguez.org/,False,2025-01-24 02:33:02
1179,34577,20,3529,14,Tablet,description,https://smith.com/,False,2025-06-28 19:25:37
1180,13941,57,2986,8,Tablet,image,http://carpenter-cruz.com/,False,2025-08-15 14:25:23
1181,34268,45,4075,46,Mobile,cta_button,https://www.johnson-rodriguez.com/,False,2025-08-10 09:45:45
1182,7321,84,3471,24,Desktop,image,http://www.ingram-butler.biz/,False,2025-07-03 18:35:02
1183,30509,197,2574,3,Desktop,description,https://shelton.biz/,False,2025-06-30 19:16:26
1184,9049,27,3876,38,Tablet,headline,https://www.davis-barajas.com/,False,2025-03-02 08:45:26
1185,10136,65,2849,50,Desktop,image,http://www.anthony-oneill.net/,False,2025-09-02 17:25:00
1186,30193,172,3594,45,Mobile,cta_button,https://campbell.biz/,False,2025-09-19 13:30:25
1187,40843,61,1035,18,Mobile,headline,http://white.org/,False,2025-02-14 19:21:30
1188,49263,147,1467,12,Tablet,cta_button,http://contreras.com/,True,2025-04-15 16:30:10
1189,9031,92,2980,41,Desktop,description,https://www.koch.com/,False,2025-07-06 21:30:52
1190,16134,114,4823,37,Mobile,cta_button,http://brady-lee.com/,False,2025-03-20 08:31:26
1191,20197,65,12,29,Mobile,headline,http://www.jackson.com/,True,2025-08-29 07:08:25
1192,42657,156,4557,45,Desktop,description,https://newton.org/,False,2025-07-14 20:38:32
1193,43462,146,1127,2,Tablet,image,http://ortega-downs.com/,False,2025-08-19 10:45:18
1194,47082,36,4700,19,Tablet,image,https://clark.com/,False,2025-08-21 18:36:17
1195,29171,86,4751,34,Mobile,description,https://rogers.net/,False,2025-08-10 18:01:34
1196,13431,146,2867,9,Desktop,cta_button,https://munoz.com/,False,2025-07-14 19:47:50
1197,9732,119,701,14,Tablet,description,http://horne.biz/,False,2025-01-26 06:51:56
1198,20504,198,775,28,Mobile,image,http://www.harrell.net/,False,2025-01-29 12:05:05
1199,2180,112,1629,26,Desktop,image,https://wright.com/,False,2025-04-10 22:09:33
1200,1368,77,3731,49,Desktop,cta_button,http://duncan-robinson.com/,False,2025-09-21 12:47:32
1201,32478,187,1135,33,Mobile,cta_button,https://www.gallegos-ellis.com/,False,2025-01-29 20:55:03
1202,16034,192,4818,15,Mobile,description,https://gill.com/,False,2025-08-19 18:09:07
1203,8565,42,623,9,Desktop,description,https://www.russell.net/,False,2025-04-03 13:02:15
1204,6092,154,2079,44,Desktop,headline,http://www.jackson.info/,False,2025-08-19 19:37:30
1205,24616,194,3749,8,Tablet,image,https://banks-patel.biz/,False,2025-09-19 12:31:57
1206,30327,127,2799,44,Tablet,image,http://www.johnson.com/,False,2025-09-22 22:06:19
1207,21733,109,1742,40,Desktop,headline,http://bates-butler.org/,True,2025-03-05 20:56:35
1208,10493,197,1462,42,Mobile,cta_button,http://www.cowan.info/,False,2025-04-22 17:51:04
1209,2399,121,3658,31,Desktop,image,https://www.richmond-compton.com/,False,2025-09-11 11:29:28
1210,27341,81,1100,1,Tablet,description,https://www.fisher.com/,False,2025-02-24 12:56:33
1211,6944,72,3338,35,Tablet,image,http://dawson-owens.org/,False,2025-04-21 04:02:32
1212,24880,128,4520,31,Mobile,cta_button,http://www.roberts-coffey.biz/,False,2025-03-14 07:37:05
1213,14876,46,279,34,Tablet,cta_button,https://johnson.com/,False,2025-08-25 08:49:01
1214,4902,47,4343,27,Mobile,cta_button,https://www.kelley-santos.com/,False,2025-09-04 20:06:23
1215,6547,86,2490,10,Desktop,image,https://www.morgan-young.info/,False,2025-09-23 21:59:03
1216,608,19,518,23,Tablet,headline,http://acosta-patterson.biz/,False,2025-09-03 10:38:14
1217,38927,64,2962,18,Tablet,description,http://lester-jones.com/,False,2025-10-06 19:39:06
1218,32569,18,3745,7,Tablet,headline,https://pratt-cruz.com/,False,2025-05-24 14:17:10
1219,5490,126,2768,41,Desktop,description,https://garcia.com/,False,2025-09-20 18:22:02
1220,18636,30,2808,49,Desktop,headline,http://phillips-young.com/,True,2025-02-24 16:59:10
1221,18656,3,4565,27,Desktop,cta_button,http://www.ayala.net/,False,2025-05-04 13:30:06
1222,15203,124,3509,22,Desktop,image,http://www.crane.net/,False,2025-08-08 06:11:53
1223,35589,135,4012,17,Tablet,cta_button,http://www.wood.info/,False,2025-05-09 13:47:29
1224,11558,187,3872,11,Desktop,headline,https://www.kirby.com/,True,2025-01-31 14:35:01
1225,22609,105,1747,2,Desktop,image,https://www.rios.com/,False,2025-07-06 18:35:46
1226,30225,79,828,39,Mobile,headline,http://www.chen.info/,False,2025-03-26 10:47:09
1227,19043,194,3613,44,Desktop,description,http://moore-holmes.biz/,False,2025-09-08 19:44:26
1228,20984,184,1391,40,Mobile,cta_button,https://baird-carpenter.net/,True,2025-02-17 08:02:25
1229,9225,128,3889,23,Desktop,image,https://www.howard.net/,False,2025-03-23 21:05:08
1230,46838,103,2614,40,Mobile,image,https://www.dunn-carrillo.com/,False,2025-08-10 13:29:07
1231,47271,71,1233,1,Desktop,description,http://gonzalez.net/,False,2025-06-26 13:49:31
1232,7372,125,2446,39,Mobile,image,https://www.bender.com/,False,2025-03-17 08:50:32
1233,34845,104,1138,31,Desktop,cta_button,http://miller-turner.com/,False,2025-03-19 11:52:56
1234,8165,171,4120,19,Tablet,description,https://www.mccullough.com/,True,2025-05-03 03:59:09
1235,11112,98,2686,5,Tablet,headline,http://thomas.com/,False,2025-09-06 12:46:10
1236,16318,74,553,1,Desktop,description,https://www.martinez-fischer.org/,False,2025-07-13 09:59:54
1237,28147,54,3740,50,Mobile,headline,https://smith.net/,False,2025-01-01 08:48:05
1238,36306,118,3419,25,Tablet,headline,https://gilbert-fernandez.com/,False,2025-06-15 16:14:15
1239,8832,103,4343,27,Mobile,cta_button,http://henderson.net/,False,2025-08-08 21:22:38
1240,47724,197,2664,25,Tablet,description,http://jackson-hill.com/,False,2025-06-07 13:27:02
1241,49515,142,393,25,Tablet,cta_button,https://www.martinez.info/,False,2025-01-09 07:58:32
1242,8914,106,1812,5,Desktop,headline,http://www.tran.com/,False,2025-09-19 20:06:17
1243,42697,80,2164,46,Tablet,headline,http://www.brown.com/,False,2025-03-10 05:57:17
1244,34922,173,3665,2,Tablet,headline,http://www.graves.com/,False,2025-09-26 20:25:37
1245,22605,87,1326,13,Tablet,cta_button,http://wright.com/,False,2025-03-20 09:30:09
1246,16040,15,2662,45,Desktop,headline,https://blake.org/,False,2025-09-29 21:35:00
1247,35983,7,193,45,Mobile,headline,https://burton.info/,False,2025-03-31 19:18:18
1248,39507,94,3989,32,Tablet,description,https://hunt.org/,True,2025-01-21 12:50:21
1249,9151,188,3818,39,Desktop,image,https://jones.info/,False,2025-02-06 23:39:08
1250,33756,28,3307,27,Desktop,image,https://foley.com/,False,2025-10-23 14:50:41
1251,32431,182,1487,39,Mobile,image,http://hart-wood.com/,True,2025-07-13 21:17:03
1252,9385,146,3425,43,Mobile,headline,http://www.kline.com/,False,2025-07-08 18:07:57
1253,20161,76,1313,50,Tablet,headline,http://lee-stevens.net/,False,2025-07-19 07:33:10
1254,11533,135,1131,31,Tablet,cta_button,http://chavez-perry.info/,False,2025-06-22 08:02:44
1255,24235,157,1147,19,Mobile,description,https://russell.com/,False,2025-01-26 08:29:36
1256,31069,49,939,28,Tablet,headline,https://brown.info/,False,2025-07-14 22:31:38
1257,17605,186,1558,17,Tablet,cta_button,http://www.franklin.com/,False,2025-04-03 20:47:46
1258,46953,119,2296,5,Mobile,cta_button,http://www.ruiz-rivas.biz/,True,2025-02-10 11:17:14
1259,14926,188,1891,18,Mobile,image,https://jones.com/,False,2025-02-05 10:24:30
1260,17291,99,1040,28,Mobile,cta_button,http://wolfe.com/,False,2025-01-15 19:51:24
1261,17107,48,4631,23,Desktop,cta_button,http://hester.com/,False,2025-05-15 09:34:56
1262,25169,11,4239,2,Desktop,image,https://mason.net/,False,2025-10-31 09:55:11
1263,9717,108,2005,45,Tablet,headline,https://patton.com/,True,2025-03-25 16:20:12
1264,49432,130,1639,41,Desktop,cta_button,http://www.griffith.com/,False,2025-07-27 10:30:25
1265,10238,155,2510,20,Tablet,image,https://www.baldwin.com/,False,2025-08-15 12:13:37
1266,3921,34,1067,11,Desktop,cta_button,https://www.jacobs.com/,True,2025-06-01 11:49:37
1267,446,7,1168,13,Desktop,description,http://www.weber-bruce.info/,False,2025-05-04 19:25:28
1268,24389,110,3948,33,Tablet,image,https://mendez-moore.info/,False,2025-10-06 17:34:51
1269,15813,40,137,34,Tablet,description,http://www.scott-hampton.com/,False,2025-06-16 19:12:18
1270,43815,94,840,39,Mobile,description,http://vargas.biz/,True,2025-01-18 20:09:45
1271,42644,52,3304,38,Desktop,cta_button,http://www.eaton-garrett.net/,False,2025-03-05 19:13:16
1272,47463,99,1573,37,Mobile,description,https://www.mitchell.info/,False,2025-01-12 21:16:35
1273,26356,121,796,46,Desktop,cta_button,http://kerr.biz/,False,2025-08-14 15:51:32
1274,1246,134,4240,42,Desktop,cta_button,https://yates.com/,False,2025-04-22 00:26:54
1275,2814,183,3172,43,Mobile,cta_button,https://www.smith.com/,False,2025-10-17 20:59:31
1276,46616,64,2190,14,Tablet,image,http://www.stewart.info/,False,2025-10-03 16:17:13
1277,23596,118,3574,14,Desktop,cta_button,https://sweeney.com/,False,2025-06-24 03:20:00
1278,34616,159,457,44,Mobile,image,http://jones-mueller.org/,False,2025-08-08 08:28:47
1279,5364,44,1181,36,Desktop,cta_button,https://www.wyatt.com/,False,2025-08-08 06:25:49
1280,10225,194,1246,45,Desktop,description,http://jackson.net/,False,2025-09-08 09:16:16
1281,15179,88,935,15,Mobile,cta_button,http://www.perkins-hayes.com/,False,2025-09-17 06:45:01
1282,48405,58,3898,23,Tablet,headline,https://ortiz.com/,False,2025-05-29 08:20:24
1283,38723,7,128,30,Tablet,description,https://www.le-holden.net/,False,2025-05-27 21:04:14
1284,16604,141,1957,47,Desktop,cta_button,http://www.grant.com/,False,2025-03-02 06:56:51
1285,15,94,867,48,Desktop,headline,https://thompson.biz/,False,2025-01-21 09:00:43
1286,16775,189,3824,3,Desktop,cta_button,http://cantrell.biz/,False,2025-02-12 02:39:33
1287,34840,131,1414,25,Mobile,cta_button,https://www.williams-miller.com/,False,2025-08-20 20:52:29
1288,25747,13,100,18,Desktop,description,http://riley-smith.info/,True,2025-01-06 18:25:32
1289,47262,44,792,33,Tablet,image,http://www.dunn.net/,True,2025-08-25 16:57:47
1290,39846,182,3011,19,Desktop,cta_button,https://www.arnold-neal.biz/,False,2025-07-07 11:47:49
1291,47725,194,3923,24,Desktop,description,https://zamora.net/,False,2025-09-18 09:01:02
1292,30836,161,3350,22,Tablet,headline,http://www.hicks.biz/,False,2025-08-19 12:30:55
1293,25512,25,2988,37,Mobile,headline,http://jackson.org/,False,2025-02-04 21:01:20
1294,34263,69,4628,16,Desktop,description,https://www.snyder.net/,False,2025-10-12 18:46:32
1295,19476,42,3370,1,Mobile,image,http://www.blankenship.com/,True,2025-03-30 08:57:57
1296,30925,119,1536,21,Desktop,cta_button,http://www.myers.org/,False,2025-02-15 17:37:00
1297,38274,79,3806,19,Desktop,description,http://www.harris-king.com/,False,2025-04-10 09:32:00
1298,17596,81,2593,21,Mobile,headline,https://www.clark.net/,False,2025-03-04 07:26:00
1299,30187,173,1035,18,Mobile,headline,https://www.weaver.com/,False,2025-09-24 08:21:33
1300,2941,136,2536,32,Desktop,description,http://www.ortiz.com/,True,2025-06-03 07:06:48
1301,3719,111,4243,22,Desktop,headline,http://www.willis.info/,False,2025-06-05 19:25:21
1302,14898,86,3540,17,Desktop,headline,http://klein.info/,False,2025-07-09 10:47:53
1303,2666,187,3942,40,Tablet,cta_button,http://www.castillo.info/,False,2025-02-06 15:34:36
1304,5102,146,4992,5,Desktop,image,https://www.campbell.com/,False,2025-07-20 06:53:47
1305,12005,37,170,12,Mobile,image,http://hill-white.info/,False,2025-01-06 00:49:20
1306,42097,135,4291,49,Tablet,image,http://www.ramsey-edwards.com/,True,2025-04-23 18:44:17
1307,10082,58,2549,33,Desktop,headline,http://www.thompson.org/,False,2025-05-17 23:32:05
1308,44897,23,4461,10,Mobile,description,https://gates-steele.com/,True,2025-02-05 09:51:02
1309,37438,116,2610,24,Desktop,headline,https://www.short-kelly.com/,False,2025-08-08 08:01:59
1310,41428,160,1265,9,Tablet,image,https://www.le.com/,False,2025-06-26 10:23:01
1311,48106,148,3389,3,Desktop,headline,http://www.robbins-schultz.biz/,False,2025-05-30 11:59:11
1312,9616,57,2435,40,Desktop,description,http://www.mendoza.com/,False,2025-08-17 20:51:17
1313,39083,19,603,26,Desktop,image,https://www.hopkins.com/,False,2025-08-07 19:55:44
1314,40993,161,1902,10,Mobile,headline,http://browning.net/,True,2025-08-04 14:13:32
1315,28133,150,3957,10,Desktop,cta_button,https://jones-benjamin.info/,True,2025-05-12 05:59:03
1316,35002,65,2895,16,Tablet,headline,https://osborne.info/,True,2025-08-27 09:23:35
1317,21209,200,939,28,Tablet,description,https://evans.com/,False,2025-03-05 13:05:45
1318,11790,146,4315,44,Mobile,image,http://davis.com/,False,2025-09-07 12:02:29
1319,4167,63,1265,9,Tablet,image,https://www.stephens-hernandez.com/,False,2025-07-03 11:59:33
1320,18128,194,4809,23,Mobile,image,https://www.reed-mason.info/,False,2025-09-26 08:56:19
1321,40508,2,726,46,Tablet,image,https://www.ortega-jackson.com/,False,2025-01-19 23:43:33
1322,47151,184,2443,24,Desktop,headline,http://marsh-jones.org/,False,2025-04-19 18:26:05
1323,36036,76,3835,12,Mobile,cta_button,http://www.klein.com/,False,2025-06-23 21:33:26
1324,5037,65,2063,27,Mobile,description,http://www.myers-anderson.com/,False,2025-09-13 16:13:34
1325,8905,27,2606,17,Mobile,image,https://www.massey.net/,False,2025-03-05 20:45:26
1326,8367,39,3827,40,Desktop,description,http://richards-lowe.com/,False,2025-05-16 11:44:34
1327,39380,158,4645,12,Mobile,image,https://www.hunt-cook.biz/,False,2025-05-26 20:21:12
1328,49288,135,143,13,Tablet,description,http://bell.net/,False,2025-06-11 07:07:57
1329,48476,4,10,13,Mobile,description,http://west-perez.com/,False,2025-06-29 07:39:48
1330,46392,81,2691,1,Mobile,image,http://owens.com/,True,2025-03-24 12:42:07
1331,16019,71,2330,42,Tablet,headline,https://www.harris.info/,False,2025-06-11 11:56:25
1332,4895,30,4128,8,Desktop,description,https://www.simmons.biz/,False,2025-02-27 10:57:23
1333,29683,117,3968,15,Desktop,headline,https://myers.com/,False,2025-07-29 08:42:51
1334,16946,151,4817,40,Desktop,description,https://www.shaw.biz/,False,2025-02-05 14:50:27
1335,38068,132,4142,44,Mobile,cta_button,https://cole-bradshaw.info/,False,2025-07-07 11:29:10
1336,1008,75,2322,18,Desktop,description,https://murphy.com/,False,2025-06-15 22:48:09
1337,16393,88,2507,25,Mobile,headline,http://www.simpson.com/,False,2025-09-18 19:57:11
1338,5731,140,1937,31,Tablet,headline,http://chandler.com/,False,2025-02-19 08:05:35
1339,44885,43,4476,14,Desktop,headline,http://www.morris.biz/,True,2025-07-18 08:42:47
1340,41669,151,3708,18,Tablet,cta_button,https://ball-mclaughlin.com/,False,2025-01-28 15:24:46
1341,23060,54,3056,9,Tablet,description,https://larson.com/,False,2025-01-04 08:50:11
1342,36337,100,3017,34,Desktop,headline,http://www.hudson.info/,False,2025-05-21 10:20:10
1343,34491,197,1751,29,Tablet,description,https://www.yates.com/,False,2025-07-02 18:13:45
1344,10771,159,4064,22,Mobile,image,https://jordan.com/,False,2025-08-04 11:59:47
1345,29007,99,52,29,Desktop,headline,https://shaw-hudson.info/,True,2025-01-11 22:59:58
1346,47647,197,4329,26,Desktop,cta_button,https://www.henderson.com/,False,2025-06-23 15:57:59
1347,19470,105,3881,12,Desktop,cta_button,https://www.petersen.com/,False,2025-07-05 11:52:22
1348,32582,105,911,26,Desktop,headline,http://www.garza.com/,False,2025-07-05 06:16:41
1349,25932,139,364,33,Desktop,cta_button,https://www.meyers.com/,False,2025-01-05 07:05:28
1350,46951,189,2024,12,Desktop,headline,https://lyons-chan.com/,False,2025-02-08 18:34:07
1351,41665,51,4120,19,Tablet,cta_button,https://www.gomez-casey.com/,False,2025-09-07 20:46:47
1352,5401,76,2882,9,Mobile,description,https://www.jensen-kennedy.biz/,True,2025-07-18 08:24:59
1353,20579,6,477,8,Desktop,image,http://ford.net/,False,2025-04-20 23:19:36
1354,23108,133,4822,29,Desktop,description,http://ferguson.biz/,False,2025-02-18 19:45:44
1355,10566,65,586,7,Tablet,description,https://www.rogers.com/,False,2025-09-12 14:53:10
1356,26920,180,24,10,Tablet,cta_button,https://moore.com/,False,2025-07-02 10:38:11
1357,42199,160,1310,46,Tablet,headline,http://moyer.com/,False,2025-07-07 19:26:55
1358,38955,87,2653,30,Mobile,cta_button,https://www.turner.com/,True,2025-03-19 15:56:01
1359,3149,137,723,28,Desktop,description,https://patterson.com/,False,2025-01-26 13:19:27
1360,4137,77,4584,2,Desktop,cta_button,http://carr.com/,False,2025-09-22 15:29:34
1361,46228,55,4203,21,Mobile,description,http://dyer.com/,True,2025-09-12 20:17:50
1362,46220,126,2424,42,Desktop,headline,https://www.hill.biz/,False,2025-09-18 22:24:51
1363,20927,198,423,46,Tablet,cta_button,http://www.melton-gordon.com/,False,2025-02-03 18:24:22
1364,4979,47,367,12,Tablet,cta_button,http://walker-burton.com/,False,2025-08-29 08:31:38
1365,6521,36,3218,43,Tablet,image,https://www.evans.info/,True,2025-08-20 21:57:23
1366,45907,74,2293,27,Tablet,headline,http://www.holmes.org/,False,2025-07-15 21:46:46
1367,3026,155,329,25,Mobile,cta_button,http://hudson.com/,False,2025-08-14 21:55:34
1368,44935,58,4105,37,Desktop,cta_button,https://pearson.org/,False,2025-05-25 19:50:28
1369,28111,19,1604,27,Desktop,headline,http://www.jones.com/,False,2025-08-28 19:34:28
1370,46011,183,4999,18,Desktop,image,https://fisher.info/,False,2025-10-22 22:13:12
1371,23447,185,4603,4,Tablet,description,http://lee-mueller.biz/,False,2025-04-09 18:55:20
1372,27024,152,4697,10,Tablet,description,https://www.campbell.com/,False,2025-03-27 09:41:13
1373,19729,182,1265,9,Tablet,description,https://www.middleton.com/,False,2025-07-16 19:24:43
1374,2090,162,99,9,Tablet,description,http://www.johnson.biz/,False,2025-01-04 09:06:11
1375,27586,180,4256,24,Tablet,headline,https://bishop.com/,False,2025-05-26 11:47:10
1376,32728,105,9,44,Tablet,description,https://www.henson.com/,False,2025-07-06 20:33:58
1377,37566,180,1665,1,Tablet,cta_button,http://gilmore.com/,True,2025-04-15 20:06:06
1378,30538,110,1545,28,Tablet,headline,http://www.rodriguez-sweeney.com/,False,2025-10-03 20:42:01
1379,43463,171,3773,40,Desktop,cta_button,http://www.bailey.info/,False,2025-05-12 09:57:57
1380,20435,73,3678,29,Tablet,description,https://garcia-gordon.biz/,True,2025-08-04 17:39:54
1381,27757,17,3635,35,Tablet,description,https://www.smith.com/,False,2025-04-27 11:10:56
1382,22244,176,2674,48,Desktop,image,http://smith.com/,False,2025-04-10 19:27:05
1383,22688,133,3702,39,Desktop,image,https://aguirre.com/,False,2025-02-15 18:30:02
1384,40656,64,2042,32,Mobile,headline,https://www.tran.com/,False,2025-09-24 16:32:44
1385,14158,31,4310,33,Desktop,cta_button,http://simmons.com/,True,2025-04-08 21:40:37
1386,21484,109,2686,5,Tablet,headline,http://www.mccarthy-carpenter.com/,False,2025-03-14 07:44:56
1387,40691,48,579,37,Tablet,description,https://winters.biz/,False,2025-06-09 08:05:02
1388,8732,76,1943,26,Tablet,image,https://hughes.com/,False,2025-07-27 21:35:14
1389,4179,20,4776,30,Mobile,image,http://williams-massey.info/,False,2025-07-03 05:51:41
1390,1804,43,4580,10,Desktop,description,http://curtis.com/,False,2025-07-18 10:54:20
1391,48662,173,4619,25,Mobile,headline,http://valentine-white.com/,False,2025-09-19 07:48:25
1392,17648,29,1285,49,Mobile,image,http://www.thompson.com/,False,2025-01-12 13:56:42
1393,18230,67,1225,47,Desktop,image,https://watson.com/,False,2025-08-16 07:52:42
1394,15965,74,56,26,Tablet,cta_button,https://koch-logan.biz/,False,2025-07-17 08:14:47
1395,44553,100,2662,45,Desktop,cta_button,http://www.stevens.biz/,False,2025-05-25 14:16:07
1396,25234,184,561,39,Tablet,image,https://www.parker.net/,False,2025-05-08 11:38:07
1397,10945,120,1447,1,Tablet,description,https://mcdowell.org/,False,2025-03-12 08:00:07
1398,23891,89,4435,3,Mobile,description,http://shannon.com/,False,2025-08-09 10:56:00
1399,12298,147,2275,6,Desktop,description,http://www.fitzgerald-harris.info/,False,2025-05-04 09:31:24
1400,39141,98,1797,49,Desktop,cta_button,https://www.orr.biz/,False,2025-08-31 23:28:32
1401,37718,39,2576,50,Mobile,image,http://www.lawson-hernandez.com/,False,2025-05-18 14:37:16
1402,31636,128,4246,13,Tablet,image,http://www.reed-yu.com/,True,2025-03-16 21:52:03
1403,4732,33,173,12,Desktop,image,https://www.huffman.biz/,False,2025-04-19 19:20:27
1404,8762,132,2604,28,Mobile,image,https://gillespie.org/,False,2025-07-14 09:20:17
1405,11231,135,3728,4,Mobile,headline,https://davis-christensen.com/,True,2025-05-23 10:51:35
1406,34659,115,3165,11,Tablet,cta_button,http://www.howard-douglas.com/,False,2025-02-21 07:22:29
1407,45151,120,2103,5,Tablet,headline,https://www.gonzalez.com/,False,2025-04-07 20:20:24
1408,14180,27,2754,44,Tablet,image,https://walters-kelley.biz/,False,2025-02-28 08:05:54
1409,49259,59,2995,40,Tablet,headline,http://www.hall.com/,False,2025-01-08 08:27:51
1410,20379,102,3267,5,Desktop,image,http://lopez.biz/,False,2025-02-07 23:25:07
1411,5315,178,863,31,Mobile,headline,https://cobb.com/,False,2025-06-09 20:37:05
1412,7183,147,1451,7,Desktop,headline,http://www.morales-hernandez.com/,False,2025-04-18 07:15:03
1413,44377,62,512,25,Mobile,description,http://bennett.com/,True,2025-09-09 18:02:25
1414,13088,155,676,20,Tablet,headline,https://www.brown-smith.org/,False,2025-08-16 19:01:50
1415,41967,179,4824,27,Desktop,headline,http://www.allen-anderson.com/,False,2025-08-12 08:04:07
1416,13532,143,4788,44,Mobile,cta_button,http://lara-kelly.com/,False,2025-06-06 22:08:51
1417,27669,115,4281,35,Tablet,image,http://www.james.biz/,False,2025-02-13 18:23:57
1418,34349,17,1464,30,Desktop,headline,http://www.baker.biz/,False,2025-04-30 18:23:41
1419,44656,112,3858,1,Mobile,image,https://harris.net/,False,2025-05-07 03:48:26
1420,2997,127,780,28,Tablet,cta_button,https://perez-hoover.com/,False,2025-09-29 08:39:16
1421,6666,76,3186,44,Tablet,cta_button,http://doyle-fitzpatrick.org/,True,2025-06-29 22:04:40
1422,43209,178,3224,37,Desktop,cta_button,http://www.santos.com/,False,2025-05-21 19:43:30
1423,5526,172,3575,18,Mobile,description,https://www.lozano.com/,True,2025-09-22 20:18:20
1424,16163,57,165,22,Tablet,cta_button,https://powell.org/,False,2025-08-17 22:59:45
1425,33934,64,3364,15,Tablet,headline,http://medina.info/,False,2025-09-30 17:54:25
1426,30419,25,389,18,Mobile,image,http://reeves-obrien.biz/,True,2025-01-13 09:02:12
1427,14957,121,210,47,Tablet,description,https://mendoza-watson.org/,False,2025-07-08 06:44:37
1428,37679,118,1437,2,Tablet,headline,http://johnson.org/,False,2025-06-21 15:36:26
1429,18591,4,1666,31,Desktop,cta_button,https://madden-cole.org/,False,2025-06-07 09:37:34
1430,25966,107,258,4,Tablet,cta_button,https://www.jones.com/,True,2025-08-29 22:36:54
1431,811,57,4243,22,Desktop,description,https://wolfe.info/,False,2025-08-16 08:40:07
1432,42555,93,717,39,Tablet,headline,http://www.perry.info/,False,2025-03-16 19:38:58
1433,26487,25,1892,14,Desktop,description,https://www.zavala-blair.info/,False,2025-01-23 20:03:51
1434,48142,74,3826,33,Mobile,cta_button,https://www.moody.net/,False,2025-06-23 08:39:03
1435,23700,169,1418,27,Desktop,image,https://burnett.biz/,False,2025-03-06 14:26:33
1436,21963,65,3424,29,Tablet,cta_button,http://harmon.com/,False,2025-09-07 22:17:26
1437,1379,123,3723,4,Tablet,headline,http://www.gray.com/,False,2025-03-19 11:17:03
1438,24897,110,3578,29,Desktop,headline,https://silva-johnson.com/,False,2025-09-21 10:14:54
1439,6657,133,2785,29,Desktop,cta_button,https://www.williams.com/,False,2025-02-05 10:10:47
1440,49347,34,3843,17,Mobile,cta_button,https://reed.biz/,False,2025-06-18 20:58:55
1441,8607,162,379,40,Desktop,description,https://www.horne.com/,False,2025-01-10 07:46:01
1442,36025,151,3620,40,Mobile,cta_button,https://www.barrett.info/,False,2025-03-27 09:22:50
1443,29388,117,4478,2,Tablet,image,https://johnson.com/,False,2025-07-23 08:49:10
1444,10672,188,3724,47,Tablet,cta_button,https://gonzalez.com/,False,2025-02-05 10:07:33
1445,41016,101,3659,2,Tablet,cta_button,https://www.wagner.com/,False,2025-03-24 18:59:10
1446,43244,129,4513,24,Desktop,cta_button,http://rosales.com/,False,2025-01-24 11:08:08
1447,42463,131,589,38,Desktop,image,http://joseph.org/,False,2025-08-04 20:38:09
1448,2273,128,707,41,Desktop,image,https://moore-guerrero.org/,False,2025-03-11 10:39:00
1449,22740,135,1472,4,Tablet,description,https://bryant-olson.com/,False,2025-05-25 18:46:00
1450,47870,44,2308,2,Tablet,description,http://lee.com/,False,2025-09-14 23:14:31
1451,28035,183,4346,2,Desktop,image,http://campbell-bradley.net/,False,2025-10-06 11:49:04
1452,2840,137,1877,29,Desktop,cta_button,https://bailey-jones.org/,False,2025-02-02 05:33:10
1453,5260,148,4011,37,Tablet,headline,http://www.foley.com/,False,2025-06-02 20:21:41
1454,29566,146,2793,30,Tablet,headline,https://case-estrada.info/,False,2025-09-07 21:52:01
1455,6059,37,3897,42,Tablet,cta_button,http://www.erickson.com/,False,2025-01-06 06:37:53
1456,31275,189,3708,18,Tablet,headline,http://jones.com/,False,2025-02-19 23:52:07
1457,10855,54,3964,16,Mobile,description,http://www.burnett.net/,False,2025-01-04 19:44:35
1458,34116,100,4845,21,Tablet,image,http://conrad-anderson.info/,False,2025-05-25 04:58:42
1459,36715,189,3577,39,Mobile,headline,https://hull.info/,False,2025-02-17 21:34:18
1460,46141,101,2307,27,Desktop,image,https://wang.com/,False,2025-04-23 10:17:28
1461,32988,14,1025,1,Tablet,headline,https://stone-fuller.org/,True,2025-03-10 10:57:08
1462,45747,137,676,20,Tablet,image,https://www.becker.org/,False,2025-01-26 10:12:36
1463,24356,72,3861,26,Tablet,cta_button,https://www.mahoney.com/,False,2025-04-02 20:02:07
1464,5251,82,1306,26,Mobile,cta_button,http://www.russell.com/,False,2025-09-23 19:35:44
1465,33850,75,64,48,Desktop,image,http://williams.com/,False,2025-07-09 08:43:05
1466,30191,54,264,37,Mobile,description,http://www.collins-estes.com/,False,2025-01-02 11:10:25
1467,12089,45,1250,38,Desktop,headline,http://wheeler.org/,False,2025-07-17 19:42:04
1468,7762,86,3799,35,Mobile,cta_button,http://www.thomas-williams.info/,False,2025-07-14 08:02:27
1469,25299,107,2782,21,Tablet,image,https://www.rivera.com/,False,2025-08-28 16:00:04
1470,1624,196,1506,7,Mobile,image,http://www.kane.info/,False,2025-05-12 08:23:10
1471,38925,69,3111,40,Tablet,cta_button,http://cantu.net/,True,2025-10-05 20:54:47
1472,23330,69,3278,43,Tablet,image,http://nelson.com/,False,2025-09-29 07:27:55
1473,1575,22,3649,44,Tablet,description,https://carter.com/,False,2025-07-23 11:19:27
1474,23312,40,4919,42,Desktop,cta_button,http://www.graham.com/,False,2025-05-26 15:00:07
1475,4369,51,4845,21,Tablet,description,http://brown.com/,False,2025-09-05 13:40:51
1476,23465,133,2743,2,Tablet,description,http://turner.com/,False,2025-01-21 20:14:01
1477,5246,117,2047,23,Desktop,image,https://www.hunter.net/,False,2025-07-23 09:11:24
1478,11947,89,3035,42,Desktop,cta_button,http://patton.org/,False,2025-08-08 21:34:04
1479,3909,165,21,8,Tablet,image,http://murray.biz/,True,2025-05-28 20:25:22
1480,4194,32,1960,49,Tablet,cta_button,https://peterson-larsen.net/,False,2025-08-16 06:28:30
1481,48008,148,3701,35,Mobile,headline,https://www.lee-williamson.com/,False,2025-06-05 20:44:10
1482,6623,18,4407,37,Mobile,headline,https://white-blake.org/,False,2025-04-30 00:44:24
1483,40138,76,3243,12,Tablet,image,http://www.delgado.com/,True,2025-08-08 22:23:08
1484,41630,44,57,15,Tablet,image,http://www.martinez.net/,False,2025-09-12 02:16:17
1485,3467,114,3989,32,Tablet,description,http://thompson-vance.biz/,False,2025-04-10 18:36:56
1486,13329,133,4117,14,Mobile,image,https://jackson.biz/,False,2025-02-15 11:26:28
1487,30501,74,3475,38,Mobile,cta_button,https://www.price.com/,False,2025-06-23 21:42:06
1488,8995,149,1700,31,Mobile,cta_button,https://wall.com/,False,2025-08-22 14:50:02
1489,19512,111,4715,28,Desktop,cta_button,http://watson-edwards.com/,True,2025-06-18 21:45:16
1490,15293,166,133,37,Tablet,description,http://watson.com/,False,2025-04-29 10:34:22
1491,16596,103,3141,5,Mobile,image,https://www.christian.org/,False,2025-08-21 09:33:42
1492,11965,97,2147,25,Mobile,description,https://www.hensley-davis.com/,False,2025-05-06 06:38:42
1493,11469,92,4867,14,Mobile,cta_button,http://roberts-reese.com/,False,2025-07-15 19:07:43
1494,17927,136,843,12,Mobile,description,https://ryan-phillips.com/,False,2025-06-09 21:21:19
1495,861,105,1386,30,Mobile,description,http://reyes-lynch.info/,False,2025-07-02 08:50:53
1496,45415,182,1101,37,Tablet,cta_button,https://www.moore-johnson.com/,False,2025-06-30 21:26:26
1497,5880,169,2954,25,Tablet,headline,http://www.peters.com/,False,2025-03-12 10:43:03
1498,13766,127,3285,33,Desktop,cta_button,http://www.carr-king.com/,False,2025-10-04 07:42:55
1499,29950,185,3163,25,Tablet,image,https://fry.com/,True,2025-03-22 23:19:31
1500,25544,55,566,38,Desktop,image,https://www.carpenter.biz/,False,2025-08-30 10:20:20
1501,3301,137,1062,47,Mobile,headline,https://www.campbell.info/,False,2025-02-06 20:11:20
1502,36468,153,2375,28,Mobile,cta_button,https://www.anderson-cook.org/,False,2025-09-10 09:52:40
1503,26013,31,1629,26,Desktop,description,https://vasquez.info/,False,2025-04-17 21:42:08
1504,20028,57,2508,16,Desktop,headline,https://carpenter.com/,False,2025-08-14 19:50:07
1505,996,21,4241,48,Tablet,description,https://lee.com/,False,2025-08-03 14:22:29
1506,24471,128,3006,30,Desktop,image,https://www.barnett.com/,False,2025-03-18 19:18:30
1507,32659,92,4759,41,Tablet,image,https://www.hendricks.com/,False,2025-06-28 21:04:31
1508,44215,173,163,36,Desktop,headline,http://www.davis.com/,False,2025-10-15 21:08:36
1509,20298,187,3126,20,Tablet,description,https://may.com/,True,2025-02-05 09:14:31
1510,18868,49,3993,45,Tablet,headline,http://byrd-smith.org/,False,2025-07-24 19:19:33
1511,27384,193,1280,9,Desktop,headline,http://www.garrett-reed.info/,False,2025-07-12 21:12:06
1512,27158,185,4480,49,Tablet,description,https://byrd.com/,False,2025-03-15 09:27:33
1513,38780,8,717,39,Tablet,cta_button,http://davis-baker.com/,False,2025-02-27 16:28:19
1514,11255,191,440,43,Desktop,headline,https://wang.org/,False,2025-07-01 10:35:19
1515,35867,62,2711,15,Desktop,headline,http://www.hernandez.com/,False,2025-09-09 20:03:42
1516,6433,112,1696,20,Desktop,cta_button,http://www.acosta.com/,False,2025-04-15 13:23:04
1517,27652,137,471,46,Desktop,cta_button,http://chen.com/,True,2025-01-29 10:32:24
1518,46352,79,3580,27,Desktop,image,https://douglas.org/,False,2025-04-05 10:42:55
1519,44299,103,3259,17,Mobile,description,http://www.farrell.biz/,True,2025-07-29 18:17:44
1520,12552,166,4663,25,Mobile,headline,https://grant.com/,False,2025-05-01 12:25:26
1521,2984,140,2242,6,Tablet,description,https://mitchell-lewis.biz/,False,2025-02-16 11:13:49
1522,29070,54,4200,49,Desktop,cta_button,https://singleton-fox.com/,False,2025-01-04 21:13:18
1523,17123,51,4026,29,Desktop,headline,https://george-woods.net/,True,2025-09-06 06:16:38
1524,12105,85,3652,32,Tablet,image,https://frederick.com/,False,2025-05-31 21:02:22
1525,19841,38,3608,23,Desktop,cta_button,http://www.robertson.com/,False,2025-03-28 10:52:12
1526,35726,75,4575,4,Desktop,image,https://ward-sanchez.com/,False,2025-06-03 16:02:39
1527,14865,30,4479,14,Desktop,image,http://www.thomas.com/,False,2025-03-03 15:33:08
1528,37701,197,2721,21,Desktop,description,http://rowe.com/,False,2025-04-21 18:45:54
1529,1766,61,4192,41,Desktop,description,https://www.montes-adams.com/,False,2025-02-17 13:25:10
1530,12312,129,513,47,Tablet,headline,https://www.horton.com/,False,2025-01-30 21:00:38
1531,3967,46,2242,6,Tablet,image,https://brown-nolan.org/,True,2025-08-31 08:52:38
1532,5612,104,780,28,Tablet,image,https://patel.info/,False,2025-03-23 20:14:01
1533,15072,123,3213,19,Mobile,image,http://www.buchanan.com/,True,2025-03-20 18:38:32
1534,46676,145,2994,24,Tablet,description,https://www.hall-knapp.info/,False,2025-06-24 06:57:20
1535,20344,179,3695,47,Desktop,image,http://riddle-cisneros.com/,True,2025-08-03 07:47:20
1536,42533,18,3367,22,Desktop,cta_button,https://www.oconnell.net/,False,2025-06-10 07:35:36
1537,39186,24,2601,21,Tablet,image,https://gibson-price.com/,False,2025-09-21 09:56:16
1538,12518,15,1218,14,Tablet,cta_button,https://www.cummings.net/,False,2025-09-25 12:39:39
1539,20647,139,2090,11,Desktop,image,https://thomas-johnston.info/,False,2025-01-24 05:29:23
1540,1930,44,2596,12,Mobile,description,http://www.rose.com/,False,2025-07-21 08:08:38
1541,19686,112,4159,22,Mobile,headline,http://www.miles-cox.com/,False,2025-04-15 12:41:47
1542,45087,57,2362,33,Desktop,headline,https://west.com/,False,2025-08-21 19:36:19
1543,28940,85,1213,31,Tablet,cta_button,https://robinson-harris.org/,False,2025-05-23 01:01:33
1544,6468,198,2065,25,Mobile,image,http://www.stafford.com/,False,2025-01-29 21:25:21
1545,20168,140,985,4,Desktop,description,https://horn.com/,True,2025-02-15 09:36:32
1546,19793,157,1968,35,Mobile,headline,http://thompson.biz/,False,2025-01-20 21:45:44
1547,5033,2,4157,6,Mobile,headline,https://www.smith.com/,False,2025-01-24 18:33:35
1548,47961,190,2645,10,Desktop,cta_button,http://webster-riley.net/,False,2025-06-08 20:49:22
1549,44364,21,3423,17,Mobile,headline,http://lee.com/,False,2025-07-31 10:18:40
1550,29410,99,1629,26,Desktop,description,https://www.carroll.net/,False,2025-01-12 13:26:05
1551,1667,178,2023,13,Tablet,headline,https://lane.net/,False,2025-06-08 21:15:56
1552,559,89,3966,27,Desktop,cta_button,http://cox.com/,False,2025-08-12 08:50:06
1553,42420,76,2690,29,Mobile,image,https://www.crawford.com/,True,2025-08-09 21:04:16
1554,17093,147,2276,45,Desktop,cta_button,https://www.vega.com/,False,2025-04-02 05:42:53
1555,28057,174,2269,23,Desktop,description,https://www.kane.org/,True,2025-09-17 20:13:49
1556,48424,65,326,42,Tablet,cta_button,http://www.cain-kelly.com/,False,2025-09-04 21:18:50
1557,44217,183,1738,28,Tablet,description,http://harvey.org/,False,2025-10-12 21:35:34
1558,48105,68,2943,3,Tablet,image,https://www.gomez.info/,False,2025-07-17 14:45:42
1559,40885,192,3434,7,Mobile,description,https://www.davidson.com/,False,2025-07-15 13:07:18
1560,22127,80,3396,36,Desktop,headline,http://anderson.com/,True,2025-03-05 12:41:32
1561,17620,7,1437,2,Tablet,image,https://martin-brown.com/,True,2025-05-09 08:24:21
1562,40318,81,879,43,Desktop,headline,http://www.price-bolton.org/,False,2025-04-29 17:06:24
1563,48467,47,4318,25,Tablet,cta_button,http://payne.info/,False,2025-10-08 18:16:16
1564,31035,88,1486,24,Tablet,image,http://www.diaz.com/,False,2025-09-16 06:20:05
1565,24396,151,4874,21,Mobile,headline,http://clark.info/,False,2025-03-11 22:20:36
1566,15244,152,3404,32,Mobile,cta_button,http://www.wall-hall.com/,False,2025-03-29 08:38:16
1567,39812,120,1335,48,Desktop,headline,http://www.smith-murphy.com/,False,2025-03-27 16:33:47
1568,42304,66,261,25,Desktop,image,https://www.dunn.com/,False,2025-03-19 07:31:49
1569,16122,152,712,27,Mobile,description,http://www.hudson-pearson.com/,False,2025-03-27 18:04:46
1570,48786,143,4259,38,Tablet,cta_button,http://www.beard-ruiz.org/,False,2025-06-28 02:24:40
1571,31514,71,1856,7,Mobile,description,https://johnson.com/,False,2025-06-26 13:10:13
1572,1662,2,1707,16,Mobile,description,https://marsh.com/,False,2025-01-19 20:12:26
1573,19949,45,4457,4,Mobile,image,http://anderson-orozco.com/,False,2025-08-19 23:50:44
1574,17204,47,2409,35,Mobile,headline,http://gay.biz/,False,2025-10-02 12:35:08
1575,39173,134,2424,42,Desktop,headline,https://www.jones.com/,False,2025-04-23 18:19:43
1576,45754,180,684,5,Tablet,cta_button,https://armstrong.com/,True,2025-05-23 09:17:47
1577,37312,185,1254,9,Tablet,cta_button,http://pitts-wheeler.org/,False,2025-04-07 08:50:52
1578,48022,146,721,15,Desktop,cta_button,http://west.net/,False,2025-09-22 11:25:41
1579,30086,61,3580,27,Desktop,headline,https://huang.biz/,True,2025-02-22 05:24:25
1580,593,100,4282,33,Tablet,image,http://robinson.info/,False,2025-05-26 20:27:39
1581,43162,183,1546,12,Desktop,cta_button,http://www.walton-jones.com/,False,2025-10-10 09:22:09
1582,46058,51,1156,44,Desktop,image,http://dunn.com/,True,2025-09-06 23:56:46
1583,32581,114,3098,31,Tablet,description,http://travis-ramos.com/,False,2025-03-16 16:20:21
1584,3073,3,2639,32,Tablet,headline,https://www.nguyen.com/,False,2025-04-27 21:59:00
1585,9463,39,2592,41,Mobile,cta_button,https://riley.biz/,False,2025-05-21 21:03:50
1586,18341,86,4490,43,Tablet,description,https://pearson.com/,False,2025-08-08 20:56:26
1587,59,66,3976,2,Tablet,image,http://garcia.com/,False,2025-03-16 14:00:53
1588,33666,92,529,4,Tablet,description,https://www.smith-blackwell.biz/,False,2025-07-14 08:30:46
1589,24315,37,3187,34,Desktop,headline,https://morrow.com/,False,2025-01-10 05:52:51
1590,39427,154,4406,9,Tablet,cta_button,http://gross.com/,False,2025-08-10 10:22:43
1591,34446,118,4704,16,Desktop,headline,http://morgan.org/,False,2025-06-24 16:06:21
1592,13610,129,4368,8,Desktop,description,http://day.biz/,False,2025-02-07 15:23:13
1593,36706,100,329,25,Mobile,image,http://simon.com/,False,2025-05-21 20:55:53
1594,37160,10,1852,28,Tablet,description,https://adams.net/,False,2025-09-28 22:30:43
1595,21593,179,1418,27,Desktop,image,https://henderson.com/,False,2025-08-07 09:16:18
1596,39725,54,3621,35,Desktop,description,https://harmon.biz/,False,2025-01-02 21:51:33
1597,16554,31,2418,27,Mobile,image,http://www.johnston-lopez.com/,False,2025-04-06 07:00:59
1598,14422,95,1706,21,Tablet,description,http://hanna-yang.com/,False,2025-06-02 04:37:21
1599,43736,118,2941,50,Mobile,headline,http://duran-schmitt.info/,True,2025-06-03 15:16:58
1600,47782,125,1142,50,Tablet,image,http://frey-hobbs.info/,False,2025-02-26 18:44:34
1601,20371,159,2879,32,Tablet,headline,http://novak.com/,False,2025-07-31 10:12:00
1602,1278,95,1776,22,Mobile,image,https://brown-moreno.com/,False,2025-05-31 23:30:52
1603,4225,149,1462,42,Mobile,headline,https://www.moore.com/,True,2025-08-17 20:18:24
1604,30354,181,3279,10,Desktop,headline,http://vaughan.com/,False,2025-01-29 07:37:10
1605,44376,72,2252,46,Desktop,image,http://www.green-anthony.com/,False,2025-04-02 02:11:16
1606,8410,11,3379,18,Desktop,headline,https://ray-marsh.info/,True,2025-10-08 05:34:44
1607,44150,18,3443,44,Mobile,headline,http://www.lewis-wilson.com/,False,2025-06-29 11:42:53
1608,6871,175,4579,31,Mobile,cta_button,https://www.schultz-bartlett.org/,False,2025-01-25 21:07:44
1609,4053,19,2384,25,Mobile,headline,http://hayes.com/,False,2025-06-26 10:27:38
1610,40134,17,3367,22,Desktop,image,http://cobb.com/,False,2025-04-28 07:57:32
1611,6120,69,2646,31,Tablet,cta_button,http://www.thomas.com/,False,2025-09-29 10:53:17
1612,42341,150,1655,45,Tablet,cta_button,https://mitchell.com/,False,2025-05-04 12:12:45
1613,49389,15,4953,40,Mobile,description,https://www.jackson.org/,False,2025-09-28 19:12:43
1614,26419,31,731,34,Tablet,image,https://ward.info/,False,2025-04-04 19:52:04
1615,7684,197,4337,4,Tablet,cta_button,http://lee-ryan.com/,False,2025-04-16 08:58:01
1616,2036,152,610,20,Mobile,cta_button,http://mcdaniel.com/,False,2025-03-26 16:20:37
1617,11528,134,3511,26,Desktop,cta_button,https://rodriguez.com/,True,2025-04-22 16:30:18
1618,9320,56,1089,17,Mobile,headline,http://gray.info/,False,2025-01-28 08:11:42
1619,1721,141,2063,27,Mobile,description,http://parker-williams.biz/,False,2025-03-02 20:47:19
1620,22355,19,243,4,Mobile,headline,http://spencer.net/,False,2025-09-07 10:29:51
1621,476,156,3655,38,Desktop,image,http://www.smith.com/,False,2025-07-21 22:54:14
1622,31821,157,399,19,Tablet,description,http://www.khan.info/,False,2025-01-17 08:57:02
1623,25468,190,1782,37,Mobile,cta_button,https://campbell.net/,False,2025-06-06 22:26:28
1624,30040,15,3355,24,Desktop,description,http://rodriguez.com/,False,2025-10-01 18:44:53
1625,6640,123,1928,13,Tablet,headline,https://hammond.info/,False,2025-03-19 20:19:17
1626,32654,19,1521,35,Tablet,headline,https://ferguson.com/,False,2025-08-09 10:53:13
1627,9838,68,1995,50,Tablet,headline,https://valenzuela.com/,False,2025-07-28 10:45:37
1628,46822,119,580,21,Desktop,image,http://smith.org/,True,2025-02-06 10:09:39
1629,42107,38,4235,18,Tablet,image,http://alexander.com/,False,2025-03-24 09:35:31
1630,11205,101,868,3,Tablet,image,https://www.gonzalez.com/,False,2025-05-01 16:54:35
1631,42871,25,4063,19,Desktop,headline,http://rollins.com/,True,2025-01-25 12:20:11
1632,8937,94,4201,21,Tablet,headline,https://www.pratt.info/,False,2025-01-22 22:44:51
1633,13690,67,3980,15,Tablet,image,http://www.lee.com/,False,2025-07-22 14:35:23
1634,32948,160,406,30,Tablet,image,http://gross.org/,False,2025-06-25 16:23:52
1635,35613,187,3046,34,Desktop,cta_button,https://www.liu-long.com/,False,2025-01-27 09:33:56
1636,16434,115,2323,48,Desktop,cta_button,http://www.roberts.com/,True,2025-02-21 11:47:11
1637,37093,44,2730,12,Mobile,image,http://www.robertson.net/,False,2025-07-20 10:36:14
1638,47188,145,608,28,Mobile,image,https://www.lee.com/,False,2025-06-25 08:31:27
1639,1695,18,368,16,Mobile,image,https://www.bailey.biz/,False,2025-04-23 05:24:16
1640,43201,66,4842,28,Mobile,description,https://www.cooke-garcia.info/,False,2025-03-19 06:02:25
1641,46848,122,4024,40,Mobile,image,https://hernandez-walker.com/,False,2025-04-03 14:03:07
1642,47470,134,2569,26,Desktop,headline,https://www.collins-sherman.org/,False,2025-04-22 20:49:12
1643,15141,18,3250,47,Tablet,image,http://johnson.org/,False,2025-05-02 17:00:21
1644,33176,44,2027,43,Desktop,headline,https://hicks.info/,False,2025-08-19 14:37:51
1645,36642,80,2156,21,Mobile,cta_button,https://www.vargas-dixon.com/,True,2025-03-05 20:25:47
1646,11279,26,841,39,Mobile,headline,https://ray.com/,False,2025-04-27 10:06:47
1647,506,49,470,19,Tablet,headline,http://martinez-long.biz/,False,2025-07-05 13:05:01
1648,15590,81,4882,49,Desktop,cta_button,http://www.jenkins.com/,False,2025-04-29 09:28:41
1649,20202,155,3633,41,Tablet,image,https://tucker-holmes.com/,False,2025-07-28 08:35:23
1650,20141,136,4702,9,Mobile,cta_button,http://thomas.com/,False,2025-06-03 03:51:42
1651,43112,24,1243,32,Desktop,headline,https://www.kirk.com/,False,2025-10-08 18:19:58
1652,17149,162,3581,38,Desktop,headline,https://garcia.org/,False,2025-01-25 21:10:32
1653,44784,79,1943,26,Tablet,headline,http://www.walsh-smith.info/,False,2025-04-26 11:03:51
1654,16427,130,2229,24,Desktop,description,https://www.fitzgerald-jackson.net/,False,2025-07-28 12:20:04
1655,6645,183,1011,38,Tablet,headline,http://wall.com/,False,2025-10-02 13:27:26
1656,47334,129,232,15,Tablet,description,http://www.bell.com/,True,2025-02-02 21:26:20
1657,6465,57,3691,2,Tablet,cta_button,http://nguyen.org/,False,2025-08-13 08:50:16
1658,4932,174,4196,11,Tablet,image,http://www.adkins-hansen.info/,True,2025-09-14 09:07:14
1659,40609,185,4793,49,Mobile,image,https://www.boyer.com/,False,2025-03-18 22:46:51
1660,402,145,1530,16,Tablet,image,https://contreras-frye.com/,False,2025-06-24 01:46:23
1661,15779,78,3671,50,Tablet,image,http://www.torres-gates.com/,False,2025-03-01 21:00:14
1662,32113,72,1227,16,Desktop,cta_button,https://robinson.com/,True,2025-04-21 13:56:37
1663,26242,57,2356,21,Mobile,image,https://www.lee-sanders.com/,True,2025-08-15 11:42:31
1664,37822,45,2441,30,Tablet,cta_button,http://jackson.biz/,False,2025-09-03 20:27:47
1665,29316,168,2054,50,Tablet,headline,https://www.morales-morales.com/,False,2025-09-28 18:46:52
1666,19033,39,1115,18,Desktop,cta_button,http://brown-smith.com/,False,2025-05-17 10:09:52
1667,22621,199,4712,12,Mobile,description,http://www.sanchez.com/,False,2025-03-16 20:57:40
1668,34899,30,38,35,Desktop,image,https://www.davenport.com/,False,2025-03-01 15:39:54
1669,46431,45,674,40,Tablet,headline,https://velez.biz/,False,2025-08-08 21:07:06
1670,46659,41,4454,27,Tablet,description,http://hernandez.biz/,False,2025-09-24 11:38:10
1671,22294,159,2301,39,Mobile,description,http://kaiser.biz/,False,2025-08-02 21:42:44
1672,2195,30,1518,50,Mobile,description,https://velasquez.biz/,False,2025-03-01 22:49:15
1673,5721,183,1290,49,Tablet,headline,http://ramsey.info/,False,2025-09-26 21:30:13
1674,31918,194,4397,18,Mobile,image,http://www.morris.info/,True,2025-09-08 08:32:28
1675,4005,63,1373,16,Mobile,description,http://www.malone.org/,True,2025-08-01 17:03:29
1676,46996,78,439,34,Tablet,image,https://stephens-smith.com/,True,2025-03-16 18:07:08
1677,13187,33,3025,21,Mobile,cta_button,https://pacheco-jensen.com/,False,2025-03-31 17:59:14
1678,43745,61,3531,46,Mobile,image,http://www.cummings.info/,True,2025-02-24 18:16:50
1679,30539,74,3814,21,Mobile,headline,http://www.terry.com/,False,2025-06-30 09:03:24
1680,44462,1,2703,29,Tablet,cta_button,http://meyer.com/,False,2025-04-20 20:28:43
1681,11841,13,3735,33,Mobile,description,https://www.barrera-hall.com/,False,2025-01-15 22:25:09
1682,2556,38,4270,24,Mobile,description,http://www.wilson.org/,False,2025-03-27 06:00:46
1683,45466,113,1924,49,Mobile,description,http://miranda.biz/,False,2025-06-22 11:04:00
1684,14246,132,295,8,Tablet,image,http://rivera.com/,False,2025-07-11 09:05:54
1685,16153,187,2618,11,Tablet,description,https://www.schmidt.org/,False,2025-02-06 20:42:34
1686,39542,152,4578,32,Mobile,description,http://ross.com/,False,2025-03-30 22:45:55
1687,48182,63,255,27,Mobile,cta_button,https://www.schwartz.com/,False,2025-07-18 08:02:10
1688,24436,62,2952,34,Tablet,description,https://anderson-russell.net/,False,2025-09-11 18:44:16
1689,31377,113,203,30,Desktop,description,http://www.lloyd.biz/,False,2025-05-10 04:05:57
1690,28114,144,442,38,Tablet,cta_button,https://sexton.info/,False,2025-05-04 10:38:15
1691,7307,83,2541,39,Desktop,image,http://miranda-johnson.net/,False,2025-06-06 08:38:37
1692,37247,146,281,31,Tablet,headline,http://little.com/,False,2025-07-10 20:43:52
1693,4105,53,3619,31,Tablet,description,http://www.bowman.com/,False,2025-06-27 03:52:17
1694,28614,44,1615,45,Desktop,description,http://wade.biz/,False,2025-08-22 16:17:47
1695,47991,131,1465,33,Mobile,image,http://www.copeland-hall.com/,False,2025-08-07 12:11:59
1696,29928,21,2574,3,Desktop,description,http://www.greene.info/,False,2025-07-01 02:15:47
1697,23251,76,782,32,Desktop,description,http://garcia-jackson.com/,False,2025-06-23 00:04:47
1698,18466,60,3122,17,Desktop,image,https://www.macdonald-yang.com/,False,2025-07-26 19:28:09
1699,11809,66,4769,41,Desktop,description,https://www.vargas-arnold.com/,False,2025-03-16 20:50:11
1700,12047,109,2713,35,Mobile,description,https://aguilar.com/,False,2025-02-25 17:06:00
1701,28358,83,4485,49,Tablet,headline,https://hayes.info/,False,2025-06-11 11:32:52
1702,31031,68,1828,32,Tablet,cta_button,http://www.frazier.info/,False,2025-07-12 11:12:27
1703,21188,79,932,39,Mobile,image,https://lam-campbell.biz/,True,2025-03-25 18:36:48
1704,11714,167,2929,23,Tablet,cta_button,https://atkinson-sellers.com/,False,2025-04-23 14:54:10
1705,11312,188,1400,43,Tablet,image,http://bell.com/,False,2025-02-08 13:10:16
1706,41676,134,3422,44,Desktop,cta_button,https://jones-byrd.biz/,False,2025-04-17 00:12:00
1707,39291,62,276,1,Desktop,image,https://www.smith-mata.com/,False,2025-09-06 10:31:35
1708,8088,194,4794,24,Mobile,cta_button,http://montgomery.com/,False,2025-09-23 18:01:10
1709,37182,15,2584,15,Mobile,image,https://smith.info/,False,2025-09-26 09:45:18
1710,4630,146,3463,44,Desktop,cta_button,https://www.nguyen-smith.com/,False,2025-07-28 19:52:53
1711,21022,16,2280,32,Tablet,image,https://collins.com/,False,2025-03-01 15:16:02
1712,4873,28,3767,17,Desktop,headline,http://olson.biz/,False,2025-09-28 09:08:39
1713,27172,97,4038,34,Mobile,image,https://jackson.info/,False,2025-04-18 11:59:11
1714,6209,99,2571,41,Desktop,cta_button,http://zamora.com/,True,2025-01-15 15:15:48
1715,45989,131,3172,43,Mobile,cta_button,https://www.flores.com/,False,2025-08-19 10:57:45
1716,35857,110,489,3,Tablet,description,http://perkins.com/,False,2025-10-09 18:02:28
1717,17818,129,2508,16,Desktop,cta_button,http://www.brown.org/,False,2025-02-28 06:25:29
1718,20556,99,2702,30,Mobile,headline,https://www.smith.com/,False,2025-01-17 17:35:43
1719,37344,192,3647,19,Tablet,image,http://rose-powell.com/,True,2025-08-21 21:56:43
1720,41844,9,3435,7,Tablet,cta_button,http://www.jackson-gray.net/,False,2025-01-31 19:59:28
1721,34591,78,316,13,Mobile,headline,http://clarke.info/,False,2025-03-19 08:37:01
1722,35190,77,3073,15,Tablet,cta_button,http://dominguez-lawson.biz/,False,2025-10-11 09:49:14
1723,37844,75,4772,43,Mobile,description,https://www.jones.org/,False,2025-07-10 15:12:06
1724,15024,83,4210,19,Mobile,headline,http://cox-rivera.com/,False,2025-06-07 08:41:21
1725,34483,116,4453,23,Desktop,cta_button,https://rios.com/,False,2025-08-08 14:20:25
1726,4599,148,289,34,Desktop,cta_button,https://www.cross-martin.biz/,False,2025-06-01 11:20:26
1727,34505,127,3517,22,Tablet,cta_button,https://www.hamilton.com/,False,2025-09-27 10:08:29
1728,16599,20,2046,13,Desktop,image,https://www.davis.org/,False,2025-07-04 20:46:33
1729,10724,56,996,1,Tablet,headline,http://www.vega.net/,True,2025-02-01 20:31:03
1730,10751,33,4293,22,Tablet,cta_button,http://www.barker.com/,False,2025-04-14 09:51:50
1731,30580,35,75,49,Mobile,headline,http://www.smith.com/,False,2025-06-15 17:37:52
1732,36733,197,4847,43,Mobile,cta_button,http://swanson-poole.com/,False,2025-05-29 07:11:22
1733,33093,15,2563,15,Desktop,cta_button,http://hatfield.com/,False,2025-10-01 13:54:36
1734,31518,83,2895,16,Tablet,description,https://www.floyd-carpenter.com/,False,2025-06-22 19:46:04
1735,9511,3,4320,35,Tablet,description,https://www.lee.com/,False,2025-04-25 13:07:00
1736,42108,158,3212,33,Tablet,description,http://kim.biz/,False,2025-05-26 18:51:55
1737,49315,198,3365,23,Tablet,image,https://www.snow.com/,False,2025-02-02 17:22:06
1738,19046,83,3623,32,Tablet,cta_button,https://www.lopez-thomas.net/,False,2025-05-31 10:17:04
1739,46623,127,2552,11,Mobile,description,http://wright.com/,False,2025-09-25 17:50:02
1740,33931,99,3878,29,Tablet,headline,https://www.thomas.com/,False,2025-01-14 17:42:48
1741,4984,12,1342,1,Mobile,image,https://hughes.com/,False,2025-04-25 21:51:54
1742,15336,142,4783,31,Desktop,headline,http://www.hogan-jackson.com/,False,2025-01-15 22:41:49
1743,42821,127,3800,23,Mobile,headline,https://www.schultz.info/,False,2025-10-01 17:15:29
1744,36964,149,2668,45,Mobile,image,https://bennett.net/,False,2025-08-29 18:53:45
1745,3412,138,2285,46,Mobile,headline,https://www.martin-marquez.biz/,False,2025-08-31 18:45:26
1746,47515,49,4008,42,Desktop,headline,http://www.golden.com/,False,2025-07-28 10:56:41
1747,11994,74,4159,22,Mobile,headline,https://carroll.com/,False,2025-07-04 12:25:57
1748,8302,184,2181,10,Mobile,cta_button,https://liu.com/,False,2025-05-02 18:37:21
1749,9149,64,3557,17,Desktop,cta_button,https://miller.com/,False,2025-09-28 22:36:33
1750,19889,146,2976,46,Mobile,image,https://powell-bailey.info/,True,2025-08-24 20:02:45
1751,42539,104,1285,49,Mobile,description,http://cruz.com/,False,2025-04-30 11:22:34
1752,29774,172,3918,37,Mobile,cta_button,https://www.walton.info/,False,2025-09-20 20:53:03
1753,7308,97,1302,19,Tablet,description,http://www.bray.net/,False,2025-04-16 09:20:43
1754,28704,121,732,27,Desktop,headline,http://www.smith.com/,False,2025-07-09 11:05:21
1755,24306,188,1566,18,Mobile,headline,http://montes-barnes.com/,False,2025-02-07 20:58:56
1756,45259,63,4639,30,Desktop,image,https://www.cohen-hoffman.com/,True,2025-07-16 18:00:16
1757,32991,128,2818,31,Tablet,description,https://hayes.org/,False,2025-03-19 13:43:34
1758,15326,68,3951,42,Tablet,description,http://garner.info/,False,2025-07-19 10:05:28
1759,26538,8,1679,8,Desktop,headline,https://www.morris.com/,False,2025-02-25 17:08:37
1760,33242,70,394,4,Mobile,image,http://kent.com/,False,2025-07-19 08:14:27
1761,10635,114,3966,27,Desktop,description,https://www.romero.com/,False,2025-03-20 19:02:29
1762,42933,37,2491,28,Mobile,image,https://johnson.info/,False,2025-01-14 21:45:09
1763,38583,30,1781,22,Tablet,headline,https://benjamin-prince.com/,False,2025-02-27 18:49:15
1764,14693,158,2002,2,Desktop,cta_button,https://rodriguez.biz/,False,2025-05-20 11:40:18
1765,28927,181,196,26,Mobile,cta_button,http://lewis.com/,False,2025-01-30 16:22:14
1766,48310,10,337,46,Desktop,headline,https://garcia.com/,False,2025-10-03 13:10:42
1767,9753,192,4324,49,Tablet,description,https://barton.org/,False,2025-07-02 21:17:46
1768,28896,163,613,12,Desktop,cta_button,http://www.reese-rose.net/,False,2025-09-10 17:40:09
1769,6952,151,4402,50,Desktop,cta_button,http://rodriguez-guzman.biz/,False,2025-02-26 10:50:44
1770,5270,23,4914,21,Desktop,cta_button,http://www.hernandez.net/,False,2025-02-06 12:36:25
1771,22363,71,2942,42,Mobile,image,http://www.johnson.info/,True,2025-06-15 21:38:50
1772,33473,94,4067,30,Mobile,headline,https://www.bishop.com/,False,2025-01-18 14:15:53
1773,24759,52,120,50,Mobile,headline,https://flores.org/,False,2025-02-27 10:26:38
1774,27557,117,3468,27,Desktop,description,http://king.com/,True,2025-07-27 19:44:23
1775,16783,10,3515,40,Mobile,image,https://holland-bauer.info/,False,2025-09-27 22:09:31
1776,24835,166,3652,32,Tablet,description,https://kelly.info/,True,2025-04-30 04:10:20
1777,12112,118,4831,7,Tablet,cta_button,https://hill.com/,False,2025-06-11 18:49:00
1778,26728,182,2826,40,Tablet,description,http://www.marshall-serrano.com/,False,2025-08-03 18:38:17
1779,31414,162,4646,43,Desktop,description,https://edwards.com/,False,2025-01-19 06:52:51
1780,8781,75,3935,45,Mobile,description,https://watson.com/,False,2025-07-13 13:41:48
1781,8364,164,3456,6,Desktop,headline,http://burns-andersen.org/,False,2025-10-22 14:27:49
1782,4555,102,3142,20,Desktop,cta_button,http://www.daniels.org/,False,2025-02-09 20:57:55
1783,30683,174,4601,47,Desktop,cta_button,https://www.gray.com/,False,2025-09-14 21:39:53
1784,19386,57,750,21,Tablet,cta_button,http://www.cobb.com/,False,2025-08-16 08:13:45
1785,7924,178,1860,15,Tablet,description,http://www.perkins.net/,False,2025-05-28 02:35:55
1786,14913,92,2355,41,Tablet,image,http://smith.biz/,False,2025-06-27 13:40:03
1787,34203,42,4991,6,Desktop,headline,https://www.clark.info/,False,2025-03-29 11:10:46
1788,48725,104,903,30,Mobile,description,https://www.bray-grant.biz/,False,2025-04-09 10:50:14
1789,38310,165,1595,10,Tablet,image,https://www.randall-sullivan.info/,False,2025-06-09 21:27:58
1790,44651,174,1120,47,Mobile,headline,http://melendez.net/,False,2025-09-16 21:36:33
1791,14948,181,1467,12,Tablet,description,https://www.freeman.com/,False,2025-01-25 19:13:18
1792,14032,180,497,6,Desktop,image,http://potter-davis.com/,True,2025-05-04 23:40:43
1793,44109,182,2256,47,Tablet,headline,http://www.johnson-wong.net/,False,2025-06-30 10:12:49
1794,25127,80,1309,11,Desktop,headline,http://turner-soto.com/,False,2025-03-07 08:07:37
1795,33973,39,1585,45,Tablet,description,http://rios.com/,False,2025-05-20 02:46:45
1796,25929,147,4364,9,Mobile,headline,http://jones-alvarez.com/,False,2025-04-06 22:22:07
1797,48966,177,378,50,Mobile,description,http://saunders-herrera.org/,False,2025-11-01 21:12:25
1798,33014,152,3046,34,Desktop,cta_button,http://wilkins.info/,False,2025-03-29 13:49:34
1799,162,101,2017,21,Desktop,cta_button,https://www.byrd.com/,False,2025-04-05 21:21:06
1800,48948,152,2931,19,Tablet,cta_button,https://romero.com/,False,2025-03-30 18:58:27
1801,36558,35,1008,1,Tablet,headline,http://martin-perez.org/,False,2025-06-07 20:12:25
1802,16739,41,2633,37,Tablet,cta_button,http://www.green.info/,False,2025-09-14 19:23:41
1803,35384,139,3120,10,Tablet,headline,http://castro.net/,False,2025-01-12 12:48:28
1804,23511,137,1520,29,Desktop,cta_button,https://www.kaiser.com/,False,2025-01-31 16:02:19
1805,28231,125,4053,45,Tablet,image,https://www.rodriguez.com/,False,2025-03-12 06:20:57
1806,42976,26,1635,46,Desktop,cta_button,http://www.johnson-smith.org/,False,2025-04-14 21:17:50
1807,34888,24,167,7,Desktop,description,https://www.burgess.com/,False,2025-09-12 21:49:22
1808,8840,110,3270,21,Mobile,image,http://www.fisher.com/,False,2025-09-05 20:13:42
1809,25153,98,3311,3,Desktop,headline,https://nguyen.com/,False,2025-08-27 18:10:40
1810,5177,81,4871,46,Mobile,description,http://www.dominguez.biz/,False,2025-03-13 15:50:28
1811,18216,118,4150,45,Tablet,image,https://sparks.com/,False,2025-06-14 06:27:41
1812,15430,1,2127,45,Desktop,image,https://rasmussen.com/,False,2025-03-24 12:06:41
1813,6089,10,738,24,Desktop,headline,https://roberts.org/,False,2025-10-04 18:07:45
1814,3748,34,3250,47,Tablet,headline,https://luna-brown.com/,False,2025-06-27 22:56:38
1815,45948,196,2532,28,Tablet,cta_button,https://collins-fowler.com/,False,2025-06-23 20:35:26
1816,28784,190,4580,10,Desktop,description,https://www.pratt-baker.org/,False,2025-06-06 20:52:26
1817,43254,174,2785,29,Desktop,cta_button,https://www.haney.com/,True,2025-09-14 17:15:50
1818,39502,95,1760,7,Desktop,image,http://www.contreras.com/,False,2025-06-01 09:09:41
1819,12120,80,4794,24,Mobile,description,http://www.stephens.com/,False,2025-03-10 22:05:48
1820,1494,94,588,50,Desktop,image,https://berg.com/,True,2025-01-21 17:58:36
1821,20651,128,4786,16,Mobile,image,https://burnett.com/,False,2025-03-14 19:26:36
1822,39526,12,3285,33,Desktop,cta_button,http://grant.info/,False,2025-04-26 10:29:30
1823,13570,50,156,43,Desktop,image,https://www.morton.com/,False,2025-04-15 10:53:31
1824,32379,29,894,48,Desktop,description,https://taylor.com/,False,2025-01-16 10:43:40
1825,35663,19,2873,28,Desktop,image,https://lee-miller.com/,False,2025-07-25 21:11:55
1826,7878,33,3327,29,Mobile,description,https://www.stanton-hughes.com/,False,2025-03-29 12:04:36
1827,30397,159,3943,23,Desktop,description,https://www.ellis.com/,False,2025-07-19 08:24:50
1828,18280,1,2962,18,Tablet,description,http://conway-rodriguez.com/,False,2025-03-31 23:32:12
1829,11237,17,978,7,Tablet,cta_button,https://www.donaldson-dennis.info/,False,2025-05-04 10:50:23
1830,20599,97,335,7,Mobile,description,https://silva.org/,False,2025-04-23 06:25:05
1831,36708,86,4029,16,Desktop,image,https://riley.com/,True,2025-08-29 12:38:00
1832,29903,183,348,12,Tablet,image,http://www.lee.biz/,False,2025-10-22 04:35:35
1833,3953,26,3595,13,Desktop,cta_button,https://guzman.com/,False,2025-04-30 07:28:13
1834,10509,158,4354,26,Tablet,image,https://evans-johnson.com/,False,2025-05-26 18:14:34
1835,48942,174,3818,39,Desktop,image,https://www.velez.com/,False,2025-09-15 08:16:59
1836,8646,124,1270,40,Desktop,headline,http://sullivan.biz/,False,2025-08-11 13:00:30
1837,35424,157,4299,38,Desktop,image,http://alvarado.biz/,True,2025-01-27 19:45:10
1838,26940,52,1420,30,Mobile,image,https://www.young.com/,True,2025-03-06 23:35:15
1839,49922,86,3722,21,Tablet,description,http://carroll.com/,False,2025-10-04 01:17:21
1840,42813,38,3800,23,Mobile,cta_button,https://www.cain.info/,False,2025-03-26 08:57:22
1841,17082,101,1777,38,Mobile,image,http://www.robinson-castro.com/,False,2025-04-17 23:13:45
1842,48623,90,803,21,Tablet,cta_button,https://www.sandoval.info/,True,2025-10-06 18:02:16
1843,14476,182,172,2,Desktop,headline,http://www.johnson-williams.com/,False,2025-07-24 09:50:41
1844,3551,156,3590,21,Desktop,headline,https://walsh-harris.org/,False,2025-07-07 10:34:46
1845,37801,160,2705,1,Desktop,cta_button,http://parker.com/,False,2025-07-03 10:20:38
1846,42717,133,2829,5,Tablet,image,https://www.dixon-scott.com/,False,2025-02-10 11:18:57
1847,45734,147,1709,30,Mobile,image,http://www.gonzalez.info/,False,2025-04-05 20:58:28
1848,32366,47,518,23,Tablet,cta_button,https://www.lane-duncan.com/,False,2025-08-23 19:12:55
1849,40027,106,4414,50,Tablet,cta_button,https://www.mack.info/,True,2025-09-13 21:38:24
1850,11605,54,471,46,Desktop,cta_button,https://www.hunter-fitzgerald.info/,False,2025-01-04 09:01:52
1851,32885,193,4137,5,Tablet,image,https://www.blankenship-roberts.com/,False,2025-07-06 22:25:45
1852,42387,124,2718,50,Tablet,cta_button,http://calderon.com/,False,2025-08-13 10:40:25
1853,17016,59,4069,35,Tablet,headline,http://www.cooley-jacobs.com/,False,2025-01-13 09:13:59
1854,22585,42,1027,12,Desktop,description,http://martin.com/,False,2025-04-03 17:25:09
1855,3930,129,1717,6,Mobile,headline,http://gordon.biz/,False,2025-03-03 09:48:48
1856,18206,66,33,36,Desktop,cta_button,http://www.garcia.info/,False,2025-03-14 22:17:29
1857,3196,88,3188,14,Mobile,cta_button,https://www.lopez.com/,True,2025-09-16 20:49:01
1858,17031,183,3769,21,Mobile,image,https://www.burton-jennings.com/,False,2025-10-17 22:50:49
1859,10003,96,2548,3,Mobile,image,https://vasquez.biz/,False,2025-08-04 20:32:31
1860,49780,64,2426,2,Tablet,cta_button,http://hartman.com/,False,2025-10-03 14:18:36
1861,27134,95,4108,3,Mobile,cta_button,https://miller-dunn.com/,False,2025-06-10 18:32:33
1862,34247,159,231,30,Tablet,image,http://www.miller.com/,False,2025-08-08 13:48:39
1863,2863,85,2338,23,Tablet,headline,https://herring-miller.com/,False,2025-05-25 20:21:42
1864,8893,176,4635,1,Mobile,image,http://www.benjamin.com/,False,2025-04-11 05:51:56
1865,16902,75,2386,6,Desktop,headline,https://www.estrada.net/,False,2025-05-25 11:03:17
1866,307,88,4950,49,Desktop,headline,http://www.parks.com/,False,2025-09-18 21:41:56
1867,468,193,3420,38,Mobile,cta_button,http://patel.biz/,False,2025-07-08 19:37:37
1868,28595,140,369,40,Desktop,description,http://www.williams.com/,True,2025-02-15 19:48:14
1869,19653,33,3511,26,Desktop,headline,http://moore-hicks.com/,False,2025-04-13 21:07:48
1870,47587,79,4776,30,Mobile,headline,https://www.morrison.com/,False,2025-04-21 22:58:33
1871,36311,51,1024,27,Desktop,description,http://lopez.org/,False,2025-09-10 22:27:33
1872,10442,31,1031,23,Tablet,image,http://sheppard.org/,False,2025-04-06 10:04:25
1873,807,191,3689,17,Tablet,headline,http://www.rivas.org/,True,2025-09-18 02:14:29
1874,26660,151,3383,28,Tablet,image,http://www.lee-jones.info/,False,2025-02-08 19:38:28
1875,38490,110,1753,35,Desktop,cta_button,https://www.spencer.net/,False,2025-08-30 11:04:00
1876,13206,35,3494,19,Desktop,image,http://www.johnson-navarro.com/,False,2025-06-07 08:39:44
1877,17892,197,2050,20,Mobile,image,https://allen.info/,False,2025-06-22 11:49:57
1878,44379,47,1620,47,Tablet,image,http://ortega.com/,False,2025-08-09 18:31:29
1879,44937,1,1380,28,Desktop,description,https://williams.com/,False,2025-03-29 19:18:32
1880,49187,163,4038,34,Mobile,description,http://wells.info/,False,2025-09-06 09:51:39
1881,39031,11,3796,17,Desktop,headline,http://lucas-ingram.net/,False,2025-09-23 10:59:28
1882,21530,156,2337,12,Tablet,image,http://williams.info/,False,2025-07-26 00:32:30
1883,33857,102,1800,31,Desktop,headline,http://brown.info/,False,2025-02-11 20:11:13
1884,29377,157,1530,16,Tablet,headline,http://garcia.com/,False,2025-01-20 18:30:28
1885,19682,71,3212,33,Tablet,description,http://www.green-myers.com/,False,2025-06-27 19:21:01
1886,4076,150,2150,22,Tablet,cta_button,http://rogers-mejia.com/,False,2025-06-11 08:05:22
1887,3712,99,682,17,Desktop,image,https://andrade-holland.com/,False,2025-01-16 09:02:13
1888,9382,117,1486,24,Tablet,headline,http://www.nelson-richardson.org/,True,2025-07-31 02:17:55
1889,24041,156,1300,26,Tablet,description,http://www.olson.com/,False,2025-07-10 10:18:46
1890,46452,172,4354,26,Tablet,cta_button,https://thomas.com/,False,2025-09-27 09:12:50
1891,20245,179,1301,48,Tablet,description,http://cook.com/,True,2025-07-26 20:08:56
1892,33846,165,2898,35,Desktop,image,https://www.merritt-smith.org/,False,2025-06-11 05:35:48
1893,9061,105,535,29,Tablet,cta_button,https://sharp-love.com/,False,2025-07-05 21:21:09
1894,3968,112,3659,2,Tablet,headline,https://williams-jones.com/,False,2025-05-14 10:20:24
1895,4566,68,1518,50,Mobile,description,https://www.roberson-cobb.com/,False,2025-07-18 19:43:15
1896,30629,105,4338,40,Mobile,cta_button,http://www.guerrero-george.org/,False,2025-07-02 15:07:42
1897,6395,48,1521,35,Tablet,description,https://hester.biz/,True,2025-05-05 08:20:12
1898,41704,50,3282,43,Desktop,image,https://lucas-davis.com/,False,2025-04-03 12:11:31
1899,4894,160,613,12,Desktop,cta_button,https://velazquez.com/,False,2025-07-23 10:39:30
1900,18664,87,1260,44,Tablet,headline,http://www.clark.com/,False,2025-03-14 05:46:50
1901,28632,51,2724,13,Tablet,headline,http://www.peterson.com/,True,2025-09-09 10:48:52
1902,41752,77,4952,44,Desktop,headline,http://alexander.com/,False,2025-10-15 20:14:26
1903,38873,199,4711,46,Desktop,image,https://oconnor.com/,False,2025-05-19 20:19:47
1904,26021,14,3326,3,Mobile,headline,https://thornton.biz/,True,2025-02-21 18:24:36
1905,27707,19,2442,37,Desktop,image,https://www.diaz.net/,False,2025-07-06 18:30:03
1906,36489,4,1762,16,Mobile,headline,http://hickman.com/,False,2025-06-11 11:01:08
1907,49910,18,134,39,Tablet,image,http://harris.com/,False,2025-06-13 05:44:59
1908,39103,11,1235,49,Mobile,description,http://jenkins.com/,False,2025-09-08 11:48:05
1909,47047,153,766,3,Tablet,image,http://www.bonilla.org/,False,2025-09-05 17:09:15
1910,36698,194,4065,23,Mobile,description,http://www.white.com/,False,2025-09-19 09:36:40
1911,2569,147,901,28,Mobile,headline,https://barr.com/,False,2025-03-19 13:59:57
1912,24697,66,4209,9,Desktop,headline,http://www.warner.com/,False,2025-03-13 20:29:50
1913,32759,155,191,7,Tablet,cta_button,https://www.cunningham.info/,False,2025-08-11 09:45:24
1914,33200,176,2949,37,Desktop,cta_button,https://leblanc.info/,False,2025-04-08 13:42:22
1915,20672,56,327,14,Tablet,cta_button,https://www.scott.com/,False,2025-01-21 21:33:56
1916,18769,103,4815,8,Desktop,image,http://hensley.biz/,False,2025-08-21 19:28:13
1917,49711,195,2440,46,Desktop,image,https://harvey.com/,False,2025-01-29 07:11:56
1918,25302,92,3786,18,Desktop,image,http://frazier.com/,False,2025-07-21 08:27:56
1919,5536,166,3843,17,Mobile,headline,http://www.moran-jackson.biz/,False,2025-05-05 15:02:47
1920,1094,178,1693,27,Desktop,image,https://murphy.com/,False,2025-05-27 11:22:18
1921,2560,128,3101,46,Desktop,description,http://williams.com/,False,2025-03-23 18:56:49
1922,48534,131,3154,9,Mobile,headline,http://www.fleming-gutierrez.com/,True,2025-08-23 20:04:21
1923,29069,150,4264,8,Desktop,headline,https://www.sanders.com/,True,2025-05-12 19:08:55
1924,16460,170,3925,20,Desktop,description,https://williams-crane.org/,True,2025-07-17 20:07:31
1925,45018,87,2654,30,Mobile,headline,http://www.obrien.com/,False,2025-03-18 11:39:58
1926,37508,195,2106,7,Mobile,headline,https://romero-garcia.org/,False,2025-02-02 20:55:11
1927,14602,70,43,45,Desktop,image,https://walker.com/,True,2025-07-06 22:28:30
1928,2241,123,296,17,Tablet,image,https://www.torres.com/,False,2025-03-18 18:27:09
1929,8098,189,3192,11,Mobile,cta_button,https://horn-washington.net/,False,2025-02-10 19:13:20
1930,26919,88,4396,46,Tablet,description,https://www.atkinson-hernandez.com/,False,2025-09-17 08:25:51
1931,12885,192,3783,43,Mobile,cta_button,http://www.martinez.info/,False,2025-08-30 13:58:36
1932,6370,181,4567,42,Desktop,description,https://www.mcconnell.com/,True,2025-01-31 19:05:35
1933,30824,29,1559,14,Tablet,description,http://neal.net/,False,2025-01-09 07:01:28
1934,34613,4,2952,34,Tablet,headline,http://www.carroll.com/,False,2025-06-21 09:19:29
1935,46344,105,2394,46,Tablet,description,http://www.baker.com/,False,2025-07-02 07:34:24
1936,3413,117,3452,43,Tablet,description,http://www.randolph.net/,False,2025-07-29 10:31:53
1937,46837,56,4181,4,Mobile,headline,http://www.davis.com/,False,2025-02-03 23:47:09
1938,30435,9,1630,26,Desktop,headline,https://johnson.com/,True,2025-01-23 09:09:58
1939,49357,60,4068,17,Mobile,cta_button,https://goodwin-lopez.com/,False,2025-07-04 23:25:48
1940,14663,87,3088,25,Mobile,image,http://king.com/,False,2025-03-11 08:42:54
1941,29135,112,298,8,Desktop,cta_button,https://www.anderson-ramirez.net/,False,2025-05-31 19:39:24
1942,36130,183,3769,21,Mobile,cta_button,http://www.aguilar-delacruz.com/,False,2025-09-30 08:19:03
1943,4201,187,4966,42,Mobile,description,https://www.wilson.com/,False,2025-02-08 08:31:36
1944,32099,74,2265,39,Tablet,cta_button,http://www.kirk.biz/,False,2025-06-25 00:24:07
1945,3553,102,2331,27,Mobile,image,https://roberts.biz/,False,2025-02-12 08:51:03
1946,47775,44,1624,7,Mobile,description,http://www.schultz.biz/,False,2025-08-08 17:27:00
1947,23676,43,917,47,Desktop,headline,https://dennis.info/,False,2025-08-02 23:54:15
1948,12364,108,521,48,Desktop,description,http://sanchez-crawford.com/,False,2025-03-28 08:37:30
1949,17446,137,4836,6,Desktop,description,http://rogers-flores.com/,False,2025-01-24 12:14:47
1950,18296,30,3118,46,Tablet,headline,http://frost.com/,False,2025-02-24 20:23:05
1951,44482,190,1196,10,Tablet,description,https://www.stanley.info/,False,2025-05-30 16:49:30
1952,12958,23,4259,38,Tablet,headline,https://rodgers-conley.com/,True,2025-02-17 22:19:42
1953,42797,62,3328,25,Tablet,image,http://www.sims.com/,False,2025-09-08 01:31:26
1954,42826,26,806,47,Mobile,headline,https://www.navarro.com/,False,2025-05-09 10:04:10
1955,40448,38,772,7,Tablet,cta_button,https://www.ramirez.com/,False,2025-03-30 19:35:32
1956,34338,88,4247,10,Mobile,headline,https://www.dunn-garza.com/,False,2025-09-19 12:07:59
1957,4088,156,383,11,Tablet,headline,https://white.info/,False,2025-07-29 07:11:32
1958,31663,162,883,37,Desktop,headline,http://www.ball.com/,True,2025-01-16 09:19:35
1959,47007,44,3926,23,Tablet,headline,http://reese-sullivan.com/,False,2025-07-31 18:04:11
1960,4315,122,3747,42,Tablet,description,https://larson-herrera.com/,False,2025-04-16 16:45:22
1961,10523,131,1472,4,Tablet,cta_button,http://green-crawford.biz/,False,2025-08-10 06:36:18
1962,43317,31,1290,49,Tablet,cta_button,http://www.garcia-nelson.com/,False,2025-04-09 09:53:25
1963,3896,16,879,43,Desktop,headline,http://mills-ford.info/,False,2025-03-05 00:00:05
1964,44760,143,918,48,Desktop,cta_button,https://www.schmidt-fisher.org/,False,2025-05-05 16:14:56
1965,37888,38,630,9,Tablet,cta_button,https://smith.net/,True,2025-03-27 20:14:36
1966,20870,48,3321,3,Desktop,cta_button,https://www.hammond.com/,False,2025-07-01 19:03:06
1967,24491,139,957,22,Mobile,headline,http://www.morrison-carter.biz/,False,2025-01-28 20:40:47
1968,9597,134,3945,39,Desktop,headline,http://saunders.org/,False,2025-04-17 20:38:35
1969,24537,167,2893,32,Tablet,image,http://simpson-white.org/,True,2025-04-26 13:42:58
1970,19950,125,3916,47,Desktop,cta_button,https://www.wells-pacheco.org/,False,2025-03-15 09:50:01
1971,5169,98,3738,30,Tablet,headline,http://thompson-mann.info/,False,2025-09-07 11:31:30
1972,8701,90,4352,25,Mobile,cta_button,https://www.stephenson.com/,False,2025-09-26 20:29:34
1973,21284,124,4360,35,Tablet,cta_button,http://reyes.com/,True,2025-08-10 11:45:31
1974,46345,42,1808,25,Mobile,headline,http://patterson.com/,False,2025-03-31 19:48:08
1975,49682,55,2772,33,Desktop,description,https://mendoza-robinson.net/,True,2025-08-18 19:04:23
1976,39797,151,2763,46,Tablet,description,http://www.stark.com/,False,2025-02-13 07:21:56
1977,20059,76,1298,37,Mobile,cta_button,https://vazquez.org/,False,2025-07-25 03:48:21
1978,2876,126,3061,7,Tablet,cta_button,https://www.newton-clark.com/,False,2025-09-22 16:57:43
1979,3189,17,1087,4,Mobile,description,http://bates.org/,False,2025-04-28 15:57:44
1980,32079,24,1840,2,Tablet,cta_button,http://www.robinson.com/,False,2025-09-19 07:51:34
1981,445,107,2305,5,Tablet,description,http://richardson.com/,False,2025-08-31 19:54:02
1982,48345,114,225,34,Desktop,description,https://www.moreno-smith.com/,False,2025-03-29 18:04:57
1983,33601,174,2896,11,Tablet,description,https://www.parker.com/,False,2025-09-17 10:20:43
1984,21643,183,2123,49,Mobile,cta_button,https://www.newton.biz/,False,2025-09-24 14:42:40
1985,14566,94,4162,35,Mobile,headline,https://munoz.net/,True,2025-01-20 17:57:37
1986,1797,73,341,1,Tablet,image,https://www.phillips.com/,False,2025-08-08 16:56:02
1987,16127,128,2733,5,Mobile,description,https://hicks.biz/,False,2025-03-23 16:25:53
1988,31303,7,1494,17,Tablet,headline,https://turner.com/,False,2025-04-04 20:31:56
1989,22423,129,2489,50,Tablet,cta_button,http://www.castillo.org/,False,2025-03-08 21:57:27
1990,13161,104,3542,9,Desktop,image,https://miller.net/,True,2025-03-14 17:44:08
1991,40251,199,1691,24,Mobile,image,http://forbes.net/,False,2025-04-17 09:30:39
1992,3634,65,78,10,Tablet,headline,https://www.kent-howard.com/,False,2025-09-23 08:52:23
1993,23445,77,1503,46,Desktop,description,http://sanchez-alvarez.com/,False,2025-09-19 21:58:06
1994,26259,78,4120,19,Tablet,headline,http://vargas.com/,False,2025-03-05 20:42:35
1995,34868,150,3907,17,Mobile,description,http://www.hoffman.com/,False,2025-06-19 19:50:37
1996,15511,158,748,48,Tablet,cta_button,http://www.haynes-davis.com/,True,2025-05-23 20:37:35
1997,45086,14,1609,20,Tablet,description,https://kerr-maxwell.com/,False,2025-02-22 20:48:18
1998,9789,5,3968,15,Desktop,cta_button,http://www.stout.com/,False,2025-09-11 10:23:53
1999,12725,99,3526,18,Desktop,image,https://green.biz/,False,2025-01-17 07:33:10
2000,34978,134,1169,14,Tablet,headline,http://www.ramirez-terry.info/,False,2025-04-17 11:03:22
2001,49200,131,1342,1,Mobile,headline,http://lewis.com/,False,2025-08-17 21:27:08
2002,15477,171,3043,15,Tablet,headline,http://www.howard-medina.com/,False,2025-04-16 05:43:50
2003,42840,66,2205,39,Desktop,headline,http://brown-tran.com/,False,2025-03-17 13:05:07
2004,19080,175,552,47,Tablet,headline,http://brown-wilson.com/,False,2025-01-26 13:51:21
2005,2281,70,4024,40,Mobile,cta_button,http://www.hernandez-johnson.org/,True,2025-07-07 19:14:42
2006,19263,96,2010,37,Desktop,description,http://www.johnson.com/,False,2025-08-21 10:30:15
2007,27154,180,4063,19,Desktop,cta_button,https://taylor-lewis.net/,True,2025-05-28 19:19:22
2008,38096,66,4158,26,Desktop,cta_button,https://meadows.com/,False,2025-03-19 12:25:24
2009,44275,36,2714,38,Mobile,description,http://martinez.com/,False,2025-08-18 11:56:37
2010,35799,44,3268,27,Tablet,cta_button,http://www.young.com/,False,2025-08-12 07:33:48
2011,36824,123,2174,34,Desktop,description,http://www.thompson-ramirez.org/,False,2025-03-23 10:17:51
2012,30157,94,1386,30,Mobile,headline,http://mckee-cabrera.biz/,True,2025-01-20 10:32:15
2013,28866,82,2930,10,Desktop,headline,https://jacobs.com/,False,2025-09-24 00:27:30
2014,17249,7,2343,49,Tablet,image,https://grant.info/,False,2025-05-23 18:09:53
2015,1260,61,966,22,Desktop,description,https://www.clark.net/,False,2025-02-17 20:56:32
2016,22828,126,944,12,Mobile,headline,http://stevens.com/,True,2025-09-17 22:41:43
2017,45281,196,3876,38,Tablet,headline,http://hunt-alvarez.info/,False,2025-05-17 16:36:55
2018,20324,32,1615,45,Desktop,headline,https://cisneros.info/,False,2025-08-03 17:03:49
2019,47342,150,2418,27,Mobile,headline,https://www.myers.com/,False,2025-07-03 18:26:55
2020,41289,24,4672,8,Mobile,description,https://www.brown.net/,False,2025-09-20 13:16:38
2021,41841,199,4322,19,Desktop,headline,http://www.sweeney.com/,False,2025-03-10 19:31:44
2022,37079,130,2236,6,Tablet,image,http://www.brennan.com/,True,2025-07-29 20:05:59
2023,20492,60,2589,26,Desktop,image,https://www.huynh.com/,False,2025-07-19 22:40:15
2024,48336,156,2123,49,Mobile,image,https://www.simmons-kemp.com/,False,2025-07-27 07:10:20
2025,37068,115,3280,31,Desktop,headline,http://www.mitchell.info/,True,2025-02-22 22:33:41
2026,40069,73,707,41,Desktop,cta_button,https://rice.com/,False,2025-08-16 23:52:32
2027,26692,125,3143,35,Mobile,headline,http://fernandez-leach.com/,False,2025-01-31 21:58:09
2028,5697,162,3882,40,Mobile,image,https://www.jimenez.com/,False,2025-01-27 09:29:28
2029,38831,61,4708,1,Desktop,description,http://mcfarland-soto.com/,False,2025-02-20 11:11:04
2030,2788,186,518,23,Tablet,image,https://www.gallagher-johnson.com/,False,2025-04-03 20:37:08
2031,28875,138,649,2,Mobile,image,http://www.ford-gutierrez.com/,False,2025-08-20 10:42:07
2032,35425,84,216,49,Tablet,image,https://bruce.net/,False,2025-06-25 09:06:44
2033,40450,178,1637,46,Tablet,description,https://thomas.com/,True,2025-06-05 23:18:32
2034,36153,187,2789,50,Desktop,cta_button,http://king.org/,False,2025-02-04 10:38:40
2035,19779,23,2493,37,Tablet,description,http://white-thomas.com/,False,2025-02-15 13:12:22
2036,1289,78,159,46,Mobile,headline,http://www.walters-burton.net/,False,2025-03-19 21:15:46
2037,25435,140,3428,4,Tablet,cta_button,http://bryant-lawrence.com/,False,2025-02-20 22:47:41
2038,19979,59,4892,28,Tablet,headline,https://www.hansen.biz/,False,2025-01-12 11:55:56
2039,14599,31,2356,21,Mobile,cta_button,https://lopez.com/,False,2025-04-17 07:32:30
2040,10227,152,3548,12,Mobile,cta_button,https://smith-webb.net/,False,2025-03-25 21:08:21
2041,30306,25,4415,50,Desktop,headline,https://rodriguez-martinez.com/,False,2025-01-20 14:25:40
2042,39179,9,568,33,Desktop,image,https://www.mathis.com/,False,2025-01-24 21:52:29
2043,1032,33,3039,37,Tablet,image,http://hernandez-banks.net/,False,2025-03-31 11:19:43
2044,1253,132,4013,7,Mobile,image,http://www.hanson.info/,False,2025-07-07 15:17:00
2045,24673,83,737,7,Desktop,headline,http://berger.org/,False,2025-06-24 17:38:22
2046,9158,180,3566,35,Mobile,headline,https://peters.com/,False,2025-06-05 08:29:39
2047,18776,74,1747,2,Desktop,image,https://henry.com/,False,2025-06-22 18:16:22
2048,12257,98,1652,8,Desktop,cta_button,http://www.wilson-young.com/,False,2025-09-09 19:21:41
2049,20281,168,2882,9,Mobile,image,http://www.holmes.com/,False,2025-09-25 23:32:55
2050,33145,95,1267,49,Mobile,image,https://www.johnson-brown.net/,False,2025-06-06 09:05:36
2051,4543,88,944,12,Mobile,description,http://palmer-burke.com/,False,2025-09-17 11:38:44
2052,22870,183,3933,22,Desktop,headline,http://hampton-medina.com/,False,2025-10-17 20:47:29
2053,36538,79,4849,29,Mobile,headline,http://thompson.biz/,False,2025-03-22 07:25:46
2054,48975,49,1225,47,Desktop,description,http://williams-houston.com/,False,2025-07-23 08:45:38
2055,33673,112,2221,35,Desktop,description,https://www.harris.com/,False,2025-04-25 18:28:01
2056,34792,164,2429,23,Desktop,cta_button,https://martinez.info/,False,2025-10-14 15:19:36
2057,18824,76,3479,39,Desktop,cta_button,http://nguyen-maddox.com/,False,2025-06-19 16:20:31
2058,45816,122,3221,7,Mobile,cta_button,http://www.wilkins-martin.com/,False,2025-04-23 12:07:30
2059,37601,87,805,41,Tablet,cta_button,https://doyle.com/,False,2025-03-12 08:07:32
2060,359,4,4441,17,Desktop,headline,https://www.mccoy.net/,False,2025-07-01 21:14:54
2061,3328,94,1600,38,Mobile,image,https://www.guerrero.com/,False,2025-01-21 21:08:27
2062,10327,12,2868,38,Mobile,description,https://www.freeman.com/,True,2025-04-27 23:17:39
2063,6891,123,4130,45,Mobile,image,https://www.klein.com/,False,2025-03-23 08:30:08
2064,27485,141,2648,41,Tablet,cta_button,http://bailey-joseph.com/,False,2025-03-06 11:52:19
2065,48779,111,3439,10,Mobile,cta_button,http://www.cabrera.info/,False,2025-06-21 19:28:28
2066,24344,59,3475,38,Mobile,image,http://evans.net/,False,2025-01-13 22:27:39
2067,29133,97,2441,30,Tablet,image,http://ochoa.net/,False,2025-04-23 10:35:06
2068,6159,5,4467,43,Mobile,headline,http://www.ellis.com/,False,2025-09-06 22:13:16
2069,41468,47,1319,19,Mobile,cta_button,https://www.cannon.com/,False,2025-08-28 18:38:27
2070,29170,191,610,20,Mobile,description,http://ashley.com/,False,2025-08-24 08:14:31
2071,30981,52,412,3,Desktop,headline,https://miller.com/,False,2025-03-02 15:22:51
2072,37382,148,4972,45,Mobile,cta_button,http://www.snyder.net/,True,2025-06-03 03:40:35
2073,18313,122,3003,30,Desktop,image,https://www.martin-johnson.com/,False,2025-04-29 23:36:11
2074,5406,13,2453,24,Mobile,headline,http://www.thomas.com/,True,2025-01-21 08:50:23
2075,15845,190,4091,28,Mobile,cta_button,http://www.merritt-williams.com/,False,2025-06-05 17:44:10
2076,39805,108,2400,45,Desktop,description,http://henderson.com/,True,2025-03-24 05:39:37
2077,33936,185,1093,8,Desktop,description,https://hansen.com/,False,2025-03-27 15:32:47
2078,43158,154,1751,29,Tablet,cta_button,https://www.mitchell.net/,True,2025-08-07 20:31:09
2079,14453,89,2614,40,Mobile,cta_button,http://www.jensen.org/,False,2025-08-13 21:25:04
2080,30861,156,2512,27,Desktop,description,https://anderson.net/,False,2025-07-06 20:23:10
2081,4119,161,772,7,Tablet,description,http://carlson-sanchez.com/,False,2025-08-04 18:12:47
2082,13196,20,380,29,Mobile,description,http://www.ramirez.net/,False,2025-06-22 09:47:28
2083,43154,3,3594,45,Mobile,cta_button,http://www.caldwell-jones.com/,False,2025-05-18 17:26:55
2084,38095,87,2150,22,Tablet,cta_button,http://jackson.org/,False,2025-03-23 13:32:07
2085,16841,102,199,20,Mobile,headline,https://butler-alvarez.com/,False,2025-02-08 19:43:05
2086,28479,199,2986,8,Tablet,image,http://www.poole.com/,False,2025-05-23 21:52:44
2087,30545,6,2643,46,Mobile,description,https://adams-alexander.biz/,False,2025-04-23 19:59:16
2088,17817,103,3284,12,Mobile,image,http://www.middleton.com/,False,2025-07-30 10:58:47
2089,30672,110,4705,41,Desktop,cta_button,http://www.ortiz.info/,False,2025-10-05 12:19:15
2090,14065,17,1822,26,Mobile,cta_button,https://hess-carlson.com/,False,2025-04-26 17:21:30
2091,3430,146,712,27,Mobile,image,https://coleman-morris.com/,False,2025-07-21 12:30:32
2092,8489,85,2492,5,Desktop,headline,https://www.hickman-riley.com/,False,2025-05-22 10:56:18
2093,35127,183,1291,46,Mobile,cta_button,https://www.conner.com/,False,2025-10-04 02:41:05
2094,32357,10,577,2,Tablet,cta_button,https://turner.info/,False,2025-09-30 08:59:36
2095,34471,134,2013,14,Mobile,image,https://monroe.com/,True,2025-04-27 11:58:30
2096,14347,44,1520,29,Desktop,image,http://lopez.org/,False,2025-08-14 20:52:20
2097,18007,89,4527,2,Desktop,cta_button,https://miller.com/,False,2025-08-10 19:29:06
2098,26145,5,425,17,Desktop,description,http://stewart.biz/,False,2025-09-11 14:00:10
2099,45453,48,1483,47,Mobile,headline,http://smith.com/,True,2025-05-21 08:59:18
2100,42169,95,3287,16,Tablet,image,http://www.schneider.com/,False,2025-06-05 21:19:33
2101,41702,78,778,48,Tablet,headline,http://jackson.biz/,False,2025-03-07 18:34:28
2102,39687,41,3841,40,Tablet,description,http://white.com/,False,2025-09-14 11:10:58
2103,41521,111,33,36,Desktop,image,https://myers-luna.biz/,False,2025-06-30 20:37:00
2104,21862,115,2613,37,Tablet,cta_button,https://www.pearson.net/,False,2025-02-18 20:39:35
2105,24201,172,3471,24,Desktop,headline,https://price-morrow.org/,False,2025-09-29 21:56:47
2106,9116,131,4136,26,Tablet,description,http://perry.net/,False,2025-07-30 09:23:57
2107,20173,106,618,7,Tablet,image,https://johnston.info/,True,2025-09-13 10:09:55
2108,11778,68,4539,42,Tablet,cta_button,https://robertson.org/,False,2025-07-23 21:12:38
2109,9808,91,90,31,Tablet,image,http://hill.com/,False,2025-08-18 14:23:21
2110,28385,124,2570,15,Tablet,headline,https://www.payne.com/,False,2025-08-09 19:45:10
2111,11489,186,1211,22,Desktop,image,http://www.brooks.org/,False,2025-03-30 09:42:15
2112,16241,181,1565,21,Mobile,headline,https://www.brown-hahn.biz/,False,2025-01-26 08:06:44
2113,27705,159,621,29,Tablet,headline,http://stone.com/,False,2025-07-22 08:20:30
2114,26926,151,3809,13,Tablet,headline,http://www.perkins.com/,True,2025-03-03 10:44:12
2115,25718,67,4338,40,Mobile,cta_button,https://watts.com/,False,2025-08-09 21:09:15
2116,28539,40,3947,9,Tablet,image,https://davis.org/,True,2025-04-30 02:40:01
2117,30552,140,1763,46,Tablet,headline,http://adams.com/,False,2025-02-20 04:33:04
2118,20847,169,793,4,Desktop,headline,https://ewing-lee.com/,True,2025-03-04 19:46:04
2119,22292,100,681,2,Desktop,image,http://www.evans.org/,False,2025-05-24 17:36:13
2120,48523,1,1620,47,Tablet,image,http://jones.com/,False,2025-04-12 18:37:37
2121,44411,58,2178,3,Mobile,image,http://gonzalez.com/,False,2025-05-18 10:27:31
2122,22447,106,4374,22,Tablet,headline,https://walker.com/,False,2025-09-21 17:59:51
2123,29768,38,2219,30,Desktop,cta_button,https://www.bell-rosales.com/,False,2025-03-31 09:21:11
2124,14816,35,143,13,Tablet,cta_button,http://www.jefferson.com/,False,2025-06-10 10:23:39
2125,31185,127,921,44,Tablet,description,http://www.sanchez.org/,False,2025-10-03 22:33:09
2126,44829,130,1025,1,Tablet,description,https://baird-joseph.biz/,False,2025-07-26 10:32:12
2127,11781,58,638,46,Desktop,headline,https://www.martin.com/,False,2025-05-27 01:44:37
2128,31950,141,4658,14,Desktop,cta_button,https://www.foster.com/,False,2025-03-04 22:20:26
2129,37131,131,4298,16,Desktop,headline,http://www.bright.biz/,False,2025-08-08 22:20:31
2130,38104,138,4218,43,Desktop,cta_button,https://www.gillespie-graham.biz/,False,2025-08-27 10:04:10
2131,28484,134,1978,3,Mobile,image,https://carpenter-lucas.com/,False,2025-04-22 23:47:55
2132,36181,185,1340,26,Tablet,description,http://www.hicks.com/,False,2025-04-03 03:00:04
2133,7860,156,1292,1,Mobile,image,http://thomas-miller.com/,False,2025-07-06 17:31:54
2134,2991,172,3360,30,Desktop,cta_button,https://www.moore.biz/,False,2025-09-30 09:50:31
2135,30290,162,4917,48,Mobile,headline,http://www.dominguez.net/,False,2025-01-26 12:59:49
2136,8477,59,4613,4,Tablet,description,http://www.bass.info/,False,2025-01-12 09:39:42
2137,11334,110,3498,33,Mobile,cta_button,http://rose-jennings.net/,False,2025-09-26 20:32:48
2138,4181,46,4415,50,Desktop,headline,http://brown-gordon.biz/,False,2025-08-25 14:49:48
2139,47972,25,2735,36,Desktop,description,http://barrera-mahoney.com/,False,2025-02-07 09:11:54
2140,44236,168,2189,45,Desktop,headline,https://www.hunter-kelly.com/,False,2025-10-04 08:00:45
2141,34416,104,145,1,Tablet,headline,http://johnson.org/,False,2025-02-28 08:22:10
2142,37649,32,3227,15,Tablet,headline,https://www.davis.com/,False,2025-07-30 18:29:48
2143,44979,184,1412,22,Tablet,cta_button,http://www.copeland.com/,True,2025-02-20 12:20:05
2144,135,11,4157,6,Mobile,description,https://www.mason.com/,False,2025-11-21 10:03:38
2145,23173,46,4724,2,Desktop,image,http://webb-brown.com/,False,2025-08-28 09:02:34
2146,21349,177,3364,15,Tablet,image,https://zamora-little.com/,False,2025-10-15 10:07:05
2147,8659,178,2458,31,Mobile,description,https://www.long-knox.com/,True,2025-06-12 11:12:17
2148,47559,177,2998,16,Mobile,image,https://perez-black.com/,False,2025-09-08 20:23:25
2149,5872,163,3432,45,Mobile,cta_button,https://johnson.com/,False,2025-09-27 09:21:37
2150,3095,61,1173,6,Mobile,cta_button,https://bell.com/,False,2025-02-14 22:35:18
2151,16495,69,448,32,Mobile,cta_button,http://www.morrow-williams.com/,False,2025-10-03 18:59:43
2152,43319,114,4016,36,Mobile,cta_button,https://johnson.com/,False,2025-03-26 22:38:48
2153,25345,84,2871,44,Mobile,image,https://www.morales-martinez.com/,False,2025-06-30 17:13:24
2154,8108,12,4354,26,Tablet,headline,https://www.braun-hall.com/,False,2025-05-06 16:32:33
2155,42395,142,4724,2,Desktop,cta_button,http://www.norton.org/,False,2025-01-20 11:49:20
2156,15723,163,1513,24,Mobile,cta_button,https://gay-arnold.biz/,False,2025-10-02 08:03:12
2157,35429,196,2571,41,Desktop,headline,https://www.hill.com/,True,2025-07-24 14:20:09
2158,6372,158,468,30,Tablet,headline,https://www.schmitt.com/,False,2025-05-23 10:10:02
2159,33679,168,4073,37,Mobile,cta_button,http://www.walls.com/,False,2025-09-30 22:53:57
2160,7538,61,1183,36,Tablet,description,https://www.griffin.info/,True,2025-02-22 19:09:32
2161,22643,132,2399,45,Mobile,description,http://www.diaz-mann.com/,False,2025-07-09 20:46:44
2162,27709,190,1967,25,Mobile,cta_button,https://reyes.org/,True,2025-05-25 13:55:23
2163,22535,168,3271,24,Tablet,description,http://bowen-williams.biz/,False,2025-09-24 07:31:19
2164,48594,30,871,43,Desktop,image,http://www.koch-hernandez.com/,False,2025-02-21 16:52:54
2165,12266,65,4352,25,Mobile,headline,http://lawrence-wallace.net/,False,2025-09-13 00:36:47
2166,17518,92,3711,24,Desktop,cta_button,https://www.thompson.biz/,True,2025-07-18 16:04:04
2167,12688,61,1272,23,Desktop,description,http://petty-simmons.com/,False,2025-02-15 07:29:16
2168,44892,175,3724,47,Tablet,cta_button,https://smith.com/,False,2025-01-26 16:10:29
2169,14319,166,2325,7,Desktop,image,http://rogers.net/,False,2025-05-03 18:03:00
2170,12567,114,3541,43,Desktop,cta_button,http://www.lopez.org/,False,2025-03-21 12:06:38
2171,7502,119,4174,34,Desktop,description,https://www.carroll.net/,True,2025-04-06 18:35:47
2172,43525,95,2549,33,Desktop,headline,https://www.pace.com/,False,2025-05-31 16:25:22
2173,35554,110,2459,39,Desktop,headline,http://padilla.com/,False,2025-08-31 07:50:18
2174,37043,158,163,36,Desktop,description,https://potter.com/,False,2025-05-24 07:54:40
2175,30328,116,2369,37,Tablet,cta_button,https://schmitt.com/,True,2025-08-05 11:36:21
2176,18606,147,2485,42,Mobile,headline,https://holland.com/,False,2025-04-02 23:06:17
2177,42075,189,2706,24,Desktop,headline,https://www.weiss.com/,False,2025-02-09 21:35:17
2178,31768,115,4649,37,Mobile,cta_button,https://brown.com/,False,2025-02-15 20:26:22
2179,23864,29,4022,15,Tablet,image,http://diaz.org/,False,2025-01-08 10:05:19
2180,41070,142,4116,47,Desktop,image,http://salas-thomas.biz/,False,2025-01-27 15:56:24
2181,11303,31,3878,29,Tablet,headline,http://campbell.biz/,True,2025-04-15 08:01:51
2182,46823,70,2660,37,Desktop,cta_button,http://www.ryan.info/,False,2025-07-26 18:37:38
2183,27728,140,3452,43,Tablet,image,http://williams.com/,False,2025-02-18 09:43:54
2184,27156,96,3526,18,Desktop,cta_button,http://harper-bolton.biz/,False,2025-09-25 19:35:30
2185,37339,73,3777,17,Tablet,cta_button,https://hunt.info/,False,2025-08-15 14:19:25
2186,24947,184,1756,24,Desktop,headline,http://www.brennan-buck.net/,False,2025-04-07 06:23:01
2187,46493,3,1693,27,Desktop,headline,http://smith.com/,False,2025-05-11 13:26:24
2188,12937,8,1636,12,Mobile,cta_button,http://gray.com/,False,2025-03-02 06:48:01
2189,49822,110,2165,32,Desktop,headline,https://www.brewer.info/,False,2025-09-24 13:30:05
2190,31435,40,2977,13,Mobile,image,http://velez-briggs.net/,False,2025-05-12 10:08:25
2191,7901,164,1365,9,Mobile,description,https://www.gardner-griffith.info/,False,2025-10-16 22:28:54
2192,9265,6,3792,15,Tablet,cta_button,http://warren-young.com/,False,2025-04-23 20:57:44
2193,100,128,3794,25,Mobile,image,http://jacobs.org/,False,2025-03-12 20:56:54
2194,14745,73,2426,2,Tablet,cta_button,https://www.rodriguez.com/,False,2025-08-07 22:44:27
2195,22338,143,3301,31,Tablet,cta_button,http://shepherd.org/,False,2025-05-07 07:45:01
2196,1307,140,4796,42,Tablet,headline,https://porter-baker.com/,False,2025-02-17 00:21:56
2197,40651,91,3726,28,Desktop,cta_button,https://www.fields.biz/,False,2025-08-05 18:42:21
2198,11896,187,2555,8,Desktop,description,http://brewer.com/,False,2025-01-29 17:43:44
2199,15191,39,1592,22,Desktop,cta_button,https://www.palmer-lucero.com/,False,2025-05-17 14:54:05
2200,17802,137,1865,50,Desktop,headline,https://shaffer.biz/,False,2025-01-24 16:27:21
2201,1593,161,4960,41,Mobile,image,http://gonzalez.com/,False,2025-08-07 12:46:58
2202,34565,169,3937,12,Tablet,image,http://hensley.com/,False,2025-02-21 17:58:18
2203,5447,184,2458,31,Mobile,cta_button,https://mendez.com/,False,2025-02-25 11:22:58
2204,11090,20,1307,38,Desktop,image,https://garner-chavez.info/,False,2025-07-02 16:10:14
2205,7931,39,3136,8,Tablet,cta_button,https://www.murphy-payne.com/,True,2025-05-18 21:05:56
2206,35919,184,4960,41,Mobile,image,https://gibson-villa.com/,False,2025-02-16 13:25:54
2207,37697,180,1666,31,Desktop,headline,http://www.hayes-walker.com/,True,2025-04-17 17:54:31
2208,15083,47,3074,11,Tablet,cta_button,https://www.harris-hammond.org/,False,2025-10-16 09:09:40
2209,43318,17,2236,6,Tablet,image,http://anderson.com/,False,2025-05-01 19:02:31
2210,27789,100,1428,2,Tablet,description,https://www.clark.com/,True,2025-05-20 20:45:02
2211,18476,174,2032,40,Tablet,headline,http://www.shaffer.net/,True,2025-09-19 08:52:43
2212,17861,34,187,19,Desktop,image,https://garrett.info/,True,2025-06-03 20:27:03
2213,43397,50,1043,26,Mobile,headline,https://www.thompson.com/,True,2025-04-01 07:54:52
2214,22577,176,3073,15,Tablet,image,http://hardin-carpenter.com/,False,2025-04-09 11:15:06
2215,38255,33,2207,6,Mobile,description,https://mccormick-lopez.biz/,False,2025-04-08 22:20:14
2216,22281,165,843,12,Mobile,cta_button,https://freeman.net/,False,2025-06-13 20:56:51
2217,16472,159,3323,29,Desktop,headline,http://www.becker.biz/,False,2025-08-14 10:50:32
2218,17489,105,88,29,Desktop,cta_button,https://hale.net/,False,2025-07-06 02:30:37
2219,49486,113,95,22,Mobile,headline,http://www.wallace-figueroa.org/,False,2025-05-10 21:37:58
2220,18288,105,657,44,Mobile,description,https://www.taylor.org/,False,2025-07-07 10:24:55
2221,22959,69,2025,29,Desktop,headline,http://www.young-caldwell.com/,False,2025-10-12 23:32:40
2222,43242,90,3387,32,Tablet,headline,http://www.munoz.biz/,True,2025-09-28 20:21:23
2223,9393,75,701,14,Tablet,image,http://www.smith-little.com/,False,2025-07-16 06:51:48
2224,32404,58,3723,4,Tablet,description,https://www.ramirez-foster.com/,True,2025-05-28 15:06:03
2225,23300,143,1225,47,Desktop,headline,http://www.dean-stevenson.com/,False,2025-06-23 07:58:20
2226,37971,71,2473,17,Tablet,description,http://www.hicks.net/,False,2025-06-12 20:36:18
2227,41113,89,832,46,Desktop,cta_button,https://dodson.info/,False,2025-08-07 23:24:25
2228,2643,133,3823,18,Tablet,headline,http://doyle-brown.com/,False,2025-02-01 23:57:35
2229,5845,60,466,20,Desktop,image,http://www.baxter.info/,False,2025-08-02 19:58:00
2230,18314,24,2763,46,Tablet,image,https://www.dickson.com/,False,2025-09-16 21:42:57
2231,46636,5,632,37,Desktop,headline,http://www.ramirez.com/,False,2025-09-07 19:20:16
2232,2642,89,3617,12,Desktop,cta_button,https://martin.info/,False,2025-08-12 14:21:50
2233,8443,33,890,49,Mobile,cta_button,http://graham.biz/,False,2025-03-26 23:46:01
2234,36063,179,4319,41,Desktop,description,https://joyce-williams.com/,True,2025-08-17 16:18:00
2235,36836,116,2466,28,Desktop,headline,https://www.fitzpatrick-taylor.com/,False,2025-07-28 18:22:27
2236,19206,164,2597,35,Mobile,headline,http://www.kemp.com/,False,2025-10-05 09:32:17
2237,26756,197,852,27,Mobile,headline,http://cole.org/,False,2025-06-02 23:37:36
2238,4508,57,2103,5,Tablet,description,http://williams-hudson.biz/,False,2025-08-16 19:04:04
2239,48237,182,4751,34,Mobile,headline,https://thornton.com/,False,2025-07-02 17:55:03
2240,49113,116,2732,5,Tablet,description,http://patel.com/,False,2025-07-30 08:43:00
2241,42571,190,3447,36,Mobile,cta_button,https://woods.com/,False,2025-06-03 08:26:34
2242,1954,24,1135,33,Mobile,description,http://weaver.com/,False,2025-08-23 12:07:34
2243,35998,87,2692,34,Desktop,headline,http://www.hodge-york.biz/,False,2025-03-10 18:29:16
2244,37476,43,2007,26,Tablet,description,https://www.nelson-dunn.com/,False,2025-07-22 11:12:00
2245,11898,9,3737,13,Tablet,headline,https://www.doyle-nelson.com/,False,2025-01-28 20:53:59
2246,48900,96,562,32,Mobile,headline,https://campbell-gardner.info/,False,2025-09-19 15:44:42
2247,4260,180,1233,1,Desktop,cta_button,http://www.powers.com/,False,2025-05-02 20:21:43
2248,19243,147,2483,37,Mobile,cta_button,https://johnson.com/,False,2025-04-30 07:30:28
2249,34234,87,2522,15,Tablet,description,http://www.hendrix.info/,False,2025-03-23 22:47:02
2250,31494,126,1828,32,Tablet,headline,https://www.lewis-collins.com/,False,2025-10-03 20:50:26
2251,31176,57,900,31,Mobile,cta_button,https://myers-clark.com/,False,2025-08-10 20:11:14
2252,22949,132,1305,45,Desktop,description,http://www.hernandez.com/,False,2025-07-09 11:55:10
2253,27205,63,633,47,Mobile,headline,https://young.com/,True,2025-07-29 10:57:59
2254,43763,68,3221,7,Mobile,headline,http://terry.com/,False,2025-07-26 20:50:54
2255,37353,117,1319,19,Mobile,cta_button,http://murphy.org/,False,2025-07-21 08:38:31
2256,35520,120,2977,13,Mobile,headline,http://www.trujillo-kaufman.com/,False,2025-04-03 19:12:10
2257,11824,31,4281,35,Tablet,description,http://little.org/,False,2025-04-07 02:02:03
2258,16515,90,4599,1,Desktop,image,http://www.mitchell-cooper.info/,False,2025-10-21 10:25:20
2259,19923,146,4158,26,Desktop,description,http://www.rose.org/,False,2025-08-21 05:49:26
2260,45155,188,778,48,Tablet,image,https://curry.com/,False,2025-02-10 08:39:23
2261,33904,107,1997,39,Mobile,image,https://www.rivera-evans.com/,False,2025-08-29 22:23:56
2262,36409,38,4453,23,Desktop,headline,https://www.baldwin.com/,False,2025-04-01 08:35:02
2263,23021,66,2362,33,Desktop,description,https://www.olson.com/,False,2025-03-14 18:16:28
2264,24290,200,760,37,Desktop,image,http://www.page.com/,False,2025-02-10 11:25:04
2265,49126,16,4260,12,Tablet,description,https://rogers-parker.net/,False,2025-03-02 06:08:12
2266,35759,175,2335,30,Mobile,description,https://www.johnson-white.com/,False,2025-01-27 16:10:27
2267,31419,190,4090,9,Desktop,headline,http://www.villa-collins.net/,False,2025-06-16 17:42:20
2268,15616,90,1649,44,Tablet,headline,http://www.howard.info/,False,2025-10-06 18:16:31
2269,8467,86,1498,26,Tablet,cta_button,https://www.washington-williams.net/,False,2025-09-23 20:52:54
2270,14006,106,4475,41,Mobile,description,http://harris.com/,False,2025-09-18 20:58:13
2271,17392,136,2983,25,Desktop,description,http://www.hill-salazar.biz/,False,2025-06-03 19:11:45
2272,36789,45,1256,22,Tablet,headline,http://perry-riggs.com/,False,2025-09-04 20:35:01
2273,9823,116,3580,27,Desktop,image,https://www.parker.com/,False,2025-08-03 21:25:51
2274,13167,136,1278,13,Tablet,image,https://cameron-thomas.net/,False,2025-06-08 17:21:15
2275,33996,190,858,10,Tablet,description,http://mcdonald-martinez.biz/,False,2025-06-10 06:49:52
2276,5641,64,1219,37,Mobile,headline,https://smith.com/,False,2025-10-01 13:57:18
2277,20372,3,4045,21,Tablet,headline,http://www.cruz.net/,False,2025-05-02 13:23:51
2278,36912,168,3229,4,Desktop,image,https://jenkins-pratt.com/,True,2025-09-21 10:29:47
2279,44612,176,2963,3,Tablet,description,http://mccall.org/,False,2025-04-11 07:25:48
2280,7083,13,1866,36,Desktop,headline,http://rogers.org/,True,2025-01-14 19:24:39
2281,25030,92,3271,24,Tablet,image,http://brown.biz/,False,2025-07-24 13:16:14
2282,40899,70,2976,46,Mobile,image,http://brown.com/,False,2025-07-12 15:09:01
2283,42196,128,2152,3,Mobile,headline,http://www.morris.com/,False,2025-03-22 13:13:47
2284,45518,108,3897,42,Tablet,cta_button,http://williams.com/,True,2025-03-25 17:08:49
2285,23487,55,2819,22,Desktop,description,https://knight.com/,False,2025-09-13 20:26:45
2286,39971,192,178,37,Mobile,headline,https://watts-brown.net/,False,2025-07-21 07:05:37
2287,4232,132,2803,39,Desktop,description,http://www.hill.com/,False,2025-07-06 16:27:15
2288,44854,7,3128,42,Tablet,cta_button,https://www.black-sexton.com/,True,2025-04-18 08:38:33
2289,28500,180,1068,49,Tablet,headline,https://hensley.net/,False,2025-06-14 22:58:08
2290,23130,141,118,9,Tablet,headline,http://www.taylor.com/,False,2025-03-01 19:12:29
2291,13456,189,153,33,Tablet,cta_button,http://rodriguez.com/,True,2025-02-15 20:45:48
2292,43114,71,545,20,Mobile,image,http://brown.com/,False,2025-06-22 22:19:24
2293,18030,13,1074,43,Tablet,cta_button,http://lambert.info/,False,2025-01-23 08:01:54
2294,34256,23,4950,49,Desktop,image,http://lopez.com/,False,2025-02-11 08:10:53
2295,5970,175,1214,33,Mobile,headline,https://www.cochran.com/,True,2025-01-26 20:54:28
2296,24985,179,2993,40,Desktop,headline,http://vasquez.com/,True,2025-08-20 08:23:40
2297,49832,23,2988,37,Mobile,cta_button,http://serrano-perkins.com/,True,2025-02-07 09:49:15
2298,14387,3,2923,10,Mobile,image,http://www.george-schneider.com/,False,2025-05-01 06:18:21
2299,10118,127,119,47,Desktop,description,https://norris.com/,False,2025-09-27 17:13:32
2300,3100,95,713,27,Tablet,cta_button,http://www.frederick.com/,False,2025-06-05 21:35:49
2301,28392,4,210,47,Tablet,description,https://valdez.com/,False,2025-06-04 09:31:26
2302,39850,91,3972,48,Tablet,cta_button,http://cabrera.com/,False,2025-09-04 18:51:51
2303,30216,189,968,44,Mobile,cta_button,http://perez.biz/,True,2025-02-19 11:20:59
2304,28485,14,547,45,Mobile,description,https://www.kim-garcia.org/,False,2025-03-18 17:57:34
2305,15767,45,3075,9,Mobile,image,https://graham.com/,False,2025-08-31 16:57:20
2306,1922,120,3039,37,Tablet,image,https://vargas-hutchinson.com/,False,2025-02-01 05:53:07
2307,39953,172,726,46,Tablet,image,http://www.watson.com/,True,2025-09-20 19:36:27
2308,60,165,3037,6,Desktop,headline,http://long.com/,False,2025-06-07 20:05:45
2309,43196,32,1978,3,Mobile,description,https://sanders.com/,False,2025-08-05 08:29:33
2310,47988,116,3519,33,Desktop,description,https://www.rodriguez.net/,False,2025-08-08 20:39:51
2311,7160,105,347,42,Tablet,headline,http://allen.com/,False,2025-07-02 18:49:59
2312,23642,75,4691,17,Desktop,description,https://benitez.com/,False,2025-07-06 08:26:34
2313,6825,46,2025,29,Desktop,image,http://www.johnson-burgess.com/,False,2025-08-24 15:59:48
2314,11026,125,4039,35,Tablet,headline,https://murphy.org/,True,2025-03-11 08:39:29
2315,45265,148,4848,26,Mobile,headline,http://harper-patterson.com/,False,2025-06-01 16:18:52
2316,13523,40,4353,8,Mobile,description,http://www.mann.com/,True,2025-05-22 23:52:39
2317,19688,148,1056,17,Mobile,headline,https://romero.info/,False,2025-06-01 22:00:31
2318,30781,188,984,36,Tablet,image,http://schultz.com/,False,2025-02-08 15:42:08
2319,38208,145,3974,41,Tablet,headline,http://www.bullock.info/,False,2025-06-21 08:28:25
2320,147,91,2106,7,Mobile,image,https://hodges-baker.biz/,False,2025-07-17 05:33:55
2321,46581,94,694,26,Tablet,image,http://www.reynolds.net/,False,2025-01-16 13:53:34
2322,5523,5,1087,4,Mobile,headline,https://www.thompson.com/,True,2025-09-12 19:35:31
2323,41266,20,4924,27,Tablet,cta_button,http://smith.com/,False,2025-06-30 17:57:41
2324,27499,134,973,2,Desktop,headline,https://adams-porter.org/,False,2025-04-23 17:27:50
2325,24907,116,4867,14,Mobile,headline,http://www.baldwin.com/,False,2025-08-07 09:52:42
2326,28821,64,2447,46,Tablet,cta_button,http://le.biz/,False,2025-09-25 20:13:36
2327,42839,4,4237,11,Mobile,description,http://may.com/,False,2025-06-23 19:23:57
2328,27119,64,3464,13,Mobile,description,https://washington-meyer.org/,False,2025-10-03 10:26:31
2329,29067,150,3737,13,Tablet,cta_button,https://www.house-mcknight.com/,False,2025-05-03 07:18:42
2330,29691,41,1386,30,Mobile,image,https://stephens.biz/,False,2025-09-25 19:12:56
2331,10162,96,3260,36,Mobile,image,http://walker-wright.com/,False,2025-08-05 18:03:04
2332,33212,40,3725,19,Tablet,cta_button,https://www.smith.org/,False,2025-06-09 14:54:46
2333,49724,27,1196,10,Tablet,description,https://johnson.com/,False,2025-03-07 03:17:15
2334,1443,189,4241,48,Tablet,headline,http://henderson.biz/,True,2025-02-17 21:06:56
2335,48982,136,309,30,Tablet,cta_button,http://pierce.com/,False,2025-06-03 21:57:27
2336,45290,163,1417,18,Mobile,cta_button,https://meyers.info/,False,2025-09-24 05:02:57
2337,5212,89,3942,40,Tablet,headline,http://smith-ramirez.com/,False,2025-08-13 18:59:02
2338,38572,67,3956,49,Tablet,cta_button,http://fisher.com/,False,2025-07-14 19:40:24
2339,16250,48,234,24,Desktop,description,http://smith.com/,False,2025-06-20 19:52:59
2340,46020,11,2229,24,Desktop,cta_button,http://www.lindsey.com/,False,2025-10-06 19:52:15
2341,16233,54,2198,1,Tablet,cta_button,https://www.hurst.com/,False,2025-01-01 08:09:39
2342,46557,179,75,49,Mobile,image,http://www.marshall.net/,False,2025-08-15 20:13:17
2343,43087,133,1705,41,Tablet,description,http://www.roberts-williams.net/,False,2025-02-07 20:08:18
2344,7608,164,965,17,Mobile,headline,http://white-campbell.com/,False,2025-10-07 21:37:59
2345,49038,99,2530,20,Desktop,cta_button,http://www.howard.com/,False,2025-01-14 23:10:32
2346,35034,190,4433,6,Desktop,cta_button,http://www.smith.info/,False,2025-06-13 16:48:43
2347,11583,100,786,43,Mobile,image,http://roberts.com/,False,2025-06-18 17:11:15
2348,5378,44,39,2,Desktop,image,https://www.johnson.com/,False,2025-09-14 21:09:09
2349,37220,158,4495,29,Mobile,description,http://walker.com/,False,2025-05-20 08:46:55
2350,47918,100,2496,22,Tablet,headline,https://frank-lynch.com/,False,2025-06-03 09:24:31
2351,34182,192,3374,34,Mobile,cta_button,http://mata.com/,False,2025-06-11 19:26:28
2352,42574,177,2663,10,Mobile,image,https://www.alvarez.info/,False,2025-10-25 22:57:12
2353,35016,30,3096,8,Tablet,description,https://www.munoz.com/,False,2025-02-22 19:18:53
2354,3066,103,144,12,Desktop,headline,http://www.cochran.net/,False,2025-08-06 22:03:48
2355,37374,25,1967,25,Mobile,description,http://www.martin.org/,False,2025-02-04 21:45:45
2356,2590,144,1243,32,Desktop,description,https://alvarez.com/,False,2025-04-28 12:50:29
2357,25656,56,1291,46,Mobile,description,http://www.hudson-henson.biz/,True,2025-01-24 14:03:56
2358,27252,33,1503,46,Desktop,headline,https://baldwin.info/,False,2025-04-20 13:38:33
2359,40411,59,1602,40,Mobile,description,http://nelson.info/,False,2025-01-13 09:30:14
2360,8595,165,2834,43,Mobile,headline,https://thompson.biz/,False,2025-06-05 09:01:56
2361,45208,15,4560,18,Mobile,headline,http://foster-robinson.org/,False,2025-09-29 20:30:14
2362,8095,111,1398,36,Tablet,cta_button,http://www.cordova-sims.com/,False,2025-06-06 08:13:35
2363,5020,16,3640,1,Desktop,headline,http://petty.com/,False,2025-02-28 22:27:08
2364,43030,8,1442,23,Tablet,headline,https://www.carter.biz/,False,2025-02-28 06:32:56
2365,157,167,2721,21,Desktop,headline,https://fowler-thomas.com/,False,2025-04-24 21:18:49
2366,6442,186,4589,5,Mobile,headline,http://white.com/,False,2025-04-04 12:59:34
2367,34346,193,4405,36,Mobile,description,http://www.colon-moore.com/,False,2025-07-02 09:38:26
2368,2224,11,3522,3,Tablet,cta_button,http://williams.com/,False,2025-11-18 17:07:55
2369,12499,191,1195,41,Mobile,image,http://www.shaw-stone.com/,False,2025-07-12 09:37:47
2370,28429,145,4498,45,Desktop,image,http://lewis-dixon.com/,False,2025-06-23 22:18:49
2371,30470,19,2335,30,Mobile,headline,http://www.montoya.net/,True,2025-07-27 12:29:08
2372,4945,19,3017,34,Desktop,image,https://www.scott-smith.net/,False,2025-08-19 06:44:19
2373,25879,35,2147,25,Mobile,description,http://barnes.info/,False,2025-06-09 22:16:59
2374,39449,11,1509,7,Tablet,headline,http://lawson-tate.net/,False,2025-10-27 15:39:23
2375,25187,151,4262,32,Desktop,cta_button,http://www.smith.com/,False,2025-03-23 12:16:12
2376,37299,128,1185,22,Desktop,description,https://jimenez-martin.org/,False,2025-03-19 14:26:03
2377,19382,159,1755,19,Desktop,cta_button,https://perry.com/,False,2025-08-08 09:11:52
2378,49886,200,2874,37,Mobile,headline,http://travis.com/,True,2025-02-15 18:25:43
2379,15774,136,13,41,Tablet,cta_button,http://www.young-barber.com/,False,2025-06-08 11:21:40
2380,35124,168,1865,50,Desktop,cta_button,http://www.ramos-james.com/,True,2025-10-14 16:20:12
2381,42267,172,1486,24,Tablet,description,https://www.henderson.com/,True,2025-09-19 08:51:00
2382,29570,176,4129,26,Tablet,description,https://www.houston-robinson.com/,False,2025-04-08 18:20:56
2383,27045,194,2918,11,Mobile,cta_button,https://crosby-santos.com/,False,2025-09-13 11:41:27
2384,21175,194,930,40,Mobile,image,https://www.lang.com/,False,2025-09-09 22:55:47
2385,31704,101,1521,35,Tablet,image,https://www.griffith-freeman.com/,False,2025-04-12 10:13:19
2386,23092,183,3660,30,Desktop,image,http://miller.org/,True,2025-10-13 16:35:06
2387,43248,62,4819,30,Tablet,description,https://anderson.biz/,False,2025-09-12 13:44:09
2388,24153,18,3903,12,Tablet,headline,http://lawrence-moore.com/,True,2025-06-23 08:54:57
2389,35552,37,3115,16,Desktop,description,http://www.beard.com/,False,2025-01-14 20:50:20
2390,4583,99,2817,1,Desktop,headline,http://atkinson.com/,False,2025-01-17 21:35:27
2391,42770,40,285,30,Mobile,headline,https://erickson.com/,False,2025-05-11 18:21:12
2392,48908,156,4027,16,Desktop,description,https://smith.com/,True,2025-07-12 13:08:59
2393,46455,94,1837,23,Tablet,headline,http://hernandez.com/,False,2025-01-22 05:51:37
2394,30767,36,1701,15,Mobile,headline,https://www.robinson.com/,False,2025-08-18 20:47:32
2395,6943,61,952,8,Tablet,description,https://www.russo-joseph.com/,False,2025-02-25 07:42:37
2396,8578,41,1304,34,Mobile,headline,http://www.joseph-stewart.com/,False,2025-09-09 08:02:36
2397,21208,187,4291,49,Tablet,headline,http://nunez.com/,False,2025-02-01 10:54:36
2398,17827,130,2459,39,Desktop,headline,https://www.huff.org/,False,2025-07-26 18:20:05
2399,12832,200,1174,31,Mobile,image,http://smith-tate.net/,False,2025-02-21 10:19:38
2400,47368,200,1402,2,Tablet,cta_button,http://smith.com/,False,2025-03-06 11:35:44
2401,21210,5,4039,35,Tablet,cta_button,http://www.alvarez.com/,False,2025-09-11 22:14:36
2402,41564,32,896,34,Desktop,image,https://www.meyers-olson.biz/,False,2025-08-08 21:57:29
2403,12722,107,4838,38,Desktop,description,https://walker.com/,False,2025-08-26 21:50:25
2404,14488,157,2458,31,Mobile,cta_button,https://quinn.info/,False,2025-01-28 23:21:24
2405,44203,193,3732,29,Tablet,image,https://scott.com/,False,2025-06-30 19:04:15
2406,33063,138,4232,21,Mobile,description,https://turner-cooke.com/,True,2025-08-22 17:44:52
2407,49808,79,852,27,Mobile,cta_button,https://rodriguez.info/,False,2025-03-31 18:03:32
2408,14214,65,3263,27,Tablet,cta_button,http://www.turner.biz/,True,2025-09-13 21:05:06
2409,21415,39,2754,44,Tablet,image,http://price.com/,False,2025-05-18 22:48:52
2410,10800,88,4961,26,Desktop,image,http://schneider.biz/,False,2025-09-16 12:58:49
2411,32185,141,1998,33,Tablet,description,https://www.hughes.com/,False,2025-03-02 14:11:35
2412,33468,6,2202,27,Desktop,headline,http://www.nguyen.org/,True,2025-04-13 09:29:02
2413,40426,102,4730,30,Desktop,description,https://www.white.info/,True,2025-02-08 18:20:27
2414,16145,186,3428,4,Tablet,headline,http://www.barrera-shaw.org/,True,2025-03-29 09:27:55
2415,20682,84,4897,44,Desktop,cta_button,https://www.robinson.org/,False,2025-07-02 16:16:33
2416,23383,10,1607,11,Desktop,description,https://porter-johnson.com/,False,2025-09-29 12:42:41
2417,3922,30,1966,37,Tablet,image,http://www.olson-grant.com/,False,2025-02-23 17:37:43
2418,20873,113,4228,45,Tablet,description,https://smith.com/,False,2025-05-06 08:24:23
2419,19619,21,1023,13,Mobile,image,https://bradley.biz/,False,2025-08-21 19:30:57
2420,10931,120,4345,44,Desktop,image,http://thompson.biz/,False,2025-02-02 06:57:23
2421,20594,146,2430,20,Desktop,description,http://www.kennedy-wright.com/,False,2025-07-19 09:44:52
2422,4396,167,2744,11,Mobile,headline,http://www.parker.com/,False,2025-04-20 16:59:42
2423,18829,1,1084,37,Mobile,cta_button,http://www.wood.info/,False,2025-03-13 23:17:50
2424,2633,182,3143,35,Mobile,headline,https://stanley.info/,False,2025-06-24 20:33:09
2425,43469,39,236,50,Tablet,cta_button,http://gardner.com/,False,2025-05-21 01:42:52
2426,34246,154,1759,21,Desktop,headline,http://www.martinez.com/,False,2025-08-17 16:14:57
2427,35862,99,308,3,Desktop,image,https://blackwell.com/,False,2025-01-16 21:48:52
2428,43993,173,2455,42,Tablet,cta_button,http://williams.net/,False,2025-09-17 18:28:01
2429,42893,57,3744,35,Tablet,cta_button,http://stephens.com/,False,2025-08-13 14:14:21
2430,41778,144,3207,48,Mobile,cta_button,http://www.morales-webster.com/,True,2025-05-12 15:50:15
2431,40693,82,3682,32,Mobile,headline,https://owens-fowler.biz/,True,2025-09-25 21:13:42
2432,1685,182,2723,46,Mobile,cta_button,http://www.casey.com/,False,2025-07-03 08:20:14
2433,13861,126,4374,22,Tablet,headline,http://www.thompson.com/,False,2025-09-26 05:15:53
2434,18998,136,4646,43,Desktop,cta_button,https://www.pratt-mayer.net/,False,2025-06-05 19:34:10
2435,48084,2,618,7,Tablet,cta_button,https://perez.com/,False,2025-01-21 20:28:42
2436,2341,9,2096,5,Desktop,headline,http://www.ortega.org/,False,2025-01-27 08:04:57
2437,35876,148,3213,19,Mobile,cta_button,https://www.sheppard.biz/,False,2025-06-01 12:15:48
2438,22678,105,1797,49,Desktop,description,http://graham.biz/,False,2025-07-07 19:02:49
2439,13688,184,3563,11,Tablet,image,https://lewis.com/,False,2025-03-23 18:59:39
2440,32801,15,593,19,Desktop,description,http://www.kemp.info/,False,2025-09-25 21:53:41
2441,20513,132,2688,30,Tablet,headline,https://www.lopez.com/,False,2025-07-11 17:52:17
2442,18110,39,1262,35,Tablet,cta_button,http://www.hogan.com/,False,2025-05-20 09:11:58
2443,33060,36,2761,17,Mobile,headline,http://www.barrera.com/,False,2025-08-14 04:58:08
2444,21884,179,4648,17,Desktop,cta_button,https://smith-sweeney.biz/,False,2025-08-21 10:20:01
2445,12993,92,483,10,Desktop,image,http://johnson-ward.com/,False,2025-07-14 18:40:46
2446,15348,112,3432,45,Mobile,cta_button,https://www.mcclain.com/,True,2025-05-04 16:42:35
2447,37378,147,4958,4,Tablet,cta_button,http://www.greene.com/,True,2025-03-15 22:57:04
2448,40884,4,3898,23,Tablet,image,http://montgomery-hill.net/,False,2025-06-24 16:40:55
2449,24539,165,2158,13,Tablet,cta_button,http://fischer-moore.com/,False,2025-06-07 21:58:21
2450,11492,16,3022,8,Mobile,headline,https://lee-baker.com/,False,2025-03-04 06:31:26
2451,31128,97,528,43,Desktop,image,https://young-rodriguez.biz/,False,2025-04-27 21:58:31
2452,10948,51,307,24,Tablet,image,https://foster-cruz.net/,False,2025-09-05 21:04:59
2453,1981,83,4961,26,Desktop,headline,https://sanchez.com/,True,2025-06-04 20:39:43
2454,18552,46,4329,26,Desktop,image,https://www.oliver.net/,False,2025-08-30 21:04:45
2455,36012,189,3762,42,Tablet,cta_button,https://www.rios-fields.com/,False,2025-02-16 18:18:29
2456,14906,76,336,29,Desktop,description,https://www.nguyen.biz/,False,2025-07-05 15:47:33
2457,47857,46,579,37,Tablet,cta_button,https://www.fox-johnson.net/,True,2025-08-29 08:12:23
2458,25607,108,471,46,Desktop,description,https://www.myers.com/,False,2025-03-26 20:40:07
2459,45447,169,1175,36,Mobile,description,http://brown.com/,False,2025-02-19 20:53:18
2460,42042,32,4338,40,Mobile,headline,http://www.williams.biz/,False,2025-08-18 21:57:30
2461,26035,173,2350,44,Mobile,headline,http://www.terry.com/,False,2025-09-20 15:06:56
2462,15426,29,2292,39,Mobile,image,https://www.cook.com/,False,2025-01-13 05:54:10
2463,43515,59,4302,5,Tablet,description,https://www.clark.com/,False,2025-01-14 09:12:28
2464,43956,4,1953,2,Mobile,cta_button,https://gibson-lee.com/,True,2025-06-13 06:28:52
2465,25422,22,395,3,Mobile,headline,http://www.white.net/,True,2025-08-01 12:05:52
2466,29833,132,100,18,Desktop,image,https://olson.info/,False,2025-07-11 09:42:20
2467,829,60,4527,2,Desktop,image,http://www.howell.biz/,False,2025-07-05 08:13:43
2468,3871,83,4810,45,Desktop,cta_button,http://smith.com/,False,2025-06-25 21:00:40
2469,6180,81,2638,44,Tablet,description,http://little.com/,False,2025-04-30 08:04:48
2470,46533,124,1229,21,Desktop,description,http://www.cook.org/,False,2025-08-09 19:29:04
2471,8666,144,3944,32,Tablet,cta_button,https://morris.com/,False,2025-04-17 08:08:27
2472,1702,112,4895,25,Tablet,headline,http://www.cardenas.com/,False,2025-04-30 09:49:27
2473,6852,76,3133,10,Tablet,cta_button,http://www.berry.info/,False,2025-06-28 17:52:08
2474,31751,117,4587,9,Tablet,image,https://castro-daniels.com/,False,2025-07-23 06:02:28
2475,41519,188,1962,31,Mobile,image,https://www.henry.net/,False,2025-02-05 08:55:25
2476,10056,92,576,8,Desktop,headline,https://dominguez.com/,False,2025-07-24 09:59:24
2477,26295,50,4921,39,Desktop,image,http://gutierrez.net/,False,2025-04-12 03:34:36
2478,37462,168,3989,32,Tablet,image,http://www.jones-green.net/,False,2025-10-12 12:42:17
2479,406,86,3122,17,Desktop,description,https://ferguson.com/,False,2025-08-01 18:54:02
2480,40304,75,3406,31,Tablet,cta_button,http://allen.com/,False,2025-05-26 22:57:22
2481,29528,182,3608,23,Desktop,image,http://campbell.info/,False,2025-07-22 23:20:25
2482,38890,92,1158,45,Tablet,headline,http://www.phillips.com/,False,2025-07-04 18:14:49
2483,4291,144,1906,49,Mobile,cta_button,https://webster-duran.com/,True,2025-05-08 16:40:32
2484,39035,43,2522,15,Tablet,headline,https://olson.com/,False,2025-07-10 08:52:55
2485,5572,134,4289,12,Desktop,image,http://ramirez.com/,False,2025-04-22 15:30:18
2486,9264,143,2834,43,Mobile,image,http://robinson.com/,True,2025-07-09 18:32:06
2487,5451,154,2239,38,Desktop,headline,https://griffin-sanchez.net/,False,2025-08-07 18:59:39
2488,10558,77,3603,3,Desktop,cta_button,https://www.short.com/,True,2025-09-21 10:25:35
2489,21443,42,4025,43,Tablet,cta_button,https://www.preston-miller.com/,False,2025-04-02 07:04:07
2490,8577,196,3864,24,Mobile,cta_button,http://www.thomas.com/,True,2025-06-10 11:46:31
2491,11000,189,2990,33,Tablet,description,http://white-brandt.com/,False,2025-02-10 18:36:55
2492,6950,40,4521,33,Mobile,headline,http://www.lopez.com/,False,2025-04-30 20:08:09
2493,32972,31,4201,21,Tablet,image,https://blanchard.net/,False,2025-04-10 20:03:01
2494,562,130,3057,30,Tablet,image,http://gonzales-stanton.com/,False,2025-07-27 07:44:16
2495,17119,9,4520,31,Mobile,cta_button,http://www.hopkins-freeman.org/,False,2025-01-22 21:00:38
2496,22591,191,1653,40,Mobile,description,https://bowers.com/,False,2025-08-25 23:27:25
2497,35321,76,4738,13,Mobile,cta_button,http://williams.com/,False,2025-08-03 16:17:58
2498,22225,174,2783,32,Desktop,description,http://www.cook.com/,False,2025-09-13 06:58:32
2499,36128,106,418,40,Mobile,headline,http://shepherd.com/,False,2025-09-09 18:52:15
2500,10461,139,182,49,Desktop,image,http://www.york-payne.com/,True,2025-01-21 22:15:00
2501,34596,95,1831,7,Tablet,image,https://morrow-davis.com/,False,2025-06-04 17:41:05
2502,47190,1,2816,17,Tablet,cta_button,http://www.odom-beck.com/,False,2025-03-29 18:14:20
2503,23283,49,1147,19,Mobile,cta_button,https://mcguire.net/,False,2025-07-12 00:10:50
2504,31479,45,4586,11,Desktop,image,https://pham.net/,False,2025-07-24 07:23:48
2505,9268,25,3641,47,Tablet,description,http://www.lowery.com/,False,2025-01-14 18:19:35
2506,264,20,4160,27,Desktop,headline,https://www.mccann-osborne.com/,False,2025-06-30 08:27:16
2507,36205,77,2287,22,Desktop,headline,http://www.hahn.com/,False,2025-09-29 15:54:11
2508,27548,182,3811,37,Tablet,headline,https://smith.com/,True,2025-06-15 21:29:11
2509,44363,141,2600,47,Tablet,description,https://www.adams-dean.biz/,False,2025-03-07 13:35:35
2510,14288,167,788,22,Mobile,headline,https://www.casey-lynch.biz/,False,2025-05-02 11:43:52
2511,2394,147,4571,28,Tablet,description,https://www.greer.com/,False,2025-03-31 09:00:57
2512,28229,192,976,46,Mobile,headline,http://www.contreras.net/,False,2025-06-23 16:42:44
2513,6501,35,1589,19,Mobile,image,http://turner.net/,False,2025-06-08 20:38:23
2514,920,123,348,12,Tablet,image,https://www.rice.com/,False,2025-03-15 01:08:54
2515,46299,7,1415,2,Desktop,cta_button,https://www.martin.net/,False,2025-06-05 02:26:07
2516,25103,76,2729,33,Desktop,headline,https://www.jones-williamson.com/,False,2025-06-25 05:19:15
2517,11297,170,4658,14,Desktop,headline,https://www.knox.com/,True,2025-07-23 02:39:19
2518,15699,110,4885,12,Desktop,image,https://nelson.com/,False,2025-10-22 20:54:38
2519,29206,46,1458,22,Tablet,image,http://www.willis.com/,False,2025-08-26 08:33:06
2520,40780,105,3496,32,Tablet,image,http://www.jones.com/,False,2025-07-06 20:20:24
2521,34350,81,4898,45,Desktop,headline,https://west.com/,False,2025-05-06 14:17:07
2522,18556,167,4108,3,Mobile,headline,http://www.weber.com/,False,2025-04-20 16:42:29
2523,19094,71,1099,9,Tablet,image,https://www.wood.net/,False,2025-06-10 08:25:51
2524,36561,77,3671,50,Tablet,description,http://thompson.com/,False,2025-10-11 11:10:37
2525,29895,199,1207,10,Desktop,image,http://www.cannon-clark.info/,False,2025-03-08 12:16:55
2526,45589,14,3735,33,Mobile,headline,https://davis-williams.com/,False,2025-02-28 07:11:00
2527,5274,161,884,17,Desktop,description,https://www.travis.com/,False,2025-08-26 14:59:20
2528,7717,12,4073,37,Mobile,image,http://www.moss.com/,False,2025-05-04 19:24:33
2529,32761,59,1180,11,Mobile,headline,http://clark.info/,True,2025-01-13 16:02:54
2530,43623,182,4042,16,Tablet,cta_button,https://www.singh-anderson.com/,False,2025-07-25 22:26:34
2531,8838,175,3795,49,Desktop,image,http://kramer.info/,False,2025-01-23 21:55:53
2532,47872,169,1432,12,Tablet,cta_button,http://www.moore-thomas.net/,False,2025-02-26 11:16:13
2533,6654,147,4275,26,Desktop,headline,https://miller.org/,False,2025-03-19 09:19:42
2534,46021,28,2093,41,Tablet,image,http://delacruz-griffin.info/,False,2025-10-12 09:01:46
2535,45095,111,4458,40,Desktop,image,https://www.curry.net/,False,2025-06-18 17:48:54
2536,48543,188,3527,41,Tablet,image,http://martinez.biz/,True,2025-02-08 12:32:21
2537,21041,186,4635,1,Mobile,image,https://www.bullock.biz/,True,2025-04-05 20:07:41
2538,49023,147,3131,25,Mobile,headline,http://lane.com/,False,2025-03-28 19:58:53
2539,2621,2,4299,38,Desktop,image,https://sanchez-lewis.biz/,False,2025-01-19 20:56:27
2540,17172,194,449,14,Tablet,image,http://brown.com/,False,2025-09-10 18:12:53
2541,28161,65,3499,17,Tablet,cta_button,https://steele.net/,False,2025-09-07 08:56:35
2542,1622,192,313,45,Mobile,headline,https://nichols-taylor.com/,False,2025-06-14 18:53:05
2543,18874,168,3957,10,Desktop,description,https://cox.net/,False,2025-10-11 19:39:07
2544,25391,23,1704,31,Tablet,headline,https://www.blake.net/,True,2025-02-15 21:51:54
2545,23541,153,3024,39,Mobile,headline,http://www.snyder.com/,False,2025-09-07 10:49:12
2546,19481,169,3597,16,Tablet,description,https://bridges.com/,False,2025-03-09 14:48:55
2547,19506,39,2661,12,Tablet,description,https://www.zimmerman.com/,False,2025-05-19 14:36:52
2548,6197,160,4646,43,Desktop,headline,https://www.ramos.com/,False,2025-06-26 20:05:06
2549,19207,125,1488,23,Mobile,headline,https://www.lopez.com/,False,2025-03-09 12:08:47
2550,34950,40,608,28,Mobile,cta_button,https://www.atkinson.com/,False,2025-05-31 22:07:03
2551,22975,154,3005,25,Tablet,headline,https://www.knapp.com/,False,2025-08-11 11:01:02
2552,35906,160,1145,26,Tablet,cta_button,http://kennedy.com/,True,2025-06-29 05:36:29
2553,31960,70,368,16,Mobile,cta_button,https://jimenez-little.com/,False,2025-07-11 14:04:45
2554,3407,147,4510,16,Desktop,cta_button,http://randolph.biz/,False,2025-05-01 11:13:49
2555,49310,130,4002,50,Tablet,cta_button,https://www.williams.com/,False,2025-07-26 09:28:11
2556,1194,100,2592,41,Mobile,headline,http://johnson-mason.org/,False,2025-05-29 06:17:29
2557,34381,67,202,27,Mobile,image,https://hubbard.net/,False,2025-07-18 20:12:45
2558,4503,57,3082,6,Desktop,cta_button,http://www.mccarty.com/,False,2025-08-15 22:50:22
2559,16998,81,3446,32,Tablet,headline,https://www.gomez.com/,True,2025-02-25 15:08:22
2560,38332,22,4828,43,Tablet,description,http://www.bennett.com/,False,2025-07-29 07:19:41
2561,12161,111,3866,27,Tablet,cta_button,https://henry-cook.com/,False,2025-07-04 05:10:17
2562,12923,131,1217,29,Mobile,cta_button,http://www.stevens.com/,False,2025-08-03 17:53:07
2563,19018,176,1709,30,Mobile,cta_button,http://www.richmond-bell.com/,False,2025-04-12 10:01:39
2564,38089,175,1504,17,Desktop,cta_button,https://adams.biz/,False,2025-01-27 14:35:51
2565,15595,84,1385,13,Mobile,headline,http://porter-meadows.com/,False,2025-06-29 17:53:48
2566,43150,21,3819,15,Tablet,cta_button,http://martin.com/,False,2025-06-28 21:54:05
2567,34806,157,3941,19,Desktop,headline,https://jones.net/,False,2025-01-20 22:10:26
2568,14701,29,2907,49,Desktop,cta_button,http://www.baldwin.com/,False,2025-01-12 18:22:19
2569,14057,119,2525,31,Desktop,headline,https://farley.com/,True,2025-03-19 17:43:35
2570,19465,131,368,16,Mobile,headline,https://weber.com/,False,2025-07-29 21:55:21
2571,11998,184,1127,2,Tablet,headline,https://www.drake.com/,False,2025-04-15 20:21:09
2572,47728,50,1391,40,Mobile,image,https://sutton.org/,False,2025-03-25 18:42:15
2573,45804,25,4326,29,Mobile,image,https://williams.com/,False,2025-01-17 19:38:19
2574,25161,5,2218,28,Mobile,headline,https://www.young.com/,False,2025-09-13 18:54:39
2575,23850,167,1038,48,Tablet,headline,https://www.coleman-reese.com/,False,2025-04-24 20:19:34
2576,19265,38,3309,9,Tablet,description,http://torres-brown.com/,False,2025-03-30 09:14:54
2577,32319,110,2784,26,Tablet,image,http://www.perez.biz/,False,2025-09-12 23:27:08
2578,2176,43,2130,10,Desktop,description,http://valenzuela-wiggins.com/,False,2025-07-23 06:48:30
2579,23510,72,4390,21,Desktop,description,http://miller-parks.com/,False,2025-04-23 08:06:13
2580,863,189,1862,40,Tablet,headline,https://martinez.info/,False,2025-02-16 19:27:08
2581,42365,192,4417,29,Tablet,headline,http://www.livingston-lee.info/,False,2025-07-07 17:42:11
2582,9305,96,167,7,Desktop,cta_button,https://rhodes.biz/,False,2025-09-16 10:54:23
2583,31540,160,2666,5,Desktop,headline,http://harrell.com/,False,2025-06-28 09:14:30
2584,17378,116,1540,29,Desktop,cta_button,https://harris-rodriguez.biz/,False,2025-07-28 19:20:25
2585,2453,65,293,27,Mobile,image,http://www.smith.com/,True,2025-08-31 20:15:14
2586,48490,125,2649,38,Desktop,description,https://www.christensen.com/,False,2025-03-10 09:10:16
2587,17301,134,4172,34,Mobile,cta_button,https://www.mills.com/,False,2025-04-22 08:52:33
2588,8845,147,4508,7,Desktop,image,https://rivas-moran.com/,True,2025-04-19 21:28:45
2589,26030,133,2475,31,Tablet,cta_button,http://smith-flores.com/,False,2025-02-16 23:58:51
2590,12319,69,2781,29,Desktop,headline,http://perez.com/,False,2025-10-08 22:48:15
2591,39674,92,3203,31,Tablet,image,http://www.gonzalez.com/,False,2025-07-02 08:40:46
2592,28612,159,322,43,Tablet,description,https://mccoy.com/,False,2025-07-21 15:45:26
2593,37809,83,2479,29,Tablet,headline,https://www.garner.com/,False,2025-06-08 22:24:29
2594,21511,199,1309,11,Desktop,headline,http://www.gutierrez.com/,False,2025-04-06 22:16:25
2595,31639,157,1257,36,Mobile,image,http://weber.com/,False,2025-01-18 09:03:53
2596,29042,142,586,7,Tablet,cta_button,http://www.wolfe.com/,False,2025-01-12 09:19:20
2597,26207,48,4263,15,Desktop,description,http://johnson.com/,False,2025-05-22 21:04:18
2598,14464,187,235,19,Desktop,cta_button,https://phillips.com/,False,2025-02-03 18:19:38
2599,8287,152,1094,31,Tablet,description,http://king.org/,False,2025-03-26 09:54:16
2600,32502,131,4337,4,Tablet,headline,https://mcconnell.com/,False,2025-08-11 19:09:30
2601,11987,20,2826,40,Tablet,description,https://www.richard.com/,False,2025-06-21 08:45:53
2602,23760,176,2585,24,Mobile,image,https://www.jackson.com/,True,2025-04-11 20:22:27
2603,11956,47,2440,46,Desktop,cta_button,https://www.hernandez.biz/,False,2025-10-13 11:04:20
2604,14872,30,499,35,Mobile,cta_button,https://www.johnson.com/,False,2025-02-19 18:56:21
2605,19630,187,4285,7,Mobile,description,http://www.griffith-aguirre.com/,False,2025-02-03 13:13:39
2606,14795,175,1782,37,Mobile,description,https://larson.biz/,False,2025-01-26 13:20:54
2607,27023,15,3544,11,Desktop,cta_button,http://floyd.com/,True,2025-09-30 07:39:17
2608,31570,73,3211,29,Desktop,headline,http://ramirez.info/,False,2025-08-13 10:18:17
2609,39815,11,3692,41,Tablet,cta_button,http://www.miller.com/,True,2025-08-28 20:42:27
2610,7273,193,4376,3,Tablet,headline,https://www.castro.com/,False,2025-07-10 07:29:52
2611,1490,143,2779,47,Mobile,headline,http://www.werner-allen.org/,False,2025-06-18 09:27:57
2612,9716,163,2235,47,Tablet,image,https://douglas.com/,True,2025-09-12 04:43:36
2613,13990,171,3869,41,Tablet,description,https://www.diaz.com/,False,2025-03-13 20:48:15
2614,15733,98,56,26,Tablet,cta_button,https://www.powell-marks.info/,True,2025-09-03 07:59:45
2615,48985,139,661,42,Mobile,description,http://www.ramos.com/,False,2025-01-17 18:51:31
2616,13982,20,1548,46,Desktop,headline,http://www.lin-young.org/,False,2025-06-25 19:53:49
2617,13103,53,4457,4,Mobile,description,https://www.young.com/,False,2025-06-14 15:37:22
2618,2492,71,2090,11,Desktop,headline,http://www.foster.biz/,False,2025-07-04 08:30:19
2619,13048,71,1653,40,Mobile,image,https://www.wilcox.org/,False,2025-07-02 21:25:38
2620,13238,174,3847,42,Tablet,image,https://www.george.com/,False,2025-09-16 09:25:48
2621,5446,68,2795,43,Mobile,headline,http://www.schroeder-salinas.biz/,False,2025-06-29 18:06:01
2622,29406,6,2129,8,Desktop,headline,https://campbell.com/,False,2025-04-18 03:19:02
2623,19585,92,3584,5,Desktop,headline,https://martinez-moore.com/,False,2025-07-18 08:30:40
2624,29503,96,707,41,Desktop,cta_button,https://www.sexton.com/,True,2025-09-19 03:19:17
2625,45949,192,2397,3,Mobile,image,https://www.rodriguez.info/,False,2025-08-14 21:55:02
2626,17908,4,2754,44,Tablet,description,https://dougherty.org/,False,2025-06-21 04:11:57
2627,26467,23,3061,7,Tablet,image,https://www.evans-zamora.org/,True,2025-02-15 06:18:05
2628,16812,139,3905,44,Tablet,description,https://www.jensen.com/,False,2025-01-27 17:46:58
2629,28398,28,3044,32,Desktop,headline,http://www.shaffer-davis.com/,False,2025-09-29 23:23:56
2630,27299,86,957,22,Mobile,headline,https://www.jackson.com/,True,2025-08-14 10:00:56
2631,7330,79,1741,24,Desktop,description,http://long.com/,False,2025-04-09 10:28:51
2632,33932,62,2231,46,Tablet,image,http://bradford.com/,True,2025-09-11 23:20:23
2633,33972,151,4284,41,Mobile,headline,https://www.berg-mcfarland.net/,False,2025-02-25 20:50:25
2634,31259,144,814,39,Desktop,image,https://www.young.biz/,False,2025-04-25 12:31:28
2635,41986,15,4254,14,Tablet,cta_button,http://fuller-johnson.com/,False,2025-09-25 07:23:37
2636,41236,85,4840,22,Tablet,image,http://adams.com/,False,2025-06-03 19:07:54
2637,21938,187,3437,7,Desktop,image,https://davis-parker.com/,False,2025-01-28 12:58:28
2638,32600,76,2290,48,Desktop,description,https://www.phillips.com/,False,2025-08-03 20:12:48
2639,2848,23,1916,7,Tablet,cta_button,https://ross.info/,False,2025-02-11 08:42:25
2640,12094,165,1456,8,Mobile,cta_button,http://www.hayes.biz/,False,2025-06-02 11:18:13
2641,8158,72,1035,18,Mobile,cta_button,http://www.smith-smith.biz/,False,2025-04-03 13:49:19
2642,10506,22,218,9,Desktop,headline,http://www.boyd.biz/,False,2025-07-28 12:11:10
2643,34304,16,4000,26,Mobile,headline,https://www.oliver.com/,False,2025-03-05 04:55:14
2644,46815,20,2571,41,Desktop,description,http://jarvis-powell.org/,False,2025-06-30 09:59:04
2645,33617,132,4082,41,Desktop,image,http://www.moore.net/,False,2025-07-16 20:30:35
2646,34150,168,2003,4,Mobile,headline,https://marsh.com/,False,2025-10-03 20:29:28
2647,4997,44,4376,3,Tablet,cta_button,http://www.white-baldwin.net/,True,2025-09-06 17:08:48
2648,47489,41,3204,35,Mobile,headline,http://www.rhodes.biz/,False,2025-09-14 17:21:31
2649,30134,163,1437,2,Tablet,cta_button,http://steele.info/,False,2025-09-29 19:59:12
2650,7278,164,2827,32,Mobile,cta_button,http://www.velazquez-ruiz.org/,False,2025-11-13 07:22:46
2651,34009,43,1836,5,Desktop,headline,https://cole.com/,False,2025-07-08 07:35:06
2652,37058,8,1473,38,Tablet,description,http://wilson-ortiz.info/,False,2025-03-02 15:04:06
2653,32526,77,3313,6,Tablet,headline,http://www.collins.com/,True,2025-09-29 17:49:53
2654,32086,109,4727,45,Desktop,description,https://mccoy-moran.com/,False,2025-03-01 08:18:54
2655,39598,154,2601,21,Tablet,headline,https://www.hart.com/,False,2025-08-15 16:32:56
2656,25003,59,287,1,Tablet,cta_button,http://www.powell.org/,False,2025-01-12 16:24:29
2657,37623,100,4043,23,Mobile,description,http://patrick.net/,False,2025-06-18 08:31:04
2658,47665,163,992,39,Mobile,image,https://kelly.com/,False,2025-09-26 21:03:36
2659,34199,121,2353,36,Desktop,image,http://faulkner.net/,False,2025-09-10 19:48:56
2660,30111,95,4465,22,Desktop,cta_button,https://www.hammond.info/,False,2025-06-09 18:55:41
2661,14780,83,3289,5,Desktop,image,https://www.castillo-nguyen.com/,False,2025-06-15 06:08:51
2662,14045,80,1437,2,Tablet,headline,https://young.com/,False,2025-02-27 09:29:53
2663,42578,48,3584,5,Desktop,description,http://pierce.org/,False,2025-06-14 17:32:44
2664,5284,2,1463,36,Mobile,image,http://beasley.org/,False,2025-01-21 08:32:34
2665,27974,102,425,17,Desktop,image,http://www.johnson.com/,False,2025-02-07 19:00:24
2666,41722,164,1784,2,Mobile,headline,http://rogers-hoffman.biz/,False,2025-09-27 11:15:38
2667,20062,150,4607,17,Mobile,headline,https://vega-bruce.com/,False,2025-05-05 09:08:30
2668,33518,157,2055,18,Mobile,headline,http://roberts-king.com/,False,2025-01-18 09:34:34
2669,19739,8,1282,26,Tablet,image,https://www.francis.com/,False,2025-03-02 01:42:17
2670,39111,49,1467,12,Tablet,description,http://carr.com/,False,2025-07-15 07:47:55
2671,13535,178,1226,3,Mobile,image,http://clark.com/,False,2025-05-26 20:10:44
2672,41311,38,1287,25,Tablet,cta_button,http://robinson.info/,False,2025-04-03 11:25:23
2673,38082,38,1745,44,Tablet,image,http://www.mitchell-cannon.com/,False,2025-04-02 12:02:41
2674,46871,191,3868,6,Mobile,image,https://www.miller.org/,False,2025-08-31 06:43:52
2675,14988,45,1893,27,Mobile,description,http://brown.org/,False,2025-07-16 19:53:02
2676,31581,95,3089,14,Tablet,headline,http://jones-simmons.com/,True,2025-06-05 13:32:15
2677,5156,84,3360,30,Desktop,image,http://www.martin.net/,False,2025-06-29 19:11:43
2678,824,176,2915,18,Desktop,cta_button,http://www.miller.info/,False,2025-04-07 16:55:49
2679,35120,3,2098,23,Mobile,cta_button,http://www.johnson-kelly.info/,False,2025-05-21 13:53:55
2680,45,1,449,14,Tablet,headline,http://campbell.info/,False,2025-03-17 10:31:43
2681,31662,20,256,15,Mobile,image,http://www.morris-adams.com/,False,2025-06-24 07:03:12
2682,17567,198,4956,22,Mobile,headline,http://bullock-anderson.com/,True,2025-01-29 18:01:46
2683,47830,125,3884,7,Tablet,cta_button,http://www.aguilar.info/,False,2025-02-23 18:50:57
2684,35647,170,4928,30,Tablet,cta_button,https://www.gilmore.net/,False,2025-07-30 18:16:34
2685,48167,137,1866,36,Desktop,description,http://wells-preston.com/,False,2025-02-04 16:50:25
2686,42490,51,1654,16,Tablet,cta_button,http://www.newton.info/,False,2025-09-07 09:35:18
2687,5341,3,1887,17,Desktop,cta_button,https://www.carpenter.com/,False,2025-05-21 22:31:36
2688,19713,69,485,35,Desktop,description,https://gibson.com/,False,2025-09-29 21:07:57
2689,7748,87,193,45,Mobile,headline,https://singleton-jones.net/,False,2025-03-23 17:19:55
2690,7008,9,965,17,Mobile,description,http://www.bradley.org/,True,2025-01-08 16:53:13
2691,3183,138,83,2,Tablet,cta_button,http://mcconnell.biz/,False,2025-08-25 11:56:00
2692,16688,185,3018,39,Tablet,cta_button,https://www.moss.com/,False,2025-03-20 15:26:39
2693,1997,162,2973,41,Mobile,description,http://www.martin-roberts.com/,False,2025-01-28 21:11:50
2694,34860,116,155,12,Desktop,headline,https://brown-curtis.com/,False,2025-08-06 17:44:26
2695,25296,175,3168,27,Tablet,headline,http://harper.net/,True,2025-01-28 11:30:42
2696,47804,188,2748,34,Tablet,image,https://www.williams-curtis.info/,False,2025-02-05 16:36:55
2697,620,95,1292,1,Mobile,description,https://santos-hunter.com/,False,2025-06-04 20:56:48
2698,2629,152,3535,44,Desktop,image,https://graves.com/,False,2025-03-27 18:03:14
2699,9621,195,3847,42,Tablet,headline,http://www.allen.com/,False,2025-02-03 12:09:19
2700,9353,172,731,34,Tablet,image,http://www.evans.com/,False,2025-09-29 21:04:09
2701,13719,19,1923,4,Tablet,cta_button,http://www.morris.org/,False,2025-08-12 21:44:41
2702,21773,91,3339,7,Mobile,headline,https://www.curry.net/,False,2025-08-06 08:32:16
2703,21045,149,2582,8,Mobile,cta_button,https://www.williams.com/,False,2025-09-01 18:36:37
2704,24960,179,357,48,Mobile,cta_button,https://gonzales-miller.com/,True,2025-07-23 21:54:27
2705,44089,13,4509,21,Mobile,image,http://www.lopez.com/,False,2025-01-25 10:16:16
2706,38432,27,629,19,Tablet,headline,https://www.bennett.com/,False,2025-03-01 18:27:46
2707,11568,23,1558,17,Tablet,description,http://www.gibbs-howard.net/,False,2025-02-14 20:05:23
2708,22864,91,141,36,Tablet,cta_button,http://hawkins.com/,False,2025-09-01 09:57:18
2709,40962,104,3350,22,Tablet,image,http://www.johnson-love.com/,False,2025-05-04 08:12:22
2710,4139,194,450,5,Desktop,image,http://villegas-ortiz.com/,False,2025-09-26 09:18:11
2711,12502,197,2479,29,Tablet,description,https://brown.biz/,False,2025-05-31 06:47:08
2712,8464,111,1252,33,Tablet,cta_button,http://white-ward.com/,False,2025-06-07 09:03:01
2713,19606,174,548,39,Mobile,image,https://flynn-hanson.com/,False,2025-09-15 20:17:52
2714,48466,53,4017,35,Desktop,headline,http://harris-yang.com/,False,2025-06-15 22:58:10
2715,32881,67,4543,37,Desktop,headline,https://www.gomez.org/,False,2025-07-02 13:25:55
2716,24397,43,21,8,Tablet,description,http://stevens.com/,False,2025-07-30 08:18:21
2717,35248,6,4298,16,Desktop,cta_button,https://www.mitchell.com/,False,2025-04-15 08:17:30
2718,16306,18,2711,15,Desktop,description,https://wagner.net/,False,2025-07-04 12:00:41
2719,20734,184,75,49,Mobile,headline,https://www.lambert-howe.org/,False,2025-05-12 01:45:03
2720,4473,196,3100,9,Tablet,description,http://porter.com/,False,2025-06-09 09:33:37
2721,37556,69,2766,29,Tablet,description,http://www.dominguez-thomas.com/,False,2025-10-04 00:25:36
2722,12790,130,4639,30,Desktop,description,http://www.sherman.com/,False,2025-07-27 11:21:29
2723,36076,6,2874,37,Mobile,image,http://olson.org/,False,2025-04-24 21:26:48
2724,7906,118,735,49,Mobile,cta_button,https://moore.com/,True,2025-05-28 12:21:57
2725,13081,156,3903,12,Tablet,image,https://www.ward-moreno.com/,True,2025-07-14 21:22:27
2726,46410,28,275,15,Tablet,description,https://ferguson.com/,False,2025-10-18 20:10:28
2727,654,145,3311,3,Desktop,image,https://hughes.org/,False,2025-06-22 12:05:41
2728,26754,83,3365,23,Tablet,image,http://www.lambert-wagner.net/,False,2025-06-04 11:10:19
2729,28466,122,1291,46,Mobile,description,https://www.miller.biz/,False,2025-04-06 09:26:16
2730,38349,138,2688,30,Tablet,image,https://murphy.com/,False,2025-08-20 11:24:36
2731,16667,170,1685,47,Tablet,description,http://cook.org/,False,2025-08-03 21:07:12
2732,32648,163,1647,33,Mobile,image,http://harris.com/,True,2025-09-21 09:57:06
2733,18843,49,3664,18,Desktop,description,http://www.watkins.com/,False,2025-07-11 08:32:04
2734,43151,32,126,21,Desktop,description,https://marshall.com/,False,2025-07-24 13:59:03
2735,35054,74,4994,30,Tablet,description,http://young.com/,True,2025-07-11 09:42:24
2736,12165,81,663,46,Mobile,cta_button,https://hicks-howard.net/,False,2025-03-03 22:18:34
2737,17208,138,2702,30,Mobile,cta_button,https://www.hunter-villanueva.com/,False,2025-08-21 02:56:55
2738,15500,129,1129,25,Desktop,description,http://nelson.biz/,False,2025-02-02 14:51:38
2739,39158,177,4663,25,Mobile,headline,https://smith-page.com/,False,2025-09-15 09:31:44
2740,23552,144,1044,42,Desktop,headline,http://molina-luna.com/,False,2025-04-22 06:38:35
2741,3432,156,3571,35,Mobile,cta_button,http://www.deleon.biz/,False,2025-07-07 00:19:35
2742,47838,130,4179,17,Tablet,headline,http://www.arellano.biz/,False,2025-07-26 06:40:55
2743,40108,82,1485,22,Desktop,image,http://www.jones-dickerson.com/,False,2025-09-26 09:54:47
2744,48695,147,2051,35,Mobile,cta_button,http://robles-taylor.com/,False,2025-04-16 19:09:43
2745,381,60,2944,3,Desktop,headline,http://www.donovan.org/,False,2025-07-22 06:09:32
2746,24997,68,3473,48,Tablet,headline,https://webb-burns.com/,False,2025-07-15 08:50:39
2747,20666,48,1229,21,Desktop,cta_button,http://www.castro-mccarty.org/,False,2025-05-14 21:56:29
2748,18198,69,3257,48,Mobile,headline,https://www.salazar-serrano.net/,False,2025-10-09 08:35:14
2749,14258,23,1409,1,Tablet,image,http://www.johnson.com/,False,2025-02-05 18:24:53
2750,39128,32,2219,30,Desktop,image,http://white.com/,False,2025-08-20 17:15:13
2751,36895,141,4197,48,Mobile,cta_button,https://www.herrera.com/,True,2025-03-07 22:33:46
2752,28596,95,1383,50,Desktop,cta_button,https://alvarez.com/,False,2025-06-01 11:34:00
2753,10908,188,759,42,Mobile,description,http://chandler.com/,False,2025-02-08 19:07:10
2754,47680,193,3262,5,Desktop,image,http://hernandez.com/,False,2025-07-02 10:38:05
2755,41437,191,3298,10,Tablet,headline,https://www.huber-stokes.com/,False,2025-07-24 12:52:15
2756,21127,5,2310,31,Desktop,description,https://webster-morgan.com/,False,2025-09-15 06:40:07
2757,39314,2,1821,43,Tablet,headline,https://www.douglas.info/,False,2025-01-21 10:41:26
2758,37033,47,1317,15,Mobile,headline,http://www.scott.com/,True,2025-09-04 13:52:55
2759,16313,30,2377,1,Tablet,cta_button,https://hinton.com/,False,2025-02-21 09:12:22
2760,11974,140,1102,12,Tablet,headline,https://blackwell-bailey.com/,True,2025-02-19 12:26:06
2761,38732,99,4323,15,Mobile,headline,https://www.miller.com/,False,2025-01-14 10:45:22
2762,36196,133,2696,42,Mobile,image,https://padilla-ponce.com/,False,2025-02-03 21:09:44
2763,32556,164,106,24,Tablet,image,https://lam-mitchell.com/,False,2025-11-29 09:44:10
2764,45796,89,4319,41,Desktop,headline,http://holmes.org/,False,2025-08-08 20:10:14
2765,22500,56,4348,37,Mobile,description,http://sharp-santiago.org/,True,2025-02-02 16:52:02
2766,35706,30,3416,22,Tablet,cta_button,https://lawrence-flowers.com/,False,2025-02-19 11:31:46
2767,12029,82,1524,11,Tablet,image,https://www.brown.info/,False,2025-09-24 04:10:43
2768,4320,151,2276,45,Desktop,headline,http://chapman-allison.com/,False,2025-03-15 15:08:07
2769,1117,117,2207,6,Mobile,headline,https://www.hendricks.com/,False,2025-07-20 21:22:13
2770,45378,164,2852,33,Desktop,headline,http://www.weaver.com/,False,2025-11-18 08:59:04
2771,20198,133,1138,31,Desktop,headline,https://turner-johnson.com/,False,2025-02-02 20:52:36
2772,26073,101,2276,45,Desktop,cta_button,http://www.rodgers-phillips.com/,False,2025-04-03 09:18:35
2773,47632,165,1576,18,Desktop,description,http://www.evans.net/,True,2025-06-01 20:17:11
2774,6974,157,155,12,Desktop,description,http://www.wright-harrison.info/,False,2025-01-21 22:08:17
2775,12699,33,4034,35,Mobile,headline,http://www.kirby.com/,False,2025-04-07 20:02:50
2776,4348,11,1815,12,Tablet,image,https://www.osborne.com/,False,2025-10-12 16:23:54
2777,13295,194,2847,13,Desktop,description,https://gonzalez.info/,False,2025-09-21 13:13:41
2778,43734,167,2946,9,Mobile,image,https://chapman.com/,False,2025-04-20 19:06:58
2779,37279,13,1631,3,Mobile,description,http://www.howe.com/,False,2025-01-25 10:47:52
2780,17840,107,3734,47,Mobile,headline,https://www.gonzalez.com/,False,2025-08-30 21:52:12
2781,24036,29,3405,11,Mobile,image,https://www.williams.com/,False,2025-01-18 20:09:54
2782,34318,110,4727,45,Desktop,image,https://newman-barnes.com/,False,2025-09-22 06:13:35
2783,45672,78,442,38,Tablet,description,https://miranda-mitchell.biz/,True,2025-03-09 16:17:45
2784,35687,124,3525,8,Desktop,description,https://miller-smith.com/,True,2025-08-13 07:12:23
2785,9135,189,2643,46,Mobile,description,https://www.dalton.com/,False,2025-02-13 08:40:08
2786,27677,83,3157,9,Tablet,image,https://www.robinson-marshall.biz/,False,2025-06-14 19:37:21
2787,9143,189,2307,27,Desktop,description,https://www.arnold.info/,True,2025-02-20 15:59:58
2788,9837,192,3704,31,Mobile,description,https://www.zavala.net/,True,2025-07-09 21:37:29
2789,29698,121,3246,17,Tablet,headline,http://choi.net/,False,2025-08-25 21:31:24
2790,46177,116,1946,31,Mobile,headline,https://www.orr.com/,False,2025-08-01 20:59:03
2791,25784,97,3109,10,Mobile,cta_button,http://chambers.net/,False,2025-05-03 22:50:17
2792,26478,40,545,20,Mobile,image,http://alexander.com/,False,2025-05-03 08:41:18
2793,37060,95,423,46,Tablet,cta_button,https://burns-day.org/,False,2025-06-04 21:54:59
2794,30596,52,3782,40,Tablet,headline,https://carlson.com/,False,2025-03-07 21:59:46
2795,17207,85,2998,16,Mobile,image,http://young.com/,False,2025-05-22 08:29:49
2796,5864,121,4814,35,Tablet,headline,https://www.klein.com/,False,2025-07-08 13:43:06
2797,20747,46,1442,23,Tablet,image,https://www.caldwell-morrison.com/,False,2025-08-23 11:29:51
2798,1357,27,4666,6,Mobile,cta_button,http://roberts-salazar.com/,False,2025-03-07 20:52:51
2799,4868,109,2091,18,Tablet,description,http://www.long-padilla.com/,False,2025-02-27 21:49:08
2800,11320,179,4210,19,Mobile,image,https://www.johnson-martin.info/,False,2025-07-30 19:12:37
2801,45287,127,607,20,Mobile,cta_button,http://lowe-clark.com/,False,2025-09-28 21:37:58
2802,46427,128,4807,30,Desktop,cta_button,https://garcia.biz/,False,2025-03-22 15:52:12
2803,10582,73,95,22,Mobile,cta_button,http://perry.com/,False,2025-08-04 09:22:07
2804,4727,183,1167,27,Tablet,headline,https://www.meyer-montgomery.com/,False,2025-10-04 19:49:22
2805,19814,33,1218,14,Tablet,image,https://banks.com/,False,2025-03-30 11:22:45
2806,4948,18,1931,28,Mobile,headline,http://martinez.info/,True,2025-06-13 17:07:48
2807,30426,189,2975,22,Mobile,image,http://www.valenzuela.org/,False,2025-02-14 20:57:10
2808,3838,86,167,7,Desktop,cta_button,http://king-floyd.org/,False,2025-08-09 09:12:31
2809,14100,170,1323,50,Desktop,headline,https://www.martinez.com/,False,2025-08-06 21:24:13
2810,16484,81,1905,48,Desktop,cta_button,http://www.anderson.info/,False,2025-05-09 13:24:29
2811,35394,143,4103,10,Mobile,image,http://www.simpson.com/,False,2025-07-25 08:21:50
2812,47187,19,1510,6,Tablet,description,https://davis.com/,False,2025-09-08 23:43:27
2813,27354,85,355,45,Desktop,description,http://guerrero.com/,False,2025-05-23 10:56:22
2814,17452,86,2236,6,Tablet,cta_button,https://smith-reynolds.com/,False,2025-08-25 12:47:15
2815,45781,81,298,8,Desktop,image,https://peterson.biz/,False,2025-02-25 09:19:37
2816,42417,139,3683,9,Mobile,cta_button,https://lynch.net/,True,2025-01-23 19:29:27
2817,22567,32,2064,43,Mobile,headline,https://munoz.com/,False,2025-08-14 05:37:39
2818,397,98,2010,37,Desktop,image,http://pope-reyes.com/,False,2025-08-31 18:11:53
2819,12893,156,4270,24,Mobile,cta_button,http://www.jones-garcia.com/,False,2025-07-17 14:43:34
2820,31330,60,3843,17,Mobile,cta_button,http://lopez.com/,False,2025-07-04 22:02:59
2821,22598,156,655,27,Tablet,headline,http://jones-king.net/,False,2025-07-18 06:57:14
2822,42283,171,249,22,Tablet,image,https://www.benjamin-hoover.com/,False,2025-03-11 09:11:58
2823,32672,183,4674,27,Tablet,cta_button,http://myers.org/,False,2025-10-13 19:44:16
2824,34316,65,4849,29,Mobile,headline,https://www.lawrence.info/,False,2025-09-07 14:05:21
2825,35392,200,4132,15,Tablet,description,http://paul.net/,False,2025-03-08 13:56:41
2826,22695,172,1737,5,Desktop,headline,https://jordan.com/,False,2025-09-29 09:50:51
2827,46714,93,2935,8,Desktop,image,http://giles.com/,False,2025-03-16 08:10:21
2828,30454,154,4240,42,Desktop,cta_button,http://www.wolf-ramirez.com/,False,2025-08-15 10:41:01
2829,7685,177,3323,29,Desktop,headline,https://www.mckay.com/,False,2025-09-28 21:49:20
2830,31390,2,4981,19,Mobile,image,https://long.info/,False,2025-01-23 13:38:04
2831,20120,50,3912,20,Tablet,cta_button,http://www.garcia.biz/,False,2025-04-18 20:47:41
2832,4227,38,261,25,Desktop,description,http://rodriguez.com/,True,2025-03-28 20:41:41
2833,30515,12,1681,34,Desktop,description,https://mccarthy-barnes.net/,False,2025-05-02 19:36:20
2834,18074,22,3177,32,Tablet,headline,https://www.fernandez.net/,False,2025-08-12 23:27:41
2835,4765,102,757,7,Desktop,cta_button,https://johnson-juarez.info/,False,2025-02-12 21:02:05
2836,8377,132,2829,5,Tablet,description,http://www.chase.com/,True,2025-07-07 19:07:38
2837,41812,197,933,46,Desktop,image,http://gentry.com/,False,2025-04-28 21:50:52
2838,19494,144,2721,21,Desktop,description,http://davis.com/,False,2025-05-04 21:03:19
2839,40618,109,1397,10,Mobile,cta_button,http://branch.net/,False,2025-02-17 08:15:39
2840,16271,103,2366,4,Desktop,cta_button,http://dougherty.com/,False,2025-08-19 18:38:06
2841,19408,122,3839,27,Tablet,cta_button,https://www.price.net/,False,2025-04-16 20:01:52
2842,27792,9,1309,11,Desktop,headline,https://www.bates-weaver.com/,True,2025-01-10 07:54:08
2843,44137,57,4176,1,Tablet,description,https://le-cole.net/,False,2025-08-19 19:54:37
2844,27408,6,2024,12,Desktop,image,http://lopez.com/,False,2025-04-13 02:14:49
2845,16845,34,82,32,Tablet,headline,https://www.carter.biz/,False,2025-06-01 19:39:44
2846,24510,171,4461,10,Mobile,image,http://odonnell.net/,False,2025-02-26 17:12:01
2847,19564,130,2186,29,Mobile,cta_button,https://sims-maldonado.com/,False,2025-07-29 20:54:39
2848,33578,82,4937,9,Tablet,description,https://www.williams-anderson.info/,True,2025-09-22 20:21:13
2849,4778,7,356,26,Tablet,headline,https://cherry.info/,True,2025-05-05 18:06:06
2850,38455,152,3225,41,Desktop,description,https://www.mooney-blackwell.com/,False,2025-03-25 10:27:12
2851,38849,58,4202,2,Mobile,image,http://golden.com/,False,2025-05-28 01:32:56
2852,43696,34,3501,40,Desktop,image,https://rowe.com/,False,2025-06-04 08:19:04
2853,47455,120,3575,18,Mobile,headline,http://velasquez-kirk.biz/,False,2025-02-12 14:04:12
2854,20473,147,187,19,Desktop,headline,https://www.owens-smith.org/,False,2025-04-13 09:00:07
2855,6447,124,1150,48,Mobile,description,https://salazar.com/,False,2025-08-12 17:41:25
2856,25280,5,2418,27,Mobile,cta_button,https://www.rios.com/,False,2025-09-11 16:06:29
2857,34607,10,3526,18,Desktop,cta_button,https://miller.net/,True,2025-10-10 20:02:06
2858,41054,78,210,47,Tablet,headline,http://hanson-brown.com/,False,2025-03-10 10:11:41
2859,36886,66,719,47,Tablet,headline,https://gomez-west.com/,False,2025-03-13 17:29:13
2860,19590,103,977,46,Tablet,description,http://moore.com/,True,2025-08-12 14:50:01
2861,32415,41,3721,22,Mobile,cta_button,https://www.schneider.com/,True,2025-08-30 20:39:23
2862,48222,172,2746,2,Desktop,headline,https://reed-morales.com/,True,2025-09-27 09:46:10
2863,2476,1,4213,24,Desktop,description,https://www.morris.com/,False,2025-03-11 15:29:36
2864,46779,18,2690,29,Mobile,image,https://meyer.com/,False,2025-07-05 21:28:03
2865,41842,136,1952,50,Mobile,headline,https://www.villanueva-webb.com/,False,2025-06-08 17:10:27
2866,4365,177,3386,16,Desktop,description,https://www.morgan.org/,False,2025-10-02 16:17:57
2867,16453,109,3236,8,Desktop,headline,https://smith.info/,False,2025-03-04 20:04:27
2868,21091,65,711,25,Mobile,cta_button,https://rich-rodriguez.org/,False,2025-08-28 09:01:09
2869,28589,11,1977,43,Mobile,description,http://www.allen.com/,False,2025-11-15 15:10:07
2870,12358,28,2002,2,Desktop,image,https://jackson-ortega.com/,False,2025-10-07 17:27:18
2871,38167,41,748,48,Tablet,description,http://campos-warner.com/,False,2025-09-14 09:36:24
2872,34988,90,1750,35,Mobile,cta_button,https://smith-roberts.net/,False,2025-10-13 21:18:06
2873,37943,5,1587,27,Desktop,image,http://www.taylor.info/,False,2025-09-10 14:31:04
2874,37107,136,2633,37,Tablet,cta_button,https://howell.org/,False,2025-06-07 08:17:23
2875,47328,148,1889,50,Tablet,description,https://brown.com/,False,2025-05-31 19:23:59
2876,41927,195,1988,29,Tablet,cta_button,http://nunez-shepard.net/,False,2025-01-29 11:28:21
2877,43460,128,4466,20,Desktop,description,http://french-kane.biz/,False,2025-03-18 18:38:28
2878,15288,76,871,43,Desktop,headline,https://www.roberts.net/,False,2025-06-28 13:06:15
2879,27683,23,1101,37,Tablet,image,http://www.rodriguez.biz/,False,2025-02-17 05:31:41
2880,7826,39,2262,25,Tablet,description,http://horne.com/,False,2025-05-18 08:13:28
2881,31646,192,4228,45,Tablet,cta_button,https://www.barnes.com/,False,2025-07-12 18:58:15
2882,37945,2,3640,1,Desktop,image,http://mcguire.org/,False,2025-01-19 14:43:59
2883,39347,135,2880,28,Desktop,image,https://www.buchanan.com/,True,2025-06-13 20:27:11
2884,34572,152,4362,44,Mobile,cta_button,https://www.mcclain-sandoval.com/,True,2025-03-28 19:38:51
2885,2688,30,4652,48,Mobile,cta_button,http://www.wilkins-adkins.com/,False,2025-02-28 08:11:16
2886,42342,34,3603,3,Desktop,headline,http://baker.com/,False,2025-06-08 21:55:09
2887,3082,142,4589,5,Mobile,cta_button,https://johnson.info/,False,2025-01-14 18:11:31
2888,11497,121,1618,49,Tablet,cta_button,https://chase.com/,False,2025-09-01 21:59:04
2889,8816,96,4348,37,Mobile,description,https://moore.com/,False,2025-07-26 19:55:15
2890,179,73,3316,50,Desktop,image,http://www.johnson.info/,False,2025-08-07 19:28:43
2891,24254,183,3886,37,Mobile,description,https://www.ramirez.com/,False,2025-09-30 08:38:28
2892,5428,50,1975,50,Desktop,headline,http://cabrera-peterson.org/,False,2025-04-03 14:26:44
2893,12913,80,4444,18,Mobile,description,http://www.wagner.org/,False,2025-03-03 13:32:42
2894,41412,110,4084,42,Desktop,headline,http://www.james-mcdonald.com/,False,2025-10-26 09:46:04
2895,21944,94,262,45,Tablet,cta_button,http://www.barber.com/,False,2025-01-16 20:38:36
2896,30393,5,2513,17,Tablet,description,https://ayala-stewart.net/,True,2025-09-05 06:15:12
2897,45393,117,4718,19,Tablet,cta_button,http://bush.net/,False,2025-07-22 11:56:05
2898,38123,118,2858,22,Mobile,image,http://www.mack-wright.com/,False,2025-06-17 12:35:01
2899,31477,71,1057,34,Mobile,image,http://edwards.biz/,False,2025-06-26 02:25:20
2900,38444,36,498,45,Mobile,cta_button,http://leonard.net/,False,2025-08-25 13:02:15
2901,20694,80,3187,34,Desktop,description,https://www.rivera.info/,True,2025-03-06 21:02:54
2902,41352,193,1187,6,Desktop,headline,https://gordon-white.org/,False,2025-07-03 14:43:23
2903,18046,18,1983,41,Tablet,headline,https://watkins.com/,False,2025-04-25 23:34:15
2904,36508,143,125,14,Desktop,image,https://pierce.com/,False,2025-05-15 00:26:06
2905,4134,152,2814,39,Tablet,description,http://www.bailey-miller.com/,False,2025-03-31 14:21:33
2906,31930,144,2265,39,Tablet,description,http://wheeler.com/,False,2025-05-09 20:24:33
2907,38050,2,633,47,Mobile,image,https://www.gilbert.com/,False,2025-01-23 09:28:26
2908,7877,52,4441,17,Desktop,description,https://tucker-turner.com/,False,2025-03-07 01:59:39
2909,21417,170,76,7,Desktop,description,https://duncan.com/,False,2025-08-02 20:14:55
2910,33325,93,3455,48,Tablet,headline,http://www.saunders.com/,False,2025-03-22 19:23:42
2911,3002,58,1822,26,Mobile,image,https://www.carroll.com/,False,2025-05-22 23:38:04
2912,31522,137,2661,12,Tablet,description,https://sharp.com/,False,2025-01-25 21:19:31
2913,39860,115,3264,13,Mobile,headline,https://www.rose.net/,True,2025-02-13 20:01:43
2914,12071,58,1561,14,Mobile,description,http://www.mclaughlin.com/,False,2025-05-28 14:06:01
2915,18289,188,721,15,Desktop,description,https://jensen.com/,False,2025-02-05 16:36:59
2916,24002,47,4459,4,Tablet,description,http://adkins.com/,False,2025-10-08 21:44:54
2917,4205,116,4394,17,Desktop,headline,https://www.hatfield.info/,False,2025-08-02 19:02:48
2918,44368,116,4677,12,Desktop,description,http://schneider.org/,False,2025-08-01 09:24:47
2919,47826,21,2169,40,Desktop,cta_button,http://horne-ayers.biz/,False,2025-08-05 19:15:27
2920,16474,14,3858,1,Mobile,headline,http://myers-barnes.com/,False,2025-03-21 19:59:53
2921,2869,36,2515,32,Tablet,image,https://santiago-evans.com/,False,2025-08-17 07:36:39
2922,35996,2,377,23,Mobile,image,https://watts.info/,False,2025-01-21 07:20:55
2923,9510,181,2055,18,Mobile,cta_button,http://www.ferguson-cox.biz/,False,2025-01-28 15:43:14
2924,13176,107,1564,33,Tablet,description,https://www.malone-lamb.org/,False,2025-08-26 20:14:55
2925,40496,121,4278,21,Mobile,description,http://boone.org/,True,2025-08-19 12:15:10
2926,3075,115,3126,20,Tablet,cta_button,https://www.larson-jordan.com/,False,2025-02-22 12:07:43
2927,1481,88,460,35,Mobile,image,https://www.gutierrez.com/,False,2025-09-16 09:43:09
2928,874,73,3329,13,Desktop,description,http://white-alvarez.com/,True,2025-08-03 10:33:31
2929,28241,31,2569,26,Desktop,cta_button,https://www.mckenzie-jordan.info/,False,2025-04-13 08:22:28
2930,23578,200,1256,22,Tablet,image,http://www.ferguson.com/,False,2025-02-12 20:47:09
2931,5578,150,1036,18,Tablet,image,http://parsons.net/,False,2025-06-03 13:00:49
2932,41963,102,3545,10,Desktop,headline,https://williams-young.com/,False,2025-02-10 13:26:19
2933,18582,42,894,48,Desktop,description,https://www.williams.com/,True,2025-04-04 21:39:30
2934,35923,72,395,3,Mobile,description,https://orozco.net/,False,2025-04-07 07:17:47
2935,18269,44,533,47,Mobile,description,http://www.beasley.biz/,False,2025-09-04 09:15:23
2936,43781,19,9,44,Tablet,image,https://washington-patterson.com/,False,2025-09-02 11:03:42
2937,954,75,1577,47,Desktop,image,https://www.turner.biz/,False,2025-05-26 18:07:58
2938,21038,112,2767,12,Desktop,headline,http://www.kelly-aguirre.com/,False,2025-05-28 12:32:29
2939,22313,81,2167,27,Mobile,headline,https://www.vaughn.com/,False,2025-05-02 01:04:13
2940,39249,1,4828,43,Tablet,image,https://watson.net/,False,2025-03-26 11:49:41
2941,16068,94,390,47,Desktop,headline,http://mclaughlin.info/,False,2025-01-19 21:06:27
2942,14956,97,4837,6,Mobile,image,https://wilson-allen.org/,False,2025-04-22 19:35:29
2943,42710,196,56,26,Tablet,headline,http://maldonado.biz/,False,2025-05-18 09:24:22
2944,44820,80,1168,13,Desktop,headline,https://www.guerrero-prince.com/,False,2025-03-02 07:18:02
2945,8002,200,3613,44,Desktop,image,http://www.patterson.com/,False,2025-02-28 08:49:09
2946,38631,198,957,22,Mobile,description,http://www.smith-heath.info/,False,2025-01-30 12:13:16
2947,22848,12,3037,6,Desktop,headline,http://www.mitchell-reyes.net/,False,2025-05-03 09:56:59
2948,41614,39,1183,36,Tablet,description,http://garza.com/,False,2025-05-16 20:11:02
2949,42787,172,688,38,Mobile,cta_button,http://www.howe-jackson.org/,False,2025-09-21 16:55:39
2950,40195,35,2789,50,Desktop,image,https://hernandez.net/,False,2025-06-15 21:47:43
2951,27261,22,4899,12,Tablet,cta_button,https://www.holloway-bates.com/,False,2025-08-01 21:40:22
2952,38368,16,3823,18,Tablet,cta_button,http://gonzalez.com/,False,2025-02-28 22:16:58
2953,44731,45,301,21,Mobile,description,http://perry.org/,False,2025-08-07 19:46:16
2954,1545,90,1071,20,Desktop,headline,https://donovan-sparks.net/,False,2025-10-21 08:29:06
2955,38391,75,4198,36,Mobile,cta_button,https://www.lynch.com/,False,2025-07-14 08:49:00
2956,7257,21,70,43,Desktop,image,https://www.lynn-russell.com/,False,2025-07-05 08:54:30
2957,49549,171,4616,36,Tablet,cta_button,http://patton.org/,False,2025-04-23 08:39:40
2958,25904,53,4588,35,Desktop,description,https://houston.com/,False,2025-06-11 21:50:17
2959,14349,14,3846,32,Desktop,headline,http://newman.com/,True,2025-03-12 22:15:42
2960,13343,155,4515,37,Mobile,description,https://martinez-adams.net/,False,2025-08-21 14:46:48
2961,33327,121,4847,43,Mobile,description,http://freeman.com/,False,2025-07-02 16:51:57
2962,24116,118,3305,9,Desktop,image,https://martinez-blankenship.info/,False,2025-05-30 19:25:38
2963,19457,174,3639,41,Desktop,image,https://www.oliver-lewis.com/,False,2025-09-17 06:34:36
2964,48343,136,3232,19,Desktop,description,https://www.todd.com/,True,2025-06-06 06:22:29
2965,43699,84,3761,34,Desktop,cta_button,https://tanner.com/,False,2025-07-02 09:27:19
2966,25769,142,2647,1,Mobile,image,https://wheeler.com/,False,2025-01-23 04:33:12
2967,41481,78,962,29,Mobile,cta_button,https://www.scott.com/,True,2025-03-15 17:48:15
2968,27869,183,4282,33,Tablet,description,http://klein-hudson.com/,False,2025-10-02 06:19:49
2969,49391,49,2085,24,Desktop,cta_button,https://www.hamilton-bradley.com/,False,2025-07-10 20:01:15
2970,42450,2,934,18,Tablet,headline,http://www.downs.com/,False,2025-01-23 19:35:44
2971,12898,147,12,29,Mobile,description,http://hamilton.com/,False,2025-04-24 22:27:17
2972,16458,95,3416,22,Tablet,description,http://www.mahoney.com/,False,2025-06-07 18:42:23
2973,21917,48,374,16,Desktop,headline,https://miller.net/,False,2025-05-06 12:09:46
2974,1449,60,1509,7,Tablet,image,http://www.benitez.com/,True,2025-07-27 15:22:47
2975,1222,136,4354,26,Tablet,headline,http://www.moore.info/,False,2025-06-08 17:30:34
2976,2834,33,104,39,Mobile,description,https://hines-guerrero.com/,True,2025-03-29 19:15:09
2977,8987,198,1028,40,Desktop,image,http://www.casey.net/,False,2025-01-30 09:31:12
2978,20506,130,2013,14,Mobile,image,https://www.smith-cruz.com/,False,2025-07-27 12:52:42
2979,16465,188,2855,30,Desktop,cta_button,https://anderson.com/,True,2025-02-09 13:42:21
2980,2253,43,4386,33,Desktop,headline,http://www.martinez.com/,True,2025-07-24 17:28:47
2981,47863,128,1282,26,Tablet,description,https://reid.com/,False,2025-03-17 07:51:20
2982,30979,197,4859,7,Desktop,image,http://www.anderson.com/,False,2025-06-21 18:02:25
2983,22789,20,2808,49,Desktop,cta_button,http://ashley.com/,True,2025-06-27 15:12:39
2984,16338,26,794,43,Desktop,headline,http://www.huerta.com/,False,2025-04-20 07:19:46
2985,47883,129,2892,38,Desktop,cta_button,http://www.gay.biz/,False,2025-01-11 18:28:17
2986,34901,48,4262,32,Desktop,image,http://martin-chaney.com/,True,2025-05-04 20:36:43
2987,49216,155,1720,33,Mobile,cta_button,https://www.burns.com/,False,2025-08-19 23:44:00
2988,16184,66,2760,45,Desktop,headline,http://lozano.com/,False,2025-03-17 08:49:36
2989,20733,138,778,48,Tablet,cta_button,https://brown-harris.com/,False,2025-08-19 11:53:31
2990,40488,39,1174,31,Mobile,description,https://velasquez.org/,False,2025-05-17 21:12:59
2991,47219,65,2456,32,Desktop,image,https://smith.com/,True,2025-09-04 07:32:19
2992,44455,193,3750,32,Tablet,headline,https://white.net/,True,2025-07-13 11:57:35
2993,29859,63,2435,40,Desktop,cta_button,https://www.craig.org/,True,2025-07-30 23:45:32
2994,36037,97,2987,36,Mobile,cta_button,https://www.vega.biz/,False,2025-04-17 23:08:56
2995,35317,96,2585,24,Mobile,image,https://ross.biz/,False,2025-08-09 19:35:59
2996,32387,104,4383,16,Mobile,description,https://randolph.net/,False,2025-02-06 02:29:30
2997,33557,170,3045,3,Tablet,description,https://barker.biz/,False,2025-07-13 23:22:00
2998,2761,86,4711,46,Desktop,description,http://carter.biz/,False,2025-08-21 19:24:19
2999,39137,196,3437,7,Desktop,description,https://gross.com/,False,2025-05-07 09:23:18
3000,7518,45,2118,16,Mobile,cta_button,http://contreras.biz/,False,2025-07-21 09:26:09
3001,46650,185,883,37,Desktop,description,https://rose.info/,False,2025-03-15 19:43:00
3002,31206,150,2844,8,Mobile,headline,http://www.mcdonald-graham.com/,True,2025-04-26 03:02:30
3003,22418,30,239,7,Mobile,description,https://cobb.biz/,False,2025-02-24 21:18:21
3004,2757,97,976,46,Mobile,description,https://mosley.info/,False,2025-04-30 19:43:07
3005,10420,29,85,22,Mobile,description,https://www.white.com/,False,2025-01-17 18:40:40
3006,18478,40,1883,45,Tablet,headline,https://phillips-potter.com/,False,2025-05-30 06:38:19
3007,11609,91,4613,4,Tablet,cta_button,http://www.carr-dunn.com/,True,2025-06-21 09:33:34
3008,23802,123,2419,1,Desktop,description,http://www.dudley.com/,False,2025-03-15 20:19:51
3009,39730,165,2563,15,Desktop,description,https://www.gibson.com/,False,2025-06-17 11:03:16
3010,20846,194,3370,1,Mobile,description,https://www.holmes-miller.net/,False,2025-09-01 19:34:49
3011,31401,69,2485,42,Mobile,cta_button,http://perkins.net/,False,2025-10-01 14:40:56
3012,42959,68,4075,46,Mobile,description,https://brown-watts.com/,False,2025-07-23 09:50:08
3013,23599,117,4081,9,Tablet,description,http://www.pineda.net/,True,2025-07-23 21:21:35
3014,44861,161,3113,8,Desktop,headline,http://garner-martinez.biz/,False,2025-08-14 13:30:43
3015,21412,37,3357,14,Tablet,image,http://berry.com/,False,2025-01-09 05:21:36
3016,37860,144,984,36,Tablet,cta_button,http://harper.com/,False,2025-05-07 19:57:06
3017,20752,139,3977,31,Mobile,description,https://smith-harmon.com/,True,2025-01-06 11:43:28
3018,18617,198,361,40,Desktop,cta_button,http://weaver-evans.com/,True,2025-02-01 19:25:23
3019,21096,80,4121,5,Mobile,headline,http://daniels.com/,False,2025-03-03 18:19:12
3020,25980,20,3664,18,Desktop,description,http://www.smith.com/,False,2025-06-25 17:39:24
3021,38466,151,2496,22,Tablet,cta_button,http://howard-miller.com/,False,2025-03-24 20:31:18
3022,4070,169,4989,12,Tablet,headline,https://johnson-lindsey.info/,False,2025-03-08 08:27:22
3023,30717,180,149,45,Tablet,headline,http://www.blair.net/,False,2025-05-23 19:57:35
3024,34543,107,3003,30,Desktop,description,https://www.russell.biz/,False,2025-08-29 11:12:43
3025,20598,8,1548,46,Desktop,image,http://www.gonzalez.info/,False,2025-03-03 19:33:13
3026,10015,25,3704,31,Mobile,description,https://davila-perez.com/,False,2025-01-11 11:48:54
3027,46983,188,2127,45,Desktop,description,https://www.solomon-lee.com/,False,2025-02-04 11:38:23
3028,45757,1,1084,37,Mobile,image,https://esparza-garcia.com/,False,2025-03-23 23:47:16
3029,45449,80,1993,42,Mobile,cta_button,http://payne.com/,False,2025-02-27 10:58:14
3030,5193,79,4565,27,Desktop,image,http://www.moore.biz/,True,2025-03-02 19:40:32
3031,42584,198,3854,34,Tablet,headline,http://taylor.biz/,False,2025-02-02 18:26:57
3032,21601,126,4612,4,Tablet,cta_button,https://www.jordan.org/,False,2025-09-29 01:05:09
3033,40476,74,2207,6,Mobile,description,http://www.mcdowell.com/,True,2025-07-03 13:28:34
3034,33138,135,215,28,Mobile,description,https://blake.com/,False,2025-05-07 06:48:27
3035,43666,154,2151,47,Desktop,cta_button,https://www.hughes.biz/,False,2025-08-19 07:11:21
3036,25380,73,413,50,Desktop,headline,http://rodriguez.com/,False,2025-08-04 18:47:41
3037,32746,32,402,37,Mobile,image,http://lloyd-hernandez.com/,False,2025-07-28 07:10:34
3038,6797,177,990,34,Mobile,headline,https://www.walker.com/,True,2025-11-01 22:42:55
3039,14802,71,3760,28,Desktop,image,https://www.mann-ramirez.org/,True,2025-06-26 20:23:34
3040,95,13,1378,49,Mobile,description,http://www.mcgee.org/,False,2025-01-07 22:50:49
3041,31140,40,4711,46,Desktop,image,https://www.parks.com/,False,2025-06-21 20:59:34
3042,3541,91,4105,37,Desktop,cta_button,https://www.villanueva.biz/,False,2025-08-02 14:51:39
3043,21160,92,1212,14,Tablet,cta_button,http://www.banks.com/,False,2025-07-08 08:52:03
3044,10110,143,56,26,Tablet,description,http://mitchell.info/,True,2025-06-16 22:22:52
3045,29604,178,1791,27,Mobile,cta_button,http://www.morris.com/,True,2025-06-12 03:36:40
3046,23928,56,4712,12,Mobile,headline,https://koch.com/,False,2025-01-27 12:32:59
3047,34937,125,3041,24,Mobile,cta_button,https://www.white-mcpherson.info/,False,2025-02-09 10:49:25
3048,16273,153,4408,45,Tablet,cta_button,https://barber.com/,False,2025-09-08 18:20:18
3049,7474,97,1187,6,Desktop,image,http://lopez.com/,False,2025-04-16 20:49:41
3050,41522,44,770,41,Desktop,description,https://martinez-dixon.biz/,False,2025-07-29 09:01:21
3051,8531,102,2978,19,Tablet,cta_button,http://www.wiggins.biz/,False,2025-02-03 01:34:41
3052,19983,78,709,2,Tablet,image,http://www.hughes.com/,False,2025-03-21 17:26:50
3053,16857,149,3271,24,Tablet,description,http://www.keller.net/,False,2025-08-17 09:58:29
3054,34754,60,3523,21,Desktop,headline,http://levy.com/,True,2025-07-11 08:21:36
3055,2439,41,4990,50,Mobile,description,http://giles.com/,False,2025-09-15 20:39:05
3056,36353,69,3669,31,Mobile,headline,http://www.kelley.com/,False,2025-10-12 00:01:15
3057,22372,2,4064,22,Mobile,headline,http://www.rios.com/,False,2025-01-23 19:30:51
3058,17250,129,2021,41,Mobile,description,https://anderson.com/,True,2025-02-28 23:05:31
3059,45713,60,2374,15,Mobile,description,https://www.parks-hill.info/,True,2025-07-23 20:42:23
3060,6450,65,4058,50,Tablet,description,https://www.porter.com/,False,2025-09-06 07:53:02
3061,16773,196,3588,44,Tablet,image,https://www.gomez-glover.info/,False,2025-07-09 17:35:56
3062,38154,162,4460,35,Desktop,cta_button,https://chandler.com/,False,2025-01-29 09:10:38
3063,3191,129,1622,27,Tablet,image,http://hernandez-maxwell.biz/,False,2025-01-19 18:38:43
3064,16586,105,923,39,Desktop,image,https://roberts-mccullough.com/,False,2025-07-04 22:07:22
3065,8286,63,4716,7,Mobile,cta_button,http://quinn-alvarado.com/,False,2025-07-04 17:19:07
3066,18724,19,4905,22,Mobile,headline,http://rodriguez-hoover.info/,False,2025-09-12 17:24:48
3067,33882,38,21,8,Tablet,description,http://www.rocha.com/,False,2025-03-31 19:03:05
3068,34504,74,2147,25,Mobile,description,https://martin.info/,False,2025-07-08 16:02:28
3069,1308,180,1639,41,Desktop,cta_button,https://www.hayes.net/,False,2025-05-22 11:03:17
3070,29966,76,1618,49,Tablet,description,http://thompson.com/,False,2025-07-11 10:16:44
3071,39335,3,2987,36,Mobile,cta_button,http://miller-alexander.com/,False,2025-05-05 21:39:49
3072,197,79,2495,1,Mobile,image,http://www.mitchell.com/,True,2025-04-15 18:39:51
3073,15298,33,3332,8,Mobile,description,http://www.sawyer.com/,False,2025-04-08 20:50:55
3074,3230,111,3729,9,Desktop,headline,http://www.ward.com/,False,2025-06-27 21:19:03
3075,27813,2,2173,43,Mobile,headline,https://rice.com/,False,2025-01-22 08:36:17
3076,12810,43,1831,7,Tablet,description,https://www.perkins-lang.com/,True,2025-07-06 08:47:56
3077,17780,200,2528,26,Mobile,image,https://short-bell.biz/,False,2025-03-07 15:55:26
3078,3694,69,3781,17,Desktop,description,http://mueller.com/,False,2025-10-07 08:22:48
3079,49614,93,1193,49,Tablet,image,https://martinez.com/,False,2025-03-18 23:15:08
3080,9862,132,941,44,Desktop,cta_button,https://www.mckenzie.com/,False,2025-07-11 19:26:57
3081,4612,114,806,47,Mobile,image,https://www.rhodes-hayes.com/,False,2025-03-31 08:22:25
3082,20302,128,4415,50,Desktop,image,https://www.carney.com/,False,2025-03-15 23:49:22
3083,1430,7,218,9,Desktop,description,http://gordon.com/,False,2025-06-16 17:58:55
3084,32389,101,4433,6,Desktop,description,http://lawrence.biz/,False,2025-04-28 08:18:41
3085,45024,169,2706,24,Desktop,description,http://contreras-vargas.com/,True,2025-03-02 21:56:51
3086,48595,188,667,44,Desktop,description,https://www.wells-cox.com/,False,2025-02-05 10:58:32
3087,37936,18,430,12,Tablet,image,https://foley-simmons.com/,True,2025-04-27 15:44:11
3088,13311,66,4000,26,Mobile,image,http://www.curtis.org/,False,2025-03-13 18:05:20
3089,24983,115,4408,45,Tablet,description,http://young.com/,False,2025-02-22 07:15:20
3090,19499,16,4039,35,Tablet,cta_button,http://www.ward.net/,False,2025-03-05 08:35:35
3091,3688,42,3523,21,Desktop,description,http://andersen.net/,False,2025-04-03 07:39:39
3092,14896,61,57,15,Tablet,headline,https://www.hughes.com/,False,2025-02-25 10:14:21
3093,36330,165,709,2,Tablet,headline,http://snyder.com/,False,2025-06-06 20:25:56
3094,30460,42,1322,1,Mobile,cta_button,https://cobb.biz/,False,2025-04-02 09:57:07
3095,2628,19,72,28,Tablet,image,http://www.robles.org/,False,2025-06-27 20:12:22
3096,23006,156,3778,18,Tablet,headline,https://montgomery.com/,True,2025-07-05 19:32:37
3097,32720,182,1616,32,Tablet,description,https://www.valdez-white.com/,True,2025-08-09 18:29:53
3098,9018,142,4899,12,Tablet,description,https://www.phillips-higgins.com/,True,2025-01-25 08:19:01
3099,31253,176,4865,50,Mobile,image,https://pittman.com/,True,2025-04-11 20:51:23
3100,23286,32,485,35,Desktop,image,http://www.avila.biz/,True,2025-08-11 08:40:41
3101,3387,113,821,46,Mobile,cta_button,https://beck.org/,False,2025-05-31 10:05:18
3102,25865,18,1330,28,Mobile,description,https://www.kemp-gonzalez.org/,False,2025-06-24 10:12:44
3103,38054,133,3881,12,Desktop,cta_button,http://jackson.com/,False,2025-01-23 16:15:05
3104,16302,158,1963,27,Tablet,description,https://finley-lopez.com/,False,2025-05-20 21:52:57
3105,45714,6,3561,32,Mobile,headline,https://www.dickerson.org/,False,2025-04-15 18:33:19
3106,16334,136,2401,33,Tablet,description,http://olson.info/,False,2025-06-08 22:54:31
3107,21482,78,1481,27,Mobile,headline,https://www.robbins-simmons.com/,True,2025-03-06 08:54:51
3108,9830,47,3337,48,Desktop,image,http://www.jacobs.com/,False,2025-09-19 20:28:05
3109,8532,9,1507,48,Mobile,headline,https://combs-reeves.net/,False,2025-01-07 13:30:30
3110,17612,58,1706,21,Tablet,cta_button,https://barrett-cook.com/,False,2025-05-21 17:15:34
3111,39483,61,112,47,Mobile,headline,https://carter-davis.com/,False,2025-02-17 18:34:11
3112,26368,174,4398,16,Tablet,description,http://ruiz.com/,False,2025-09-18 23:09:38
3113,26566,20,4894,38,Desktop,image,https://jones.com/,False,2025-06-30 12:39:06
3114,5568,176,921,44,Tablet,headline,http://www.stone-bell.com/,True,2025-04-06 18:58:31
3115,1657,121,2995,40,Tablet,headline,https://johnson.net/,False,2025-08-19 07:46:58
3116,29229,121,3531,46,Mobile,image,https://www.wilson-choi.info/,False,2025-08-24 10:39:36
3117,45108,150,2465,16,Desktop,cta_button,https://www.cook-moore.info/,True,2025-05-18 08:57:23
3118,29756,117,2447,46,Tablet,image,http://www.nguyen.com/,False,2025-08-01 23:05:44
3119,714,142,581,27,Desktop,cta_button,http://www.mcgrath-harvey.com/,False,2025-01-12 20:26:24
3120,8653,160,3055,47,Tablet,image,http://www.wilson.org/,False,2025-07-09 08:48:53
3121,25637,73,3550,41,Desktop,headline,http://wilkinson-lawson.com/,False,2025-08-12 08:25:44
3122,6196,52,1321,14,Tablet,description,https://www.lowe.com/,False,2025-02-25 17:13:48
3123,4002,66,2597,35,Mobile,image,https://www.carlson.info/,False,2025-03-18 05:13:03
3124,35582,130,272,34,Mobile,headline,http://www.dillon.com/,False,2025-07-23 07:31:55
3125,637,165,1300,26,Tablet,image,https://www.singh-barton.com/,False,2025-06-11 11:35:09
3126,30277,21,3808,30,Tablet,image,https://martinez-sanchez.com/,True,2025-06-29 08:20:38
3127,36638,45,568,33,Desktop,cta_button,https://www.black-simmons.info/,False,2025-08-26 22:02:51
3128,34087,152,2595,7,Tablet,headline,http://edwards-hensley.net/,False,2025-03-26 09:22:58
3129,268,37,894,48,Desktop,headline,https://smith.com/,False,2025-01-18 21:19:11
3130,666,57,3887,22,Tablet,description,http://www.jones-rivas.com/,False,2025-08-21 12:18:36
3131,25327,116,1506,7,Mobile,headline,https://www.james-wade.org/,True,2025-08-06 19:53:24
3132,41329,38,4730,30,Desktop,headline,http://www.green.biz/,False,2025-03-23 07:40:31
3133,46556,135,3450,7,Desktop,image,http://mack-harris.com/,True,2025-05-30 09:17:12
3134,9090,146,914,30,Desktop,headline,https://barnes-butler.net/,False,2025-08-17 14:14:11
3135,20140,104,1096,31,Tablet,image,https://www.knapp.com/,False,2025-05-01 15:34:20
3136,48509,142,1612,21,Desktop,description,https://davis.net/,False,2025-01-31 03:45:26
3137,9105,91,12,29,Mobile,image,http://www.roach.com/,True,2025-07-03 21:18:52
3138,9961,99,1555,29,Tablet,headline,http://williamson-collins.net/,False,2025-01-13 22:49:10
3139,1603,138,2117,28,Mobile,cta_button,http://www.shields-allen.com/,False,2025-08-19 21:40:55
3140,25711,132,4980,33,Desktop,cta_button,http://www.cooper-cox.com/,True,2025-07-10 08:58:28
3141,17809,106,3373,44,Tablet,image,https://martinez.com/,False,2025-09-15 22:20:38
3142,7004,84,724,25,Desktop,image,https://www.hill.com/,False,2025-07-01 21:53:28
3143,18449,29,3025,21,Mobile,image,http://arnold.com/,False,2025-01-12 16:35:48
3144,49129,92,2148,9,Tablet,headline,https://bell.com/,False,2025-06-29 16:24:30
3145,22138,9,3906,34,Tablet,image,http://warner-lopez.net/,False,2025-01-27 15:18:20
3146,36690,175,3035,42,Desktop,image,http://www.peterson.com/,True,2025-01-22 08:33:43
3147,45825,113,2234,9,Desktop,cta_button,http://gomez.com/,False,2025-05-07 19:50:42
3148,33301,50,2959,24,Tablet,headline,https://contreras.com/,False,2025-03-23 09:39:52
3149,15215,108,1037,30,Mobile,description,https://www.foster.org/,False,2025-03-31 18:03:18
3150,15246,22,3249,42,Tablet,description,https://olson.org/,True,2025-07-27 14:05:41
3151,28879,159,2339,40,Mobile,image,https://mccullough.net/,False,2025-08-02 20:15:43
3152,20890,94,1844,20,Desktop,headline,https://ramirez.com/,False,2025-01-16 19:45:42
3153,29818,38,3287,16,Tablet,image,http://www.higgins.com/,False,2025-04-04 23:02:18
3154,23685,20,3054,26,Desktop,image,https://reyes.com/,True,2025-06-26 10:40:22
3155,3211,51,2836,28,Tablet,description,https://grant-evans.com/,False,2025-09-10 00:22:05
3156,48818,34,1953,2,Mobile,headline,http://www.lambert-leblanc.com/,False,2025-06-06 08:48:10
3157,18730,94,3632,50,Tablet,description,http://www.smith.com/,False,2025-01-17 08:18:20
3158,40402,168,659,17,Mobile,description,http://www.gonzalez.com/,True,2025-09-26 23:05:45
3159,10168,109,3445,16,Desktop,headline,http://gonzales.com/,False,2025-03-15 20:58:23
3160,48705,79,563,25,Tablet,headline,https://randolph-parrish.com/,False,2025-03-03 17:38:51
3161,35986,99,3510,40,Mobile,image,https://www.martin.biz/,False,2025-01-16 09:10:38
3162,5716,27,2827,32,Mobile,description,https://davis-bryant.com/,False,2025-02-26 09:29:38
3163,42580,75,180,29,Tablet,cta_button,https://www.zimmerman-mcclain.com/,False,2025-06-05 09:38:29
3164,9114,66,319,50,Desktop,headline,https://farley.com/,False,2025-03-18 19:48:06
3165,40160,198,2965,14,Mobile,headline,http://www.potter.com/,False,2025-02-04 20:31:31
3166,36035,53,3805,7,Mobile,description,https://www.ward.com/,False,2025-06-28 11:33:33
3167,7358,103,2606,17,Mobile,cta_button,https://stephens.biz/,False,2025-08-03 21:15:23
3168,38954,87,1601,20,Desktop,image,http://www.elliott-henry.com/,False,2025-03-16 12:25:52
3169,48864,125,2015,2,Desktop,description,http://www.velez.org/,True,2025-02-20 22:58:20
3170,11918,149,2819,22,Desktop,cta_button,https://ramirez.com/,False,2025-08-13 10:13:23
3171,36604,49,4780,29,Mobile,headline,https://fuentes.com/,False,2025-07-20 15:58:38
3172,23198,198,3015,4,Mobile,cta_button,https://www.thornton-powell.info/,True,2025-02-04 17:10:42
3173,12318,182,1235,49,Mobile,description,http://mitchell-martinez.com/,False,2025-07-01 17:53:34
3174,22193,105,4081,9,Tablet,cta_button,http://anderson-kirby.com/,False,2025-07-05 19:24:23
3175,17231,72,4972,45,Mobile,description,http://www.morris-alvarado.org/,False,2025-04-03 12:44:00
3176,11665,56,1635,46,Desktop,image,https://jones-gonzales.com/,False,2025-02-01 20:22:39
3177,6094,76,333,14,Tablet,description,https://adams-howard.com/,False,2025-06-23 10:00:04
3178,33579,97,4485,49,Tablet,cta_button,http://www.wright.com/,False,2025-05-07 13:11:09
3179,6278,161,3191,35,Desktop,image,http://barton-lopez.com/,False,2025-07-25 19:57:26
3180,35359,57,3322,1,Mobile,headline,http://www.harris-ryan.com/,False,2025-08-16 18:40:13
3181,43552,60,2214,37,Tablet,description,https://www.reeves-morales.com/,True,2025-07-08 22:28:05
3182,13473,126,2360,15,Mobile,cta_button,https://www.cox-vega.com/,False,2025-08-20 22:54:15
3183,29507,195,4228,45,Tablet,cta_button,https://www.sims.com/,False,2025-01-27 20:17:36
3184,29578,174,1571,42,Mobile,description,https://www.munoz.com/,False,2025-09-18 20:07:54
3185,37955,148,4187,17,Tablet,image,http://herman-duncan.com/,False,2025-06-02 18:04:37
3186,12633,197,2012,19,Mobile,image,https://www.mason.biz/,False,2025-06-22 07:51:53
3187,1311,3,4669,36,Mobile,image,https://perez-krause.com/,False,2025-05-07 12:00:04
3188,5122,72,3218,43,Tablet,image,https://hernandez.com/,False,2025-04-04 06:44:34
3189,4730,50,2678,50,Tablet,description,https://garrett.info/,False,2025-03-23 08:16:38
3190,1678,20,4372,27,Desktop,cta_button,http://martin.net/,False,2025-06-30 09:02:56
3191,8260,56,414,21,Desktop,image,http://www.moran-berg.com/,False,2025-02-01 07:41:10
3192,6271,164,3433,28,Desktop,description,https://jimenez-henry.com/,False,2025-11-17 22:40:15
3193,18659,189,4721,30,Mobile,description,http://kirby.biz/,False,2025-02-14 17:20:31
3194,28815,57,2150,22,Tablet,image,https://www.cunningham.com/,False,2025-08-16 18:01:45
3195,32822,101,1639,41,Desktop,headline,http://www.russell.com/,False,2025-05-05 05:12:20
3196,8740,84,4514,26,Mobile,cta_button,http://norris-clay.com/,False,2025-06-24 23:02:50
3197,13685,104,3039,37,Tablet,image,http://fox.info/,False,2025-02-23 22:46:18
3198,24098,151,3554,44,Tablet,description,https://guerra.org/,True,2025-02-25 08:05:05
3199,9681,126,1719,10,Mobile,headline,https://burgess.biz/,False,2025-09-11 19:20:55
3200,49885,161,3868,6,Mobile,description,http://mata-kim.net/,True,2025-07-27 03:59:32
3201,22086,43,3566,35,Mobile,image,https://www.garcia.org/,False,2025-07-08 18:46:53
3202,49839,23,3886,37,Mobile,image,https://www.guerrero.biz/,False,2025-02-06 19:41:27
3203,29752,31,3319,32,Tablet,image,http://jackson-skinner.org/,False,2025-04-15 20:46:26
3204,30133,161,343,24,Mobile,cta_button,https://www.cross-roach.com/,False,2025-08-08 15:43:14
3205,46868,186,4533,50,Desktop,cta_button,http://www.mitchell.com/,False,2025-03-31 21:34:35
3206,12509,193,1872,40,Mobile,description,http://www.garcia-johnson.info/,False,2025-07-03 19:11:44
3207,32102,55,4476,14,Desktop,cta_button,https://www.watson.org/,False,2025-07-04 06:32:49
3208,1089,186,4346,2,Desktop,headline,http://ortiz.biz/,True,2025-04-10 17:25:52
3209,44407,122,2023,13,Tablet,image,http://www.cowan.net/,False,2025-04-19 20:05:46
3210,10741,22,570,5,Desktop,image,http://guerrero.info/,False,2025-07-01 09:21:01
3211,5469,90,531,10,Desktop,image,https://williams.com/,False,2025-10-20 11:33:18
3212,5761,121,3826,33,Mobile,description,http://www.kelley.org/,True,2025-08-10 16:45:54
3213,35828,183,3746,37,Tablet,cta_button,http://holmes.com/,False,2025-10-01 14:03:05
3214,18815,93,1598,47,Tablet,cta_button,http://www.thomas.com/,False,2025-03-21 00:03:01
3215,29955,87,1946,31,Mobile,image,http://morton.com/,False,2025-03-10 08:13:26
3216,29031,9,1439,48,Mobile,description,http://young.net/,False,2025-01-30 06:26:12
3217,20343,118,1407,30,Desktop,headline,https://patrick.com/,False,2025-06-04 20:13:43
3218,10186,190,1156,44,Desktop,image,http://www.smith-bailey.net/,False,2025-05-29 20:16:43
3219,35781,31,2549,33,Desktop,description,http://www.williams-hubbard.com/,False,2025-04-16 20:47:27
3220,38465,59,1099,9,Tablet,cta_button,https://www.white-barrera.org/,False,2025-01-14 17:35:51
3221,49434,166,245,50,Mobile,image,http://cruz.info/,False,2025-05-03 19:59:22
3222,10831,103,2416,48,Mobile,cta_button,http://chan.com/,False,2025-08-01 20:47:38
3223,46770,93,3137,31,Tablet,cta_button,https://www.morgan.biz/,False,2025-03-18 21:33:13
3224,26947,188,4746,5,Tablet,description,http://reed-sanford.com/,True,2025-02-10 08:55:52
3225,35513,106,489,3,Tablet,description,https://www.reynolds-stanley.com/,False,2025-09-11 10:30:00
3226,1784,19,2198,1,Tablet,description,https://www.villegas-dixon.com/,True,2025-07-18 09:17:32
3227,47443,37,3718,37,Desktop,headline,https://www.richard.com/,False,2025-01-16 07:29:40
3228,44432,1,1054,15,Tablet,headline,http://humphrey-logan.com/,False,2025-03-10 16:58:24
3229,9317,147,4714,12,Desktop,image,http://arellano.com/,True,2025-04-15 20:18:08
3230,25819,70,1363,17,Desktop,cta_button,http://www.ferrell-green.com/,False,2025-07-31 09:34:13
3231,44371,102,287,1,Tablet,cta_button,http://bryant-hopkins.com/,False,2025-02-03 20:39:47
3232,18019,95,4904,45,Mobile,headline,http://www.hurst-arnold.net/,True,2025-06-11 22:27:52
3233,47786,27,1057,34,Mobile,cta_button,http://www.cruz-montgomery.biz/,False,2025-02-27 23:26:51
3234,17798,115,3191,35,Desktop,headline,https://www.santiago-powell.com/,False,2025-02-25 06:50:47
3235,25308,7,3843,17,Mobile,description,https://jones.net/,False,2025-06-07 21:30:52
3236,8684,177,1616,32,Tablet,image,http://www.grant-willis.com/,False,2025-10-29 08:50:15
3237,33567,138,4140,23,Desktop,cta_button,http://www.morgan-brown.biz/,False,2025-08-29 08:56:25
3238,7102,77,946,23,Mobile,description,http://www.smith.com/,False,2025-10-15 19:48:07
3239,43346,75,3839,27,Tablet,cta_button,https://www.mueller-howard.com/,False,2025-06-14 17:09:35
3240,33197,192,555,46,Desktop,cta_button,https://cochran.com/,False,2025-07-30 08:20:25
3241,31298,137,688,38,Mobile,headline,https://www.flores.com/,False,2025-01-29 16:03:59
3242,6427,106,3032,49,Mobile,headline,http://adams.org/,False,2025-09-15 18:35:41
3243,49030,86,4292,26,Mobile,image,http://www.williams.com/,False,2025-08-07 09:43:27
3244,34615,140,202,27,Mobile,headline,http://walker.info/,False,2025-02-19 22:02:34
3245,15183,85,2339,40,Mobile,headline,https://franklin-hale.com/,False,2025-05-28 10:19:36
3246,21088,80,4499,3,Mobile,image,http://www.king.biz/,False,2025-02-27 12:37:11
3247,19162,199,3982,33,Tablet,headline,http://www.rasmussen.net/,False,2025-04-30 11:21:48
3248,4049,75,737,7,Desktop,description,http://cox-peterson.com/,False,2025-05-31 13:50:48
3249,6928,76,3172,43,Mobile,cta_button,https://griffin-wilson.com/,False,2025-06-30 22:19:35
3250,38607,43,1744,49,Tablet,headline,http://liu.com/,False,2025-07-20 22:35:47
3251,43675,58,2490,10,Desktop,cta_button,https://www.perez.com/,False,2025-05-18 16:17:33
3252,1075,110,2096,5,Desktop,cta_button,http://www.smith-schultz.com/,False,2025-10-14 15:55:07
3253,14209,111,1777,38,Mobile,image,http://miller.net/,False,2025-06-13 15:05:09
3254,33175,5,1105,15,Tablet,headline,https://terry.com/,False,2025-09-14 13:43:52
3255,11183,127,665,37,Mobile,cta_button,http://good.com/,False,2025-09-26 16:11:53
3256,8133,55,4992,5,Desktop,headline,http://www.gaines.com/,True,2025-09-21 16:30:16
3257,41378,87,1089,17,Mobile,cta_button,http://www.kim.com/,False,2025-03-21 22:52:13
3258,2979,35,2069,35,Mobile,headline,http://www.simmons.com/,False,2025-06-02 12:17:03
3259,26557,131,4037,8,Mobile,headline,http://stewart.com/,False,2025-08-01 17:46:15
3260,49011,3,4679,7,Mobile,headline,https://www.green-frye.org/,False,2025-05-19 08:43:29
3261,31860,173,4715,28,Desktop,description,http://johnson.net/,False,2025-09-19 19:43:15
3262,39040,131,1003,12,Tablet,image,https://www.rocha-griffith.com/,False,2025-08-16 18:55:23
3263,4184,7,696,1,Desktop,description,http://www.obrien.com/,False,2025-05-01 08:29:28
3264,6880,139,4566,27,Tablet,cta_button,https://hines-jordan.net/,False,2025-01-20 09:10:07
3265,40164,169,938,39,Mobile,description,https://merritt.com/,False,2025-03-10 09:56:26
3266,3837,67,4228,45,Tablet,image,https://www.gonzalez.com/,False,2025-07-19 15:47:02
3267,36766,179,841,39,Mobile,headline,https://www.campbell.com/,False,2025-08-18 11:06:31
3268,48808,14,2586,8,Mobile,description,http://www.rodriguez.com/,False,2025-01-28 07:38:28
3269,47065,96,4892,28,Tablet,image,http://www.mcclain-williams.info/,False,2025-08-12 19:29:39
3270,42056,131,2086,14,Tablet,description,http://www.byrd-cunningham.com/,False,2025-08-03 19:29:23
3271,47441,77,3721,22,Mobile,description,http://williams.net/,False,2025-09-21 17:53:40
3272,21722,53,3586,26,Desktop,image,http://www.ramirez.com/,False,2025-06-29 07:08:09
3273,41393,54,3535,44,Desktop,headline,http://cooper.net/,False,2025-01-01 06:13:41
3274,15628,101,1398,36,Tablet,description,https://brown.com/,True,2025-05-09 13:16:11
3275,3466,192,1924,49,Mobile,description,http://may.com/,False,2025-06-21 13:04:26
3276,24734,146,4158,26,Desktop,image,https://www.barton.com/,False,2025-07-21 09:28:02
3277,3919,70,3044,32,Desktop,headline,https://english.net/,True,2025-07-04 18:48:01
3278,13043,15,4475,41,Mobile,cta_button,https://www.willis.com/,False,2025-09-30 11:14:53
3279,27802,123,1815,12,Tablet,image,https://www.lee.biz/,False,2025-03-18 16:04:51
3280,31161,140,487,7,Tablet,cta_button,http://www.richards.net/,True,2025-02-16 20:39:16
3281,37496,174,4509,21,Mobile,headline,http://www.perez.com/,False,2025-09-14 21:22:45
3282,19655,46,1243,32,Desktop,cta_button,http://www.dyer.com/,True,2025-08-26 16:31:41
3283,41849,61,2958,13,Tablet,image,https://sheppard.com/,True,2025-02-20 18:30:37
3284,36102,101,652,12,Desktop,headline,https://www.clark.com/,False,2025-03-30 22:28:46
3285,47967,102,852,27,Mobile,cta_button,https://clayton.biz/,False,2025-01-31 06:18:20
3286,14247,193,1847,35,Mobile,cta_button,http://smith.net/,True,2025-07-10 12:03:21
3287,27696,112,1483,47,Mobile,description,https://www.mayer-alexander.info/,False,2025-04-26 20:19:27
3288,49342,74,3294,43,Mobile,cta_button,https://www.hernandez.com/,False,2025-07-04 18:10:07
3289,4936,173,226,28,Desktop,image,https://baker.org/,False,2025-10-11 20:52:13
3290,36860,158,3681,25,Desktop,headline,https://turner.net/,True,2025-05-23 13:25:03
3291,14739,95,458,6,Mobile,description,https://www.young-richard.com/,False,2025-06-11 20:07:37
3292,31114,199,2859,26,Tablet,description,https://anderson-phillips.info/,False,2025-04-20 21:21:09
3293,2326,63,2469,11,Tablet,headline,https://williams-bowen.com/,True,2025-07-31 22:15:23
3294,20020,146,734,12,Desktop,description,http://www.townsend.com/,False,2025-08-21 18:48:06
3295,32675,79,522,36,Tablet,cta_button,http://www.reid.com/,False,2025-04-19 13:48:15
3296,6892,132,608,28,Mobile,cta_button,http://chandler.com/,True,2025-07-05 18:37:34
3297,23523,136,4628,16,Desktop,cta_button,http://hebert-munoz.biz/,False,2025-06-04 10:22:48
3298,33807,78,3033,28,Desktop,cta_button,https://www.le.info/,True,2025-03-09 20:01:35
3299,25937,150,3960,33,Mobile,headline,https://hall.net/,False,2025-04-28 09:33:15
3300,37362,138,1701,15,Mobile,cta_button,http://raymond-fisher.biz/,False,2025-08-21 19:03:33
3301,21285,96,3320,7,Desktop,image,https://www.wright.net/,False,2025-09-11 19:34:06
3302,10102,132,3227,15,Tablet,image,https://flores-johnson.org/,False,2025-07-16 21:59:43
3303,25892,4,3357,14,Tablet,cta_button,http://www.nunez.com/,False,2025-06-07 19:23:47
3304,15010,172,3132,23,Desktop,headline,http://www.smith.info/,False,2025-09-17 14:46:26
3305,9247,23,3037,6,Desktop,description,https://brewer.net/,True,2025-02-05 08:03:00
3306,45642,148,4443,23,Mobile,image,https://www.johnson-guzman.com/,False,2025-06-02 07:34:26
3307,5530,16,1487,39,Mobile,headline,https://www.perry-thomas.org/,True,2025-03-04 11:47:14
3308,6632,146,4669,36,Mobile,image,http://www.acosta.net/,False,2025-06-26 10:48:09
3309,12474,153,1279,10,Desktop,headline,http://www.johnson.com/,True,2025-09-01 14:05:00
3310,14216,197,760,37,Desktop,description,https://www.gonzalez.info/,False,2025-07-12 08:37:57
3311,13293,95,1001,42,Tablet,description,https://barrera.org/,False,2025-06-12 01:09:19
3312,49894,60,3932,14,Tablet,description,http://campbell.biz/,False,2025-07-24 12:04:32
3313,4068,195,4938,46,Desktop,image,http://mitchell-knox.com/,False,2025-02-01 11:52:51
3314,29022,14,2406,38,Tablet,description,http://garcia.com/,False,2025-03-05 19:51:31
3315,39976,31,217,10,Mobile,cta_button,http://www.cole.org/,False,2025-04-13 19:06:27
3316,31877,103,2539,1,Tablet,description,https://mcintyre.info/,False,2025-08-23 11:22:53
3317,27382,51,2256,47,Tablet,cta_button,https://brown.com/,False,2025-09-10 07:45:57
3318,20944,167,1518,50,Mobile,image,https://gallagher.com/,False,2025-04-27 06:00:28
3319,48325,24,442,38,Tablet,description,http://hansen-smith.com/,False,2025-08-30 13:04:33
3320,10048,144,2496,22,Tablet,headline,http://chang-phillips.com/,False,2025-04-22 19:37:22
3321,15578,136,3424,29,Tablet,description,https://bryant-garcia.com/,False,2025-06-04 15:14:02
3322,28759,71,2478,24,Mobile,headline,http://garrett.org/,False,2025-07-03 19:04:54
3323,16511,191,966,22,Desktop,image,http://www.nichols.com/,False,2025-08-22 20:43:08
3324,35766,52,4382,45,Mobile,description,https://www.martin-campbell.com/,False,2025-02-26 20:41:08
3325,17092,180,3856,2,Tablet,cta_button,http://www.austin.biz/,True,2025-05-11 07:45:29
3326,22549,66,868,3,Tablet,cta_button,https://wilson.com/,False,2025-03-17 22:27:04
3327,3660,147,3287,16,Tablet,headline,https://beck.org/,False,2025-04-10 11:23:02
3328,12928,41,1069,11,Desktop,headline,https://fletcher-williams.biz/,True,2025-09-16 13:40:21
3329,43813,134,3334,34,Tablet,cta_button,http://www.harris.info/,False,2025-04-29 05:43:21
3330,14670,37,4872,35,Desktop,headline,http://www.simmons-stein.com/,False,2025-01-09 11:20:32
3331,49399,115,3012,12,Tablet,description,http://wolf-pena.com/,False,2025-02-16 08:54:29
3332,2925,96,4194,8,Desktop,headline,http://hester.com/,False,2025-09-05 16:20:19
3333,36846,197,1903,46,Tablet,image,https://white.info/,False,2025-07-04 12:13:38
3334,34887,78,43,45,Desktop,image,https://campbell-peters.com/,False,2025-03-02 12:03:09
3335,43885,121,3760,28,Desktop,cta_button,https://knight.org/,False,2025-08-06 22:25:38
3336,12084,76,3234,40,Mobile,description,https://www.mckinney-cameron.com/,False,2025-06-15 08:48:51
3337,41741,159,164,18,Tablet,description,https://www.wagner.com/,False,2025-08-05 15:36:02
3338,8018,121,4137,5,Tablet,cta_button,https://martin-lee.com/,False,2025-08-13 02:59:37
3339,46935,103,1784,2,Mobile,headline,http://www.gonzales.org/,True,2025-08-13 05:33:21
3340,20438,36,4753,31,Mobile,cta_button,https://odonnell-mosley.com/,False,2025-08-16 05:15:02
3341,46160,43,1799,18,Tablet,cta_button,http://nelson.com/,False,2025-07-17 19:26:45
3342,15612,145,476,39,Tablet,cta_button,http://norris.com/,False,2025-06-22 18:36:23
3343,47740,176,3205,39,Tablet,description,http://www.johnson.org/,False,2025-04-06 02:45:44
3344,36728,193,341,1,Tablet,image,https://www.adams-diaz.info/,False,2025-07-08 14:20:24
3345,41954,48,100,18,Desktop,description,https://www.baker-miller.net/,False,2025-06-26 08:29:39
3346,20482,161,561,39,Tablet,headline,http://ellis.biz/,True,2025-09-10 05:44:57
3347,31022,22,4299,38,Desktop,description,http://www.monroe-trevino.com/,False,2025-08-11 18:41:31
3348,27521,163,3781,17,Desktop,description,http://bryan.com/,True,2025-10-02 17:50:22
3349,3310,85,1817,6,Tablet,description,https://www.leonard.org/,False,2025-06-03 17:30:57
3350,37695,25,4574,17,Desktop,headline,http://www.holder.com/,False,2025-01-22 20:04:22
3351,29979,136,2725,11,Tablet,image,https://richard.com/,False,2025-06-04 22:41:03
3352,23555,111,1539,39,Mobile,image,https://www.alvarez.biz/,False,2025-07-03 11:56:08
3353,5107,142,2688,30,Tablet,description,https://barker.com/,False,2025-01-29 16:27:54
3354,29856,148,466,20,Desktop,cta_button,http://munoz.net/,False,2025-06-02 20:17:57
3355,29462,23,1030,8,Mobile,description,http://perry.biz/,False,2025-02-10 11:00:10
3356,40420,109,2014,32,Desktop,image,http://www.hunter.com/,True,2025-02-14 09:44:55
3357,13318,71,2459,39,Desktop,cta_button,http://www.gutierrez.biz/,True,2025-06-10 16:27:06
3358,21050,151,3229,4,Desktop,headline,http://hurst.com/,False,2025-02-03 07:24:00
3359,15146,185,3876,38,Tablet,headline,https://west.com/,False,2025-03-27 13:54:29
3360,8828,114,1838,44,Tablet,headline,http://green.info/,True,2025-03-15 21:22:29
3361,26457,75,1256,22,Tablet,image,http://jones.info/,False,2025-06-20 10:03:26
3362,38718,120,1665,1,Tablet,description,http://www.frank.com/,False,2025-02-26 17:01:18
3363,29904,50,1576,18,Desktop,image,https://www.ford.biz/,False,2025-04-09 08:36:49
3364,33256,197,3256,15,Tablet,description,https://brown-nelson.net/,False,2025-06-12 21:13:03
3365,28777,159,4452,47,Desktop,description,https://kaufman.com/,False,2025-08-14 12:08:29
3366,32195,154,4082,41,Desktop,image,https://www.french-jones.info/,False,2025-08-16 09:47:34
3367,32794,46,3948,33,Tablet,image,https://stone.com/,False,2025-08-18 14:05:49
3368,18680,166,1067,11,Desktop,description,https://www.edwards-mcdaniel.com/,False,2025-04-29 05:51:48
3369,40926,197,1445,45,Tablet,headline,http://hodges.com/,False,2025-06-06 20:05:05
3370,14924,1,4519,44,Tablet,image,http://bush.com/,False,2025-03-22 20:30:01
3371,39987,9,516,15,Mobile,cta_button,https://www.kirk-carter.com/,False,2025-01-28 09:19:50
3372,29297,2,4216,1,Mobile,cta_button,https://lindsey.com/,False,2025-01-22 20:46:27
3373,25692,150,4417,29,Tablet,image,http://burke.org/,False,2025-06-03 23:13:10
3374,12138,147,1382,47,Desktop,cta_button,http://riddle.org/,False,2025-03-23 19:11:29
3375,7255,196,2767,12,Desktop,image,https://www.roy.com/,False,2025-05-19 13:55:12
3376,18734,111,630,9,Tablet,description,http://www.roberts.net/,False,2025-06-23 08:55:03
3377,37992,18,3116,45,Tablet,image,http://barrera.org/,False,2025-06-14 18:40:30
3378,6049,48,1633,9,Tablet,description,http://ashley.com/,False,2025-06-02 20:06:28
3379,38185,66,2251,39,Desktop,description,http://www.blair-deleon.org/,False,2025-03-19 11:02:37
3380,49176,73,2206,39,Mobile,image,https://www.johnson-sutton.com/,False,2025-08-07 07:11:05
3381,43825,108,3581,38,Desktop,headline,http://diaz.com/,False,2025-03-19 08:57:30
3382,32071,129,406,30,Tablet,headline,http://www.martin.com/,False,2025-01-19 12:11:43
3383,21453,24,2167,27,Mobile,cta_button,https://www.turner.org/,False,2025-10-14 21:56:12
3384,22431,78,814,39,Desktop,cta_button,http://www.schroeder-smith.info/,False,2025-03-15 13:37:17
3385,40213,112,3618,49,Mobile,headline,http://www.brown-mckee.biz/,False,2025-05-28 20:19:41
3386,34766,124,3713,25,Desktop,headline,https://rogers.com/,False,2025-08-10 16:33:09
3387,16668,119,4582,42,Tablet,cta_button,https://www.costa-huff.net/,False,2025-03-23 22:57:11
3388,34221,20,857,26,Mobile,cta_button,https://www.stone.com/,True,2025-07-04 23:27:35
3389,4806,149,4926,50,Tablet,cta_button,https://www.owen-price.com/,False,2025-09-01 19:23:33
3390,25438,103,3759,25,Mobile,cta_button,https://www.byrd.biz/,False,2025-08-22 13:15:56
3391,1423,134,4136,26,Tablet,description,https://www.marshall.com/,False,2025-04-18 19:01:27
3392,48715,74,19,2,Tablet,headline,https://www.rice.com/,False,2025-06-27 08:48:47
3393,49319,105,3285,33,Desktop,headline,https://www.fowler-garcia.com/,False,2025-07-06 22:02:41
3394,10132,158,755,4,Tablet,description,https://www.mitchell-hunter.net/,True,2025-05-20 05:09:26
3395,45760,190,4079,25,Desktop,cta_button,https://www.bates.com/,False,2025-06-18 05:08:50
3396,42251,91,133,37,Tablet,image,http://www.williams.com/,False,2025-07-04 08:47:14
3397,31315,163,911,26,Desktop,description,http://clark.info/,False,2025-09-11 12:05:13
3398,49033,25,3229,4,Desktop,description,https://parrish.com/,True,2025-01-31 20:01:32
3399,37953,55,2560,33,Tablet,image,http://www.flores.net/,False,2025-08-18 19:09:28
3400,33023,110,591,10,Desktop,image,https://sutton.net/,True,2025-09-15 21:02:51
3401,41688,105,431,31,Desktop,description,http://www.ward.biz/,False,2025-07-07 08:23:30
3402,17265,114,3114,44,Desktop,description,http://benitez.org/,False,2025-03-16 19:05:29
3403,11612,58,3991,45,Mobile,cta_button,http://jones-jones.info/,False,2025-05-20 21:56:34
3404,564,181,3771,15,Tablet,headline,http://www.edwards.info/,True,2025-01-27 10:33:20
3405,43821,13,2825,15,Tablet,image,https://swanson-moss.net/,False,2025-01-27 20:31:31
3406,20956,122,2074,49,Mobile,description,https://vasquez-ortiz.com/,False,2025-04-09 19:37:44
3407,36806,99,4777,24,Tablet,description,https://www.burch-dunn.net/,False,2025-01-16 21:11:37
3408,21489,32,1904,16,Desktop,description,https://jones-adams.com/,False,2025-07-28 20:24:37
3409,17105,173,2177,23,Mobile,cta_button,https://pearson.com/,False,2025-09-21 14:17:35
3410,8205,144,4309,38,Mobile,headline,https://lee.biz/,True,2025-04-20 18:34:59
3411,8546,39,3695,47,Desktop,image,http://www.evans-burke.com/,False,2025-05-16 11:44:09
3412,414,197,513,47,Tablet,cta_button,http://www.powell-juarez.net/,False,2025-05-03 09:15:31
3413,47460,137,3524,2,Desktop,image,http://www.fernandez.com/,False,2025-01-26 15:45:03
3414,1744,55,908,10,Tablet,cta_button,https://brown.com/,True,2025-08-12 03:27:10
3415,30519,174,43,45,Desktop,description,http://www.oconnor.net/,True,2025-09-16 11:37:45
3416,45083,137,3870,4,Mobile,image,https://www.williams-gonzales.com/,False,2025-02-04 17:57:48
3417,37791,49,625,32,Desktop,description,https://www.jimenez.com/,True,2025-07-14 08:37:32
3418,21713,153,143,13,Tablet,cta_button,https://griffith-campbell.com/,False,2025-09-06 19:00:04
3419,3105,91,2192,23,Mobile,image,https://www.griffith.com/,True,2025-07-26 09:59:59
3420,34685,199,3329,13,Desktop,image,http://www.pope-harris.com/,False,2025-04-11 22:42:51
3421,5475,165,1667,43,Tablet,cta_button,http://martinez-myers.com/,False,2025-06-10 09:21:08
3422,46971,190,2586,8,Mobile,cta_button,https://baird.com/,False,2025-06-06 16:35:18
3423,32917,139,1512,17,Desktop,headline,https://kelly-gonzalez.com/,False,2025-01-04 09:23:56
3424,21887,16,4949,23,Tablet,cta_button,http://www.frank-rhodes.com/,False,2025-03-03 07:31:21
3425,43042,57,248,35,Tablet,cta_button,http://moses.org/,False,2025-08-20 21:51:49
3426,30897,146,3718,37,Desktop,headline,https://silva-cummings.net/,False,2025-09-01 15:15:44
3427,29711,23,1253,28,Desktop,cta_button,https://www.johnson.com/,False,2025-02-14 11:26:46
3428,34580,170,2628,25,Mobile,description,https://www.johnson.com/,False,2025-07-12 19:11:40
3429,48484,154,2144,50,Desktop,cta_button,http://collins.com/,False,2025-08-15 13:34:46
3430,4747,123,2978,19,Tablet,headline,http://smith-hill.com/,False,2025-03-14 18:04:02
3431,27639,11,359,17,Tablet,cta_button,http://morris-walker.com/,False,2025-10-29 20:36:19
3432,5384,28,1273,5,Desktop,cta_button,http://price-rich.com/,False,2025-10-08 10:32:35
3433,28708,92,1569,24,Mobile,cta_button,http://white-morris.com/,False,2025-07-26 18:07:07
3434,40700,152,2260,45,Tablet,image,http://www.gonzalez.info/,False,2025-03-29 09:10:07
3435,11097,73,4689,19,Desktop,cta_button,http://hess.net/,True,2025-08-03 19:50:01
3436,45682,135,3452,43,Tablet,description,https://www.lambert.com/,False,2025-05-26 09:42:20
3437,48608,133,3846,32,Desktop,headline,http://gomez-jones.biz/,False,2025-02-18 17:38:41
3438,32899,157,4913,28,Mobile,description,http://www.palmer-heath.com/,False,2025-01-28 16:01:39
3439,40003,138,3004,45,Mobile,cta_button,http://harper-best.com/,False,2025-08-26 18:59:20
3440,46712,156,2653,30,Mobile,cta_button,https://www.atkins.com/,False,2025-07-01 06:37:47
3441,12828,42,2931,19,Tablet,headline,https://avila.biz/,False,2025-04-02 19:54:46
3442,48597,168,46,33,Tablet,cta_button,https://www.weiss.biz/,True,2025-10-08 08:46:54
3443,48744,180,1479,18,Mobile,cta_button,http://www.caldwell.info/,False,2025-06-24 18:05:43
3444,46572,77,4185,17,Tablet,image,http://www.thompson-johnson.com/,False,2025-09-21 19:43:33
3445,7655,71,1202,31,Desktop,cta_button,https://www.young.com/,True,2025-06-30 10:04:53
3446,35599,174,1878,15,Mobile,headline,http://www.west.com/,True,2025-09-17 19:16:28
3447,49017,145,2941,50,Mobile,description,http://www.anderson.com/,False,2025-06-26 23:51:53
3448,47881,106,704,27,Mobile,image,http://williams-stewart.com/,False,2025-09-09 23:53:21
3449,3907,31,2143,36,Tablet,description,https://www.downs.info/,True,2025-04-05 20:12:34
3450,27355,8,2653,30,Mobile,cta_button,http://valenzuela.com/,False,2025-03-03 08:37:20
3451,32049,200,3412,6,Desktop,description,http://willis-crane.com/,True,2025-02-17 14:43:42
3452,15929,193,510,49,Mobile,image,https://gray-lopez.com/,True,2025-06-30 14:51:11
3453,5613,122,2706,24,Desktop,headline,https://www.king-villarreal.info/,False,2025-04-06 06:20:59
3454,9229,140,2274,13,Tablet,image,https://www.grant.com/,False,2025-02-19 18:08:03
3455,22841,27,2211,13,Desktop,description,https://miller.org/,False,2025-03-05 08:45:23
3456,39060,130,569,45,Tablet,description,http://www.watkins.org/,True,2025-07-24 11:39:01
3457,6435,146,3885,23,Tablet,cta_button,http://www.greene.com/,True,2025-07-10 06:15:07
3458,5419,45,3096,8,Tablet,headline,http://www.allen.info/,False,2025-08-22 09:24:23
3459,9375,18,4334,10,Desktop,image,https://parker.net/,False,2025-06-13 12:37:20
3460,43002,1,1161,16,Mobile,image,http://taylor.info/,False,2025-03-30 14:27:31
3461,39546,142,568,33,Desktop,headline,https://www.gregory-tucker.com/,False,2025-01-24 16:37:58
3462,27750,17,4166,8,Tablet,description,http://nelson.com/,False,2025-05-07 09:18:01
3463,27121,193,717,39,Tablet,description,https://www.blackwell.com/,True,2025-07-04 14:57:50
3464,40576,116,2876,20,Mobile,headline,http://www.rodriguez.com/,False,2025-08-05 11:08:32
3465,2705,171,1873,10,Desktop,headline,http://baker-vaughn.com/,False,2025-03-01 07:38:54
3466,42337,145,1259,22,Tablet,image,http://pham-travis.com/,False,2025-06-25 18:01:52
3467,9999,190,1872,40,Mobile,image,http://www.mata.com/,False,2025-05-27 14:46:44
3468,34913,4,1319,19,Mobile,image,https://www.rodriguez.com/,True,2025-06-26 14:26:27
3469,21316,57,414,21,Desktop,headline,https://campbell.com/,True,2025-08-13 09:01:20
3470,46384,120,1364,8,Mobile,description,http://robinson.com/,False,2025-03-09 22:34:18
3471,48984,75,4065,23,Mobile,headline,http://www.hoffman.com/,True,2025-06-17 14:14:31
3472,39171,124,1140,1,Tablet,image,https://www.dillon.com/,False,2025-08-11 18:28:35
3473,14594,116,4781,5,Desktop,description,http://www.garcia-hernandez.com/,False,2025-08-07 08:19:28
3474,13651,175,2437,50,Mobile,description,https://robertson.org/,True,2025-01-27 23:08:50
3475,17882,1,2060,8,Tablet,image,https://www.moore-schmidt.com/,True,2025-04-01 11:14:18
3476,9144,120,1135,33,Mobile,description,http://www.decker-rhodes.net/,False,2025-01-19 08:38:19
3477,30599,13,4310,33,Desktop,headline,http://clark.org/,False,2025-01-06 22:23:36
3478,32960,122,4362,44,Mobile,description,http://blevins.org/,False,2025-04-15 11:34:34
3479,3781,65,227,11,Tablet,headline,http://www.curtis.biz/,False,2025-09-07 12:32:57
3480,15138,149,2304,34,Tablet,headline,https://www.moses.info/,True,2025-08-22 19:14:01
3481,6194,94,3868,6,Mobile,description,https://garcia-white.com/,False,2025-01-21 09:38:33
3482,16584,106,623,9,Desktop,cta_button,https://hogan.com/,False,2025-09-11 23:48:50
3483,26334,129,45,30,Mobile,cta_button,http://www.yang.info/,False,2025-02-20 12:12:46
3484,7422,27,751,3,Tablet,cta_button,http://www.ramirez-gray.com/,True,2025-02-25 08:20:06
3485,46207,71,1232,37,Desktop,image,http://www.jenkins.biz/,False,2025-07-06 12:18:10
3486,1726,16,3479,39,Desktop,description,http://castillo.info/,True,2025-03-06 09:39:36
3487,38229,148,1041,7,Tablet,image,http://www.jackson-rhodes.org/,False,2025-06-02 22:22:42
3488,9919,55,4309,38,Mobile,image,http://www.conrad.com/,False,2025-07-21 08:21:18
3489,32000,180,4471,32,Desktop,cta_button,https://www.leonard-hensley.com/,False,2025-05-17 13:28:03
3490,13492,109,4701,42,Tablet,image,http://james.com/,False,2025-02-14 23:08:28
3491,36055,161,407,23,Tablet,image,http://hart.info/,False,2025-08-09 18:59:09
3492,40406,149,2904,35,Desktop,cta_button,http://byrd.biz/,False,2025-08-20 17:46:53
3493,5655,137,4954,6,Tablet,cta_button,http://www.diaz.com/,False,2025-01-25 15:33:29
3494,32793,74,694,26,Tablet,image,http://www.webb-lindsey.net/,False,2025-06-28 18:24:03
3495,29899,176,2526,5,Desktop,headline,http://green.net/,False,2025-04-10 07:32:58
3496,49806,57,4734,6,Desktop,headline,https://www.hall.com/,False,2025-08-11 13:45:13
3497,43335,18,2355,41,Tablet,headline,http://huang.info/,False,2025-07-03 09:49:47
3498,44956,150,1096,31,Tablet,description,https://www.smith.com/,False,2025-05-01 09:02:03
3499,37669,93,2424,42,Desktop,image,https://roberts.com/,False,2025-03-18 08:55:25
3500,43065,110,2488,16,Desktop,description,http://johnson-west.com/,False,2025-09-05 11:17:41
3501,48124,74,4878,19,Mobile,cta_button,https://thompson-watson.com/,False,2025-07-18 23:21:48
3502,33791,132,3128,42,Tablet,image,http://berger.com/,False,2025-07-13 21:38:07
3503,14762,150,31,19,Tablet,headline,https://king-richards.biz/,False,2025-06-13 10:28:32
3504,16426,144,4587,9,Tablet,description,https://www.farrell-harris.net/,False,2025-04-27 21:03:33
3505,8801,55,1869,11,Mobile,image,https://hawkins-schwartz.net/,False,2025-07-27 15:21:25
3506,40907,107,4508,7,Desktop,image,http://www.stokes-gutierrez.com/,True,2025-08-26 17:56:02
3507,28408,6,1662,41,Tablet,image,http://www.anderson.org/,False,2025-04-20 10:37:19
3508,34529,75,4753,31,Mobile,description,http://gutierrez-dunlap.com/,False,2025-07-12 18:11:58
3509,10284,165,1019,14,Mobile,image,http://www.davis.org/,False,2025-05-26 16:40:07
3510,5838,135,4093,49,Desktop,image,http://martin.info/,False,2025-05-30 19:37:06
3511,38542,99,2701,35,Tablet,headline,https://www.hudson.org/,False,2025-01-17 11:18:30
3512,2130,171,423,46,Tablet,cta_button,https://www.romero.com/,False,2025-03-01 18:54:35
3513,32217,43,1133,31,Tablet,cta_button,https://www.rivera.info/,False,2025-07-22 09:33:06
3514,36354,58,4906,2,Mobile,headline,http://hudson.com/,True,2025-05-16 20:58:48
3515,5505,181,3394,5,Desktop,description,https://www.welch.com/,False,2025-01-30 18:25:12
3516,2381,145,4564,32,Desktop,image,http://www.soto-lewis.com/,False,2025-06-21 10:19:11
3517,43416,197,4837,6,Mobile,headline,http://johnson.com/,False,2025-05-11 17:31:07
3518,40104,52,520,22,Tablet,description,https://www.valentine.biz/,False,2025-02-26 19:11:33
3519,4428,137,2896,11,Tablet,image,https://www.burke-farrell.biz/,False,2025-02-05 07:08:31
3520,9183,150,4036,11,Mobile,headline,http://carr-miles.info/,False,2025-06-22 10:53:56
3521,41322,27,3682,32,Mobile,image,https://www.smith-torres.com/,False,2025-02-26 13:31:52
3522,30238,77,2769,9,Mobile,description,http://horn.org/,False,2025-10-01 08:32:13
3523,3086,136,359,17,Tablet,image,https://www.mills-parrish.org/,False,2025-06-09 22:12:56
3524,31037,173,1773,4,Mobile,image,http://www.glass.info/,False,2025-09-17 15:54:38
3525,43139,155,2384,25,Mobile,image,https://www.henderson.com/,False,2025-07-23 16:56:19
3526,24127,171,131,10,Desktop,cta_button,https://mejia-livingston.com/,False,2025-02-27 21:20:16
3527,19558,142,2001,11,Mobile,cta_button,http://riley-wang.com/,False,2025-01-20 18:39:32
3528,11233,132,1931,28,Mobile,headline,https://www.lozano.com/,False,2025-07-11 21:10:12
3529,13309,171,2157,29,Mobile,headline,https://www.dominguez.com/,False,2025-05-16 13:01:01
3530,17429,3,1608,12,Tablet,description,http://camacho.com/,False,2025-05-05 07:15:48
3531,46647,49,1437,2,Tablet,headline,https://cole-myers.com/,False,2025-07-21 17:19:30
3532,3505,200,4154,13,Tablet,description,https://price.com/,True,2025-02-25 09:39:11
3533,7484,92,860,41,Mobile,image,http://jones-williams.com/,True,2025-07-22 11:48:32
3534,4313,164,902,41,Tablet,description,http://www.lin.net/,False,2025-10-23 22:09:31
3535,12900,95,999,24,Mobile,image,https://powers.com/,False,2025-06-04 12:48:50
3536,48807,131,694,26,Tablet,description,http://www.smith.com/,False,2025-07-29 05:49:01
3537,19334,57,1497,29,Desktop,headline,https://wall.com/,False,2025-08-13 19:09:45
3538,4090,129,4870,9,Tablet,image,https://www.jacobs.info/,False,2025-01-18 07:21:58
3539,30440,111,2144,50,Desktop,description,https://singh.biz/,False,2025-06-14 07:49:38
3540,46255,73,1424,7,Mobile,image,http://maldonado.com/,False,2025-08-15 23:52:42
3541,8526,176,4023,7,Desktop,image,https://www.miles-gomez.info/,False,2025-04-08 06:48:16
3542,3582,149,2452,10,Desktop,cta_button,https://www.bell.com/,False,2025-08-20 21:14:11
3543,3171,196,2180,44,Desktop,description,http://miller.com/,False,2025-06-10 07:48:30
3544,45047,112,425,17,Desktop,description,https://www.jackson.com/,False,2025-03-30 19:32:08
3545,42598,9,2718,50,Tablet,headline,https://porter.com/,False,2025-01-20 14:30:15
3546,33534,170,3778,18,Tablet,description,http://www.williams.net/,True,2025-07-28 20:47:55
3547,23181,69,4332,14,Desktop,headline,http://bowman-jones.biz/,True,2025-09-30 20:28:08
3548,40801,170,160,21,Tablet,cta_button,https://robinson.com/,False,2025-08-05 07:47:58
3549,1875,26,1322,1,Mobile,image,http://www.shaw.com/,False,2025-05-02 13:52:43
3550,32037,93,1272,23,Desktop,description,http://smith.net/,False,2025-03-17 19:52:13
3551,48916,82,3576,1,Desktop,cta_button,https://west.com/,False,2025-09-23 08:58:24
3552,37890,190,2656,15,Tablet,description,https://www.pearson.com/,False,2025-06-07 21:38:19
3553,40284,170,1684,27,Mobile,description,http://www.moore.com/,False,2025-08-05 06:05:01
3554,39826,47,2230,48,Mobile,cta_button,http://www.garza.com/,False,2025-10-05 09:26:59
3555,34946,90,4054,31,Mobile,description,http://peck.com/,True,2025-10-01 21:11:08
3556,28709,31,336,29,Desktop,image,http://www.terry.info/,False,2025-04-09 22:28:31
3557,1773,145,3518,16,Tablet,description,https://www.pearson.com/,True,2025-06-22 09:43:09
3558,37717,75,4851,29,Tablet,cta_button,http://williams.net/,True,2025-07-13 13:33:25
3559,13830,114,2796,42,Desktop,image,http://smith-smith.com/,False,2025-03-21 19:37:20
3560,3975,16,3632,50,Tablet,image,https://gonzalez.biz/,True,2025-03-04 08:55:42
3561,15125,93,1684,27,Mobile,image,http://www.barker.biz/,False,2025-03-20 22:24:21
3562,41320,190,2876,20,Mobile,description,https://www.lee-wood.com/,False,2025-06-20 18:19:01
3563,22523,120,57,15,Tablet,image,https://www.newman.org/,False,2025-04-14 21:03:08
3564,12384,172,2715,46,Mobile,image,https://calhoun.com/,False,2025-09-30 14:21:56
3565,37500,194,437,12,Desktop,cta_button,http://www.rodriguez.com/,False,2025-09-04 19:36:38
3566,6262,187,759,42,Mobile,headline,http://www.martinez.com/,False,2025-02-05 21:06:04
3567,18443,106,3035,42,Desktop,headline,http://www.jordan-murillo.com/,False,2025-09-10 08:16:48
3568,32751,59,1434,39,Tablet,cta_button,https://newman-hudson.com/,True,2025-01-14 17:24:10
3569,28378,187,2740,50,Tablet,headline,https://leblanc.com/,True,2025-02-09 09:37:05
3570,40325,1,4364,9,Mobile,cta_button,https://www.berry-gonzalez.com/,False,2025-03-05 11:10:28
3571,6282,14,3635,35,Tablet,cta_button,http://www.peterson.org/,False,2025-03-20 11:30:13
3572,16205,199,2321,33,Tablet,description,https://www.rogers-davis.com/,False,2025-03-24 13:42:39
3573,11794,197,2545,34,Desktop,image,http://taylor.info/,False,2025-05-25 07:27:03
3574,33265,11,723,28,Desktop,headline,http://www.sanchez-blevins.net/,False,2025-09-28 20:14:56
3575,19085,145,667,44,Desktop,headline,http://www.long-ballard.com/,False,2025-06-23 10:43:22
3576,49042,26,2533,1,Mobile,cta_button,https://www.moore.com/,True,2025-04-20 08:46:23
3577,33906,99,3100,9,Tablet,cta_button,http://nelson.net/,False,2025-01-11 21:52:26
3578,2019,28,110,25,Desktop,cta_button,https://www.thomas.net/,False,2025-10-20 11:22:47
3579,48443,134,2569,26,Desktop,cta_button,http://baxter.com/,False,2025-04-29 22:13:45
3580,40125,18,582,10,Tablet,headline,http://www.arnold-white.com/,False,2025-06-25 22:22:52
3581,21937,133,4778,25,Desktop,description,http://lawson.biz/,False,2025-02-19 14:43:26
3582,7112,169,848,1,Mobile,cta_button,http://anderson.com/,False,2025-02-24 23:41:13
3583,27938,99,3778,18,Tablet,description,https://www.chandler-serrano.com/,False,2025-01-16 10:30:40
3584,7420,41,4708,1,Desktop,headline,http://villa-white.com/,True,2025-08-31 10:48:58
3585,40661,101,2139,5,Mobile,description,https://www.perry-reynolds.com/,False,2025-03-24 21:34:12
3586,47174,82,3066,34,Tablet,cta_button,http://www.buckley.com/,False,2025-09-24 22:47:35
3587,32758,27,2397,3,Mobile,description,http://silva.com/,False,2025-02-26 22:43:23
3588,20055,119,4612,4,Tablet,description,http://parker.com/,False,2025-03-29 07:06:57
3589,47753,45,1484,50,Mobile,headline,https://phillips.com/,False,2025-09-09 20:00:29
3590,22852,163,4446,28,Tablet,headline,http://ruiz.biz/,False,2025-09-26 07:05:50
3591,1363,23,4170,39,Mobile,description,http://pierce-simmons.com/,False,2025-02-09 22:47:20
3592,24562,7,2075,39,Desktop,description,http://miller.info/,False,2025-05-25 10:23:30
3593,10614,148,2095,12,Tablet,cta_button,https://www.joseph.biz/,False,2025-05-31 11:02:13
3594,8683,57,2137,6,Tablet,headline,http://www.wilson.biz/,False,2025-08-21 15:15:51
3595,5665,65,3126,20,Tablet,description,http://williams-jones.biz/,False,2025-09-20 17:10:53
3596,31713,117,2747,13,Mobile,headline,http://brown.com/,False,2025-08-01 19:41:13
3597,38042,5,3098,31,Tablet,headline,http://www.allen.com/,False,2025-09-06 19:24:28
3598,19736,145,2848,5,Mobile,image,https://www.goodman.info/,False,2025-06-24 09:53:20
3599,43650,162,4219,24,Tablet,headline,http://patrick.org/,True,2025-01-11 22:38:17
3600,34305,51,2898,35,Desktop,image,http://www.keller-harding.net/,False,2025-09-09 04:44:44
3601,1259,137,3250,47,Tablet,cta_button,https://www.ellis.com/,False,2025-02-01 19:52:26
3602,30597,191,2230,48,Mobile,cta_button,http://www.hale.org/,False,2025-07-15 10:42:43
3603,12139,50,2536,32,Desktop,headline,http://ferguson.com/,False,2025-04-16 10:37:34
3604,42664,37,4134,40,Tablet,headline,https://rose.com/,False,2025-01-16 15:05:15
3605,28377,177,3130,16,Tablet,cta_button,http://hammond-holt.com/,False,2025-10-22 06:16:27
3606,44285,81,2583,14,Tablet,cta_button,https://arnold.info/,False,2025-03-23 18:53:18
3607,32388,55,3719,36,Tablet,headline,https://www.moore-gonzales.com/,False,2025-06-27 06:04:10
3608,9251,182,3979,47,Desktop,image,https://www.smith.com/,True,2025-07-31 16:14:44
3609,29817,182,942,42,Desktop,cta_button,http://www.schroeder.com/,False,2025-06-21 16:36:02
3610,40536,32,3058,35,Mobile,description,https://adams.com/,False,2025-08-04 19:35:15
3611,15618,154,501,10,Tablet,description,https://simpson.com/,False,2025-08-15 11:28:39
3612,36900,102,1581,12,Mobile,headline,https://larsen.com/,True,2025-01-30 18:29:36
3613,5439,133,3492,49,Tablet,headline,https://day.com/,False,2025-02-07 13:05:19
3614,47268,10,3754,31,Desktop,cta_button,https://www.ramirez.com/,False,2025-09-30 21:10:24
3615,45918,149,2687,16,Desktop,headline,http://www.larson.info/,False,2025-08-20 07:04:37
3616,9857,43,2801,23,Desktop,image,https://potts.biz/,False,2025-07-18 07:40:20
3617,290,94,2160,35,Tablet,description,http://www.bailey.com/,False,2025-01-16 16:55:06
3618,13479,136,4989,12,Tablet,description,https://smith-lopez.com/,False,2025-06-07 14:43:45
3619,36080,158,2430,20,Desktop,cta_button,http://white.info/,True,2025-05-20 19:19:47
3620,37165,68,2698,23,Desktop,image,http://www.baker-boyer.biz/,False,2025-07-10 08:40:57
3621,49097,178,2809,31,Mobile,description,https://gonzales-vaughn.net/,False,2025-06-15 21:05:26
3622,7133,6,4266,34,Desktop,image,http://www.flores.com/,False,2025-04-13 16:34:32
3623,41738,94,4112,43,Tablet,cta_button,http://sanders-brown.com/,True,2025-01-19 09:36:43
3624,46341,162,1678,16,Desktop,description,http://www.lyons.com/,False,2025-01-19 19:27:00
3625,5672,45,3151,41,Tablet,description,https://mitchell.com/,False,2025-08-07 11:09:08
3626,11215,139,4332,14,Desktop,headline,https://www.brown.com/,False,2025-01-21 10:27:43
3627,40585,50,262,45,Tablet,cta_button,https://adams-norton.biz/,False,2025-03-21 13:31:15
3628,17485,157,1312,18,Tablet,cta_button,http://buchanan.net/,False,2025-01-18 19:26:33
3629,13002,110,1838,44,Tablet,image,https://www.wilson.com/,False,2025-10-16 23:04:41
3630,46558,143,4564,32,Desktop,cta_button,https://roberts-jackson.com/,False,2025-06-12 07:42:10
3631,14016,149,3021,33,Mobile,description,http://www.calhoun.com/,False,2025-08-27 08:10:06
3632,36215,61,4633,34,Desktop,cta_button,http://young-gutierrez.info/,True,2025-02-17 09:54:42
3633,40886,179,1895,23,Mobile,image,https://ayala.com/,True,2025-08-02 12:30:16
3634,19304,12,3611,8,Desktop,image,https://garcia.com/,False,2025-04-29 12:15:11
3635,14114,190,73,30,Mobile,image,http://www.carpenter.com/,False,2025-06-06 20:05:49
3636,13855,138,483,10,Desktop,image,https://mclean-moore.com/,False,2025-08-18 19:10:48
3637,48334,120,2848,5,Mobile,cta_button,https://www.lin-simpson.info/,False,2025-03-22 20:55:00
3638,25603,185,2567,39,Tablet,description,http://www.rowland.com/,False,2025-03-15 13:24:39
3639,5286,44,1117,43,Tablet,image,http://www.shelton.com/,False,2025-08-10 19:58:20
3640,2568,52,482,38,Mobile,description,http://glenn-collins.info/,True,2025-03-09 22:55:44
3641,49070,81,4862,33,Mobile,image,http://www.mann.org/,False,2025-03-19 21:40:17
3642,49812,3,3754,31,Desktop,description,http://booth.org/,True,2025-05-06 09:22:28
3643,8943,99,906,45,Mobile,headline,http://beltran.com/,False,2025-01-13 08:39:01
3644,16605,15,2897,2,Desktop,cta_button,https://wright.biz/,True,2025-09-29 08:13:13
3645,44693,25,2266,47,Tablet,cta_button,https://rodriguez.org/,False,2025-02-03 22:49:23
3646,4759,138,4552,33,Desktop,image,https://www.rasmussen.com/,False,2025-08-18 09:47:50
3647,6526,108,3919,11,Desktop,description,https://jackson.org/,False,2025-03-27 22:55:44
3648,44301,87,1383,50,Desktop,image,http://mcdowell.org/,False,2025-03-21 09:05:09
3649,12427,185,3387,32,Tablet,cta_button,https://martin.org/,False,2025-03-27 16:51:53
3650,35713,200,152,4,Tablet,description,http://smith.net/,False,2025-02-09 18:53:12
3651,23231,80,3514,46,Desktop,image,http://www.shaw.com/,False,2025-03-11 21:00:28
3652,27074,74,155,12,Desktop,headline,https://www.wise.com/,False,2025-07-06 21:28:00
3653,12443,64,3168,27,Tablet,headline,https://www.woods.biz/,False,2025-09-24 19:08:32
3654,18397,22,4647,11,Tablet,headline,http://www.jimenez-mckay.com/,True,2025-07-22 18:01:16
3655,9344,8,57,15,Tablet,image,http://wilson.biz/,False,2025-03-01 11:01:48
3656,48469,182,3254,19,Desktop,headline,http://www.bradley.com/,False,2025-07-27 10:43:43
3657,27165,67,2375,28,Mobile,headline,https://www.lewis.com/,False,2025-08-13 13:56:29
3658,11305,187,3549,27,Tablet,cta_button,https://fields.com/,False,2025-02-06 11:29:06
3659,19497,109,1608,12,Tablet,cta_button,http://adams.biz/,False,2025-03-05 03:26:14
3660,6807,3,3463,44,Desktop,cta_button,https://soto.net/,False,2025-05-03 14:56:14
3661,30564,74,4940,31,Tablet,headline,http://www.bishop.net/,False,2025-06-30 19:31:26
3662,8780,170,4194,8,Desktop,cta_button,http://knight-vasquez.com/,False,2025-08-02 08:06:50
3663,35780,115,1836,5,Desktop,description,http://www.moss-mays.net/,False,2025-02-13 08:29:17
3664,42776,67,2208,23,Mobile,description,http://www.garcia.com/,True,2025-06-29 10:25:45
3665,2673,107,2009,9,Desktop,cta_button,https://schroeder.com/,False,2025-08-26 13:55:01
3666,9415,171,461,4,Desktop,cta_button,https://www.abbott.net/,False,2025-03-29 19:46:59
3667,1129,85,3575,18,Mobile,headline,http://white-ramirez.com/,False,2025-06-02 21:44:19
3668,47022,178,2549,33,Desktop,image,http://robles-garcia.biz/,False,2025-06-17 13:39:31
3669,42878,127,4179,17,Tablet,image,https://www.bell.com/,False,2025-09-23 22:22:22
3670,13637,80,2441,30,Tablet,cta_button,https://www.moore-payne.com/,False,2025-03-10 07:15:13
3671,1607,140,799,45,Mobile,image,https://www.flores.net/,False,2025-02-20 20:59:08
3672,21241,122,4599,1,Desktop,description,http://www.smith.com/,False,2025-04-09 08:48:14
3673,18936,149,2519,37,Desktop,description,https://www.clark.info/,True,2025-08-18 10:32:08
3674,26195,8,3085,34,Tablet,cta_button,https://www.daniels.com/,False,2025-02-27 09:26:29
3675,13901,113,4929,41,Mobile,description,https://www.bowers-turner.biz/,True,2025-06-16 23:10:59
3676,42126,141,4187,17,Tablet,headline,http://burton.com/,False,2025-03-05 18:58:58
3677,15406,67,933,46,Desktop,cta_button,http://www.williams-patel.com/,False,2025-07-30 08:36:20
3678,13737,17,4216,1,Mobile,image,https://www.fleming.com/,True,2025-05-01 17:51:33
3679,48014,70,3873,41,Desktop,description,https://www.nunez.com/,False,2025-07-08 21:34:32
3680,11590,10,730,16,Tablet,headline,https://www.smith.biz/,False,2025-10-09 16:20:35
3681,36232,127,1685,47,Tablet,headline,http://beltran.com/,False,2025-09-28 20:06:27
3682,5576,161,168,17,Mobile,headline,http://www.moreno-hoffman.net/,False,2025-08-20 20:09:44
3683,38657,99,2653,30,Mobile,cta_button,http://adkins.biz/,False,2025-01-12 09:35:08
3684,26081,175,1063,4,Mobile,headline,http://sanchez.org/,True,2025-01-27 12:03:27
3685,11584,143,4109,15,Desktop,headline,http://www.mccarthy.com/,False,2025-05-20 10:34:20
3686,24452,97,3752,9,Desktop,image,https://www.hanson.biz/,False,2025-04-23 02:32:36
3687,12488,117,987,6,Tablet,cta_button,http://www.rivera.com/,False,2025-07-22 07:32:53
3688,35550,180,2425,12,Desktop,description,http://www.carey-taylor.com/,False,2025-06-26 08:08:13
3689,12462,193,3227,15,Tablet,description,https://www.rodgers-perez.com/,False,2025-07-07 22:08:56
3690,43799,177,4845,21,Tablet,cta_button,http://carter.com/,False,2025-10-13 12:37:31
3691,38101,159,2177,23,Mobile,image,https://www.anderson.org/,False,2025-07-24 03:25:31
3692,9705,97,2613,37,Tablet,cta_button,https://sullivan.biz/,False,2025-05-09 07:48:55
3693,23933,94,378,50,Mobile,image,https://villarreal.com/,False,2025-01-21 19:47:27
3694,16299,37,2229,24,Desktop,headline,http://miller-steele.com/,False,2025-01-15 16:50:01
3695,44895,22,1446,32,Desktop,cta_button,https://davis.com/,False,2025-07-10 19:46:08
3696,3940,42,763,12,Tablet,image,http://lara.com/,False,2025-04-03 08:05:17
3697,35637,192,2856,9,Mobile,headline,http://burgess.com/,True,2025-08-25 21:09:00
3698,17819,121,1641,40,Tablet,description,https://todd.com/,False,2025-07-02 21:16:30
3699,3643,129,4605,30,Mobile,image,https://gardner.biz/,False,2025-01-18 08:40:17
3700,12588,88,2249,26,Tablet,image,https://www.hale.info/,False,2025-09-17 01:51:50
3701,17871,67,2230,48,Mobile,cta_button,http://www.kelley.info/,False,2025-08-26 15:53:42
3702,20159,27,4992,5,Desktop,cta_button,https://larson-vargas.net/,False,2025-02-25 19:24:09
3703,20483,177,4513,24,Desktop,headline,https://www.davis-wright.org/,False,2025-10-08 13:10:41
3704,32577,71,2528,26,Mobile,headline,http://frey.biz/,True,2025-07-01 21:43:44
3705,7325,69,1836,5,Desktop,headline,http://www.wu-alvarez.com/,False,2025-10-09 02:52:52
3706,23833,69,2600,47,Tablet,cta_button,http://luna-smith.biz/,False,2025-10-05 09:40:06
3707,29667,71,3402,21,Tablet,image,http://www.bryant.net/,False,2025-06-30 10:57:35
3708,35474,12,3849,2,Tablet,description,http://www.white.net/,False,2025-04-28 21:55:43
3709,38728,77,1962,31,Mobile,image,https://grimes-knight.biz/,True,2025-10-07 14:14:15
3710,19765,154,1587,27,Desktop,headline,http://aguilar.info/,False,2025-08-17 07:06:13
3711,4252,188,1140,1,Tablet,headline,http://robinson.com/,False,2025-02-07 23:53:21
3712,38527,185,4907,12,Tablet,image,https://www.davidson-bowman.com/,True,2025-03-20 22:17:32
3713,4908,28,4136,26,Tablet,description,https://allen-chan.com/,True,2025-09-30 22:53:10
3714,17478,26,3803,42,Tablet,headline,http://perez-ross.biz/,False,2025-05-11 16:33:58
3715,15883,57,4882,49,Desktop,image,http://www.anderson.com/,False,2025-08-22 16:56:40
3716,16480,56,3163,25,Tablet,description,https://robinson.com/,False,2025-01-23 04:05:24
3717,16170,131,1350,27,Desktop,image,https://ramirez.biz/,False,2025-08-22 19:34:02
3718,47671,67,2743,2,Tablet,cta_button,https://cobb-watts.org/,False,2025-07-01 11:29:13
3719,2252,35,2064,43,Mobile,image,https://armstrong.org/,False,2025-06-15 10:24:45
3720,25242,169,2396,32,Tablet,image,http://www.johnson-baker.org/,False,2025-03-01 20:49:05
3721,29193,145,255,27,Mobile,image,https://diaz.com/,False,2025-06-26 08:28:52
3722,38985,91,4635,1,Mobile,image,https://www.hartman.com/,False,2025-08-08 21:48:27
3723,28549,76,906,45,Mobile,cta_button,https://www.garrison-davis.com/,False,2025-07-20 19:03:13
3724,38191,141,595,5,Tablet,image,https://www.hall-lopez.com/,False,2025-03-07 07:54:13
3725,46131,25,3907,17,Mobile,image,http://sanchez.com/,False,2025-01-30 09:17:03
3726,12949,177,2049,27,Desktop,cta_button,https://www.farmer.com/,False,2025-10-13 19:16:56
3727,20047,117,266,21,Tablet,description,https://ryan.org/,False,2025-07-25 09:25:56
3728,21119,74,4849,29,Mobile,cta_button,https://www.conley.info/,True,2025-07-13 19:14:58
3729,2807,39,1454,49,Desktop,image,https://www.schwartz-wilson.com/,False,2025-05-21 17:10:47
3730,38887,170,2953,42,Desktop,image,https://jordan-cohen.com/,False,2025-07-11 08:28:39
3731,24456,115,57,15,Tablet,headline,https://park-luna.com/,False,2025-02-25 10:55:46
3732,31849,82,2376,16,Desktop,cta_button,https://www.maddox.com/,False,2025-09-27 14:33:10
3733,19762,83,2905,34,Mobile,description,http://www.peterson.com/,False,2025-06-20 15:00:16
3734,26442,157,2072,41,Tablet,cta_button,https://young-wilkerson.net/,False,2025-01-23 18:05:53
3735,12235,24,777,33,Tablet,image,http://www.cooper-smith.biz/,False,2025-10-07 08:54:17
3736,10258,29,2103,5,Tablet,headline,http://www.mendez-cunningham.com/,False,2025-01-17 11:23:02
3737,38070,142,770,41,Desktop,description,http://baxter-wood.com/,True,2025-01-07 08:19:11
3738,39037,19,4694,6,Tablet,headline,http://www.meyers.com/,False,2025-08-09 21:26:33
3739,26575,54,752,25,Mobile,headline,https://www.hayes.com/,False,2025-01-06 22:19:16
3740,21070,70,551,38,Desktop,headline,http://www.higgins.com/,False,2025-07-28 23:40:56
3741,1140,192,2656,15,Tablet,image,https://www.mitchell.com/,False,2025-08-09 17:16:22
3742,5821,119,3718,37,Desktop,cta_button,https://www.garza-martin.biz/,False,2025-01-25 20:14:16
3743,33946,144,4365,7,Mobile,description,http://mendez.com/,False,2025-05-13 10:10:03
3744,49180,58,2617,1,Tablet,image,http://www.hendricks.com/,False,2025-05-26 05:03:55
3745,470,176,2841,30,Mobile,description,http://www.mcclure-owens.info/,False,2025-04-07 10:54:48
3746,9576,182,3545,10,Desktop,cta_button,https://www.reed.com/,True,2025-08-09 09:57:41
3747,46489,185,1024,27,Desktop,image,http://www.lowe-adams.com/,False,2025-04-03 17:28:27
3748,246,42,505,9,Desktop,description,http://smith.info/,False,2025-04-04 19:30:49
3749,40718,113,2376,16,Desktop,image,http://white.com/,False,2025-05-22 19:54:37
3750,7017,177,1148,50,Mobile,description,https://www.foster-mcclure.org/,False,2025-10-06 18:06:16
3751,45191,70,4575,4,Desktop,description,http://williams.com/,False,2025-07-31 15:43:16
3752,13059,124,2229,24,Desktop,image,https://wilson.com/,False,2025-08-13 22:48:31
3753,44160,43,4348,37,Mobile,description,https://www.carpenter.com/,False,2025-07-26 19:46:03
3754,16861,187,2079,44,Desktop,description,https://www.white.info/,False,2025-01-28 19:37:39
3755,28491,103,1191,47,Desktop,description,http://www.perry-carter.com/,False,2025-08-07 22:30:01
3756,17997,43,4173,5,Desktop,headline,https://young.info/,False,2025-07-16 22:42:50
3757,15375,168,3249,42,Tablet,image,http://www.reese.com/,False,2025-09-20 16:49:00
3758,36596,96,2101,36,Tablet,headline,http://davis.org/,False,2025-07-21 19:20:56
3759,13010,31,2151,47,Desktop,image,http://armstrong.com/,True,2025-04-09 21:43:05
3760,8776,187,2244,50,Desktop,headline,http://jones.com/,False,2025-01-31 09:26:37
3761,31503,61,2571,41,Desktop,description,https://rodriguez-vance.info/,False,2025-02-14 01:38:34
3762,45135,58,4361,23,Tablet,cta_button,https://dunn.com/,False,2025-05-16 08:13:45
3763,44037,172,1821,43,Tablet,cta_button,http://rios-giles.com/,True,2025-09-24 10:27:11
3764,9314,165,1050,35,Tablet,cta_button,https://www.turner.com/,False,2025-06-21 08:37:28
3765,44718,91,3617,12,Desktop,cta_button,https://hernandez.com/,False,2025-07-15 11:37:54
3766,22245,81,2414,8,Desktop,image,https://moore-douglas.info/,False,2025-02-16 21:09:41
3767,8819,55,81,20,Mobile,image,https://huber-mora.biz/,False,2025-08-03 21:31:36
3768,6805,156,2814,39,Tablet,description,https://www.moreno.net/,False,2025-07-10 18:53:40
3769,2048,92,1021,21,Mobile,headline,https://woods.org/,False,2025-06-27 09:22:40
3770,9055,71,805,41,Tablet,headline,http://www.powell.info/,False,2025-06-16 08:33:25
3771,30070,141,4256,24,Tablet,description,https://www.leon-erickson.info/,False,2025-03-07 18:55:47
3772,33367,83,4442,26,Desktop,image,https://www.vaughn-williams.org/,False,2025-06-22 23:52:26
3773,7124,29,1341,16,Mobile,cta_button,https://browning-carr.com/,False,2025-01-19 17:21:48
3774,8961,110,3904,8,Desktop,headline,http://goodwin.com/,False,2025-10-24 10:34:41
3775,44310,114,1265,9,Tablet,description,https://smith.net/,False,2025-03-15 06:44:40
3776,41608,174,18,30,Desktop,cta_button,http://parker.com/,False,2025-09-14 13:22:41
3777,1881,108,1118,39,Desktop,image,http://www.wilson.com/,True,2025-03-21 16:45:08
3778,1468,114,2885,17,Tablet,cta_button,https://jenkins.org/,False,2025-04-12 04:28:54
3779,33466,59,277,30,Tablet,image,http://tate.com/,True,2025-01-11 18:48:00
3780,9670,60,1668,6,Desktop,image,https://www.dickerson-smith.com/,False,2025-07-20 20:11:14
3781,3068,79,2958,13,Tablet,cta_button,https://long.com/,False,2025-03-22 19:21:37
3782,48892,128,2294,5,Desktop,headline,https://moreno.net/,False,2025-03-22 09:26:38
3783,12632,188,2212,17,Tablet,headline,https://butler-campbell.biz/,False,2025-02-05 17:07:19
3784,9259,66,2624,39,Desktop,description,http://www.tucker.net/,True,2025-03-19 21:34:16
3785,24743,167,3980,15,Tablet,description,http://www.hoover-hill.com/,False,2025-05-02 10:09:39
3786,34442,104,4594,14,Desktop,image,http://mcdowell.com/,False,2025-02-17 21:06:04
3787,30598,155,952,8,Tablet,cta_button,http://www.reed.com/,False,2025-08-20 07:42:36
3788,9480,112,786,43,Mobile,cta_button,https://www.lawrence.com/,False,2025-05-15 19:55:43
3789,21687,28,3876,38,Tablet,image,https://www.martinez.com/,True,2025-09-30 16:39:22
3790,9985,23,510,49,Mobile,headline,https://hoffman.com/,False,2025-02-15 22:01:05
3791,35750,81,3386,16,Desktop,headline,http://bush.com/,True,2025-05-06 20:14:04
3792,48362,167,1148,50,Mobile,headline,https://www.young-pacheco.com/,False,2025-04-22 19:34:39
3793,34453,58,1198,34,Mobile,image,https://davis.org/,False,2025-05-27 18:14:12
3794,43247,28,1836,5,Desktop,headline,https://www.barker.com/,False,2025-10-14 19:26:51
3795,29636,98,474,43,Tablet,description,http://williams.net/,False,2025-09-07 17:18:55
3796,27221,129,1004,13,Tablet,description,https://best.com/,False,2025-02-06 14:00:14
3797,6601,114,1105,15,Tablet,image,http://www.sullivan.com/,True,2025-03-18 10:20:37
3798,5491,40,181,5,Desktop,description,http://www.brown.com/,False,2025-06-01 22:15:58
3799,27722,16,264,37,Mobile,image,https://armstrong.com/,False,2025-02-28 09:32:09
3800,34017,144,1510,6,Tablet,image,http://www.mccall.com/,False,2025-05-07 20:51:36
3801,7998,189,2078,22,Mobile,description,https://www.lewis-perry.biz/,False,2025-02-13 19:29:56
3802,34239,94,3445,16,Desktop,cta_button,http://www.saunders-macias.net/,False,2025-01-18 20:48:44
3803,8946,61,87,49,Desktop,headline,https://www.carr-hernandez.com/,False,2025-02-17 09:20:24
3804,30246,156,4314,7,Tablet,image,http://www.white.com/,True,2025-07-23 21:28:22
3805,31924,128,1553,33,Mobile,image,http://www.padilla.com/,False,2025-03-15 21:08:08
3806,21770,194,3012,12,Tablet,image,https://dennis-petersen.org/,True,2025-09-28 20:07:02
3807,33392,187,1120,47,Mobile,image,https://www.brown.org/,False,2025-01-27 17:07:06
3808,10789,179,2989,43,Mobile,cta_button,http://larson.net/,False,2025-08-03 10:25:38
3809,17914,155,594,42,Tablet,image,http://www.lee.com/,False,2025-07-24 23:21:09
3810,33029,169,2076,46,Tablet,description,http://www.long.com/,True,2025-03-17 20:33:07
3811,39491,178,3598,48,Mobile,image,http://www.brown-barton.biz/,False,2025-05-28 20:27:01
3812,34709,96,3277,39,Tablet,cta_button,http://www.williams.org/,False,2025-10-04 20:28:56
3813,5076,131,4538,28,Tablet,headline,http://perry-russell.com/,False,2025-08-10 22:59:31
3814,39709,107,2148,9,Tablet,description,https://bryant.com/,True,2025-08-29 01:35:03
3815,28538,86,4196,11,Tablet,headline,http://best.com/,False,2025-07-12 07:50:07
3816,34339,170,3338,35,Tablet,headline,https://www.hogan-phillips.net/,False,2025-07-12 19:23:57
3817,46170,152,2414,8,Desktop,description,https://www.williams.org/,False,2025-03-27 07:00:18
3818,44338,71,848,1,Mobile,cta_button,https://richardson-lane.com/,False,2025-06-24 18:39:54
3819,14643,169,608,28,Mobile,headline,http://www.evans.info/,False,2025-02-22 19:58:50
3820,26288,52,2426,2,Tablet,image,http://white.com/,False,2025-02-25 12:05:25
3821,49204,55,4102,15,Mobile,cta_button,https://garcia.org/,True,2025-09-22 18:21:30
3822,39266,166,3214,39,Mobile,headline,https://mcclure-zhang.com/,False,2025-05-01 19:58:53
3823,40084,170,3422,44,Desktop,description,http://www.huerta-smith.com/,False,2025-07-19 18:26:39
3824,49349,184,4679,7,Mobile,image,https://www.schwartz.com/,False,2025-04-12 19:34:43
3825,43464,58,1715,32,Mobile,cta_button,http://www.alexander.com/,False,2025-05-26 14:18:53
3826,39093,193,1309,11,Desktop,description,https://www.cherry.org/,False,2025-07-05 13:20:36
3827,29724,138,1136,50,Mobile,description,http://www.bowman.biz/,False,2025-08-18 06:01:17
3828,13310,189,3176,27,Mobile,cta_button,https://holder-delgado.com/,False,2025-02-17 18:05:15
3829,29940,104,4448,33,Tablet,description,https://young-diaz.com/,False,2025-03-19 20:31:16
3830,17570,158,2352,27,Mobile,image,https://www.clark.com/,True,2025-05-25 15:35:42
3831,45133,104,4235,18,Tablet,cta_button,https://jacobson.com/,False,2025-02-16 13:04:58
3832,3217,186,4838,38,Desktop,headline,http://www.carroll-tran.com/,False,2025-04-03 06:26:06
3833,31508,144,4292,26,Mobile,cta_button,https://banks.com/,False,2025-05-04 11:27:07
3834,44530,43,4369,40,Mobile,description,http://taylor-smith.com/,False,2025-07-31 11:59:50
3835,24026,101,1711,17,Mobile,description,http://rowland.biz/,True,2025-03-29 00:50:59
3836,46617,147,4509,21,Mobile,description,http://banks.net/,False,2025-04-14 21:24:14
3837,31409,25,1266,19,Tablet,image,https://www.jackson-powell.com/,True,2025-02-05 18:33:05
3838,5953,136,4044,10,Tablet,cta_button,https://www.campos.com/,False,2025-06-03 10:34:48
3839,9177,103,4272,2,Desktop,description,https://www.bird.com/,True,2025-08-01 22:48:29
3840,25582,55,163,36,Desktop,headline,https://gomez.biz/,True,2025-07-21 21:24:45
3841,35590,38,4439,28,Desktop,description,http://www.bates.net/,False,2025-04-03 19:49:32
3842,18379,154,3749,8,Tablet,headline,http://www.riley.com/,False,2025-08-19 10:00:55
3843,37179,53,4676,37,Tablet,cta_button,http://www.mora.com/,False,2025-06-06 20:13:18
3844,23633,165,2943,3,Tablet,cta_button,http://rice-rose.biz/,False,2025-05-23 08:03:48
3845,48992,200,2983,25,Desktop,cta_button,http://barnett.org/,False,2025-02-18 18:06:05
3846,17337,43,577,2,Tablet,description,http://castro.info/,False,2025-07-18 20:10:09
3847,47859,15,4857,1,Mobile,image,http://www.hall.biz/,True,2025-09-29 06:48:43
3848,24196,99,3718,37,Desktop,cta_button,http://www.mccarthy.com/,False,2025-01-17 17:01:27
3849,21255,141,145,1,Tablet,image,https://www.turner-hill.org/,False,2025-03-03 04:06:13
3850,22812,85,622,27,Mobile,image,http://wiley.com/,False,2025-05-22 06:32:23
3851,902,66,1442,23,Tablet,cta_button,http://nguyen.info/,False,2025-03-13 08:57:14
3852,9824,186,4105,37,Desktop,cta_button,https://lopez.com/,False,2025-04-05 22:06:33
3853,23762,145,783,32,Mobile,image,https://www.yang.info/,False,2025-06-22 10:47:17
3854,41163,84,72,28,Tablet,image,http://www.farrell.com/,False,2025-06-28 22:54:59
3855,34210,74,4633,34,Desktop,image,https://www.richardson-cohen.com/,True,2025-07-19 18:16:25
3856,5380,58,2494,11,Desktop,headline,http://www.rios.org/,False,2025-05-21 00:41:57
3857,43436,56,4216,1,Mobile,headline,https://www.jackson-bailey.net/,False,2025-01-30 15:43:47
3858,38842,128,1953,2,Mobile,image,http://williams-blevins.com/,False,2025-03-19 21:38:58
3859,32623,140,2472,1,Tablet,headline,http://www.davis-neal.com/,False,2025-02-18 19:36:02
3860,21240,151,3718,37,Desktop,cta_button,https://www.pierce-holloway.info/,False,2025-02-28 15:56:00
3861,26786,89,587,42,Desktop,image,http://cole-johnson.com/,False,2025-08-11 00:12:40
3862,40542,159,1562,8,Tablet,cta_button,https://cooper-gibbs.com/,False,2025-08-04 21:52:17
3863,42693,198,445,50,Tablet,image,https://gordon.com/,False,2025-01-29 16:29:53
3864,26331,151,3437,7,Desktop,cta_button,http://www.rivera.info/,False,2025-03-16 14:28:17
3865,42223,119,1015,38,Desktop,image,https://www.moore.org/,False,2025-03-18 15:31:12
3866,1027,177,1604,27,Desktop,cta_button,https://www.jarvis-williams.com/,False,2025-09-27 03:30:47
3867,33831,188,2975,22,Mobile,cta_button,http://murphy.com/,True,2025-02-10 23:01:59
3868,36021,54,3806,19,Desktop,description,http://ibarra-baker.net/,False,2025-01-04 08:00:07
3869,8686,29,1449,19,Desktop,cta_button,http://marshall.org/,False,2025-01-18 09:34:58
3870,7754,191,3743,40,Desktop,cta_button,http://jones.com/,False,2025-07-17 16:27:34
3871,29744,63,4112,43,Tablet,cta_button,https://www.moses-powell.com/,False,2025-07-30 09:58:47
3872,18149,38,3915,12,Mobile,description,http://mahoney.com/,False,2025-03-26 17:10:00
3873,47195,115,3759,25,Mobile,headline,http://www.sanchez.com/,False,2025-02-17 19:40:51
3874,10684,107,3271,24,Tablet,cta_button,https://nichols.com/,False,2025-08-31 04:05:07
3875,32,33,2975,22,Mobile,description,https://www.rivas.com/,False,2025-03-27 09:17:43
3876,3346,112,3269,40,Mobile,cta_button,http://www.daugherty-norris.org/,False,2025-04-17 19:52:18
3877,47675,186,4231,17,Tablet,image,https://www.bauer-higgins.com/,True,2025-04-10 09:42:31
3878,45613,182,431,31,Desktop,image,http://www.martinez.com/,True,2025-07-06 19:13:08
3879,40358,146,73,30,Mobile,image,https://www.schmidt.com/,False,2025-08-30 19:41:24
3880,25306,140,4803,8,Tablet,cta_button,https://gilbert.org/,False,2025-02-15 05:23:35
3881,46480,44,2262,25,Tablet,headline,http://www.owens.net/,False,2025-07-31 16:07:45
3882,49487,32,4229,35,Tablet,cta_button,http://burke.net/,False,2025-08-10 19:25:25
3883,11177,27,4393,40,Mobile,description,http://www.hill-robertson.com/,False,2025-03-04 02:04:36
3884,49972,127,843,12,Mobile,description,https://www.love-anderson.biz/,False,2025-09-30 05:16:45
3885,15199,130,4236,13,Desktop,image,https://www.cook-mathis.com/,True,2025-07-23 13:40:26
3886,6350,118,4357,4,Tablet,description,http://www.simpson.net/,False,2025-06-16 19:18:22
3887,570,127,2918,11,Mobile,description,https://manning.com/,True,2025-09-28 09:12:48
3888,23187,22,1211,22,Desktop,headline,http://www.hill-williams.com/,False,2025-07-02 18:23:15
3889,8452,19,1068,49,Tablet,description,http://stout.com/,False,2025-08-16 11:15:09
3890,788,199,515,34,Tablet,cta_button,https://www.williams.org/,False,2025-06-03 10:08:56
3891,26492,187,4239,2,Desktop,description,https://becker.com/,True,2025-02-04 17:46:06
3892,23763,156,1567,25,Desktop,image,https://coffey.com/,True,2025-07-19 16:07:49
3893,1511,173,940,28,Tablet,headline,http://www.chase.com/,False,2025-09-24 09:33:33
3894,4454,6,3716,19,Tablet,image,http://www.nicholson-finley.com/,True,2025-04-14 17:37:47
3895,5082,100,7,20,Tablet,cta_button,https://landry.net/,False,2025-05-25 08:03:39
3896,9628,115,4217,48,Tablet,headline,https://www.crawford-marshall.net/,True,2025-02-23 15:45:57
3897,2829,130,1804,46,Tablet,image,https://wilson.org/,False,2025-07-29 18:18:20
3898,47363,100,925,17,Mobile,image,https://www.hess.info/,False,2025-06-04 08:25:20
3899,12829,138,495,1,Mobile,description,https://webb.net/,False,2025-08-22 20:58:34
3900,9947,48,2041,38,Tablet,cta_button,http://www.jones.com/,True,2025-05-27 14:00:49
3901,35224,51,145,1,Tablet,image,https://www.ferguson.net/,False,2025-09-11 20:39:17
3902,4470,19,833,28,Tablet,headline,https://franco.com/,False,2025-06-22 17:22:20
3903,42720,63,2021,41,Mobile,image,https://www.stanley.org/,False,2025-07-15 13:27:04
3904,18917,132,2074,49,Mobile,description,https://farley.com/,False,2025-07-11 09:53:07
3905,7507,133,1354,7,Tablet,headline,https://trujillo.com/,False,2025-02-11 07:35:52
3906,12585,45,3886,37,Mobile,description,https://www.mccall.biz/,False,2025-07-29 15:57:56
3907,6184,80,4038,34,Mobile,description,https://www.johnson.net/,False,2025-02-27 07:19:55
3908,5724,147,4306,45,Desktop,cta_button,https://smith-austin.org/,False,2025-03-24 11:59:43
3909,10399,196,3250,47,Tablet,description,https://murphy.com/,True,2025-07-31 15:56:35
3910,26935,129,4973,50,Mobile,image,https://www.bates-hernandez.com/,False,2025-02-08 15:00:40
3911,17583,86,1790,26,Desktop,image,http://mueller.info/,False,2025-09-12 02:52:24
3912,4660,174,1461,5,Tablet,headline,https://www.mitchell.biz/,True,2025-09-16 18:20:43
3913,3641,11,3120,10,Tablet,cta_button,https://rodriguez.com/,False,2025-09-26 19:31:48
3914,33695,31,2548,3,Mobile,headline,http://www.olsen.net/,False,2025-04-16 10:52:48
3915,43977,60,1943,26,Tablet,image,http://www.jones.net/,True,2025-08-02 08:12:54
3916,17838,183,2838,21,Tablet,description,http://www.porter.com/,False,2025-10-08 18:24:38
3917,5794,182,3396,36,Desktop,headline,https://vaughan.com/,False,2025-08-08 14:06:37
3918,23121,154,3563,11,Tablet,description,https://adams-neal.info/,False,2025-08-15 21:48:30
3919,47086,108,1078,24,Mobile,image,https://www.glover.com/,False,2025-03-22 20:54:27
3920,42947,167,2177,23,Mobile,image,https://vasquez.com/,False,2025-04-28 11:54:58
3921,10734,74,936,2,Mobile,image,https://www.berry.net/,False,2025-07-02 21:57:52
3922,30183,85,4943,5,Tablet,headline,https://www.willis.com/,False,2025-05-30 06:06:19
3923,18258,24,4081,9,Tablet,cta_button,https://webb-mccoy.com/,False,2025-09-08 10:05:51
3924,8116,96,4705,41,Desktop,cta_button,http://anderson-anderson.com/,False,2025-09-24 10:02:53
3925,999,12,4295,4,Tablet,description,https://www.austin-hampton.org/,False,2025-05-08 08:29:40
3926,4999,139,3695,47,Desktop,description,http://powers-west.biz/,False,2025-01-01 09:15:21
3927,20133,102,4650,14,Desktop,headline,https://torres.com/,True,2025-01-31 10:45:37
3928,37698,181,2910,33,Tablet,description,http://www.rodriguez.org/,False,2025-01-29 15:53:49
3929,31902,101,4045,21,Tablet,headline,https://www.christian.org/,False,2025-04-13 20:21:12
3930,23385,4,2516,14,Mobile,cta_button,http://www.suarez.com/,False,2025-06-11 20:11:26
3931,15464,111,706,8,Desktop,headline,http://www.stevens-olson.info/,False,2025-06-14 10:04:44
3932,8202,62,1228,48,Mobile,description,https://www.sanders.com/,False,2025-09-11 21:23:50
3933,34174,181,4399,33,Tablet,headline,https://gordon-thompson.com/,True,2025-01-30 23:36:52
3934,14626,51,4182,28,Desktop,description,http://rios.com/,True,2025-09-11 17:39:10
3935,20147,25,80,28,Desktop,headline,http://david.com/,True,2025-01-22 08:28:15
3936,21556,183,4569,46,Mobile,cta_button,https://www.williams.com/,False,2025-10-13 18:44:42
3937,11949,176,2842,25,Desktop,image,http://johns.info/,False,2025-04-12 23:13:17
3938,1939,50,478,31,Tablet,cta_button,https://parker-fisher.com/,False,2025-04-15 21:14:43
3939,44846,101,4405,36,Mobile,headline,http://www.little-scott.info/,False,2025-04-04 11:23:08
3940,13531,161,3481,31,Mobile,description,http://www.anderson.com/,False,2025-08-12 07:42:34
3941,19850,11,3566,35,Mobile,image,http://vega.info/,True,2025-09-26 20:01:27
3942,20529,134,3428,4,Tablet,headline,http://marshall-joseph.com/,False,2025-04-19 11:41:59
3943,17076,106,4870,9,Tablet,image,http://mckenzie.com/,False,2025-09-10 21:41:22
3944,2105,172,1213,31,Tablet,headline,http://www.park.info/,False,2025-09-18 17:32:04
3945,11503,117,2364,2,Desktop,headline,https://pena-joseph.net/,False,2025-07-26 11:43:33
3946,42722,126,898,38,Mobile,image,http://www.patel-gibbs.net/,False,2025-08-23 19:31:13
3947,30240,187,3646,15,Mobile,cta_button,https://steele-vaughn.info/,False,2025-02-05 18:56:07
3948,18766,99,4092,20,Mobile,headline,https://www.curry.com/,False,2025-01-14 06:11:42
3949,9709,98,995,40,Mobile,image,http://www.hodge-evans.com/,False,2025-09-06 23:01:17
3950,40055,182,3114,44,Desktop,description,http://salinas-wagner.com/,False,2025-07-10 08:53:34
3951,26592,185,402,37,Mobile,cta_button,http://graves.biz/,False,2025-03-29 08:50:55
3952,39086,96,1992,7,Tablet,description,https://lawrence.com/,False,2025-08-27 08:34:03
3953,32050,3,2528,26,Mobile,image,https://www.sanchez.biz/,False,2025-05-01 09:53:14
3954,44138,65,4370,47,Mobile,description,https://www.goodman-leach.biz/,False,2025-09-08 10:34:14
3955,18183,91,4215,45,Mobile,image,https://www.spencer.com/,False,2025-08-14 10:41:53
3956,6487,134,4429,35,Desktop,headline,http://www.mckinney.com/,False,2025-04-25 08:22:13
3957,35266,12,3579,12,Tablet,cta_button,http://johnson-miller.com/,False,2025-05-06 23:07:24
3958,23610,70,4270,24,Mobile,headline,http://garcia.com/,False,2025-07-23 09:51:11
3959,45765,43,946,23,Mobile,image,http://www.foley.biz/,False,2025-07-18 15:58:16
3960,6531,92,615,26,Tablet,cta_button,http://www.vance.org/,False,2025-07-01 10:54:53
3961,11417,174,4769,41,Desktop,headline,http://paul-harding.com/,False,2025-09-15 04:36:40
3962,47664,172,3166,46,Mobile,description,http://mitchell-torres.biz/,False,2025-09-24 13:41:44
3963,41168,68,3319,32,Tablet,cta_button,http://www.neal.biz/,True,2025-06-13 20:10:19
3964,25208,105,736,18,Mobile,image,http://www.parrish.org/,False,2025-07-07 15:14:12
3965,19127,20,1394,3,Tablet,headline,http://www.thomas.biz/,False,2025-06-22 06:06:03
3966,44876,20,725,20,Desktop,headline,https://mack-hurst.info/,False,2025-06-28 18:49:03
3967,16794,26,2441,30,Tablet,cta_button,http://jacobson-harris.com/,True,2025-04-22 06:30:59
3968,1523,145,2413,44,Mobile,image,https://sweeney.net/,False,2025-06-22 15:29:50
3969,42786,71,949,33,Tablet,cta_button,https://banks.com/,False,2025-06-19 17:51:59
3970,49428,194,2232,46,Desktop,cta_button,https://www.foster-garcia.com/,False,2025-09-07 23:02:01
3971,46342,16,2333,24,Mobile,cta_button,http://frey.com/,False,2025-03-04 08:19:56
3972,3556,179,480,47,Tablet,image,https://www.alexander.com/,False,2025-08-16 16:57:56
3973,4785,166,2102,19,Tablet,description,http://alexander.com/,True,2025-05-02 20:17:03
3974,47687,109,3724,47,Tablet,cta_button,http://lewis.org/,False,2025-03-09 19:36:06
3975,39384,33,4495,29,Mobile,image,http://www.davis.net/,False,2025-04-18 00:55:06
3976,22109,90,2389,20,Desktop,headline,https://www.lopez.com/,False,2025-10-03 07:57:02
3977,49976,113,1364,8,Mobile,image,https://www.vasquez.com/,False,2025-06-25 05:44:57
3978,13657,34,4338,40,Mobile,cta_button,https://soto.com/,False,2025-06-12 13:09:03
3979,3917,119,3583,34,Mobile,headline,http://www.barrera-long.org/,False,2025-02-03 16:26:15
3980,7199,16,2484,6,Tablet,cta_button,http://bowman.biz/,False,2025-03-03 14:21:29
3981,40559,116,921,44,Tablet,headline,https://www.brooks-morales.com/,False,2025-07-30 19:35:53
3982,46268,5,476,39,Tablet,description,http://obrien.com/,False,2025-09-08 12:39:33
3983,19015,135,1962,31,Mobile,cta_button,https://drake-johnston.net/,False,2025-07-11 13:21:53
3984,18649,123,156,43,Desktop,description,http://vasquez.com/,False,2025-03-24 07:24:26
3985,15986,33,2310,31,Desktop,cta_button,http://www.miller.com/,True,2025-03-30 05:26:11
3986,23673,171,2765,44,Mobile,image,https://www.mitchell.info/,False,2025-03-21 13:26:12
3987,37617,82,1906,49,Mobile,description,https://www.brooks.com/,False,2025-09-23 06:50:03
3988,33828,27,3416,22,Tablet,description,https://www.jackson-martin.net/,True,2025-02-25 22:53:13
3989,6200,194,1311,1,Desktop,image,https://benton.com/,False,2025-09-17 09:19:47
3990,13158,54,4846,27,Mobile,headline,http://www.duran-carney.com/,False,2025-01-03 09:47:34
3991,18991,90,1010,17,Tablet,cta_button,https://ramos-ward.org/,False,2025-10-12 10:47:08
3992,9213,200,3815,39,Mobile,cta_button,https://www.hernandez.net/,False,2025-02-18 23:52:10
3993,323,168,614,31,Desktop,cta_button,http://www.reynolds-reyes.biz/,False,2025-10-15 19:47:01
3994,23219,103,2693,27,Mobile,image,https://mullins-wong.com/,False,2025-08-17 10:01:29
3995,40759,35,434,48,Mobile,image,https://www.mosley-smith.com/,False,2025-06-07 12:34:26
3996,10782,182,2633,37,Tablet,cta_button,http://tran.com/,False,2025-08-04 20:37:38
3997,14063,128,3906,34,Tablet,description,http://valenzuela-pena.com/,True,2025-03-17 16:49:30
3998,15037,194,3732,29,Tablet,image,http://bird-fisher.com/,False,2025-09-21 19:17:36
3999,24783,120,2018,37,Mobile,image,http://www.davis.org/,False,2025-03-16 08:14:44
4000,48457,98,2857,19,Desktop,image,https://camacho-foster.com/,False,2025-08-31 11:38:33
4001,9726,104,4730,30,Desktop,cta_button,http://www.mcgee-deleon.net/,True,2025-04-16 12:24:06
4002,28628,32,206,40,Desktop,cta_button,https://torres-rodriguez.net/,False,2025-08-13 17:21:37
4003,15092,139,2837,3,Mobile,description,http://carson.biz/,False,2025-01-20 08:33:22
4004,4376,85,2667,44,Tablet,cta_button,https://www.hughes.com/,False,2025-05-31 21:21:39
4005,25012,2,2768,41,Desktop,description,http://perry-maxwell.com/,False,2025-01-18 09:33:31
4006,27801,190,2871,44,Mobile,image,http://rodriguez.com/,True,2025-06-14 23:15:29
4007,18850,160,1168,13,Desktop,headline,https://www.khan-thomas.com/,False,2025-07-07 11:45:32
4008,25973,27,1153,40,Tablet,description,https://anderson.com/,False,2025-02-25 19:34:00
4009,28242,9,591,10,Desktop,cta_button,http://www.stone.org/,False,2025-01-08 21:02:16
4010,36550,61,4357,4,Tablet,headline,http://mcdonald-sanders.info/,False,2025-02-14 12:35:58
4011,30250,184,1770,33,Mobile,cta_button,http://smith.com/,False,2025-05-01 10:30:47
4012,46649,182,3082,6,Desktop,cta_button,https://www.lucas.info/,False,2025-06-24 09:10:54
4013,37741,36,128,30,Tablet,cta_button,https://cummings.com/,False,2025-08-21 20:41:52
4014,27799,62,4808,48,Mobile,cta_button,http://conway.info/,False,2025-09-09 14:27:52
4015,16880,63,3604,48,Tablet,description,https://www.garcia.com/,False,2025-07-11 14:02:05
4016,21432,104,3719,36,Tablet,headline,https://www.phillips-griffith.com/,False,2025-03-08 12:09:09
4017,44323,141,4682,12,Desktop,cta_button,https://www.perry.info/,False,2025-03-07 18:16:59
4018,44266,80,1329,9,Mobile,image,http://phillips.com/,False,2025-03-01 12:13:10
4019,41022,77,2108,21,Tablet,image,https://mcgee-wise.net/,False,2025-10-16 09:48:15
4020,14233,181,1590,18,Mobile,cta_button,http://barber.com/,True,2025-01-28 21:10:32
4021,22904,149,1265,9,Tablet,cta_button,http://alvarez.com/,False,2025-08-24 12:13:37
4022,38119,112,841,39,Mobile,image,https://www.sharp-washington.com/,False,2025-04-03 18:28:14
4023,32108,100,2139,5,Mobile,image,https://coleman.com/,False,2025-05-20 18:49:27
4024,20659,141,1297,15,Mobile,headline,https://gregory.net/,False,2025-03-05 22:03:18
4025,44533,93,4515,37,Mobile,cta_button,https://johnson.com/,False,2025-03-18 09:03:26
4026,38472,172,3324,39,Desktop,cta_button,https://hicks.com/,False,2025-09-19 09:39:04
4027,26624,20,1465,33,Mobile,image,http://www.evans-sanchez.com/,False,2025-06-25 20:08:25
4028,38227,176,4919,42,Desktop,description,https://sawyer-frederick.com/,False,2025-04-11 22:45:40
4029,35369,141,301,21,Mobile,headline,http://www.wright.com/,False,2025-03-04 12:10:15
4030,16143,104,4647,11,Tablet,cta_button,http://klein.com/,False,2025-03-07 11:33:07
4031,35819,104,4389,43,Tablet,cta_button,http://king.com/,False,2025-04-28 14:45:04
4032,3137,109,326,42,Tablet,headline,https://torres.com/,True,2025-03-09 16:14:41
4033,27923,196,3805,7,Mobile,image,http://www.stout.com/,True,2025-07-22 17:52:29
4034,10522,53,1076,13,Tablet,description,http://waters.com/,False,2025-06-25 20:28:45
4035,11635,7,4797,7,Tablet,headline,https://fox.net/,True,2025-06-21 12:52:36
4036,10765,144,1124,2,Tablet,description,http://benton.info/,False,2025-04-21 16:31:09
4037,27627,80,495,1,Mobile,cta_button,http://www.pierce.com/,False,2025-03-04 22:51:28
4038,16109,119,3875,44,Mobile,description,http://villarreal-turner.org/,False,2025-03-13 20:46:28
4039,15268,165,1485,22,Desktop,cta_button,https://acosta.com/,False,2025-06-04 19:28:34
4040,37916,71,3759,25,Mobile,cta_button,http://www.koch.com/,False,2025-06-10 22:23:17
4041,23379,147,1552,10,Mobile,cta_button,http://www.lyons-barber.com/,False,2025-04-23 22:55:24
4042,18756,142,4727,45,Desktop,description,https://brown.com/,False,2025-01-16 08:02:33
4043,35995,65,1976,34,Mobile,cta_button,https://sanchez.biz/,False,2025-08-30 13:23:08
4044,18899,73,2342,25,Mobile,headline,https://campos.com/,False,2025-08-07 19:14:09
4045,29443,124,2207,6,Mobile,image,https://reynolds.com/,True,2025-08-11 23:52:02
4046,40246,193,4326,29,Mobile,description,https://tapia-walker.info/,False,2025-07-08 13:53:08
4047,21309,51,4384,39,Desktop,headline,https://hall-hernandez.org/,False,2025-09-08 00:50:38
4048,38526,111,626,7,Mobile,image,http://williams.com/,False,2025-06-14 09:03:59
4049,41781,46,4091,28,Mobile,description,https://www.singleton.info/,False,2025-08-22 19:34:21
4050,49035,142,4947,14,Mobile,image,https://kaufman.com/,False,2025-01-25 01:00:33
4051,28972,47,1115,18,Desktop,description,https://potter-li.info/,True,2025-10-17 21:47:04
4052,47530,12,1970,9,Tablet,cta_button,http://www.lopez.com/,True,2025-05-01 06:48:32
4053,35741,138,2897,2,Desktop,cta_button,https://wade.com/,False,2025-08-25 07:05:49
4054,24727,190,4173,5,Desktop,cta_button,http://www.duran.com/,False,2025-05-30 19:30:41
4055,24193,101,1164,29,Tablet,cta_button,http://white.com/,False,2025-04-14 08:24:11
4056,10788,87,771,8,Tablet,headline,http://mann.com/,False,2025-03-17 21:28:47
4057,16514,180,2894,29,Desktop,headline,http://beck.info/,False,2025-05-25 19:15:51
4058,21334,69,1349,40,Mobile,description,https://www.garcia.com/,True,2025-10-09 10:01:24
4059,31447,140,3142,20,Desktop,cta_button,http://www.williams.com/,False,2025-02-20 23:02:44
4060,9295,138,4026,29,Desktop,image,https://livingston-ward.com/,False,2025-08-22 19:44:40
4061,44373,120,1814,10,Mobile,cta_button,http://www.miller.net/,False,2025-03-27 13:21:35
4062,12356,171,2549,33,Desktop,description,https://www.rodriguez-stephens.info/,False,2025-03-31 08:34:08
4063,46119,172,463,9,Tablet,image,http://wilson.com/,False,2025-09-25 06:24:08
4064,32884,128,3082,6,Desktop,image,https://www.baker.info/,False,2025-03-20 06:16:11
4065,27665,200,2438,1,Desktop,image,https://anderson-anderson.com/,False,2025-02-26 10:44:21
4066,28460,94,4233,23,Tablet,image,http://hill.info/,False,2025-01-16 15:53:45
4067,15734,175,1553,33,Mobile,image,https://taylor-spencer.com/,False,2025-01-28 23:17:56
4068,49152,68,4062,17,Tablet,cta_button,https://www.sullivan.com/,False,2025-07-06 20:11:30
4069,48566,160,639,25,Desktop,image,https://www.barber-hall.net/,False,2025-07-05 15:15:22
4070,5091,172,1009,9,Desktop,headline,https://www.gutierrez.com/,True,2025-09-18 19:16:06
4071,47656,21,4578,32,Mobile,description,https://hale-lozano.com/,True,2025-07-19 20:05:51
4072,46267,89,1917,41,Tablet,cta_button,https://raymond.info/,False,2025-08-13 18:12:48
4073,16936,192,387,16,Desktop,cta_button,https://www.glenn.org/,False,2025-07-19 21:34:45
4074,14826,82,3802,30,Desktop,description,http://www.flores.com/,False,2025-09-21 20:55:00
4075,16371,185,2228,50,Mobile,cta_button,http://johnson.com/,False,2025-03-13 09:57:57
4076,22464,109,3682,32,Mobile,description,http://www.parsons.com/,False,2025-02-28 08:14:24
4077,14969,194,2074,49,Mobile,headline,https://bell-bradley.com/,False,2025-09-03 12:30:30
4078,13989,66,1113,41,Desktop,image,https://bishop.info/,False,2025-03-14 09:27:30
4079,49531,61,298,8,Desktop,cta_button,http://stark.com/,False,2025-02-21 17:10:16
4080,27631,2,2964,24,Desktop,description,https://parks.com/,False,2025-01-19 20:59:08
4081,30610,182,936,2,Mobile,cta_button,http://patel.org/,False,2025-06-29 14:09:48
4082,6386,159,4218,43,Desktop,image,https://foster-johnston.net/,False,2025-08-16 21:29:30
4083,12735,19,864,10,Mobile,description,https://butler.com/,False,2025-08-19 21:26:10
4084,2186,35,3071,21,Mobile,image,http://day-owens.net/,False,2025-06-06 10:23:13
4085,26392,192,3090,9,Desktop,image,http://www.hutchinson-cherry.net/,False,2025-06-09 08:27:40
4086,43155,64,42,27,Mobile,cta_button,http://www.franklin.com/,False,2025-09-23 12:47:50
4087,47633,92,4574,17,Desktop,cta_button,https://www.pacheco.org/,False,2025-07-15 20:22:38
4088,1144,199,784,20,Tablet,headline,https://kaufman-flores.com/,False,2025-05-05 09:01:00
4089,10224,137,707,41,Desktop,cta_button,https://thomas.com/,False,2025-02-03 08:57:36
4090,44287,184,3611,8,Desktop,cta_button,http://www.coleman.com/,False,2025-05-11 19:23:26
4091,49791,34,954,17,Mobile,headline,https://www.greer.com/,False,2025-06-20 11:39:09
4092,17782,117,1382,47,Desktop,cta_button,https://www.stewart.biz/,True,2025-08-01 16:19:37
4093,45576,5,3916,47,Desktop,headline,https://www.nelson.biz/,False,2025-09-18 08:29:27
4094,20070,166,3977,31,Mobile,cta_button,https://www.gibbs-french.com/,False,2025-05-03 20:18:17
4095,22588,135,2407,1,Tablet,cta_button,http://www.ponce.com/,False,2025-07-15 06:54:00
4096,31400,26,2960,41,Mobile,image,https://humphrey-johnson.com/,False,2025-04-15 07:02:46
4097,29259,4,2667,44,Tablet,cta_button,http://www.barnes-costa.net/,False,2025-06-18 16:29:47
4098,42974,32,3839,27,Tablet,headline,https://carter.com/,False,2025-07-28 11:04:03
4099,39891,60,4743,3,Mobile,headline,https://marquez.com/,True,2025-07-04 20:49:32
4100,23809,81,4258,8,Mobile,description,https://barnes.com/,False,2025-03-25 08:22:00
4101,47831,31,2646,31,Tablet,cta_button,https://lamb.com/,False,2025-04-06 21:23:04
4102,44504,169,616,42,Desktop,description,http://jackson.org/,False,2025-03-16 19:13:46
4103,28056,182,3560,50,Mobile,headline,https://summers.net/,False,2025-06-12 15:46:40
4104,44590,162,2364,2,Desktop,description,https://www.mayer.net/,True,2025-01-29 14:34:48
4105,34151,43,4883,37,Tablet,headline,https://www.meadows.info/,False,2025-08-02 13:00:52
4106,39205,39,4151,22,Tablet,cta_button,http://www.townsend-cooper.com/,False,2025-05-19 14:43:39
4107,4163,55,3380,17,Tablet,description,https://griffin.com/,False,2025-07-19 12:01:50
4108,10887,154,3399,4,Desktop,headline,https://mcclure.com/,False,2025-08-18 19:46:27
4109,13454,84,188,38,Tablet,description,http://www.odonnell.com/,False,2025-07-02 08:59:19
4110,44585,155,1391,40,Mobile,cta_button,https://simmons.com/,False,2025-08-01 17:15:11
4111,8146,107,3042,27,Mobile,description,http://www.miller-guerrero.com/,False,2025-08-26 17:52:58
4112,9109,114,4556,42,Desktop,description,https://www.shelton-wood.com/,False,2025-03-29 03:39:28
4113,49373,141,4162,35,Mobile,image,https://griffin.com/,False,2025-03-05 17:28:00
4114,3908,11,3247,11,Desktop,cta_button,https://thompson.org/,False,2025-10-09 09:38:07
4115,2575,166,2747,13,Mobile,cta_button,https://www.martin.net/,False,2025-05-03 21:52:24
4116,17692,97,3307,27,Desktop,image,https://www.watson.net/,False,2025-04-24 11:09:23
4117,44914,41,3494,19,Desktop,cta_button,http://morgan-king.net/,False,2025-09-15 21:26:14
4118,49962,86,1504,17,Desktop,image,http://sims.biz/,False,2025-08-08 14:34:53
4119,36622,187,2901,28,Desktop,description,https://perez-adams.com/,False,2025-02-04 17:23:27
4120,3512,24,4400,50,Mobile,cta_button,http://jones-martinez.com/,False,2025-10-16 08:32:14
4121,25900,58,2499,47,Mobile,headline,http://www.stark-bradley.com/,False,2025-05-17 07:12:20
4122,10768,31,660,42,Tablet,headline,http://www.robinson-charles.info/,False,2025-04-13 21:26:43
4123,224,33,4544,17,Desktop,headline,http://www.burton.info/,False,2025-03-25 20:01:46
4124,47429,66,2880,28,Desktop,headline,https://www.mcdaniel-wright.com/,False,2025-03-14 09:27:02
4125,45716,13,822,2,Desktop,description,http://www.santos.biz/,False,2025-01-21 18:27:08
4126,35467,120,185,41,Desktop,description,https://brown.info/,False,2025-02-25 23:40:46
4127,502,186,4863,6,Desktop,cta_button,http://www.kelly-russell.com/,False,2025-03-29 10:44:00
4128,34720,191,1999,11,Tablet,image,http://www.smith-valdez.com/,False,2025-08-04 15:14:16
4129,9956,74,2055,18,Mobile,headline,https://taylor.net/,True,2025-06-30 09:58:47
4130,40410,36,4417,29,Tablet,image,http://day-moore.com/,False,2025-08-15 21:12:59
4131,46511,174,153,33,Tablet,description,http://www.carpenter.com/,False,2025-09-18 11:09:01
4132,46244,116,3427,3,Desktop,description,https://www.williamson.org/,False,2025-07-31 09:49:25
4133,47907,122,4814,35,Tablet,description,http://www.munoz.com/,False,2025-04-10 09:02:19
4134,24420,176,4112,43,Tablet,description,https://www.jones-hicks.com/,True,2025-04-08 19:27:15
4135,19937,196,2571,41,Desktop,headline,http://phillips-mitchell.com/,False,2025-06-24 07:56:16
4136,4423,143,4261,18,Desktop,description,https://smith-hansen.com/,False,2025-06-13 21:49:47
4137,8917,148,2898,35,Desktop,image,https://torres-espinoza.com/,False,2025-06-02 10:49:49
4138,4632,172,2372,1,Desktop,description,http://www.zavala.net/,False,2025-09-20 09:08:58
4139,19278,124,4889,41,Desktop,description,https://www.maynard.org/,False,2025-08-13 19:34:39
4140,14667,127,4491,5,Desktop,image,https://www.clark.net/,False,2025-10-01 20:01:14
4141,3788,121,2547,7,Desktop,cta_button,https://www.flores.biz/,False,2025-09-24 09:08:08
4142,32753,183,900,31,Mobile,image,https://moran.com/,False,2025-10-16 07:05:03
4143,29058,13,2167,27,Mobile,description,https://chapman-scott.com/,False,2025-01-12 19:47:25
4144,2744,123,2878,22,Tablet,image,https://www.burns.com/,False,2025-03-21 18:25:13
4145,7354,54,4019,46,Mobile,cta_button,https://www.garcia-wells.com/,False,2025-01-05 12:38:58
4146,47996,30,825,46,Mobile,description,http://trujillo.com/,False,2025-02-21 22:35:36
4147,31366,177,4296,27,Tablet,headline,http://www.wheeler.com/,False,2025-10-29 19:12:12
4148,21181,116,2226,46,Mobile,description,http://www.evans.com/,False,2025-08-03 18:35:58
4149,3015,158,2429,23,Desktop,cta_button,https://www.padilla.com/,False,2025-05-24 20:33:05
4150,31855,170,4263,15,Desktop,headline,https://flores.com/,True,2025-08-06 12:06:17
4151,45519,69,1851,6,Tablet,headline,http://www.mcconnell.com/,True,2025-10-12 08:08:12
4152,26636,84,4630,13,Mobile,image,https://www.drake.biz/,False,2025-07-07 14:54:08
4153,36357,47,11,30,Tablet,image,http://murray-parker.com/,False,2025-09-10 09:11:22
4154,8681,21,899,43,Tablet,description,http://www.anthony.com/,False,2025-07-03 17:55:39
4155,1902,52,150,40,Desktop,description,http://www.christensen-walker.org/,False,2025-03-04 14:05:11
4156,15861,87,3556,24,Mobile,image,http://www.graves.biz/,False,2025-03-10 15:35:29
4157,46195,128,3113,8,Desktop,description,http://salazar-smith.com/,False,2025-03-15 22:59:16
4158,37856,105,674,40,Tablet,cta_button,http://www.cox.org/,True,2025-07-04 21:05:07
4159,36585,24,150,40,Desktop,description,http://green-griffith.org/,False,2025-08-25 21:49:50
4160,27144,73,3432,45,Mobile,cta_button,https://nelson-cabrera.com/,False,2025-08-10 19:44:37
4161,47529,108,1640,5,Mobile,headline,http://barry.com/,False,2025-03-21 19:23:30
4162,49643,103,3892,39,Tablet,description,http://www.smith.com/,False,2025-08-20 08:13:32
4163,40396,41,4117,14,Mobile,cta_button,http://tucker.com/,False,2025-09-02 05:29:20
4164,1813,7,3695,47,Desktop,headline,https://www.jones.net/,False,2025-04-18 08:57:33
4165,19491,33,4538,28,Tablet,image,https://www.taylor-wise.net/,False,2025-04-18 13:48:08
4166,24485,15,727,24,Mobile,description,http://castillo.com/,False,2025-09-28 08:18:55
4167,1138,125,3914,43,Tablet,cta_button,https://parks-brown.com/,False,2025-03-11 18:05:18
4168,6421,43,1117,43,Tablet,image,http://www.horton.biz/,False,2025-07-20 13:44:37
4169,47378,18,4428,49,Desktop,image,https://vargas.com/,False,2025-06-16 22:11:35
4170,37463,8,3460,2,Mobile,headline,https://www.robinson.com/,False,2025-02-25 11:31:04
4171,30997,24,1618,49,Tablet,cta_button,http://kim.com/,False,2025-08-20 08:10:19
4172,48930,16,181,5,Desktop,cta_button,http://carlson-dean.com/,False,2025-03-02 17:57:34
4173,49094,99,4160,27,Desktop,cta_button,https://www.gonzales.com/,False,2025-01-13 06:01:56
4174,25070,128,455,24,Mobile,image,https://keller.com/,False,2025-03-21 09:08:34
4175,16342,4,2450,50,Tablet,description,https://garner.info/,False,2025-06-12 11:33:22
4176,13680,100,3852,5,Tablet,description,https://andrews-wilson.net/,False,2025-05-27 05:51:33
4177,45192,89,4397,18,Mobile,headline,http://www.allison.net/,False,2025-08-08 16:23:36
4178,18705,137,2904,35,Desktop,headline,https://duncan.com/,False,2025-01-26 09:20:32
4179,3980,61,2275,6,Desktop,image,http://www.ramirez.com/,False,2025-02-25 16:13:51
4180,29994,165,2396,32,Tablet,description,http://wilson.com/,False,2025-06-13 21:52:50
4181,5682,90,3146,21,Tablet,headline,https://www.mckenzie-martinez.biz/,False,2025-10-18 21:12:59
4182,10592,28,1071,20,Desktop,image,http://www.ball-cunningham.com/,True,2025-10-15 19:41:11
4183,2354,109,4987,25,Desktop,image,https://www.vasquez.com/,False,2025-02-24 13:48:09
4184,5623,43,1318,2,Tablet,headline,https://klein-norman.net/,False,2025-07-13 09:55:04
4185,47438,11,1873,10,Desktop,image,https://perry.net/,False,2025-09-21 21:36:57
4186,19709,140,39,2,Desktop,cta_button,http://www.roberts.com/,False,2025-02-14 02:32:22
4187,28029,83,4868,18,Tablet,headline,http://walker-velasquez.info/,False,2025-06-15 22:44:31
4188,33425,1,3784,32,Desktop,cta_button,https://sharp-ponce.com/,False,2025-03-12 18:54:45
4189,40561,49,4561,41,Desktop,cta_button,https://www.aguirre.info/,True,2025-07-21 18:56:20
4190,46804,116,3384,18,Mobile,cta_button,http://gonzalez.biz/,False,2025-08-08 21:28:37
4191,35630,182,2504,13,Tablet,description,https://schultz.com/,False,2025-08-03 21:21:53
4192,24618,30,4857,1,Mobile,description,https://roberts-carroll.com/,False,2025-02-19 08:14:14
4193,40972,90,4488,15,Desktop,headline,http://hill.com/,False,2025-10-07 08:08:43
4194,45872,48,1174,31,Mobile,image,http://www.oconnor.com/,True,2025-06-24 20:06:41
4195,39787,190,2723,46,Mobile,headline,https://fields-coleman.com/,False,2025-06-20 07:09:46
4196,11408,176,4355,23,Mobile,cta_button,https://www.beasley.com/,False,2025-04-07 21:16:22
4197,39196,125,3071,21,Mobile,description,https://www.anderson-berg.com/,False,2025-02-23 09:01:35
4198,13706,24,1458,22,Tablet,image,https://adkins.com/,False,2025-09-23 08:07:44
4199,33111,179,2687,16,Desktop,image,http://graham.net/,False,2025-08-11 17:22:04
4200,18984,24,2448,43,Tablet,headline,http://www.jones-kennedy.net/,False,2025-08-21 18:59:42
4201,34232,81,2977,13,Mobile,headline,https://www.martinez.org/,False,2025-05-02 08:38:22
4202,1714,172,4098,5,Mobile,headline,http://www.mason.net/,False,2025-09-20 14:53:57
4203,29777,126,285,30,Mobile,description,https://www.cole.com/,False,2025-09-25 15:04:05
4204,24526,164,1524,11,Tablet,headline,http://tate-turner.com/,False,2025-11-23 12:51:04
4205,40589,81,1602,40,Mobile,image,http://sellers.org/,False,2025-03-15 17:50:06
4206,38568,76,2385,16,Mobile,headline,https://www.lane-jones.info/,False,2025-06-21 19:55:06
4207,36797,73,618,7,Tablet,cta_button,http://www.campbell.info/,True,2025-08-09 20:29:43
4208,26293,151,2367,33,Desktop,cta_button,http://www.shaw.com/,False,2025-03-22 20:56:07
4209,42403,196,1536,21,Desktop,description,http://www.good.com/,False,2025-08-01 10:39:38
4210,22195,104,4845,21,Tablet,image,http://www.jenkins-davis.com/,False,2025-03-04 11:20:43
4211,8461,55,1931,28,Mobile,description,http://www.mitchell.com/,False,2025-08-03 20:22:16
4212,30594,79,1523,6,Tablet,cta_button,http://macdonald.com/,False,2025-04-24 20:57:05
4213,48944,6,96,43,Tablet,image,http://www.bennett-smith.net/,False,2025-04-18 05:37:50
4214,3728,154,2104,8,Desktop,description,https://oconnell.org/,False,2025-08-17 20:35:44
4215,44159,20,3408,33,Mobile,description,https://www.morales-douglas.com/,False,2025-06-30 12:43:41
4216,17550,13,4117,14,Mobile,description,http://wood-lowe.com/,False,2025-01-13 07:57:45
4217,34855,76,4529,12,Desktop,headline,http://www.thomas.info/,False,2025-06-29 08:56:27
4218,20617,62,4140,23,Desktop,image,https://www.hughes.com/,False,2025-09-12 23:35:21
4219,45553,130,3905,44,Tablet,cta_button,http://www.butler.com/,False,2025-07-29 11:56:36
4220,13339,6,1583,30,Mobile,image,https://wallace.org/,False,2025-04-15 22:01:39
4221,21333,49,1986,4,Mobile,description,https://smith.biz/,False,2025-07-22 17:52:22
4222,43369,44,3679,30,Tablet,headline,https://www.lam.info/,False,2025-09-06 17:59:22
4223,9797,185,543,4,Desktop,headline,https://www.madden-gomez.biz/,False,2025-04-08 21:16:18
4224,1065,82,4495,29,Mobile,headline,https://www.taylor.com/,False,2025-09-25 16:46:07
4225,24335,8,4233,23,Tablet,cta_button,http://www.wang-ellison.com/,True,2025-02-28 20:37:48
4226,22200,174,4137,5,Tablet,headline,http://www.banks.com/,False,2025-09-14 21:10:51
4227,35648,15,1376,34,Desktop,image,http://www.cruz.biz/,False,2025-09-29 16:56:16
4228,19641,51,3768,32,Tablet,image,http://kemp.net/,False,2025-09-06 21:08:23
4229,9666,127,3654,9,Desktop,image,http://hart.com/,False,2025-10-02 09:03:06
4230,10445,22,2247,16,Tablet,headline,https://www.phillips-meadows.net/,True,2025-07-17 23:37:11
4231,24511,130,4845,21,Tablet,cta_button,http://www.montoya.info/,False,2025-07-24 19:47:45
4232,20952,127,3777,17,Tablet,cta_button,https://www.chen-anthony.com/,False,2025-09-25 17:08:42
4233,49704,151,1632,39,Mobile,description,http://joseph.info/,False,2025-03-02 23:13:37
4234,45741,64,1813,8,Desktop,cta_button,http://www.lynch.info/,False,2025-09-24 19:50:27
4235,24088,166,3803,42,Tablet,headline,http://www.brock.com/,False,2025-04-29 07:41:16
4236,39143,53,4177,26,Desktop,cta_button,https://castillo.com/,False,2025-06-18 19:30:04
4237,38823,152,2973,41,Mobile,headline,http://jones.org/,False,2025-03-30 05:49:06
4238,6915,81,3570,39,Desktop,headline,http://www.sharp-page.com/,False,2025-03-23 21:45:44
4239,19281,151,866,46,Mobile,headline,http://perez.com/,False,2025-03-09 13:16:17
4240,15503,177,2645,10,Desktop,headline,http://www.perry.com/,False,2025-10-08 20:57:24
4241,28635,134,1138,31,Desktop,image,http://taylor-anderson.com/,False,2025-04-22 07:19:40
4242,17300,31,4010,22,Tablet,description,http://juarez.com/,False,2025-04-05 18:07:23
4243,33470,119,3138,38,Desktop,headline,http://white.com/,True,2025-04-10 08:17:22
4244,25576,194,3503,25,Mobile,headline,http://munoz.com/,False,2025-09-11 15:50:33
4245,8465,171,543,4,Desktop,description,https://english.com/,False,2025-03-22 10:51:19
4246,25762,74,3550,41,Desktop,description,http://www.snyder-wu.com/,False,2025-07-20 21:33:32
4247,8392,145,973,2,Desktop,cta_button,https://gould.com/,False,2025-06-24 09:14:14
4248,1788,187,2595,7,Tablet,headline,http://www.yates.org/,False,2025-02-03 21:37:21
4249,27143,114,1924,49,Mobile,image,https://yang-lowe.org/,False,2025-04-06 22:16:18
4250,49957,149,1728,8,Tablet,cta_button,http://www.walker.com/,False,2025-08-22 05:18:47
4251,18054,100,272,34,Mobile,description,https://marshall-browning.info/,True,2025-05-20 18:03:01
4252,12695,186,1776,22,Mobile,headline,http://williams.com/,True,2025-03-31 09:17:00
4253,11163,76,3281,15,Mobile,image,http://soto.net/,False,2025-08-13 21:17:47
4254,49615,120,1033,2,Desktop,headline,http://www.ford-mcmillan.biz/,False,2025-03-13 03:17:36
4255,24430,71,1571,42,Mobile,description,https://cole-davis.info/,False,2025-06-27 20:39:07
4256,10690,26,3017,34,Desktop,cta_button,http://salas-underwood.com/,False,2025-05-01 21:31:24
4257,41531,124,4934,16,Tablet,image,http://walker.com/,False,2025-08-09 20:05:58
4258,28025,19,3214,39,Mobile,headline,http://white.org/,False,2025-07-20 21:23:36
4259,21838,130,336,29,Desktop,description,http://www.harris-tate.info/,False,2025-07-25 01:38:08
4260,37817,151,3949,35,Tablet,description,http://www.white.net/,False,2025-03-24 08:22:21
4261,410,68,1088,11,Desktop,headline,https://www.smith-lin.com/,False,2025-07-06 16:07:32
4262,42550,23,1270,40,Desktop,headline,http://www.singleton.com/,False,2025-02-11 20:54:38
4263,48770,109,2138,11,Desktop,description,https://www.young.info/,False,2025-02-19 21:44:08
4264,39204,141,3609,6,Mobile,image,https://www.morton.org/,False,2025-03-06 20:28:59
4265,32620,157,1088,11,Desktop,description,https://www.bennett.com/,False,2025-01-24 05:29:54
4266,17308,66,4762,36,Mobile,image,https://www.martinez.com/,False,2025-03-15 09:04:24
4267,14764,5,3352,40,Desktop,description,http://www.hall-hall.com/,False,2025-09-13 05:53:02
4268,18471,125,3877,41,Mobile,headline,https://castillo.com/,False,2025-02-08 13:49:16
4269,21396,55,4720,26,Tablet,cta_button,http://www.donovan.com/,False,2025-09-08 08:22:46
4270,16646,84,3885,23,Tablet,image,http://www.fields.com/,False,2025-07-06 10:36:30
4271,10198,63,10,13,Mobile,headline,https://brown.net/,False,2025-07-21 09:29:52
4272,10117,133,4683,7,Tablet,cta_button,http://may-orozco.org/,True,2025-01-29 20:10:58
4273,28603,156,4588,35,Desktop,description,https://manning.com/,False,2025-07-20 13:09:42
4274,41503,135,151,43,Tablet,image,https://www.johnson.com/,False,2025-06-30 10:16:29
4275,16834,45,1176,9,Desktop,cta_button,https://www.porter.info/,False,2025-08-10 09:45:27
4276,23587,104,3170,27,Mobile,cta_button,http://jones.com/,True,2025-02-11 17:17:21
4277,44116,130,144,12,Desktop,description,http://orr-collins.net/,False,2025-07-25 21:38:16
4278,10141,104,3795,49,Desktop,image,https://coleman.net/,False,2025-03-16 18:57:21
4279,45536,98,2409,35,Mobile,image,http://barker.biz/,False,2025-08-28 10:41:01
4280,38180,54,2139,5,Mobile,image,http://www.barber.com/,False,2025-01-01 16:13:18
4281,33104,158,3768,32,Tablet,image,http://thomas.info/,False,2025-05-26 07:44:38
4282,40701,37,3334,34,Tablet,cta_button,http://mcpherson-mccarty.com/,False,2025-01-05 14:26:55
4283,16562,22,2898,35,Desktop,headline,http://evans.org/,False,2025-07-15 13:04:55
4284,3814,128,1263,32,Mobile,cta_button,https://www.turner.com/,True,2025-03-16 21:56:59
4285,31600,80,2889,29,Tablet,description,https://www.floyd.com/,False,2025-03-09 17:58:18
4286,44284,92,3632,50,Tablet,headline,https://www.buckley-greene.com/,False,2025-07-06 21:43:03
4287,24799,182,1509,7,Tablet,description,https://bryant.org/,False,2025-07-17 23:55:43
4288,36010,137,138,40,Desktop,headline,https://douglas.com/,False,2025-01-24 13:54:35
4289,2188,35,3166,46,Mobile,description,http://weber.biz/,False,2025-06-02 01:36:22
4290,8787,3,4859,7,Desktop,image,https://www.smith.com/,False,2025-04-25 18:43:19
4291,13424,135,168,17,Mobile,headline,https://www.glass.net/,False,2025-06-22 10:18:46
4292,11835,80,2031,20,Mobile,cta_button,http://brown.com/,False,2025-03-11 10:31:34
4293,934,178,4446,28,Tablet,headline,http://www.jones.com/,False,2025-06-13 05:36:45
4294,28481,187,419,8,Desktop,cta_button,https://holder-bell.com/,False,2025-02-06 13:07:33
4295,21385,5,1385,13,Mobile,description,https://reynolds.com/,False,2025-09-13 10:33:17
4296,2128,161,2896,11,Tablet,cta_button,http://www.mayo.org/,False,2025-09-15 09:46:06
4297,46425,141,316,13,Mobile,headline,http://peterson.com/,False,2025-03-05 21:23:15
4298,10501,4,2824,8,Desktop,image,https://www.turner.info/,False,2025-06-12 08:43:41
4299,41253,78,150,40,Desktop,description,https://www.baker.com/,True,2025-03-23 21:11:46
4300,27905,192,3724,47,Tablet,description,http://www.johnston.com/,False,2025-07-17 19:00:27
4301,2855,14,2177,23,Mobile,description,http://hendrix-johnson.com/,True,2025-02-25 19:09:32
4302,20699,195,3170,27,Mobile,headline,http://gardner.biz/,True,2025-01-23 08:53:12
4303,47375,175,4166,8,Tablet,cta_button,http://www.olsen.com/,False,2025-01-26 17:12:24
4304,26262,66,153,33,Tablet,cta_button,http://colon.com/,False,2025-03-13 20:05:04
4305,2854,29,920,2,Desktop,image,http://whitaker.com/,False,2025-01-16 03:32:22
4306,20082,52,2495,1,Mobile,cta_button,https://www.sanders.com/,False,2025-02-27 06:42:50
4307,10017,182,3161,44,Desktop,cta_button,http://www.hernandez-lewis.com/,True,2025-06-21 07:08:18
4308,29960,30,3782,40,Tablet,headline,http://miller-malone.com/,False,2025-03-02 10:47:44
4309,10963,100,2353,36,Desktop,headline,http://kemp-green.biz/,False,2025-05-30 06:49:19
4310,20275,145,1528,35,Mobile,image,https://wise.com/,False,2025-06-26 09:12:51
4311,11776,199,3126,20,Tablet,headline,https://jones-medina.com/,False,2025-03-13 20:20:24
4312,7903,14,280,17,Mobile,headline,https://www.sanchez.com/,False,2025-02-09 15:44:01
4313,12992,182,3802,30,Desktop,description,https://www.pierce.org/,False,2025-08-06 19:25:04
4314,31246,92,4848,26,Mobile,cta_button,http://martin.org/,False,2025-07-13 11:06:50
4315,19811,54,775,28,Mobile,cta_button,http://www.ramirez.com/,False,2025-01-05 20:06:28
4316,1201,31,4679,7,Mobile,image,http://www.rodriguez.com/,True,2025-04-13 11:50:42
4317,38685,155,3597,16,Tablet,cta_button,https://soto.com/,True,2025-08-20 08:17:20
4318,2897,84,3808,30,Tablet,headline,https://casey-brooks.com/,False,2025-07-05 20:12:57
4319,7805,39,3866,27,Tablet,description,https://bender.com/,False,2025-05-20 15:47:44
4320,26352,57,1589,19,Mobile,headline,https://hudson.com/,True,2025-08-14 18:55:32
4321,20755,48,4515,37,Mobile,headline,https://www.robinson-palmer.com/,False,2025-06-16 09:49:25
4322,5026,49,59,35,Desktop,cta_button,https://blake-smith.com/,False,2025-07-03 10:32:00
4323,43856,170,3923,24,Desktop,image,http://www.farrell.com/,True,2025-07-28 07:30:25
4324,39490,134,3523,21,Desktop,description,http://www.walker.com/,False,2025-04-19 19:39:05
4325,17774,163,487,7,Tablet,image,http://thornton.info/,False,2025-09-30 14:31:40
4326,25689,127,4737,27,Desktop,description,https://www.cruz.com/,False,2025-10-02 18:30:51
4327,32498,3,3072,50,Tablet,image,http://hughes.org/,False,2025-05-15 20:49:23
4328,49931,137,1681,34,Desktop,image,http://www.turner-french.org/,False,2025-02-05 18:37:02
4329,6222,124,616,42,Desktop,description,https://www.dawson-mejia.info/,True,2025-08-13 20:41:41
4330,46033,150,4945,16,Desktop,cta_button,http://patton.biz/,False,2025-04-20 11:50:55
4331,20671,146,2165,32,Desktop,description,https://jacobs.com/,False,2025-09-09 11:31:12
4332,39867,131,1183,36,Tablet,image,http://www.matthews.com/,False,2025-08-14 20:39:45
4333,40063,188,1317,15,Mobile,cta_button,https://perez.info/,True,2025-02-05 10:13:24
4334,32668,143,764,8,Mobile,description,https://hart.com/,False,2025-07-25 19:48:56
4335,41482,30,3018,39,Tablet,headline,https://www.hall-woodward.com/,False,2025-02-26 17:39:55
4336,25407,70,4194,8,Desktop,description,https://www.stewart.info/,True,2025-08-01 06:29:08
4337,14596,78,2287,22,Desktop,headline,https://www.sutton.net/,True,2025-03-05 10:12:54
4338,31120,36,2155,8,Mobile,cta_button,https://www.johnson.com/,False,2025-08-12 08:46:16
4339,41622,112,4808,48,Mobile,description,https://www.graham.com/,False,2025-06-09 19:53:39
4340,1290,193,143,13,Tablet,cta_button,http://mendoza.com/,True,2025-07-09 14:27:47
4341,47488,23,2611,4,Mobile,description,http://castaneda.net/,False,2025-02-14 09:56:42
4342,23664,71,575,21,Desktop,headline,http://www.johnson.com/,False,2025-06-30 18:23:53
4343,425,47,3217,5,Desktop,image,http://gomez.biz/,False,2025-08-23 21:45:45
4344,13373,134,347,42,Tablet,image,https://www.steele.com/,False,2025-04-17 06:05:22
4345,29412,125,2671,4,Desktop,image,http://ochoa.com/,False,2025-03-15 19:18:27
4346,23051,84,2077,23,Mobile,cta_button,http://butler.org/,False,2025-06-29 05:15:51
4347,36910,43,3296,46,Mobile,cta_button,https://www.garner.com/,False,2025-07-22 22:56:52
4348,49754,24,2894,29,Desktop,description,http://gilmore.com/,False,2025-09-05 15:10:56
4349,6866,154,1666,31,Desktop,image,https://collins-fisher.com/,False,2025-08-14 10:42:47
4350,45039,41,1397,10,Mobile,headline,https://www.reyes-joseph.com/,False,2025-09-18 20:16:17
4351,32273,64,3884,7,Tablet,image,https://www.rogers-woodward.com/,False,2025-09-25 14:13:40
4352,1170,27,3118,46,Tablet,headline,https://www.tucker-ortiz.biz/,False,2025-03-07 13:42:52
4353,22269,127,4378,9,Desktop,headline,http://burton.info/,False,2025-09-30 20:14:53
4354,49678,180,3263,27,Tablet,cta_button,https://jones.com/,False,2025-04-22 19:16:47
4355,2074,76,3521,19,Desktop,description,https://www.robinson-blackwell.com/,True,2025-08-04 11:49:48
4356,38989,122,3870,4,Mobile,cta_button,http://clarke.biz/,False,2025-04-09 01:53:53
4357,42323,143,2895,16,Tablet,cta_button,https://www.steele-reynolds.org/,False,2025-07-06 11:35:21
4358,29282,63,2762,23,Mobile,description,https://dickerson-rios.com/,True,2025-07-23 21:19:12
4359,16113,160,4034,35,Mobile,headline,https://cunningham-clayton.biz/,True,2025-07-13 09:01:04
4360,28284,102,4000,26,Mobile,cta_button,http://www.sanchez.net/,False,2025-02-01 19:10:03
4361,47433,155,1509,7,Tablet,image,http://www.jones.info/,False,2025-08-04 12:16:36
4362,8536,172,1639,41,Desktop,description,http://www.brown.com/,False,2025-09-21 21:38:05
4363,38322,7,2659,37,Tablet,description,http://collins-mitchell.com/,False,2025-04-02 17:54:50
4364,43877,12,3731,49,Desktop,cta_button,http://turner.biz/,False,2025-04-30 09:09:11
4365,41686,67,1015,38,Desktop,image,https://www.dyer.com/,False,2025-07-29 13:59:57
4366,45717,187,2900,46,Desktop,description,https://williams-lawrence.com/,False,2025-01-29 09:40:52
4367,46566,113,1561,14,Mobile,image,http://www.thompson-acosta.info/,False,2025-05-22 02:55:23
4368,37960,90,2262,25,Tablet,cta_button,https://www.kelly-powers.com/,False,2025-10-10 21:11:38
4369,20294,186,2512,27,Desktop,description,http://www.ferguson.com/,False,2025-04-09 16:14:59
4370,20061,99,2167,27,Mobile,description,https://huerta-thompson.org/,True,2025-01-17 07:25:15
4371,21006,60,417,44,Desktop,description,http://higgins.com/,False,2025-07-22 09:36:00
4372,10616,92,2267,39,Desktop,headline,http://cole.com/,False,2025-07-01 01:20:57
4373,37218,62,2545,34,Desktop,headline,https://valdez.info/,False,2025-09-12 01:22:30
4374,36045,32,3347,18,Mobile,cta_button,http://thompson.com/,True,2025-08-03 11:03:20
4375,12506,155,1876,10,Desktop,description,https://thomas.com/,False,2025-08-20 18:30:30
4376,46907,19,778,48,Tablet,image,http://www.burton.com/,False,2025-08-21 23:22:23
4377,8907,54,4353,8,Mobile,headline,https://skinner.net/,False,2025-01-07 08:01:41
4378,49213,18,2444,28,Tablet,image,http://www.wang-phillips.com/,False,2025-04-23 13:31:29
4379,44781,24,4024,40,Mobile,image,https://morris-jackson.net/,False,2025-08-25 16:29:08
4380,34400,180,4717,50,Tablet,headline,http://www.kelley.com/,False,2025-04-18 08:07:17
4381,12435,37,2434,17,Mobile,headline,https://taylor.net/,False,2025-01-18 08:38:26
4382,16642,186,103,34,Tablet,description,https://fowler.com/,False,2025-03-30 11:47:25
4383,9693,78,3717,15,Tablet,image,http://johnson.net/,False,2025-03-01 22:39:34
4384,25852,12,2470,38,Tablet,headline,https://smith.com/,False,2025-05-02 10:15:28
4385,1940,147,83,2,Tablet,image,http://rivas.com/,False,2025-03-29 08:13:36
4386,48420,191,4928,30,Tablet,description,https://stephens.com/,False,2025-08-09 05:57:48
4387,42911,190,1240,6,Mobile,description,http://lopez.com/,True,2025-06-10 08:19:29
4388,14142,19,1934,19,Tablet,image,https://www.jones-robinson.org/,False,2025-08-21 09:25:36
4389,49085,134,3203,31,Tablet,description,https://murray.biz/,False,2025-04-29 13:30:58
4390,3295,1,847,7,Tablet,description,http://www.carlson.com/,False,2025-03-14 21:24:06
4391,25604,164,2604,28,Mobile,headline,https://roberts.info/,True,2025-10-16 08:26:16
4392,8973,45,1160,26,Desktop,headline,http://noble-downs.com/,False,2025-08-04 15:57:17
4393,18334,85,3017,34,Desktop,description,http://www.brown-davis.info/,False,2025-05-29 07:42:27
4394,42877,11,498,45,Mobile,description,https://wood-harris.org/,False,2025-09-14 14:00:23
4395,40844,156,4453,23,Desktop,headline,http://www.bartlett.com/,False,2025-07-18 22:30:56
4396,39132,38,4975,47,Desktop,description,https://www.ruiz.com/,False,2025-04-03 11:07:18
4397,2020,22,2529,50,Desktop,image,https://walton.com/,False,2025-07-20 21:21:39
4398,20719,73,972,12,Desktop,headline,https://ortiz-jones.org/,False,2025-08-06 07:39:08
4399,13525,22,4284,41,Mobile,cta_button,http://www.bauer-hayes.com/,False,2025-07-31 21:13:04
4400,28670,118,145,1,Tablet,description,http://villanueva.net/,False,2025-06-14 18:11:29
4401,43229,132,896,34,Desktop,cta_button,http://www.harvey-chapman.com/,False,2025-07-10 22:57:13
4402,3517,127,1203,18,Desktop,headline,http://smith.org/,False,2025-10-03 04:55:25
4403,34995,75,2252,46,Desktop,description,http://www.herrera-guzman.com/,False,2025-07-07 15:34:24
4404,30933,79,3450,7,Desktop,headline,https://www.hensley.biz/,False,2025-03-04 17:45:49
4405,19912,75,3134,47,Tablet,description,http://www.hernandez-cohen.biz/,True,2025-06-09 20:34:04
4406,17970,95,3096,8,Tablet,description,http://www.simon.com/,False,2025-06-04 18:32:26
4407,20481,125,3526,18,Desktop,image,http://webb.com/,True,2025-03-02 08:27:18
4408,18400,123,4857,1,Mobile,image,https://www.berg.net/,False,2025-03-23 05:43:38
4409,45013,153,941,44,Desktop,cta_button,http://www.cochran.com/,False,2025-09-11 09:19:42
4410,8833,49,1046,48,Mobile,headline,http://webb.com/,False,2025-07-02 01:25:14
4411,14997,94,2617,1,Tablet,cta_button,http://walker.biz/,False,2025-01-20 19:00:19
4412,45798,178,2680,17,Desktop,headline,https://www.allen.biz/,False,2025-06-06 10:44:02
4413,2731,108,2729,33,Desktop,headline,http://glenn-reese.com/,False,2025-03-31 17:33:43
4414,21740,140,2556,13,Desktop,cta_button,http://green.com/,True,2025-02-19 09:04:37
4415,30151,166,2118,16,Mobile,description,http://www.higgins-cooley.info/,False,2025-04-30 16:30:08
4416,10246,11,563,25,Tablet,headline,https://wilson-thompson.biz/,False,2025-09-10 17:43:02
4417,13947,134,106,24,Tablet,cta_button,https://lewis-estes.com/,False,2025-04-27 21:55:28
4418,25646,72,4349,26,Mobile,description,https://dawson.biz/,False,2025-04-02 19:52:56
4419,44875,41,3318,13,Tablet,cta_button,http://www.kidd-dawson.info/,False,2025-09-17 10:58:29
4420,36986,12,2300,34,Desktop,image,https://mccormick.biz/,True,2025-04-28 20:03:21
4421,15742,85,4008,42,Desktop,image,http://www.long-boone.info/,False,2025-05-24 21:51:52
4422,11762,151,2716,10,Tablet,description,https://www.brooks.biz/,False,2025-03-06 08:47:45
4423,48879,37,3488,44,Tablet,description,https://www.griffith.net/,False,2025-01-09 09:16:32
4424,36975,154,418,40,Mobile,image,http://nicholson.net/,True,2025-08-14 08:23:40
4425,15079,15,3994,9,Mobile,headline,http://www.lewis-hernandez.com/,False,2025-09-30 13:51:45
4426,49186,138,4044,10,Tablet,image,https://williams.net/,False,2025-08-22 11:52:10
4427,21836,135,2370,39,Tablet,description,https://mcconnell-brooks.com/,False,2025-07-19 21:36:16
4428,26520,10,3984,44,Mobile,cta_button,https://www.elliott.org/,False,2025-10-01 09:25:15
4429,16831,173,110,25,Desktop,description,http://gutierrez-mathis.info/,False,2025-10-06 21:44:45
4430,18982,35,141,36,Tablet,description,https://perez-martinez.org/,False,2025-06-02 09:06:57
4431,13728,184,61,1,Desktop,headline,https://gomez-walker.info/,False,2025-04-22 21:52:01
4432,43787,127,1240,6,Mobile,cta_button,http://rodriguez-kline.com/,False,2025-09-29 11:10:12
4433,20325,200,2412,23,Tablet,description,https://coleman-rogers.biz/,False,2025-02-16 20:38:27
4434,40470,147,4466,20,Desktop,headline,http://rogers.org/,False,2025-04-20 11:44:58
4435,13514,47,313,45,Mobile,image,http://skinner-may.net/,False,2025-08-10 10:08:01
4436,33308,84,1505,15,Desktop,image,https://mcdowell-mitchell.com/,False,2025-07-04 13:37:53
4437,47903,58,2725,11,Tablet,headline,https://www.merritt.com/,False,2025-05-16 09:01:52
4438,25136,25,2966,8,Mobile,headline,http://www.allen.com/,False,2025-01-18 22:44:12
4439,28770,135,3076,31,Tablet,headline,https://moore.biz/,False,2025-06-02 14:01:55
4440,22119,11,4478,2,Tablet,description,https://www.gibson.com/,False,2025-10-27 22:42:27
4441,37676,65,2061,47,Tablet,description,http://www.estrada.com/,False,2025-09-06 22:47:37
4442,5809,88,3126,20,Tablet,image,https://evans.com/,False,2025-09-15 08:09:43
4443,38651,149,1554,43,Tablet,image,https://patel-collins.com/,False,2025-08-13 10:47:48
4444,31495,95,1053,17,Desktop,headline,https://wiggins.org/,False,2025-05-31 18:43:29
4445,33354,180,4180,49,Desktop,cta_button,http://www.griffin.biz/,False,2025-06-05 08:26:53
4446,32855,156,3243,12,Tablet,image,https://www.moreno.biz/,False,2025-07-29 20:18:23
4447,13038,21,1747,2,Desktop,cta_button,https://spencer.com/,False,2025-08-01 21:02:41
4448,43003,31,1335,48,Desktop,cta_button,http://www.carroll-church.info/,False,2025-04-07 18:11:30
4449,45620,128,1209,28,Desktop,headline,http://mcknight-norris.com/,False,2025-03-17 06:31:48
4450,49699,151,2078,22,Mobile,headline,https://grant-obrien.com/,False,2025-03-12 09:30:46
4451,31459,107,2474,21,Tablet,cta_button,https://www.thomas-wagner.com/,False,2025-08-27 02:58:48
4452,33293,29,2920,14,Mobile,image,https://www.walters.biz/,False,2025-01-20 19:36:03
4453,48251,179,2367,33,Desktop,image,http://www.rowland-jones.com/,False,2025-08-12 13:26:14
4454,6448,54,4690,14,Mobile,cta_button,http://www.burns.biz/,True,2025-01-02 07:47:59
4455,21907,120,3640,1,Desktop,cta_button,http://www.bright.info/,False,2025-03-29 13:55:36
4456,22288,144,2816,17,Tablet,headline,http://johns.biz/,False,2025-05-03 12:55:13
4457,21510,108,159,46,Mobile,description,http://www.huffman.com/,False,2025-03-24 20:28:21
4458,17704,88,4634,39,Desktop,cta_button,http://www.wright.info/,False,2025-09-21 09:13:21
4459,39936,143,3157,9,Tablet,headline,http://herrera.com/,False,2025-07-08 13:29:35
4460,6710,110,2051,35,Mobile,headline,http://harrison-braun.com/,False,2025-09-24 09:39:32
4461,47484,124,2951,25,Desktop,image,https://www.moore-poole.com/,False,2025-08-13 17:53:39
4462,41278,110,23,28,Desktop,image,https://www.miller-santana.com/,False,2025-10-08 10:43:51
4463,40403,79,4145,1,Desktop,image,https://www.reyes.info/,False,2025-03-10 07:49:51
4464,1077,133,3782,40,Tablet,headline,http://www.brown-parrish.biz/,True,2025-02-10 09:30:43
4465,26975,125,3261,45,Desktop,description,https://christian.net/,False,2025-03-14 11:57:19
4466,34579,27,1612,21,Desktop,headline,https://www.alvarado.net/,False,2025-02-26 18:28:55
4467,7937,106,4703,15,Mobile,cta_button,https://hudson-henderson.com/,False,2025-09-13 12:36:33
4468,2096,106,990,34,Mobile,description,http://hendrix.com/,False,2025-09-16 17:26:48
4469,3037,119,3613,44,Desktop,headline,http://www.potts.biz/,False,2025-01-29 09:54:09
4470,38994,18,24,10,Tablet,image,https://pacheco.net/,False,2025-05-23 22:51:46
4471,18179,111,2719,23,Mobile,image,http://www.ruiz.com/,False,2025-06-07 18:13:30
4472,17833,96,2021,41,Mobile,headline,http://www.phelps-adkins.net/,False,2025-07-25 08:17:25
4473,16331,147,4716,7,Mobile,image,https://baldwin.com/,False,2025-04-22 18:34:27
4474,40879,198,3259,17,Mobile,cta_button,https://www.spencer.info/,False,2025-02-01 18:51:20
4475,39265,132,4973,50,Mobile,headline,https://www.cook.biz/,False,2025-07-13 01:54:55
4476,42391,13,3214,39,Mobile,cta_button,http://www.swanson.com/,False,2025-01-22 19:32:14
4477,5566,198,1567,25,Desktop,headline,https://wilson-dickerson.com/,False,2025-01-29 21:50:27
4478,5318,124,1346,45,Desktop,description,https://george.com/,True,2025-08-08 03:43:38
4479,23221,54,534,15,Mobile,headline,http://mccoy.com/,False,2025-01-02 11:33:10
4480,29665,191,754,26,Tablet,description,https://www.arnold.com/,True,2025-07-01 04:28:32
4481,14083,65,3150,25,Tablet,description,https://www.holder.com/,False,2025-09-08 19:21:39
4482,37128,65,1399,17,Tablet,headline,http://www.bauer.com/,False,2025-08-31 06:53:17
4483,1866,61,1135,33,Mobile,description,http://clark-patel.com/,False,2025-02-22 21:26:43
4484,3877,137,1313,50,Tablet,cta_button,http://bennett-walker.org/,False,2025-02-03 21:41:15
4485,23025,103,4086,14,Mobile,image,http://www.brown.com/,False,2025-08-07 09:34:05
4486,30980,198,1986,4,Mobile,description,https://www.ellison.com/,False,2025-02-01 16:36:44
4487,39736,124,2152,3,Mobile,headline,https://www.ray-patton.com/,False,2025-08-12 04:32:42
4488,16489,164,2014,32,Desktop,description,http://bryant-trevino.net/,False,2025-11-13 20:28:55
4489,20532,125,3335,14,Tablet,cta_button,http://www.perkins.com/,False,2025-03-27 08:46:41
4490,31402,129,3635,35,Tablet,description,http://www.boyd.com/,False,2025-02-26 20:37:20
4491,33007,125,398,13,Tablet,description,http://www.lowe.com/,False,2025-01-31 14:24:59
4492,40493,53,289,34,Desktop,headline,https://bautista-whitehead.org/,False,2025-06-11 20:36:07
4493,49958,97,4789,1,Tablet,image,http://www.mason-lopez.com/,False,2025-05-05 11:56:45
4494,42363,52,4888,12,Mobile,headline,https://pruitt.org/,False,2025-03-10 13:56:16
4495,47128,48,2915,18,Desktop,description,http://pierce.biz/,False,2025-06-02 00:06:19
4496,12956,138,4362,44,Mobile,image,https://www.martinez-parker.com/,True,2025-08-23 09:42:45
4497,25395,90,1715,32,Mobile,image,http://www.brooks.com/,False,2025-10-09 19:35:12
4498,19104,88,4494,47,Tablet,description,http://mckenzie-hopkins.com/,False,2025-09-19 20:10:01
4499,8968,50,2412,23,Tablet,description,https://www.chapman.com/,False,2025-04-12 10:07:04
4500,41144,109,2593,21,Mobile,image,https://white.com/,False,2025-02-28 21:14:21
4501,21116,128,4906,2,Mobile,headline,http://www.nelson-mccarty.com/,True,2025-03-10 16:12:48
4502,35098,90,4067,30,Mobile,image,http://www.davis.org/,True,2025-10-14 06:04:01
4503,46005,121,2603,10,Mobile,cta_button,https://www.soto.biz/,False,2025-09-12 18:40:06
4504,46242,88,2842,25,Desktop,cta_button,https://www.ward.com/,False,2025-09-15 03:48:33
4505,4892,117,1636,12,Mobile,cta_button,https://www.bennett.com/,True,2025-07-28 07:56:45
4506,35042,6,638,46,Desktop,headline,http://www.ruiz.com/,True,2025-04-24 21:25:36
4507,17957,93,1210,47,Tablet,description,https://www.barajas.biz/,False,2025-03-16 08:47:47
4508,36150,9,3560,50,Mobile,image,https://www.may-davis.info/,False,2025-01-09 19:29:37
4509,45328,193,4382,45,Mobile,cta_button,https://rodriguez-lee.com/,False,2025-07-08 11:05:14
4510,26451,124,3389,3,Desktop,headline,https://www.watson-ramirez.com/,False,2025-08-10 19:26:06
4511,21777,48,3787,26,Mobile,headline,http://www.ramos.com/,True,2025-05-28 16:41:41
4512,31706,48,2649,38,Desktop,image,http://www.hall.com/,True,2025-05-03 16:43:50
4513,37166,67,3201,14,Mobile,image,https://cox-ward.org/,False,2025-08-05 23:03:11
4514,31456,196,4099,32,Tablet,image,http://www.cobb-austin.com/,False,2025-05-07 22:16:24
4515,22385,149,4860,23,Mobile,description,http://smith.com/,True,2025-08-17 09:55:43
4516,33783,8,4445,34,Tablet,description,http://www.taylor.com/,False,2025-03-02 09:24:43
4517,4021,87,1068,49,Tablet,headline,http://garcia.info/,False,2025-03-19 20:21:31
4518,38894,147,1711,17,Mobile,cta_button,https://swanson.com/,False,2025-04-24 19:33:34
4519,45423,65,2685,22,Desktop,headline,https://www.brooks-davis.com/,False,2025-08-30 09:21:15
4520,46705,177,2582,8,Mobile,cta_button,http://bailey.com/,False,2025-10-02 08:00:38
4521,4085,90,2299,28,Tablet,description,http://www.gibson-williams.com/,False,2025-09-29 00:32:54
4522,44003,176,1393,11,Mobile,image,http://www.garcia.info/,False,2025-04-11 15:12:09
4523,3140,189,140,10,Desktop,headline,https://cox.com/,False,2025-02-16 12:47:54
4524,4581,8,192,7,Tablet,description,https://lang.biz/,False,2025-02-28 19:38:38
4525,33066,168,4865,50,Mobile,cta_button,https://www.chandler.com/,False,2025-09-23 20:38:18
4526,16011,137,1716,12,Tablet,image,https://www.holloway.biz/,True,2025-02-01 11:23:05
4527,46474,122,3400,36,Mobile,description,https://www.copeland.biz/,False,2025-04-04 18:37:50
4528,18535,12,3209,49,Tablet,image,http://www.casey.com/,False,2025-05-01 08:24:07
4529,39909,80,3637,43,Mobile,headline,https://brown.info/,True,2025-03-02 09:44:53
4530,12804,180,267,38,Desktop,headline,http://www.henderson.info/,False,2025-04-22 08:39:00
4531,6438,75,3076,31,Tablet,headline,http://www.burgess-miller.net/,False,2025-07-04 22:39:58
4532,49312,81,3172,43,Mobile,cta_button,https://rodriguez.com/,False,2025-02-22 20:13:22
4533,16842,54,1840,2,Tablet,image,http://carter.com/,False,2025-01-03 22:05:41
4534,18632,118,3497,49,Desktop,cta_button,https://campbell.org/,False,2025-06-09 03:45:18
4535,43140,106,793,4,Desktop,headline,http://www.lawson-villanueva.biz/,False,2025-09-12 08:26:58
4536,29196,172,2501,9,Mobile,headline,http://www.ferrell-james.com/,False,2025-09-26 19:01:49
4537,5965,164,3634,2,Tablet,headline,https://www.campbell.com/,False,2025-10-28 09:57:27
4538,47237,3,4120,19,Tablet,cta_button,http://gregory.com/,False,2025-05-02 21:18:48
4539,10505,71,1585,45,Tablet,image,http://www.walker.info/,False,2025-06-25 16:10:07
4540,48120,78,4472,27,Tablet,image,https://www.harris-cox.org/,False,2025-03-16 19:04:53
4541,9614,90,2586,8,Mobile,headline,http://harvey.net/,False,2025-09-28 14:42:43
4542,25707,126,1915,3,Mobile,headline,http://sanders.biz/,False,2025-10-11 22:49:32
4543,49726,63,2358,25,Mobile,headline,http://hebert-sosa.org/,False,2025-07-29 16:36:37
4544,28545,151,319,50,Desktop,cta_button,https://www.phillips.com/,False,2025-02-10 07:11:24
4545,16531,72,684,5,Tablet,headline,http://www.kirby.com/,False,2025-04-09 09:41:44
4546,32894,87,962,29,Mobile,description,https://www.bishop.com/,False,2025-03-22 07:12:20
4547,21990,157,4478,2,Tablet,description,https://cox.com/,False,2025-01-27 21:16:28
4548,11651,167,3152,8,Tablet,cta_button,http://hunter.info/,False,2025-04-30 07:01:48
4549,16767,132,601,10,Tablet,cta_button,http://robertson-hughes.net/,False,2025-07-07 22:24:02
4550,27198,27,2182,35,Mobile,description,http://www.lee-vargas.com/,False,2025-03-09 10:05:54
4551,43152,143,3988,41,Mobile,headline,http://www.bowen.com/,False,2025-05-05 08:55:11
4552,47155,2,1516,31,Desktop,description,http://www.paul.org/,False,2025-01-23 08:21:00
4553,11191,191,1571,42,Mobile,image,https://long.net/,False,2025-09-01 20:10:09
4554,48031,138,1509,7,Tablet,cta_button,https://www.anderson.org/,False,2025-08-22 10:53:27
4555,49763,118,2021,41,Mobile,image,http://wright.com/,True,2025-06-15 21:27:08
4556,2364,155,2541,39,Desktop,description,https://www.smith.com/,False,2025-07-31 15:22:53
4557,14303,200,4779,4,Tablet,cta_button,http://www.reilly.org/,False,2025-03-02 22:23:25
4558,7588,7,2296,5,Mobile,headline,https://www.torres.org/,True,2025-05-11 22:21:38
4559,43253,72,2883,40,Mobile,image,https://reyes-phillips.com/,False,2025-04-10 20:56:14
4560,37327,110,3399,4,Desktop,headline,https://www.huff-mitchell.biz/,True,2025-09-14 16:08:01
4561,26963,148,4953,40,Mobile,image,https://cruz.org/,False,2025-05-30 07:10:19
4562,20158,113,3610,12,Desktop,cta_button,https://ryan.biz/,False,2025-06-17 04:00:24
4563,34672,152,1865,50,Desktop,cta_button,http://miller-jones.com/,False,2025-03-27 03:05:00
4564,34228,147,2948,28,Tablet,image,http://best.com/,False,2025-03-15 12:21:26
4565,28173,93,755,4,Tablet,description,http://www.lawrence.org/,False,2025-03-21 08:10:16
4566,40285,99,4846,27,Mobile,headline,http://www.lynn-jackson.com/,False,2025-01-17 04:53:12
4567,41330,192,1878,15,Mobile,headline,http://www.diaz.com/,False,2025-06-30 17:10:41
4568,38892,39,2424,42,Desktop,image,https://garcia.com/,False,2025-05-15 06:40:35
4569,10170,191,119,47,Desktop,cta_button,https://www.hess-hernandez.com/,False,2025-09-18 20:36:09
4570,13698,128,3012,12,Tablet,cta_button,https://obrien.com/,True,2025-03-13 23:07:06
4571,23918,21,2089,37,Tablet,cta_button,https://www.moon.com/,True,2025-07-16 11:08:58
4572,49029,60,1412,22,Tablet,headline,https://www.benitez.com/,False,2025-07-26 09:33:54
4573,27576,164,927,39,Tablet,description,http://perez-lopez.net/,False,2025-10-20 11:48:38
4574,26679,28,3898,23,Tablet,image,http://www.huynh.net/,False,2025-10-24 00:28:35
4575,6316,56,4572,47,Mobile,headline,https://www.hughes.com/,False,2025-01-22 18:00:00
4576,36931,81,848,1,Mobile,headline,https://leonard-fischer.com/,False,2025-04-11 20:30:39
4577,40062,18,4339,3,Desktop,description,http://www.carr-lamb.com/,False,2025-06-21 10:52:50
4578,32221,59,4575,4,Desktop,headline,https://rodriguez.info/,False,2025-01-14 20:11:31
4579,7191,37,3053,43,Desktop,description,https://brown.com/,True,2025-01-09 13:15:46
4580,29335,11,3811,37,Tablet,cta_button,https://www.valentine.com/,False,2025-11-11 17:22:03
4581,41240,9,2285,46,Mobile,headline,http://www.burns.com/,False,2025-02-01 21:34:05
4582,27767,50,2567,39,Tablet,description,https://miller-miller.net/,False,2025-03-22 18:00:56
4583,34599,179,1923,4,Tablet,cta_button,https://brown-hayden.com/,False,2025-08-04 21:06:03
4584,6979,105,1037,30,Mobile,image,http://www.williams-jones.com/,False,2025-07-04 07:15:39
4585,22028,82,4151,22,Tablet,description,http://rodriguez-gibson.com/,True,2025-09-23 18:33:49
4586,38757,171,372,7,Desktop,headline,http://www.sanchez.com/,False,2025-04-13 09:38:12
4587,49411,39,4064,22,Mobile,cta_button,http://summers.com/,False,2025-05-18 18:46:23
4588,19392,141,4536,8,Desktop,image,http://www.martinez.biz/,False,2025-03-02 20:22:17
4589,757,52,4425,30,Tablet,description,https://www.horn-vargas.com/,True,2025-02-25 08:33:11
4590,3851,64,600,46,Tablet,description,https://www.martinez.com/,False,2025-10-04 17:18:17
4591,20562,55,2710,27,Desktop,headline,https://johnson.org/,True,2025-08-25 17:32:31
4592,11415,149,1310,46,Tablet,description,https://www.hanson-thompson.net/,False,2025-08-14 17:50:04
4593,25248,188,2539,1,Tablet,headline,http://scott-osborn.com/,False,2025-02-05 18:04:28
4594,36579,129,2982,23,Tablet,headline,https://rose.info/,False,2025-02-02 13:14:02
4595,9809,129,1803,6,Desktop,image,https://www.davis.biz/,True,2025-02-26 21:28:40
4596,30802,166,3178,41,Mobile,headline,http://turner.com/,True,2025-05-04 18:21:40
4597,31737,8,2447,46,Tablet,headline,https://duke.com/,False,2025-03-02 13:52:03
4598,30889,138,101,24,Tablet,cta_button,http://www.francis.net/,False,2025-08-31 19:08:56
4599,41398,135,4935,25,Mobile,headline,https://anderson.com/,False,2025-07-12 23:43:06
4600,32985,158,2272,47,Desktop,cta_button,http://www.flynn.com/,False,2025-05-24 20:45:22
4601,37117,142,659,17,Mobile,cta_button,http://vega.com/,False,2025-01-17 19:09:40
4602,38319,20,4910,2,Mobile,description,http://hamilton-jackson.info/,False,2025-07-04 15:21:39
4603,38382,117,2246,28,Mobile,headline,https://www.mcintyre.biz/,True,2025-07-26 22:03:23
4604,33623,75,778,48,Tablet,headline,https://johnson-martinez.biz/,False,2025-07-15 18:41:19
4605,45217,164,2866,45,Tablet,headline,http://jones-mendoza.com/,True,2025-09-28 10:17:27
4606,16703,38,12,29,Mobile,headline,http://www.salazar.com/,False,2025-03-26 08:54:37
4607,18218,64,1198,34,Mobile,image,https://www.blevins.com/,False,2025-09-30 21:05:48
4608,20415,6,4014,46,Tablet,cta_button,http://ward.com/,False,2025-04-23 18:31:35
4609,22188,160,3151,41,Tablet,image,http://hebert.com/,False,2025-06-27 16:26:57
4610,14818,5,4369,40,Mobile,description,https://www.williams.net/,False,2025-09-17 19:15:00
4611,17633,175,3018,39,Tablet,cta_button,https://carroll.com/,False,2025-01-27 08:31:16
4612,31589,157,4070,47,Desktop,headline,https://www.perez-trujillo.com/,False,2025-01-21 11:56:23
4613,7938,146,826,48,Tablet,description,https://www.cohen.com/,False,2025-08-05 23:14:07
4614,20501,104,3953,2,Tablet,description,http://www.nguyen-ferguson.net/,False,2025-04-15 08:32:26
4615,14169,187,1029,28,Desktop,cta_button,http://duran.com/,True,2025-02-04 18:55:38
4616,9591,26,4013,7,Mobile,headline,https://clark-wood.com/,False,2025-04-23 11:06:26
4617,7291,112,1101,37,Tablet,headline,https://www.flynn.org/,False,2025-04-06 15:59:03
4618,12745,156,2272,47,Desktop,image,http://mcdonald.com/,False,2025-07-18 08:07:10
4619,14325,68,2978,19,Tablet,description,http://www.carrillo.org/,True,2025-06-15 09:08:50
4620,29965,128,1289,24,Desktop,image,http://craig.com/,True,2025-03-19 21:28:03
4621,20935,89,1428,2,Tablet,headline,http://www.proctor.com/,True,2025-08-08 18:42:18
4622,28664,126,4983,42,Tablet,description,https://www.bauer-tucker.com/,False,2025-08-22 07:26:04
4623,38028,137,3826,33,Mobile,cta_button,http://cohen.com/,False,2025-01-31 09:16:40
4624,3254,61,3253,25,Tablet,image,http://burgess-spears.com/,True,2025-02-22 08:38:37
4625,25020,200,3128,42,Tablet,description,https://www.potter-white.biz/,False,2025-02-10 18:08:58
4626,35529,16,4943,5,Tablet,headline,https://www.love.com/,False,2025-03-03 10:35:06
4627,41637,123,488,21,Mobile,description,https://bell-hudson.net/,False,2025-03-19 13:58:24
4628,32409,120,4720,26,Tablet,headline,https://thomas-walker.net/,False,2025-04-01 15:34:17
4629,8959,197,1975,50,Desktop,headline,https://www.hudson-wilson.com/,True,2025-06-12 20:15:06
4630,46122,188,1011,38,Tablet,description,http://johnson.com/,True,2025-02-08 22:10:24
4631,37920,103,1033,2,Desktop,headline,http://www.brooks.com/,False,2025-08-16 21:00:25
4632,30266,195,1035,18,Mobile,headline,https://www.cummings-walker.biz/,False,2025-01-28 13:22:06
4633,5386,198,4499,3,Mobile,headline,https://www.hernandez.com/,True,2025-01-31 08:57:18
4634,35154,153,2893,32,Tablet,description,https://www.harvey-duffy.com/,False,2025-09-11 19:02:14
4635,27608,76,68,8,Desktop,headline,http://www.marshall.net/,False,2025-07-22 20:18:10
4636,6437,75,4078,50,Desktop,description,http://www.young.com/,False,2025-06-05 21:50:56
4637,43783,79,2466,28,Desktop,description,https://www.moreno-watkins.com/,True,2025-03-18 21:46:16
4638,39907,144,919,36,Mobile,description,https://www.sanchez.com/,False,2025-04-19 08:56:03
4639,11403,102,4057,44,Desktop,image,http://www.jones.biz/,True,2025-02-01 20:13:07
4640,40637,78,1534,21,Tablet,cta_button,https://www.gonzalez.com/,False,2025-03-18 19:27:21
4641,28221,103,2262,25,Tablet,image,https://www.anderson-martin.com/,True,2025-08-25 09:35:53
4642,35803,11,86,10,Tablet,image,https://walker-ross.com/,False,2025-09-19 19:28:31
4643,47718,147,406,30,Tablet,cta_button,http://www.mueller.com/,False,2025-04-30 20:01:36
4644,47071,163,1578,33,Mobile,description,http://martin.com/,False,2025-09-09 19:53:05
4645,41347,128,2564,18,Tablet,description,https://www.weber-ryan.org/,True,2025-03-14 09:09:25
4646,8457,97,3941,19,Desktop,cta_button,http://cooper-watson.com/,False,2025-04-30 11:02:20
4647,16089,77,1980,19,Mobile,cta_button,https://bennett.com/,True,2025-09-20 13:36:02
4648,24217,46,1607,11,Desktop,headline,https://morrison.org/,False,2025-08-23 08:41:16
4649,47360,76,2079,44,Desktop,cta_button,https://brown.com/,False,2025-07-21 02:30:35
4650,32530,58,1078,24,Mobile,image,https://www.burke-hill.info/,True,2025-05-21 20:31:05
4651,3080,160,1575,39,Mobile,description,http://elliott.biz/,False,2025-07-04 11:13:04
4652,12132,81,248,35,Tablet,image,https://www.dawson.com/,False,2025-04-06 07:42:17
4653,49835,130,4895,25,Tablet,headline,https://www.luna.info/,False,2025-07-23 17:52:58
4654,14457,22,642,9,Mobile,description,https://www.christian-willis.org/,False,2025-06-15 18:21:09
4655,37210,107,2132,6,Desktop,headline,http://www.hernandez-hill.com/,False,2025-08-28 05:01:20
4656,26888,60,156,43,Desktop,image,http://www.fuller.org/,False,2025-07-10 13:09:33
4657,47535,107,2150,22,Tablet,image,http://www.bender-perry.com/,False,2025-08-31 12:13:49
4658,45345,73,4505,9,Desktop,headline,http://www.weber.com/,False,2025-08-10 20:43:07
4659,9104,49,3852,5,Tablet,image,http://www.esparza.biz/,False,2025-07-26 20:42:01
4660,27389,174,113,44,Mobile,headline,http://sanders.biz/,False,2025-09-16 21:29:04
4661,45787,7,2349,29,Mobile,image,https://miles.com/,False,2025-05-22 17:17:36
4662,29116,90,4868,18,Tablet,headline,http://www.parrish.net/,False,2025-10-16 07:51:37
4663,7369,85,635,47,Tablet,description,http://www.moore.net/,False,2025-06-03 10:49:10
4664,49034,153,3965,26,Tablet,headline,http://washington.com/,False,2025-09-09 20:37:35
4665,27638,197,1331,27,Desktop,headline,https://www.evans-wyatt.com/,False,2025-05-31 19:41:11
4666,14611,40,2392,48,Tablet,cta_button,http://allen-perry.com/,False,2025-05-15 13:31:28
4667,20942,106,791,28,Tablet,headline,http://www.norris.com/,True,2025-09-20 05:42:42
4668,22351,46,2074,49,Mobile,headline,http://www.bailey.com/,False,2025-08-30 09:55:54
4669,738,185,649,2,Mobile,description,http://snyder.org/,False,2025-03-11 06:21:28
4670,24329,177,270,15,Desktop,image,http://www.boyer-calderon.com/,False,2025-10-29 11:43:34
4671,16891,38,3702,39,Desktop,description,https://hogan.com/,False,2025-03-24 17:54:49
4672,31896,105,3290,25,Tablet,cta_button,http://landry.org/,False,2025-07-02 08:50:25
4673,40553,194,196,26,Mobile,cta_button,http://lee-todd.com/,False,2025-09-06 21:16:05
4674,42050,138,2333,24,Mobile,image,https://www.hodges-ross.biz/,False,2025-08-28 08:33:28
4675,28986,39,2032,40,Tablet,description,https://www.wells.net/,False,2025-05-18 23:35:44
4676,15994,10,3405,11,Mobile,description,http://barnes-rubio.info/,False,2025-10-05 17:52:09
4677,25162,190,14,9,Desktop,image,https://www.brennan-robinson.com/,False,2025-05-29 20:43:28
4678,3175,189,1054,15,Tablet,description,https://www.bailey.org/,False,2025-02-13 20:03:53
4679,10126,126,4458,40,Desktop,description,http://www.hicks.com/,False,2025-09-10 08:09:05
4680,8676,29,457,44,Mobile,cta_button,https://www.cummings.biz/,True,2025-01-11 13:32:21
4681,15675,65,438,30,Tablet,image,https://williams.net/,True,2025-09-02 17:26:35
4682,33455,94,169,22,Mobile,cta_button,https://oneal.com/,True,2025-01-22 20:17:05
4683,43427,13,2577,41,Tablet,image,http://www.davis.biz/,True,2025-01-16 16:15:29
4684,37965,194,828,39,Mobile,description,http://www.kaiser.net/,False,2025-09-23 21:04:14
4685,23048,12,424,34,Desktop,cta_button,https://www.martinez.com/,False,2025-05-03 08:00:24
4686,25410,181,4655,9,Desktop,image,https://carter.com/,True,2025-01-30 11:03:23
4687,16882,110,666,18,Desktop,cta_button,https://mclean-walls.com/,False,2025-10-19 09:29:42
4688,7001,41,3011,19,Desktop,image,https://edwards.com/,False,2025-09-01 18:31:18
4689,39136,76,1739,5,Tablet,cta_button,https://cunningham.org/,False,2025-06-24 21:59:49
4690,11295,31,1072,2,Mobile,cta_button,https://hernandez.biz/,True,2025-04-17 08:12:47
4691,33899,25,2116,9,Desktop,image,http://www.gonzales.info/,False,2025-01-20 10:54:15
4692,33436,168,2496,22,Tablet,headline,https://barnes.net/,False,2025-10-13 19:38:41
4693,9021,177,4637,21,Desktop,cta_button,http://www.smith-taylor.info/,False,2025-09-04 11:47:31
4694,23531,129,1549,29,Tablet,description,https://morrow-kim.biz/,True,2025-02-20 12:02:41
4695,15278,120,3283,7,Tablet,cta_button,https://price.com/,False,2025-03-26 18:41:26
4696,42888,75,3039,37,Tablet,description,http://www.floyd.biz/,True,2025-06-07 12:48:46
4697,38770,139,543,4,Desktop,headline,https://www.phillips.net/,False,2025-01-22 10:19:58
4698,7968,184,4673,18,Mobile,description,https://www.garrett.net/,False,2025-03-31 12:37:19
4699,42062,156,959,10,Desktop,description,https://lowery.com/,False,2025-07-22 21:14:28
4700,36890,174,520,22,Tablet,cta_button,https://brandt.com/,True,2025-09-19 18:30:01
4701,42244,34,3373,44,Tablet,image,http://www.arroyo-lambert.net/,True,2025-05-30 19:38:38
4702,36791,43,4082,41,Desktop,cta_button,http://hunter-buck.com/,False,2025-07-22 17:03:32
4703,516,52,1038,48,Tablet,headline,http://www.davis.net/,False,2025-03-05 12:57:27
4704,1327,195,3347,18,Mobile,description,http://www.burton-lane.com/,False,2025-01-24 19:32:47
4705,14530,184,1409,1,Tablet,cta_button,https://shepherd.com/,False,2025-05-11 06:59:44
4706,21910,140,1318,2,Tablet,image,https://www.gonzalez-walter.info/,False,2025-02-15 17:38:08
4707,43834,6,2860,29,Tablet,headline,https://www.hudson-ho.com/,False,2025-04-19 16:39:25
4708,44825,148,3571,35,Mobile,image,http://www.collins.org/,False,2025-06-02 07:09:36
4709,10936,180,4938,46,Desktop,headline,https://mitchell.net/,False,2025-05-04 13:06:10
4710,37345,48,2485,42,Mobile,headline,http://www.long-martinez.biz/,False,2025-05-13 08:32:45
4711,24670,76,536,46,Desktop,cta_button,http://www.miller.com/,False,2025-07-23 20:58:15
4712,11480,114,3828,28,Mobile,description,https://www.cook-friedman.com/,False,2025-03-21 13:15:40
4713,17565,73,3149,35,Desktop,image,https://harris.com/,False,2025-08-09 10:28:24
4714,48868,179,1742,40,Desktop,headline,https://www.parsons.com/,True,2025-08-18 10:16:00
4715,46534,200,2123,49,Mobile,headline,https://www.robinson-weber.com/,False,2025-02-17 18:55:28
4716,30390,198,2809,31,Mobile,image,https://www.wright.com/,False,2025-02-01 11:48:34
4717,38594,147,379,40,Desktop,cta_button,https://www.andrews-patterson.com/,False,2025-04-29 08:09:41
4718,23476,124,1271,40,Tablet,cta_button,http://www.shaw-bishop.net/,False,2025-08-11 01:07:12
4719,20041,133,146,30,Tablet,cta_button,https://www.norman.net/,False,2025-01-28 14:33:18
4720,25585,184,3248,49,Desktop,cta_button,https://white-jones.org/,False,2025-05-04 12:06:26
4721,38323,106,1287,25,Tablet,cta_button,http://www.rollins.info/,True,2025-09-21 06:07:28
4722,5708,114,3690,21,Desktop,cta_button,https://jones-rivera.com/,False,2025-04-11 17:55:39
4723,39176,131,4073,37,Mobile,headline,http://www.bryant.com/,False,2025-07-30 18:54:16
4724,33344,186,2304,34,Tablet,headline,http://www.whitaker-jones.com/,False,2025-04-04 11:35:34
4725,57,166,4658,14,Desktop,description,https://burch.org/,False,2025-04-29 19:02:17
4726,46477,14,248,35,Tablet,cta_button,http://www.turner.info/,False,2025-02-16 21:17:35
4727,11991,182,4438,4,Desktop,headline,http://butler.net/,False,2025-06-20 17:04:22
4728,45398,200,1415,2,Desktop,description,http://miranda-welch.com/,False,2025-03-10 16:57:03
4729,14335,180,179,4,Tablet,headline,https://www.sims.biz/,True,2025-04-21 08:22:31
4730,46588,13,1368,18,Tablet,description,https://hernandez-flores.com/,False,2025-01-05 18:28:52
4731,24588,97,1137,2,Tablet,headline,http://www.reyes-martinez.org/,True,2025-04-20 21:15:38
4732,24754,148,4762,36,Mobile,image,https://www.campbell-haynes.com/,False,2025-06-04 00:30:39
4733,44737,100,2127,45,Desktop,headline,https://www.richards-campbell.com/,False,2025-06-10 21:23:29
4734,29638,89,827,42,Desktop,headline,http://www.daniels-gonzalez.com/,False,2025-08-13 11:58:43
4735,20731,100,821,46,Mobile,description,https://gamble.org/,True,2025-06-01 13:12:16
4736,26951,85,4053,45,Tablet,description,http://www.cruz.com/,False,2025-05-26 00:02:23
4737,16240,188,747,42,Desktop,image,http://www.ramos.com/,False,2025-02-05 11:19:46
4738,44327,20,4822,29,Desktop,image,https://stewart-blake.com/,False,2025-06-21 16:04:09
4739,27644,184,4296,27,Tablet,image,http://walters.com/,False,2025-02-24 13:56:33
4740,43225,113,3117,26,Tablet,headline,https://smith.com/,False,2025-06-15 12:22:01
4741,43085,101,2012,19,Mobile,description,http://reid.info/,True,2025-04-26 20:04:26
4742,6270,56,796,46,Desktop,cta_button,https://hoffman.com/,False,2025-01-26 22:07:58
4743,45224,118,712,27,Mobile,description,http://williams.org/,False,2025-06-09 08:40:47
4744,7334,25,4616,36,Tablet,description,https://anderson.com/,False,2025-01-25 20:13:16
4745,18199,104,4282,33,Tablet,headline,https://davis-grant.org/,False,2025-05-02 07:30:29
4746,44578,91,3796,17,Desktop,cta_button,https://johnson.net/,True,2025-06-25 10:22:35
4747,35081,25,1313,50,Tablet,cta_button,http://king.biz/,False,2025-01-12 21:29:56
4748,49208,168,622,27,Mobile,cta_button,https://www.baker-short.com/,False,2025-09-25 07:40:36
4749,39556,79,3595,13,Desktop,description,https://dean.org/,False,2025-03-26 21:18:16
4750,23096,34,3133,10,Tablet,cta_button,https://www.smith.net/,False,2025-06-17 20:41:24
4751,38160,166,938,39,Mobile,description,http://www.ibarra.com/,False,2025-05-01 19:49:57
4752,34272,134,167,7,Desktop,cta_button,https://ortiz.com/,False,2025-04-20 17:23:28
4753,49824,20,3024,39,Mobile,description,https://www.rivera.com/,False,2025-07-02 21:09:37
4754,19095,193,935,15,Mobile,description,http://morales.org/,False,2025-07-05 07:40:59
4755,26271,38,1673,14,Mobile,description,http://www.rogers.com/,False,2025-03-26 18:28:08
4756,1162,92,4682,12,Desktop,image,http://thompson.com/,False,2025-07-14 21:47:17
4757,7891,42,927,39,Tablet,headline,http://www.stewart-arias.com/,True,2025-04-01 13:57:45
4758,40292,85,1040,28,Mobile,description,https://osborne.org/,False,2025-05-29 08:23:22
4759,23083,3,630,9,Tablet,description,http://www.stewart-fisher.com/,False,2025-04-24 11:23:26
4760,10552,144,1344,4,Tablet,cta_button,http://www.robinson.com/,False,2025-05-01 11:58:29
4761,18996,24,1503,46,Desktop,cta_button,https://www.price.com/,False,2025-10-08 00:33:32
4762,22462,114,761,7,Tablet,headline,https://zavala-norton.com/,True,2025-03-26 19:08:50
4763,29929,15,44,8,Tablet,description,https://www.mejia.com/,False,2025-09-30 19:00:20
4764,41640,25,3128,42,Tablet,headline,https://herrera-hill.com/,False,2025-01-14 12:19:28
4765,33603,9,2047,23,Desktop,description,http://www.smith-hall.com/,False,2025-01-15 09:54:16
4766,15899,15,3806,19,Desktop,headline,http://www.gray.biz/,False,2025-09-30 09:01:30
4767,9946,154,379,40,Desktop,image,https://www.malone-scott.com/,False,2025-08-20 12:47:34
4768,6135,114,4594,14,Desktop,cta_button,https://www.morrison.org/,False,2025-03-19 15:02:38
4769,27469,164,1,18,Mobile,cta_button,http://www.carlson.com/,False,2025-11-23 10:57:06
4770,14202,9,4364,9,Mobile,headline,http://www.oliver.com/,False,2025-02-03 20:47:03
4771,15988,61,2767,12,Desktop,cta_button,https://www.cruz.com/,False,2025-02-21 15:53:30
4772,20856,164,2111,11,Desktop,cta_button,http://skinner-green.org/,False,2025-10-24 07:38:00
4773,38280,86,2310,31,Desktop,cta_button,http://www.ward-smith.org/,True,2025-08-17 16:59:04
4774,35950,137,3908,22,Mobile,description,https://www.hodge-gutierrez.com/,False,2025-01-29 20:27:05
4775,7398,146,224,8,Mobile,description,http://bright-clark.biz/,False,2025-07-26 11:29:29
4776,25260,171,1629,26,Desktop,image,https://foster.com/,False,2025-03-17 20:25:39
4777,31064,83,2646,31,Tablet,cta_button,http://chavez.com/,False,2025-06-09 03:05:33
4778,13549,19,1344,4,Tablet,headline,https://www.miranda.com/,False,2025-08-12 11:13:04
4779,20843,134,4254,14,Tablet,description,https://chavez-reyes.com/,False,2025-04-29 13:03:23
4780,32430,183,1003,12,Tablet,description,http://hernandez.com/,False,2025-09-26 22:33:25
4781,31310,71,4164,29,Tablet,headline,http://beltran.biz/,False,2025-06-14 11:03:46
4782,7479,61,531,10,Desktop,description,http://browning-garrett.org/,False,2025-02-21 04:15:06
4783,22587,140,435,35,Mobile,image,http://white-smith.org/,False,2025-02-15 22:24:53
4784,39244,55,2355,41,Tablet,image,https://oneill.com/,False,2025-08-15 17:35:42
4785,40695,18,2880,28,Desktop,cta_button,https://pittman.net/,False,2025-06-01 22:14:54
4786,8335,38,713,27,Tablet,description,http://howard-delgado.com/,False,2025-04-01 10:21:21
4787,23441,65,4464,50,Mobile,headline,http://www.harris.net/,False,2025-08-30 19:33:25
4788,38646,10,3463,44,Desktop,headline,https://sanchez.com/,True,2025-10-06 17:42:45
4789,5172,166,4344,21,Desktop,description,https://thomas.net/,False,2025-05-04 10:34:14
4790,5030,6,2836,28,Tablet,image,https://joseph-villanueva.org/,False,2025-04-20 20:55:05
4791,22373,146,373,27,Mobile,description,https://orr-jennings.biz/,False,2025-09-12 08:13:44
4792,45012,174,496,31,Mobile,description,https://romero-ramirez.com/,False,2025-09-15 17:57:51
4793,41020,138,339,2,Mobile,cta_button,https://baker.org/,False,2025-08-28 13:37:53
4794,37995,192,3333,5,Tablet,headline,http://www.washington-turner.org/,False,2025-08-19 22:29:19
4795,16521,80,110,25,Desktop,headline,http://www.weaver.com/,False,2025-03-01 10:03:20
4796,13527,3,4483,10,Desktop,headline,https://brown-bradford.biz/,False,2025-05-09 22:49:15
4797,20437,87,1800,31,Desktop,image,http://www.hicks.com/,False,2025-03-20 22:11:38
4798,24942,7,4158,26,Desktop,headline,https://lopez.com/,False,2025-04-15 20:21:04
4799,21948,19,1005,43,Tablet,cta_button,https://www.king.com/,False,2025-08-29 16:06:42
4800,41731,102,995,40,Mobile,headline,http://www.cooper.com/,False,2025-01-30 23:33:32
4801,3135,76,1336,11,Tablet,description,http://www.bradley.biz/,False,2025-07-25 17:58:20
4802,489,39,2991,13,Mobile,headline,http://www.lara.com/,True,2025-05-17 08:12:24
4803,13363,189,840,39,Mobile,description,http://www.garcia.com/,False,2025-02-08 20:33:36
4804,38335,44,248,35,Tablet,image,http://jones.com/,False,2025-08-22 20:14:14
4805,42811,52,725,20,Desktop,cta_button,https://www.neal.net/,True,2025-03-08 19:10:34
4806,42290,106,1950,21,Tablet,description,http://coleman.net/,False,2025-09-14 02:17:16
4807,15427,165,1119,41,Tablet,headline,http://www.randolph-johnson.com/,False,2025-06-05 09:52:37
4808,9004,129,891,15,Tablet,image,https://www.price.com/,False,2025-01-11 07:12:17
4809,42864,165,83,2,Tablet,description,http://brown-bernard.com/,True,2025-06-13 13:49:18
4810,26785,112,3516,12,Desktop,description,https://www.valdez.info/,False,2025-03-30 04:33:25
4811,1122,106,3602,40,Desktop,description,http://brandt.org/,True,2025-09-11 10:30:40
4812,37329,79,2088,2,Tablet,description,http://www.bates.com/,True,2025-03-24 19:17:41
4813,28713,156,2314,22,Mobile,image,http://wang-jacobs.com/,False,2025-07-03 08:53:59
4814,256,120,2086,14,Tablet,headline,https://www.ruiz.com/,False,2025-03-14 18:55:01
4815,7130,23,1414,25,Mobile,headline,http://martin.com/,False,2025-02-16 20:51:56
4816,4337,180,4794,24,Mobile,description,https://www.reid.com/,False,2025-04-27 07:25:26
4817,5874,32,867,48,Desktop,description,https://robinson.com/,False,2025-08-18 19:21:32
4818,32398,73,43,45,Desktop,headline,http://lee-chaney.com/,False,2025-08-03 16:08:57
4819,39457,132,1629,26,Desktop,description,https://gates-huffman.com/,False,2025-07-07 16:05:40
4820,33415,150,3111,40,Tablet,image,http://diaz.info/,False,2025-07-13 10:36:06
4821,28256,97,3262,5,Desktop,cta_button,https://www.harris.com/,True,2025-05-14 13:53:25
4822,4417,196,4619,25,Mobile,description,https://www.rodriguez-yoder.biz/,True,2025-06-27 07:03:36
4823,41090,71,2862,17,Desktop,image,https://young.com/,False,2025-06-22 13:29:12
4824,40337,15,3394,5,Desktop,description,http://reyes.com/,False,2025-09-29 05:46:48
4825,33030,169,1531,22,Mobile,description,https://www.smith.com/,False,2025-02-22 19:48:06
4826,3043,68,4272,2,Desktop,image,http://black.com/,False,2025-06-14 20:31:30
4827,46026,74,2338,23,Tablet,cta_button,http://www.brown.com/,False,2025-07-16 15:39:26
4828,15036,174,2226,46,Mobile,image,https://marshall-smith.org/,True,2025-09-14 17:02:03
4829,1135,55,4101,48,Mobile,cta_button,http://cain-lane.com/,False,2025-07-21 09:08:28
4830,37782,96,506,38,Mobile,image,http://hamilton.com/,True,2025-09-15 08:40:42
4831,14017,141,4225,3,Desktop,headline,http://www.gonzalez.info/,False,2025-03-04 21:55:35
4832,34461,68,3762,42,Tablet,image,http://hendricks.com/,False,2025-07-27 17:55:41
4833,28765,95,1161,16,Mobile,headline,https://hamilton.com/,False,2025-06-12 18:07:30
4834,5437,126,2632,40,Mobile,headline,https://hernandez-anderson.com/,False,2025-09-30 19:32:02
4835,23493,187,1565,21,Mobile,image,https://davis-glover.com/,True,2025-02-09 03:38:07
4836,39651,121,2370,39,Tablet,headline,http://www.moore-taylor.com/,False,2025-08-19 13:16:14
4837,22984,9,2335,30,Mobile,image,https://durham.org/,False,2025-01-28 16:56:14
4838,48451,163,3018,39,Tablet,description,http://www.perez-hayden.info/,False,2025-09-04 08:20:32
4839,16886,97,3258,31,Desktop,image,http://www.coleman.com/,False,2025-05-12 07:30:53
4840,18497,104,4668,14,Mobile,description,https://fitzgerald.com/,False,2025-04-26 11:34:14
4841,32995,186,375,41,Tablet,cta_button,https://reynolds.com/,False,2025-04-08 12:53:09
4842,14359,200,2510,20,Tablet,description,http://www.allison.com/,False,2025-02-15 16:26:35
4843,37328,163,2575,15,Desktop,description,http://shaw.com/,False,2025-09-17 19:34:01
4844,15315,53,3250,47,Tablet,headline,http://garcia-wilson.com/,True,2025-06-18 21:26:18
4845,6577,13,1478,6,Tablet,description,https://www.owen.org/,False,2025-01-25 19:19:07
4846,5084,96,637,8,Desktop,image,https://jones.com/,False,2025-08-27 20:06:51
4847,8069,13,798,28,Tablet,description,https://www.garrett.com/,True,2025-01-24 21:50:42
4848,11357,58,4098,5,Mobile,description,http://www.wilson.com/,False,2025-05-22 14:44:33
4849,45389,188,2275,6,Desktop,cta_button,https://www.curtis.com/,True,2025-02-05 20:10:49
4850,9468,42,4339,3,Desktop,image,https://www.smith.com/,False,2025-03-30 10:03:38
4851,37153,109,2609,28,Tablet,image,https://harris-wise.net/,False,2025-02-26 09:18:37
4852,48052,54,4584,2,Desktop,description,https://hebert.com/,False,2025-01-04 14:25:48
4853,24048,2,39,2,Desktop,image,http://harmon.net/,False,2025-01-18 10:51:32
4854,21308,158,2691,1,Mobile,image,http://www.luna.biz/,False,2025-05-22 21:52:37
4855,49460,33,3413,1,Mobile,cta_button,https://sloan-brown.org/,False,2025-04-04 04:53:45
4856,8374,114,1680,12,Desktop,cta_button,https://stanley.org/,False,2025-03-15 12:56:08
4857,48438,69,826,48,Tablet,description,https://www.crawford-yoder.com/,False,2025-10-09 20:38:40
4858,33867,133,993,20,Mobile,cta_button,http://schneider.com/,True,2025-02-10 06:48:24
4859,17668,49,155,12,Desktop,description,https://bennett.com/,False,2025-07-22 07:02:10
4860,28793,37,3456,6,Desktop,description,http://lozano.com/,False,2025-01-09 14:06:17
4861,30643,31,2885,17,Tablet,headline,http://www.blair.com/,True,2025-04-08 18:16:32
4862,1651,93,2984,23,Desktop,description,https://young.com/,False,2025-03-16 16:04:29
4863,23772,40,828,39,Mobile,headline,https://www.parker.biz/,True,2025-05-20 06:49:09
4864,36119,153,2430,20,Desktop,description,http://clark.com/,False,2025-09-03 00:42:01
4865,3843,198,3554,44,Tablet,cta_button,https://lee-gibbs.com/,False,2025-02-01 21:25:38
4866,26292,188,1237,29,Desktop,cta_button,https://www.smith.com/,False,2025-02-07 12:31:39
4867,7656,74,4906,2,Mobile,image,https://www.becker.com/,False,2025-07-04 13:50:52
4868,11508,149,1716,12,Tablet,cta_button,http://www.le.org/,False,2025-08-21 16:40:22
4869,10123,162,3681,25,Desktop,cta_button,https://perry.com/,False,2025-02-01 21:39:42
4870,27927,195,3406,31,Tablet,cta_button,http://www.acevedo.net/,False,2025-01-30 12:35:17
4871,6781,151,2306,27,Desktop,description,http://wells.com/,True,2025-02-13 23:15:10
4872,22800,86,1022,39,Tablet,headline,https://reid.com/,True,2025-08-05 13:53:43
4873,16067,6,2947,47,Mobile,cta_button,http://www.moore.com/,True,2025-04-23 09:37:46
4874,2401,149,3419,25,Tablet,description,https://www.lee.com/,False,2025-08-08 09:00:59
4875,22530,79,3716,19,Tablet,headline,https://www.chen-martinez.biz/,False,2025-04-14 21:34:31
4876,2584,145,4368,8,Desktop,image,https://palmer.info/,False,2025-06-26 08:14:44
4877,19791,95,3793,25,Tablet,description,http://www.guzman.com/,False,2025-06-11 23:27:25
4878,14191,25,3875,44,Mobile,headline,http://henderson-reid.com/,False,2025-01-26 23:56:24
4879,47388,168,1610,1,Mobile,description,https://thomas.org/,False,2025-10-16 21:51:09
4880,1371,122,3330,42,Tablet,image,https://www.taylor.com/,False,2025-04-23 19:49:43
4881,10920,20,4360,35,Tablet,description,http://castaneda.com/,True,2025-07-03 23:13:08
4882,6389,71,4596,34,Mobile,cta_button,https://turner.com/,False,2025-06-27 21:12:04
4883,38771,28,2468,16,Desktop,description,https://www.roberts.com/,False,2025-10-12 22:26:29
4884,5537,122,1870,15,Mobile,description,https://www.porter-graves.com/,False,2025-04-02 17:43:04
4885,28807,147,4648,17,Desktop,cta_button,https://adams.info/,False,2025-03-21 08:42:35
4886,6566,149,2472,1,Tablet,cta_button,https://www.hamilton.net/,False,2025-09-01 15:55:08
4887,13122,5,1266,19,Tablet,cta_button,https://www.solis.com/,False,2025-09-06 19:04:53
4888,3049,35,926,43,Tablet,cta_button,https://www.mason.com/,False,2025-06-13 03:43:57
4889,49416,196,281,31,Tablet,description,http://www.barber.net/,True,2025-08-01 09:01:38
4890,22325,93,4450,50,Tablet,cta_button,https://smith-martin.com/,False,2025-03-20 09:21:38
4891,5854,84,1677,20,Tablet,headline,https://russell.com/,False,2025-07-05 10:40:10
4892,15310,167,3171,29,Tablet,image,http://west.org/,False,2025-04-19 20:32:05
4893,1774,68,7,20,Tablet,image,https://gray.com/,False,2025-07-02 10:02:49
4894,20869,85,4766,41,Tablet,headline,http://lewis-brown.com/,False,2025-05-30 20:04:32
4895,28442,43,3683,9,Mobile,image,https://www.orozco.com/,False,2025-07-24 13:58:24
4896,31233,177,2236,6,Tablet,image,https://www.price-harris.com/,False,2025-10-06 21:03:18
4897,19925,180,227,11,Tablet,image,https://www.ward-sandoval.com/,False,2025-05-05 21:46:45
4898,24414,126,2143,36,Tablet,headline,http://herring.com/,True,2025-08-21 12:39:29
4899,29404,118,1849,14,Mobile,cta_button,https://www.armstrong-friedman.com/,False,2025-06-03 21:11:39
4900,23331,46,492,25,Desktop,cta_button,https://collins.org/,False,2025-08-18 08:36:11
4901,13832,157,4396,46,Tablet,headline,https://hudson.net/,False,2025-01-20 19:33:49
4902,18588,81,3682,32,Mobile,description,https://johnson.com/,False,2025-05-05 19:15:13
4903,31191,9,2862,17,Desktop,image,https://www.jones-robertson.biz/,False,2025-01-10 21:11:12
4904,33951,74,1151,46,Mobile,image,http://ward.com/,False,2025-07-12 11:29:11
4905,42373,155,980,48,Mobile,image,https://young.com/,False,2025-07-24 14:25:42
4906,28346,3,2345,3,Tablet,description,http://www.rowe.com/,False,2025-04-24 22:33:21
4907,11769,144,2710,27,Desktop,cta_button,https://www.contreras.biz/,False,2025-04-24 20:08:57
4908,29066,91,3070,45,Mobile,description,https://rivera-wood.net/,True,2025-08-09 09:02:52
4909,45210,100,3747,42,Tablet,cta_button,https://thompson.com/,False,2025-06-03 21:16:46
4910,19768,69,1452,4,Mobile,image,http://www.mcclure.biz/,False,2025-10-05 05:23:55
4911,17772,74,2757,24,Desktop,headline,https://www.velez-thompson.com/,False,2025-07-21 06:33:07
4912,47801,181,2546,7,Desktop,headline,https://thomas-reese.com/,False,2025-01-29 15:04:27
4913,12214,137,2826,40,Tablet,cta_button,http://www.garcia-thomas.info/,False,2025-01-30 23:07:27
4914,20209,93,871,43,Desktop,headline,https://www.bolton.biz/,False,2025-03-21 20:27:28
4915,9570,175,4976,44,Desktop,cta_button,https://burns.com/,False,2025-01-28 17:17:48
4916,43015,105,2250,30,Desktop,image,https://harrington.com/,False,2025-07-01 09:55:01
4917,2960,30,3035,42,Desktop,cta_button,http://www.french.net/,False,2025-03-02 22:32:42
4918,25855,59,4032,29,Desktop,description,http://www.smith-leonard.net/,False,2025-01-11 09:25:24
4919,43371,129,2098,23,Mobile,cta_button,https://www.love.org/,False,2025-02-23 20:02:05
4920,31856,153,1058,15,Tablet,headline,https://rogers.com/,False,2025-08-31 00:18:32
4921,41861,12,363,39,Tablet,headline,http://www.vasquez-boyd.info/,False,2025-04-29 20:44:58
4922,36341,89,4021,27,Tablet,description,http://www.logan-smith.com/,False,2025-08-11 21:18:36
4923,27780,160,205,6,Tablet,cta_button,http://www.summers-estrada.org/,False,2025-07-21 07:22:58
4924,18875,42,1690,38,Mobile,cta_button,https://sheppard.info/,False,2025-04-02 09:24:55
4925,33421,18,3369,36,Tablet,description,http://www.ellis-walker.com/,False,2025-05-23 16:24:36
4926,35126,138,1242,33,Tablet,headline,https://cruz-hale.com/,False,2025-08-18 22:01:04
4927,48561,117,4360,35,Tablet,cta_button,http://robles.com/,False,2025-07-19 21:43:48
4928,16617,105,170,12,Mobile,image,https://lindsey.com/,False,2025-07-05 14:34:05
4929,46296,65,2853,20,Mobile,headline,https://moore.com/,False,2025-09-22 21:30:49
4930,46236,138,664,46,Desktop,headline,http://www.clark.org/,False,2025-08-26 19:07:29
4931,10583,69,505,9,Desktop,headline,https://www.scott.com/,False,2025-10-12 23:38:01
4932,19106,73,4996,33,Tablet,headline,https://kelly-hamilton.com/,False,2025-08-11 07:19:43
4933,43785,180,498,45,Mobile,headline,http://simpson.com/,False,2025-04-29 21:50:09
4934,12669,19,2439,38,Tablet,headline,http://www.terry-herrera.com/,True,2025-08-23 19:00:47
4935,34376,112,3053,43,Desktop,headline,https://sanchez-james.net/,True,2025-04-21 21:24:05
4936,18885,151,2933,17,Tablet,headline,https://www.jones-anderson.org/,False,2025-02-12 21:46:06
4937,15944,86,3974,41,Tablet,description,http://shields-martinez.com/,True,2025-07-20 20:01:13
4938,31962,97,2455,42,Tablet,cta_button,https://lewis-parker.com/,False,2025-04-17 20:12:27
4939,44273,66,3667,44,Mobile,cta_button,http://www.bautista.com/,False,2025-03-19 19:14:27
4940,19599,120,588,50,Desktop,description,https://www.holt.com/,False,2025-02-17 17:18:44
4941,612,16,4381,23,Tablet,image,https://www.bauer-schmidt.com/,False,2025-03-06 17:33:40
4942,27322,200,453,44,Mobile,image,https://taylor.org/,False,2025-03-05 21:28:52
4943,19061,150,1311,1,Desktop,cta_button,http://www.fields.info/,False,2025-05-02 08:57:39
4944,37045,80,1292,1,Mobile,description,https://salazar.org/,False,2025-03-10 18:38:55
4945,4776,56,1988,29,Tablet,headline,http://www.nguyen.org/,False,2025-01-31 18:56:52
4946,19521,55,1473,38,Tablet,headline,https://weaver-robinson.com/,False,2025-07-25 18:35:49
4947,10278,32,3753,10,Tablet,headline,https://www.dominguez.biz/,False,2025-08-05 21:24:00
4948,20282,101,122,35,Tablet,headline,http://www.gillespie.org/,False,2025-05-09 03:45:30
4949,11867,60,3795,49,Desktop,cta_button,https://clark.info/,False,2025-07-05 09:51:11
4950,20982,84,135,50,Mobile,headline,http://baker-wade.net/,False,2025-06-25 07:02:03
4951,7594,76,1349,40,Mobile,cta_button,https://martinez.net/,False,2025-07-22 14:17:42
4952,47227,122,2033,32,Tablet,cta_button,https://www.macdonald.org/,False,2025-04-03 13:55:37
4953,35423,29,120,50,Mobile,image,http://www.sellers.org/,True,2025-01-08 19:32:41
4954,3945,8,4135,5,Desktop,image,https://www.sherman.com/,False,2025-03-03 22:51:43
4955,38598,78,4875,47,Desktop,headline,http://www.thomas.com/,False,2025-03-16 09:21:03
4956,26760,93,2675,42,Mobile,image,http://thompson-shelton.com/,False,2025-03-18 10:47:51
4957,14074,101,4870,9,Tablet,description,https://diaz-wilson.com/,False,2025-04-30 13:13:54
4958,7007,64,3083,40,Tablet,description,https://www.bowers.info/,False,2025-10-05 08:43:25
4959,43569,29,2669,4,Tablet,headline,http://price.com/,False,2025-01-21 20:46:53
4960,48626,84,14,9,Desktop,description,https://www.simpson.info/,False,2025-06-30 08:52:00
4961,18997,17,2082,29,Desktop,cta_button,https://www.diaz.com/,True,2025-04-28 09:31:39
4962,2938,179,2573,13,Mobile,description,http://curtis.org/,True,2025-07-25 09:56:51
4963,14975,6,4262,32,Desktop,headline,http://mitchell.biz/,False,2025-04-17 19:55:49
4964,536,38,1957,47,Desktop,description,https://jackson.info/,False,2025-04-03 18:02:27
4965,46769,30,4262,32,Desktop,image,http://www.wilson.com/,False,2025-02-22 15:02:59
4966,17460,185,2596,12,Mobile,cta_button,http://sherman.com/,True,2025-03-26 08:13:57
4967,10040,139,2916,3,Mobile,description,http://richmond-taylor.com/,False,2025-01-22 12:28:30
4968,45141,103,1347,15,Desktop,image,https://wilson.biz/,False,2025-08-14 21:06:00
4969,11810,78,1280,9,Desktop,cta_button,http://www.holland.com/,False,2025-03-18 18:47:21
4970,11559,9,2271,30,Desktop,cta_button,https://www.stevens.com/,False,2025-01-12 09:19:56
4971,1800,88,335,7,Mobile,image,http://carney.com/,False,2025-09-21 11:23:00
4972,39097,144,1754,11,Desktop,cta_button,http://www.ford.com/,False,2025-05-05 10:44:10
4973,12586,93,3898,23,Tablet,headline,http://www.hancock.com/,False,2025-03-16 15:06:13
4974,33458,9,4924,27,Tablet,image,https://www.owens.com/,False,2025-01-29 00:30:29
4975,3318,23,2759,49,Desktop,description,https://jordan-hernandez.com/,False,2025-02-10 23:53:41
4976,14192,13,787,48,Mobile,description,https://www.flores.org/,False,2025-01-29 09:07:50
4977,38437,71,3791,20,Desktop,description,http://www.kirk.com/,False,2025-06-10 12:06:56
4978,8378,153,754,26,Tablet,description,http://www.martinez-lopez.com/,False,2025-09-12 21:46:09
4979,6375,9,3165,11,Tablet,cta_button,https://cohen-hernandez.com/,False,2025-01-26 16:18:04
4980,12611,144,1422,16,Desktop,image,http://www.haynes.com/,False,2025-05-01 10:17:32
4981,14411,137,1667,43,Tablet,image,http://morgan.net/,True,2025-02-03 06:47:45
4982,41574,176,838,36,Mobile,image,http://fleming.com/,False,2025-04-12 09:17:58
4983,3920,46,3798,43,Tablet,description,http://www.hernandez.com/,False,2025-08-18 23:15:26
4984,36094,50,3928,33,Tablet,cta_button,http://www.smith-kim.com/,False,2025-03-24 12:34:56
4985,5819,124,2643,46,Mobile,cta_button,https://www.wright-rivera.com/,False,2025-08-11 05:49:47
4986,33888,82,3106,2,Mobile,description,http://delgado-orr.com/,True,2025-09-22 10:19:03
4987,23185,141,4398,16,Tablet,image,https://perez.com/,True,2025-03-04 08:50:27
4988,16200,41,2605,14,Tablet,description,http://brown.com/,False,2025-09-20 18:26:25
4989,36699,185,1107,10,Desktop,image,https://obrien-walsh.org/,True,2025-03-13 11:19:02
4990,7541,19,704,27,Mobile,description,http://lopez.com/,False,2025-07-20 11:35:55
4991,8106,76,1247,5,Mobile,description,https://www.kelly-marsh.com/,False,2025-07-22 06:19:07
4992,16031,43,3621,35,Desktop,headline,http://www.watson.com/,False,2025-07-17 01:04:23
4993,2537,127,2874,37,Mobile,description,http://www.perez.com/,False,2025-09-26 08:10:20
4994,23439,38,3046,34,Desktop,description,https://www.lowe.com/,False,2025-04-05 18:47:49
4995,49181,132,4634,39,Desktop,headline,http://www.salazar-smith.net/,False,2025-07-12 20:36:18
4996,3559,71,4326,29,Mobile,headline,http://www.pennington-wolf.com/,False,2025-06-29 16:22:43
4997,35930,185,375,41,Tablet,cta_button,https://www.cross-gibson.com/,True,2025-04-01 10:50:55
4998,9407,10,4743,3,Mobile,headline,https://white-mueller.com/,False,2025-09-27 16:09:29
4999,44783,155,1901,37,Mobile,image,http://www.bell.biz/,False,2025-08-05 05:37:43
5000,28097,55,1938,34,Desktop,description,http://www.aguirre.com/,False,2025-07-23 21:58:10
