user_id,name,email,neighborhood_id,age_group,gender,is_verified,is_active,notification_enabled,device_type,created_at,last_active_at
1,Janet Ross,dianasmith@example.org,18,25-34,Female,True,True,True,Mobile,2025-05-24 22:51:42,2025-09-19 21:51:15
2,Melissa Marshall,samanthamartinez@example.org,15,25-34,Female,True,True,True,Desktop,2024-12-25 20:29:22,2025-03-12 10:50:55
3,Linda Dodson DVM,jrivas@example.com,22,65+,Male,False,True,False,Desktop,2025-01-26 11:32:25,2025-08-29 19:53:34
4,David Wright,katie87@example.net,28,45-54,Female,True,True,True,Tablet,2025-06-09 04:38:27,2025-10-27 10:50:20
5,Cynthia Rogers,taylorjesse@example.net,48,45-54,Male,True,False,False,Tablet,2022-12-01 13:33:59,2024-04-02 20:43:46
6,Gary Owens,clarkrobert@example.net,20,45-54,Male,True,True,True,Tablet,2022-08-02 10:54:07,2023-04-22 19:19:32
7,Laura Woods,kenneth66@example.net,20,35-44,Female,True,True,False,Tablet,2025-08-16 22:43:47,2025-08-18 21:39:36
8,Connie Robinson,ytucker@example.com,31,55-64,Female,False,True,True,Tablet,2024-11-11 18:29:28,2025-06-16 13:13:32
9,Sara Calhoun,meadowsbrittany@example.net,44,25-34,Female,True,True,False,Tablet,2024-07-24 18:21:05,2025-09-03 20:48:15
10,Joel Williams,dmurphy@example.com,13,45-54,Male,True,True,False,Mobile,2022-02-07 20:04:29,2024-07-30 12:40:36
11,Trevor Fisher,ruizkaitlyn@example.org,30,18-24,Male,False,True,False,Tablet,2023-04-18 20:14:11,2025-08-20 20:44:33
12,Rachael Pearson,herringjames@example.org,29,45-54,Female,True,True,True,Mobile,2025-10-30 16:35:38,2025-11-15 11:48:57
13,Brian Gould,xlyons@example.com,41,25-34,Female,True,True,True,Tablet,2024-05-19 19:30:28,2024-10-03 09:15:53
14,Ashley Weiss,daniel04@example.net,9,25-34,Male,True,True,True,Desktop,2022-08-23 09:17:21,2024-08-26 10:34:05
15,Miguel Jones,curtisbarton@example.net,50,35-44,Female,False,True,True,Mobile,2024-08-05 16:26:03,2025-11-24 08:26:24
16,Dr. Hannah Patterson,casey50@example.com,27,35-44,Female,False,False,True,Desktop,2024-04-19 22:19:48,2024-07-01 11:57:53
17,Madison Poole,ryangross@example.net,26,45-54,Female,False,False,True,Desktop,2025-02-24 13:01:24,2025-03-27 10:43:51
18,Karen Graham,marcus31@example.com,30,25-34,Male,True,True,True,Desktop,2023-01-13 17:42:01,2025-05-24 07:27:08
19,Leonard Gray,snydermark@example.com,2,45-54,Male,False,True,True,Tablet,2025-05-18 10:53:26,2025-07-08 09:05:30
20,Spencer Haynes,angela83@example.org,10,25-34,Male,True,False,True,Desktop,2022-10-24 04:01:15,2025-04-26 09:01:39
21,Cynthia Alvarez,bwest@example.org,8,45-54,Male,True,True,False,Tablet,2022-12-04 20:10:38,2024-02-26 17:47:45
22,Matthew Wood,ronald85@example.com,38,45-54,Female,True,True,False,Tablet,2023-02-16 19:24:25,2024-04-08 22:12:04
23,Bryan Lee,newtonstephanie@example.net,28,45-54,Male,True,True,True,Desktop,2024-09-10 20:50:36,2025-01-12 20:22:34
24,Dr. William Warren,tina34@example.org,10,35-44,Female,False,True,False,Tablet,2022-09-17 07:23:40,2023-05-31 21:29:45
25,Beth Williams,tranheidi@example.org,21,55-64,Female,True,False,True,Desktop,2023-05-20 20:29:27,2024-02-28 20:37:17
26,Adam Mitchell,lalexander@example.org,21,25-34,Male,False,True,False,Tablet,2024-06-11 17:42:24,2025-07-31 10:31:54
27,Austin Vasquez,hernandezlisa@example.com,16,45-54,Female,False,True,True,Desktop,2022-12-20 21:35:00,2025-07-17 15:12:05
28,Jennifer Carlson,kimberlyjames@example.com,16,25-34,Female,True,True,True,Tablet,2022-04-30 14:01:05,2023-03-24 10:25:44
29,Keith Brown,mezajared@example.org,15,18-24,Male,True,True,False,Mobile,2023-02-20 16:22:44,2024-10-17 13:19:16
30,Juan Moore,mhayes@example.com,34,35-44,Prefer not to say,False,True,True,Desktop,2023-01-06 08:47:30,2023-04-03 09:37:48
31,Michele Gibson,sandrafrench@example.net,19,45-54,Male,False,True,False,Tablet,2023-02-12 01:34:08,2023-10-10 09:03:35
32,Brian Walker,rebekahserrano@example.org,31,18-24,Male,True,True,False,Mobile,2024-04-05 09:30:28,2025-08-15 10:03:16
33,Samantha Morse,smartinez@example.com,36,45-54,Female,False,True,True,Desktop,2022-03-25 08:36:19,2025-03-07 06:15:07
34,Katherine Miller,prestonjessica@example.net,37,45-54,Female,False,False,True,Mobile,2024-09-05 21:19:55,2025-11-18 17:27:19
35,Sara Johnston,keyemily@example.com,11,18-24,Male,True,True,True,Tablet,2022-12-17 10:05:10,2023-03-26 09:35:04
36,Joseph Ramos,howard96@example.net,17,55-64,Female,True,False,True,Tablet,2024-03-17 10:55:29,2025-07-16 06:14:59
37,Jason Morris,hodgemark@example.net,4,25-34,Male,False,True,True,Mobile,2025-02-13 09:09:58,2025-12-05 09:09:04
38,Philip Johnson,edwardsmarcus@example.com,35,35-44,Male,True,True,True,Desktop,2023-11-25 14:19:44,2025-04-05 12:17:32
39,Sean Murray,lopezmichael@example.com,2,65+,Female,True,True,False,Desktop,2025-04-25 02:14:43,2025-11-04 20:36:37
40,Joshua Pennington,fgilmore@example.org,41,55-64,Other,True,True,True,Mobile,2024-05-24 15:28:58,2025-07-31 09:37:27
41,Michelle Collins,tranchristopher@example.org,26,55-64,Female,True,True,True,Desktop,2022-02-10 21:21:26,2024-07-13 19:18:42
42,Kathleen Moran,robert77@example.org,27,18-24,Female,True,True,True,Mobile,2023-10-08 21:52:00,2024-01-09 18:34:29
43,Kyle Francis,michellehill@example.com,45,35-44,Male,True,True,False,Desktop,2023-10-02 08:35:08,2024-01-26 22:28:56
44,Aaron Barber,cgrimes@example.net,8,35-44,Male,False,True,False,Tablet,2023-04-21 16:35:26,2025-05-23 06:53:58
45,Jamie Cantu,tinaallen@example.com,30,35-44,Male,False,True,False,Mobile,2023-11-09 19:26:53,2024-07-20 15:30:15
46,Patrick Thornton,qhughes@example.net,33,25-34,Male,False,True,True,Tablet,2022-11-23 09:50:54,2025-04-08 12:59:50
47,Jonathan Lawrence,sawyerscott@example.net,36,45-54,Male,False,False,False,Mobile,2025-10-04 15:09:28,2025-11-08 16:22:21
48,Seth Booker,harrisontanya@example.com,48,35-44,Female,True,False,False,Tablet,2025-06-27 17:14:54,2025-06-29 20:02:20
49,Gary Craig,ofinley@example.net,7,55-64,Male,True,True,False,Desktop,2024-05-21 23:31:02,2025-01-03 07:37:21
50,Lisa Young,wendy16@example.org,40,45-54,Female,False,False,False,Desktop,2025-05-26 21:09:04,2025-09-02 14:16:21
51,Christopher Evans,williamslaura@example.com,35,18-24,Male,True,False,False,Tablet,2024-11-29 22:40:45,2025-08-24 21:31:55
52,Jason Maldonado,georgemiller@example.com,29,25-34,Male,True,True,True,Desktop,2023-05-17 06:06:48,2024-06-26 18:55:06
53,Briana Murray,steve07@example.com,12,25-34,Male,False,True,True,Tablet,2024-05-16 11:09:15,2024-10-02 16:36:43
54,Gregory Matthews,dvaughn@example.com,1,55-64,Male,True,True,True,Desktop,2024-08-05 08:29:40,2024-10-22 09:16:42
55,Mr. Kenneth Andrews,andrew64@example.org,30,55-64,Male,True,True,True,Tablet,2022-10-06 23:19:40,2023-12-28 22:44:16
56,Amber Obrien,swall@example.org,26,25-34,Female,True,True,True,Tablet,2024-03-02 11:18:44,2025-05-23 10:53:42
57,Lisa Byrd,courtneyberger@example.net,15,45-54,Male,True,True,False,Tablet,2024-04-29 19:53:57,2024-11-24 21:49:51
58,Jacob Anderson,mark62@example.org,41,45-54,Male,True,True,False,Mobile,2022-02-25 20:43:53,2025-02-24 07:06:57
59,Kiara Mcintyre,jonathansummers@example.com,35,55-64,Male,True,True,True,Desktop,2022-07-04 21:20:47,2024-05-13 12:12:08
60,Regina Mcdonald,taylortammy@example.net,30,65+,Male,False,False,False,Desktop,2025-09-15 22:18:47,2025-10-11 21:51:07
61,Regina Diaz,ismith@example.org,1,25-34,Male,True,True,True,Desktop,2024-10-10 22:51:35,2025-12-06 12:50:25
62,Lauren Carson,daniel37@example.org,40,55-64,Female,False,True,True,Desktop,2023-09-29 20:23:06,2025-03-25 19:30:01
63,Leonard Holland,tblankenship@example.net,3,25-34,Female,True,False,True,Desktop,2024-05-16 21:19:41,2025-11-12 12:08:02
64,Elizabeth Vasquez,youngamanda@example.com,48,45-54,Female,True,True,True,Desktop,2023-07-26 11:47:44,2023-11-25 22:26:37
65,Theresa Barnes,nicolepena@example.com,24,18-24,Female,True,False,True,Desktop,2023-09-27 03:23:13,2025-03-23 14:15:54
66,Michael Robinson,xsampson@example.org,14,45-54,Female,True,True,True,Mobile,2024-05-11 10:07:54,2025-11-09 20:05:42
67,Maria Brown,james17@example.org,38,25-34,Female,True,True,False,Mobile,2025-10-04 20:13:04,2025-10-30 20:35:13
68,Alison Buchanan,vanessabuchanan@example.org,8,45-54,Male,True,True,True,Desktop,2024-07-16 09:09:08,2025-06-12 16:51:11
69,Daniel Kane,kim90@example.com,8,45-54,Male,False,True,True,Tablet,2022-04-06 01:16:03,2025-02-01 08:26:33
70,David Thompson,andersonmichael@example.org,43,35-44,Male,False,True,True,Desktop,2025-04-15 09:39:02,2025-05-20 19:58:55
71,Cameron Fisher,reesethomas@example.com,6,25-34,Male,True,True,True,Tablet,2024-04-03 12:06:31,2024-04-12 19:28:04
72,Theresa Williams,stephen00@example.com,28,18-24,Female,False,True,False,Tablet,2023-12-20 10:38:33,2024-03-08 10:32:38
73,Micheal Wallace,morriseddie@example.org,30,25-34,Female,True,True,True,Mobile,2025-03-31 21:27:28,2025-07-19 21:26:21
74,Erika Vang,shawn96@example.org,28,18-24,Female,False,True,True,Tablet,2023-01-20 19:30:04,2024-11-21 06:05:05
75,Sherry Arnold,russellbeasley@example.com,49,35-44,Female,True,True,True,Mobile,2025-01-14 17:42:07,2025-02-21 12:55:42
76,Brandon Simmons,nicholas27@example.org,7,25-34,Female,True,True,True,Desktop,2023-04-20 17:13:09,2024-07-02 18:14:54
77,Patrick Watson,angelawillis@example.net,36,18-24,Female,False,True,True,Tablet,2022-05-08 20:49:52,2022-08-28 18:43:41
78,Shane Pugh,uparrish@example.org,10,35-44,Male,True,True,True,Tablet,2024-02-25 20:58:21,2025-05-11 11:11:55
79,Kenneth Lewis,gwalker@example.com,20,45-54,Female,True,True,True,Mobile,2025-09-16 16:24:26,2025-11-09 14:10:23
80,Laura Aguirre,lynchdiane@example.net,28,35-44,Male,True,True,True,Desktop,2025-03-28 19:03:43,2025-07-02 06:28:42
81,Ellen Morgan,whitedouglas@example.net,20,18-24,Male,True,True,True,Mobile,2023-01-10 07:43:43,2023-07-22 18:33:42
82,Amanda Reese,nicholaschavez@example.org,32,45-54,Male,True,True,True,Tablet,2023-07-15 20:48:16,2023-11-17 09:07:00
83,Latoya Miller,moorekaren@example.org,2,35-44,Male,True,True,True,Tablet,2023-06-02 20:04:25,2025-03-31 21:02:27
84,Karla Ramos,jason81@example.com,40,35-44,Female,True,True,True,Desktop,2024-07-31 12:07:25,2024-12-14 02:20:10
85,Katelyn Estrada,walkertracey@example.org,22,25-34,Female,True,True,True,Mobile,2023-08-25 17:33:05,2024-04-19 12:19:47
86,Chad Scott,david76@example.org,10,25-34,Male,True,True,False,Tablet,2022-01-11 21:22:22,2023-03-19 19:52:41
87,Justin Barnett,charles06@example.org,49,35-44,Female,False,True,False,Desktop,2022-06-30 06:49:40,2024-05-03 14:48:36
88,Jeffrey Sullivan,zroberts@example.org,29,45-54,Female,True,True,True,Desktop,2023-10-06 21:40:20,2023-12-07 08:04:30
89,Julia Norris,christopher13@example.com,6,45-54,Female,True,True,False,Mobile,2025-09-13 14:03:23,2025-09-28 20:04:41
90,Eric Morgan,kimberly18@example.net,31,35-44,Female,True,True,False,Tablet,2024-04-03 13:51:36,2025-02-22 18:20:38
91,Hannah Luna,joelthomas@example.org,29,35-44,Female,True,False,True,Desktop,2022-06-09 06:41:11,2024-03-25 04:45:28
92,Angela Bean,kmarshall@example.net,22,18-24,Female,True,True,False,Tablet,2022-08-31 19:03:50,2023-03-02 18:21:04
93,Madison Weber,edward17@example.com,23,25-34,Female,True,True,False,Mobile,2023-09-21 21:21:05,2025-10-14 17:09:58
94,Heather Jones,dhayes@example.com,43,45-54,Female,False,False,True,Tablet,2024-06-02 10:24:41,2025-08-22 20:52:08
95,Savannah Gilbert,jford@example.net,22,65+,Female,True,True,True,Mobile,2025-03-09 13:23:01,2025-03-30 11:11:13
96,Marissa Morris,dmason@example.com,43,25-34,Female,True,True,True,Tablet,2025-06-07 16:34:53,2025-08-31 19:33:02
97,Miguel Wagner,benjaminzimmerman@example.com,27,25-34,Female,False,True,False,Desktop,2022-05-25 20:51:57,2025-08-05 08:28:02
98,Thomas Hughes,erika05@example.org,13,25-34,Female,False,True,True,Desktop,2024-01-04 09:15:19,2025-03-12 22:50:30
99,David York,mathewaguilar@example.org,9,55-64,Male,True,True,False,Tablet,2023-04-07 15:26:10,2024-10-06 20:51:38
100,Mary Anderson,collinsnicholas@example.com,18,35-44,Female,False,True,False,Desktop,2025-07-06 20:54:07,2025-08-25 09:48:10
101,Nancy Jennings,lucasrodney@example.com,24,25-34,Prefer not to say,True,True,False,Tablet,2025-02-11 21:59:01,2025-09-04 12:25:32
102,Gloria Miranda,jeremytaylor@example.org,31,45-54,Male,False,True,True,Mobile,2022-01-26 18:50:09,2023-04-09 08:18:58
103,Kimberly Rodgers,stanleynancy@example.net,34,35-44,Female,True,True,True,Tablet,2023-02-18 02:13:53,2025-05-10 08:46:38
104,Ronald Wise,jenniferwilliams@example.com,39,35-44,Female,True,True,True,Mobile,2022-07-03 20:29:04,2023-10-21 07:57:31
105,Dustin Goodman,pyoung@example.com,6,35-44,Male,False,True,False,Tablet,2024-08-04 18:15:36,2024-11-30 13:42:42
106,Cheyenne Gregory,smurray@example.com,24,25-34,Male,False,True,False,Tablet,2025-09-12 16:24:55,2025-11-24 14:40:24
107,Curtis Jacobs,brett75@example.net,23,35-44,Female,True,True,True,Tablet,2023-12-05 07:37:47,2024-10-10 19:08:02
108,Belinda Miller,joshuawhitehead@example.org,30,18-24,Male,False,False,True,Desktop,2025-07-31 14:11:51,2025-11-05 07:45:49
109,Ruth Wilkerson,perryrandy@example.com,42,25-34,Male,False,False,True,Mobile,2025-03-08 16:52:34,2025-04-02 14:02:48
110,Alfred Galvan,lacey20@example.com,25,25-34,Male,True,True,False,Desktop,2022-11-26 20:27:56,2025-12-08 12:28:57
111,Olivia Harrison,bullockandrew@example.org,12,35-44,Male,True,True,True,Tablet,2025-07-07 20:46:27,2025-09-21 07:38:52
112,Kelsey Rodriguez,john10@example.org,47,55-64,Male,False,True,False,Mobile,2025-03-14 19:10:44,2025-08-12 13:28:02
113,Brian Stein,chenbailey@example.net,44,25-34,Male,False,True,True,Mobile,2023-08-11 06:40:25,2025-06-21 12:51:47
114,Cynthia Butler,millsmichael@example.net,3,45-54,Female,False,True,False,Tablet,2022-07-20 06:49:41,2024-01-04 11:24:36
115,Alicia Marks,reidtina@example.com,8,18-24,Male,True,False,True,Desktop,2024-02-01 07:23:25,2025-07-22 10:17:15
116,David Sandoval,ingramjill@example.com,13,18-24,Female,True,False,True,Mobile,2024-11-11 19:13:39,2025-04-02 09:58:31
117,Marvin Greer,epollard@example.net,36,35-44,Female,False,True,False,Tablet,2022-07-06 20:54:20,2023-09-22 18:45:04
118,Terri Johnson,bradleygonzalez@example.org,9,25-34,Female,True,True,True,Tablet,2022-09-13 08:23:32,2023-02-20 09:12:50
119,Robert Kennedy,mullinsjames@example.com,47,35-44,Male,True,True,True,Desktop,2023-03-18 08:56:05,2024-01-23 06:25:45
120,Denise Lloyd,vpreston@example.com,50,35-44,Female,False,True,True,Mobile,2025-04-21 18:28:29,2025-05-02 19:22:08
121,Kathleen Jimenez,laurie61@example.com,46,25-34,Female,True,True,True,Mobile,2025-06-05 20:33:09,2025-08-18 10:10:20
122,Erica Miller,kirk96@example.org,35,18-24,Female,True,True,True,Tablet,2024-04-22 18:35:17,2025-08-30 08:19:39
123,Sergio Gomez,yhill@example.org,2,18-24,Female,False,True,True,Tablet,2024-08-22 19:38:21,2025-02-06 20:36:02
124,Robert Shelton,thomascathy@example.com,19,45-54,Male,True,True,True,Desktop,2022-04-15 12:40:01,2024-08-16 15:40:34
125,Holly Reyes,jacobserika@example.com,14,25-34,Male,False,True,False,Desktop,2022-02-18 06:03:10,2022-05-22 13:30:29
126,Kendra Sanders,john10@example.net,21,25-34,Male,True,True,True,Desktop,2023-06-05 23:08:48,2025-05-10 12:35:06
127,Autumn Hampton,nlewis@example.com,21,65+,Female,True,True,False,Desktop,2022-09-18 21:26:15,2024-05-23 22:57:10
128,Chad Jones,rachelwallace@example.org,30,65+,Male,True,True,True,Tablet,2024-08-28 15:19:31,2025-12-14 03:25:32
129,Miss Michelle Pierce,patricia22@example.com,9,55-64,Female,False,True,True,Tablet,2025-02-07 18:18:34,2025-12-04 00:06:27
130,Charles Tyler,wardashley@example.com,29,45-54,Male,False,True,True,Mobile,2023-12-13 17:23:35,2024-03-10 10:24:32
131,Angelica Parker,xfox@example.com,10,25-34,Female,True,True,True,Desktop,2025-01-29 12:50:21,2025-07-24 16:23:48
132,Maria Cole,david89@example.org,9,25-34,Female,True,False,False,Desktop,2025-02-25 20:33:29,2025-03-18 08:57:32
133,Sheena Guerra,kevinmartin@example.net,37,25-34,Female,True,True,False,Tablet,2024-12-10 17:32:53,2025-01-26 16:31:45
134,Diane Miller,cynthiapierce@example.org,39,35-44,Other,False,True,True,Tablet,2022-11-12 10:57:46,2025-10-16 21:40:01
135,Martin Vargas,georgeweber@example.net,50,55-64,Male,True,True,False,Mobile,2024-05-24 05:30:10,2025-05-09 16:46:39
136,Scott Miller,debra96@example.net,14,35-44,Female,False,False,False,Mobile,2023-04-18 08:28:20,2025-10-02 12:26:44
137,Donna Frye,zsanchez@example.net,34,25-34,Female,True,True,True,Tablet,2024-06-12 19:33:13,2025-03-13 17:42:30
138,Brooke Perry,mharris@example.org,40,35-44,Female,True,True,False,Desktop,2023-07-23 20:46:43,2024-08-23 18:44:16
139,Shannon Hester,kathleenrobertson@example.org,31,25-34,Female,False,True,True,Tablet,2023-03-14 20:45:13,2025-03-06 19:31:20
140,David Davis,sonia96@example.org,10,25-34,Male,False,True,True,Desktop,2023-03-23 16:57:25,2024-06-30 20:49:51
141,Taylor Griffith,kathrynjimenez@example.net,36,45-54,Male,True,True,True,Tablet,2025-09-08 19:13:12,2025-12-05 20:17:59
142,Brandon Long MD,jasongomez@example.org,22,45-54,Male,False,True,True,Mobile,2023-10-16 21:14:40,2025-09-10 09:06:26
143,Megan Mitchell,booneryan@example.com,13,45-54,Male,True,True,False,Tablet,2023-01-29 13:59:56,2024-10-17 21:30:41
144,James Hudson,michaelroberts@example.com,12,35-44,Female,False,True,False,Desktop,2024-10-14 17:34:47,2025-09-05 19:59:02
145,William Becker,andersoncolin@example.com,1,25-34,Female,False,True,True,Tablet,2023-12-07 08:47:55,2025-06-23 22:56:02
146,Nicole Gonzalez,cporter@example.org,30,25-34,Female,True,True,True,Tablet,2025-01-17 16:31:56,2025-05-09 22:54:32
147,Jesus Obrien,markaustin@example.org,49,25-34,Female,True,True,True,Desktop,2022-07-11 08:47:21,2023-09-01 20:36:43
148,Linda Romero,terickson@example.com,21,65+,Male,True,True,True,Desktop,2023-07-04 06:42:06,2025-01-05 09:08:30
149,Veronica Silva,carlsonjoseph@example.net,45,25-34,Female,True,True,False,Tablet,2025-02-15 10:46:36,2025-06-06 01:41:23
150,Mikayla Silva,alexandriagriffith@example.com,40,25-34,Female,True,True,False,Desktop,2024-12-31 20:44:07,2025-09-27 18:18:23
151,Travis Rodriguez,alexanderrobert@example.com,43,55-64,Female,True,True,False,Tablet,2022-07-26 12:35:58,2024-11-14 14:34:51
152,Tami Salas,thorntonapril@example.net,4,55-64,Female,True,True,True,Tablet,2024-08-24 14:45:23,2025-03-08 07:36:07
153,Emily Thompson,amy49@example.com,33,35-44,Male,True,True,True,Tablet,2023-03-31 13:43:13,2025-01-14 19:31:05
154,Courtney Dudley,kellie37@example.com,1,45-54,Female,True,True,True,Mobile,2022-09-26 13:51:19,2023-07-12 19:25:16
155,Mikayla Roberts,zhuang@example.com,12,45-54,Female,False,True,True,Desktop,2023-11-03 22:04:59,2025-01-09 14:18:26
156,Dwayne Klein,sandra47@example.org,43,55-64,Male,False,True,False,Desktop,2025-08-28 13:58:58,2025-11-23 12:05:43
157,Melissa Taylor,johnsantiago@example.net,20,35-44,Female,True,True,True,Desktop,2022-10-10 16:46:14,2024-06-26 20:48:01
158,Gary Kennedy,adampierce@example.org,8,18-24,Female,True,False,False,Mobile,2022-11-12 11:17:12,2023-08-01 22:46:48
159,Karen Gonzalez,manuel01@example.net,46,55-64,Male,True,True,True,Mobile,2023-07-24 08:06:38,2025-10-19 04:38:43
160,Taylor Gentry,robertmonroe@example.org,21,35-44,Female,False,True,False,Tablet,2024-03-14 07:18:14,2025-02-20 20:46:36
161,Timothy Hayden DVM,smithashley@example.org,48,65+,Female,True,True,False,Tablet,2025-10-27 15:26:19,2025-11-15 10:35:37
162,Martin Warren,melissamcdonald@example.org,10,25-34,Male,True,True,True,Tablet,2025-07-22 18:50:33,2025-09-08 10:26:26
163,Mariah Higgins,doylekrystal@example.net,36,35-44,Male,True,True,True,Desktop,2025-02-05 08:29:58,2025-05-19 05:26:26
164,Margaret Sullivan,frobertson@example.com,18,25-34,Female,True,True,False,Tablet,2024-08-01 20:05:34,2024-11-05 19:12:03
165,Franklin Wright,patrick74@example.com,22,25-34,Female,True,True,False,Tablet,2024-07-25 19:35:13,2024-10-26 15:55:58
166,Matthew Schwartz,contrerassteven@example.org,14,25-34,Male,True,True,True,Tablet,2023-02-27 23:30:58,2025-03-06 09:38:45
167,Michele Collins,fowlershelia@example.com,7,55-64,Female,False,True,True,Desktop,2023-07-22 11:16:23,2024-10-04 15:31:29
168,Christian Adkins,robert87@example.net,17,35-44,Female,False,True,True,Mobile,2024-05-09 12:36:55,2024-09-14 09:09:01
169,Melanie Larson,foxallison@example.com,22,25-34,Female,False,True,True,Mobile,2025-01-26 12:53:15,2025-10-19 15:41:43
170,Joshua Wagner,franklinbond@example.com,12,65+,Female,True,True,True,Mobile,2022-04-20 19:22:10,2024-05-12 08:34:31
171,Ann Dixon,chavezwilliam@example.com,41,25-34,Female,True,True,True,Tablet,2022-06-12 22:42:03,2023-03-02 20:26:08
172,Elizabeth Johnson,lisa39@example.org,2,18-24,Female,True,True,True,Desktop,2024-02-28 18:59:39,2025-02-28 21:42:31
173,Zachary Michael,andersenthomas@example.com,12,18-24,Male,True,True,True,Desktop,2022-03-05 02:52:44,2023-06-23 19:51:58
174,Veronica Brewer,ybrooks@example.com,37,25-34,Female,True,True,True,Tablet,2023-07-27 09:25:05,2025-05-27 11:25:29
175,Michael Stanley,desireebailey@example.org,4,45-54,Female,True,True,True,Desktop,2025-05-01 20:05:25,2025-11-23 12:35:30
176,William Davenport,goodsteven@example.net,15,25-34,Female,False,True,True,Mobile,2025-10-20 17:54:06,2025-11-11 21:58:02
177,Danielle Reed,jacob10@example.net,12,65+,Male,False,True,False,Tablet,2024-02-01 19:17:57,2025-01-29 16:42:02
178,Alexis Harris,wheelersean@example.net,37,55-64,Male,False,True,False,Mobile,2023-08-10 20:59:04,2025-05-28 10:36:15
179,Jennifer Young,karenparsons@example.org,4,18-24,Male,True,True,True,Tablet,2024-09-10 20:44:46,2024-10-02 06:47:22
180,Monique Flores,joel28@example.org,29,35-44,Male,False,True,False,Tablet,2023-12-06 12:49:20,2024-07-07 03:17:50
181,Leslie Moss,conniesimmons@example.com,5,18-24,Male,False,True,False,Desktop,2023-08-02 11:49:39,2024-03-27 10:15:45
182,Jane Warren,trussell@example.com,49,25-34,Male,True,True,True,Desktop,2022-03-07 11:05:00,2023-06-24 22:28:23
183,Darin Mathews,lindamelendez@example.net,21,55-64,Male,True,True,False,Tablet,2022-09-15 07:05:22,2024-06-14 16:38:38
184,Jasmine Scott,deborah75@example.org,11,18-24,Male,True,True,True,Desktop,2023-08-01 21:15:36,2024-07-27 16:43:24
185,James Jacobs,russojacob@example.net,41,35-44,Female,True,True,True,Desktop,2024-01-20 10:50:04,2025-08-18 11:15:46
186,Sean Cook,lewisjames@example.net,22,35-44,Female,True,True,True,Tablet,2024-10-10 10:39:24,2025-06-07 20:21:28
187,David Munoz,randyallen@example.com,19,45-54,Female,False,True,True,Desktop,2022-06-14 22:12:30,2025-12-14 11:25:20
188,Heather Green,zowens@example.net,38,65+,Male,False,True,False,Tablet,2024-12-20 20:25:23,2025-05-06 07:36:12
189,Jacqueline Gutierrez,joycesmith@example.net,27,45-54,Male,True,True,True,Desktop,2023-10-19 08:51:18,2025-08-10 20:04:52
190,Christian Rivera,phudson@example.com,26,35-44,Female,False,True,True,Desktop,2025-07-31 20:04:28,2025-10-18 23:30:37
191,Phillip Burns,umurray@example.com,7,45-54,Female,True,True,True,Tablet,2024-02-10 19:51:34,2025-11-06 17:58:05
192,Thomas Weaver DDS,warrenmary@example.org,7,18-24,Male,True,True,True,Tablet,2022-08-25 19:25:48,2025-01-11 11:50:27
193,Jennifer Kirby,carloshernandez@example.org,45,35-44,Male,True,True,True,Mobile,2025-08-15 09:23:25,2025-11-04 13:43:37
194,Mary Jensen,bhopkins@example.org,14,35-44,Male,True,True,True,Mobile,2023-12-09 08:46:09,2024-09-09 11:21:29
195,Nathan Nichols,andre62@example.org,42,18-24,Female,False,True,True,Tablet,2024-01-15 10:51:45,2024-10-28 07:54:21
196,Manuel King,joseph61@example.com,26,45-54,Male,True,True,False,Mobile,2025-07-08 08:35:27,2025-09-29 22:14:51
197,Michael Evans,valdezmichele@example.org,18,45-54,Female,True,True,False,Mobile,2025-09-04 13:27:24,2025-10-20 00:13:13
198,Amy Smith,christopherbruce@example.net,32,35-44,Female,True,True,True,Desktop,2022-05-11 11:12:29,2023-09-21 07:42:55
199,Anna Rice,hallrachel@example.net,20,65+,Female,True,True,True,Mobile,2025-01-02 11:29:39,2025-07-17 08:43:45
200,Benjamin Frost,whitemelissa@example.org,9,35-44,Male,True,True,False,Mobile,2025-05-26 08:44:09,2025-08-30 16:26:38
201,Michelle Sanders,evansanne@example.net,29,45-54,Female,False,True,True,Desktop,2025-09-07 17:31:18,2025-11-04 08:20:53
202,Evelyn Campos,krystalnorris@example.org,27,45-54,Male,True,True,False,Mobile,2025-03-13 22:32:41,2025-06-28 15:43:31
203,Jeffrey Roberson,cassie99@example.com,30,35-44,Female,True,True,True,Desktop,2023-12-02 10:17:14,2025-11-25 16:10:49
204,Rachel Hayes,michaelpugh@example.com,49,45-54,Female,False,True,False,Mobile,2025-09-17 20:52:23,2025-10-16 16:48:02
205,Raymond Phillips,jennifermiller@example.org,6,35-44,Prefer not to say,False,True,False,Tablet,2022-09-17 10:02:28,2024-08-11 10:55:52
206,James Ward,smithkyle@example.com,40,18-24,Male,True,True,True,Desktop,2023-06-16 19:55:45,2025-05-31 18:27:10
207,Jeffrey Hawkins,fgarcia@example.com,37,25-34,Female,False,True,True,Desktop,2024-12-01 18:10:20,2025-01-08 23:18:18
208,Sharon Smith,fhughes@example.net,9,25-34,Female,False,True,False,Desktop,2024-02-15 21:17:55,2025-03-20 18:44:55
209,Laura Jackson,rjackson@example.com,5,45-54,Female,True,True,True,Desktop,2025-06-14 08:40:17,2025-11-27 18:24:28
210,Donald Evans,wardsheryl@example.net,47,18-24,Other,True,True,False,Tablet,2023-01-11 13:31:20,2023-06-16 17:55:49
211,Brian Torres,ncook@example.com,19,25-34,Female,True,True,True,Tablet,2024-05-24 12:27:52,2025-04-27 09:17:20
212,Robert Villarreal,kevinmorrison@example.net,2,18-24,Female,True,True,False,Mobile,2025-01-29 20:02:06,2025-05-14 18:53:29
213,Tracy Carter,yfaulkner@example.org,18,18-24,Male,True,True,True,Mobile,2022-10-08 23:58:08,2023-10-08 21:19:10
214,Holly Frederick,brittanygardner@example.net,42,18-24,Male,True,True,True,Tablet,2023-04-01 12:19:46,2024-01-03 19:14:27
215,Terri Clark,marie16@example.net,28,45-54,Male,True,True,False,Mobile,2024-12-09 19:00:00,2024-12-18 19:52:07
216,Matthew Espinoza,mjones@example.com,49,55-64,Female,True,True,True,Tablet,2023-11-30 10:56:19,2025-03-16 08:49:52
217,Sheila Barnes,gibbsmichael@example.net,10,65+,Female,True,True,False,Mobile,2024-03-25 18:28:22,2025-02-24 19:40:47
218,David Ortega,deborahwilliams@example.net,9,25-34,Female,True,True,False,Desktop,2024-04-10 19:37:46,2025-10-23 11:27:20
219,Tracie Jordan,garciajeffrey@example.net,20,25-34,Female,True,True,True,Mobile,2024-08-05 20:44:01,2025-02-19 20:42:56
220,Jill Myers,michaeljohnson@example.org,34,55-64,Male,True,True,True,Tablet,2023-12-27 14:07:15,2025-02-16 15:38:04
221,Ronald Cross,larry73@example.net,5,18-24,Male,True,True,True,Desktop,2023-02-18 13:34:43,2025-09-24 08:30:49
222,Michael Flores,bradley10@example.com,45,35-44,Female,True,True,True,Mobile,2023-11-07 15:40:45,2024-11-07 15:26:27
223,William Sanchez,andrearivera@example.com,38,45-54,Female,True,True,False,Tablet,2024-06-25 15:13:51,2025-06-24 08:20:25
224,Cody Davidson,vfoster@example.net,8,35-44,Female,True,True,False,Mobile,2025-09-02 22:15:03,2025-09-26 09:59:27
225,Aaron Lewis,karen19@example.org,34,35-44,Female,True,True,False,Desktop,2025-05-20 01:08:44,2025-08-21 01:31:22
226,Craig Wilson,orose@example.com,28,25-34,Male,False,True,True,Desktop,2025-01-23 19:07:49,2025-07-17 21:21:51
227,Hannah Bruce,lisamccarthy@example.com,11,25-34,Male,True,True,True,Tablet,2024-04-15 15:03:31,2025-04-22 21:10:23
228,Emily Allen,whiteheather@example.net,24,25-34,Male,False,False,True,Tablet,2025-07-09 00:54:55,2025-10-10 01:02:30
229,Jenny Tucker,angelaburns@example.org,47,25-34,Female,True,True,False,Mobile,2023-06-28 19:26:14,2024-12-16 10:26:58
230,Sharon Crane,ytaylor@example.net,30,55-64,Female,True,True,True,Desktop,2022-09-19 08:51:33,2025-06-11 23:25:04
231,Jennifer Larsen,kjackson@example.org,30,25-34,Other,False,True,False,Tablet,2023-12-09 09:36:50,2024-12-07 10:39:15
232,Danny Roberts,xcunningham@example.com,15,35-44,Female,True,True,True,Tablet,2025-01-18 20:15:09,2025-03-31 00:26:01
233,Reginald Morrow,amber07@example.net,16,35-44,Other,False,True,True,Mobile,2024-02-09 11:47:46,2024-04-25 10:13:33
234,Martha Wright,colemichael@example.org,24,35-44,Female,True,True,True,Desktop,2022-11-02 21:57:54,2024-02-29 15:44:57
235,Cynthia Cochran,michelle96@example.org,19,25-34,Male,False,True,False,Desktop,2023-09-07 06:36:03,2025-12-09 13:08:15
236,Renee Hudson,candice25@example.net,50,35-44,Male,True,True,True,Tablet,2024-05-11 14:14:04,2025-08-11 22:08:49
237,Kayla Mccullough,taylorkaren@example.com,8,18-24,Female,True,True,True,Mobile,2023-02-14 11:49:13,2024-09-28 14:29:16
238,Beth Cline,dustinmorris@example.org,26,35-44,Female,True,False,True,Desktop,2025-07-09 20:20:09,2025-12-13 07:15:22
239,Kenneth Adams MD,yjones@example.org,7,55-64,Male,True,True,False,Mobile,2024-12-01 21:35:47,2025-08-14 16:06:29
240,Sherry Gibson,amurphy@example.net,38,35-44,Female,True,False,True,Tablet,2023-07-18 08:25:23,2025-05-08 19:41:05
241,Melissa Horn,brobinson@example.org,22,18-24,Female,True,False,True,Tablet,2022-05-11 13:08:05,2025-11-08 21:53:51
242,Joshua Anderson,rkramer@example.org,14,65+,Male,True,True,True,Tablet,2023-11-24 12:01:24,2024-07-23 19:11:22
243,Alexis Noble,scottsmith@example.com,4,18-24,Male,True,True,False,Mobile,2022-03-06 09:18:31,2024-07-17 12:35:30
244,Matthew Moore,clarence54@example.org,46,25-34,Female,True,False,True,Desktop,2022-10-11 18:51:34,2024-12-18 20:24:50
245,James Torres,rubendavis@example.org,50,25-34,Female,True,True,True,Mobile,2023-06-05 09:01:20,2025-09-17 17:01:57
246,Darrell Frazier,smithmatthew@example.org,48,18-24,Prefer not to say,True,True,False,Desktop,2022-01-02 22:06:15,2023-11-21 18:17:34
247,Benjamin Reyes,garciamichael@example.com,48,45-54,Female,True,True,False,Tablet,2025-10-14 22:54:11,2025-11-09 09:37:20
248,Brandi Haney,caseyelliott@example.net,35,25-34,Female,True,True,True,Tablet,2022-07-11 08:12:53,2025-03-06 23:56:31
249,Lori Hernandez,cjensen@example.org,22,45-54,Female,False,True,True,Tablet,2024-06-28 14:21:58,2025-02-18 18:51:08
250,Leah Cruz,iedwards@example.org,24,65+,Male,False,True,True,Desktop,2022-05-02 19:09:49,2022-09-11 07:33:55
251,Lindsay Lawson,abbottdominique@example.com,32,45-54,Male,False,True,False,Desktop,2023-01-23 10:10:46,2023-04-22 22:50:40
252,James Lucas,troyrodriguez@example.com,45,25-34,Male,True,True,True,Tablet,2022-10-15 09:37:52,2024-09-16 08:19:46
253,Alexandria Ward,david96@example.com,41,35-44,Female,True,True,True,Desktop,2024-06-11 03:38:20,2024-07-20 21:39:14
254,William Jones,smithjason@example.org,47,55-64,Male,True,True,True,Desktop,2024-02-04 08:56:05,2024-05-31 20:42:40
255,Micheal Wang,fmiles@example.net,27,65+,Female,True,True,True,Mobile,2025-08-20 20:46:00,2025-10-05 05:28:46
256,Eric Dixon,terrimoore@example.com,15,25-34,Male,False,True,True,Mobile,2024-01-21 20:50:55,2025-03-23 17:48:43
257,Melanie Jones,pblair@example.org,36,65+,Other,True,False,False,Tablet,2023-07-01 06:10:56,2025-01-20 11:46:04
258,Logan Brown,davidzimmerman@example.net,4,18-24,Male,True,True,False,Tablet,2022-12-09 03:41:10,2025-09-22 17:27:10
259,Joseph Carson,gary24@example.net,26,35-44,Female,True,True,True,Desktop,2022-01-16 16:42:18,2023-12-26 10:06:03
260,Robert Nelson,bakertheresa@example.net,14,25-34,Male,True,True,True,Desktop,2025-05-25 20:40:38,2025-10-29 14:06:01
261,Jonathan Bradley,eric19@example.net,25,25-34,Female,True,True,True,Desktop,2022-04-18 14:57:42,2023-12-17 10:41:34
262,Amanda Roy,brandoncox@example.org,45,45-54,Male,True,True,False,Tablet,2024-10-08 09:53:17,2025-01-14 17:09:48
263,Robert Klein,pwalker@example.com,35,45-54,Female,True,True,True,Desktop,2022-09-08 09:03:53,2025-10-28 11:33:26
264,Laura Wilson,whitelinda@example.org,37,45-54,Female,True,True,True,Mobile,2025-07-05 21:45:02,2025-08-26 15:57:33
265,Douglas Kirk,christopher70@example.com,44,35-44,Prefer not to say,True,True,True,Tablet,2025-08-27 23:51:12,2025-09-03 07:27:05
266,Marcus Marshall,xcuevas@example.org,21,55-64,Female,False,True,False,Tablet,2022-10-08 21:04:05,2024-07-25 11:25:35
267,Brittany Randolph,hallmichael@example.net,38,35-44,Other,True,True,False,Desktop,2024-10-21 15:26:07,2025-06-07 13:09:36
268,Matthew Sweeney,dalton83@example.com,42,35-44,Female,True,True,True,Tablet,2025-05-12 21:56:22,2025-12-04 21:16:24
269,Michelle Davis DVM,xhaynes@example.com,45,25-34,Female,False,False,True,Desktop,2023-11-20 19:25:02,2024-01-04 12:56:21
270,Casey Wilkins,vargasbryan@example.net,15,18-24,Other,True,True,True,Desktop,2025-09-25 10:53:31,2025-10-01 21:43:06
271,Ethan Owen,louis43@example.org,27,45-54,Female,False,True,True,Mobile,2025-09-10 17:05:12,2025-10-02 13:58:52
272,Ashley Garcia,aowens@example.org,34,55-64,Male,True,True,False,Mobile,2025-08-13 06:45:32,2025-08-29 12:49:54
273,Eric Baker,davislindsey@example.com,24,55-64,Female,True,True,True,Desktop,2024-01-20 04:03:58,2025-11-20 11:12:17
274,Russell Murphy,dawsontanya@example.com,36,25-34,Male,False,True,False,Desktop,2025-03-02 15:28:11,2025-09-18 22:30:37
275,William Johnson,jbond@example.net,15,45-54,Female,True,True,True,Tablet,2023-12-20 02:03:10,2025-04-24 21:49:13
276,Riley Martinez,greertoni@example.org,1,25-34,Female,False,True,False,Desktop,2024-02-09 00:58:08,2024-04-12 18:38:51
277,Teresa Miller,samantha10@example.org,30,25-34,Female,True,True,True,Tablet,2022-10-05 12:24:54,2024-01-15 11:16:13
278,Anna Boone,david70@example.org,19,25-34,Male,True,False,True,Desktop,2022-10-04 22:53:23,2024-10-27 17:38:38
279,Kathleen Reyes,nthompson@example.org,34,45-54,Female,False,True,True,Tablet,2025-07-16 09:45:57,2025-09-19 18:12:09
280,Lucas Jensen,victor87@example.org,17,65+,Male,False,True,False,Mobile,2023-01-20 10:08:46,2024-05-06 02:31:18
281,Marvin Robles,crystalpham@example.org,31,65+,Female,True,True,False,Tablet,2022-05-03 10:45:14,2023-09-21 19:40:50
282,Joshua Washington,paul20@example.com,36,45-54,Male,True,True,True,Desktop,2025-10-16 08:06:30,2025-12-01 07:16:46
283,Diana Stokes,xmoreno@example.net,24,25-34,Male,False,True,False,Tablet,2024-04-15 09:55:19,2024-05-02 12:56:21
284,Matthew Adams,gallagherstacie@example.net,8,55-64,Male,True,True,False,Mobile,2025-10-30 17:39:04,2025-12-13 15:12:32
285,Ryan Bruce,joelstewart@example.net,30,18-24,Female,True,True,True,Mobile,2025-03-30 23:21:26,2025-10-23 23:57:58
286,Michael Meza,annalopez@example.com,50,25-34,Female,True,True,True,Tablet,2024-09-02 10:03:00,2025-11-04 13:13:48
287,Anthony Guzman,foxaaron@example.net,1,18-24,Male,True,True,True,Tablet,2024-01-29 13:27:25,2024-05-28 12:30:24
288,Tamara Richard,brian29@example.net,45,55-64,Male,True,True,True,Mobile,2022-10-09 09:43:00,2023-03-09 18:15:14
289,Shannon Yu,janet69@example.org,34,25-34,Female,False,True,False,Desktop,2025-07-07 20:19:18,2025-11-08 14:33:38
290,Morgan Kim,lbanks@example.net,15,25-34,Prefer not to say,True,True,True,Mobile,2023-04-16 20:10:58,2024-02-24 21:25:01
291,Rachel Walker,nicholasgross@example.com,17,45-54,Female,True,True,True,Mobile,2025-09-17 11:41:50,2025-11-17 03:56:40
292,Tiffany Myers,whitelucas@example.net,17,35-44,Male,True,True,True,Tablet,2022-06-28 05:07:26,2025-01-05 14:07:35
293,Brenda Mcgee,michaelflores@example.net,27,55-64,Male,False,True,True,Mobile,2022-11-06 07:33:17,2024-08-08 18:44:08
294,Margaret Tanner,nsmith@example.org,13,25-34,Male,True,True,False,Tablet,2025-05-23 15:38:12,2025-06-10 20:53:33
295,Michelle Williams,koconnor@example.com,8,55-64,Female,True,True,True,Tablet,2024-08-27 22:21:15,2025-02-09 00:42:05
296,Ashley Mendoza,franciscojones@example.org,17,35-44,Male,True,True,True,Tablet,2023-11-21 19:57:16,2024-09-01 18:29:18
297,Angela Jackson,emartin@example.net,3,18-24,Male,True,True,False,Tablet,2023-02-17 10:47:07,2024-01-11 07:48:56
298,William Barry,reynoldsdesiree@example.net,8,35-44,Other,True,True,False,Desktop,2025-08-10 10:46:05,2025-12-12 11:21:11
299,Daniel Lee,donna43@example.org,4,65+,Female,True,False,True,Tablet,2025-05-29 18:51:10,2025-06-29 07:44:46
300,Brittany Ward,qmiller@example.net,2,55-64,Female,False,False,True,Desktop,2022-03-11 19:11:39,2024-05-05 12:22:39
301,Christopher Carter,wellsdarrell@example.com,21,18-24,Female,True,True,False,Mobile,2024-04-19 07:26:28,2024-08-17 05:16:41
302,Martin Hughes,nicole52@example.com,45,45-54,Male,False,True,False,Tablet,2023-10-21 23:42:55,2025-09-23 10:33:44
303,Russell Elliott,karencontreras@example.org,1,45-54,Male,False,False,False,Mobile,2022-03-04 11:53:52,2023-11-01 16:39:03
304,Peter Perez,randallloretta@example.com,33,25-34,Female,True,True,True,Tablet,2024-07-23 19:20:15,2025-09-08 10:17:03
305,Laura Young,christian08@example.net,48,45-54,Male,True,True,True,Mobile,2025-09-12 13:54:31,2025-11-15 14:07:31
306,Lisa Martinez,kthompson@example.org,14,45-54,Male,True,True,False,Desktop,2025-06-13 20:39:40,2025-11-08 10:32:35
307,William Graham,maryscott@example.net,24,45-54,Male,False,True,True,Tablet,2025-02-05 10:49:39,2025-03-16 18:45:42
308,James Nguyen,april09@example.net,3,55-64,Female,False,True,True,Desktop,2025-07-02 22:18:35,2025-07-13 16:44:06
309,Charles Matthews,buckleyanna@example.org,30,55-64,Male,True,True,True,Tablet,2024-01-02 18:12:07,2024-10-27 22:25:13
310,Sherry Baker,earmstrong@example.org,43,35-44,Female,False,True,False,Tablet,2025-01-04 20:37:07,2025-10-30 20:28:29
311,Melanie Morales,vpreston@example.net,12,45-54,Male,False,True,False,Tablet,2022-08-29 22:53:37,2023-12-27 14:32:49
312,Stephanie Smith,larry71@example.org,45,45-54,Male,False,False,True,Mobile,2022-11-29 21:32:56,2025-03-07 11:38:58
313,Roger Adams,fjacobs@example.org,45,35-44,Male,False,True,True,Mobile,2022-07-08 07:38:44,2025-11-12 21:32:19
314,John Black,lori82@example.org,46,45-54,Female,True,True,True,Mobile,2023-09-10 18:18:43,2025-10-04 11:43:08
315,Samuel Suarez,thompsonnancy@example.org,27,45-54,Female,True,False,True,Mobile,2023-03-12 20:35:30,2024-08-04 17:42:45
316,Thomas Bush,micheal78@example.com,13,25-34,Female,False,True,True,Mobile,2025-03-16 16:01:24,2025-05-23 08:42:03
317,Jaime Wheeler,susanwells@example.net,29,18-24,Female,False,False,False,Tablet,2024-06-07 19:18:13,2024-08-14 19:02:22
318,Nicole Barker,anthony02@example.net,45,45-54,Female,True,False,False,Desktop,2023-05-05 11:32:50,2023-10-08 20:44:18
319,Danny Clark,xpalmer@example.net,50,55-64,Male,True,True,False,Desktop,2024-12-26 22:03:00,2025-03-11 19:12:39
320,Lindsay Smith,charlene44@example.com,13,25-34,Male,True,True,True,Tablet,2022-01-13 19:34:47,2025-08-10 18:49:46
321,Daniel Turner,asilva@example.net,11,35-44,Male,True,True,True,Mobile,2025-06-06 07:02:27,2025-11-16 10:16:08
322,Kristina Wheeler,kenneth17@example.org,43,25-34,Female,True,True,False,Tablet,2025-10-30 22:38:03,2025-12-13 20:40:39
323,Donald Douglas,jacob83@example.org,27,35-44,Male,True,False,False,Desktop,2023-04-16 09:11:33,2024-01-10 06:32:10
324,Mary Becker,rioswhitney@example.com,49,65+,Male,True,True,False,Tablet,2025-01-31 11:13:48,2025-10-13 18:30:35
325,Lauren Cooley,matthewreeves@example.net,8,25-34,Female,True,False,False,Desktop,2025-06-22 21:15:02,2025-09-01 19:20:24
326,Megan Romero,marywalter@example.org,42,25-34,Female,False,True,False,Tablet,2024-01-18 15:32:28,2025-07-18 14:18:57
327,Molly Hansen,staceylam@example.net,14,55-64,Male,True,True,False,Tablet,2023-02-16 16:40:04,2024-06-16 09:40:49
328,Elizabeth French,nathan94@example.com,10,18-24,Female,True,True,True,Desktop,2022-05-05 20:41:52,2023-08-16 22:47:43
329,Lauren Blackburn,kennedyjames@example.org,25,35-44,Male,True,True,True,Mobile,2025-04-05 17:36:52,2025-08-02 09:16:26
330,Anthony Dickerson,victoriacooper@example.net,45,55-64,Male,True,True,False,Tablet,2025-04-28 18:39:04,2025-07-25 19:37:02
331,Scott White,freemancrystal@example.org,43,18-24,Male,True,True,False,Tablet,2025-06-03 06:48:59,2025-12-12 13:25:52
332,Daniel Ayala,tracygallagher@example.org,47,45-54,Female,True,False,True,Mobile,2023-03-15 10:40:09,2023-05-12 10:56:58
333,Jeffrey Woods,johnsonjames@example.com,14,45-54,Female,True,True,True,Tablet,2022-07-01 00:38:25,2023-12-30 16:05:19
334,Kiara Smith,simsjohn@example.net,8,25-34,Female,False,False,False,Tablet,2025-08-22 08:11:14,2025-12-02 18:16:12
335,Jonathan Torres,colonkenneth@example.com,7,25-34,Female,False,True,False,Mobile,2025-05-11 14:35:04,2025-07-18 10:04:16
336,Jessica Mcdaniel,matthewvalenzuela@example.com,29,25-34,Female,True,True,True,Desktop,2023-09-30 07:39:04,2024-11-22 21:20:31
337,Robin Smith,jessicaanderson@example.net,46,45-54,Male,False,True,False,Desktop,2024-11-15 22:10:00,2025-01-19 10:50:14
338,Michael Conner,qmcdowell@example.net,12,45-54,Male,True,True,False,Mobile,2022-01-31 13:22:49,2024-01-14 10:35:06
339,Brian Huff,norrisrobert@example.com,2,55-64,Female,False,True,False,Mobile,2024-05-21 09:56:40,2025-04-26 07:04:57
340,Christine Jennings,turnerdorothy@example.net,42,45-54,Male,True,True,False,Desktop,2022-06-22 21:35:16,2023-05-09 16:34:30
341,Jennifer Roach,campbellkristen@example.com,1,45-54,Female,False,True,True,Tablet,2023-12-29 07:32:32,2025-03-19 06:23:32
342,Joseph Harris,cphillips@example.net,10,45-54,Female,True,True,True,Mobile,2022-10-05 08:10:11,2023-05-26 17:36:42
343,Erin Smith,meadowsmary@example.net,24,25-34,Female,False,True,True,Mobile,2023-11-26 10:14:02,2024-04-29 18:33:58
344,Angela Cummings,dawn74@example.com,17,35-44,Female,True,True,True,Mobile,2023-11-23 19:33:40,2025-11-06 20:53:47
345,Andrew Roberts,ronald11@example.org,23,35-44,Female,True,True,True,Mobile,2023-10-12 15:24:58,2023-12-30 09:25:22
346,Erin Kline,natalie15@example.com,11,25-34,Female,True,True,False,Tablet,2022-01-14 09:32:41,2022-07-31 10:09:11
347,Denise Cruz,pmarsh@example.org,42,55-64,Male,True,True,True,Tablet,2022-09-13 07:43:30,2024-01-02 14:37:10
348,Tommy Moore,epruitt@example.net,12,35-44,Male,False,True,False,Tablet,2022-06-08 15:57:36,2024-11-19 08:10:16
349,Ian Johnson,timothyfreeman@example.com,31,25-34,Female,True,True,False,Mobile,2024-08-07 18:18:05,2024-11-04 09:38:30
350,Alexandria Oneill,tiffanysantiago@example.com,30,35-44,Male,True,True,True,Tablet,2023-09-09 18:32:16,2023-10-31 08:43:21
351,Jessica Barber,rreed@example.net,7,25-34,Female,True,False,True,Mobile,2023-12-28 21:32:43,2025-05-05 12:09:38
352,Victoria Brown,williamharrison@example.com,1,55-64,Female,True,True,True,Mobile,2023-06-23 06:42:08,2025-07-22 21:34:52
353,David Cordova Jr.,andreagray@example.org,50,25-34,Female,False,True,False,Mobile,2025-05-01 19:27:14,2025-05-18 22:30:50
354,Anita Jimenez,david70@example.org,6,25-34,Female,True,True,False,Mobile,2022-04-21 12:16:30,2023-12-04 20:58:54
355,Samantha Conner,pamela83@example.net,45,55-64,Male,True,True,True,Desktop,2023-07-19 17:07:33,2023-08-19 00:41:13
356,Anthony Walker,xrivera@example.net,26,45-54,Male,False,True,True,Tablet,2024-07-28 21:27:36,2025-11-19 11:17:43
357,Jesse Davis,aaronkelly@example.net,48,18-24,Female,True,True,False,Mobile,2024-04-19 14:19:36,2025-06-26 10:45:25
358,Michaela Williams,travisunderwood@example.net,40,45-54,Female,True,False,True,Mobile,2025-09-11 07:32:25,2025-10-08 20:51:35
359,Chelsea Conrad,ylewis@example.org,17,25-34,Male,True,True,False,Tablet,2024-10-06 20:30:59,2024-11-21 17:05:04
360,Timothy Monroe,bartonshannon@example.net,12,45-54,Male,True,True,False,Desktop,2024-09-29 18:18:45,2024-11-15 22:03:49
361,April Fitzgerald,eroberson@example.net,40,25-34,Male,True,True,True,Desktop,2024-04-04 08:50:38,2025-02-10 15:44:14
362,Carrie Ochoa,hughescaroline@example.com,34,18-24,Female,False,True,False,Tablet,2024-12-28 20:22:42,2025-11-13 12:37:12
363,Sydney Farmer,raymond54@example.com,39,65+,Male,True,True,True,Tablet,2023-12-07 21:22:22,2024-09-16 22:17:14
364,Stacey Hunt,jennifer83@example.org,33,65+,Female,False,True,False,Desktop,2025-01-30 07:04:32,2025-03-15 10:07:51
365,Tammy Anderson,williambenson@example.com,44,35-44,Female,True,True,True,Tablet,2022-10-21 17:49:15,2025-01-20 20:49:29
366,Lauren Bender,icraig@example.com,27,65+,Female,True,True,True,Mobile,2024-09-20 20:14:43,2025-08-29 19:51:20
367,Brian James,santiagojames@example.org,12,35-44,Male,False,True,False,Tablet,2025-05-12 12:47:52,2025-08-11 10:35:59
368,Antonio Mueller,karenjohnson@example.com,16,55-64,Male,True,True,True,Mobile,2025-10-07 22:12:31,2025-11-23 19:15:47
369,Sharon Newton,yyoung@example.net,40,18-24,Female,False,True,True,Desktop,2022-05-24 20:07:58,2025-06-26 06:42:31
370,Jasmine Frye,tammy00@example.net,12,65+,Female,True,True,True,Mobile,2023-02-07 14:56:57,2024-12-30 17:17:31
371,Sheila Greer,kari89@example.org,23,25-34,Female,True,False,False,Desktop,2022-12-18 16:27:30,2024-10-26 22:02:32
372,Christopher Fleming,sydneymoss@example.org,7,25-34,Female,True,True,True,Desktop,2024-12-21 11:00:00,2025-12-02 19:24:37
373,Beverly Silva,adam72@example.org,27,45-54,Male,False,True,True,Mobile,2023-06-12 22:21:23,2024-07-08 08:27:13
374,Timothy Gilbert,tracy98@example.com,16,35-44,Female,True,True,False,Desktop,2022-08-04 23:43:14,2023-09-04 20:46:17
375,Tina Meyer,robertherrera@example.org,41,35-44,Female,False,True,True,Tablet,2022-04-12 20:11:26,2024-11-17 15:57:54
376,Erin Carter,wbarajas@example.net,17,35-44,Female,True,True,True,Tablet,2023-05-04 05:06:44,2025-08-25 08:13:52
377,Tanner Austin,susanfleming@example.com,23,55-64,Other,True,True,True,Mobile,2022-01-13 16:51:16,2024-08-27 10:26:07
378,David Ramsey,pruittlynn@example.com,50,45-54,Female,True,True,True,Mobile,2023-06-18 23:18:22,2025-06-12 10:32:31
379,Mr. Matthew Flores,vaughangary@example.net,40,35-44,Female,True,True,True,Desktop,2023-12-21 21:40:51,2024-12-23 22:26:40
380,Mark Lewis,nhouston@example.net,29,55-64,Female,False,True,True,Mobile,2024-01-16 18:45:17,2025-03-29 18:25:17
381,Jessica Montoya,burgesseric@example.com,48,45-54,Male,True,True,True,Desktop,2025-03-05 08:01:08,2025-11-10 19:42:16
382,Christopher King,andrewsjeremy@example.com,7,25-34,Male,True,False,True,Mobile,2024-09-29 17:01:49,2024-10-15 12:48:05
383,Eugene Price,nicholsdarlene@example.net,11,18-24,Female,False,True,True,Tablet,2023-07-25 19:28:40,2024-08-22 07:33:53
384,Ryan Howard,robertsgina@example.net,12,35-44,Male,False,False,True,Tablet,2022-03-30 22:35:28,2025-01-04 08:44:34
385,James Guerrero,omoore@example.org,6,35-44,Male,True,True,True,Mobile,2022-05-02 18:19:58,2025-02-07 11:34:14
386,Elizabeth Walters,erica50@example.net,49,35-44,Male,True,True,True,Mobile,2024-11-10 11:30:34,2025-09-24 00:59:31
387,Kenneth Long,torreskaitlin@example.net,16,25-34,Female,True,True,True,Desktop,2025-05-08 16:12:26,2025-06-08 21:27:25
388,Kayla Martin,christinaking@example.org,45,45-54,Male,False,True,True,Mobile,2023-04-27 18:33:48,2024-05-28 20:39:51
389,Sarah Randolph,enewman@example.com,18,45-54,Female,True,True,False,Mobile,2022-09-11 09:18:07,2025-04-20 18:39:28
390,Kevin Lynn,david31@example.com,47,18-24,Male,True,True,True,Desktop,2024-07-28 09:06:18,2024-12-01 10:45:28
391,Jerry Jensen,heather29@example.net,49,65+,Male,False,True,True,Mobile,2024-05-16 23:29:44,2025-10-18 20:21:05
392,Aaron Sanchez,jenniferdavidson@example.com,50,45-54,Male,False,True,False,Mobile,2023-05-25 21:16:52,2024-03-15 11:00:07
393,Sherry Ford,kim78@example.org,25,45-54,Male,True,True,True,Tablet,2025-03-21 13:49:06,2025-04-26 16:13:30
394,Shannon Taylor,josemercado@example.org,4,55-64,Male,True,True,True,Mobile,2022-09-03 16:16:30,2024-08-30 18:12:23
395,Lynn Hess,nhammond@example.org,3,35-44,Female,True,True,False,Mobile,2024-10-14 20:37:07,2025-10-29 12:15:00
396,Mrs. Patricia Diaz MD,dennis88@example.org,41,18-24,Male,True,True,True,Desktop,2024-02-11 08:05:43,2025-02-10 18:59:48
397,Sarah Drake,katherinetaylor@example.org,29,45-54,Male,True,True,True,Mobile,2023-07-10 09:35:50,2024-09-28 18:22:51
398,Tracy Fitzgerald,ccrosby@example.org,13,35-44,Female,True,True,False,Tablet,2022-09-08 14:28:35,2025-10-14 10:44:31
399,David Barnett,paul70@example.org,19,55-64,Female,True,True,True,Tablet,2024-12-01 21:35:10,2025-02-26 06:09:28
400,Kelly Gallegos,beth92@example.com,16,25-34,Male,False,True,True,Tablet,2025-10-03 08:01:39,2025-10-26 21:49:39
401,Sara Black,okaufman@example.net,42,25-34,Male,True,True,False,Mobile,2024-07-03 15:35:09,2025-01-12 18:20:26
402,Ricky Eaton,shawdon@example.org,37,45-54,Male,True,True,True,Mobile,2023-07-22 21:12:06,2025-07-07 14:06:02
403,Chris Moore,guerrerorobert@example.com,14,45-54,Female,False,True,True,Desktop,2022-11-18 11:38:45,2024-06-17 06:59:58
404,Daniel Martin,cjohnson@example.org,4,55-64,Male,True,True,True,Mobile,2024-10-04 16:56:26,2025-05-02 20:50:45
405,Amanda Armstrong,jacksonsandra@example.net,13,25-34,Female,True,False,True,Tablet,2024-03-13 22:06:06,2024-06-24 19:34:24
406,Alicia Ball,stacey37@example.net,30,45-54,Male,True,True,True,Tablet,2025-09-02 12:06:49,2025-11-03 18:22:43
407,Ronald Burke,cindydixon@example.org,23,65+,Female,False,True,True,Tablet,2025-10-20 10:10:34,2025-12-07 23:28:59
408,Kevin Hall,banderson@example.org,14,25-34,Female,False,True,True,Desktop,2024-10-10 13:46:20,2025-03-06 18:36:34
409,Samantha Jacobs,thomasmendez@example.org,20,18-24,Prefer not to say,True,True,False,Tablet,2024-01-02 00:02:18,2025-10-11 18:33:08
410,Anna Hopkins,princekimberly@example.net,37,25-34,Male,True,True,True,Tablet,2025-05-12 20:58:35,2025-09-04 15:36:59
411,Melissa Patterson,yclarke@example.com,37,65+,Female,False,True,True,Tablet,2023-08-27 09:16:51,2024-08-14 10:36:25
412,Melissa Davis,jonathancannon@example.org,3,45-54,Female,True,True,False,Desktop,2024-04-04 19:52:58,2025-07-07 07:41:19
413,Colin Fletcher,lanedavid@example.org,50,25-34,Female,True,True,False,Desktop,2023-02-01 21:27:26,2025-08-07 22:07:55
414,Jennifer Rodriguez,qpearson@example.com,21,35-44,Male,True,True,True,Desktop,2023-06-09 05:33:02,2023-12-14 10:36:09
415,Donald Becker,robertbowers@example.com,26,18-24,Male,True,True,True,Desktop,2025-04-11 19:36:32,2025-07-25 06:27:18
416,Dr. Kenneth Schroeder,qfitzgerald@example.org,9,35-44,Male,True,True,True,Tablet,2022-09-08 06:32:27,2024-07-06 20:08:48
417,Candice Lewis,zhartman@example.net,44,65+,Male,True,True,True,Desktop,2024-11-12 16:15:04,2025-05-08 09:27:20
418,James Fields,morrowthomas@example.net,40,55-64,Female,True,True,False,Mobile,2024-05-09 10:41:01,2025-06-13 20:10:22
419,Bobby Johnson,zarias@example.net,8,45-54,Male,True,True,False,Desktop,2023-09-02 09:23:09,2023-10-25 20:54:05
420,Amy Ayala,daniellegonzales@example.org,2,25-34,Female,True,True,False,Tablet,2024-07-06 01:44:51,2024-12-03 07:28:30
421,Chloe Bowers,christinacraig@example.com,25,35-44,Female,True,True,True,Tablet,2025-04-04 14:46:09,2025-11-27 19:42:01
422,Zachary Chan,elizabeth69@example.org,25,45-54,Female,False,True,True,Desktop,2022-12-01 18:03:29,2022-12-01 18:00:04
423,Brandon Mitchell,michael43@example.net,46,18-24,Male,False,True,True,Tablet,2023-12-26 21:41:24,2025-06-08 09:24:32
424,Aaron Thompson,hansenwesley@example.com,34,25-34,Female,False,True,False,Desktop,2025-09-09 22:35:59,2025-10-23 19:02:15
425,Sherri Li,heather69@example.com,17,55-64,Female,False,True,True,Desktop,2025-08-17 18:15:32,2025-11-21 09:03:40
426,Judy Murray,olsonjonathan@example.com,47,25-34,Other,True,True,True,Mobile,2024-12-13 09:21:57,2025-09-16 12:08:05
427,Crystal Stewart,zachary04@example.org,35,18-24,Female,True,True,True,Mobile,2024-06-05 17:27:19,2025-12-11 21:21:28
428,Gloria Spencer,thomasgomez@example.net,50,18-24,Female,False,True,True,Tablet,2023-02-06 10:45:57,2024-03-28 16:08:27
429,Susan Porter,jimmyallen@example.com,49,25-34,Other,False,True,False,Tablet,2023-01-12 07:20:53,2025-10-19 21:46:01
430,Luke Moore,wilsonchristian@example.net,12,18-24,Prefer not to say,True,True,True,Tablet,2022-10-17 22:17:09,2023-06-08 20:06:08
431,Tina Charles,christine79@example.com,31,18-24,Female,True,True,True,Desktop,2023-11-21 09:43:01,2023-11-26 11:44:49
432,Diana Walker,brianlloyd@example.com,49,65+,Female,False,True,False,Mobile,2023-11-18 15:08:10,2025-12-03 08:02:26
433,Scott Parsons,sbray@example.net,40,35-44,Male,True,True,True,Mobile,2025-08-07 20:04:11,2025-08-11 22:28:55
434,Daniel Carpenter,michael42@example.net,48,35-44,Female,True,True,True,Mobile,2023-10-06 18:52:24,2025-04-10 19:25:39
435,Grace White,sclark@example.com,35,25-34,Female,True,True,True,Mobile,2023-01-03 13:52:56,2023-10-20 04:15:33
436,Kenneth Krause,lisale@example.org,19,35-44,Male,True,True,True,Mobile,2023-05-26 08:28:25,2024-06-03 21:49:52
437,Robert Rodgers,lshaffer@example.com,12,45-54,Female,True,True,True,Desktop,2024-02-16 13:41:28,2025-09-10 06:32:07
438,Kelly Le,jevans@example.net,30,18-24,Male,True,True,True,Tablet,2023-11-30 02:29:37,2025-12-11 21:57:12
439,Daniel King,colematthew@example.com,34,45-54,Female,False,True,True,Tablet,2022-03-08 07:07:45,2022-07-22 13:23:05
440,Hailey Jenkins,michelle93@example.net,43,55-64,Male,True,True,True,Desktop,2023-05-20 12:49:10,2024-10-25 21:36:55
441,Richard Kelly,champton@example.org,9,65+,Male,False,True,True,Desktop,2024-03-16 10:49:28,2025-05-04 10:11:07
442,Brianna Jackson,robert99@example.com,38,45-54,Male,True,True,True,Tablet,2023-06-18 17:00:38,2024-03-05 21:15:13
443,Darren Stewart,jennifer96@example.com,12,18-24,Female,True,False,False,Tablet,2025-04-02 09:40:35,2025-04-20 20:13:03
444,Nicole Meyer,lgutierrez@example.org,11,45-54,Female,True,True,False,Mobile,2025-05-26 10:58:05,2025-10-31 05:26:11
445,Patrick Brady,garrettgarcia@example.org,50,25-34,Male,True,True,True,Tablet,2022-06-24 22:47:37,2023-04-17 11:02:05
446,Randy Warren,garciachristine@example.org,22,35-44,Female,True,True,True,Tablet,2025-08-03 06:30:08,2025-10-05 08:55:17
447,David Mitchell,davidroberson@example.org,46,25-34,Female,True,True,False,Desktop,2024-07-05 23:33:05,2025-10-15 14:44:38
448,Sharon Mcdonald,amy28@example.org,32,35-44,Male,True,True,False,Mobile,2022-02-19 21:39:36,2023-07-01 15:46:40
449,Sherry Graham,regina78@example.org,14,55-64,Prefer not to say,True,True,True,Tablet,2024-04-06 08:29:40,2025-01-13 20:47:54
450,David Torres,millskatherine@example.org,5,25-34,Female,True,True,False,Desktop,2025-01-30 08:40:12,2025-06-19 19:16:50
451,Thomas Arroyo,xevans@example.com,13,25-34,Male,True,False,False,Tablet,2023-04-27 12:36:39,2024-07-21 22:53:11
452,Kimberly Lopez,kfoster@example.net,22,35-44,Female,False,True,True,Tablet,2025-01-21 07:09:40,2025-08-04 13:55:34
453,Dennis Henderson,zacharymarsh@example.net,44,25-34,Female,False,True,True,Mobile,2024-10-28 19:20:35,2025-04-06 16:13:36
454,Patrick Lamb,elopez@example.org,39,25-34,Female,False,True,False,Desktop,2025-02-03 10:24:40,2025-09-06 16:10:36
455,Jesse Graves,blopez@example.org,24,35-44,Female,True,True,True,Mobile,2022-07-11 19:17:26,2022-11-26 07:56:15
456,Brian Adams,oacosta@example.org,31,65+,Male,True,True,False,Desktop,2022-03-11 20:58:05,2024-03-15 13:01:51
457,Eric Lloyd,steven05@example.org,44,65+,Male,True,True,False,Mobile,2022-07-30 20:09:49,2024-03-30 21:52:33
458,Reginald Jones,qwhite@example.com,6,25-34,Female,True,True,False,Mobile,2025-03-26 00:59:02,2025-12-02 19:38:55
459,Danielle Wise,cwright@example.org,13,25-34,Female,False,True,True,Mobile,2025-03-04 17:19:40,2025-04-07 21:20:12
460,Vickie Kennedy,sharon20@example.net,35,25-34,Male,True,True,True,Mobile,2023-10-07 10:00:39,2025-06-14 17:06:13
461,Mark Gonzalez,boyerjeff@example.org,4,18-24,Male,True,True,True,Desktop,2025-08-04 08:19:39,2025-10-12 21:34:28
462,Robert Richards,amccormick@example.org,45,45-54,Female,True,True,False,Tablet,2022-11-27 12:45:38,2024-03-24 21:40:53
463,Brittney Townsend,ericdavis@example.net,9,18-24,Female,True,True,True,Tablet,2024-03-23 20:05:59,2025-06-02 19:29:36
464,Amy Kelly,jacquelinemoody@example.org,40,25-34,Male,True,False,True,Desktop,2023-04-19 19:29:30,2025-11-15 09:14:09
465,Maria Reed,bquinn@example.net,30,55-64,Male,True,True,True,Desktop,2023-11-14 13:01:04,2024-07-12 14:22:30
466,Andrew Mann,amy73@example.net,20,35-44,Male,True,True,True,Desktop,2023-06-13 20:50:06,2025-04-06 11:41:04
467,Denise Guerra,caseymoore@example.com,28,35-44,Male,True,True,False,Tablet,2022-09-19 11:21:13,2023-11-04 20:37:27
468,Ricardo Hunter,nicoleharvey@example.com,30,25-34,Male,True,True,True,Tablet,2025-02-20 22:36:53,2025-07-31 14:37:38
469,Mary Ryan,rlee@example.com,32,45-54,Male,True,True,True,Tablet,2024-12-21 07:52:38,2025-03-16 20:24:20
470,Jason Morris,millscarl@example.org,19,25-34,Female,True,True,True,Tablet,2024-12-07 20:48:09,2025-02-02 19:28:34
471,Corey Johnson,hbarrett@example.net,46,65+,Male,True,True,False,Desktop,2022-09-07 20:43:19,2022-10-14 21:59:27
472,Larry Jones,dianahebert@example.org,4,18-24,Female,False,True,True,Mobile,2024-09-08 20:54:18,2025-01-04 06:57:35
473,Patrick Zamora,laura09@example.com,25,35-44,Male,True,True,True,Tablet,2023-10-17 09:44:37,2025-03-04 12:20:45
474,Angela Lewis,garciajerry@example.com,43,18-24,Male,True,True,False,Tablet,2024-01-11 11:59:23,2025-06-10 20:09:18
475,Mario White,xreese@example.net,30,55-64,Female,False,True,True,Desktop,2022-09-23 13:08:05,2024-06-04 07:51:26
476,Jessica Garcia,andreawagner@example.net,39,18-24,Female,False,True,True,Tablet,2024-03-17 17:28:24,2025-05-21 11:11:27
477,Harold Edwards,megan66@example.net,8,35-44,Other,True,True,True,Desktop,2022-08-10 17:02:02,2025-12-13 17:45:23
478,Jaime Pierce,michael77@example.com,31,45-54,Female,True,True,True,Tablet,2023-03-29 13:05:33,2023-11-22 21:05:15
479,Alan Taylor,adam33@example.com,31,35-44,Female,True,True,True,Desktop,2022-01-01 10:03:57,2022-02-20 11:49:00
480,Desiree Spencer,clintonstevens@example.org,47,55-64,Male,True,True,True,Tablet,2022-01-31 09:02:44,2025-04-07 21:47:19
481,Crystal Shepherd,duncanashley@example.org,6,18-24,Male,False,True,True,Desktop,2022-07-13 23:51:47,2023-10-15 18:18:31
482,Carrie Petersen,larsonkevin@example.net,38,45-54,Female,True,True,False,Mobile,2024-10-24 21:00:47,2025-08-21 07:11:58
483,Tammy Cook,hbutler@example.org,10,35-44,Female,False,True,True,Desktop,2025-02-04 14:51:33,2025-06-03 21:21:05
484,Madison Chen,torresblake@example.net,47,55-64,Male,True,True,True,Desktop,2024-11-12 09:28:46,2025-10-16 18:13:36
485,Brittany Nunez,wmaddox@example.net,35,25-34,Female,True,True,True,Desktop,2024-03-01 12:19:30,2024-09-30 19:48:59
486,Richard Hernandez,christopher90@example.net,34,45-54,Male,False,True,False,Desktop,2024-03-15 01:59:51,2024-05-11 14:43:20
487,Patricia Anderson,timothygonzalez@example.com,7,25-34,Female,True,True,True,Tablet,2023-07-13 18:41:54,2023-09-26 09:17:17
488,Nancy Sanchez,adamsrussell@example.net,21,35-44,Female,False,True,True,Mobile,2024-07-01 17:12:33,2024-10-13 11:44:11
489,Jessica Bailey,melvin04@example.org,3,18-24,Male,False,True,False,Tablet,2025-07-16 19:22:14,2025-07-29 19:16:12
490,Jessica Thomas MD,jamesbrooks@example.net,25,45-54,Female,True,False,False,Tablet,2025-10-13 18:45:07,2025-11-20 06:38:08
491,Travis Mcintosh,alexander14@example.com,30,65+,Male,True,False,False,Desktop,2025-04-08 08:18:29,2025-05-06 18:04:40
492,Christy Payne,ana92@example.net,25,25-34,Male,False,True,True,Desktop,2023-10-22 10:49:04,2024-07-08 09:03:24
493,Mary Williams,briangonzalez@example.net,7,18-24,Female,True,True,False,Tablet,2024-09-04 23:12:39,2024-09-12 12:41:31
494,Alejandra Price,elizabeth51@example.org,50,35-44,Female,True,True,False,Tablet,2024-05-14 09:02:04,2024-06-13 06:46:16
495,William Romero,mckeetodd@example.net,1,35-44,Female,True,True,False,Mobile,2023-02-14 11:09:44,2025-08-16 11:25:36
496,Judith House,williamssandra@example.com,31,18-24,Female,False,True,True,Mobile,2024-01-14 16:00:24,2024-05-23 22:52:49
497,Gregory Bell,joel84@example.org,6,55-64,Female,True,True,True,Desktop,2023-04-12 18:41:05,2024-04-30 11:54:21
498,Robin Johnson,jeremiah56@example.net,45,25-34,Male,True,True,True,Mobile,2024-05-25 19:19:44,2025-10-06 11:06:40
499,Megan Salas,robertberry@example.com,35,45-54,Female,False,True,False,Mobile,2022-07-12 02:37:15,2025-01-10 14:04:50
500,Joshua Clark,biancasutton@example.org,8,25-34,Female,True,False,False,Tablet,2025-09-19 03:03:21,2025-12-07 20:02:25
501,Kelly Taylor,dianacunningham@example.org,10,35-44,Male,False,True,True,Tablet,2025-04-21 08:37:14,2025-07-03 21:02:47
502,Bailey Stewart,jessicacannon@example.com,7,35-44,Male,True,True,True,Desktop,2023-03-21 07:11:40,2024-09-28 05:19:52
503,Samantha Walsh,edwin31@example.org,22,55-64,Prefer not to say,True,True,False,Tablet,2025-09-06 18:39:14,2025-10-06 05:12:27
504,Debra Bradley,caitlynhall@example.org,3,35-44,Male,True,True,True,Tablet,2022-09-16 16:20:53,2025-03-08 22:13:48
505,Jonathan Jacobs,jack67@example.com,9,18-24,Female,True,True,True,Desktop,2023-05-18 11:10:28,2025-02-24 09:37:02
506,Phillip Smith,stephanie33@example.org,38,55-64,Male,False,True,False,Mobile,2022-07-12 06:00:11,2023-03-10 22:45:41
507,Dr. Katherine Nguyen,bclay@example.com,40,45-54,Female,False,True,True,Desktop,2022-04-03 08:17:33,2025-09-07 14:15:11
508,Michelle Long,meyershannon@example.org,7,45-54,Female,False,True,True,Tablet,2024-12-21 11:00:35,2025-07-27 09:07:33
509,Victoria Williams,oblack@example.org,44,55-64,Female,True,True,False,Mobile,2025-05-13 18:17:03,2025-07-05 09:50:09
510,Patricia Mitchell,robertoaustin@example.org,49,35-44,Male,True,True,True,Mobile,2022-09-23 18:18:13,2024-02-23 13:21:39
511,Matthew Davis,whitebrenda@example.net,38,35-44,Male,False,False,True,Mobile,2024-08-23 14:07:04,2025-10-29 21:46:28
512,Alexander Chavez,nicoledavis@example.com,25,55-64,Male,True,True,True,Mobile,2024-02-04 11:06:15,2024-10-28 19:55:12
513,Michelle Martinez,mccarthycynthia@example.org,47,25-34,Male,True,True,True,Tablet,2024-08-25 22:29:11,2025-10-31 11:08:29
514,Kayla Herring,cpierce@example.org,11,45-54,Male,True,True,False,Tablet,2024-01-03 05:08:07,2024-10-02 21:29:26
515,Brittany Melton,kaylawilliams@example.com,34,35-44,Prefer not to say,True,True,True,Tablet,2025-06-30 21:36:35,2025-10-03 21:05:26
516,Mark Wilson,susansmith@example.com,15,55-64,Female,True,True,True,Mobile,2023-03-10 12:55:15,2025-04-25 09:27:37
517,Dr. Lawrence Snyder II,cchavez@example.org,34,25-34,Female,True,True,True,Mobile,2022-01-18 04:30:46,2023-12-29 20:02:27
518,Diana Fuller,brandonhernandez@example.net,23,25-34,Female,True,True,True,Tablet,2024-04-21 17:00:44,2024-04-24 19:13:08
519,Kenneth Morrison,samantha01@example.com,50,18-24,Female,True,False,True,Tablet,2023-05-04 13:36:47,2023-09-19 17:29:29
520,Matthew Graves,tammycurry@example.com,22,35-44,Male,False,True,True,Tablet,2025-10-22 18:55:40,2025-10-30 06:57:44
521,Jacob Gray,changmegan@example.org,48,65+,Female,False,True,True,Desktop,2025-07-27 20:50:43,2025-08-09 07:56:21
522,Denise Rose,heathersalazar@example.org,36,45-54,Female,False,True,True,Tablet,2023-02-14 11:39:02,2023-07-03 11:11:41
523,Anita Ramsey,ronald54@example.net,45,25-34,Female,True,True,True,Tablet,2024-03-10 07:30:47,2025-12-01 22:37:55
524,Lisa Crawford,lvasquez@example.net,33,35-44,Male,False,True,True,Desktop,2024-03-15 12:03:04,2025-04-17 11:28:31
525,Bruce Marshall,mclaughlinjared@example.net,5,25-34,Female,True,True,True,Mobile,2022-11-22 13:23:51,2023-10-13 19:44:51
526,Justin Walsh,davidsonhannah@example.com,14,35-44,Female,True,False,True,Mobile,2025-10-29 07:17:07,2025-11-17 19:31:09
527,Erica Smith,matthew99@example.org,13,18-24,Female,True,False,True,Desktop,2025-01-10 14:26:28,2025-04-24 19:01:18
528,Tammy Mendoza,probles@example.org,43,45-54,Female,True,True,True,Desktop,2025-03-10 17:41:41,2025-05-03 20:31:37
529,Kimberly Rogers,dreilly@example.net,4,18-24,Male,False,True,True,Tablet,2023-11-05 08:16:14,2025-03-02 15:18:49
530,Joshua Clark,lauren51@example.org,10,25-34,Male,False,True,True,Desktop,2023-02-23 09:11:53,2025-03-07 19:57:42
531,Miss Sarah Duncan,hlopez@example.com,10,25-34,Female,True,True,False,Desktop,2023-01-28 09:35:45,2023-03-01 03:20:22
532,Jason Crawford,nathangallegos@example.com,10,18-24,Female,False,True,False,Desktop,2024-09-13 22:49:09,2025-02-04 22:59:20
533,Richard Strickland,wallaceangel@example.com,47,65+,Male,True,True,False,Mobile,2022-10-30 21:48:36,2023-10-10 18:51:36
534,John Russo,kimberly21@example.net,15,35-44,Male,True,True,True,Mobile,2025-06-20 19:07:19,2025-07-17 02:39:53
535,Julia Reeves,smithsarah@example.net,29,45-54,Female,False,True,True,Tablet,2024-08-04 20:49:17,2024-10-09 08:05:34
536,Stephen Garcia,andrew43@example.com,46,55-64,Male,True,True,True,Desktop,2025-04-01 17:03:58,2025-11-11 18:25:09
537,Patricia Lambert,edward41@example.org,27,55-64,Male,False,False,True,Desktop,2022-10-08 21:05:13,2023-09-06 19:28:47
538,Joshua Dunn,donald49@example.org,31,65+,Female,True,False,True,Desktop,2025-09-02 07:37:38,2025-10-30 06:13:19
539,Kimberly Williams,ruizemma@example.org,36,35-44,Female,False,True,False,Desktop,2022-08-28 07:26:40,2023-09-07 21:26:11
540,Michael Vance,tjensen@example.com,20,35-44,Female,True,True,True,Desktop,2023-06-21 16:02:52,2023-09-07 20:53:37
541,Kim Beltran,fbradley@example.net,19,35-44,Female,True,True,True,Desktop,2025-02-17 22:53:40,2025-09-19 14:41:42
542,Michelle Marshall,staceythomas@example.net,37,35-44,Male,True,False,False,Desktop,2023-10-18 14:04:38,2024-10-11 19:37:30
543,Thomas Rivera,shawn01@example.com,4,18-24,Male,True,True,True,Desktop,2022-12-28 15:36:01,2024-01-25 20:10:37
544,Diane Bailey,williamsullivan@example.net,41,65+,Female,False,True,True,Mobile,2022-06-07 12:58:22,2024-02-13 05:18:33
545,Rebecca Patel,pgarza@example.net,20,25-34,Female,True,True,True,Mobile,2025-01-19 17:55:20,2025-05-06 20:43:51
546,Mr. Daniel Benson,bmueller@example.net,22,65+,Male,True,True,False,Tablet,2022-12-07 01:33:18,2023-05-31 11:31:26
547,Matthew Miller,mwilson@example.com,45,45-54,Male,True,True,False,Mobile,2025-01-06 18:53:33,2025-07-11 20:45:35
548,Eric Sullivan,jenningscandace@example.com,39,35-44,Other,True,True,False,Mobile,2023-04-01 15:19:44,2023-07-06 11:52:28
549,Daniel Taylor,shermandonna@example.com,9,25-34,Prefer not to say,True,True,True,Mobile,2023-04-04 09:54:44,2024-12-29 08:14:19
550,Christina Maldonado,kevin46@example.net,43,35-44,Male,True,True,True,Tablet,2024-01-14 20:48:27,2024-10-13 05:06:02
551,Adam Downs,sabbott@example.org,38,65+,Male,True,True,False,Desktop,2025-10-06 01:06:50,2025-10-30 07:38:13
552,Michael Hoover,daniel40@example.org,47,45-54,Female,True,True,False,Tablet,2023-06-01 22:22:22,2024-10-22 08:32:49
553,Michelle Sullivan,qgardner@example.org,1,65+,Male,True,True,False,Desktop,2023-08-27 09:12:18,2025-01-04 08:48:34
554,Tim Larsen,keithsalas@example.org,23,65+,Male,True,True,False,Desktop,2023-10-27 19:11:28,2024-03-21 19:06:11
555,Nathan Tucker,iproctor@example.org,46,25-34,Female,True,True,True,Desktop,2022-07-07 07:07:33,2022-10-05 07:48:23
556,Stephanie Dominguez,dhanson@example.net,36,35-44,Prefer not to say,True,False,False,Desktop,2022-07-11 17:19:43,2025-04-15 23:28:14
557,Darius Coleman,lanemelanie@example.org,44,18-24,Male,True,True,True,Desktop,2023-08-17 22:23:11,2025-07-14 01:43:31
558,Laura Johnson,carrolljanet@example.org,24,65+,Male,True,False,True,Desktop,2024-09-23 19:06:47,2025-01-21 22:10:04
559,Nicholas Fox,steven18@example.net,18,45-54,Female,False,True,False,Desktop,2024-03-22 19:17:48,2025-11-20 19:37:37
560,Toni Miller,chloe58@example.org,8,25-34,Female,True,True,True,Mobile,2022-05-04 23:32:17,2024-01-18 08:29:06
561,Nicholas Fisher,keith09@example.net,39,45-54,Male,True,True,True,Tablet,2023-10-18 20:31:43,2024-11-25 02:11:24
562,Mark Lane,douglaskelly@example.net,32,35-44,Female,False,True,True,Mobile,2023-03-02 20:50:29,2025-05-09 08:42:31
563,Jonathan York,johnathan94@example.com,25,35-44,Male,True,True,False,Tablet,2024-05-23 23:56:58,2024-11-02 08:28:20
564,Christopher Vargas,donnawood@example.org,49,18-24,Female,True,True,True,Desktop,2025-04-15 08:27:08,2025-04-18 10:24:31
565,Dr. Scott Cooper,coffeycaitlin@example.org,38,65+,Female,True,False,True,Mobile,2023-01-01 17:10:32,2025-01-26 06:16:31
566,James Guerrero,jasonnavarro@example.com,38,18-24,Female,True,True,True,Desktop,2025-03-17 17:08:53,2025-10-08 11:51:47
567,Amy Marshall,vturner@example.net,20,35-44,Female,True,True,True,Mobile,2022-03-18 12:03:42,2023-03-14 09:15:41
568,Dennis Moreno,zsmith@example.com,33,65+,Male,True,True,False,Desktop,2022-11-23 16:02:29,2024-12-26 18:27:36
569,Tina Davis,stephanie69@example.net,45,45-54,Male,True,True,True,Tablet,2023-06-19 17:20:36,2024-04-01 07:31:06
570,Brett Pena,rmurray@example.net,5,55-64,Female,True,True,False,Desktop,2025-04-15 10:27:12,2025-07-05 15:54:50
571,Kelly Byrd,lawrencesmith@example.org,38,18-24,Male,True,True,True,Mobile,2022-12-05 20:39:47,2024-12-17 22:45:54
572,Brian Griffin,jessicaking@example.org,20,35-44,Female,True,True,True,Desktop,2025-03-09 11:04:41,2025-03-12 20:32:51
573,Mary Houston,ericksondavid@example.net,34,55-64,Female,True,False,False,Desktop,2022-02-03 18:35:11,2022-06-12 21:40:45
574,Kylie Coffey,dominguezjon@example.com,28,65+,Female,True,True,True,Mobile,2022-07-01 09:40:34,2024-10-07 20:54:49
575,Zachary Hammond,jonathan14@example.org,21,55-64,Female,True,True,True,Desktop,2024-07-13 08:43:48,2024-08-21 10:27:26
576,Tyler Baker,mjones@example.net,8,18-24,Male,False,True,True,Desktop,2023-06-20 18:16:43,2024-04-17 17:25:15
577,Joshua Reynolds,gainesjennifer@example.org,2,25-34,Female,True,True,False,Tablet,2023-07-04 12:57:02,2025-01-31 08:17:08
578,Paula Smith,ohernandez@example.org,39,25-34,Male,False,False,False,Mobile,2022-02-18 14:01:03,2022-05-27 21:05:20
579,Michael Conway,robertsonshelby@example.com,37,45-54,Female,True,True,False,Tablet,2025-07-29 12:53:46,2025-10-29 20:15:07
580,Robin Jones,aaronfinley@example.com,21,25-34,Female,True,True,True,Desktop,2023-10-31 09:56:05,2024-09-08 09:07:49
581,Felicia Turner MD,diazmelissa@example.com,27,25-34,Female,True,True,False,Desktop,2022-06-19 09:06:11,2024-05-01 08:17:28
582,Maria Thompson,poncedonna@example.com,10,25-34,Female,False,True,False,Tablet,2022-04-23 17:30:43,2023-12-26 09:17:56
583,Heather Miller,imoss@example.org,43,25-34,Female,True,False,True,Tablet,2024-08-31 04:47:42,2025-10-27 20:03:44
584,Katherine Brown,victor70@example.org,26,65+,Female,True,False,False,Desktop,2022-09-28 07:55:15,2025-01-19 21:24:00
585,Jennifer Lewis,ibentley@example.org,50,45-54,Female,True,True,False,Desktop,2023-04-20 08:56:10,2024-03-12 21:40:20
586,Nicolas Burns,ruizsamantha@example.org,7,55-64,Female,True,True,True,Tablet,2024-11-02 14:26:59,2025-02-05 20:45:27
587,Mark Conway,bryantgeorge@example.net,42,25-34,Male,True,True,True,Desktop,2022-12-06 19:29:44,2024-11-21 02:03:41
588,Kurt Gilbert,brockronald@example.net,50,55-64,Female,False,True,False,Desktop,2022-03-31 10:05:07,2025-04-11 08:33:45
589,Laura Taylor,kathrynwatkins@example.com,38,55-64,Female,True,True,True,Desktop,2024-08-07 13:55:47,2025-01-14 07:11:43
590,Carol Wood,samuelfrost@example.org,36,45-54,Female,False,False,True,Tablet,2022-03-30 22:56:36,2023-04-05 09:01:59
591,Jamie Moore,amiller@example.org,10,18-24,Male,False,True,False,Desktop,2022-07-06 21:03:25,2025-03-27 18:38:16
592,Diane Steele,nschwartz@example.org,15,45-54,Male,False,True,True,Desktop,2025-07-19 20:59:29,2025-11-01 20:31:07
593,Todd Bishop,carlsonjennifer@example.net,19,45-54,Male,True,True,True,Desktop,2024-06-14 11:27:54,2025-03-28 08:13:52
594,Hannah Smith,jamesdowns@example.org,42,35-44,Male,True,True,False,Tablet,2025-08-22 09:28:58,2025-11-02 09:37:43
595,Ms. Julie Sims,joshualee@example.org,5,18-24,Male,True,True,False,Tablet,2024-05-15 08:24:45,2025-09-26 12:38:16
596,Christopher Santiago,brownmichael@example.org,1,25-34,Female,True,True,True,Tablet,2024-08-16 22:51:38,2025-11-29 19:51:02
597,Olivia Williams,buckleygregory@example.org,22,55-64,Male,True,True,True,Mobile,2023-09-01 04:11:16,2024-06-06 08:31:59
598,Mikayla Watkins,robert53@example.org,48,25-34,Male,False,True,False,Desktop,2023-11-10 10:08:31,2024-02-06 21:53:17
599,Sheila Bennett,charlesrichards@example.org,49,65+,Female,False,True,True,Mobile,2023-04-02 16:27:57,2023-07-07 08:47:31
600,Jordan Hughes,stephenlee@example.com,46,35-44,Male,False,True,True,Tablet,2025-05-30 08:14:11,2025-06-27 03:16:10
601,Michael Brown,danielowens@example.com,10,18-24,Male,False,True,True,Tablet,2025-09-26 17:29:31,2025-10-12 07:46:55
602,Lindsey Clarke,belindatran@example.org,1,35-44,Female,True,True,False,Tablet,2022-08-28 20:36:57,2023-10-16 18:13:37
603,Zachary Vargas PhD,alexis63@example.org,26,25-34,Female,True,True,True,Desktop,2022-05-01 07:21:01,2025-06-08 10:43:07
604,Leslie Hernandez,butlerbradley@example.com,43,18-24,Other,True,False,True,Tablet,2023-04-03 20:42:30,2024-10-25 13:17:38
605,James Pacheco,chavezjohn@example.net,4,55-64,Male,False,True,True,Tablet,2024-10-23 23:58:51,2025-05-21 17:13:55
606,Daniel Howard,deborahdavis@example.com,26,18-24,Female,True,True,True,Tablet,2024-11-19 11:25:16,2025-08-17 09:49:55
607,Kelly Silva,iford@example.net,20,65+,Female,True,True,True,Mobile,2024-07-24 08:19:31,2024-10-14 20:47:51
608,John Schultz,cruzhannah@example.net,28,18-24,Male,True,True,True,Mobile,2023-07-22 15:56:24,2025-06-13 14:36:38
609,Tracy Daniels,kristinmiller@example.com,46,25-34,Female,True,True,True,Desktop,2022-02-15 04:21:29,2023-10-03 19:41:43
610,Megan Barron,reyessteven@example.org,20,55-64,Female,True,True,True,Mobile,2024-10-26 07:51:30,2024-11-17 10:08:43
611,Andrea Fletcher,devonrogers@example.net,47,35-44,Male,True,True,True,Mobile,2023-05-27 16:32:27,2023-11-06 12:29:42
612,Lauren Haley,karenhodges@example.com,3,18-24,Female,True,True,True,Tablet,2022-06-08 19:29:11,2024-02-13 20:53:25
613,Destiny Brown,shaun88@example.org,12,25-34,Male,False,True,False,Desktop,2023-05-09 13:51:16,2024-01-18 10:58:55
614,Stephanie Hayes,lauren13@example.com,31,35-44,Male,True,True,False,Desktop,2023-10-20 16:00:25,2024-12-11 07:10:41
615,Tyler Jones,joshuaterry@example.com,26,55-64,Male,True,True,False,Tablet,2022-05-03 18:39:23,2023-10-01 19:44:43
616,Alison Butler,thomasfisher@example.net,42,25-34,Female,False,True,True,Desktop,2022-07-30 22:54:01,2023-04-08 09:41:09
617,Shane Hall,robert55@example.com,48,45-54,Other,True,False,True,Mobile,2024-06-20 08:27:01,2024-11-25 07:57:09
618,Jill Torres,rachelparker@example.com,7,45-54,Female,False,True,False,Tablet,2024-04-10 10:53:53,2025-06-11 11:21:00
619,Ryan Hernandez,stephen29@example.org,38,45-54,Female,False,False,True,Mobile,2022-11-14 19:18:02,2024-01-07 15:31:32
620,Sara Schwartz,evanwilson@example.com,42,35-44,Male,True,False,True,Tablet,2024-09-22 16:27:36,2025-01-28 10:04:17
621,Daniel Mann,tiffany25@example.com,29,25-34,Male,False,True,True,Tablet,2024-03-14 13:10:18,2024-12-21 19:30:22
622,Thomas Sullivan,dmack@example.com,27,55-64,Female,False,True,False,Mobile,2024-01-26 18:08:56,2024-05-17 10:45:24
623,Katie Holland,thomas49@example.net,9,25-34,Male,True,True,False,Desktop,2022-08-07 18:18:44,2025-11-08 19:42:30
624,Jessica Norris,imccullough@example.net,17,25-34,Male,False,False,True,Mobile,2022-07-25 10:13:35,2024-06-24 05:01:22
625,Ryan Griffin,nguyencathy@example.org,32,25-34,Male,True,True,False,Desktop,2024-02-10 11:07:39,2024-09-04 09:35:14
626,Diana Johnson,frhodes@example.net,7,45-54,Female,True,True,False,Mobile,2024-03-27 21:54:44,2024-08-13 21:38:42
627,Kayla Brown,raymond65@example.com,36,18-24,Male,True,False,False,Mobile,2023-07-06 23:50:39,2024-09-15 18:54:06
628,William Sawyer,lewispamela@example.net,7,25-34,Male,False,True,True,Desktop,2023-06-06 19:45:28,2024-02-23 20:31:46
629,Robert Waller,achandler@example.org,19,35-44,Male,True,True,True,Tablet,2025-10-20 20:00:15,2025-12-04 20:30:21
630,Eric Mcneil,carl96@example.org,9,55-64,Male,True,True,False,Tablet,2025-03-14 09:48:48,2025-08-26 16:50:14
631,Christopher Murray,jamescollier@example.com,34,65+,Male,True,False,True,Mobile,2022-01-10 11:01:28,2024-07-14 08:00:45
632,Sandra Torres,ywalker@example.org,37,18-24,Female,False,True,True,Desktop,2024-02-14 12:02:42,2024-03-13 21:09:57
633,Mallory Martinez,robert73@example.org,47,45-54,Female,True,True,True,Mobile,2022-08-04 12:56:43,2023-08-07 19:55:19
634,Andrea Reese DDS,ooneill@example.net,40,45-54,Female,False,True,True,Mobile,2022-06-16 19:28:41,2023-06-05 08:34:39
635,Jose Johnston,francisco02@example.com,47,45-54,Male,False,True,True,Tablet,2023-10-28 21:05:02,2025-04-20 16:24:46
636,Anthony Ward,brandon48@example.net,35,35-44,Male,False,True,False,Mobile,2023-10-08 10:21:48,2025-04-13 18:01:01
637,Catherine Davis,amybrennan@example.net,8,18-24,Female,True,True,False,Desktop,2025-08-02 19:53:23,2025-10-10 09:32:22
638,Heidi Ferguson,madeline02@example.net,46,55-64,Female,True,True,True,Desktop,2025-01-24 10:15:51,2025-04-22 19:37:36
639,Thomas Martin,ericwalker@example.org,25,35-44,Male,True,True,False,Desktop,2023-01-29 19:52:45,2025-04-26 17:08:45
640,Tiffany Mathis,butlersabrina@example.org,6,18-24,Female,True,True,True,Tablet,2025-01-17 13:09:45,2025-07-21 12:26:05
641,Eric Cox,mpreston@example.net,38,35-44,Male,True,False,True,Desktop,2025-02-19 12:35:33,2025-11-22 20:55:16
642,Alyssa Olsen,davidbenson@example.net,9,65+,Female,True,True,True,Mobile,2024-12-04 20:09:32,2025-04-11 07:45:29
643,Blake Vazquez,joneskim@example.com,27,18-24,Male,True,True,True,Desktop,2022-11-13 19:35:23,2023-04-03 21:07:38
644,Kayla Brown,kerrbradley@example.com,10,55-64,Male,False,True,True,Mobile,2022-03-01 23:19:18,2022-07-28 14:50:09
645,Tamara Harris,jackbell@example.org,3,35-44,Female,True,False,False,Desktop,2024-07-22 20:31:00,2025-08-11 07:22:04
646,Kevin Bell,williamjones@example.net,41,35-44,Male,True,False,True,Tablet,2022-07-23 20:53:38,2025-02-03 07:08:32
647,Tracey Jackson,beltrancorey@example.org,35,18-24,Female,True,True,True,Mobile,2024-12-03 18:26:24,2025-06-20 09:25:21
648,Michael Lopez,whitemichael@example.com,36,45-54,Female,True,False,True,Mobile,2025-07-11 19:36:40,2025-11-21 20:45:19
649,Philip Edwards,irodriguez@example.com,2,18-24,Female,True,True,False,Mobile,2023-08-17 22:33:12,2024-10-27 20:32:57
650,Amanda Murphy,cruzstephen@example.net,35,45-54,Male,True,False,True,Desktop,2024-12-02 20:53:56,2025-08-25 17:05:51
651,Julian Roberts,elopez@example.com,6,18-24,Male,True,True,True,Mobile,2023-03-13 08:01:55,2025-11-20 16:24:16
652,Michael Powers,qkim@example.net,12,18-24,Male,True,True,True,Desktop,2025-08-06 08:26:43,2025-09-23 08:39:20
653,Kevin Garcia,calvinhester@example.com,49,35-44,Male,True,True,False,Desktop,2022-04-29 09:52:57,2022-11-05 08:12:15
654,David Coleman,tramirez@example.net,27,45-54,Female,True,True,True,Mobile,2022-10-08 06:29:35,2025-06-16 12:30:01
655,Terri Kelly,garcher@example.com,27,35-44,Female,True,True,True,Tablet,2024-04-10 09:35:41,2025-07-18 20:19:36
656,John Hall,anthonyrojas@example.org,36,35-44,Male,True,True,True,Mobile,2022-07-26 23:50:15,2024-02-08 16:27:58
657,Larry Murphy,christy11@example.net,44,25-34,Male,True,True,True,Mobile,2023-11-28 00:59:58,2023-12-18 14:38:16
658,Christina Bates,iwagner@example.com,45,18-24,Male,True,True,True,Tablet,2024-11-17 08:34:36,2025-09-14 06:05:25
659,Phillip Ewing,reyesleonard@example.com,17,65+,Female,True,True,True,Mobile,2025-02-06 15:51:20,2025-07-24 21:21:40
660,Matthew Chan,travistaylor@example.net,42,65+,Female,True,True,True,Tablet,2023-09-12 13:38:21,2023-10-11 01:44:08
661,Katherine Spencer,kalvarez@example.net,42,45-54,Female,False,True,True,Mobile,2023-06-29 21:45:31,2025-05-16 20:34:05
662,Jamie Rhodes,luke09@example.org,12,55-64,Female,False,True,True,Mobile,2022-03-19 11:52:24,2023-03-14 20:22:24
663,Lauren Hubbard,oscar65@example.com,46,25-34,Male,True,True,False,Mobile,2022-06-29 13:14:47,2023-10-05 02:17:43
664,David Collins,lozanocameron@example.com,46,45-54,Male,False,True,True,Desktop,2023-07-31 23:23:02,2023-09-17 10:57:45
665,Amanda Barrett,abradley@example.com,37,45-54,Female,True,True,False,Mobile,2022-06-10 17:31:10,2023-01-13 16:42:47
666,Eugene Hudson,ashley71@example.net,18,25-34,Female,False,True,True,Desktop,2022-01-29 10:36:54,2023-11-25 09:33:46
667,Pamela Morgan,michael63@example.com,44,65+,Male,False,True,False,Desktop,2024-08-02 19:56:29,2025-01-16 00:27:41
668,Samuel Lewis,brandon96@example.org,3,55-64,Male,True,True,True,Mobile,2024-06-07 07:33:29,2025-11-30 15:33:48
669,Laura Vargas,carlos87@example.com,48,25-34,Female,False,False,True,Desktop,2024-05-23 11:21:05,2025-11-20 21:51:01
670,Elizabeth Brock,ualvarado@example.org,2,35-44,Female,True,True,True,Mobile,2022-10-21 10:40:40,2025-04-23 07:30:27
671,Megan Kelley,burtonzachary@example.org,16,65+,Female,True,True,True,Tablet,2023-08-03 22:53:03,2024-03-07 20:33:50
672,Natalie Mcdonald,umichael@example.net,45,18-24,Male,False,True,True,Tablet,2024-03-18 07:03:58,2024-07-31 03:20:56
673,David Francis,megan65@example.org,25,35-44,Female,True,False,False,Tablet,2022-03-25 13:06:43,2022-12-23 05:03:18
674,Dustin Martin,richardwilson@example.org,40,18-24,Female,True,True,True,Tablet,2024-06-05 01:24:29,2025-09-20 20:56:39
675,John Esparza,clucas@example.org,13,65+,Male,True,True,True,Tablet,2022-02-08 08:06:00,2025-03-04 17:04:37
676,Robert Hopkins,dawnwilliams@example.net,20,35-44,Female,True,True,True,Tablet,2022-08-11 13:15:08,2023-01-24 20:03:08
677,Angela Guzman,lesterrichard@example.com,24,65+,Female,True,True,True,Tablet,2023-11-11 20:09:30,2023-11-26 10:21:18
678,Ryan Cameron,danielnavarro@example.org,13,55-64,Male,True,True,False,Tablet,2024-07-28 21:27:22,2025-10-18 09:12:40
679,Tara King,youngdavid@example.com,20,35-44,Male,True,True,True,Mobile,2024-01-01 19:54:37,2025-08-14 17:21:39
680,Paul Young,grobinson@example.org,14,25-34,Female,False,True,False,Mobile,2023-04-06 21:40:14,2024-10-31 19:29:39
681,Scott Brown,holly15@example.net,2,35-44,Male,True,True,False,Desktop,2022-10-27 12:52:00,2023-09-06 11:04:22
682,Sherry Giles,thomas54@example.org,17,45-54,Male,True,True,True,Desktop,2023-08-16 04:01:12,2025-03-19 08:11:14
683,Patrick Lindsey,vazquezkristina@example.org,8,25-34,Male,True,True,True,Mobile,2024-06-21 21:01:53,2025-10-24 19:24:41
684,Mercedes Leach,nicholsjoel@example.com,5,18-24,Female,True,True,True,Tablet,2022-12-20 22:51:39,2024-02-12 21:56:45
685,William Scott,mayerkatherine@example.com,3,45-54,Female,False,True,True,Mobile,2023-06-28 11:38:27,2025-09-24 23:15:58
686,Lynn Suarez,rmccormick@example.org,38,55-64,Male,True,True,False,Mobile,2022-10-22 05:50:17,2025-08-10 21:54:32
687,Jason Randall,gmcdowell@example.org,24,35-44,Male,True,True,False,Tablet,2025-02-25 08:24:48,2025-11-27 21:48:32
688,Lance Li,shawn00@example.net,38,45-54,Male,False,True,True,Mobile,2024-09-04 22:30:17,2025-04-28 17:40:58
689,Brandy Morales,lee11@example.org,24,25-34,Male,False,True,True,Mobile,2024-06-16 10:56:24,2025-05-26 17:59:53
690,Marie Anderson,usparks@example.com,30,35-44,Male,True,True,True,Desktop,2022-12-16 17:29:32,2025-02-04 18:27:28
691,Michael Serrano,james65@example.org,33,35-44,Female,False,False,True,Mobile,2023-11-01 09:41:04,2025-05-23 11:05:18
692,Laura Smith,leblancdeborah@example.net,17,25-34,Female,True,True,False,Mobile,2023-07-05 11:34:12,2024-06-06 10:43:21
693,Dennis Christian,moralesroy@example.com,1,45-54,Male,True,False,False,Tablet,2022-11-16 23:48:45,2023-02-24 19:58:16
694,Keith Smith,dayala@example.net,26,25-34,Female,True,True,True,Tablet,2022-07-28 20:00:30,2025-10-24 18:48:09
695,Tracy Li,keith76@example.org,21,55-64,Male,False,True,True,Tablet,2023-11-23 20:46:52,2024-05-10 13:50:05
696,Roger Acosta,robertortiz@example.org,1,35-44,Female,True,True,True,Desktop,2023-08-27 03:08:36,2024-02-16 21:19:47
697,Jerry Wright,emiller@example.org,37,55-64,Female,True,False,True,Tablet,2022-02-10 20:44:34,2025-11-11 10:37:01
698,Daniel Reyes,qfitzgerald@example.org,14,65+,Male,True,True,True,Desktop,2025-05-04 20:58:38,2025-12-09 17:25:24
699,David Odonnell,smithwilliam@example.com,12,18-24,Female,True,True,True,Desktop,2022-05-14 18:19:05,2022-07-30 08:43:35
700,Walter Hansen,jorgegordon@example.com,4,25-34,Male,True,False,True,Mobile,2023-02-28 09:14:18,2024-04-05 18:04:29
701,Joseph Thomas,edwardstiffany@example.com,14,18-24,Male,True,True,True,Tablet,2025-05-13 07:26:30,2025-06-10 19:24:57
702,Tammy Campbell,chloe48@example.com,30,25-34,Male,True,True,True,Mobile,2025-05-04 17:19:37,2025-11-07 08:45:43
703,Katherine Dodson,jbrown@example.org,37,18-24,Male,True,False,True,Tablet,2023-09-02 16:58:36,2024-01-17 21:29:29
704,Michael Graham,wwilliams@example.net,27,25-34,Female,False,True,False,Mobile,2022-11-18 20:25:39,2022-12-28 20:54:11
705,Nathan Hernandez,clayton42@example.org,11,25-34,Female,True,False,False,Tablet,2024-02-24 19:06:25,2024-12-22 19:02:15
706,Mary Lewis,foxashley@example.com,8,65+,Male,True,True,True,Desktop,2024-11-15 21:58:31,2025-10-05 13:48:35
707,Mr. Gary Mitchell DVM,longbrittany@example.org,41,45-54,Female,True,True,False,Desktop,2025-07-11 08:13:32,2025-08-18 04:01:04
708,Ronald Keller,rfuller@example.net,43,45-54,Female,True,True,True,Desktop,2025-03-16 04:16:07,2025-04-27 19:08:20
709,Marcus Chavez,jasonwilliams@example.net,2,45-54,Male,True,True,True,Tablet,2024-07-09 08:52:17,2024-12-28 20:10:53
710,Kimberly Guzman,rossgregory@example.com,14,45-54,Female,True,True,True,Tablet,2023-01-31 20:43:17,2025-05-17 08:22:11
711,Richard Mitchell,davidhenry@example.com,25,45-54,Male,True,True,True,Mobile,2022-05-05 20:41:42,2025-06-03 19:57:06
712,Lindsey Howard,collierwilliam@example.com,27,18-24,Male,False,True,True,Mobile,2024-10-26 22:23:58,2025-11-12 09:05:01
713,Kyle Davis,nshepherd@example.org,27,35-44,Female,True,True,True,Tablet,2023-09-16 20:53:42,2024-07-30 08:10:02
714,Glenn Ford,deborahreeves@example.com,21,25-34,Male,True,True,True,Mobile,2023-08-31 12:27:07,2024-08-21 09:06:22
715,John Miller,ievans@example.net,14,35-44,Female,True,False,False,Tablet,2024-01-08 18:17:41,2025-04-09 18:02:04
716,Elizabeth Williams,lowerywilliam@example.net,25,45-54,Other,True,True,True,Tablet,2025-06-17 08:06:38,2025-11-16 11:40:44
717,Laura King,brenda80@example.org,39,65+,Male,True,True,True,Tablet,2023-08-18 10:54:42,2023-11-06 14:21:01
718,Sarah Williams,tmcdowell@example.com,20,25-34,Male,True,True,True,Desktop,2024-11-01 23:14:01,2025-05-09 18:57:07
719,Loretta Baker,jasonmiller@example.net,47,35-44,Female,False,True,True,Tablet,2024-04-01 10:09:24,2025-01-09 08:02:15
720,Albert Foster,jacksonthomas@example.net,19,45-54,Male,False,True,True,Mobile,2022-12-29 20:02:33,2024-12-26 20:26:41
721,Molly Turner,hannah64@example.org,15,45-54,Male,True,True,True,Desktop,2023-07-21 21:42:15,2025-02-17 20:44:46
722,Alan Waller,clarkdeborah@example.net,9,18-24,Female,False,False,True,Mobile,2022-06-25 06:12:03,2022-07-12 18:09:13
723,Kimberly Miller,bhernandez@example.org,28,25-34,Male,True,True,True,Desktop,2022-12-05 12:29:19,2025-06-23 08:12:15
724,Jill Washington,heathbrenda@example.org,25,25-34,Male,True,True,False,Desktop,2022-06-12 21:30:05,2025-08-11 22:23:25
725,Gene Garcia,fpetty@example.net,20,35-44,Male,False,True,True,Desktop,2023-02-17 02:24:27,2025-06-21 21:48:58
726,Mrs. Jennifer Palmer DDS,dhall@example.net,46,35-44,Male,True,True,True,Tablet,2024-03-20 09:35:38,2025-06-27 14:21:08
727,Debra Wong,nwilson@example.net,24,25-34,Male,False,True,False,Mobile,2022-01-27 11:25:59,2024-04-23 12:25:47
728,Dwayne Lee,samuel83@example.net,50,65+,Female,True,True,False,Tablet,2023-05-01 11:36:10,2025-02-27 08:27:16
729,Sarah Sandoval,nicolesharp@example.com,31,18-24,Female,True,True,False,Tablet,2025-06-25 05:24:59,2025-08-22 12:15:15
730,Morgan Flynn,christycampbell@example.net,16,45-54,Female,False,True,False,Tablet,2025-09-04 08:38:29,2025-11-27 22:09:16
731,Christopher Vasquez,fhahn@example.com,34,65+,Female,True,True,False,Tablet,2022-05-01 19:24:25,2024-01-30 19:57:05
732,Mrs. Debbie Rhodes MD,romanmatthew@example.org,27,45-54,Female,False,True,True,Desktop,2022-11-25 22:42:56,2024-08-07 11:19:46
733,David Peterson,kayla84@example.org,45,25-34,Prefer not to say,False,True,True,Tablet,2024-05-13 20:17:47,2024-07-22 08:47:25
734,Ashley Williams,wlloyd@example.org,12,25-34,Female,True,True,False,Desktop,2025-04-08 12:26:41,2025-11-13 09:27:10
735,Shannon Garcia,romerogary@example.org,49,25-34,Prefer not to say,False,True,False,Mobile,2025-09-25 17:13:11,2025-11-27 08:47:11
736,Edgar Alexander,goconnor@example.org,18,18-24,Male,True,True,False,Mobile,2025-05-03 21:10:05,2025-11-24 10:24:07
737,Samuel Gonzales,ahammond@example.org,7,25-34,Female,True,True,False,Desktop,2024-06-24 05:48:00,2024-12-21 19:50:02
738,Christopher Adams,qward@example.org,24,45-54,Male,True,True,True,Desktop,2025-03-13 22:30:48,2025-07-22 10:27:21
739,Darren Pham,dhardin@example.net,1,35-44,Female,False,False,True,Tablet,2022-08-01 11:03:22,2025-02-14 21:51:06
740,Charles Smith,millerleroy@example.org,16,25-34,Female,True,True,True,Mobile,2025-01-16 07:33:17,2025-05-16 22:48:52
741,Thomas Hernandez,levinetina@example.net,3,65+,Female,True,True,True,Tablet,2023-08-31 00:40:52,2024-07-25 10:40:23
742,Stephen Haynes,jennifer55@example.org,31,65+,Female,False,True,True,Mobile,2025-05-10 18:05:22,2025-12-09 12:59:59
743,Bridget Powell,paigeweber@example.net,46,35-44,Male,False,True,False,Tablet,2025-03-02 19:55:33,2025-11-16 21:50:54
744,Rachael Sullivan,nicolemiller@example.net,43,35-44,Male,True,False,False,Mobile,2024-07-01 23:29:10,2025-07-07 21:07:30
745,Beth Braun,jason88@example.com,25,45-54,Male,True,True,False,Mobile,2023-04-13 13:45:01,2025-03-21 08:59:20
746,Alexis Hogan,john46@example.net,45,25-34,Male,True,False,True,Desktop,2023-12-31 19:59:34,2025-06-24 18:31:05
747,Mark Gomez,shermanshelly@example.com,42,55-64,Other,True,True,True,Desktop,2022-06-04 12:45:47,2022-08-20 19:24:41
748,William Trujillo,michaelmitchell@example.net,48,65+,Female,True,True,True,Tablet,2023-02-21 06:05:21,2025-03-19 19:59:12
749,Omar Garcia,mackenzieward@example.org,28,25-34,Male,True,True,True,Tablet,2024-03-12 00:03:37,2024-06-10 16:54:24
750,Brandon Coleman,thomasgriffin@example.com,21,18-24,Female,False,True,True,Tablet,2022-07-25 17:06:25,2024-01-03 00:54:29
751,Peggy Wiggins,cfields@example.net,3,35-44,Male,False,True,False,Tablet,2024-08-04 10:47:42,2025-02-20 20:52:44
752,Samantha Thomas,toddellis@example.net,25,18-24,Female,True,True,False,Mobile,2025-07-26 17:40:53,2025-10-03 09:18:45
753,Joy Johnson,sherrywood@example.org,32,45-54,Male,False,False,True,Mobile,2023-12-19 19:03:59,2025-01-06 21:11:54
754,Kenneth Williams,davidtorres@example.com,26,25-34,Female,True,True,True,Tablet,2024-04-21 17:21:27,2024-12-23 19:22:48
755,Brenda Lawrence,zunigakevin@example.com,4,55-64,Female,True,True,True,Tablet,2023-03-01 12:08:20,2024-07-08 19:37:55
756,Bryan Bailey PhD,tolson@example.net,13,45-54,Male,False,True,False,Mobile,2022-10-29 15:57:09,2025-05-22 08:51:47
757,Ruben Bass,kathleenwagner@example.com,7,25-34,Male,False,True,True,Desktop,2023-09-25 11:27:43,2024-06-25 20:59:03
758,Nicholas Davis,zhughes@example.com,8,25-34,Female,True,False,False,Desktop,2024-12-01 18:09:40,2025-08-10 19:15:02
759,Nancy Brewer,jasminearmstrong@example.net,42,25-34,Female,True,True,True,Mobile,2024-01-27 20:50:42,2025-11-16 18:49:29
760,Angela Friedman,bernardaimee@example.com,37,65+,Male,True,True,True,Desktop,2023-03-09 14:42:58,2024-12-20 15:01:37
761,Kim Rivers,kristin39@example.com,7,25-34,Female,False,True,True,Tablet,2023-12-05 14:41:44,2023-12-18 13:36:08
762,Kevin Henry,morganhenry@example.org,32,18-24,Female,True,True,False,Mobile,2022-04-29 02:35:52,2024-04-05 16:51:33
763,Brian Garcia,justinwhite@example.org,12,18-24,Male,True,True,True,Tablet,2025-04-17 22:57:07,2025-07-02 08:38:44
764,Amy Woodward,anthonybrown@example.com,8,35-44,Male,True,True,False,Mobile,2022-08-04 08:35:16,2025-10-17 21:02:05
765,Deanna David,williamsjohn@example.net,35,35-44,Female,True,True,False,Desktop,2022-05-19 09:02:33,2022-11-21 21:18:42
766,Janice Wilson,floresangela@example.org,3,25-34,Male,True,True,False,Tablet,2024-03-30 18:32:13,2025-02-01 19:42:52
767,Stephen Adams,sanchezangela@example.org,28,18-24,Male,True,False,True,Mobile,2023-11-09 16:37:22,2024-09-16 09:46:39
768,Mark Harris,nathanielgalloway@example.org,14,18-24,Female,False,True,True,Desktop,2023-03-03 22:43:27,2024-04-20 22:09:34
769,Jodi Smith,nwoodward@example.com,10,25-34,Female,True,False,True,Desktop,2024-01-23 17:41:52,2024-11-11 15:10:26
770,Thomas Nelson,mary65@example.net,41,18-24,Female,False,True,False,Desktop,2024-07-02 07:07:43,2024-09-28 17:04:21
771,Christopher Ferguson,turnerrandall@example.org,8,25-34,Female,True,True,True,Tablet,2022-10-25 01:24:14,2025-06-15 12:06:50
772,Dr. Christine Wagner PhD,cynthia74@example.org,7,55-64,Male,False,True,True,Tablet,2025-03-07 11:36:55,2025-09-28 10:17:38
773,Tyler Murphy,deborahsmith@example.com,26,35-44,Male,True,True,True,Mobile,2024-07-15 19:50:34,2024-12-28 17:56:54
774,Justin Horton,ifarmer@example.org,41,65+,Female,True,True,False,Mobile,2022-01-06 08:36:47,2022-01-19 09:58:46
775,Andre Collier,wchambers@example.com,28,35-44,Female,False,True,True,Mobile,2025-01-06 13:22:51,2025-08-16 14:18:17
776,Randy Terry,martinezmitchell@example.org,6,18-24,Male,True,True,True,Desktop,2025-03-03 22:26:49,2025-06-13 10:05:40
777,Douglas Morse,james94@example.net,33,65+,Male,True,True,False,Tablet,2023-09-14 16:31:51,2024-03-14 21:27:43
778,Amanda Vasquez,adrianjoyce@example.net,48,18-24,Male,True,True,False,Tablet,2022-11-06 19:25:00,2025-11-22 18:58:53
779,Kathleen Arnold,cameronanderson@example.org,3,45-54,Other,True,False,True,Mobile,2023-07-09 22:52:56,2025-08-21 22:43:38
780,Sierra Daniel,james08@example.net,28,35-44,Male,False,True,False,Tablet,2022-06-28 08:23:53,2025-09-21 08:22:03
781,Todd Davidson,nashmarcus@example.com,17,25-34,Female,True,True,True,Tablet,2022-12-20 21:54:07,2024-08-22 10:30:18
782,Isaiah Blake,brandonhull@example.net,32,18-24,Male,True,True,True,Desktop,2023-01-19 15:57:02,2025-01-09 22:57:39
783,Brad Armstrong,mooneyjeremiah@example.net,32,25-34,Female,False,True,False,Mobile,2023-09-20 21:11:25,2023-09-24 11:06:27
784,Christopher Collins,johnsonryan@example.org,20,25-34,Female,True,True,False,Tablet,2023-08-16 08:42:16,2023-10-18 09:25:23
785,David Rodriguez,susanwall@example.com,23,55-64,Female,True,True,True,Desktop,2024-04-08 20:10:08,2025-04-28 11:27:00
786,Kyle Gonzales,garrettbeth@example.org,43,65+,Male,True,True,False,Mobile,2023-12-29 19:57:02,2024-06-15 08:12:30
787,Steve Steele,bryanlang@example.org,48,55-64,Male,True,True,True,Mobile,2025-09-25 10:48:49,2025-12-08 21:32:46
788,Michael Hansen,melissa61@example.net,22,35-44,Female,True,True,True,Mobile,2023-02-26 11:00:49,2024-11-27 19:03:43
789,Mary Smith,bmarshall@example.net,16,25-34,Male,True,True,False,Desktop,2024-11-17 20:15:39,2025-02-16 08:32:11
790,Rachel Gibson,briana11@example.org,33,45-54,Male,False,True,True,Mobile,2024-05-16 08:45:50,2024-11-28 20:44:46
791,Cheryl Berry,michael79@example.com,28,18-24,Male,False,True,True,Tablet,2024-04-12 07:02:17,2024-05-23 23:59:09
792,Cameron Silva,larry82@example.org,33,35-44,Male,True,True,False,Tablet,2022-09-18 18:14:14,2023-02-28 10:30:03
793,Wesley Holmes,brianhunter@example.net,4,45-54,Male,True,True,True,Desktop,2023-10-19 12:20:57,2025-02-05 05:02:00
794,Curtis Kerr,petersonelizabeth@example.net,43,18-24,Female,False,True,False,Desktop,2025-04-16 08:31:23,2025-07-27 11:07:06
795,Sarah Knight,christina65@example.org,18,25-34,Male,False,True,False,Mobile,2024-08-25 19:37:33,2025-04-04 17:15:41
796,Kathleen Mora,heatherowens@example.org,46,35-44,Male,False,True,True,Desktop,2022-05-27 04:58:56,2025-07-07 18:12:12
797,Erin Singh,richardmckenzie@example.org,13,35-44,Female,False,True,False,Tablet,2022-12-01 23:12:34,2025-02-23 19:02:08
798,Brian Roberts,crystaldurham@example.com,28,18-24,Male,False,True,True,Tablet,2023-05-23 23:57:23,2023-07-31 13:45:07
799,Christopher Mcclure,matthewspencer@example.org,45,25-34,Female,True,True,True,Mobile,2022-03-03 09:08:18,2022-04-13 04:36:03
800,Brian Decker,nicholascobb@example.org,26,45-54,Male,True,True,True,Mobile,2022-10-02 08:48:32,2023-04-26 11:49:24
801,Jacob Watson,shelleyrowland@example.net,34,25-34,Female,True,True,True,Mobile,2023-04-19 21:50:32,2023-11-09 13:45:46
802,Charles Glass,jamesgray@example.com,18,65+,Male,False,True,True,Mobile,2025-05-18 05:15:18,2025-11-19 04:09:56
803,Tammy Hines,melissaphillips@example.org,21,18-24,Female,True,True,True,Tablet,2023-03-21 16:00:41,2024-05-23 11:38:23
804,Shelley York,fclark@example.com,15,45-54,Male,True,True,False,Tablet,2023-04-04 10:03:40,2023-05-26 20:52:22
805,James Khan,victor72@example.com,41,45-54,Female,False,True,True,Tablet,2025-01-11 07:47:44,2025-08-06 11:41:16
806,Dr. John Perkins,clarkpatricia@example.com,47,45-54,Male,False,True,True,Mobile,2024-09-23 18:54:48,2025-05-16 12:28:14
807,Stephen Duncan,jonathan12@example.org,42,25-34,Male,False,True,False,Mobile,2025-04-22 20:11:12,2025-07-24 17:46:11
808,Andrew Hunt,ronald76@example.com,26,18-24,Female,False,True,True,Desktop,2023-02-17 06:04:27,2024-08-05 09:58:41
809,Alexander Alexander,deanna51@example.com,3,18-24,Female,True,False,True,Mobile,2023-05-30 11:07:52,2024-09-03 01:53:41
810,Rachel House,wilsonmichael@example.net,46,18-24,Male,False,False,False,Desktop,2025-03-24 22:06:34,2025-08-07 19:21:54
811,Eric Ochoa,james92@example.net,41,35-44,Male,True,True,True,Desktop,2022-10-08 11:09:15,2023-05-24 05:44:17
812,Elijah Short,lbautista@example.net,10,25-34,Male,False,True,False,Tablet,2024-11-01 08:58:14,2025-11-09 03:27:24
813,Tiffany Grimes MD,thomasblack@example.net,7,65+,Male,True,True,True,Mobile,2022-01-17 20:07:31,2024-08-08 08:07:14
814,Ricky Edwards,roymcmahon@example.com,39,25-34,Male,False,True,True,Desktop,2024-11-25 21:38:09,2025-08-30 09:33:21
815,Jade Ray,kevinrojas@example.com,17,55-64,Female,True,True,False,Mobile,2022-10-21 11:06:17,2024-03-21 21:42:23
816,Jason Jennings,sfarmer@example.net,31,55-64,Male,True,True,True,Desktop,2025-02-07 20:09:20,2025-10-24 08:28:46
817,Amanda Taylor,ashley99@example.net,28,35-44,Other,True,True,True,Tablet,2023-02-24 23:11:49,2024-10-17 11:20:31
818,James Ferguson,thomasmurphy@example.com,32,35-44,Female,True,True,True,Tablet,2025-04-27 21:24:26,2025-12-10 16:34:34
819,Michael Thompson,mjohnson@example.org,24,18-24,Prefer not to say,True,True,False,Mobile,2024-06-12 20:51:47,2024-11-26 09:05:15
820,Eddie Warren,hbrown@example.org,9,25-34,Male,False,False,False,Mobile,2025-06-28 06:22:23,2025-09-01 20:55:49
821,Christopher Rodriguez,emendoza@example.com,46,18-24,Female,True,True,True,Mobile,2022-08-29 08:14:03,2025-06-29 19:07:44
822,Daniel Reynolds,kmoore@example.com,2,18-24,Male,True,True,False,Desktop,2025-08-29 18:04:30,2025-11-30 20:55:10
823,Desiree Smith,seansummers@example.net,45,65+,Male,False,True,True,Mobile,2024-04-01 08:11:30,2025-02-08 19:47:33
824,Sherry Stevens,mclaughlinkeith@example.com,49,25-34,Male,True,True,False,Desktop,2025-02-03 09:09:03,2025-07-18 21:02:38
825,Jeanne Colon,robertwhite@example.net,46,25-34,Female,True,True,True,Mobile,2023-05-01 16:53:16,2025-07-17 21:32:19
826,Catherine Carroll,chale@example.org,48,65+,Female,True,True,True,Tablet,2024-10-22 19:25:39,2025-05-01 05:25:11
827,Kimberly Estrada,wolfejennifer@example.org,42,35-44,Male,True,True,False,Desktop,2025-05-23 18:52:24,2025-06-24 08:51:23
828,Barbara Wood,gordonkimberly@example.com,39,18-24,Female,True,True,False,Mobile,2025-06-25 03:18:10,2025-09-04 16:04:13
829,Julia Jones,vjames@example.com,3,18-24,Male,True,False,False,Desktop,2023-09-23 10:36:36,2024-04-15 04:50:30
830,Brian Stark,ellen77@example.com,45,45-54,Male,False,True,True,Mobile,2025-04-12 15:20:48,2025-07-18 11:22:08
831,Travis Taylor,mckenzie20@example.net,3,25-34,Male,True,False,True,Tablet,2022-04-06 02:50:24,2024-04-14 15:55:54
832,Jeanne Jones,byrderic@example.com,46,25-34,Other,True,True,False,Desktop,2022-05-21 09:13:51,2023-06-08 19:09:49
833,Kim Ramos,copelandlisa@example.net,28,18-24,Female,True,True,False,Tablet,2022-09-06 13:08:21,2025-01-07 10:39:54
834,Michael Wallace,williamsnicholas@example.org,1,18-24,Female,True,False,False,Mobile,2024-07-15 06:09:36,2025-06-21 18:31:06
835,Brandon Fisher,rogersjames@example.net,5,25-34,Male,True,True,False,Desktop,2025-07-23 15:29:20,2025-09-15 08:18:10
836,Russell Beck,bradleyhunt@example.com,9,65+,Other,True,True,True,Desktop,2022-03-30 23:16:48,2025-10-20 21:41:59
837,Taylor Foster,nmartinez@example.org,40,65+,Male,True,True,True,Tablet,2023-03-28 21:58:43,2024-12-09 07:23:32
838,Eugene Price,qrobinson@example.com,36,18-24,Female,True,True,True,Mobile,2023-05-14 05:41:03,2023-10-25 19:15:44
839,Daniel Turner,gbird@example.net,30,45-54,Female,True,True,False,Desktop,2024-06-28 09:55:29,2025-01-11 19:22:29
840,Carolyn Haley,tina62@example.com,39,35-44,Female,True,True,True,Mobile,2024-01-21 20:12:25,2025-12-08 10:20:21
841,Vanessa Estrada,rogerscharlotte@example.net,39,45-54,Male,False,True,False,Mobile,2022-09-03 22:09:40,2025-03-04 08:36:02
842,Kathy Bush,hallchristina@example.org,18,25-34,Male,True,True,True,Tablet,2023-09-21 05:55:01,2024-11-10 22:43:27
843,Lisa Brown,victor32@example.com,12,55-64,Male,False,True,False,Mobile,2023-03-09 13:26:33,2025-03-24 08:57:16
844,Linda Bautista,dennis50@example.net,11,65+,Male,False,True,False,Tablet,2022-10-13 08:26:30,2022-11-25 14:44:50
845,Nicole Perez,matthew38@example.org,40,18-24,Female,False,True,False,Tablet,2025-01-12 20:38:12,2025-05-31 07:42:37
846,Michael Ball,lboyd@example.com,21,18-24,Other,True,True,True,Desktop,2025-06-22 11:09:57,2025-10-17 13:09:31
847,Troy Williams DVM,davidthompson@example.net,7,18-24,Female,True,True,False,Tablet,2024-05-31 22:54:08,2024-07-06 18:40:37
848,Blake Hardy,frank33@example.com,1,25-34,Male,True,True,False,Mobile,2025-03-08 12:22:13,2025-11-25 22:43:36
849,Jerome Reid,michelle71@example.com,35,35-44,Other,True,False,True,Desktop,2022-09-04 19:41:29,2023-06-29 12:22:22
850,Jonathan Moss,lorileon@example.org,43,45-54,Male,True,True,False,Mobile,2023-07-12 08:38:10,2023-12-07 16:24:18
851,Terrence Evans,angelathompson@example.com,40,65+,Male,False,True,True,Tablet,2024-12-01 23:51:53,2025-05-11 07:41:01
852,Larry Jones,jennifergonzalez@example.org,27,25-34,Female,True,True,False,Mobile,2023-10-11 13:37:51,2024-10-06 04:18:54
853,Jacqueline Sullivan,vbentley@example.com,42,45-54,Female,True,True,True,Desktop,2022-01-06 11:50:58,2025-05-29 13:58:52
854,Mrs. Stacey Riddle,cruzariel@example.org,27,45-54,Male,False,True,True,Desktop,2023-06-22 09:42:16,2024-03-27 10:57:50
855,Nicole Bailey,xreid@example.net,11,65+,Prefer not to say,True,False,True,Tablet,2024-12-03 20:33:52,2025-11-28 19:20:21
856,David Woods,crystal02@example.com,41,25-34,Female,True,True,True,Mobile,2022-03-22 12:03:51,2023-08-29 22:27:08
857,David Lane,alexanderwise@example.net,26,55-64,Female,True,True,False,Mobile,2024-04-27 07:51:08,2025-11-11 15:40:36
858,Valerie Miller,nancymartin@example.com,10,18-24,Female,False,True,True,Tablet,2024-09-22 07:01:27,2025-03-13 01:49:37
859,Mary Reyes,jessica11@example.net,16,45-54,Male,True,True,False,Desktop,2022-12-20 19:29:40,2023-11-14 18:22:11
860,Debra Clark,ahale@example.org,41,18-24,Prefer not to say,False,True,False,Mobile,2024-03-12 20:42:03,2025-08-06 09:59:09
861,Michael Warren,jessica22@example.com,32,55-64,Female,True,True,False,Desktop,2025-02-16 07:18:16,2025-02-16 21:05:04
862,Mr. Brian Bradley,jacobbrown@example.org,21,45-54,Male,True,True,False,Tablet,2022-09-18 06:40:04,2023-02-24 08:26:24
863,Dr. Jessica Durham,oneillgabriel@example.com,31,65+,Female,True,True,True,Mobile,2025-02-06 17:38:54,2025-04-06 04:21:22
864,Allen Young,gchambers@example.org,10,25-34,Male,False,True,True,Mobile,2022-04-30 09:01:34,2022-10-12 02:32:48
865,Kevin Huerta,clarklatoya@example.com,23,45-54,Female,True,True,True,Desktop,2022-03-27 19:08:17,2025-01-11 10:12:05
866,Tara Kennedy,cassandra55@example.net,46,25-34,Male,True,True,True,Mobile,2024-04-23 21:16:11,2025-12-07 09:54:56
867,Teresa Ortega,wbishop@example.com,48,25-34,Male,True,True,True,Desktop,2025-05-30 22:31:27,2025-12-14 21:27:38
868,Jennifer Houston,anthonymartinez@example.net,3,65+,Male,True,True,False,Tablet,2025-02-01 12:40:52,2025-02-01 06:10:56
869,Isabella Montgomery,qrobertson@example.org,12,25-34,Male,True,True,False,Mobile,2023-01-26 11:01:07,2025-02-01 09:20:27
870,Erica Schultz,montesjill@example.net,37,55-64,Female,True,True,True,Tablet,2022-01-05 01:44:00,2024-07-11 19:13:29
871,Lonnie Miller,ecrosby@example.net,43,18-24,Female,True,True,True,Desktop,2023-09-14 09:35:17,2025-01-25 19:56:51
872,Elizabeth Lee,mollywalter@example.net,27,18-24,Male,True,True,True,Mobile,2025-04-14 08:03:51,2025-11-21 14:02:17
873,Elizabeth Nunez,cjackson@example.org,30,25-34,Female,True,False,False,Mobile,2023-12-07 09:41:50,2024-03-10 21:00:58
874,Christopher Raymond,garciavictoria@example.org,27,45-54,Male,False,True,True,Desktop,2023-11-06 10:01:04,2024-12-26 14:53:51
875,Pamela Robinson,elizabeth12@example.net,42,65+,Male,True,True,True,Mobile,2022-08-13 15:03:25,2025-09-19 10:29:31
876,Faith Walker,schneidernicholas@example.net,47,35-44,Male,True,False,True,Tablet,2024-06-05 20:08:06,2025-03-06 23:55:44
877,Rachel Burch,ostokes@example.com,3,18-24,Female,True,True,True,Desktop,2024-11-05 23:59:44,2025-08-25 21:16:56
878,Patrick Pineda,berrydavid@example.com,9,25-34,Male,True,False,False,Tablet,2022-06-11 10:10:59,2022-10-01 08:29:07
879,Antonio Nichols,uwhitney@example.com,43,35-44,Male,False,True,True,Desktop,2025-08-27 13:07:33,2025-10-29 16:36:30
880,Matthew Garza,fosteramanda@example.com,42,45-54,Male,True,False,True,Mobile,2025-01-20 19:22:35,2025-11-23 20:15:42
881,Daniel Frazier,carolynthomas@example.net,22,25-34,Female,True,False,False,Desktop,2023-03-18 19:29:52,2025-06-13 11:31:06
882,Francisco Shaw,hillmelanie@example.net,9,25-34,Male,False,False,True,Desktop,2025-04-02 19:41:09,2025-10-31 20:06:58
883,Michael Bennett DVM,eric33@example.net,37,45-54,Male,False,True,True,Desktop,2023-11-01 08:17:27,2025-08-04 08:19:55
884,Shannon Luna,tracey20@example.net,17,18-24,Female,True,True,True,Desktop,2024-10-26 09:01:30,2025-11-13 18:28:22
885,Gregory Myers,rosejustin@example.net,42,25-34,Female,True,True,True,Desktop,2023-07-03 15:03:28,2024-07-15 09:06:03
886,Anne Morris,hornjenna@example.com,42,25-34,Male,True,False,True,Mobile,2025-07-15 16:31:33,2025-10-30 13:43:03
887,John Merritt,jefferygoodman@example.net,46,35-44,Male,True,True,False,Desktop,2024-07-04 06:06:17,2025-05-05 09:39:44
888,Ashley Floyd,nicholasmcgrath@example.net,39,25-34,Male,True,False,True,Tablet,2024-06-30 09:50:13,2025-01-09 11:18:45
889,William White,wilsonzachary@example.com,5,25-34,Male,True,False,False,Desktop,2025-03-23 10:58:44,2025-11-25 09:20:43
890,Jennifer Johnson,randyturner@example.net,49,55-64,Female,False,True,True,Mobile,2024-04-10 10:11:16,2025-11-26 21:10:43
891,Michael Pope,stricklandmichelle@example.net,15,35-44,Male,True,True,True,Tablet,2025-08-28 14:02:52,2025-11-07 01:43:18
892,Adam Wilson,burnselizabeth@example.net,43,35-44,Male,True,True,False,Tablet,2023-06-19 10:31:47,2025-01-14 11:34:16
893,Mrs. Melissa Davis,patrickcooke@example.net,8,25-34,Female,True,True,True,Mobile,2022-11-11 20:54:55,2024-09-04 21:38:30
894,Arthur Stout,richardhaynes@example.com,48,45-54,Male,True,True,False,Desktop,2023-08-30 18:09:22,2024-12-20 15:15:36
895,Katherine Stone,molinajared@example.net,29,65+,Female,True,False,True,Desktop,2024-02-17 18:17:56,2025-02-08 18:34:57
896,Catherine Peters,david29@example.org,34,45-54,Female,True,True,True,Desktop,2025-06-09 11:26:17,2025-07-13 10:02:37
897,Paul Miller,huntermichael@example.net,44,25-34,Other,True,True,True,Desktop,2024-07-02 09:00:31,2024-08-17 21:09:29
898,Danielle Williams,donna72@example.net,38,18-24,Female,True,True,False,Mobile,2022-08-29 05:18:00,2025-11-17 13:13:18
899,Yesenia Obrien,haileybates@example.org,43,65+,Female,False,True,True,Tablet,2023-11-18 09:22:56,2024-07-12 09:54:32
900,Ronnie Bernard,brittanyramirez@example.net,31,65+,Male,True,True,True,Mobile,2022-11-28 08:37:58,2023-06-25 07:14:02
901,James Mckee,qbryant@example.net,28,45-54,Male,True,True,True,Mobile,2024-05-20 21:58:19,2024-07-01 17:11:36
902,Andrea Oconnor,jenniferelliott@example.net,41,35-44,Male,False,True,True,Tablet,2023-08-19 13:12:19,2025-03-30 10:19:36
903,Christian Riddle,mgray@example.org,30,25-34,Male,False,True,False,Mobile,2025-02-21 13:20:32,2025-08-19 22:45:22
904,Joshua Jones,coxmatthew@example.com,20,55-64,Female,True,True,False,Desktop,2022-04-19 22:26:05,2022-10-02 20:39:58
905,Brent Petty,nicholasgarcia@example.org,30,55-64,Female,True,True,True,Tablet,2022-07-24 06:54:25,2025-04-08 07:42:00
906,Roberto Burns,jackie48@example.com,45,25-34,Male,False,True,False,Mobile,2022-09-03 07:38:06,2025-01-23 20:36:30
907,Travis Price,linda88@example.net,15,55-64,Female,True,True,False,Mobile,2024-04-29 19:33:09,2025-10-14 17:31:08
908,Deanna Parks,dianethomas@example.net,10,45-54,Male,True,True,True,Tablet,2025-05-18 20:39:44,2025-08-10 09:04:00
909,Vanessa Zimmerman,erikabarnes@example.com,12,55-64,Female,True,True,False,Tablet,2024-10-25 13:03:59,2024-11-15 07:25:30
910,Kathryn Hill,tmeyer@example.org,48,45-54,Male,False,True,True,Desktop,2022-09-14 18:27:09,2025-11-28 18:11:09
911,Jennifer Edwards,walterschase@example.org,26,25-34,Female,True,True,True,Desktop,2023-03-03 09:06:37,2025-07-23 14:42:17
912,Patrick Spencer,astokes@example.com,42,45-54,Female,True,False,True,Mobile,2025-08-14 13:36:24,2025-09-03 01:19:02
913,Jonathan Jennings,sullivanchristina@example.net,33,55-64,Female,True,True,True,Mobile,2024-08-05 14:46:29,2025-11-11 09:10:22
914,Haley Gamble,lawsontami@example.net,30,45-54,Female,True,True,True,Desktop,2022-01-11 08:09:22,2023-09-12 18:36:21
915,Carrie Richardson,williefarley@example.com,43,25-34,Female,True,True,True,Tablet,2025-07-25 06:53:41,2025-11-11 14:30:38
916,Gail Shelton,robertstimothy@example.com,5,18-24,Female,True,True,True,Tablet,2023-11-25 11:37:22,2024-04-01 17:53:25
917,Claudia Torres,wallspatricia@example.com,47,55-64,Male,False,True,True,Desktop,2022-10-26 14:48:14,2025-02-17 23:51:58
918,Edwin Rodriguez,pamela26@example.com,48,18-24,Female,True,True,False,Desktop,2022-03-22 21:03:39,2022-03-30 09:02:54
919,Joseph Roach,fmartinez@example.org,36,25-34,Male,True,True,True,Mobile,2022-01-13 07:28:24,2023-09-21 07:40:36
920,James Evans,imcclain@example.com,2,45-54,Female,True,True,False,Desktop,2022-08-06 13:33:51,2024-10-19 20:05:37
921,Candice Gomez,tsmith@example.org,44,45-54,Female,True,True,False,Tablet,2022-06-02 20:36:34,2023-12-20 21:21:11
922,Jason Rivera,martinjames@example.com,9,55-64,Male,True,False,True,Mobile,2022-06-04 20:32:22,2023-06-06 11:57:35
923,John Simpson,markduran@example.com,39,35-44,Male,False,True,False,Desktop,2025-09-04 20:19:06,2025-12-13 08:14:03
924,Jasmine Rodriguez,sparksdavid@example.com,35,35-44,Female,False,True,True,Mobile,2023-12-04 19:04:55,2025-10-19 21:18:04
925,Michael Peterson,hamiltonkeith@example.com,17,45-54,Male,True,True,False,Mobile,2023-12-01 16:57:07,2025-06-24 17:59:58
926,Monica Lopez,katie43@example.net,43,65+,Male,True,True,True,Tablet,2022-04-26 07:35:52,2023-11-17 19:59:48
927,Rhonda Haynes,jacobbond@example.net,39,45-54,Female,False,True,True,Tablet,2025-02-22 19:48:51,2025-04-21 03:04:26
928,Andrew Mooney,ronaldjensen@example.org,28,35-44,Female,False,True,False,Mobile,2024-06-06 04:02:31,2024-10-11 15:41:22
929,Melody Baird,matthewmendoza@example.net,44,45-54,Male,True,True,True,Mobile,2025-04-24 20:51:12,2025-07-22 16:55:24
930,Jack Hahn,dwright@example.org,40,65+,Male,True,True,True,Mobile,2023-08-21 12:27:35,2023-10-03 07:28:07
931,Christy Kennedy,jordanjohnny@example.com,35,35-44,Prefer not to say,True,True,False,Mobile,2022-02-27 07:00:14,2022-05-10 12:48:56
932,Adam Arnold,markfigueroa@example.com,39,45-54,Male,True,True,True,Mobile,2023-05-24 05:28:11,2024-03-03 10:20:22
933,Cynthia Hill,gmiller@example.org,46,45-54,Male,False,True,False,Desktop,2024-11-05 18:04:16,2025-07-01 22:13:31
934,Warren Henson,jamesgriffin@example.org,18,25-34,Female,True,True,True,Tablet,2024-05-30 20:18:55,2025-05-04 18:33:57
935,Nicholas Mayo,amandahernandez@example.org,15,25-34,Female,True,True,False,Mobile,2022-04-15 14:05:13,2024-04-16 21:53:33
936,Shawn Castaneda,patricia71@example.com,2,35-44,Male,True,True,False,Mobile,2022-09-26 23:44:28,2024-07-04 18:29:07
937,Kathy Johnson,heather24@example.org,25,25-34,Male,True,True,True,Mobile,2022-04-05 05:54:39,2023-10-22 12:01:55
938,Cheryl Olsen,gcohen@example.org,39,45-54,Male,False,True,False,Mobile,2025-08-30 19:02:34,2025-09-05 20:59:01
939,Richard Morales,jamie02@example.net,28,55-64,Female,False,True,True,Tablet,2022-08-20 20:21:46,2025-02-15 20:27:55
940,Rachel Gibson,kevin34@example.net,28,35-44,Female,True,True,True,Tablet,2022-11-01 22:18:54,2025-01-03 23:34:29
941,Joseph Carter,sheriramirez@example.org,44,65+,Male,True,True,True,Desktop,2023-01-11 23:15:08,2023-05-18 21:17:51
942,Danielle Colon,smithmichael@example.net,42,55-64,Female,True,True,True,Desktop,2023-01-14 05:17:23,2025-05-05 09:16:50
943,Stacey Baker,rickycarr@example.com,3,65+,Female,False,True,True,Mobile,2025-09-22 20:28:29,2025-10-19 02:00:29
944,Henry Cross,gregory08@example.net,12,25-34,Female,True,True,True,Mobile,2025-10-10 09:39:35,2025-11-20 10:04:28
945,Ashley Reese,qbautista@example.net,3,25-34,Female,True,True,True,Mobile,2025-10-01 08:39:41,2025-11-28 05:07:41
946,Connie Adams,omoore@example.net,23,35-44,Male,True,True,True,Mobile,2024-06-06 05:45:16,2025-04-08 23:01:43
947,Anna White,lisathompson@example.net,44,35-44,Female,False,True,True,Desktop,2024-10-13 16:15:13,2025-03-19 10:23:53
948,Alisha Martin,lisamcdaniel@example.org,40,18-24,Male,True,True,True,Mobile,2023-11-18 11:26:57,2025-05-23 18:30:18
949,Terry Waller,ramseyderrick@example.org,33,55-64,Female,False,True,True,Tablet,2022-04-08 18:51:20,2022-07-14 15:49:47
950,Ronald Hines,andersonkayla@example.com,15,35-44,Prefer not to say,True,True,True,Mobile,2024-04-24 19:24:48,2024-12-06 23:05:04
951,Vincent Rosario,danielsloretta@example.net,34,35-44,Male,True,True,False,Desktop,2022-07-19 20:33:51,2024-09-07 05:30:42
952,Stephanie Ochoa,martin23@example.org,8,45-54,Male,False,True,True,Tablet,2022-04-29 09:49:23,2022-10-30 09:20:47
953,Alisha Williams,curtis62@example.org,29,55-64,Male,False,False,False,Mobile,2024-01-31 15:58:23,2024-07-31 18:38:14
954,Charles Rios,sandracohen@example.net,17,55-64,Male,True,True,True,Mobile,2025-06-30 20:26:43,2025-07-04 17:08:38
955,Christopher Rodriguez,huberjuan@example.org,30,18-24,Male,True,True,False,Tablet,2025-05-22 17:40:56,2025-11-08 20:57:11
956,Tamara Huang,gregorymoreno@example.net,11,65+,Male,False,False,False,Desktop,2024-05-11 07:55:02,2024-07-18 20:01:44
957,Melissa Weber,michael14@example.com,22,55-64,Female,True,True,False,Mobile,2022-09-11 08:44:35,2024-01-30 09:18:07
958,Michelle Jones,hensleytiffany@example.net,41,35-44,Female,True,True,True,Mobile,2024-07-14 06:58:22,2025-11-10 22:58:26
959,Robert Bray,wilsonronald@example.net,10,55-64,Female,True,True,True,Desktop,2022-07-25 19:37:58,2023-01-24 20:32:05
960,Catherine Cruz MD,aolson@example.net,15,25-34,Male,True,False,True,Desktop,2023-01-25 08:46:37,2023-04-30 10:49:06
961,Martha Sanchez,idunn@example.net,48,55-64,Female,True,True,False,Desktop,2025-01-15 09:24:20,2025-05-06 20:09:02
962,Bradley Espinoza,jacquelineyoung@example.org,29,25-34,Male,False,True,True,Mobile,2023-11-21 07:18:10,2024-12-29 08:17:31
963,John Anderson,brownmichael@example.org,33,45-54,Male,False,False,True,Mobile,2022-10-12 21:42:17,2025-06-24 08:13:35
964,Valerie Durham,jasonwalker@example.net,37,35-44,Male,True,True,False,Tablet,2023-02-17 00:53:52,2023-07-15 03:13:18
965,Jamie Johnson,swatson@example.org,17,18-24,Male,True,True,False,Mobile,2022-07-12 19:54:07,2025-10-28 13:27:31
966,Sheila Johnson,donald31@example.org,22,25-34,Female,True,True,False,Desktop,2024-07-16 19:14:46,2024-08-23 06:10:32
967,Clarence Manning,theodore57@example.net,34,25-34,Female,True,False,True,Tablet,2024-03-07 21:02:27,2025-08-16 07:45:50
968,Stanley Johnson,wesleysmith@example.com,44,25-34,Male,True,True,True,Mobile,2024-08-30 18:15:08,2025-01-12 17:55:14
969,Sandra Ellison,jenna62@example.com,48,25-34,Male,True,True,False,Mobile,2024-08-09 08:56:05,2025-10-14 22:54:46
970,Beth Lewis,robinsonisaiah@example.net,41,25-34,Female,False,False,False,Desktop,2025-09-23 12:16:39,2025-11-05 11:37:15
971,Michael Woods,kwilcox@example.org,35,35-44,Male,True,False,False,Desktop,2025-09-27 19:31:50,2025-11-13 18:38:22
972,Brian Miller,anthony42@example.net,12,35-44,Male,True,True,False,Desktop,2025-01-28 12:28:20,2025-08-23 09:27:07
973,Theodore Lopez,daniellejohnson@example.com,2,25-34,Female,False,True,True,Desktop,2022-05-29 20:55:31,2023-02-27 17:43:15
974,William Webb,edwardssherry@example.org,26,25-34,Male,True,True,True,Mobile,2022-04-29 09:20:26,2024-05-23 11:28:27
975,Kathryn Edwards,iswanson@example.net,14,45-54,Male,False,True,True,Tablet,2025-10-03 10:26:14,2025-11-26 17:10:34
976,Kathy Shaw,andrewflynn@example.com,46,25-34,Male,False,True,True,Mobile,2024-08-01 02:46:01,2025-01-13 20:05:49
977,Christian Ford,cisnerosjesse@example.org,46,25-34,Female,False,True,True,Tablet,2024-03-31 11:12:10,2025-09-13 20:25:55
978,Candace Stuart,seth25@example.com,7,35-44,Female,True,True,True,Tablet,2025-02-03 09:00:02,2025-08-28 20:48:33
979,Steven Schroeder,nallen@example.net,25,45-54,Male,False,True,True,Mobile,2023-05-20 20:15:02,2025-08-01 09:07:52
980,Kathleen Ballard,katiecollins@example.org,48,55-64,Female,True,True,False,Mobile,2022-04-15 15:45:48,2022-11-05 19:01:00
981,Edward Jones,michael12@example.net,48,18-24,Male,True,True,False,Desktop,2023-11-29 20:54:19,2024-11-02 20:27:32
982,David Mcdowell,shelbybonilla@example.com,18,35-44,Female,True,True,True,Desktop,2024-12-15 12:27:05,2025-03-19 09:26:35
983,Scott Stark,scotthunt@example.net,15,35-44,Male,False,True,True,Mobile,2022-02-25 19:23:48,2025-06-02 16:06:28
984,Katie Baker,oliverdawn@example.net,36,25-34,Female,True,True,True,Tablet,2025-08-24 18:21:09,2025-10-05 20:05:06
985,Brittney Garcia,zmoore@example.org,4,45-54,Male,True,True,True,Desktop,2025-01-11 20:33:46,2025-09-04 20:48:14
986,Hannah Mcdonald,lrodriguez@example.net,14,45-54,Female,True,True,False,Desktop,2022-11-09 19:38:26,2025-07-25 21:17:44
987,Jeffrey Morales,stewartwendy@example.com,6,65+,Male,True,True,True,Tablet,2022-06-01 13:30:32,2025-10-23 16:47:46
988,Jesse Gardner,nthomas@example.com,28,35-44,Female,True,True,False,Desktop,2022-10-25 19:10:12,2025-02-21 13:07:02
989,Amy Stokes,nirwin@example.org,44,25-34,Male,False,True,True,Desktop,2024-03-05 12:18:07,2025-12-07 13:18:46
990,Jenny King,christopherjones@example.com,34,45-54,Male,True,True,False,Mobile,2022-10-23 16:13:51,2022-11-18 18:45:23
991,Jason Lewis,jack01@example.com,12,25-34,Male,False,True,True,Tablet,2022-04-25 08:45:53,2025-06-30 14:20:26
992,Gregory Barnes,ynichols@example.org,39,25-34,Male,True,True,True,Mobile,2023-04-24 07:29:21,2025-04-20 07:39:29
993,Laura Morrow,christiancontreras@example.net,20,25-34,Female,False,True,True,Mobile,2025-09-12 09:52:58,2025-10-23 21:37:46
994,Morgan Bryan,alexis72@example.com,17,35-44,Male,True,True,True,Tablet,2022-07-22 06:09:06,2024-10-23 19:17:11
995,Jennifer Meyer,mcneilsherry@example.org,40,45-54,Male,True,True,False,Mobile,2025-04-24 20:37:38,2025-05-20 09:51:47
996,Amanda Reese,robertpayne@example.org,1,25-34,Female,True,True,True,Tablet,2024-06-06 22:39:09,2025-05-27 08:30:55
997,Corey Frazier,woodmichael@example.com,26,25-34,Male,True,True,True,Tablet,2024-04-20 14:19:32,2024-08-28 20:15:35
998,Melissa Banks,wgutierrez@example.com,18,45-54,Female,True,True,False,Tablet,2025-06-08 07:38:53,2025-09-11 08:10:40
999,Gabriella House,lpatterson@example.net,24,55-64,Female,True,True,True,Mobile,2025-03-04 07:57:27,2025-07-03 18:11:01
1000,Ryan Barker,swalters@example.net,29,25-34,Male,True,True,False,Desktop,2024-04-12 11:11:59,2025-03-10 19:00:12
1001,Brandon Hood,bankschristina@example.com,42,35-44,Male,True,True,True,Tablet,2025-08-05 15:00:38,2025-12-02 09:41:17
1002,Kimberly Schultz,contrerasmelissa@example.org,30,35-44,Male,False,True,False,Mobile,2022-05-26 20:55:45,2025-01-24 22:38:40
1003,Craig Harrison,belllaura@example.com,12,55-64,Male,True,True,True,Tablet,2022-11-08 11:39:57,2024-04-06 19:45:47
1004,Natalie Smith,kimberly84@example.com,13,45-54,Female,True,True,False,Tablet,2023-08-01 19:20:06,2025-07-12 21:17:54
1005,Rebecca Perry,adamstout@example.org,43,35-44,Female,True,True,False,Tablet,2025-05-15 08:37:46,2025-07-10 22:33:00
1006,Robert Wilkins,matthew96@example.org,39,25-34,Female,True,True,False,Mobile,2022-01-22 08:17:05,2022-08-28 08:02:17
1007,Jennifer Williams,oanderson@example.com,45,18-24,Female,True,False,True,Mobile,2024-02-17 10:35:22,2024-11-04 07:29:36
1008,Kelly Kim,mckinneydavid@example.org,1,25-34,Male,True,True,True,Tablet,2025-09-29 08:37:40,2025-10-12 22:49:10
1009,Lori Green,stacyharris@example.org,9,25-34,Male,True,True,True,Desktop,2024-06-02 18:57:55,2025-08-15 08:48:47
1010,Brittany Montgomery,armstronganthony@example.net,17,45-54,Male,True,True,True,Tablet,2022-02-05 09:12:17,2022-02-21 21:11:18
1011,Heather Allen,kennethnichols@example.org,38,25-34,Female,True,True,True,Tablet,2022-07-02 16:53:40,2024-01-25 19:10:02
1012,David Williams,donovancourtney@example.net,48,55-64,Male,False,True,True,Mobile,2024-10-13 20:13:21,2025-09-23 19:32:35
1013,Timothy Martinez,justinkline@example.org,30,35-44,Male,True,True,True,Tablet,2025-10-09 21:33:42,2025-12-06 18:30:08
1014,Christine Garcia,gutierreztommy@example.net,31,25-34,Female,True,False,True,Desktop,2022-04-19 07:22:55,2025-05-21 21:10:26
1015,Erik Odonnell,hectorsmith@example.org,38,35-44,Male,True,True,True,Desktop,2022-04-17 17:48:01,2024-10-22 13:39:29
1016,Autumn Cooper,timothy99@example.net,15,45-54,Female,True,True,False,Tablet,2024-07-11 17:30:43,2025-06-05 12:02:59
1017,Bryan Obrien,holmeskathleen@example.org,39,65+,Female,True,False,False,Mobile,2022-01-08 12:01:10,2024-01-27 16:59:19
1018,Garrett Robinson,josepholson@example.org,50,18-24,Male,True,True,False,Mobile,2025-04-27 19:50:03,2025-05-23 22:19:50
1019,Patrick Simpson,qnielsen@example.org,14,35-44,Female,True,True,False,Mobile,2023-05-03 21:19:19,2024-10-11 06:15:54
1020,Tonya Garcia,gabriel37@example.com,45,25-34,Male,True,True,True,Mobile,2022-10-04 14:22:06,2025-06-18 14:43:25
1021,Rose Dean,kpatterson@example.com,21,55-64,Female,False,True,True,Mobile,2025-05-20 11:20:48,2025-08-16 22:25:49
1022,Christopher Johnson,brenda49@example.net,39,25-34,Male,True,True,True,Tablet,2023-06-08 11:42:47,2025-01-10 22:01:14
1023,Brian Lamb,wgibbs@example.org,13,18-24,Male,True,True,True,Mobile,2025-08-22 19:58:04,2025-10-22 18:08:31
1024,Richard Martinez,haley53@example.com,27,25-34,Male,True,True,False,Desktop,2022-04-12 09:24:43,2024-09-10 20:02:16
1025,Austin Campbell,alisongarcia@example.com,1,25-34,Male,True,True,True,Tablet,2024-03-04 19:06:41,2024-09-29 21:51:51
1026,Megan Berry,bfleming@example.com,17,45-54,Male,False,False,True,Desktop,2024-09-29 22:25:27,2025-11-21 20:19:27
1027,Johnny Williams,robert17@example.org,12,65+,Female,True,True,True,Desktop,2025-02-11 19:54:34,2025-04-12 22:07:50
1028,Alex Smith,buckjustin@example.com,40,45-54,Male,True,True,True,Desktop,2024-04-21 22:45:37,2025-04-12 10:32:52
1029,Gail Smith,zdavis@example.com,28,25-34,Male,False,True,True,Desktop,2022-02-21 13:03:56,2024-03-05 17:23:16
1030,Jennifer Hawkins,troy06@example.com,8,25-34,Male,False,True,True,Mobile,2024-10-08 12:28:20,2025-02-03 10:02:38
1031,Tracy Martinez,sharon10@example.org,23,65+,Female,True,True,False,Tablet,2024-09-01 08:09:40,2025-04-02 14:57:17
1032,Frank Watts,fperez@example.org,3,18-24,Other,True,False,True,Tablet,2022-03-08 20:36:29,2022-03-22 04:20:23
1033,Kimberly Smith,greenkristen@example.org,2,25-34,Female,False,True,True,Desktop,2024-10-10 06:59:40,2025-09-25 19:27:25
1034,Michael Conner,knelson@example.org,33,35-44,Female,True,True,True,Mobile,2022-03-09 22:50:12,2023-05-02 17:19:39
1035,Charles Silva,qwalsh@example.org,18,35-44,Male,True,True,True,Mobile,2024-03-27 20:27:17,2024-06-10 19:49:11
1036,John Ramirez,qperez@example.com,18,35-44,Female,True,True,True,Tablet,2023-12-31 13:01:50,2024-06-19 12:08:17
1037,Dana Holland,heatherjones@example.com,30,35-44,Female,True,True,False,Mobile,2024-09-22 11:04:39,2025-02-27 09:45:38
1038,Robert Lopez,petersonlisa@example.net,48,35-44,Female,True,True,True,Tablet,2022-03-26 11:20:22,2022-04-12 20:09:29
1039,Michelle Rios,sloanjeffery@example.com,14,45-54,Female,True,True,True,Desktop,2023-12-20 21:05:40,2024-08-03 15:22:05
1040,Christina Ross,ramirezfrank@example.com,28,35-44,Female,False,True,False,Mobile,2023-06-24 03:39:37,2024-08-06 08:22:36
1041,Joel Rodriguez,allenpatricia@example.org,7,25-34,Male,True,True,False,Tablet,2025-08-24 12:34:08,2025-10-28 11:54:07
1042,Heather Wilson,gomezjason@example.com,39,25-34,Female,True,True,False,Tablet,2023-01-09 23:35:26,2024-06-02 11:13:26
1043,Dominic Davis,bdennis@example.org,26,35-44,Male,False,True,False,Mobile,2023-12-04 20:20:32,2024-12-14 16:25:14
1044,Kendra Snyder,drodriguez@example.net,42,25-34,Female,True,True,False,Desktop,2023-02-16 12:00:34,2024-04-06 20:48:29
1045,Steven Johnston,camerongarcia@example.org,33,65+,Female,False,False,True,Mobile,2022-12-15 08:01:39,2023-04-15 09:39:39
1046,James Robinson,tyler23@example.com,48,45-54,Female,True,True,True,Mobile,2025-05-19 08:40:30,2025-10-12 19:23:01
1047,Aaron Lopez,sstevenson@example.org,46,65+,Male,True,False,True,Desktop,2024-06-10 13:46:55,2025-07-05 09:30:59
1048,Gary Gibson,waderonnie@example.org,12,65+,Female,True,True,True,Mobile,2022-08-27 14:43:38,2024-11-25 13:15:50
1049,Michael Castaneda,tara90@example.com,44,35-44,Female,True,True,False,Desktop,2022-09-06 09:46:04,2023-07-18 00:02:43
1050,Alan Frazier,mary88@example.org,35,45-54,Male,False,True,False,Tablet,2025-05-06 21:34:07,2025-08-19 19:38:41
1051,Robert Rogers,inavarro@example.com,42,35-44,Female,True,True,False,Tablet,2024-11-22 20:23:25,2025-09-18 19:32:40
1052,Ronald Turner,patricia97@example.org,22,18-24,Male,True,True,True,Tablet,2024-07-17 19:07:46,2024-11-24 08:26:42
1053,Brittany Jenkins,donnathomas@example.com,17,25-34,Female,True,True,True,Desktop,2023-01-13 06:57:45,2024-07-20 15:15:48
1054,Jessica Clark,leestephanie@example.net,15,55-64,Female,False,True,False,Tablet,2022-02-13 18:48:08,2024-05-02 08:18:01
1055,Kimberly Gaines,josephshelton@example.com,48,55-64,Male,True,False,True,Mobile,2022-05-31 18:30:45,2023-05-20 13:18:09
1056,Ellen Williams DDS,mary16@example.com,17,25-34,Female,False,True,True,Mobile,2023-07-02 03:13:37,2024-07-10 10:37:00
1057,Brian Smith,stevenhernandez@example.com,34,25-34,Female,True,True,True,Mobile,2024-03-03 22:41:09,2025-08-01 17:32:20
1058,Dwayne Marsh,chavezjeff@example.net,15,25-34,Male,True,True,False,Tablet,2024-05-22 14:24:00,2025-06-05 18:04:21
1059,Harold Flowers,kingmichael@example.com,1,55-64,Female,False,True,True,Mobile,2022-06-22 08:31:29,2024-03-04 17:40:58
1060,Kristina Mckay,douglas36@example.net,5,25-34,Other,False,True,True,Mobile,2025-01-03 11:02:25,2025-06-25 18:21:32
1061,Timothy Wright,ghenderson@example.com,12,45-54,Female,True,True,True,Mobile,2025-07-08 13:33:15,2025-08-23 09:51:47
1062,Jeffrey Liu,feliciagonzalez@example.org,47,55-64,Male,False,True,True,Mobile,2025-07-11 23:17:35,2025-10-12 10:47:12
1063,Edward Ho,ygardner@example.com,4,25-34,Female,True,True,True,Mobile,2023-08-06 09:48:37,2024-01-24 14:06:34
1064,Kathy Jennings,taylor67@example.com,1,35-44,Female,True,False,False,Mobile,2022-05-15 07:37:13,2024-04-03 17:19:36
1065,Allison Wang,camposchristina@example.com,49,35-44,Male,True,True,True,Desktop,2025-09-07 17:40:39,2025-10-22 19:00:16
1066,Marc Yoder,brian62@example.com,18,45-54,Female,True,True,False,Mobile,2025-01-05 22:19:16,2025-07-23 21:15:21
1067,Kelly Combs,brownmaria@example.net,11,25-34,Female,True,True,False,Desktop,2024-07-26 14:20:57,2025-03-17 23:30:31
1068,Krystal Vaughn,martinezbrenda@example.net,49,25-34,Male,True,True,True,Tablet,2022-05-30 18:34:52,2024-07-07 09:49:06
1069,Charles Yang,rtaylor@example.net,11,25-34,Male,True,True,False,Desktop,2024-10-31 10:39:13,2024-11-21 17:09:20
1070,William Smith,mhanson@example.org,47,25-34,Female,True,False,True,Mobile,2025-04-07 22:30:41,2025-06-21 18:26:49
1071,Kelly Wright,wellsmarissa@example.com,20,35-44,Male,True,True,True,Desktop,2022-04-04 10:46:22,2022-10-27 20:20:28
1072,John White,meaganpayne@example.net,2,55-64,Male,True,True,False,Mobile,2023-07-01 11:51:08,2025-10-09 23:49:17
1073,Jessica Fields,donaldgarner@example.org,13,55-64,Female,True,True,True,Mobile,2024-08-11 11:50:24,2025-10-06 10:35:47
1074,Karen Roberts,haleytrevor@example.net,43,25-34,Female,False,True,False,Tablet,2022-08-27 11:30:46,2025-02-06 17:02:49
1075,Julie Li,anthonybryant@example.net,24,35-44,Male,True,False,True,Tablet,2023-01-20 11:06:03,2024-03-03 18:17:34
1076,Matthew Sandoval,wwilliams@example.org,13,35-44,Male,True,True,False,Tablet,2023-06-29 12:09:55,2024-12-02 08:19:36
1077,William Howard,michaelmccarthy@example.com,5,55-64,Female,False,False,True,Desktop,2023-10-17 16:18:44,2025-05-10 02:49:49
1078,Matthew Hart,yespinoza@example.org,24,25-34,Female,False,True,False,Mobile,2023-12-19 19:13:11,2024-04-23 10:14:29
1079,James Hendricks,ebennett@example.net,4,55-64,Male,False,True,True,Mobile,2023-01-25 08:41:26,2025-04-08 12:51:31
1080,Patricia Fox,heidichapman@example.net,19,35-44,Female,False,True,False,Mobile,2024-07-10 22:55:51,2025-05-07 10:34:31
1081,Andrew Christian,jesseortega@example.com,30,45-54,Prefer not to say,False,True,True,Desktop,2023-05-02 16:51:32,2024-12-13 20:05:36
1082,Vicki Stokes,danielgilmore@example.net,22,18-24,Female,True,True,False,Desktop,2025-07-30 13:56:56,2025-10-03 23:09:41
1083,Austin Salazar,johnsonkaren@example.com,25,18-24,Male,True,True,True,Tablet,2025-06-02 21:25:36,2025-10-28 10:39:53
1084,Tammy Morris,ogray@example.net,37,65+,Female,False,True,True,Mobile,2024-12-03 20:34:29,2025-07-19 18:12:49
1085,Michael Perez DDS,zcervantes@example.org,3,45-54,Female,False,True,True,Mobile,2024-02-18 09:11:06,2024-06-27 02:38:54
1086,Anne Johnson,patriciaward@example.com,14,45-54,Male,False,False,True,Desktop,2022-05-01 18:12:19,2022-06-02 08:17:14
1087,Michael Rosario,nlee@example.net,4,35-44,Male,True,True,False,Mobile,2024-03-06 02:55:47,2025-09-18 21:13:24
1088,Steven Castaneda,gonzalescolleen@example.org,11,45-54,Male,True,True,False,Desktop,2025-03-03 22:32:58,2025-07-24 17:33:07
1089,Ashlee Jimenez,guzmanmark@example.org,17,35-44,Female,True,True,True,Mobile,2024-03-07 12:13:05,2024-05-28 20:23:30
1090,Jeanette Howard,tammyjones@example.net,20,25-34,Female,True,True,False,Mobile,2025-02-23 11:19:53,2025-05-19 05:54:41
1091,Emily Montgomery,aguilarsharon@example.com,10,55-64,Male,True,True,True,Desktop,2022-12-04 22:17:46,2024-06-29 18:20:02
1092,Curtis Barron,tayloramy@example.net,43,25-34,Female,False,True,True,Tablet,2024-07-02 20:03:38,2024-07-19 20:55:47
1093,Amy Snyder,reedchad@example.com,8,55-64,Male,True,True,True,Desktop,2023-04-07 22:47:51,2025-04-20 20:11:23
1094,Juan Potts,jennifer10@example.com,31,18-24,Female,False,True,True,Tablet,2024-04-16 18:01:50,2025-04-23 02:01:56
1095,Eric Horn,andrewbrown@example.org,15,18-24,Prefer not to say,True,True,False,Tablet,2023-12-12 19:10:10,2025-04-02 07:22:57
1096,Nancy Tran,hughesnicholas@example.org,31,35-44,Female,True,True,True,Tablet,2024-01-18 13:54:38,2025-09-08 20:00:19
1097,Jeffrey Prince,michael56@example.org,37,25-34,Male,True,False,True,Mobile,2023-08-25 18:06:30,2024-08-18 15:53:54
1098,Jason Goodwin,ritteralexis@example.net,16,25-34,Male,True,True,False,Tablet,2022-11-30 19:45:25,2023-03-12 10:39:06
1099,Jeffrey Campbell,michael34@example.org,9,25-34,Male,True,True,False,Tablet,2022-12-16 17:33:36,2023-02-16 23:17:48
1100,Billy Wright,troymoss@example.com,1,18-24,Male,False,True,True,Tablet,2024-04-27 21:24:40,2025-02-06 05:12:11
1101,Eric Richardson,misty38@example.com,37,35-44,Prefer not to say,True,True,True,Tablet,2025-06-09 14:54:22,2025-11-18 08:55:52
1102,Gregory Jenkins,nramirez@example.org,12,25-34,Female,True,True,False,Tablet,2023-03-23 09:49:32,2024-09-13 21:21:57
1103,Juan Martinez,barryyoung@example.com,28,45-54,Other,True,True,True,Mobile,2025-03-23 21:48:33,2025-08-09 10:50:23
1104,Jonathan Johnson,brianna41@example.org,29,35-44,Prefer not to say,True,False,True,Desktop,2024-06-28 07:45:18,2025-02-25 07:22:19
1105,Scott Cruz Jr.,nicolaskeller@example.net,15,45-54,Male,False,True,False,Tablet,2023-01-26 20:56:32,2024-10-29 08:53:43
1106,Hannah Johnson,sandra49@example.org,15,45-54,Prefer not to say,True,True,False,Tablet,2022-03-15 21:33:03,2023-05-07 20:23:34
1107,Jessica Patterson,aguirreangela@example.net,10,35-44,Female,True,True,True,Desktop,2024-11-25 18:39:14,2025-04-05 20:48:45
1108,Kimberly Coleman DDS,francisco67@example.net,30,25-34,Female,True,True,False,Tablet,2025-07-28 10:57:33,2025-09-06 22:57:30
1109,Diana Fleming,christopher38@example.com,49,35-44,Male,False,True,False,Mobile,2025-10-20 10:59:46,2025-11-02 18:04:03
1110,Heidi Hopkins,martinezashley@example.com,16,55-64,Male,False,True,False,Mobile,2023-04-18 11:10:41,2024-05-05 13:37:12
1111,Alan Smith,churchtimothy@example.net,44,25-34,Male,True,True,True,Tablet,2025-03-15 19:37:43,2025-11-03 08:28:09
1112,Destiny Bishop,stephanie72@example.com,35,45-54,Male,True,False,False,Desktop,2022-11-01 17:14:42,2023-01-06 13:52:07
1113,Bethany Mccoy,monicadouglas@example.org,41,35-44,Female,False,True,False,Desktop,2024-12-07 21:02:24,2025-03-20 20:16:07
1114,Shannon Riley,tranjeremy@example.net,24,25-34,Female,True,True,True,Mobile,2022-06-10 09:06:05,2022-07-29 23:38:38
1115,Ryan Atkinson,burkemichael@example.org,18,65+,Female,True,True,True,Desktop,2025-10-19 18:55:49,2025-12-13 10:46:46
1116,Damon Hudson,bjones@example.com,32,25-34,Male,True,False,False,Desktop,2023-12-11 06:06:45,2024-03-03 20:15:37
1117,Frances Russell,thomas49@example.org,43,25-34,Female,True,True,False,Tablet,2022-07-20 16:53:36,2023-08-30 11:33:55
1118,Susan Johnson,lindseydixon@example.net,39,35-44,Male,False,True,False,Desktop,2022-08-13 07:48:15,2022-10-06 11:43:45
1119,Daniel Rivas,sandovaledward@example.net,41,45-54,Male,False,True,True,Tablet,2023-12-12 17:33:02,2025-02-10 22:52:51
1120,Courtney Gordon,hryan@example.net,47,35-44,Female,True,True,True,Mobile,2022-04-20 22:06:18,2022-08-01 21:51:01
1121,Kelly Stewart,marycarter@example.org,17,45-54,Male,True,False,True,Tablet,2025-01-21 09:50:03,2025-08-08 10:44:40
1122,Crystal Edwards,steelesean@example.com,6,25-34,Female,False,True,True,Desktop,2023-04-05 12:22:49,2025-05-31 20:54:31
1123,Suzanne Valdez,shanebarnes@example.net,32,45-54,Female,True,False,True,Desktop,2023-05-22 07:46:05,2024-04-16 18:20:39
1124,Danielle Blankenship,catherineflynn@example.com,2,18-24,Female,False,True,True,Tablet,2025-03-04 20:57:23,2025-12-11 19:10:20
1125,William Johnston,rachelwalter@example.org,6,45-54,Female,True,False,True,Desktop,2023-03-16 16:25:39,2023-06-05 19:12:05
1126,Michelle Harrison,martinezaustin@example.com,48,55-64,Female,True,True,True,Mobile,2022-08-22 16:25:08,2024-01-10 21:06:54
1127,Jose Moreno,wstrong@example.org,2,35-44,Female,False,True,True,Tablet,2022-02-03 13:02:15,2022-09-26 16:42:17
1128,Barbara Merritt,brittany91@example.net,40,35-44,Male,True,False,True,Mobile,2023-07-17 20:09:00,2024-11-19 10:01:54
1129,Jerry Ortiz,byang@example.com,25,45-54,Female,False,True,True,Desktop,2022-03-05 20:37:25,2024-12-19 18:56:57
1130,Misty Lawrence,hernandezalan@example.net,5,65+,Male,False,False,True,Tablet,2024-11-25 11:59:59,2025-08-21 09:34:22
1131,Jeffrey Romero,shirley13@example.com,31,35-44,Male,False,True,True,Tablet,2023-06-02 17:06:58,2025-01-23 20:32:45
1132,Kelly Romero,ymitchell@example.com,37,55-64,Male,True,True,True,Mobile,2023-11-22 18:35:52,2023-12-28 23:29:17
1133,Tony Khan,russellramirez@example.net,31,55-64,Male,True,True,False,Tablet,2024-11-25 02:28:35,2025-11-27 18:57:22
1134,Dwayne Tucker,nicoleroberts@example.com,28,45-54,Female,False,True,True,Tablet,2023-03-16 09:57:46,2024-02-28 02:38:31
1135,Mary Thomas,andrearomero@example.org,33,65+,Male,True,True,True,Mobile,2025-10-15 19:19:21,2025-11-29 09:51:56
1136,Kimberly Lloyd,freemanlynn@example.com,50,65+,Female,True,True,False,Mobile,2022-02-08 22:03:45,2025-07-30 19:37:07
1137,Monique Meyer,hphillips@example.net,2,45-54,Female,True,True,False,Tablet,2022-10-12 23:49:48,2025-10-08 23:53:11
1138,Jeffrey Baker,victoriadennis@example.org,31,18-24,Male,True,True,False,Desktop,2024-09-15 19:43:24,2025-10-05 20:24:44
1139,Courtney Jones,williamhill@example.net,42,45-54,Male,False,True,True,Tablet,2025-09-16 15:11:16,2025-11-27 12:14:22
1140,Michael Mcclain,hamiltonsarah@example.net,1,65+,Female,True,True,True,Tablet,2024-10-25 05:35:03,2025-07-31 19:06:10
1141,Sherry Johnson,sanchezbrenda@example.org,40,35-44,Female,False,True,False,Mobile,2023-03-21 17:54:04,2025-07-09 22:12:40
1142,Robert Gross,david18@example.net,50,25-34,Male,False,True,True,Tablet,2024-07-31 17:36:11,2024-12-11 21:45:54
1143,Justin Clark,benjaminwatts@example.net,19,18-24,Female,True,True,True,Mobile,2024-11-14 21:50:07,2024-11-15 20:19:59
1144,Kari Sandoval,nataliepittman@example.com,43,35-44,Male,True,True,True,Desktop,2023-06-17 18:39:58,2024-11-30 11:29:59
1145,Linda Daniels,colin14@example.com,26,18-24,Male,False,True,False,Tablet,2024-07-23 09:09:15,2025-03-30 22:31:12
1146,Audrey Marshall,donna56@example.net,43,45-54,Female,True,True,True,Tablet,2025-09-18 19:53:37,2025-10-16 07:33:05
1147,Sharon Burke,anthonyadams@example.org,19,65+,Male,True,True,True,Mobile,2022-06-29 18:18:20,2025-07-18 07:48:12
1148,Raymond Green,robert76@example.com,50,25-34,Female,True,True,True,Mobile,2025-05-29 10:30:39,2025-11-01 12:31:50
1149,Mr. Mark Williams,kortiz@example.org,42,25-34,Male,True,False,True,Desktop,2022-12-31 10:37:47,2023-02-28 21:34:11
1150,Walter Bishop,cassidysmith@example.net,48,35-44,Female,True,True,True,Mobile,2024-01-20 22:03:52,2025-07-14 20:55:27
1151,Felicia Gomez,penaapril@example.com,46,25-34,Male,True,True,False,Mobile,2022-01-30 07:11:57,2023-07-20 09:20:04
1152,Jennifer Robbins,laurie55@example.com,43,55-64,Female,False,False,False,Desktop,2024-01-20 21:07:59,2025-12-04 10:57:15
1153,Amanda Smith,masonlacey@example.org,40,45-54,Female,True,True,False,Tablet,2022-10-29 21:25:02,2025-02-13 08:38:15
1154,Raymond Wright,karen66@example.org,45,18-24,Female,True,True,True,Desktop,2022-08-08 10:56:41,2023-08-12 19:17:26
1155,Angela Wagner,vsmith@example.net,50,35-44,Female,True,True,True,Desktop,2025-02-18 09:00:40,2025-11-07 19:02:44
1156,Rebecca Lee,kristen68@example.net,44,45-54,Female,True,True,False,Desktop,2024-04-26 06:34:20,2024-07-25 08:47:16
1157,Dennis Douglas,bbennett@example.org,6,35-44,Female,True,False,True,Mobile,2022-02-02 07:07:25,2023-02-23 20:56:12
1158,Duane Warner,patrickkaiser@example.net,45,55-64,Male,True,True,True,Tablet,2022-11-07 07:02:53,2024-02-10 12:05:48
1159,Ashley Walker,sandersjesse@example.com,14,45-54,Male,True,True,False,Desktop,2023-07-05 20:42:59,2024-06-02 16:12:49
1160,Charles Soto,davisgary@example.com,26,25-34,Female,True,True,True,Desktop,2023-10-30 21:22:29,2024-01-22 08:41:03
1161,Ryan Mills,briansnyder@example.com,16,45-54,Male,True,True,True,Mobile,2024-04-10 18:28:01,2024-05-31 21:04:53
1162,Frank Cunningham,rsavage@example.net,11,45-54,Male,True,False,False,Mobile,2023-03-12 19:26:33,2024-02-15 16:39:46
1163,Jonathan Chung II,gfletcher@example.net,8,55-64,Female,True,True,True,Desktop,2022-10-20 11:36:03,2024-07-28 20:49:36
1164,Brian Lyons,amartinez@example.org,29,65+,Male,True,True,False,Tablet,2025-04-16 22:41:24,2025-12-13 10:39:24
1165,Sergio Wilson,osimpson@example.net,24,25-34,Male,False,False,True,Desktop,2023-12-29 13:58:57,2024-03-25 08:34:56
1166,Jennifer Phillips,uforbes@example.net,10,18-24,Male,False,False,False,Mobile,2023-11-13 21:23:47,2025-06-06 02:51:19
1167,Kristy Martin,alexandra39@example.net,27,35-44,Male,False,True,True,Tablet,2023-01-15 20:22:13,2023-12-24 22:26:56
1168,Daniel Rivera,frankespinoza@example.com,13,35-44,Female,False,True,True,Desktop,2023-06-04 12:46:33,2024-12-14 09:13:45
1169,Austin Rowland,jacqueline31@example.net,14,25-34,Male,True,True,False,Tablet,2022-01-14 16:48:50,2023-09-01 12:41:19
1170,Linda Jones,michaelsmith@example.org,43,25-34,Female,True,True,False,Desktop,2023-10-04 12:12:13,2023-12-19 10:56:10
1171,Lauren Torres,jvilla@example.net,50,25-34,Male,False,True,True,Desktop,2023-01-20 17:11:17,2025-06-07 23:43:36
1172,Ashley Robinson,josegarcia@example.net,40,65+,Female,False,False,False,Mobile,2024-06-16 09:47:08,2024-10-04 20:31:20
1173,Raymond Vargas,tammy97@example.org,6,25-34,Female,True,True,True,Mobile,2024-04-01 06:00:58,2025-07-22 21:03:21
1174,Anna Pratt MD,thomassmith@example.org,31,25-34,Male,True,True,True,Mobile,2022-08-24 11:58:20,2025-03-28 17:53:28
1175,Jessica Ortega,kevin13@example.net,36,35-44,Male,False,True,False,Mobile,2025-06-07 08:07:34,2025-06-16 21:26:10
1176,Heather Roberson,alyssa93@example.org,9,55-64,Male,True,True,True,Desktop,2023-07-05 18:09:58,2025-05-26 13:48:02
1177,Sara Castro,qneal@example.net,32,65+,Female,False,False,False,Mobile,2025-08-15 22:37:36,2025-11-24 08:57:01
1178,Cassandra Cline,wtownsend@example.net,8,65+,Female,True,False,True,Tablet,2022-06-18 09:39:19,2025-08-09 19:58:09
1179,Tammie Lee,harold03@example.com,2,45-54,Female,False,True,True,Tablet,2023-08-17 20:50:05,2025-01-23 11:51:31
1180,Erin Bartlett,wesley09@example.com,11,18-24,Male,True,True,True,Mobile,2023-05-21 10:33:57,2023-11-20 21:31:20
1181,Andrew Dominguez,joshua09@example.org,36,18-24,Female,False,True,True,Desktop,2022-02-16 09:48:42,2023-03-07 13:05:21
1182,Lynn Henry DDS,johnsonanthony@example.net,44,25-34,Male,True,True,False,Desktop,2025-04-22 11:57:30,2025-11-27 11:02:44
1183,Bonnie Barnes,browndana@example.org,36,25-34,Male,True,True,False,Tablet,2022-08-03 12:21:08,2025-01-24 22:46:16
1184,Samuel Rios,cookemily@example.com,9,55-64,Male,True,True,True,Mobile,2023-03-16 21:55:32,2025-07-25 21:01:51
1185,Dr. Holly Smith,qbutler@example.net,22,55-64,Female,True,True,False,Desktop,2025-06-09 20:55:04,2025-07-10 01:00:47
1186,Brittany Adams,scotthill@example.org,4,45-54,Male,False,True,True,Mobile,2022-03-28 18:21:50,2022-12-15 18:39:07
1187,Sarah Everett,joshua51@example.com,6,25-34,Female,True,True,False,Desktop,2024-08-21 00:50:43,2025-03-05 09:03:45
1188,Timothy Davis,whitechristopher@example.com,4,35-44,Female,True,False,True,Tablet,2023-10-15 18:11:30,2025-08-07 09:43:37
1189,Rachel Robinson,steven34@example.net,13,25-34,Male,False,True,True,Tablet,2024-04-07 17:12:44,2025-11-23 08:48:04
1190,Peter Anderson,grayjustin@example.com,17,55-64,Female,True,True,False,Desktop,2024-06-17 10:26:32,2025-10-22 18:13:27
1191,Cole Stephenson,tiffanygreen@example.com,47,18-24,Female,True,True,False,Desktop,2022-07-16 10:10:04,2023-08-13 06:31:22
1192,Hannah May,rgallegos@example.org,24,45-54,Female,False,True,False,Desktop,2023-01-06 01:47:43,2024-06-15 07:37:49
1193,Joshua Clark,zreed@example.net,49,35-44,Female,False,True,True,Tablet,2022-02-21 13:47:51,2025-04-28 14:31:19
1194,Kathy Gallegos,christopher34@example.org,26,35-44,Female,True,True,False,Desktop,2025-01-18 11:29:56,2025-03-27 13:59:50
1195,Matthew Lopez,tannermorris@example.net,41,18-24,Male,True,True,False,Mobile,2023-10-17 22:55:08,2023-11-10 20:24:55
1196,Michael Soto,moorethomas@example.com,10,25-34,Male,True,True,False,Tablet,2023-06-13 17:11:13,2024-12-02 07:25:30
1197,Elizabeth Owens,karengonzales@example.net,28,65+,Male,False,True,False,Mobile,2024-06-25 09:12:31,2024-08-17 18:31:27
1198,James Flowers,jennifer95@example.com,34,65+,Female,True,True,True,Mobile,2023-10-01 22:45:30,2025-01-07 18:09:15
1199,Sherry Hines,fisherkim@example.net,39,18-24,Male,False,True,False,Desktop,2024-08-07 10:19:43,2025-01-02 18:39:07
1200,Tammy Tanner,stephaniebradley@example.org,16,25-34,Male,True,False,True,Desktop,2023-07-15 17:30:04,2023-08-09 01:23:26
1201,Tracy Parker,laurieellis@example.org,13,65+,Other,False,True,False,Tablet,2022-07-01 20:35:21,2023-08-25 17:21:44
1202,Christopher Parker,joelharris@example.org,31,55-64,Male,False,True,True,Desktop,2023-10-07 18:15:52,2025-03-16 20:31:36
1203,Patricia Smith,melvinruiz@example.net,18,18-24,Male,True,True,False,Desktop,2024-10-10 06:31:29,2024-12-15 18:57:46
1204,James Ford,kathryndavis@example.org,21,25-34,Female,True,True,False,Desktop,2023-07-06 20:03:30,2024-01-11 09:40:00
1205,Gabriel Campbell,icarlson@example.org,42,25-34,Female,True,True,True,Mobile,2023-03-22 23:38:56,2025-10-11 16:52:51
1206,Alyssa Blackwell,katrinawood@example.com,45,55-64,Male,True,True,True,Tablet,2023-05-01 16:32:18,2025-02-01 09:24:27
1207,Jennifer Jones,devinlopez@example.org,10,35-44,Male,True,True,True,Desktop,2023-12-03 18:26:05,2023-12-04 11:49:58
1208,Christopher Hernandez,paul70@example.com,38,18-24,Female,True,False,True,Desktop,2023-02-27 13:12:45,2023-06-01 17:18:10
1209,Michael Flowers,wdrake@example.net,28,45-54,Male,True,True,True,Desktop,2025-09-02 08:53:46,2025-10-15 11:01:40
1210,Robert Martin,autumncruz@example.com,47,45-54,Male,True,True,True,Tablet,2024-10-22 10:48:36,2025-07-23 04:32:03
1211,Jenny Brown,ogreen@example.org,22,18-24,Male,True,True,True,Desktop,2022-01-17 08:45:15,2024-08-07 06:23:22
1212,Jake Wells,megan51@example.org,14,35-44,Male,False,True,True,Tablet,2024-04-24 18:25:44,2025-08-18 08:52:05
1213,Michael Hernandez,stacy94@example.org,31,18-24,Male,True,True,False,Tablet,2025-10-04 19:01:03,2025-11-11 18:44:14
1214,Jessica Marshall,martineztracy@example.com,33,45-54,Female,True,True,True,Mobile,2023-12-22 10:24:48,2025-03-10 18:25:01
1215,Jeffery Leonard,danielsguy@example.com,23,45-54,Female,True,False,True,Mobile,2022-03-12 09:02:13,2024-06-12 09:31:00
1216,Andrew Rodriguez,schmidtrandy@example.org,18,35-44,Female,True,True,True,Desktop,2023-08-07 08:00:58,2024-08-25 18:39:18
1217,Mackenzie Jordan,michael79@example.org,29,18-24,Female,True,True,True,Mobile,2022-04-28 08:57:16,2022-08-31 12:41:18
1218,Samantha Carroll,jonesnathan@example.org,14,25-34,Female,False,True,False,Tablet,2025-07-09 07:24:51,2025-11-29 07:59:55
1219,Ashley Hunt,morgandana@example.com,37,55-64,Female,True,True,True,Mobile,2024-05-02 20:23:29,2025-07-04 05:40:14
1220,Dawn Delgado,copelandryan@example.org,21,35-44,Male,False,False,True,Tablet,2023-08-15 21:13:31,2023-09-03 22:24:46
1221,Lisa Ryan PhD,brooksthomas@example.com,7,55-64,Female,True,False,False,Mobile,2025-01-15 09:42:54,2025-07-24 22:04:39
1222,Jonathan Williams,rbrowning@example.com,4,25-34,Female,False,True,True,Desktop,2023-01-20 10:24:46,2025-01-19 17:10:06
1223,Jason Anderson,steven51@example.org,20,18-24,Male,False,False,False,Mobile,2023-01-17 12:01:19,2024-03-24 20:57:07
1224,Logan Chandler,omatthews@example.net,31,25-34,Male,False,True,False,Tablet,2022-11-11 21:47:43,2025-01-20 20:56:59
1225,Alexandria Peterson,lynn27@example.net,47,45-54,Male,True,True,True,Desktop,2023-04-05 16:17:01,2024-04-22 19:30:04
1226,James Powell,welchanna@example.com,3,45-54,Female,False,True,False,Mobile,2023-11-30 20:26:11,2024-12-31 23:36:57
1227,Elizabeth Potter,bcraig@example.org,16,45-54,Female,False,True,True,Desktop,2022-04-27 20:01:42,2025-01-14 09:55:12
1228,Jeffrey Forbes,potterjustin@example.net,48,18-24,Male,True,True,True,Mobile,2024-05-24 16:44:31,2024-08-27 20:45:54
1229,Bonnie Lawson,davisjeffery@example.org,21,45-54,Male,True,True,True,Desktop,2023-11-18 12:57:23,2024-05-13 19:34:09
1230,Richard Navarro,wpierce@example.org,44,35-44,Male,True,True,False,Desktop,2024-03-09 20:09:52,2024-07-02 18:56:31
1231,Jack Garcia,wayne86@example.org,44,25-34,Male,True,False,True,Tablet,2023-08-09 21:41:29,2025-01-04 14:34:55
1232,Ronald Cole,ricardosmith@example.com,37,18-24,Female,True,True,True,Desktop,2025-04-16 10:40:53,2025-08-14 19:54:51
1233,Annette Carpenter,amccann@example.org,1,25-34,Female,False,True,False,Desktop,2024-12-03 21:32:34,2025-08-07 04:06:36
1234,Manuel Duarte,udougherty@example.net,26,35-44,Female,True,True,True,Mobile,2024-06-09 15:20:46,2025-05-17 20:23:35
1235,Brandon Wood,marnold@example.org,49,25-34,Male,False,True,True,Mobile,2022-12-16 09:41:29,2024-08-30 08:44:57
1236,John Marquez,marcuscarter@example.org,14,35-44,Male,False,True,True,Mobile,2023-10-03 21:44:19,2025-05-06 09:25:19
1237,Larry Fritz,teresaporter@example.org,29,65+,Male,True,True,False,Desktop,2022-10-17 08:52:49,2024-04-01 19:04:16
1238,Susan Sanchez,smithantonio@example.net,31,45-54,Female,True,False,True,Desktop,2025-01-29 10:23:13,2025-10-24 10:39:37
1239,James Logan,nicole81@example.net,35,45-54,Male,True,False,False,Tablet,2023-07-23 04:44:30,2024-10-20 21:24:48
1240,Allison Castillo,carterraymond@example.net,6,35-44,Female,True,True,False,Mobile,2024-12-22 15:01:24,2025-08-10 05:31:48
1241,Kayla Banks,gcobb@example.org,21,25-34,Female,False,True,True,Mobile,2024-12-11 13:47:21,2025-04-24 09:30:02
1242,Rebecca Bowen,robert52@example.org,33,35-44,Female,True,True,True,Tablet,2025-03-31 19:37:55,2025-10-13 19:01:59
1243,Martin Jones,wgoodwin@example.com,32,25-34,Male,False,True,True,Desktop,2025-01-17 18:03:16,2025-03-27 17:44:33
1244,Jerry Scott,brooke22@example.net,16,18-24,Female,False,False,False,Mobile,2023-04-25 07:09:53,2025-02-18 06:30:31
1245,Jack Carter,ashleytorres@example.net,32,25-34,Male,False,False,True,Mobile,2023-02-08 10:14:21,2023-09-26 21:37:54
1246,Melissa Thomas,michele43@example.org,45,35-44,Female,False,True,True,Desktop,2023-09-08 07:38:36,2024-05-09 02:31:23
1247,Adam Diaz,kwoods@example.com,5,18-24,Female,True,True,True,Mobile,2025-04-05 15:17:27,2025-08-31 17:27:04
1248,Kelly Gray,hwong@example.com,37,25-34,Male,True,True,True,Desktop,2024-06-19 21:56:08,2025-05-04 08:10:05
1249,Travis Peterson,jamie24@example.net,36,18-24,Male,True,True,True,Desktop,2022-09-03 06:50:42,2025-08-13 08:26:07
1250,Heather Stevens,larsenmegan@example.net,38,35-44,Male,False,True,True,Desktop,2024-12-24 05:50:00,2025-09-30 07:42:17
1251,Andrew Sims,william48@example.net,7,25-34,Female,True,False,True,Tablet,2025-06-10 20:12:42,2025-10-27 14:30:13
1252,Robert Griffin,johnrobles@example.org,33,65+,Male,True,True,True,Tablet,2025-03-30 08:32:09,2025-08-16 21:04:30
1253,Michael Bryant,krausejoseph@example.com,28,18-24,Male,True,True,False,Desktop,2024-08-22 11:14:52,2025-06-30 09:03:48
1254,Amy Leach,bruce33@example.net,9,35-44,Female,True,True,False,Tablet,2022-05-08 12:38:53,2023-01-13 21:47:58
1255,Stephen Williams,gonzalezdarren@example.org,28,35-44,Male,True,True,False,Tablet,2024-12-01 08:38:33,2025-05-30 09:49:04
1256,Linda Evans,perkinsmichelle@example.org,22,25-34,Female,True,True,False,Tablet,2023-10-28 05:17:25,2024-01-13 10:41:51
1257,Leah Reid,qgay@example.com,36,65+,Female,True,True,True,Mobile,2024-10-04 14:48:55,2025-04-15 20:37:44
1258,Jordan Palmer,joseph83@example.com,17,45-54,Female,False,True,True,Desktop,2024-04-21 19:21:34,2025-02-12 15:40:04
1259,Jeremiah Rowland,tonyflores@example.net,22,35-44,Male,True,True,False,Tablet,2023-01-21 21:36:12,2024-09-06 11:19:12
1260,Jeffrey Torres,rpeterson@example.net,44,45-54,Female,True,True,True,Tablet,2023-10-21 21:08:51,2024-02-26 20:18:12
1261,David Parker,luke87@example.org,14,35-44,Female,True,False,False,Desktop,2025-02-24 08:46:46,2025-04-21 21:40:15
1262,Michael Morris,katiefloyd@example.org,35,25-34,Male,True,True,True,Tablet,2024-08-15 09:30:45,2025-11-09 10:36:29
1263,Veronica Valdez,rchan@example.org,32,35-44,Prefer not to say,True,True,True,Mobile,2024-05-03 23:00:04,2024-08-03 09:59:16
1264,Elizabeth Thomas,jessica57@example.com,31,35-44,Male,True,True,False,Mobile,2025-07-29 09:27:40,2025-10-02 23:38:06
1265,Philip Powell,zgomez@example.org,9,55-64,Female,True,True,False,Tablet,2023-08-18 04:04:17,2024-07-17 07:34:17
1266,Michael Clark,kenneth50@example.com,19,35-44,Male,True,True,True,Tablet,2025-09-26 05:07:21,2025-11-26 23:46:17
1267,Nancy Salinas,ggates@example.org,49,25-34,Female,False,True,True,Mobile,2023-08-22 11:15:09,2024-07-10 02:37:20
1268,Nathan Harrison,harringtonpeter@example.net,32,18-24,Male,True,True,True,Mobile,2022-12-07 06:47:39,2023-12-01 23:17:51
1269,Jaime Garcia,joshua57@example.com,28,35-44,Female,True,True,True,Mobile,2023-11-13 21:17:06,2024-06-13 00:42:19
1270,Erika Rowe,jholloway@example.net,40,45-54,Male,False,True,False,Desktop,2022-06-05 13:28:28,2022-11-25 08:56:24
1271,David Armstrong,angela40@example.org,40,25-34,Male,True,True,True,Tablet,2023-02-23 20:33:21,2023-09-16 11:31:32
1272,Michelle Edwards,rebecca73@example.org,23,35-44,Male,True,True,True,Desktop,2024-12-16 19:10:50,2025-01-09 12:13:20
1273,Cristian Mata,jonathan02@example.org,5,35-44,Female,True,True,True,Desktop,2023-03-26 22:43:59,2023-11-07 17:41:44
1274,Rebecca Decker,durhamwilliam@example.org,23,25-34,Male,False,True,True,Tablet,2024-06-17 13:28:58,2025-02-05 12:27:16
1275,Shelley Murphy,vcampbell@example.net,25,25-34,Female,True,False,True,Tablet,2024-03-02 18:38:33,2025-12-12 20:54:02
1276,Justin Rodriguez,laurenmathis@example.org,10,25-34,Female,True,False,True,Desktop,2022-04-04 16:16:05,2022-07-15 16:16:28
1277,Cheryl Jones,dmeyers@example.com,37,45-54,Female,False,False,True,Tablet,2024-03-13 08:04:14,2025-01-07 21:39:03
1278,Gary White,shawn60@example.com,13,45-54,Male,False,True,False,Tablet,2025-05-29 14:27:57,2025-12-13 08:01:51
1279,Alicia Perez,ohernandez@example.net,10,35-44,Male,False,True,True,Desktop,2024-03-15 07:29:35,2024-03-19 20:46:11
1280,Maurice Carrillo,patricia92@example.org,9,25-34,Male,False,True,True,Desktop,2024-08-01 15:01:32,2025-01-11 16:03:25
1281,Alexander Guzman,chanamber@example.org,8,45-54,Male,True,True,False,Mobile,2024-12-17 17:17:29,2025-03-01 09:11:45
1282,Daniel Turner,oritter@example.org,26,35-44,Female,False,True,True,Tablet,2023-04-04 00:29:33,2024-02-08 20:43:48
1283,Terry Martinez,vjohnson@example.net,49,25-34,Female,True,False,True,Mobile,2024-12-16 11:38:36,2024-12-25 19:47:25
1284,Craig Wise,davisgregory@example.net,27,25-34,Male,True,True,False,Mobile,2022-10-19 08:38:23,2022-12-14 20:07:38
1285,Barbara Burns,kara56@example.org,49,45-54,Female,True,True,True,Mobile,2024-10-10 13:40:48,2024-12-01 08:55:37
1286,Karen Hicks,ysmith@example.com,24,55-64,Male,True,True,False,Tablet,2022-10-22 21:16:31,2023-02-03 12:45:29
1287,Tracy Copeland,pbautista@example.com,25,55-64,Female,True,True,False,Tablet,2023-07-15 21:18:23,2025-08-11 05:29:58
1288,Rhonda Liu,beanjoshua@example.net,22,25-34,Female,True,False,True,Tablet,2022-11-17 14:59:55,2025-01-13 20:04:22
1289,Cassandra Smith,donaldharrison@example.org,24,18-24,Male,False,True,True,Desktop,2025-06-09 17:03:01,2025-06-17 15:40:33
1290,Mary Watson,amorrow@example.org,49,35-44,Female,True,True,False,Tablet,2022-03-27 12:51:33,2025-03-21 17:56:28
1291,Robert Barnett,natasha12@example.org,46,35-44,Female,True,True,False,Mobile,2022-09-02 15:09:59,2024-05-16 20:21:42
1292,Susan Baker,anthony05@example.org,1,65+,Male,True,True,False,Mobile,2023-11-28 18:17:25,2024-07-13 09:02:19
1293,Susan Williams,ufarmer@example.net,5,25-34,Male,False,True,True,Mobile,2025-05-28 12:36:16,2025-06-03 23:13:00
1294,Daniel Barnes,rodriguezthomas@example.com,22,45-54,Other,False,False,True,Tablet,2022-08-26 21:31:07,2022-12-24 07:29:51
1295,Larry Walsh,thomas42@example.com,21,35-44,Female,False,True,False,Tablet,2025-04-12 17:57:52,2025-08-22 19:40:42
1296,Michelle Woods,davidrobertson@example.org,18,25-34,Female,True,True,True,Tablet,2024-07-07 20:15:14,2025-01-15 20:27:30
1297,Jared Eaton,wrightjohn@example.net,15,55-64,Male,False,True,True,Mobile,2022-11-12 10:55:16,2023-02-12 07:09:35
1298,Mary Meyer,kathleen25@example.com,37,25-34,Male,True,True,False,Mobile,2024-07-11 19:32:23,2024-12-29 13:25:26
1299,Sarah Adkins,ywelch@example.org,28,25-34,Male,True,False,True,Mobile,2023-06-09 20:59:56,2023-10-20 05:25:52
1300,Sara Young,kmorris@example.com,26,35-44,Male,True,True,True,Tablet,2025-10-02 14:31:59,2025-10-03 22:37:13
1301,Ruth Ray,dhaney@example.net,48,18-24,Female,True,True,False,Tablet,2023-11-08 10:24:54,2024-07-29 06:05:05
1302,Mary Robertson,matthew24@example.com,19,65+,Male,True,True,True,Tablet,2023-01-03 18:03:00,2024-04-20 14:02:08
1303,Mary Barnett,kathryn41@example.com,38,18-24,Male,True,False,False,Desktop,2025-02-02 07:10:57,2025-07-06 10:06:02
1304,Anna Hester,martinezjennifer@example.org,34,18-24,Female,True,True,False,Mobile,2023-08-20 20:31:06,2023-09-10 10:18:39
1305,William Miller,raymondpugh@example.net,45,25-34,Male,True,True,True,Desktop,2025-05-06 18:44:32,2025-07-13 07:38:14
1306,Alan Quinn,alicia29@example.net,26,35-44,Female,False,True,False,Mobile,2022-09-30 11:32:19,2025-06-10 10:45:52
1307,David Valentine,nicholasgarcia@example.org,38,55-64,Male,False,True,False,Desktop,2024-01-05 09:09:45,2025-07-26 08:05:03
1308,Timothy Moran,rgarrison@example.org,28,35-44,Female,True,True,False,Desktop,2024-06-07 20:44:20,2025-09-27 17:45:30
1309,Steven Stanton,imcdonald@example.net,11,25-34,Male,True,True,False,Desktop,2025-09-03 22:13:57,2025-12-09 14:02:23
1310,Justin Collins,brownrobert@example.org,46,55-64,Male,False,True,False,Tablet,2025-08-05 08:31:29,2025-08-05 18:25:50
1311,Vanessa Good,phartman@example.com,1,55-64,Male,True,True,False,Desktop,2023-11-04 11:58:48,2024-03-06 17:44:11
1312,Andrea Richmond,donald61@example.net,18,65+,Female,True,True,True,Tablet,2023-07-02 08:56:08,2023-12-22 09:38:31
1313,Jeremy Chambers,alex18@example.com,50,55-64,Female,True,True,False,Tablet,2024-10-31 10:39:23,2025-11-22 11:06:30
1314,Crystal Gonzales,weaverchelsea@example.org,40,65+,Male,False,True,True,Tablet,2024-01-04 19:17:33,2025-07-05 12:33:37
1315,Gloria Nelson,jamespatricia@example.org,19,25-34,Male,True,True,True,Desktop,2022-04-09 17:18:34,2025-11-16 23:29:02
1316,Michael Glenn,oblake@example.net,21,55-64,Male,True,False,False,Mobile,2024-05-27 22:58:56,2025-01-23 18:14:59
1317,Linda Cox,bcopeland@example.com,15,18-24,Female,True,True,True,Mobile,2022-05-25 18:37:16,2025-12-11 12:00:33
1318,Sarah Oconnor,danielle56@example.net,2,35-44,Female,False,True,True,Tablet,2022-03-21 20:17:34,2022-08-11 20:34:26
1319,Brian Shaffer,brendawalker@example.com,19,45-54,Female,False,True,False,Mobile,2025-03-15 19:31:37,2025-12-10 08:42:35
1320,Michelle Castro,qobrien@example.com,42,25-34,Male,True,False,False,Mobile,2024-07-20 17:12:00,2024-09-11 19:05:21
1321,Maria Garcia,wilsonkathryn@example.com,14,45-54,Male,False,True,False,Tablet,2022-02-28 18:42:16,2022-07-27 12:57:27
1322,Robin Higgins,reedkristin@example.com,1,65+,Male,False,True,True,Mobile,2024-03-22 16:04:04,2025-06-13 23:55:07
1323,Robin Fuller,bcaldwell@example.org,50,35-44,Female,True,True,False,Desktop,2024-03-13 07:28:21,2025-02-11 07:49:53
1324,Annette Knapp,danielmelissa@example.com,17,45-54,Female,True,False,False,Mobile,2024-03-04 20:22:11,2024-03-19 11:12:34
1325,Vincent Hill,nguyenholly@example.net,13,35-44,Female,True,True,False,Desktop,2023-05-17 08:21:10,2025-02-19 15:44:34
1326,Randy Kelley,joy52@example.com,13,45-54,Female,True,True,False,Tablet,2023-01-04 07:32:49,2025-05-06 20:13:10
1327,Natalie Huff,leslietorres@example.net,50,35-44,Male,True,False,True,Mobile,2025-04-13 09:42:59,2025-07-04 21:31:35
1328,Margaret Sherman,josephzimmerman@example.com,42,25-34,Female,True,True,True,Mobile,2022-05-07 00:22:01,2023-10-24 23:59:23
1329,Christopher Jackson,rodriguezbonnie@example.net,9,35-44,Female,True,True,True,Mobile,2023-04-17 20:38:33,2024-06-15 17:07:37
1330,Kimberly Sanders,gonzalezchristopher@example.net,28,25-34,Female,True,True,False,Mobile,2024-09-06 20:40:20,2025-05-24 09:34:52
1331,Brianna Peterson,randy61@example.net,27,65+,Other,True,True,False,Desktop,2025-07-03 19:52:24,2025-10-20 23:17:21
1332,Kelly Miller,scottwilliams@example.net,9,65+,Female,False,True,True,Desktop,2025-02-13 02:18:20,2025-11-10 08:05:55
1333,Danny Neal,johnperez@example.net,38,55-64,Male,True,True,True,Tablet,2022-08-05 20:20:56,2025-12-06 08:36:13
1334,Vincent Mathews,amassey@example.net,45,35-44,Female,True,True,True,Mobile,2025-02-09 21:05:51,2025-03-25 19:59:36
1335,Ryan Carpenter,tfrancis@example.com,48,18-24,Male,False,True,True,Desktop,2024-02-11 10:56:26,2025-02-27 06:21:17
1336,Steven Giles,amber12@example.com,11,35-44,Female,False,True,True,Tablet,2025-01-28 04:51:23,2025-04-22 12:06:16
1337,Joshua Anderson,gnichols@example.net,31,25-34,Female,True,False,False,Tablet,2025-04-18 21:44:55,2025-12-11 07:51:01
1338,Vanessa Nicholson,stevenandrews@example.org,37,55-64,Female,True,True,True,Mobile,2022-11-15 09:26:00,2023-12-12 19:56:17
1339,Amy Forbes,castroangelica@example.org,9,35-44,Female,False,True,True,Mobile,2023-10-06 18:24:12,2024-09-20 20:18:22
1340,Amy Gomez,ashley09@example.com,26,35-44,Female,True,True,False,Tablet,2025-06-07 19:16:41,2025-09-06 18:00:07
1341,James Stanley,amanda45@example.org,16,45-54,Female,True,True,True,Mobile,2023-08-26 08:42:15,2025-05-30 07:02:14
1342,Brianna Ryan,michelle90@example.net,1,35-44,Male,True,True,True,Mobile,2024-03-08 17:41:13,2025-09-25 19:53:44
1343,Andrea Brown,ucross@example.org,18,35-44,Male,True,True,True,Tablet,2024-11-21 21:20:26,2025-07-07 11:33:43
1344,Cassie White,vchandler@example.org,4,25-34,Male,True,True,False,Tablet,2022-12-15 21:42:15,2024-10-04 14:17:27
1345,Melissa Ballard,ihorton@example.com,10,25-34,Male,False,True,False,Mobile,2022-05-12 13:18:13,2023-10-23 12:56:18
1346,Jeffrey King,lopezrichard@example.org,45,55-64,Female,False,True,True,Desktop,2022-09-14 17:22:19,2023-09-18 18:28:12
1347,Jesse Davis,andrew90@example.net,15,65+,Female,True,True,True,Desktop,2023-05-07 21:01:49,2025-01-12 09:31:24
1348,Victor Rice,murphykevin@example.net,20,45-54,Male,True,False,True,Desktop,2022-03-24 15:44:06,2023-08-14 09:42:33
1349,Chelsea Oliver,amandadaugherty@example.org,40,35-44,Female,False,True,False,Mobile,2024-02-28 09:15:48,2025-09-13 22:59:35
1350,Laura Vance,williamolsen@example.com,27,35-44,Male,True,True,True,Desktop,2025-05-05 08:01:20,2025-11-25 20:49:35
1351,Tina Shepard,savannah15@example.net,43,55-64,Female,True,True,True,Mobile,2022-02-12 09:51:17,2022-04-07 17:40:25
1352,Kathleen Munoz,sharon86@example.com,49,25-34,Male,True,False,True,Mobile,2022-09-10 21:20:02,2024-05-20 21:22:30
1353,David Thomas,zlopez@example.org,14,35-44,Female,False,True,False,Tablet,2025-08-13 07:57:08,2025-11-03 09:55:02
1354,Rita Browning,abbottchristopher@example.net,7,18-24,Male,True,True,True,Tablet,2023-05-17 13:08:14,2025-09-27 19:13:23
1355,Kim Long,justintaylor@example.org,40,18-24,Female,False,True,True,Mobile,2023-03-25 21:57:13,2024-08-31 07:59:15
1356,James Henry,jgarcia@example.com,45,45-54,Female,True,False,False,Desktop,2023-02-14 04:44:17,2024-11-23 16:42:48
1357,Patricia Townsend DDS,lopezchristopher@example.net,1,35-44,Male,True,True,False,Mobile,2024-05-02 07:32:37,2024-10-30 09:36:17
1358,Erik Williams,williamskevin@example.org,12,55-64,Male,True,True,False,Mobile,2024-11-12 19:40:36,2025-06-27 02:17:12
1359,Melinda Hamilton,williammaldonado@example.org,9,18-24,Female,False,True,False,Desktop,2023-05-08 07:29:03,2024-09-30 18:14:39
1360,Stephanie Joseph,kleintyler@example.net,11,35-44,Male,True,True,False,Desktop,2025-06-28 20:27:09,2025-07-14 19:53:57
1361,Christine Norris,adam35@example.org,7,35-44,Female,True,True,False,Tablet,2024-06-14 07:48:10,2024-06-22 09:09:26
1362,Ryan Williams,carolhowell@example.com,22,55-64,Male,False,True,True,Desktop,2025-10-12 16:57:59,2025-12-03 17:58:37
1363,Sharon Sims,shelbyvaldez@example.com,17,45-54,Female,False,True,True,Desktop,2025-05-18 13:39:53,2025-08-15 20:17:20
1364,Jamie Kirby,lisafreeman@example.net,8,55-64,Male,True,True,True,Mobile,2023-07-27 11:34:29,2023-08-04 22:55:37
1365,Randall Anderson,chadwilson@example.org,9,18-24,Male,False,True,True,Mobile,2022-01-15 17:25:58,2024-10-01 18:45:47
1366,Garrett Harding,stephanie64@example.net,36,18-24,Female,True,True,True,Mobile,2025-06-16 15:38:34,2025-09-12 21:15:34
1367,Philip Foster,stephaniepeters@example.com,15,45-54,Male,True,True,True,Tablet,2023-02-05 05:31:54,2025-07-17 20:08:51
1368,John Rodriguez,whitakerjack@example.net,18,65+,Male,True,True,True,Tablet,2022-10-08 17:47:48,2024-06-02 11:10:43
1369,Jessica Thomas,bateswilliam@example.org,11,45-54,Female,True,True,True,Mobile,2025-02-02 19:55:51,2025-04-19 19:05:20
1370,Adrian Hernandez,sandra57@example.org,41,45-54,Female,False,False,True,Tablet,2024-12-11 13:57:34,2025-09-04 18:03:50
1371,Travis Wagner,jacklee@example.net,17,25-34,Female,True,True,True,Desktop,2025-06-15 08:58:32,2025-06-25 18:48:18
1372,Ryan Guzman,angela28@example.com,49,25-34,Female,True,True,True,Desktop,2024-10-05 15:58:49,2024-10-16 06:11:52
1373,Joseph Montgomery,jennifermorris@example.org,16,25-34,Female,True,True,True,Mobile,2022-03-21 14:02:38,2024-10-10 05:42:16
1374,James Hart,hmack@example.org,18,35-44,Prefer not to say,True,True,True,Mobile,2022-07-20 12:36:07,2022-11-26 09:09:51
1375,Alicia Holloway,ppineda@example.com,41,35-44,Male,True,True,True,Desktop,2024-12-02 20:24:46,2024-12-15 05:45:02
1376,Paul Vega,michael77@example.org,34,25-34,Male,True,True,True,Desktop,2023-01-31 18:50:01,2024-11-07 20:49:40
1377,Dustin Simon,kkidd@example.com,48,18-24,Female,True,False,True,Desktop,2023-09-28 09:33:07,2025-09-08 21:58:33
1378,Andrew Jenkins,vanessamartinez@example.net,49,25-34,Female,True,True,False,Mobile,2024-11-01 15:59:15,2025-04-26 16:24:45
1379,Jason Quinn,dfarley@example.com,37,45-54,Female,True,True,True,Desktop,2023-05-09 19:39:43,2025-10-20 10:10:33
1380,Joseph Sanchez,ashleygould@example.net,28,25-34,Male,False,True,False,Desktop,2023-04-18 19:08:23,2025-01-23 19:54:33
1381,Kimberly Gallagher,tbrooks@example.org,49,25-34,Female,True,True,False,Desktop,2024-07-11 10:40:24,2025-05-30 08:48:23
1382,Jodi Conway,nwilliams@example.com,47,18-24,Male,True,True,True,Desktop,2023-07-04 10:43:11,2024-08-27 10:55:58
1383,Joseph White,njohnson@example.com,50,25-34,Male,True,True,True,Desktop,2024-02-11 16:52:33,2024-05-26 16:58:01
1384,Miss Patricia Davidson,edwardstewart@example.org,44,45-54,Male,True,True,False,Mobile,2024-03-04 10:08:29,2024-06-24 18:44:03
1385,Emily Fitzpatrick,lowekristin@example.org,13,55-64,Male,True,True,True,Mobile,2025-04-29 08:13:13,2025-05-29 22:52:22
1386,Erin Davis,james23@example.com,30,35-44,Female,False,True,True,Mobile,2022-01-31 20:51:06,2025-08-24 07:45:38
1387,Lauren Clayton,lmorgan@example.com,9,35-44,Male,True,False,False,Tablet,2025-03-22 09:05:40,2025-06-27 19:31:13
1388,Spencer Martin,patelchristine@example.org,32,45-54,Male,True,True,True,Desktop,2023-03-01 06:05:58,2025-05-27 19:48:32
1389,Diana Charles,theresabeck@example.org,12,25-34,Male,False,True,True,Desktop,2024-02-25 20:46:55,2025-04-14 16:00:00
1390,Spencer Kennedy,bjackson@example.net,16,45-54,Male,True,True,False,Tablet,2025-06-25 07:08:53,2025-07-11 17:59:00
1391,Lauren White,wallerstacey@example.net,40,45-54,Male,True,True,False,Mobile,2024-08-20 07:46:58,2025-09-18 12:00:56
1392,Jacob Thompson,erica21@example.net,50,35-44,Male,True,True,True,Desktop,2023-04-27 10:04:51,2024-03-19 07:33:40
1393,Ricky Buchanan,carrie70@example.net,11,55-64,Male,True,True,True,Mobile,2022-10-03 20:37:08,2024-10-13 20:26:12
1394,Samuel Lee,tina07@example.com,3,45-54,Female,True,True,True,Tablet,2025-05-31 14:21:21,2025-08-21 12:05:16
1395,Eric Cole,rmorgan@example.net,16,35-44,Male,True,True,True,Tablet,2025-06-21 05:23:40,2025-06-30 02:50:21
1396,Faith Johnson,navarroandrew@example.com,3,65+,Female,True,False,True,Desktop,2025-10-24 07:47:08,2025-11-27 12:54:01
1397,Michael Nelson,zrogers@example.net,10,45-54,Male,False,True,False,Mobile,2022-10-07 21:05:52,2024-04-06 21:01:24
1398,Gordon Hahn,andrea74@example.com,36,25-34,Female,True,True,True,Tablet,2025-04-09 09:21:22,2025-10-22 05:27:32
1399,Renee Gentry,johnsondavid@example.org,17,25-34,Other,True,True,True,Tablet,2022-04-27 18:09:39,2023-12-15 08:33:53
1400,Kenneth Young,shieldsalec@example.org,43,65+,Female,True,True,True,Tablet,2022-12-06 23:49:12,2023-06-19 10:15:30
1401,Andrea Aguilar,vwelch@example.net,29,45-54,Male,False,True,False,Tablet,2024-10-27 12:46:07,2025-03-17 05:42:23
1402,Christina Reese,lopezjennifer@example.org,2,45-54,Male,True,True,True,Tablet,2022-05-29 19:51:18,2022-11-03 09:11:59
1403,Anthony Miller,colleen37@example.org,25,55-64,Female,False,True,False,Tablet,2022-01-06 19:39:40,2025-02-18 12:39:36
1404,Julie Dennis,ramoswilliam@example.org,34,25-34,Female,True,True,False,Mobile,2024-09-17 19:43:48,2025-04-29 23:29:05
1405,Joshua Kaufman,warnercharles@example.org,20,35-44,Female,False,False,False,Mobile,2022-09-04 08:36:06,2023-04-28 10:49:32
1406,James Huff,carolyn84@example.org,10,45-54,Male,True,False,True,Tablet,2025-04-02 08:49:51,2025-10-13 20:18:49
1407,Kerry Pena,juan21@example.org,30,45-54,Other,True,True,False,Desktop,2023-08-20 19:35:30,2025-07-19 08:40:07
1408,Lisa Roth,craigrachel@example.com,43,45-54,Female,True,False,True,Tablet,2022-03-29 17:46:14,2023-07-09 16:14:20
1409,Kevin Hendricks,helen91@example.net,1,55-64,Other,False,True,True,Tablet,2022-01-17 21:48:01,2024-12-14 20:18:52
1410,Patrick Castillo,fevans@example.com,10,35-44,Female,True,True,False,Mobile,2023-01-03 17:27:21,2025-06-25 03:51:54
1411,Christopher Vazquez,dmarshall@example.com,5,65+,Male,True,True,True,Tablet,2024-02-03 20:24:36,2025-06-24 11:26:40
1412,Julie Nolan,vhernandez@example.com,22,65+,Female,True,True,True,Tablet,2025-07-15 21:49:12,2025-11-21 20:20:36
1413,Eugene Fritz,reginaldsmith@example.net,18,45-54,Male,True,False,True,Mobile,2023-08-11 08:37:50,2023-08-31 20:54:32
1414,Claire Smith,vhernandez@example.org,25,18-24,Male,False,True,True,Mobile,2025-06-20 00:42:54,2025-07-16 15:38:25
1415,Tyler Dunn,jameslawson@example.com,2,18-24,Male,True,True,True,Desktop,2022-01-31 06:12:52,2023-08-08 18:52:52
1416,Wayne Brown,jonesmarcus@example.com,27,45-54,Female,True,False,False,Tablet,2023-08-29 18:04:54,2025-10-31 19:03:29
1417,Kathleen Robinson,tsmith@example.net,18,25-34,Female,True,True,True,Mobile,2024-04-30 12:09:03,2024-07-23 19:14:40
1418,Jessica Martinez,alyssapeterson@example.com,27,45-54,Female,True,True,True,Desktop,2022-08-10 19:28:56,2024-09-19 07:25:48
1419,Wesley Brown,pwood@example.org,11,35-44,Female,True,True,True,Tablet,2025-02-03 19:52:30,2025-11-02 21:59:03
1420,Stephanie Schultz,jbuchanan@example.com,30,25-34,Female,False,True,False,Mobile,2025-08-14 19:16:04,2025-11-06 22:12:12
1421,Cameron Morris,jeanlynch@example.org,6,35-44,Male,False,False,False,Mobile,2024-03-18 08:58:25,2024-10-14 07:34:59
1422,Jorge Davis,cindymiller@example.com,16,55-64,Other,True,True,True,Desktop,2023-11-15 17:00:24,2024-11-06 07:48:27
1423,Monica Jones,ywaters@example.com,35,25-34,Male,True,False,False,Desktop,2023-10-10 11:12:13,2025-09-26 13:57:42
1424,Kara Walker,murphymallory@example.com,7,35-44,Male,True,True,False,Mobile,2024-09-22 05:55:25,2025-03-04 10:02:52
1425,Kari Edwards,madisonbrewer@example.net,48,55-64,Female,True,True,True,Mobile,2024-02-26 12:34:06,2025-07-25 22:57:29
1426,Stephen Mills,john66@example.net,12,18-24,Male,True,False,True,Tablet,2024-04-26 18:56:31,2024-10-19 21:37:34
1427,Charles Johnson,dmiller@example.org,29,25-34,Male,False,False,True,Mobile,2025-02-19 10:53:31,2025-02-22 20:43:38
1428,Jeremy Edwards,stephen39@example.com,2,25-34,Female,True,True,True,Tablet,2023-09-17 20:11:34,2024-07-26 19:20:26
1429,Alan Williams,angela52@example.com,8,35-44,Female,True,False,True,Desktop,2023-02-03 17:46:40,2024-10-08 12:43:59
1430,Jeffrey Nguyen,markhuff@example.org,49,18-24,Female,True,True,True,Tablet,2025-03-09 16:51:09,2025-06-22 21:00:23
1431,Amanda Hunt,tylermcintosh@example.org,43,25-34,Female,True,True,True,Desktop,2024-06-19 11:43:10,2024-12-12 06:25:43
1432,Cynthia Fischer,matthew65@example.org,12,18-24,Female,True,True,True,Tablet,2022-08-01 12:09:46,2024-05-06 06:41:49
1433,Maria Foster,amydavis@example.org,16,35-44,Female,True,True,True,Mobile,2023-11-20 22:35:37,2025-01-05 16:43:17
1434,Debbie Allen,williamsmegan@example.org,39,45-54,Male,False,True,False,Tablet,2023-09-20 07:58:02,2023-12-23 21:51:02
1435,Tiffany Best,vincentmorris@example.net,39,25-34,Female,True,True,True,Desktop,2023-11-01 19:32:18,2023-12-03 18:19:56
1436,Katherine Caldwell,cpierce@example.org,3,45-54,Male,True,True,False,Desktop,2024-07-26 11:40:34,2024-08-04 16:51:48
1437,Adrienne Miles,william26@example.org,2,65+,Male,True,True,True,Tablet,2024-04-04 13:30:12,2024-08-11 16:42:11
1438,Lisa Baker,william23@example.net,35,18-24,Female,False,True,False,Mobile,2022-08-02 18:29:31,2022-08-11 18:31:24
1439,Jenna Santos,mjohnson@example.net,48,18-24,Female,True,True,True,Mobile,2022-12-25 20:08:20,2023-07-25 15:12:31
1440,Brian Hughes,newtonmorgan@example.org,2,45-54,Female,False,True,False,Desktop,2024-07-28 19:50:15,2025-08-20 11:44:17
1441,Michael Lewis,michael03@example.net,18,55-64,Male,False,False,True,Mobile,2024-11-28 19:36:02,2025-09-05 03:07:10
1442,Alexander Smith,michelleclark@example.net,23,55-64,Female,True,True,False,Tablet,2025-05-30 22:25:29,2025-11-13 17:12:08
1443,Miss Carmen Vasquez,laura31@example.net,15,55-64,Male,False,False,False,Desktop,2023-06-28 16:36:54,2024-04-17 09:25:53
1444,Anthony Smith,sarah47@example.com,12,35-44,Male,False,True,False,Desktop,2022-05-31 12:16:05,2022-05-31 19:58:20
1445,Jacob Brewer,xharmon@example.org,45,25-34,Female,False,True,True,Tablet,2024-10-16 11:36:10,2025-11-28 12:37:14
1446,Andrew Wilson,joseconrad@example.org,32,35-44,Female,False,True,True,Desktop,2023-01-27 07:45:25,2024-12-15 12:01:41
1447,Rebecca Beard,hthompson@example.org,1,25-34,Female,True,True,True,Tablet,2022-06-18 20:49:43,2024-09-07 10:16:14
1448,Melissa Nelson,warnertimothy@example.net,11,18-24,Female,False,True,True,Mobile,2024-10-11 06:53:07,2025-04-24 21:38:30
1449,James Johnson,arivas@example.org,19,35-44,Male,True,True,False,Desktop,2024-08-25 07:23:13,2024-12-05 12:05:20
1450,Arthur Hammond,jennifer73@example.com,34,18-24,Female,True,True,True,Tablet,2025-09-23 18:13:52,2025-11-09 13:46:54
1451,Cynthia West,forbesbradley@example.net,7,25-34,Female,True,True,True,Desktop,2022-02-04 09:54:09,2023-02-22 19:41:51
1452,Katherine Hall,mitchellchristopher@example.com,4,45-54,Female,False,True,True,Mobile,2025-03-14 18:07:44,2025-07-12 18:30:35
1453,Matthew Watson,malikfowler@example.com,11,55-64,Female,True,False,False,Desktop,2023-10-01 20:33:35,2024-10-15 21:22:25
1454,Gregory Carter,alowe@example.com,49,35-44,Male,True,True,True,Desktop,2022-09-01 05:20:55,2023-12-27 20:32:26
1455,Chad Middleton,ihayes@example.net,22,45-54,Male,True,False,False,Tablet,2025-09-06 16:47:57,2025-09-14 19:34:40
1456,Shannon Weber,amber29@example.org,8,65+,Female,True,True,True,Mobile,2022-08-18 09:32:08,2022-10-08 10:39:58
1457,Jennifer Colon,mooneyamy@example.net,15,35-44,Female,True,True,True,Mobile,2025-09-29 21:02:09,2025-11-29 20:23:40
1458,Mary Martin,gabriellafrench@example.com,22,35-44,Female,True,True,False,Tablet,2022-05-26 20:55:20,2022-05-31 06:00:20
1459,Kimberly Foster,wrobinson@example.net,25,25-34,Female,False,True,False,Tablet,2022-06-13 07:19:18,2025-01-05 21:33:39
1460,Martin Chavez,jenniferbarry@example.net,29,45-54,Male,True,True,True,Tablet,2023-07-25 23:14:27,2025-05-11 14:40:50
1461,Melissa Parker,nturner@example.net,5,35-44,Female,True,True,False,Tablet,2025-01-24 23:45:10,2025-07-03 21:18:13
1462,Alan Phillips,jacobparsons@example.org,42,18-24,Male,True,True,True,Mobile,2024-06-11 07:53:04,2025-11-18 07:38:09
1463,Tony Stanley,wolfekevin@example.com,36,35-44,Male,True,True,True,Mobile,2022-04-04 15:26:16,2023-12-06 14:13:45
1464,Tamara Reid,sheltontiffany@example.com,30,25-34,Female,True,True,True,Desktop,2023-06-09 18:11:50,2024-03-14 08:22:30
1465,Shannon Reyes,hendersonbrenda@example.com,33,55-64,Female,False,True,False,Mobile,2023-03-24 08:36:02,2023-04-23 11:39:05
1466,Jamie Estes PhD,wellsamy@example.org,29,65+,Female,True,True,True,Desktop,2025-08-20 19:25:03,2025-11-08 17:11:45
1467,Anna James,john70@example.com,12,65+,Female,True,True,True,Tablet,2022-12-10 20:46:13,2025-06-11 22:41:37
1468,Claire Jenkins,suttonbrittney@example.net,47,35-44,Male,False,True,True,Tablet,2023-03-10 21:13:47,2025-05-03 13:10:06
1469,Jonathan Ford,isolis@example.net,45,65+,Female,False,True,True,Desktop,2024-12-28 17:15:57,2025-11-22 08:41:23
1470,Jose Thompson,kcarter@example.org,48,55-64,Male,False,True,False,Tablet,2024-10-10 09:07:31,2025-01-27 19:29:47
1471,Christopher Monroe,timothywright@example.com,40,45-54,Male,False,True,False,Tablet,2023-02-11 11:55:16,2024-01-21 17:49:31
1472,Patricia Williams,jeffreyglenn@example.net,4,25-34,Female,True,True,False,Tablet,2024-12-21 13:11:36,2025-10-06 08:04:10
1473,Michael Buck,martindavid@example.net,38,65+,Female,True,True,True,Tablet,2025-03-28 07:31:45,2025-05-26 21:20:08
1474,Michael Smith,cynthia16@example.com,47,55-64,Female,True,False,True,Tablet,2024-02-27 19:06:08,2024-12-10 20:25:46
1475,Andrea Miller,thomas83@example.org,33,55-64,Male,True,True,False,Desktop,2022-02-16 14:51:43,2023-10-18 21:33:32
1476,Mary Griffin,angela71@example.net,4,55-64,Female,False,True,True,Mobile,2022-06-19 19:22:11,2023-01-11 09:34:25
1477,Crystal Hernandez,juliemyers@example.com,37,55-64,Female,True,True,False,Mobile,2022-09-17 10:19:15,2024-01-19 21:41:05
1478,Maxwell Richards,turnerlisa@example.com,6,18-24,Male,True,True,False,Tablet,2022-03-25 22:55:46,2025-03-01 17:59:55
1479,Chelsea Wells,llewis@example.com,18,45-54,Female,True,True,True,Mobile,2025-07-12 19:42:01,2025-11-23 07:12:30
1480,Andrea Estrada,michellejones@example.net,6,45-54,Male,True,True,False,Mobile,2024-02-13 17:30:05,2025-04-08 08:37:31
1481,Mark Gutierrez,sharon46@example.org,27,35-44,Female,True,True,False,Mobile,2025-10-16 08:07:55,2025-10-20 19:44:29
1482,James Lee,peter93@example.net,3,18-24,Female,True,True,False,Tablet,2024-11-18 07:24:25,2024-12-04 07:58:11
1483,Katrina Russell,johnboyd@example.com,47,25-34,Male,True,True,True,Mobile,2025-06-23 20:59:15,2025-09-14 09:39:47
1484,Austin Miller,kendrawilliams@example.com,50,35-44,Male,False,True,True,Mobile,2024-12-17 18:29:41,2025-05-23 21:51:19
1485,Sylvia Turner,samantha78@example.com,22,55-64,Female,True,True,True,Desktop,2023-07-05 20:43:25,2024-08-23 18:08:59
1486,Melissa Mclean,taylordavis@example.com,24,65+,Male,True,True,False,Tablet,2023-06-25 08:53:52,2025-08-20 17:44:54
1487,Amy Soto,nancy98@example.org,39,25-34,Female,True,True,False,Mobile,2025-09-26 18:51:59,2025-11-07 08:42:36
1488,Kylie Bailey,james58@example.net,23,35-44,Female,True,True,True,Mobile,2023-03-14 22:07:09,2025-09-11 09:27:59
1489,Matthew Tate,leahbarker@example.org,10,65+,Female,True,True,True,Mobile,2023-07-30 10:04:56,2024-03-15 19:09:01
1490,Erica Yates,davidsharp@example.com,29,45-54,Other,True,False,True,Mobile,2024-08-19 16:17:03,2025-02-09 08:39:03
1491,Sandra White,zbrooks@example.com,22,25-34,Female,True,False,True,Mobile,2024-06-12 07:55:18,2024-10-03 16:57:06
1492,Glenn Scott,kingtammy@example.net,8,18-24,Male,False,False,True,Tablet,2024-09-30 09:45:55,2025-11-15 10:15:03
1493,Timothy Reilly,jdonovan@example.net,24,35-44,Female,False,True,True,Mobile,2025-10-08 13:27:57,2025-10-08 20:39:04
1494,Derek Jarvis,elarson@example.com,17,35-44,Male,True,True,True,Tablet,2025-02-22 22:16:30,2025-07-23 20:08:53
1495,Isaiah Solis,williamschad@example.org,27,35-44,Male,True,True,True,Mobile,2023-06-26 07:13:01,2023-10-11 20:47:50
1496,Tammy Mcdaniel,billkeller@example.org,47,45-54,Male,True,True,False,Desktop,2024-02-07 12:02:34,2024-08-06 01:06:51
1497,Destiny Jordan,jeffreymunoz@example.com,29,18-24,Male,False,True,False,Desktop,2022-01-14 19:29:05,2023-05-12 08:02:26
1498,Alexander Silva,georgeburch@example.com,26,25-34,Female,True,True,True,Tablet,2025-07-22 11:33:17,2025-09-11 14:12:51
1499,Anna Yang,lisa11@example.org,39,25-34,Male,True,True,True,Tablet,2022-10-12 21:43:22,2024-09-25 13:45:27
1500,Christopher Thompson,joshuasmith@example.net,29,65+,Female,False,True,True,Desktop,2025-03-28 20:49:12,2025-05-24 18:10:52
1501,Jasmine Lewis,boonericky@example.com,31,18-24,Male,True,True,True,Desktop,2023-03-08 17:33:15,2024-10-15 20:44:54
1502,Lucas James,jamie76@example.net,29,35-44,Female,True,True,True,Tablet,2023-09-12 18:01:48,2025-05-13 06:07:03
1503,Jasmine Ramos,nathanwarner@example.net,46,35-44,Female,False,True,True,Desktop,2023-04-24 09:15:34,2023-05-14 20:35:04
1504,Jared Robinson,richard34@example.org,17,45-54,Female,False,True,False,Desktop,2025-03-16 09:45:04,2025-09-19 10:11:02
1505,Melissa Elliott,chavezlauren@example.com,15,45-54,Male,True,True,False,Desktop,2023-06-15 22:25:50,2025-08-25 17:31:40
1506,Jeffrey Griffin,qdavis@example.com,7,18-24,Female,False,True,True,Mobile,2024-03-10 18:47:18,2024-10-27 07:58:24
1507,Karen Jackson DVM,meghanwerner@example.com,48,45-54,Female,True,True,True,Mobile,2022-11-16 09:11:48,2024-01-02 10:11:13
1508,Caitlin Gilbert,wrightalicia@example.com,17,25-34,Male,False,True,True,Desktop,2022-03-09 23:28:51,2023-01-17 01:45:52
1509,Diana Moon,robertjackson@example.org,7,18-24,Male,True,True,True,Tablet,2023-09-26 05:29:52,2024-05-20 21:54:10
1510,Matthew Mueller,keithharrison@example.com,6,25-34,Female,False,True,True,Tablet,2022-11-21 18:06:54,2023-03-04 22:59:34
1511,Christie Marquez,mejiajoseph@example.org,47,55-64,Female,True,True,False,Mobile,2025-06-05 13:09:57,2025-07-20 07:28:01
1512,Jackie White,johnsmith@example.org,17,25-34,Male,False,True,False,Desktop,2024-01-18 20:54:04,2025-07-14 22:59:25
1513,Jonathan Brown,garyharrison@example.org,24,35-44,Male,True,True,True,Mobile,2024-12-08 16:47:59,2025-06-16 09:28:32
1514,Richard Ford,hthompson@example.net,12,55-64,Male,True,True,True,Tablet,2022-12-05 12:20:30,2024-10-08 18:53:53
1515,Andrea Bennett,mitchellallison@example.com,38,25-34,Male,True,True,True,Desktop,2022-12-14 18:59:10,2024-11-15 15:31:43
1516,Jennifer Warren,kristin96@example.com,31,45-54,Male,True,True,False,Desktop,2024-08-05 19:25:37,2025-02-17 22:42:59
1517,Kathryn Ballard,charlesvang@example.com,28,18-24,Female,True,True,True,Tablet,2024-01-03 21:05:50,2024-10-19 17:07:22
1518,Elijah Johnson,bgonzalez@example.org,50,65+,Female,False,True,True,Mobile,2022-06-11 17:14:21,2025-08-14 19:22:06
1519,Sean Gibbs,deborahturner@example.org,41,25-34,Female,True,True,True,Tablet,2023-09-02 10:02:56,2025-02-16 18:26:44
1520,Dawn Ross,nwatson@example.com,29,18-24,Female,True,True,False,Desktop,2022-07-19 12:17:28,2025-08-13 15:09:04
1521,Charles Bowman,phillipsbrian@example.com,35,18-24,Female,True,True,True,Tablet,2022-07-02 17:15:52,2025-10-25 18:17:34
1522,Angela Carter,ewilliams@example.org,28,18-24,Male,True,False,False,Desktop,2025-06-26 12:44:32,2025-11-25 09:02:56
1523,Carol Gay,juliehoffman@example.org,6,25-34,Male,False,True,False,Tablet,2023-05-09 17:04:27,2023-11-08 02:53:04
1524,Allison Powell,ureed@example.com,11,65+,Female,False,True,True,Tablet,2022-02-04 09:42:48,2022-12-09 23:40:52
1525,Sophia Blake,cgallagher@example.net,17,25-34,Female,True,True,False,Mobile,2023-05-30 12:00:21,2025-06-13 08:15:02
1526,Andrea Donaldson,trivera@example.com,8,45-54,Male,True,False,False,Desktop,2024-12-26 11:17:48,2025-09-09 10:09:16
1527,Philip Gonzalez,ohill@example.org,49,45-54,Female,False,True,True,Tablet,2024-10-20 03:36:26,2025-07-14 12:04:30
1528,Jason Lee,ronaldcarroll@example.org,35,35-44,Female,True,True,False,Mobile,2022-03-03 09:34:36,2022-03-19 20:40:02
1529,Deborah Webb,robinsonrose@example.org,7,55-64,Female,True,False,True,Desktop,2022-01-01 07:05:28,2022-04-06 09:33:54
1530,Joe Lam,melissa49@example.net,16,45-54,Female,True,True,True,Tablet,2025-07-17 16:39:42,2025-09-29 16:51:58
1531,Lynn Nguyen,elizabethconley@example.net,22,35-44,Other,False,True,True,Mobile,2024-02-06 11:19:44,2025-10-09 21:05:20
1532,Stephanie Perez,hamiltonjoseph@example.net,31,65+,Male,False,False,True,Mobile,2023-12-29 19:43:11,2024-07-16 05:43:49
1533,Amber Vargas PhD,daniel28@example.org,39,35-44,Female,False,True,True,Desktop,2023-02-25 06:05:27,2025-11-17 19:03:14
1534,Julie Hernandez,terrywilliam@example.com,21,25-34,Male,True,True,True,Tablet,2025-03-27 23:41:08,2025-05-23 07:37:16
1535,Brad Martin,qfry@example.org,12,18-24,Female,False,True,True,Tablet,2024-11-04 17:51:08,2025-04-23 10:37:16
1536,Jared Reynolds,bkennedy@example.com,21,55-64,Male,True,True,True,Desktop,2024-12-20 21:39:27,2025-11-18 13:26:03
1537,Shawn Vasquez,zchapman@example.com,2,35-44,Female,True,True,True,Tablet,2025-08-04 21:31:48,2025-08-19 13:34:57
1538,Carmen Moore,brittney11@example.org,24,25-34,Male,True,True,True,Desktop,2025-04-03 20:01:27,2025-06-15 08:54:50
1539,Jeffrey Mosley,victoriasmith@example.org,39,45-54,Male,True,True,False,Mobile,2022-04-26 10:18:03,2024-12-31 07:40:21
1540,Meghan Hull,elizabeth10@example.org,29,35-44,Female,True,True,True,Desktop,2022-02-15 21:07:11,2023-03-29 08:11:48
1541,Kevin Mcneil,underwoodjames@example.org,46,65+,Male,False,False,False,Desktop,2025-06-03 18:24:01,2025-08-06 07:11:17
1542,Derek Carter PhD,deckerjustin@example.org,49,65+,Female,True,True,False,Desktop,2025-06-08 16:33:40,2025-11-11 11:03:00
1543,Ricardo Robertson,sobrien@example.com,37,35-44,Female,True,True,True,Desktop,2023-10-09 19:35:08,2025-08-19 08:05:11
1544,Melissa Patrick,stephanie44@example.net,41,55-64,Male,False,False,True,Tablet,2022-02-14 13:45:26,2025-05-22 20:54:10
1545,Cynthia Rollins,elizabeth33@example.com,28,25-34,Female,True,True,True,Tablet,2024-09-14 09:47:48,2025-03-16 21:21:14
1546,Kevin Wilson,boltondavid@example.net,12,25-34,Male,True,True,True,Desktop,2022-07-28 11:52:40,2023-02-04 08:16:32
1547,Lauren Higgins,portiz@example.net,17,25-34,Male,True,True,True,Mobile,2022-04-13 11:48:17,2025-02-09 05:43:27
1548,Teresa Clark,xdouglas@example.org,46,65+,Male,True,True,False,Desktop,2025-08-11 20:04:07,2025-10-19 08:12:09
1549,Ryan Lara,flopez@example.com,29,65+,Male,True,True,True,Tablet,2023-07-01 19:39:46,2024-05-05 20:05:28
1550,Erica Anderson,julie65@example.net,36,35-44,Female,False,False,True,Mobile,2024-07-10 19:31:10,2025-02-02 04:55:53
1551,Carly King,tuckervanessa@example.org,25,65+,Female,True,True,True,Desktop,2025-04-29 18:03:51,2025-06-10 20:38:50
1552,Kathleen Ramirez,jenniferbutler@example.org,10,25-34,Female,True,True,True,Mobile,2022-02-28 18:50:14,2022-09-10 11:34:32
1553,Jacqueline Smith,gingram@example.org,33,18-24,Female,True,True,True,Mobile,2024-06-02 21:55:44,2025-07-06 20:47:06
1554,Nancy Wagner,lpreston@example.net,43,65+,Male,True,True,True,Tablet,2022-10-23 20:22:11,2023-11-09 09:16:58
1555,Monique Williams,amber70@example.com,29,45-54,Female,True,True,False,Tablet,2025-07-20 21:44:04,2025-08-18 14:39:13
1556,Rebecca Wells,mhickman@example.net,30,65+,Female,True,True,True,Tablet,2023-04-11 18:15:41,2024-05-13 17:09:34
1557,Joann Evans,montoyaelizabeth@example.net,49,45-54,Male,False,True,True,Mobile,2022-11-20 17:27:37,2023-11-08 16:49:09
1558,Amanda Crane,aallen@example.com,17,25-34,Male,True,True,True,Tablet,2022-12-22 20:06:17,2023-10-06 20:43:08
1559,Kimberly Lam,usmith@example.net,14,55-64,Female,True,True,True,Tablet,2022-03-08 22:45:16,2022-06-20 08:08:57
1560,Kathleen Carpenter,kimberly36@example.net,32,18-24,Female,True,False,True,Mobile,2025-01-07 20:09:07,2025-09-26 23:42:35
1561,Alexis Jordan,deborah70@example.org,14,25-34,Male,False,True,True,Mobile,2024-10-12 16:32:59,2024-12-27 05:36:35
1562,Matthew Powers,bmartin@example.org,8,18-24,Male,False,True,False,Tablet,2022-07-01 01:44:33,2025-02-01 12:27:24
1563,Donna Cuevas,joneseric@example.org,19,25-34,Male,True,True,False,Tablet,2024-10-17 14:24:07,2025-03-19 01:05:52
1564,Richard Bauer,tammy17@example.com,33,45-54,Female,True,True,False,Tablet,2025-04-08 09:20:41,2025-04-08 09:05:37
1565,Julie Martinez,kristen51@example.com,21,55-64,Female,True,True,False,Mobile,2022-06-19 18:12:20,2025-02-19 10:55:37
1566,Danielle Smith,gayfrancis@example.com,18,65+,Female,True,True,True,Mobile,2022-09-04 14:48:25,2025-04-27 21:00:23
1567,Karen Middleton,anthony66@example.org,25,35-44,Male,True,True,False,Desktop,2022-08-13 21:02:27,2025-05-03 13:57:42
1568,Christopher Oliver,vayala@example.net,19,18-24,Male,True,True,False,Tablet,2025-02-03 21:45:05,2025-10-05 19:57:14
1569,Matthew Durham,dgrant@example.com,24,45-54,Female,True,True,True,Mobile,2022-04-04 09:39:30,2025-12-05 04:39:00
1570,Amanda Lopez,andre55@example.com,25,45-54,Female,True,True,True,Tablet,2023-03-27 11:46:36,2024-03-27 17:25:10
1571,John Anderson,wheeleranna@example.org,42,35-44,Female,True,True,True,Mobile,2024-11-14 21:36:07,2024-11-16 15:43:42
1572,Kristen Juarez,weberantonio@example.net,2,45-54,Male,True,True,True,Tablet,2024-04-09 11:54:04,2025-01-25 17:57:24
1573,Elaine Trevino,crosbyelizabeth@example.org,37,35-44,Female,True,True,True,Mobile,2023-03-20 20:22:29,2024-01-26 20:40:33
1574,Mrs. Sarah Zavala DVM,charles44@example.com,30,25-34,Female,False,True,True,Desktop,2024-08-31 20:57:36,2025-09-19 11:08:04
1575,Michael Kane,coxcody@example.com,39,25-34,Male,True,True,True,Mobile,2022-02-01 19:42:47,2025-11-18 07:18:24
1576,Kenneth Aguilar,halljoshua@example.net,18,25-34,Male,False,True,True,Desktop,2024-12-10 09:38:45,2025-04-06 18:08:27
1577,Micheal Mcconnell,rebecca41@example.com,47,45-54,Male,True,True,True,Desktop,2024-11-22 05:45:56,2025-11-11 23:56:16
1578,Jennifer Barrett,joyce21@example.org,33,18-24,Female,True,True,True,Mobile,2024-11-18 11:53:53,2024-12-03 04:27:49
1579,John Harrison,richard14@example.org,15,65+,Female,True,False,True,Mobile,2025-08-20 19:01:46,2025-10-27 05:40:25
1580,Angela Jackson,mccoyandre@example.org,11,65+,Female,False,False,True,Mobile,2024-04-06 20:17:54,2025-03-18 21:11:32
1581,Samantha Fleming,veronicasmith@example.net,12,25-34,Male,True,True,False,Mobile,2024-10-16 06:33:41,2024-12-08 22:52:33
1582,Sarah Vasquez,brianclark@example.net,24,18-24,Male,False,False,True,Mobile,2025-05-09 11:59:34,2025-09-12 21:50:49
1583,Chad Beltran,sbartlett@example.com,30,55-64,Male,False,True,True,Mobile,2023-06-28 06:36:23,2025-07-10 23:39:11
1584,Jason Wong,hsmith@example.com,29,18-24,Female,True,True,True,Desktop,2022-12-15 19:02:47,2025-07-10 11:52:55
1585,Laura Olsen,coffeyjohn@example.net,45,55-64,Female,False,True,True,Tablet,2024-04-06 18:43:00,2025-07-11 00:30:16
1586,Monique Sutton,tammyhill@example.org,37,35-44,Male,True,True,False,Desktop,2022-02-26 11:18:14,2025-12-12 20:09:51
1587,Sandra Smith,petersonsergio@example.org,27,55-64,Male,True,True,False,Desktop,2024-03-14 07:16:17,2025-05-05 22:49:07
1588,Erika Jenkins,scott32@example.org,50,45-54,Male,True,True,True,Tablet,2024-10-10 08:19:51,2025-09-13 16:13:57
1589,Theresa Sanchez,bavery@example.org,19,25-34,Female,False,True,True,Mobile,2023-06-29 18:25:14,2023-12-15 19:04:29
1590,Richard Bass,nwarren@example.com,18,65+,Male,False,True,True,Mobile,2022-12-19 10:58:09,2024-04-05 12:03:25
1591,Christopher Hammond,hfloyd@example.org,13,35-44,Other,True,True,False,Tablet,2022-06-04 23:16:57,2023-06-09 10:34:32
1592,Joann Barker,mary64@example.org,22,25-34,Male,True,True,True,Desktop,2024-03-31 22:19:25,2024-11-03 21:34:03
1593,Richard Brewer,jrobinson@example.net,14,35-44,Female,True,True,False,Desktop,2023-11-04 14:21:22,2024-10-07 06:25:10
1594,Jacob Scott,nelsondominique@example.com,43,65+,Male,True,False,False,Desktop,2024-06-17 07:31:40,2024-09-04 19:46:01
1595,Stacey Allen,johnny38@example.net,10,25-34,Male,False,True,True,Tablet,2024-11-10 20:24:06,2024-11-18 17:43:01
1596,Lori Madden,hernandezandrew@example.net,15,25-34,Female,True,False,False,Mobile,2024-03-14 08:40:01,2025-10-27 12:39:23
1597,John Lopez,jennifer64@example.net,37,25-34,Other,True,False,False,Tablet,2024-12-12 21:42:08,2025-05-15 08:57:20
1598,Mckenzie Yu,cody79@example.org,47,65+,Female,True,True,False,Tablet,2025-01-30 21:05:20,2025-08-04 07:13:55
1599,Heather Blake,trevor68@example.org,19,18-24,Female,True,True,True,Mobile,2025-05-30 09:40:56,2025-08-02 18:02:28
1600,Crystal Delacruz,stuartnichols@example.net,38,45-54,Female,False,True,False,Mobile,2024-08-22 13:35:03,2024-10-10 22:45:47
1601,Jessica Taylor,jefferydavis@example.com,20,45-54,Male,True,True,True,Desktop,2022-04-12 01:25:18,2024-10-12 22:39:13
1602,Douglas Chapman,forozco@example.com,40,45-54,Female,True,True,True,Mobile,2022-01-17 07:02:56,2024-05-04 09:02:32
1603,David George,bradleybarker@example.net,12,65+,Male,False,True,True,Tablet,2025-07-16 22:41:21,2025-10-16 21:39:57
1604,Tammy Burns,lauraclay@example.org,27,65+,Female,True,True,True,Desktop,2022-08-22 10:02:23,2025-02-24 11:02:03
1605,Diamond Simmons,sarah78@example.net,25,45-54,Male,True,True,True,Desktop,2022-05-05 22:58:52,2024-06-12 16:04:34
1606,Ms. Mary Lee,jimwilliams@example.org,43,25-34,Female,True,True,False,Mobile,2022-08-18 15:44:43,2025-01-31 07:56:13
1607,Joel Stanley,christinejohnson@example.net,11,25-34,Male,True,True,True,Desktop,2022-10-02 02:25:31,2023-06-03 14:48:54
1608,Shirley Evans,emoore@example.org,12,25-34,Male,True,True,True,Tablet,2025-06-30 08:24:20,2025-08-03 10:57:25
1609,Joseph Cohen,wrodriguez@example.org,20,25-34,Male,True,True,True,Tablet,2023-10-25 22:44:49,2023-10-30 08:50:14
1610,Dave Hess,jennifer88@example.net,1,45-54,Female,True,True,True,Mobile,2022-10-24 21:26:53,2023-04-18 19:22:15
1611,Dr. Brooke Osborn,stephaniecoleman@example.net,15,55-64,Female,True,False,True,Desktop,2025-06-11 08:57:07,2025-11-29 07:25:28
1612,Larry Howe,gonzalezkenneth@example.net,21,55-64,Female,True,True,True,Desktop,2025-03-16 11:56:36,2025-07-15 16:34:28
1613,Rebecca Martinez,hallisabella@example.org,27,45-54,Female,False,False,True,Desktop,2023-10-13 10:25:02,2023-12-24 09:53:15
1614,Michelle Velasquez,holmesamber@example.org,2,45-54,Male,False,True,False,Mobile,2024-02-23 11:11:04,2024-11-09 10:29:56
1615,Scott Stephens,allenandrea@example.com,45,65+,Male,False,True,True,Desktop,2025-01-22 09:48:35,2025-04-10 00:12:27
1616,Joshua Clayton,pattersonmelissa@example.org,32,45-54,Female,True,True,False,Tablet,2024-01-05 21:33:50,2024-03-11 07:36:58
1617,Ann Hernandez,ujones@example.net,47,35-44,Male,False,True,True,Tablet,2022-07-15 13:34:23,2025-03-27 10:35:05
1618,Christopher Hill,anthony00@example.net,49,65+,Male,True,True,False,Tablet,2024-02-04 19:24:35,2025-06-19 15:45:03
1619,Angela Martin,millerjames@example.org,33,65+,Male,True,True,True,Desktop,2024-08-24 21:04:35,2025-10-10 23:38:09
1620,Amy Mccoy,ballvanessa@example.com,47,45-54,Male,True,True,True,Tablet,2023-09-07 21:42:06,2025-09-18 23:08:10
1621,Maria Goodwin,erik82@example.net,10,18-24,Male,True,False,False,Tablet,2023-06-15 07:59:53,2023-09-28 23:08:42
1622,Joseph Tate,gregoryhines@example.net,27,65+,Female,True,True,False,Tablet,2024-07-23 07:47:55,2025-04-24 16:07:04
1623,Andrew Hamilton,williamsbrandon@example.net,14,65+,Male,False,True,False,Mobile,2024-05-19 08:40:47,2024-06-12 01:02:40
1624,Glenn Ward,alyssa66@example.net,7,25-34,Female,True,True,True,Mobile,2023-01-01 19:31:22,2023-09-23 21:08:44
1625,Kayla Ewing,donna54@example.org,1,45-54,Female,True,True,True,Desktop,2022-06-21 12:56:03,2023-11-28 12:25:12
1626,Miguel Weber,russelljohn@example.net,35,25-34,Female,True,True,False,Mobile,2025-01-03 13:22:25,2025-05-12 21:06:39
1627,Rachel Smith,davidbrown@example.org,31,25-34,Female,True,False,True,Tablet,2025-04-12 13:56:52,2025-08-27 19:47:04
1628,Joseph Zamora,greenjessica@example.net,35,55-64,Male,True,True,True,Mobile,2025-07-22 09:50:01,2025-11-25 09:53:47
1629,Dr. Jose Gray DDS,rossjohn@example.net,26,35-44,Male,False,True,False,Desktop,2022-09-06 22:26:31,2025-10-14 01:03:23
1630,Elizabeth Jackson,rickey20@example.org,26,65+,Male,True,True,True,Desktop,2022-04-02 22:56:57,2024-10-30 04:14:44
1631,Nathan Kirk,tlewis@example.com,3,35-44,Male,False,True,True,Mobile,2025-05-15 17:49:48,2025-10-23 20:19:41
1632,Dorothy Hendrix,wmoore@example.com,39,25-34,Male,True,True,True,Mobile,2022-04-25 19:36:26,2025-06-29 11:19:41
1633,Jamie Perez,matthew24@example.org,9,65+,Female,False,True,True,Tablet,2024-11-25 06:09:16,2025-10-24 09:26:42
1634,Bradley Bennett,sconner@example.net,3,35-44,Female,False,False,True,Tablet,2025-09-03 08:43:32,2025-12-05 20:40:56
1635,Tamara Ingram,richardsonangela@example.net,46,18-24,Female,True,True,True,Desktop,2024-03-16 18:26:09,2025-08-18 18:46:19
1636,Nicholas Anderson,nunezmatthew@example.com,12,55-64,Female,True,True,True,Mobile,2023-12-27 20:56:08,2025-08-15 19:18:29
1637,Cynthia Hendricks,taraholloway@example.org,46,55-64,Female,True,True,True,Tablet,2024-08-18 22:02:51,2024-09-14 19:04:05
1638,Michael Foster,lindsayshaffer@example.org,45,35-44,Male,True,True,True,Tablet,2025-03-05 09:55:29,2025-05-17 20:24:58
1639,Michelle Cobb,obrienjames@example.net,41,25-34,Male,False,True,True,Desktop,2022-05-13 20:17:46,2024-07-08 20:57:58
1640,Chad Schneider DVM,khanmelissa@example.net,5,35-44,Female,True,True,True,Mobile,2022-05-08 12:59:46,2024-10-17 17:32:24
1641,Pam Crawford,victoria17@example.net,40,65+,Male,True,True,False,Tablet,2022-04-18 16:58:00,2022-08-08 17:59:53
1642,Kelly Smith,jasonjohnson@example.org,29,25-34,Female,True,True,False,Mobile,2025-04-15 08:50:23,2025-10-22 17:25:19
1643,Joshua Monroe,sancheznicholas@example.com,12,25-34,Female,True,False,False,Tablet,2024-03-30 09:49:45,2024-10-25 17:07:17
1644,Samantha Carlson,nrangel@example.net,8,25-34,Male,True,True,True,Tablet,2024-06-09 17:12:15,2025-03-11 20:10:26
1645,Brandi Brown,cassandra18@example.net,44,65+,Male,True,True,True,Tablet,2022-10-26 12:42:49,2023-12-21 13:06:58
1646,Courtney Sanders,bcooper@example.net,24,45-54,Male,False,True,True,Mobile,2024-12-15 20:58:10,2025-03-29 08:07:05
1647,Robert Moore,catherinewagner@example.org,33,55-64,Male,False,True,False,Mobile,2022-07-14 11:42:17,2025-12-11 19:11:27
1648,Billy Scott,dominguezmeredith@example.com,44,18-24,Female,False,False,False,Mobile,2022-12-02 07:12:41,2023-10-02 22:55:41
1649,Amanda Richardson,stricklandmatthew@example.com,44,25-34,Male,True,True,False,Tablet,2022-07-01 21:29:28,2024-05-08 07:27:25
1650,Natasha Stone,wilsondavid@example.org,10,55-64,Female,True,False,True,Tablet,2025-08-01 20:59:48,2025-09-28 18:22:52
1651,Amy Dyer,peter91@example.org,44,25-34,Male,True,True,False,Mobile,2025-08-06 15:02:02,2025-12-07 03:09:30
1652,Todd Lewis,katrinaking@example.com,8,45-54,Male,True,True,False,Desktop,2023-06-25 08:01:38,2025-03-05 10:36:44
1653,Catherine Armstrong,fsims@example.com,40,25-34,Female,True,True,False,Mobile,2023-05-13 23:58:02,2025-06-25 08:12:24
1654,Daniel Warren,kelly01@example.org,16,25-34,Female,False,True,False,Tablet,2024-12-03 17:11:36,2025-08-02 19:54:31
1655,Victoria Deleon,kenneth78@example.net,45,45-54,Male,True,True,True,Tablet,2023-03-02 19:58:15,2024-09-17 08:09:40
1656,David Brooks,brownelizabeth@example.com,15,55-64,Male,True,True,True,Mobile,2025-06-04 08:18:23,2025-06-30 21:44:44
1657,Katie Kaiser,prattjustin@example.org,33,25-34,Female,False,True,True,Mobile,2024-08-24 14:05:58,2024-09-01 05:29:02
1658,David Aguirre,tavila@example.net,8,25-34,Male,True,False,False,Mobile,2025-08-01 20:12:24,2025-11-06 04:00:31
1659,Laura Bennett,maria99@example.net,6,65+,Female,False,True,False,Desktop,2024-05-22 21:35:43,2025-05-15 16:11:45
1660,Mrs. Stacy Phillips,beth93@example.org,29,45-54,Male,True,False,True,Tablet,2024-10-17 16:16:49,2025-07-31 12:12:20
1661,Jonathan Collins,stephaniezamora@example.org,41,18-24,Female,True,True,True,Tablet,2023-04-08 23:09:10,2023-07-18 21:32:01
1662,Elizabeth Thomas,jpowell@example.org,41,55-64,Male,False,True,True,Tablet,2022-09-16 21:36:09,2025-03-29 19:42:43
1663,Kara Sanders MD,bcompton@example.net,25,25-34,Female,False,True,False,Mobile,2023-07-25 23:21:13,2025-03-27 11:03:57
1664,Tommy Ramsey,markbates@example.com,32,25-34,Female,True,True,True,Tablet,2023-09-11 21:07:34,2025-05-21 05:25:43
1665,Mary Hoffman,hufftina@example.org,1,55-64,Male,False,True,False,Tablet,2024-06-28 22:49:07,2025-10-21 18:20:09
1666,Autumn Thomas,jpeterson@example.org,31,45-54,Male,True,True,True,Desktop,2025-06-09 20:42:25,2025-12-07 09:53:46
1667,Bridget Guerrero,bowerspatrick@example.com,43,18-24,Male,False,True,True,Tablet,2023-07-23 11:36:04,2025-05-21 20:59:40
1668,Claire Hoffman,rgarcia@example.org,6,35-44,Male,False,True,True,Desktop,2023-04-28 10:27:17,2024-12-24 01:59:42
1669,George Bradshaw,kingjames@example.com,9,18-24,Male,False,True,True,Tablet,2024-12-08 11:11:03,2025-10-04 15:00:51
1670,Patricia Atkinson,connie00@example.org,5,65+,Female,False,True,False,Desktop,2023-07-12 15:08:46,2023-11-21 18:09:19
1671,Samuel Hamilton,ysolomon@example.org,34,35-44,Male,True,False,True,Tablet,2023-11-01 13:36:41,2024-04-22 13:02:36
1672,Jasmine Harris,barnettlisa@example.com,49,18-24,Female,True,False,True,Desktop,2025-10-28 23:11:08,2025-11-02 13:24:43
1673,Tony Brooks,salazarjoshua@example.com,14,65+,Female,False,True,True,Mobile,2025-02-26 18:26:22,2025-10-24 09:40:59
1674,Amy Russell,michelleboyd@example.net,2,65+,Female,False,True,True,Mobile,2024-05-31 17:40:49,2024-07-11 11:19:12
1675,Amber Richardson,joseph77@example.com,2,45-54,Female,True,False,True,Desktop,2025-08-21 08:10:07,2025-11-03 17:22:53
1676,Tommy Mcclure,ahines@example.net,9,35-44,Female,True,True,False,Desktop,2024-04-17 20:18:30,2024-12-10 00:03:00
1677,Robert Reese,ehardy@example.com,20,55-64,Male,False,True,True,Tablet,2022-07-01 15:19:36,2022-12-21 13:28:59
1678,Tara Jones,andrew88@example.com,16,25-34,Female,True,True,False,Desktop,2025-07-15 23:16:54,2025-12-12 10:01:26
1679,David Pineda,michael23@example.com,8,55-64,Female,True,True,True,Desktop,2022-04-04 17:39:11,2022-12-23 22:28:05
1680,Timothy Marshall,melissanolan@example.org,12,25-34,Male,True,True,False,Desktop,2025-07-05 09:44:23,2025-09-08 17:46:00
1681,James Robinson,gyoung@example.net,34,45-54,Female,True,True,True,Desktop,2024-08-06 10:05:54,2024-09-13 10:18:58
1682,Vanessa Bennett,jefferyjones@example.net,17,55-64,Female,True,True,False,Mobile,2023-03-21 12:27:15,2024-06-30 10:21:48
1683,Molly Jackson,brandon64@example.net,39,35-44,Female,True,True,False,Desktop,2024-02-02 20:19:39,2024-08-29 07:36:59
1684,Dustin Brown,qharris@example.org,27,25-34,Female,True,True,True,Mobile,2022-03-02 17:18:14,2025-04-06 17:17:56
1685,Susan Figueroa,kcontreras@example.org,47,35-44,Female,False,True,True,Tablet,2023-07-12 09:37:21,2024-10-27 15:08:38
1686,Sherry Shannon,curtislee@example.net,1,65+,Female,True,True,True,Desktop,2022-04-16 17:59:17,2025-05-06 07:10:06
1687,Gina Gallegos,bhall@example.org,23,25-34,Female,False,True,True,Tablet,2025-07-25 20:30:20,2025-09-23 10:54:33
1688,Sarah Thompson,ricky53@example.net,20,25-34,Male,True,False,True,Tablet,2025-05-08 07:49:08,2025-09-04 03:00:02
1689,Richard Chapman,hpowell@example.com,23,18-24,Female,True,False,True,Desktop,2024-11-15 09:03:52,2025-11-29 03:57:47
1690,Kathleen Mccullough,michellesmith@example.org,38,25-34,Female,True,True,False,Mobile,2023-11-01 21:33:45,2023-12-18 17:12:21
1691,Carolyn Walker,mark21@example.com,24,35-44,Male,True,True,True,Mobile,2023-06-11 21:39:13,2023-10-20 22:16:45
1692,George Zhang,mcdanielrichard@example.org,19,55-64,Male,True,False,False,Mobile,2024-08-07 09:34:35,2025-06-29 12:56:13
1693,Carrie Holden,marksanders@example.com,27,25-34,Male,True,True,False,Desktop,2024-10-21 21:12:19,2025-05-28 13:11:16
1694,Kimberly Maldonado,russelllynch@example.com,35,55-64,Male,False,False,False,Tablet,2024-11-22 15:44:43,2025-11-27 20:25:50
1695,Beth Sellers,lauren93@example.net,38,65+,Male,False,True,False,Desktop,2024-12-31 19:09:36,2025-10-29 21:24:48
1696,Michelle King,deborah49@example.com,20,25-34,Male,True,True,False,Desktop,2025-03-23 13:18:04,2025-07-16 13:12:02
1697,Andrea Miller,shannon88@example.com,28,25-34,Male,False,True,False,Mobile,2025-03-29 22:10:10,2025-09-04 20:39:17
1698,Matthew Davis,joestephens@example.com,15,18-24,Male,True,True,True,Mobile,2025-09-08 08:08:33,2025-11-20 23:39:50
1699,Mary Johnson,xhill@example.org,30,35-44,Female,True,False,False,Desktop,2023-07-01 21:14:01,2023-12-23 09:16:26
1700,Valerie Simpson,jcruz@example.net,31,45-54,Male,False,True,False,Mobile,2025-09-09 22:00:28,2025-09-15 21:09:49
1701,Ryan Hood Jr.,troybrady@example.net,15,45-54,Female,True,True,True,Mobile,2024-03-14 09:23:13,2024-12-18 05:57:11
1702,Mason Fleming,migueldominguez@example.org,19,35-44,Female,False,True,False,Mobile,2024-01-15 09:58:50,2025-05-06 07:08:34
1703,Jeanette Luna,gina90@example.org,9,25-34,Female,True,True,False,Desktop,2024-07-17 06:45:10,2025-10-07 22:42:51
1704,Casey Francis,joseph28@example.com,31,45-54,Female,True,True,True,Tablet,2024-07-30 18:34:29,2024-10-22 19:06:53
1705,Ronald Carr,daniellewalters@example.org,41,35-44,Female,False,True,False,Tablet,2023-10-07 22:11:59,2024-08-17 10:24:23
1706,Rachel Greer,michellelee@example.net,21,35-44,Female,True,True,True,Tablet,2024-08-14 08:32:55,2025-08-09 22:11:09
1707,Bobby Becker,jacob57@example.org,16,35-44,Female,True,True,True,Mobile,2025-07-31 09:16:58,2025-09-15 15:47:09
1708,Kenneth Powell,mirandawalker@example.net,30,65+,Male,True,False,True,Tablet,2025-07-02 07:05:05,2025-08-27 23:07:33
1709,Scott Ayers,castropeter@example.com,30,55-64,Female,True,True,False,Mobile,2024-04-30 18:42:58,2025-06-11 21:57:04
1710,Tina Herring,alexis57@example.net,17,45-54,Male,True,False,False,Desktop,2022-02-05 18:22:06,2024-08-02 17:39:39
1711,Eric Hanson,housedaniel@example.com,17,25-34,Female,True,True,False,Mobile,2023-02-06 07:11:09,2023-11-05 21:24:47
1712,Roy Cook,josephjohnson@example.com,17,35-44,Female,False,True,True,Tablet,2024-04-18 08:24:11,2024-07-26 11:20:43
1713,Jesse Murphy,james32@example.com,20,35-44,Female,True,True,True,Tablet,2022-10-22 00:34:52,2023-10-10 08:18:18
1714,Nicholas Sampson,allenronald@example.com,11,18-24,Male,True,True,False,Mobile,2024-05-16 17:59:21,2024-09-16 01:29:01
1715,Ryan Terry,campbellkayla@example.org,32,25-34,Female,True,True,False,Mobile,2022-03-06 18:55:20,2025-10-20 08:43:28
1716,Luis Gould,hortonalexandra@example.net,12,35-44,Female,True,True,False,Tablet,2022-02-19 22:38:47,2023-06-27 10:14:17
1717,John Nelson,jimmypalmer@example.net,6,18-24,Female,True,True,False,Mobile,2022-03-26 08:26:05,2024-12-16 21:22:34
1718,Chad Rivera,ubutler@example.net,50,35-44,Male,True,True,False,Tablet,2025-04-13 08:18:07,2025-07-07 06:59:55
1719,Jeremy Evans,devonmccarthy@example.net,10,45-54,Male,True,True,False,Mobile,2023-12-10 12:27:15,2025-07-15 13:46:51
1720,Kimberly Morgan,yoconnell@example.com,33,18-24,Female,True,True,False,Mobile,2023-04-17 04:24:04,2025-04-06 11:16:39
1721,Jonathan Torres,poncelisa@example.com,35,55-64,Male,False,True,True,Mobile,2025-01-06 18:48:54,2025-10-21 04:17:36
1722,Abigail Williams,lauriewatson@example.org,48,25-34,Female,False,True,True,Desktop,2025-10-10 21:06:53,2025-10-11 08:04:23
1723,David Day,lloydmiranda@example.org,1,18-24,Female,True,True,True,Desktop,2024-03-31 17:34:31,2025-09-30 23:19:57
1724,Mr. Mark Simmons,evelyncampbell@example.com,1,18-24,Male,True,True,False,Desktop,2022-10-19 10:19:48,2023-10-27 07:53:43
1725,Kevin Carney,sthomas@example.org,50,45-54,Male,True,False,True,Desktop,2025-04-05 18:30:15,2025-08-16 20:33:20
1726,Michelle Carter,ahernandez@example.org,19,45-54,Male,True,False,False,Mobile,2023-08-15 20:07:38,2025-09-19 13:08:13
1727,Carol Wood,stephaniejones@example.org,19,25-34,Male,True,False,True,Desktop,2023-05-28 06:11:01,2024-09-19 10:04:02
1728,Rose Mclaughlin,marymartinez@example.net,8,18-24,Female,True,True,True,Tablet,2025-01-31 22:58:56,2025-03-26 17:55:44
1729,Eric Davis,frodgers@example.net,42,25-34,Female,True,True,True,Desktop,2022-07-20 17:39:17,2025-05-31 17:33:06
1730,Mitchell Ford,patelkatie@example.com,1,18-24,Male,True,True,True,Tablet,2022-12-09 12:01:47,2023-09-24 19:10:45
1731,Richard Yoder,qmarshall@example.net,21,55-64,Male,False,False,True,Mobile,2023-12-27 12:55:06,2024-02-27 00:40:02
1732,Chad Moore,nguyenchristine@example.net,40,25-34,Female,False,True,True,Tablet,2025-09-23 22:35:44,2025-11-08 08:26:53
1733,Janet Sandoval,jessicalong@example.net,16,55-64,Male,True,False,False,Tablet,2025-02-16 19:10:52,2025-11-01 14:27:59
1734,Maria Thompson,mmcdaniel@example.com,31,35-44,Female,True,True,False,Tablet,2025-04-30 18:24:43,2025-10-11 20:13:13
1735,Mary Levy,nguyengerald@example.net,30,18-24,Male,True,True,True,Mobile,2025-01-06 21:48:52,2025-09-12 20:11:25
1736,Jason Jackson,oconnorlauren@example.net,15,45-54,Male,True,True,False,Mobile,2025-08-29 08:42:32,2025-12-05 20:12:57
1737,Juan Thomas,markcox@example.org,5,35-44,Male,False,True,False,Desktop,2025-04-09 11:11:29,2025-04-27 19:46:54
1738,Erica Case,robert77@example.net,28,45-54,Female,False,True,True,Tablet,2025-01-09 22:30:31,2025-10-26 12:41:02
1739,James Wright,duncanjose@example.com,5,45-54,Male,True,True,True,Tablet,2024-11-06 15:54:41,2025-05-24 20:15:49
1740,Dr. Bruce Barry DDS,ksmith@example.org,42,25-34,Female,True,True,False,Mobile,2024-03-19 19:22:37,2025-11-15 13:54:34
1741,Melvin Carlson,nhiggins@example.com,24,45-54,Female,True,True,True,Desktop,2023-09-08 23:52:46,2024-01-20 08:25:24
1742,Trevor Bautista,davidjohnson@example.net,40,35-44,Female,False,True,True,Desktop,2024-09-17 17:06:08,2025-09-23 10:13:19
1743,Jennifer Gibbs,kelleyglen@example.org,20,55-64,Female,True,True,True,Mobile,2024-11-19 18:40:40,2024-12-27 00:28:47
1744,Teresa Dyer,nbailey@example.net,49,35-44,Female,True,True,True,Tablet,2023-01-07 20:26:27,2024-08-23 17:19:04
1745,Jose Lopez,zglass@example.org,44,45-54,Female,True,True,True,Tablet,2024-11-01 13:43:43,2025-08-16 15:35:22
1746,Thomas Brewer,daniel15@example.org,19,55-64,Female,True,True,False,Tablet,2022-10-10 20:54:19,2023-08-29 07:29:15
1747,Tanya Davis,dawnjackson@example.net,2,25-34,Male,False,True,True,Desktop,2025-08-27 20:06:24,2025-11-30 10:37:34
1748,Anna Gonzalez,desiree83@example.org,11,25-34,Other,True,True,True,Mobile,2025-08-10 21:20:10,2025-11-13 07:56:02
1749,Jason Harrison,gloriaporter@example.net,23,35-44,Female,True,False,True,Mobile,2024-05-06 01:34:11,2024-08-29 09:53:16
1750,Chris Hernandez,ericdelacruz@example.net,35,35-44,Female,False,True,False,Mobile,2025-09-15 21:51:02,2025-09-28 11:19:42
1751,Brenda Wilson,wilsonpatrick@example.org,29,55-64,Female,True,True,False,Tablet,2025-09-05 16:26:55,2025-10-16 09:09:59
1752,Nathan Griffin,dorothy87@example.org,50,35-44,Female,True,False,True,Desktop,2022-07-01 11:43:25,2023-02-14 07:56:55
1753,Amanda Armstrong,njames@example.net,35,45-54,Female,True,True,True,Desktop,2022-10-04 07:16:49,2024-09-30 17:52:28
1754,Mary Turner,hernandezkristen@example.org,11,35-44,Female,True,True,False,Desktop,2022-01-19 21:58:01,2022-10-01 18:33:30
1755,Melanie Garrett,sandraheath@example.net,19,25-34,Other,True,True,True,Desktop,2022-05-21 12:44:07,2023-05-26 05:17:58
1756,Dustin Anderson,jackierichardson@example.com,24,25-34,Female,True,True,True,Desktop,2024-07-19 09:21:27,2025-12-05 16:59:25
1757,Patrick Rios,jennifercarroll@example.com,21,65+,Female,True,False,True,Mobile,2024-10-06 21:39:38,2025-10-06 13:30:08
1758,Alan Davis DVM,thomasjames@example.com,29,55-64,Male,True,False,True,Desktop,2022-06-29 10:13:59,2024-11-23 18:42:18
1759,Phillip Anderson,greencharles@example.net,21,25-34,Female,False,True,True,Desktop,2024-02-09 19:20:23,2025-02-07 17:38:27
1760,Tara Henderson MD,timothygrant@example.com,7,25-34,Female,False,True,False,Desktop,2024-12-25 20:08:18,2025-01-03 10:22:13
1761,Nathan Maynard,lsimmons@example.org,46,45-54,Male,False,True,False,Desktop,2022-03-26 08:11:05,2024-06-17 22:04:59
1762,Kiara Landry,petersonjose@example.org,16,45-54,Female,False,True,True,Mobile,2023-07-31 08:49:17,2023-11-20 16:34:46
1763,Courtney Page,antonio01@example.org,46,55-64,Male,True,True,True,Tablet,2025-03-04 17:19:10,2025-09-15 19:22:08
1764,Jon Rocha,yrichardson@example.com,41,18-24,Male,True,True,True,Desktop,2024-05-11 07:04:03,2025-10-22 10:03:33
1765,Paula Bailey,ronald23@example.com,20,35-44,Female,False,True,True,Desktop,2024-05-21 09:23:40,2024-12-19 08:49:09
1766,Danielle Hamilton,williamsbrian@example.org,13,25-34,Female,True,True,True,Tablet,2023-11-02 07:37:19,2024-01-23 19:36:29
1767,Alexander Pruitt,gspencer@example.com,6,55-64,Male,True,True,True,Tablet,2025-01-20 16:14:12,2025-07-08 07:13:26
1768,Christopher Black,blacklisa@example.net,35,55-64,Female,True,True,True,Tablet,2023-07-12 23:27:59,2025-05-19 04:30:32
1769,Sheena Rodriguez,janet71@example.org,21,45-54,Male,True,True,True,Tablet,2023-05-28 15:00:18,2023-09-05 20:27:11
1770,Anthony Marquez,christopher04@example.com,33,18-24,Female,False,True,False,Mobile,2023-12-13 08:20:46,2024-10-07 09:51:51
1771,Curtis Morales Jr.,angelcunningham@example.org,29,45-54,Female,True,True,False,Desktop,2025-09-18 10:55:24,2025-12-10 15:47:30
1772,Jillian Warner,tyler31@example.net,17,55-64,Female,True,False,True,Tablet,2023-05-04 09:52:25,2025-08-02 08:38:36
1773,Shelby Gonzalez,zmoore@example.com,4,35-44,Female,True,True,True,Mobile,2022-01-08 17:37:50,2022-10-20 03:02:07
1774,Jessica Hernandez,brenda83@example.org,6,35-44,Male,True,False,True,Desktop,2025-07-13 20:43:45,2025-11-19 10:06:45
1775,William Powell,vgarcia@example.net,49,65+,Female,True,True,True,Mobile,2024-09-05 11:47:32,2025-04-14 20:19:39
1776,Amber Chapman,qmartinez@example.org,22,45-54,Female,False,True,True,Mobile,2024-04-04 17:56:23,2025-07-16 20:56:31
1777,Kimberly David,hooveranna@example.net,38,35-44,Female,True,True,True,Mobile,2022-01-28 20:03:11,2024-08-13 08:28:47
1778,Aaron Wright,stewartgeorge@example.com,29,55-64,Male,False,True,True,Desktop,2025-04-15 20:19:33,2025-09-15 16:40:38
1779,Elizabeth Greer,znoble@example.net,14,35-44,Female,True,False,False,Mobile,2024-05-04 21:51:06,2025-02-24 20:50:59
1780,Austin Ford,ajennings@example.com,33,25-34,Male,True,True,True,Tablet,2024-01-11 06:46:13,2024-12-22 18:13:33
1781,Terry Moses,javiermitchell@example.org,22,35-44,Female,True,True,False,Tablet,2024-04-23 23:31:53,2025-07-17 16:17:58
1782,Ronald Gill,vwhite@example.net,37,18-24,Male,True,True,True,Mobile,2023-11-10 17:54:10,2025-01-20 20:28:29
1783,Lauren Barr,eroman@example.net,21,45-54,Female,True,True,False,Mobile,2025-09-14 09:50:23,2025-11-14 06:53:42
1784,Sarah Sosa,anthonymcdonald@example.net,2,45-54,Male,True,True,True,Mobile,2025-02-24 20:42:20,2025-05-12 08:43:25
1785,Ashley Jenkins,donnahopkins@example.net,9,45-54,Male,True,True,True,Mobile,2023-10-07 22:34:08,2025-09-29 21:30:19
1786,Timothy Zuniga,younggabrielle@example.net,33,45-54,Male,True,False,True,Tablet,2025-01-28 19:20:52,2025-08-17 16:06:54
1787,Penny West,phyllismiller@example.com,34,35-44,Male,True,False,True,Tablet,2024-03-10 14:25:04,2025-03-29 21:59:44
1788,Lori Oconnell,ochoamelissa@example.net,23,25-34,Female,False,True,True,Desktop,2025-09-08 11:46:38,2025-11-18 12:15:13
1789,Charles Chang,warroyo@example.net,42,25-34,Male,True,True,True,Desktop,2025-07-22 06:40:18,2025-11-29 14:15:05
1790,Jessica Hunter,irandolph@example.org,26,65+,Female,True,True,False,Desktop,2023-12-19 11:56:07,2025-10-23 07:18:15
1791,Jennifer Flores,poolehector@example.org,27,65+,Female,True,True,True,Mobile,2022-03-28 14:29:01,2022-05-01 21:34:38
1792,Anna Wong,villawilliam@example.com,46,45-54,Male,False,True,False,Desktop,2023-06-16 15:24:51,2023-09-01 09:04:52
1793,Lindsay Henderson,stevengoodwin@example.net,20,35-44,Male,False,False,True,Tablet,2024-08-01 18:13:21,2025-05-23 16:52:40
1794,Mary Williams,chapmanjerome@example.org,17,18-24,Male,True,False,True,Mobile,2025-08-12 16:00:08,2025-11-03 14:13:00
1795,Jessica Gomez,snyderandrea@example.org,49,35-44,Female,False,False,True,Tablet,2022-12-28 09:16:43,2025-05-02 09:07:33
1796,Melissa Grant,jennifer51@example.com,43,55-64,Female,True,True,True,Tablet,2022-09-05 20:26:31,2023-08-11 12:44:48
1797,Margaret White,dyersara@example.net,49,25-34,Male,False,True,False,Desktop,2024-03-23 16:54:17,2025-09-16 22:32:29
1798,Joshua Le,cjohnson@example.net,30,25-34,Male,True,True,True,Tablet,2024-06-13 16:57:29,2025-09-15 07:31:07
1799,Justin Garcia,ernestmahoney@example.net,18,45-54,Female,True,True,True,Tablet,2023-03-14 23:50:06,2023-05-18 20:53:53
1800,Joshua Martinez,josephross@example.net,31,35-44,Female,False,True,True,Desktop,2024-11-29 20:57:04,2025-10-09 15:13:35
1801,Brenda Green,whernandez@example.net,15,45-54,Female,True,True,False,Mobile,2023-12-04 09:30:28,2025-03-03 01:16:06
1802,Marcus Brown,charles19@example.net,35,18-24,Male,True,True,True,Desktop,2023-09-15 15:40:55,2024-12-31 12:01:11
1803,Miss Carla Hoover,jenniferrodriguez@example.org,6,45-54,Female,True,True,True,Desktop,2022-12-14 06:54:10,2024-12-08 21:14:57
1804,Cody Wright,manuel81@example.com,46,25-34,Female,True,True,False,Tablet,2023-10-27 06:03:45,2024-09-08 19:44:37
1805,Christopher Knox,karen72@example.com,7,65+,Female,True,True,False,Mobile,2023-04-11 18:03:39,2025-07-01 14:39:19
1806,Andre Lee,joshua96@example.com,17,55-64,Female,True,True,True,Desktop,2022-06-24 17:47:35,2022-10-25 14:47:24
1807,Stephanie Velazquez,bartondavid@example.com,45,45-54,Male,True,True,False,Mobile,2025-03-28 20:50:09,2025-07-29 08:00:16
1808,Amanda Weaver,clinesteven@example.net,25,25-34,Male,True,True,False,Mobile,2024-04-11 03:19:24,2025-03-28 16:06:44
1809,Jason Abbott,cobbmary@example.net,22,45-54,Male,False,True,True,Tablet,2022-07-23 06:59:09,2023-06-24 20:02:38
1810,Derek Henderson,hollyperkins@example.net,30,35-44,Male,True,True,True,Tablet,2022-09-16 11:26:34,2023-12-27 17:00:21
1811,Jane Edwards,murphybrianna@example.com,6,25-34,Female,True,True,True,Mobile,2024-05-15 22:01:51,2025-01-24 13:39:29
1812,Chad George,brianmcdaniel@example.com,5,45-54,Female,True,True,False,Desktop,2025-01-29 16:24:36,2025-02-13 04:32:30
1813,Stacy Williams,joneschristian@example.net,8,65+,Male,True,True,False,Desktop,2025-10-23 21:45:49,2025-11-05 09:26:50
1814,Nicole Peters,uclark@example.org,10,55-64,Female,True,True,False,Mobile,2024-10-15 20:29:16,2025-01-19 10:26:03
1815,Jose Green,carol67@example.org,12,25-34,Female,False,True,False,Tablet,2023-07-29 11:05:41,2025-04-06 12:09:21
1816,Elizabeth Taylor,harold46@example.com,31,55-64,Male,True,True,True,Tablet,2022-03-10 19:37:17,2024-06-04 10:52:28
1817,Shannon Austin,djimenez@example.com,6,45-54,Female,True,True,False,Tablet,2024-08-12 11:06:14,2024-12-24 21:30:26
1818,Richard Collins,fgrimes@example.com,23,18-24,Male,True,True,True,Tablet,2025-01-09 07:22:52,2025-04-08 19:37:34
1819,Rachel Parker,tami38@example.net,26,65+,Female,False,True,False,Desktop,2023-04-21 17:53:05,2025-09-01 08:27:34
1820,Jaclyn Lindsey,ologan@example.org,27,18-24,Male,False,False,True,Desktop,2022-02-10 14:27:50,2022-08-12 21:32:43
1821,Brian Chen,jeremy00@example.net,43,35-44,Male,True,True,True,Tablet,2024-12-13 10:16:01,2025-04-15 15:14:28
1822,Bailey Hernandez,sylviayates@example.com,26,35-44,Female,True,True,False,Mobile,2025-07-27 20:08:05,2025-09-24 13:02:03
1823,Emily Taylor,christina60@example.org,21,65+,Male,True,True,True,Mobile,2025-09-11 12:46:40,2025-10-26 08:12:50
1824,Mrs. Susan Christian,amanda86@example.org,21,25-34,Male,False,True,True,Mobile,2022-04-21 15:07:14,2023-04-30 17:33:26
1825,Ashley Chapman,folson@example.net,1,25-34,Male,False,True,True,Mobile,2022-01-09 09:46:31,2025-07-30 19:47:09
1826,Kyle David,agalvan@example.com,46,65+,Male,True,True,True,Tablet,2022-06-28 01:33:24,2025-07-09 09:18:47
1827,Dennis Martin,ujones@example.org,8,35-44,Male,True,False,True,Tablet,2023-09-17 17:49:36,2025-12-10 23:07:16
1828,Crystal Wolf,bpeterson@example.com,32,25-34,Male,False,True,False,Tablet,2025-07-10 19:40:09,2025-07-18 20:08:43
1829,Kim Murray,terri25@example.com,35,55-64,Male,True,True,True,Tablet,2024-09-01 19:47:45,2025-08-09 18:24:00
1830,Michael Neal,wesleyjohns@example.com,39,55-64,Other,True,True,True,Mobile,2025-08-19 12:16:24,2025-09-08 09:03:01
1831,Andre Blackburn,kevin54@example.net,7,35-44,Male,True,True,True,Tablet,2025-01-19 21:46:53,2025-12-08 09:28:05
1832,Sarah Jones,sherylmoore@example.net,10,65+,Male,True,True,True,Desktop,2023-10-16 09:32:09,2025-05-23 20:51:19
1833,Pamela Simon,nfleming@example.net,29,25-34,Female,True,True,True,Tablet,2025-10-09 08:48:15,2025-10-28 09:26:01
1834,Raymond Duran,elizabethnewman@example.net,7,18-24,Male,False,True,False,Tablet,2025-02-15 10:25:27,2025-03-12 13:45:03
1835,Sean Peters,ecohen@example.com,9,45-54,Female,True,True,False,Mobile,2024-11-04 20:58:05,2025-05-21 19:09:58
1836,Rebecca Jones,crivers@example.com,5,35-44,Female,False,True,False,Desktop,2023-05-10 22:25:09,2023-05-21 04:22:32
1837,Lee Mcguire,markgardner@example.org,23,65+,Male,True,True,True,Tablet,2023-04-06 18:12:26,2024-12-21 10:59:14
1838,David Torres,hodgemichelle@example.net,44,35-44,Male,True,True,True,Tablet,2023-01-09 22:35:44,2025-08-23 11:35:07
1839,Jennifer Wells,willie16@example.com,3,18-24,Female,True,True,True,Mobile,2024-11-01 01:42:55,2025-05-30 21:07:56
1840,Michael Ward,ronald83@example.net,2,18-24,Female,False,True,False,Tablet,2025-10-15 06:35:15,2025-11-01 16:29:05
1841,Manuel Cole,smithgina@example.net,9,18-24,Female,False,True,True,Tablet,2025-05-14 19:59:40,2025-10-09 12:22:05
1842,Bridget Bryant,morgan69@example.net,47,65+,Female,True,True,False,Desktop,2024-07-25 12:48:20,2024-11-24 09:52:49
1843,Paula Dyer,torrestricia@example.com,41,25-34,Female,True,True,True,Mobile,2024-03-21 18:57:09,2025-12-07 23:26:14
1844,Donald Cole,jonhall@example.org,20,35-44,Male,True,True,True,Desktop,2024-03-20 11:46:47,2024-06-12 20:13:46
1845,Tracey Page,josephconway@example.net,7,45-54,Male,True,False,True,Mobile,2025-04-20 23:34:10,2025-12-11 08:20:48
1846,David Bradley,hernandezdaniel@example.net,23,65+,Female,False,False,True,Mobile,2024-06-26 15:54:26,2025-05-10 19:24:59
1847,Robert Acevedo,tonyaholmes@example.net,35,35-44,Female,True,True,True,Mobile,2024-07-11 22:39:56,2025-03-28 13:26:54
1848,Christy Thomas,velasquezalexis@example.org,3,35-44,Female,False,True,True,Desktop,2025-07-16 18:37:03,2025-11-01 18:23:00
1849,Joseph Murray,bwilson@example.net,14,25-34,Male,True,True,True,Mobile,2022-09-03 22:08:15,2022-09-05 10:17:51
1850,Tamara Rhodes,jmartinez@example.org,17,45-54,Female,True,True,False,Mobile,2025-03-22 22:09:05,2025-08-28 10:40:27
1851,Brandon Brown,rachaelroberts@example.com,6,45-54,Male,False,True,True,Tablet,2025-02-18 22:42:44,2025-04-15 09:18:41
1852,Jordan Williams,yhill@example.net,28,25-34,Male,True,True,True,Tablet,2024-06-28 06:09:29,2025-06-06 09:54:42
1853,Sean Chapman,johnsonjames@example.org,27,35-44,Prefer not to say,True,False,True,Mobile,2024-06-16 20:46:04,2024-09-30 16:17:37
1854,April Roth,sherry96@example.com,24,25-34,Female,True,True,True,Mobile,2023-10-02 20:02:11,2025-05-29 06:52:56
1855,Amber Reynolds,fhenderson@example.org,28,18-24,Female,True,True,False,Tablet,2025-03-12 07:25:03,2025-06-12 10:47:33
1856,Elizabeth Miller,padillapatricia@example.org,7,35-44,Female,True,True,False,Mobile,2022-01-19 11:03:12,2024-07-30 08:44:12
1857,Fred Ross,kelsey70@example.net,31,55-64,Male,False,True,True,Desktop,2025-10-12 07:17:02,2025-10-12 22:13:19
1858,Chloe Barnes,kellytaylor@example.net,41,45-54,Female,True,False,True,Tablet,2024-05-10 20:35:26,2024-12-10 04:47:06
1859,James Stevens,riceamber@example.net,38,45-54,Female,True,True,True,Desktop,2024-10-12 18:48:03,2025-06-11 19:16:06
1860,Kaitlyn Cooley,eharrington@example.com,15,25-34,Male,True,True,True,Tablet,2024-02-17 21:40:07,2025-10-07 06:28:21
1861,Jack Anthony,bmosley@example.net,9,45-54,Female,True,True,True,Desktop,2022-02-12 19:53:28,2025-03-13 15:00:30
1862,Brandi Ibarra,shawn89@example.net,40,35-44,Female,True,True,True,Tablet,2024-04-11 07:01:35,2024-06-27 19:07:49
1863,William Tran,juareztina@example.net,35,25-34,Male,True,True,True,Mobile,2025-03-08 18:24:16,2025-04-29 14:49:07
1864,Joel Rogers,teresa17@example.com,44,45-54,Female,False,True,False,Mobile,2023-05-31 21:00:11,2023-10-07 20:35:00
1865,Brenda Phillips,kristendavis@example.net,50,18-24,Female,False,True,False,Desktop,2023-10-02 01:41:16,2025-04-22 18:18:12
1866,Brandon Marquez,bcase@example.com,36,25-34,Male,True,True,True,Desktop,2025-01-20 17:50:24,2025-08-20 17:48:24
1867,Felicia Matthews,tbrown@example.com,16,35-44,Prefer not to say,False,True,False,Mobile,2022-09-05 19:22:04,2023-02-20 13:44:07
1868,Ashley Spencer,nathan05@example.com,20,55-64,Male,True,False,True,Desktop,2024-10-05 07:03:47,2025-03-13 07:26:57
1869,Brenda Richard,tyler09@example.org,11,25-34,Male,False,True,True,Mobile,2024-12-26 04:52:41,2025-02-08 16:16:57
1870,Colleen Padilla,robert07@example.org,15,18-24,Male,True,True,False,Mobile,2025-08-05 17:18:34,2025-08-11 21:32:04
1871,Julie Thompson,samanthacarr@example.net,24,65+,Male,False,True,False,Desktop,2022-10-23 20:20:54,2023-03-28 09:09:06
1872,John Pearson,eugenegreen@example.com,40,55-64,Male,True,True,True,Mobile,2025-05-23 19:25:45,2025-07-19 20:14:42
1873,James Peck,adam10@example.com,10,35-44,Female,True,True,False,Desktop,2022-12-03 21:17:58,2023-05-02 15:16:49
1874,Amy Wilson,theresa92@example.com,8,18-24,Female,False,False,True,Mobile,2025-08-12 14:35:21,2025-10-31 10:48:58
1875,Angelica Lopez,adkinsbradley@example.com,7,25-34,Male,True,False,True,Tablet,2025-05-24 08:37:23,2025-06-15 20:31:32
1876,Amy Hudson,bradleyford@example.com,10,25-34,Male,False,True,True,Desktop,2022-11-15 20:29:10,2025-05-22 09:24:01
1877,John Escobar,wileyaudrey@example.com,29,18-24,Male,True,True,True,Desktop,2024-04-10 12:29:29,2025-06-01 08:22:04
1878,Robert Thomas,jgutierrez@example.net,15,35-44,Female,True,True,True,Mobile,2024-02-25 20:48:41,2024-09-27 14:41:48
1879,Kurt Ramirez,amiranda@example.net,5,55-64,Female,True,True,True,Mobile,2022-10-26 16:49:11,2025-07-04 21:18:52
1880,Tammy Madden,lindashepherd@example.org,44,35-44,Prefer not to say,False,True,True,Desktop,2022-05-04 08:11:21,2024-08-05 09:48:25
1881,Amanda Cook,michaelhoffman@example.net,29,45-54,Male,True,True,True,Tablet,2022-10-26 23:28:26,2025-03-27 12:08:00
1882,Steven Lewis,samuel83@example.com,31,35-44,Male,True,True,True,Tablet,2023-07-19 08:21:13,2025-03-12 19:58:25
1883,Jennifer Nelson,bwilliams@example.com,45,18-24,Male,False,True,True,Tablet,2025-05-04 16:30:38,2025-06-07 05:57:42
1884,Whitney Macdonald DVM,amyponce@example.com,16,25-34,Male,True,True,False,Mobile,2022-09-29 09:03:44,2024-07-02 10:23:49
1885,Dr. Tracy Evans,amberrivera@example.org,39,55-64,Male,True,True,True,Tablet,2025-01-24 14:36:26,2025-05-28 19:57:20
1886,Anthony Ward,michael56@example.org,39,55-64,Female,True,True,True,Mobile,2023-09-16 19:26:28,2024-09-14 06:30:32
1887,Linda Fernandez,rachel51@example.org,17,18-24,Male,True,True,False,Desktop,2022-10-16 17:55:01,2023-05-15 09:50:33
1888,Mary Greene,corymiller@example.org,10,35-44,Male,True,True,True,Desktop,2023-11-22 19:11:03,2025-05-02 19:11:41
1889,Kyle Parks,markphillips@example.com,50,25-34,Female,True,True,True,Tablet,2023-10-10 12:07:31,2024-11-17 07:10:03
1890,Carol Johnson,samantha54@example.net,28,65+,Male,True,True,True,Mobile,2024-08-12 12:35:14,2024-09-07 04:11:06
1891,Dr. Mary White DVM,monica00@example.org,18,25-34,Male,True,True,True,Mobile,2025-08-08 19:36:50,2025-11-04 16:06:56
1892,Amber Flores,jason25@example.net,14,55-64,Male,False,True,False,Desktop,2025-04-18 21:28:29,2025-10-18 21:48:01
1893,Steven Morgan,fcampbell@example.org,27,55-64,Male,False,True,True,Mobile,2024-08-18 19:02:18,2025-05-29 17:13:11
1894,Julie Pierce,jeanette95@example.net,28,65+,Female,True,True,True,Tablet,2024-12-06 21:28:10,2025-08-26 17:50:28
1895,Andrea Smith,rroberts@example.net,23,45-54,Female,False,True,False,Mobile,2022-02-09 12:59:20,2022-12-29 09:10:56
1896,Christina Merritt,smithmichael@example.org,32,25-34,Female,True,True,False,Mobile,2022-10-30 19:14:08,2023-10-12 13:10:48
1897,Melissa Wolf,joneskevin@example.net,28,18-24,Female,False,True,True,Mobile,2025-05-13 11:03:19,2025-08-13 23:36:52
1898,Gabrielle Gilbert DVM,michael35@example.net,38,35-44,Female,True,True,True,Mobile,2025-06-26 13:10:35,2025-12-07 18:22:13
1899,Benjamin Brown,khudson@example.org,48,35-44,Male,True,False,True,Tablet,2024-03-04 15:34:27,2024-06-07 10:00:26
1900,Thomas Holloway,jonespaul@example.com,11,35-44,Male,False,False,False,Desktop,2024-06-20 01:45:59,2025-01-21 07:53:54
1901,Dana Mendoza,heather23@example.net,37,65+,Female,True,True,False,Mobile,2023-10-31 21:15:39,2023-12-04 03:16:34
1902,Michael Downs,andrewlong@example.com,10,55-64,Female,False,True,False,Mobile,2022-09-29 08:00:10,2025-06-20 09:04:02
1903,Garrett Robinson,maria17@example.org,46,45-54,Male,False,True,False,Tablet,2023-06-12 18:46:14,2025-07-28 23:18:21
1904,James Mitchell,lmedina@example.net,16,25-34,Male,False,True,True,Desktop,2025-10-10 09:50:13,2025-10-30 18:48:49
1905,Michaela Hernandez,kylechase@example.org,48,35-44,Female,True,True,False,Desktop,2022-03-27 08:51:34,2022-12-05 02:36:47
1906,Maria Stafford,kellyadam@example.net,49,35-44,Male,False,True,True,Mobile,2022-01-22 07:56:37,2025-02-15 06:49:21
1907,Adrian Tanner,davisphilip@example.org,30,25-34,Male,True,False,True,Tablet,2024-02-17 08:15:31,2024-11-19 12:04:30
1908,Steven Cook,kcook@example.net,29,25-34,Prefer not to say,True,True,True,Mobile,2025-01-16 20:17:41,2025-08-09 07:13:57
1909,Keith Lopez,brittneywatkins@example.com,9,65+,Female,True,True,False,Tablet,2025-01-10 19:06:30,2025-07-13 12:46:25
1910,Ryan Barnes,lauradyer@example.org,10,45-54,Female,True,True,False,Mobile,2023-03-13 18:25:16,2024-04-14 12:57:57
1911,David Lucero,nealdavid@example.com,18,25-34,Male,True,True,True,Desktop,2023-10-03 00:37:10,2024-07-13 18:56:34
1912,Courtney Walton,whiteryan@example.org,18,25-34,Female,True,True,True,Tablet,2022-06-10 19:55:21,2025-04-03 11:20:06
1913,Carolyn Gomez,boydrenee@example.net,30,45-54,Male,True,True,False,Desktop,2022-05-19 20:33:54,2025-03-22 13:58:37
1914,Brian Rodriguez,xlewis@example.com,17,45-54,Female,False,True,True,Mobile,2022-01-06 21:09:05,2023-06-16 15:15:45
1915,Emily Brady,sjackson@example.org,3,35-44,Female,False,True,True,Mobile,2024-02-09 19:00:19,2024-04-04 20:30:31
1916,Nicole Mejia,timothycannon@example.net,7,25-34,Female,True,True,False,Tablet,2023-06-19 20:37:37,2024-10-01 23:27:22
1917,Jaime Bender,znolan@example.net,41,35-44,Female,False,True,False,Tablet,2024-04-24 10:27:17,2024-08-31 06:33:21
1918,Anthony Davis,garywebster@example.org,31,18-24,Female,True,True,True,Mobile,2023-01-22 08:49:20,2025-11-04 19:45:50
1919,Edward Anderson,derekdougherty@example.org,50,45-54,Male,True,True,True,Tablet,2022-01-02 18:49:10,2022-09-15 11:59:13
1920,Mr. Daniel Anderson,jonesterri@example.com,35,25-34,Female,True,True,True,Desktop,2022-12-19 08:11:55,2023-10-17 11:48:06
1921,Megan Fitzgerald,andersoncynthia@example.org,12,45-54,Male,False,True,True,Desktop,2024-03-18 13:35:26,2025-06-13 08:48:16
1922,Samuel Anderson,ijimenez@example.net,1,45-54,Female,True,True,True,Mobile,2023-01-23 06:36:36,2025-02-16 08:00:50
1923,Amanda Frank,wesleybutler@example.org,4,65+,Male,True,True,False,Tablet,2025-05-10 13:00:16,2025-07-02 21:57:21
1924,William Brown,sarahgonzales@example.com,49,18-24,Male,True,True,True,Mobile,2023-07-24 04:45:14,2024-07-04 18:03:47
1925,Joshua Anderson,suttondenise@example.net,25,55-64,Female,True,True,True,Desktop,2023-05-13 08:53:29,2025-09-14 07:37:14
1926,Veronica Jones,nicholas90@example.org,44,45-54,Female,True,False,False,Desktop,2022-05-06 14:02:20,2024-10-22 12:25:07
1927,Tony Johnson,meganharmon@example.com,1,35-44,Male,True,True,True,Desktop,2024-03-25 09:45:33,2025-11-17 19:22:00
1928,Keith Solis,sheilabarnes@example.org,13,55-64,Male,True,True,True,Tablet,2022-04-04 18:54:14,2023-09-08 19:13:55
1929,Isabella Randall,wstevens@example.org,7,25-34,Male,False,True,False,Desktop,2023-12-03 07:27:19,2024-08-31 08:12:45
1930,Angela Hunt,dcox@example.com,31,65+,Female,False,True,False,Desktop,2023-06-21 08:30:42,2025-03-17 21:33:23
1931,Elizabeth Johnson,mmyers@example.net,28,55-64,Male,False,True,True,Mobile,2024-03-24 18:11:39,2025-07-28 23:52:17
1932,Latoya Cooper,deborah62@example.com,13,25-34,Female,True,True,True,Desktop,2023-03-05 23:53:54,2025-04-25 14:39:36
1933,Jeffrey Flowers,phillipsdylan@example.org,15,25-34,Male,True,True,False,Tablet,2022-09-23 10:49:17,2025-06-17 06:31:10
1934,Nancy Everett,joseph21@example.net,19,45-54,Male,True,True,True,Tablet,2025-01-04 10:36:48,2025-08-21 23:10:22
1935,Amanda Moss,singhsarah@example.org,28,45-54,Male,True,False,True,Desktop,2023-12-22 17:17:44,2024-12-27 14:12:33
1936,Michelle Barrett,mbaker@example.net,48,65+,Male,True,True,True,Tablet,2024-06-13 09:55:21,2025-07-16 18:20:30
1937,Vincent Hays,ldickson@example.com,31,35-44,Male,True,True,False,Tablet,2023-04-20 17:53:51,2023-12-08 03:49:14
1938,David Avery,lambjohn@example.org,34,25-34,Male,True,True,True,Desktop,2024-07-21 13:06:18,2025-01-23 09:32:58
1939,Kathryn Johnson,mitchell76@example.net,27,55-64,Male,False,True,True,Mobile,2024-09-15 20:54:22,2025-02-28 21:16:57
1940,Jesse Matthews,jennifer53@example.com,34,45-54,Female,False,True,True,Tablet,2024-02-28 11:19:56,2024-08-22 19:33:23
1941,Wendy Nelson,mvelazquez@example.net,22,18-24,Male,False,True,True,Mobile,2025-09-14 08:53:07,2025-10-24 01:33:19
1942,Taylor Martinez,matthewwood@example.net,3,25-34,Male,True,True,True,Mobile,2023-06-19 11:48:56,2025-06-22 13:21:57
1943,Ryan Montgomery,william52@example.com,26,35-44,Female,False,True,True,Tablet,2024-09-03 02:30:41,2024-09-06 13:13:01
1944,Laura Sanders,pwhite@example.org,42,25-34,Male,True,True,True,Tablet,2024-04-13 09:26:56,2024-10-27 21:58:36
1945,Jacob Love,bakerpaul@example.com,3,25-34,Female,True,True,False,Mobile,2023-09-27 13:13:32,2025-11-29 20:43:38
1946,Joshua Gonzalez,shelleyvelasquez@example.com,31,65+,Male,False,True,True,Mobile,2022-03-15 19:44:39,2024-09-15 21:32:48
1947,Robert Chavez,xrobinson@example.com,8,45-54,Male,True,True,False,Mobile,2024-12-22 20:40:19,2025-11-04 17:08:53
1948,Alicia Ferguson,simpsonalyssa@example.com,26,25-34,Female,False,True,True,Tablet,2022-11-13 17:25:43,2025-11-01 19:01:26
1949,Jacob Dunn,hendricksangela@example.com,38,25-34,Female,False,True,False,Tablet,2025-07-10 21:00:30,2025-08-01 08:51:37
1950,Diana Kemp,gsmall@example.com,21,65+,Female,False,True,True,Tablet,2022-08-07 22:31:07,2023-10-25 17:26:44
1951,Meghan Williams,klee@example.net,40,25-34,Male,True,True,False,Tablet,2022-12-30 21:00:34,2025-06-29 13:53:19
1952,Jennifer Peterson,jeffreywallace@example.com,50,25-34,Male,True,True,False,Mobile,2025-07-30 16:42:15,2025-10-31 23:05:43
1953,Jennifer Lee,rodriguezrhonda@example.net,2,65+,Female,True,True,True,Mobile,2022-07-04 09:49:36,2023-12-27 18:26:28
1954,Heather Hernandez,erandolph@example.org,36,65+,Female,True,True,False,Tablet,2025-03-03 00:16:38,2025-11-23 16:17:14
1955,Mary Williams,mccalltimothy@example.net,30,45-54,Male,True,False,True,Tablet,2025-07-21 08:55:44,2025-09-13 19:47:04
1956,Francisco Bates,davidjohnson@example.com,22,55-64,Female,False,True,False,Mobile,2022-09-07 11:41:17,2023-02-06 18:43:07
1957,Patricia Robinson,orice@example.net,47,45-54,Female,True,True,True,Desktop,2022-11-14 11:54:16,2024-08-21 21:37:58
1958,Christina Gonzalez,michael28@example.com,27,45-54,Male,False,True,True,Tablet,2022-05-02 20:07:30,2025-12-06 06:38:09
1959,Charlotte Barber,wbowers@example.org,30,25-34,Male,True,False,True,Tablet,2022-09-04 04:40:57,2025-01-14 21:54:04
1960,Steven Hopkins,reneehernandez@example.org,49,65+,Female,True,True,True,Tablet,2024-10-03 21:18:53,2025-11-30 10:33:20
1961,Michael Lee,aaroncox@example.com,18,18-24,Male,True,False,False,Tablet,2024-06-14 22:36:11,2025-08-11 18:29:40
1962,Courtney Gomez,jeremysimmons@example.net,31,35-44,Male,True,True,False,Mobile,2024-08-24 18:57:24,2025-09-23 21:10:51
1963,Terry Arnold,lwilliams@example.com,27,25-34,Female,True,True,True,Tablet,2023-05-05 18:29:03,2023-06-07 18:51:11
1964,Jonathan Moore,patrickgarcia@example.com,44,55-64,Female,True,True,False,Desktop,2024-04-29 11:41:11,2025-08-10 18:21:33
1965,Ryan Colon,patriciagrant@example.net,24,25-34,Female,True,False,True,Mobile,2022-06-24 20:59:42,2023-11-09 08:10:42
1966,Scott Wade,wleblanc@example.com,37,35-44,Female,False,True,True,Tablet,2024-06-03 13:15:00,2024-09-13 08:58:17
1967,Curtis Ramos,david33@example.net,25,25-34,Female,False,True,True,Mobile,2024-01-18 20:00:08,2024-07-16 21:18:15
1968,Michael Smith,websterkelly@example.org,35,55-64,Female,False,True,True,Mobile,2025-10-06 19:27:16,2025-10-15 15:05:44
1969,Kylie Love,gregorymullen@example.com,33,35-44,Male,False,True,False,Mobile,2023-04-30 21:52:44,2025-12-05 09:56:57
1970,Wendy Morgan,diana63@example.net,9,25-34,Male,True,True,False,Tablet,2022-03-21 15:17:45,2022-11-25 12:09:12
1971,Andrea Holland,nelsongabriela@example.com,37,55-64,Other,False,True,True,Tablet,2025-01-10 12:37:04,2025-06-21 08:37:19
1972,Michael Perez,kelsey85@example.org,11,65+,Female,True,True,True,Desktop,2023-01-21 05:16:11,2025-06-15 18:24:11
1973,James Morales,hicksjustin@example.com,23,25-34,Prefer not to say,False,False,False,Mobile,2022-01-19 22:36:37,2024-08-17 13:12:57
1974,Jacob Brown,krystal05@example.com,16,25-34,Female,False,False,True,Tablet,2022-11-17 17:47:38,2025-06-04 20:46:35
1975,Mark Jones,pattersonjennifer@example.org,50,35-44,Male,True,True,True,Desktop,2022-12-18 14:31:28,2023-03-07 18:23:58
1976,Erin Nelson,johnstonnicholas@example.org,34,45-54,Other,True,True,True,Mobile,2022-04-19 21:52:15,2025-02-05 07:12:38
1977,Robert Brown PhD,andrewjackson@example.org,43,45-54,Female,True,True,False,Mobile,2024-04-06 03:57:04,2025-01-09 09:03:41
1978,Kathleen Taylor,hernandezcharles@example.org,3,55-64,Female,True,True,True,Mobile,2024-07-21 22:19:47,2024-08-26 18:14:54
1979,Travis Powell,ksullivan@example.net,35,35-44,Male,True,True,True,Tablet,2024-03-10 16:36:31,2025-07-07 10:57:40
1980,Steven Hall,davidpearson@example.net,19,65+,Male,False,True,True,Mobile,2023-10-26 11:10:47,2023-12-22 20:44:08
1981,Kenneth Moreno,awong@example.com,28,35-44,Female,True,False,True,Tablet,2024-12-05 09:53:14,2025-05-26 03:59:31
1982,Mark Armstrong,james91@example.net,35,65+,Other,True,False,True,Tablet,2022-11-28 12:58:36,2024-11-06 22:52:49
1983,Troy Powers,hunter12@example.org,41,65+,Male,True,True,True,Tablet,2024-12-13 07:00:05,2025-04-12 15:23:15
1984,Alexander Bailey,snelson@example.net,47,45-54,Female,False,True,True,Desktop,2022-08-10 10:30:09,2024-07-26 20:41:58
1985,Adam Williams,roberthoffman@example.com,43,25-34,Female,True,True,True,Desktop,2024-06-14 14:07:45,2025-08-26 08:14:04
1986,Kathleen Evans,twatkins@example.org,4,25-34,Male,True,True,False,Mobile,2023-03-05 15:12:41,2024-09-08 08:31:22
1987,Jessica Ewing,michaela00@example.com,47,18-24,Male,True,True,True,Desktop,2023-08-11 19:53:39,2024-01-30 19:37:38
1988,Curtis Chapman,kproctor@example.com,29,25-34,Female,False,True,True,Tablet,2022-12-08 19:51:18,2023-11-20 21:19:17
1989,Brian Reid,derrick63@example.com,5,65+,Female,True,True,True,Tablet,2024-05-12 22:26:55,2025-11-23 08:14:20
1990,Michelle White,daniel82@example.com,36,55-64,Other,True,True,False,Mobile,2022-10-16 06:30:40,2024-12-27 03:58:44
1991,William Castaneda,sabrina98@example.net,13,65+,Male,False,True,True,Mobile,2023-08-02 21:37:22,2024-01-27 07:22:24
1992,Douglas Sandoval,kennethrivera@example.com,7,25-34,Female,True,True,True,Tablet,2024-12-04 10:34:47,2025-07-22 06:47:51
1993,Daniel Fletcher,connerkevin@example.org,42,35-44,Male,True,True,True,Mobile,2025-05-08 11:38:42,2025-12-02 07:25:03
1994,Nicole Sanchez,joshua74@example.org,2,65+,Male,False,True,True,Mobile,2023-07-08 19:20:57,2025-10-11 10:34:17
1995,Alan Blake,dustinwilliams@example.com,50,25-34,Female,False,True,True,Tablet,2024-03-15 20:01:43,2024-09-03 08:24:25
1996,Misty Robinson,cory21@example.org,2,45-54,Female,True,True,True,Tablet,2023-12-02 17:43:17,2024-03-06 18:44:47
1997,Antonio Thompson,egill@example.com,39,25-34,Male,True,True,True,Mobile,2025-10-27 10:57:24,2025-12-03 09:27:45
1998,Dustin Mckinney,ewood@example.net,33,65+,Female,False,True,True,Tablet,2023-02-26 22:38:29,2025-07-16 10:54:01
1999,Adam Turner,ycharles@example.org,11,18-24,Female,True,True,True,Tablet,2022-07-04 19:38:35,2025-03-09 15:02:38
2000,Samantha Thomas,daniel13@example.net,6,18-24,Female,False,True,True,Mobile,2022-07-27 20:40:56,2024-08-20 23:55:14
2001,Henry Mann,llee@example.com,11,55-64,Male,True,True,False,Mobile,2025-04-23 10:17:35,2025-07-10 10:03:21
2002,Kristi Jordan,livingstonchelsea@example.org,2,25-34,Female,True,True,True,Desktop,2024-05-28 10:29:51,2025-09-15 19:10:09
2003,David Murphy,ewalker@example.org,4,55-64,Female,True,True,True,Mobile,2023-01-01 12:17:18,2024-01-24 14:44:50
2004,Daniel Zamora,mariamoore@example.net,40,35-44,Female,True,True,False,Desktop,2025-07-31 06:48:04,2025-10-14 09:47:04
2005,Eric Carter,richard10@example.com,45,45-54,Male,True,True,True,Tablet,2024-11-02 23:08:55,2024-11-15 12:15:20
2006,Kathy Steele,iharrington@example.org,32,55-64,Female,True,False,True,Mobile,2022-11-21 11:47:34,2024-04-08 10:08:23
2007,Marilyn Page DVM,patrick90@example.org,26,25-34,Female,True,True,True,Tablet,2022-02-15 10:52:03,2025-02-26 12:02:25
2008,Valerie Kim,caleb43@example.org,35,35-44,Male,True,True,True,Mobile,2025-05-24 07:40:27,2025-10-05 10:00:39
2009,Darryl Bauer,stacey22@example.net,9,18-24,Male,True,True,False,Desktop,2023-02-27 05:47:15,2025-07-05 18:09:23
2010,Christopher Walton,jamesanderson@example.org,37,45-54,Male,True,True,False,Desktop,2024-05-02 17:44:38,2024-10-14 11:54:07
2011,Chad Morales,lewisnatalie@example.org,19,45-54,Male,True,True,False,Mobile,2024-05-22 04:55:29,2024-10-02 11:52:31
2012,Jeremy Gross,santiagoronald@example.com,19,65+,Male,True,True,True,Mobile,2022-01-31 10:47:35,2022-11-05 22:18:44
2013,Jeffery Parsons,karen53@example.net,14,25-34,Female,True,True,False,Mobile,2023-05-26 19:38:24,2025-06-25 11:22:33
2014,Anthony David,reneenavarro@example.net,32,45-54,Male,True,True,True,Desktop,2022-03-21 21:38:50,2023-04-04 19:09:07
2015,Allen Nelson,brandonfernandez@example.com,2,35-44,Male,False,True,True,Desktop,2024-12-12 07:26:53,2025-10-08 07:34:27
2016,Natalie Kidd,davisjennifer@example.org,33,25-34,Male,False,True,True,Mobile,2022-04-06 01:12:22,2025-11-07 20:04:23
2017,James Gonzales,qhendricks@example.net,21,35-44,Male,True,True,True,Desktop,2024-07-15 19:40:05,2024-09-21 13:51:06
2018,Ashley Lowery,qmorris@example.com,37,25-34,Female,False,True,True,Mobile,2025-05-20 10:13:15,2025-08-24 17:19:28
2019,Shannon Frost,hughesdanielle@example.org,38,18-24,Female,True,False,True,Tablet,2022-05-29 19:20:44,2025-03-13 22:58:29
2020,Michael Fuller,william12@example.org,20,55-64,Male,True,True,False,Tablet,2024-01-22 22:40:36,2025-10-20 16:27:47
2021,Rachael Cooper,schang@example.net,41,45-54,Male,True,True,False,Mobile,2023-03-20 09:56:20,2023-04-29 19:31:16
2022,Theresa Washington,shannonhammond@example.org,47,18-24,Male,False,True,True,Mobile,2022-12-23 20:15:47,2024-06-26 19:54:30
2023,William Wilson,cchurch@example.org,13,55-64,Male,False,True,True,Tablet,2025-01-16 08:38:23,2025-02-18 13:15:13
2024,Renee Newton,caldwellpatricia@example.org,12,55-64,Female,True,True,False,Desktop,2024-09-01 08:36:55,2025-12-06 13:16:02
2025,Doris Johnson,carmengomez@example.net,29,35-44,Male,False,True,False,Desktop,2023-09-28 11:55:37,2023-11-07 18:16:10
2026,Cassandra Flores,snydergerald@example.org,37,18-24,Female,True,True,True,Mobile,2025-09-21 18:02:08,2025-11-12 09:11:01
2027,Danielle Grant,frankward@example.com,43,18-24,Female,True,True,False,Desktop,2025-06-20 15:18:08,2025-12-05 08:19:31
2028,Michael Cohen,brittany63@example.org,45,25-34,Female,True,False,True,Tablet,2022-07-29 10:20:55,2022-12-15 06:53:17
2029,Christie Cherry,kevin04@example.net,2,18-24,Female,False,False,True,Mobile,2024-11-01 19:39:04,2024-11-01 08:14:07
2030,Tammy Smith,ksmith@example.org,10,65+,Female,True,True,False,Desktop,2025-03-22 09:48:27,2025-08-02 23:46:49
2031,Jordan Bailey,jake77@example.com,20,45-54,Male,False,True,True,Mobile,2025-04-18 21:32:44,2025-09-12 22:25:25
2032,Mark Clark,robert42@example.com,40,35-44,Male,True,True,False,Tablet,2024-05-22 09:51:02,2025-10-20 10:20:10
2033,Caitlin Howard,andresmiller@example.com,32,25-34,Female,False,True,False,Tablet,2025-07-12 15:45:19,2025-09-23 19:08:57
2034,Brandi Valdez,edwardmitchell@example.org,1,55-64,Male,True,True,True,Desktop,2023-05-04 08:29:26,2023-07-23 08:36:59
2035,Jennifer Williams,leslie96@example.org,26,55-64,Female,False,True,True,Desktop,2023-03-28 08:32:42,2025-08-02 23:40:54
2036,Brittany Ortiz,elizabeth20@example.com,34,65+,Prefer not to say,True,True,True,Tablet,2023-09-02 10:38:31,2024-09-22 18:13:06
2037,Jose Lucas,colton31@example.org,5,25-34,Female,True,True,False,Desktop,2023-06-12 20:45:17,2024-04-14 20:38:50
2038,Dominic Ferguson,janetmoore@example.net,43,25-34,Female,False,True,True,Mobile,2024-07-04 20:00:55,2025-08-10 10:44:51
2039,Ronald Casey,kara81@example.net,7,25-34,Female,False,False,False,Mobile,2022-04-28 19:37:16,2025-05-30 21:06:08
2040,Jason Porter,aevans@example.org,22,25-34,Male,True,True,True,Tablet,2023-06-06 18:58:06,2023-10-25 10:18:35
2041,Justin Brown,vanessa20@example.org,38,65+,Female,True,True,True,Tablet,2024-12-04 19:58:56,2025-01-14 08:58:12
2042,Suzanne Jimenez,usanchez@example.net,32,18-24,Female,True,True,False,Mobile,2025-01-16 08:25:45,2025-03-16 14:32:44
2043,James Bautista,xcurry@example.net,43,35-44,Female,True,True,True,Mobile,2023-04-03 13:41:34,2025-03-30 18:03:21
2044,Edward White,jennifergraham@example.org,24,35-44,Male,False,True,False,Desktop,2022-06-16 23:12:44,2023-12-24 19:36:41
2045,Michael Williams,cherylpatel@example.org,29,45-54,Female,False,True,False,Mobile,2022-09-08 11:48:43,2023-04-26 10:27:43
2046,Sheryl Barton,davismichelle@example.com,13,25-34,Male,False,True,False,Desktop,2023-01-29 22:54:39,2024-06-22 21:28:09
2047,Linda Austin,pearsonwillie@example.org,23,65+,Female,True,True,True,Desktop,2022-08-03 06:25:08,2025-02-23 00:26:20
2048,Shaun Henderson,mclaughlinjulie@example.net,23,55-64,Male,False,True,True,Desktop,2022-06-05 19:33:25,2024-05-13 10:48:48
2049,Nicole Ryan,amylopez@example.org,27,55-64,Female,True,True,True,Desktop,2022-01-03 00:03:24,2022-01-10 16:21:33
2050,Christopher Sanchez,andreasmith@example.com,20,25-34,Female,True,True,True,Mobile,2022-01-06 11:20:06,2024-07-03 08:57:16
2051,Robert Jackson,brownraymond@example.net,35,65+,Male,False,True,False,Mobile,2024-02-13 20:53:12,2024-05-31 08:26:58
2052,Taylor Hodge,meganhaney@example.org,3,55-64,Male,False,True,True,Tablet,2023-08-28 19:28:01,2025-07-19 22:26:12
2053,Megan Andrade,jasonwebb@example.net,4,35-44,Female,True,False,False,Desktop,2025-05-18 13:11:02,2025-08-31 20:21:46
2054,Mark Daniels,dthompson@example.org,50,35-44,Male,True,True,False,Tablet,2022-04-27 19:13:17,2023-07-17 18:00:37
2055,Ashley Dudley,ericwagner@example.org,18,18-24,Male,True,True,True,Mobile,2022-12-13 21:08:53,2024-08-10 10:09:35
2056,Annette Fernandez,michaellopez@example.net,32,25-34,Female,False,True,True,Tablet,2022-10-09 14:22:48,2023-06-28 20:48:44
2057,Erika Pace,sullivanpaula@example.com,38,55-64,Female,True,True,True,Mobile,2024-04-19 22:36:16,2025-09-18 19:56:21
2058,Mark Wood,adamnolan@example.net,3,55-64,Other,True,True,False,Mobile,2023-06-24 19:16:17,2025-02-01 08:55:51
2059,Danielle Jones,stuartwallace@example.com,13,55-64,Male,True,True,True,Desktop,2024-01-02 10:17:39,2025-09-03 20:01:29
2060,Heather Watkins,amberevans@example.net,8,45-54,Male,False,True,False,Tablet,2022-06-13 14:34:27,2025-09-01 13:39:23
2061,Mike Dennis,sbennett@example.com,47,18-24,Female,False,True,True,Tablet,2023-11-27 15:10:12,2025-05-30 00:33:48
2062,Heather Gallegos,marioharris@example.net,42,45-54,Male,False,True,True,Tablet,2024-01-17 20:17:06,2025-07-03 17:10:15
2063,Gwendolyn Walker,emily07@example.net,27,55-64,Male,True,True,False,Mobile,2023-12-11 16:45:39,2025-01-29 19:10:29
2064,Alison Adams,nthomas@example.com,43,65+,Female,True,True,False,Mobile,2023-02-21 19:24:25,2023-07-11 08:37:13
2065,Phillip Andrews,jwashington@example.org,25,55-64,Female,True,True,True,Mobile,2023-08-15 14:32:09,2025-12-05 10:09:56
2066,Michael Scott,gina94@example.com,10,25-34,Male,True,True,True,Mobile,2024-02-13 22:59:09,2025-03-18 09:29:46
2067,Lee Gordon,daniel73@example.com,3,45-54,Female,False,True,True,Tablet,2023-01-21 21:14:30,2025-10-26 19:36:03
2068,Christine Quinn,osbornkelly@example.net,18,55-64,Prefer not to say,True,True,True,Desktop,2025-03-19 16:40:28,2025-08-06 05:56:35
2069,Ricky Jackson,uliu@example.org,35,35-44,Female,False,True,True,Mobile,2024-01-17 12:20:20,2024-07-20 09:33:04
2070,James Woodward,sanderskelly@example.net,38,25-34,Female,True,True,True,Desktop,2022-06-15 11:04:20,2025-07-24 14:03:35
2071,Debra Bass,abigail30@example.net,27,25-34,Male,True,True,True,Mobile,2025-06-15 20:13:32,2025-06-18 09:32:28
2072,Max Williams,itorres@example.net,41,55-64,Female,True,True,True,Tablet,2025-05-12 08:37:25,2025-09-13 19:11:07
2073,Roy Paul,tranrobert@example.org,42,25-34,Female,False,True,True,Mobile,2022-11-28 07:59:36,2024-09-20 18:34:33
2074,Jacob Smith,lewiserin@example.net,49,55-64,Female,False,True,True,Mobile,2022-01-21 18:31:00,2025-08-30 21:24:45
2075,Stephen Osborne,deanna05@example.com,39,55-64,Male,False,True,False,Desktop,2023-07-01 15:09:37,2025-03-01 17:24:35
2076,Cheryl Gonzales,ryan90@example.net,46,25-34,Male,True,True,True,Tablet,2023-02-14 18:38:57,2024-09-13 13:02:15
2077,Martha Schmidt,robertday@example.org,23,45-54,Male,True,True,True,Mobile,2024-11-30 20:55:14,2025-11-12 23:12:21
2078,Jaime Watts,hallsamantha@example.com,22,25-34,Male,False,True,False,Mobile,2022-02-13 20:42:57,2024-07-16 21:06:20
2079,Teresa Long,elizabeth68@example.com,44,55-64,Male,True,True,True,Desktop,2025-08-21 11:41:05,2025-09-19 16:39:38
2080,Andrew Thomas,darrylkent@example.net,5,25-34,Female,True,False,True,Mobile,2025-02-19 11:32:34,2025-06-10 08:04:19
2081,Timothy Tate,sheilawhite@example.net,26,35-44,Male,True,True,False,Tablet,2024-04-15 22:41:50,2025-09-28 11:03:12
2082,Maria Phillips,greenkyle@example.com,29,45-54,Female,False,True,True,Desktop,2022-01-12 17:47:02,2022-12-16 17:28:56
2083,Jacqueline Walker,gnguyen@example.org,17,35-44,Male,False,True,False,Mobile,2023-03-01 20:40:17,2023-12-20 11:32:18
2084,Brad Taylor MD,jeffery29@example.org,2,18-24,Male,True,True,True,Desktop,2024-01-18 20:27:46,2024-08-22 21:19:52
2085,Cody Davis,noblekimberly@example.org,24,35-44,Female,True,True,True,Desktop,2022-01-05 15:13:55,2022-12-29 07:37:31
2086,Julie Moore,amanda83@example.net,14,45-54,Male,False,True,True,Tablet,2025-07-15 09:32:25,2025-10-20 22:49:47
2087,Kristen Jackson,george52@example.net,12,25-34,Male,False,True,True,Tablet,2023-04-30 19:41:10,2024-03-03 23:14:14
2088,Jonathan Burns,westbrian@example.org,2,65+,Female,True,True,False,Tablet,2025-04-17 19:34:15,2025-05-11 17:51:24
2089,Kyle Green,eparker@example.org,37,25-34,Male,True,True,True,Tablet,2024-01-11 09:11:46,2025-04-03 07:47:40
2090,Charles Gonzales,daniel71@example.com,11,18-24,Female,True,True,True,Desktop,2024-12-05 07:04:28,2025-08-01 00:00:10
2091,Julia Green,benjaminhall@example.net,18,45-54,Male,False,True,True,Tablet,2024-03-23 21:06:14,2025-06-09 20:19:53
2092,Daniel Miller,barkerjohn@example.net,9,35-44,Female,True,True,False,Mobile,2024-01-18 08:31:51,2024-06-20 13:01:47
2093,Timothy Palmer,lisahawkins@example.com,41,25-34,Female,True,True,True,Tablet,2023-12-31 22:49:59,2025-03-04 03:09:27
2094,Adam Wilcox,rwhite@example.org,29,35-44,Female,True,True,True,Mobile,2025-01-16 20:07:35,2025-06-24 21:26:24
2095,Jennifer Decker,saradaniel@example.com,12,55-64,Female,True,True,True,Tablet,2023-03-15 00:20:47,2023-07-15 12:15:17
2096,Jose Boyer,roger73@example.com,5,55-64,Male,True,True,True,Desktop,2025-02-10 19:14:17,2025-10-09 18:34:02
2097,John Newton,brittanysanders@example.org,29,45-54,Male,True,True,True,Desktop,2023-01-26 14:39:47,2024-03-03 02:30:55
2098,Breanna Jacobs,pamela64@example.com,23,18-24,Male,True,True,False,Mobile,2025-10-12 10:39:10,2025-10-26 09:49:54
2099,Alyssa Johnson,patelangela@example.com,16,35-44,Male,True,True,False,Desktop,2022-03-15 21:24:52,2024-05-28 05:35:24
2100,Sandra Sutton,frank18@example.net,23,35-44,Male,True,True,True,Desktop,2022-11-15 19:41:24,2022-12-04 21:40:21
2101,Carolyn Phillips,jill88@example.com,36,25-34,Other,False,True,True,Tablet,2023-07-28 20:19:38,2024-10-24 04:13:59
2102,Lisa Ellis,samuel85@example.com,19,65+,Male,True,True,True,Tablet,2024-05-16 23:53:59,2025-11-09 20:17:49
2103,Joseph Dougherty,kirbybrett@example.org,5,25-34,Male,True,True,True,Tablet,2023-04-05 09:00:19,2025-03-04 14:15:14
2104,Joshua Guerrero,wilkinskevin@example.net,8,25-34,Female,True,True,True,Desktop,2022-04-10 15:37:53,2025-01-06 08:22:05
2105,Stephanie Murray,karen84@example.com,38,25-34,Male,True,True,True,Mobile,2022-09-20 08:08:55,2024-09-08 19:18:00
2106,Rebecca Harris,khodges@example.net,7,45-54,Female,False,True,True,Mobile,2025-07-18 05:33:51,2025-11-16 12:03:03
2107,Clarence Robinson,clarkwesley@example.com,27,25-34,Male,False,True,True,Tablet,2025-10-23 10:04:16,2025-12-14 09:30:34
2108,David Andersen,fflowers@example.com,21,35-44,Male,False,True,True,Tablet,2025-04-02 13:02:39,2025-05-01 18:40:33
2109,Roberto Rojas,marthagriffin@example.net,43,25-34,Female,False,True,True,Tablet,2025-08-15 18:00:09,2025-09-25 21:52:37
2110,Jessica Henderson,jeffreymccormick@example.org,4,25-34,Female,False,False,False,Desktop,2022-03-07 19:00:25,2023-05-16 03:11:12
2111,Kimberly Smith,awoodward@example.net,11,25-34,Male,True,True,True,Desktop,2024-05-28 21:01:43,2025-06-03 10:53:08
2112,Paul Martinez,kristinmiller@example.org,37,18-24,Male,False,True,True,Tablet,2023-03-22 03:20:04,2023-07-26 09:47:37
2113,Victoria Parker,michael36@example.org,3,65+,Male,False,True,False,Mobile,2025-09-02 15:08:08,2025-10-27 21:17:02
2114,Joseph Garcia,williamsmark@example.org,40,45-54,Female,True,True,True,Mobile,2024-03-13 11:08:41,2025-05-30 02:42:47
2115,Benjamin Cooper,wharris@example.com,12,35-44,Female,True,True,True,Tablet,2023-02-23 09:06:12,2025-02-25 09:11:23
2116,Gregory Le,ncarroll@example.com,9,25-34,Male,True,True,True,Desktop,2022-07-15 09:53:55,2024-01-15 12:18:21
2117,Lori Stephens,odavis@example.com,28,25-34,Male,True,True,False,Mobile,2022-12-05 12:00:11,2024-10-19 10:32:27
2118,Shannon Hoover,brendacarroll@example.com,16,25-34,Female,True,True,True,Mobile,2023-09-23 13:29:40,2024-04-10 18:40:57
2119,Dylan Long,kellermary@example.org,25,65+,Male,False,True,True,Desktop,2023-05-01 11:53:49,2025-08-19 06:44:11
2120,Christopher Wheeler,vortiz@example.org,41,35-44,Female,True,True,True,Desktop,2023-10-22 20:24:10,2024-03-12 11:15:55
2121,David Jones,gjones@example.net,19,55-64,Female,False,False,True,Tablet,2023-02-17 09:25:54,2024-08-07 17:23:10
2122,Madison Harris,robert40@example.com,45,45-54,Male,False,False,True,Desktop,2025-10-29 10:14:21,2025-11-19 08:37:44
2123,Kimberly Taylor,alanthomas@example.com,49,65+,Female,True,True,True,Mobile,2025-09-09 19:09:18,2025-09-12 08:58:45
2124,Shelia Baker,erica71@example.net,13,45-54,Female,True,True,False,Desktop,2022-10-19 08:29:55,2023-03-22 18:59:26
2125,Daniel Smith,candrews@example.com,37,18-24,Female,True,True,True,Desktop,2024-11-22 12:21:32,2025-02-19 19:15:42
2126,Sylvia Dalton,hudsonglen@example.net,35,55-64,Male,True,False,False,Tablet,2023-11-24 17:15:39,2024-06-06 18:56:48
2127,Jordan Nelson,karen51@example.net,45,35-44,Male,True,True,True,Desktop,2024-12-04 06:25:57,2025-03-18 20:41:12
2128,Paul Chavez,rmartinez@example.org,7,25-34,Female,False,False,False,Mobile,2022-11-28 05:44:10,2025-06-10 20:49:00
2129,Toni Galloway,toddmary@example.com,8,18-24,Male,True,True,True,Desktop,2022-01-30 17:08:24,2025-10-30 19:36:13
2130,Eric Clark,hunterjamie@example.com,10,45-54,Prefer not to say,True,True,False,Desktop,2024-12-21 20:28:25,2025-09-21 09:41:17
2131,Courtney Young,ecampbell@example.com,30,18-24,Female,False,True,False,Mobile,2023-09-13 19:13:58,2025-05-20 20:38:06
2132,Adam Smith,mcmahonmichael@example.net,6,65+,Male,True,True,True,Desktop,2022-01-20 09:52:36,2023-01-12 09:54:42
2133,Charlotte Anderson,michaelcobb@example.org,27,45-54,Female,True,True,True,Mobile,2025-03-01 17:05:39,2025-11-08 13:43:01
2134,Shannon Hall,carrjennifer@example.com,2,18-24,Female,True,True,False,Mobile,2025-07-16 22:06:10,2025-07-26 11:49:36
2135,Douglas Smith,tnorris@example.com,14,35-44,Female,False,True,True,Tablet,2023-09-22 20:05:12,2024-01-09 09:17:17
2136,Zachary Allen,browntimothy@example.net,35,55-64,Male,False,False,False,Desktop,2022-05-20 09:50:06,2023-02-24 09:52:36
2137,Brianna Hill,ujohnson@example.net,6,18-24,Male,True,True,True,Tablet,2023-03-10 17:02:04,2025-10-30 23:58:34
2138,David Mahoney,lharris@example.com,11,55-64,Male,True,True,True,Desktop,2024-02-20 06:01:03,2024-05-30 20:41:57
2139,Charles Roberts,marisa32@example.com,5,55-64,Female,True,True,False,Mobile,2022-04-20 22:25:58,2024-02-11 17:02:47
2140,Amanda Torres,ygarcia@example.org,17,55-64,Prefer not to say,True,True,True,Tablet,2022-05-20 09:57:47,2024-04-15 22:19:35
2141,Joan Delgado,villaedward@example.org,7,25-34,Female,True,True,True,Tablet,2022-03-12 15:42:06,2022-03-28 14:59:37
2142,Jeanne Lang,chadward@example.com,46,18-24,Female,False,True,False,Desktop,2022-02-14 21:50:31,2023-05-29 07:56:08
2143,John Jacobs,browntroy@example.org,36,55-64,Male,True,True,True,Tablet,2025-09-02 21:42:55,2025-11-01 00:59:33
2144,Allison Murray,wdavis@example.org,50,65+,Male,True,True,True,Desktop,2023-04-12 10:08:58,2025-05-31 15:44:04
2145,Dan Hess,paulthomas@example.org,6,18-24,Female,True,False,False,Desktop,2024-07-04 10:27:12,2024-10-02 17:15:35
2146,Alexander Colon,molly46@example.org,8,25-34,Female,True,True,False,Mobile,2024-07-05 07:36:18,2025-03-23 08:41:09
2147,Robert Brandt,dflowers@example.com,25,18-24,Female,False,True,False,Mobile,2025-10-29 10:26:38,2025-11-03 18:42:11
2148,Mrs. Courtney Turner,isaiahthomas@example.net,9,45-54,Male,False,True,False,Tablet,2023-03-05 20:31:47,2024-04-21 10:04:00
2149,Thomas Nelson,thomasjessica@example.net,23,35-44,Female,True,False,True,Mobile,2023-07-10 16:45:39,2023-11-15 09:33:58
2150,Rodney Salinas,yware@example.net,22,35-44,Male,True,True,True,Tablet,2024-10-18 03:06:37,2025-06-21 23:44:46
2151,Mario Stewart,sandraruiz@example.org,47,18-24,Male,True,True,True,Desktop,2022-02-01 10:09:54,2024-09-10 23:28:40
2152,Justin Waller,josephcooper@example.net,3,18-24,Female,True,True,False,Mobile,2024-06-30 03:24:55,2025-05-17 01:01:42
2153,Andrew Rodriguez,floressarah@example.net,12,25-34,Female,True,True,True,Mobile,2023-05-18 23:24:32,2024-10-07 18:26:55
2154,Kimberly Sullivan,jessica86@example.com,4,45-54,Prefer not to say,False,True,True,Mobile,2025-07-14 00:40:52,2025-07-28 12:34:38
2155,Veronica Craig,jasongray@example.org,8,25-34,Female,True,True,True,Mobile,2023-11-02 00:26:10,2024-09-28 09:46:07
2156,Jesus Johnson,samuelsandoval@example.org,21,55-64,Female,True,True,True,Mobile,2025-06-24 08:09:18,2025-09-19 01:17:30
2157,Eddie Mathis,christopherturner@example.org,29,45-54,Male,True,True,False,Mobile,2025-09-28 00:05:02,2025-10-06 19:35:17
2158,Taylor Mack,philliphayden@example.net,13,25-34,Female,True,True,False,Tablet,2023-07-19 11:01:52,2025-04-27 21:49:20
2159,David Fernandez,cnelson@example.net,19,18-24,Female,True,False,True,Mobile,2022-06-28 17:59:52,2023-03-04 01:59:27
2160,Jennifer Hill,earlfoley@example.org,35,18-24,Male,False,True,True,Tablet,2022-08-09 17:29:33,2023-05-10 09:08:59
2161,Katherine Mcmillan,michellehoward@example.com,49,18-24,Female,False,True,False,Desktop,2022-04-03 22:15:19,2022-11-14 06:21:55
2162,Antonio Smith,swright@example.net,41,18-24,Male,True,True,True,Tablet,2022-01-03 14:26:51,2022-10-30 14:46:56
2163,Brian Smith,martinezdavid@example.org,36,45-54,Other,True,True,True,Mobile,2024-09-26 09:24:14,2025-03-24 19:31:58
2164,Janice Mullins,loritaylor@example.com,46,35-44,Female,False,True,True,Tablet,2022-02-02 18:06:14,2025-10-12 20:39:46
2165,Megan Landry,nsingh@example.org,32,55-64,Female,True,True,True,Desktop,2022-10-09 01:52:21,2024-03-23 17:22:58
2166,Elizabeth Zhang,bendermichelle@example.net,28,35-44,Male,True,False,True,Tablet,2023-06-28 08:57:47,2024-10-28 00:26:38
2167,Andrew Johnson,gabrielle36@example.org,27,35-44,Male,False,True,False,Mobile,2023-08-18 12:24:04,2025-12-14 19:24:21
2168,Jeremy Noble,floreseileen@example.net,27,45-54,Male,True,True,True,Mobile,2025-05-30 12:09:28,2025-10-20 12:59:14
2169,Charles Berry,edward03@example.net,40,45-54,Female,False,True,True,Desktop,2024-06-22 18:32:17,2025-07-02 08:46:25
2170,Jack Nguyen,joshuajenkins@example.com,35,25-34,Male,False,False,True,Desktop,2022-12-30 21:11:20,2025-07-03 20:51:00
2171,Danielle Perkins,michelle67@example.org,9,25-34,Female,True,False,True,Mobile,2023-03-26 16:49:02,2025-10-19 10:29:45
2172,Debra Schneider,patrickjasmine@example.net,2,25-34,Female,True,True,True,Mobile,2024-09-28 11:21:20,2024-11-09 14:54:37
2173,Chad Walker,xcarlson@example.com,43,18-24,Female,True,True,True,Mobile,2025-06-27 11:03:15,2025-10-22 23:13:14
2174,Brenda Schmidt,crawfordhaley@example.org,34,25-34,Male,True,True,True,Desktop,2025-09-16 20:20:40,2025-09-29 16:51:08
2175,Wesley Jenkins,stephaniewalker@example.com,11,18-24,Male,True,True,True,Desktop,2023-10-17 08:56:44,2025-07-01 18:05:28
2176,Brandon Ingram,andrearivera@example.net,8,25-34,Male,True,True,True,Desktop,2022-01-25 06:29:34,2023-03-19 21:11:57
2177,Christopher Welch,michael04@example.net,23,45-54,Other,True,True,True,Mobile,2022-06-12 21:53:00,2023-11-30 12:08:52
2178,Amy Guzman,briansimmons@example.org,3,35-44,Female,True,True,True,Mobile,2025-04-26 10:49:52,2025-07-27 11:11:09
2179,Charles Miller,cummingsjulie@example.org,4,18-24,Female,True,True,True,Mobile,2022-03-17 11:14:31,2022-09-07 17:05:38
2180,Wanda Burton,belldavid@example.net,44,25-34,Female,True,True,False,Desktop,2022-10-08 12:11:53,2025-08-25 10:45:45
2181,Alexandra Moss,owalton@example.net,10,25-34,Male,False,True,False,Mobile,2025-06-19 00:28:37,2025-12-05 23:51:57
2182,Nicholas Arellano,diana27@example.com,35,45-54,Male,True,True,True,Mobile,2025-07-01 19:05:24,2025-11-03 18:29:29
2183,Roger Johnson,cookadam@example.com,23,25-34,Female,False,False,False,Desktop,2025-10-13 13:50:47,2025-12-05 07:18:48
2184,Dr. Ellen Bruce,jimmy86@example.org,12,45-54,Female,False,True,True,Tablet,2024-10-03 12:26:45,2025-09-17 12:03:22
2185,Todd Sherman,margaretbarnett@example.org,36,18-24,Female,False,True,True,Mobile,2023-11-19 08:05:52,2024-09-24 19:20:30
2186,Sarah Padilla,sdonovan@example.com,29,18-24,Female,True,True,True,Mobile,2023-07-06 06:07:25,2025-12-03 14:35:43
2187,Billy House,ahenson@example.net,10,18-24,Male,False,True,True,Tablet,2025-08-25 08:43:31,2025-11-28 07:22:37
2188,Marcus Kennedy,batesbelinda@example.net,10,45-54,Male,True,False,True,Desktop,2023-09-11 11:14:58,2025-08-18 15:05:18
2189,Timothy Drake,vincent74@example.org,45,18-24,Male,True,True,True,Desktop,2022-10-18 20:15:36,2022-11-04 19:36:58
2190,Daniel Brown,wkoch@example.com,14,18-24,Male,False,True,True,Tablet,2022-06-25 18:40:32,2023-07-27 21:24:39
2191,George Walsh,cassandra52@example.com,5,55-64,Male,True,True,True,Mobile,2024-02-06 16:51:43,2025-11-09 15:21:36
2192,James Vazquez,dawn11@example.org,23,25-34,Male,True,True,False,Mobile,2022-12-26 20:42:55,2025-04-26 03:24:51
2193,Kimberly Miller,stevensmith@example.net,18,25-34,Male,False,False,True,Desktop,2024-07-27 21:23:04,2025-06-01 20:31:11
2194,Kevin Roberts,jenniferrice@example.com,27,25-34,Male,True,True,True,Tablet,2023-08-24 18:20:59,2024-05-08 19:39:30
2195,Jared Green,reedcorey@example.org,41,18-24,Male,True,True,True,Desktop,2024-03-31 10:23:53,2024-12-17 07:19:26
2196,Shawn Collins,christopher23@example.org,44,18-24,Male,True,True,True,Desktop,2025-10-21 11:59:21,2025-10-30 21:09:52
2197,Patrick Rice,colonjohn@example.org,29,35-44,Male,True,True,True,Mobile,2022-06-15 08:14:47,2023-11-10 10:01:39
2198,Janice Archer,frankkey@example.org,1,25-34,Female,True,True,True,Tablet,2022-05-21 17:19:27,2024-12-27 21:42:23
2199,Lisa Gaines,millerlindsey@example.org,23,65+,Female,True,False,True,Tablet,2022-05-27 22:44:42,2023-12-27 19:00:18
2200,Karen Wilson,christensentyler@example.org,42,45-54,Male,True,True,False,Mobile,2025-08-05 10:41:03,2025-09-01 13:13:14
2201,Jennifer Norman,wilkersonkatherine@example.org,45,18-24,Female,False,True,False,Desktop,2024-04-04 20:12:28,2025-01-18 18:56:09
2202,Lisa Potter,bowenjonathan@example.net,27,45-54,Female,False,True,False,Desktop,2024-11-30 15:49:46,2025-11-22 14:25:12
2203,Samantha Murphy,samantha11@example.org,10,18-24,Female,True,False,False,Desktop,2024-06-25 08:07:04,2025-09-22 23:56:50
2204,Christopher Wilson,jlivingston@example.net,35,25-34,Prefer not to say,True,True,False,Desktop,2025-09-02 15:17:08,2025-10-07 11:16:49
2205,April Taylor,dgeorge@example.net,39,35-44,Female,True,True,True,Desktop,2024-08-03 03:50:32,2025-09-24 08:44:34
2206,Jeffery Tran,maxwelltheodore@example.org,39,18-24,Female,True,True,True,Mobile,2022-11-14 18:16:38,2023-03-20 21:57:27
2207,Olivia Schultz,fking@example.org,6,65+,Female,True,True,False,Mobile,2022-07-01 07:12:09,2023-03-14 09:23:48
2208,Amanda Johns,yoderadam@example.com,23,55-64,Female,True,True,True,Mobile,2024-01-20 07:57:21,2024-12-22 10:07:30
2209,Holly Bell,smithdenise@example.net,47,45-54,Male,True,True,True,Mobile,2024-02-05 09:33:46,2025-05-07 15:40:48
2210,Cindy Foster,francisholloway@example.com,44,25-34,Male,True,True,True,Tablet,2025-04-29 05:25:24,2025-06-12 21:21:04
2211,Michael Reyes,melanie46@example.net,13,18-24,Female,True,True,False,Desktop,2024-03-29 09:19:29,2025-08-05 10:32:03
2212,Michael Jones,sanchezmelissa@example.com,17,18-24,Other,True,True,True,Tablet,2023-10-23 09:07:31,2024-08-22 20:28:35
2213,Ann Brown,robersonpatricia@example.org,46,25-34,Female,True,True,True,Desktop,2024-09-02 07:57:38,2025-11-16 16:35:41
2214,Claudia Cox,patricia24@example.org,37,35-44,Female,True,True,False,Tablet,2023-06-28 12:51:33,2023-07-01 23:07:05
2215,Sharon Lane,amber48@example.org,3,45-54,Female,True,False,True,Mobile,2024-09-10 08:12:10,2025-07-27 13:30:55
2216,Nancy Burke,cervantesleslie@example.org,21,35-44,Male,True,True,True,Mobile,2022-11-05 10:41:34,2022-11-16 06:22:27
2217,Jamie Cortez,zwolfe@example.net,11,25-34,Female,True,False,False,Desktop,2022-03-07 17:37:49,2022-07-24 20:10:18
2218,Lisa Rivera,andrea10@example.com,28,35-44,Female,False,True,False,Mobile,2025-01-16 16:04:43,2025-04-02 10:52:17
2219,Susan Fisher,tracywilkins@example.net,30,25-34,Female,True,True,True,Desktop,2022-01-24 00:50:32,2022-07-11 10:10:57
2220,John Arnold,julie12@example.net,11,25-34,Female,True,True,True,Mobile,2025-01-06 10:40:23,2025-10-26 20:45:03
2221,Erin Garcia,brittanyhubbard@example.com,35,65+,Female,True,True,True,Desktop,2024-12-13 00:34:29,2025-11-10 20:58:00
2222,James Mcmillan,farmerlisa@example.com,31,55-64,Male,False,False,True,Tablet,2023-12-10 20:14:35,2024-08-17 21:54:10
2223,Edward Carter,kelsey67@example.com,33,65+,Male,False,True,True,Mobile,2022-08-13 10:20:08,2025-01-24 19:30:41
2224,Alexander Harris,ymartinez@example.com,10,25-34,Female,True,False,False,Desktop,2022-07-17 08:03:52,2023-10-06 08:54:17
2225,Nicole Olson DDS,connorstewart@example.org,31,18-24,Female,False,True,True,Mobile,2024-11-21 19:30:54,2025-05-26 20:42:28
2226,Elizabeth Jones,wesley57@example.net,46,45-54,Male,True,True,True,Mobile,2024-01-12 19:37:40,2025-07-10 14:24:23
2227,Evelyn Townsend,zjennings@example.org,13,25-34,Male,True,True,True,Desktop,2022-09-11 18:46:43,2022-11-09 11:54:15
2228,Elizabeth Williams,ipatterson@example.org,50,35-44,Male,True,True,True,Mobile,2025-06-04 22:43:24,2025-07-10 19:23:12
2229,Briana Dougherty,sherryclark@example.net,24,45-54,Male,True,True,True,Desktop,2023-09-16 20:15:39,2025-09-17 19:29:01
2230,Charles Munoz,patriciareynolds@example.net,48,45-54,Male,True,True,True,Mobile,2025-09-14 20:37:07,2025-10-20 06:21:02
2231,Michael Johnson,zachary86@example.net,46,25-34,Male,True,True,True,Tablet,2025-03-15 04:02:08,2025-08-29 12:35:36
2232,Penny Waters,adam08@example.net,46,25-34,Female,True,True,True,Desktop,2024-08-08 21:13:14,2024-11-03 11:32:32
2233,Natalie Krueger,caitlyn76@example.com,46,35-44,Male,True,False,False,Mobile,2024-12-16 14:05:52,2025-06-06 09:15:57
2234,Nancy Jenkins,doylevincent@example.com,9,55-64,Male,True,True,True,Desktop,2024-12-22 20:01:56,2025-04-13 09:31:44
2235,Jeffrey Jones,allenkimberly@example.com,47,35-44,Male,True,True,False,Tablet,2023-12-01 16:16:54,2024-08-09 21:57:10
2236,James Hood,lchandler@example.org,6,25-34,Female,False,True,True,Tablet,2022-07-25 19:09:01,2023-03-06 16:42:03
2237,Karen Rodriguez,huffmaria@example.net,8,35-44,Female,False,False,False,Mobile,2024-09-14 20:17:13,2024-12-03 20:31:56
2238,John Henderson,chaneric@example.net,14,25-34,Female,False,True,True,Mobile,2025-05-25 23:20:57,2025-08-19 12:41:58
2239,Jennifer Tran,brooksshelby@example.com,38,25-34,Female,True,True,False,Desktop,2023-06-05 05:02:37,2024-02-26 05:52:38
2240,Renee Lopez,juliecooley@example.net,22,45-54,Male,True,False,True,Mobile,2025-08-29 21:34:02,2025-08-29 08:41:14
2241,Stephanie Lopez MD,dpoole@example.com,17,45-54,Female,True,True,False,Desktop,2025-01-16 18:03:39,2025-01-20 19:03:59
2242,Stephen Malone,lindamiller@example.org,6,18-24,Male,True,True,True,Tablet,2024-02-04 08:58:41,2025-09-16 02:50:51
2243,Melinda Pugh,brandy32@example.com,30,55-64,Female,False,True,False,Mobile,2023-09-16 10:29:57,2025-06-16 19:16:49
2244,Jamie Walker,royscott@example.net,50,45-54,Male,True,True,True,Desktop,2025-03-14 03:22:43,2025-05-03 17:13:43
2245,Sydney Smith,susanjohnson@example.com,48,25-34,Female,True,True,True,Desktop,2023-01-25 18:18:08,2024-05-06 07:37:07
2246,Stanley Gilbert,daniel93@example.net,28,35-44,Female,True,True,False,Mobile,2024-11-23 18:48:46,2025-03-28 07:51:31
2247,Wendy Snyder,mooreashley@example.com,16,35-44,Female,True,True,True,Tablet,2024-04-25 18:34:51,2024-07-10 22:26:59
2248,Raymond Montoya,martinezrussell@example.com,26,25-34,Male,True,True,True,Tablet,2022-11-07 12:49:50,2024-11-15 18:29:59
2249,Jody Martin,michael39@example.com,26,18-24,Male,False,True,True,Tablet,2023-09-26 15:36:44,2025-03-02 19:28:41
2250,Allison Sharp,aturner@example.com,30,25-34,Female,False,True,True,Desktop,2023-01-06 17:57:45,2025-03-20 16:38:00
2251,Sarah Smith,gardnerelizabeth@example.org,39,55-64,Male,True,True,False,Desktop,2024-11-12 10:30:30,2025-12-12 13:27:20
2252,Anthony Lopez,strongkimberly@example.com,46,65+,Male,False,True,False,Desktop,2024-03-01 22:34:01,2025-09-02 10:59:04
2253,David Armstrong,richardsglenn@example.org,9,35-44,Female,True,True,False,Tablet,2025-05-19 10:35:37,2025-07-08 08:04:52
2254,Aaron Jackson,carlos25@example.net,28,18-24,Female,True,True,False,Mobile,2023-05-03 16:05:41,2023-11-03 07:19:33
2255,Ashley Dyer,veronicacampbell@example.net,36,55-64,Female,True,False,True,Tablet,2025-01-31 09:38:45,2025-05-20 18:33:28
2256,Lauren Li,heather39@example.org,47,55-64,Male,True,True,True,Tablet,2024-08-13 01:09:37,2024-08-29 08:07:06
2257,Elizabeth Sanchez,brittanyanderson@example.net,43,45-54,Male,False,True,False,Desktop,2024-11-22 03:17:10,2025-02-25 17:01:25
2258,Zoe Hall,mariekramer@example.com,11,55-64,Male,False,True,True,Mobile,2022-02-07 17:52:07,2024-04-11 18:01:24
2259,Richard Potter,nedwards@example.net,28,18-24,Female,True,True,True,Tablet,2022-05-07 20:50:11,2025-07-09 21:41:45
2260,David Crawford,charlesstevens@example.net,45,18-24,Female,True,True,False,Tablet,2024-05-10 18:01:44,2025-11-16 20:31:56
2261,Janet Larson,danielle93@example.com,4,45-54,Female,True,True,True,Desktop,2023-06-05 11:26:43,2023-10-30 20:31:16
2262,Casey Foster,warnercory@example.com,25,45-54,Female,False,True,True,Tablet,2023-04-24 22:14:16,2025-12-01 10:04:17
2263,Sarah Hill,edward86@example.com,19,35-44,Female,True,False,False,Desktop,2022-11-21 08:47:55,2024-02-12 09:12:50
2264,Alexander Oliver,westkatie@example.org,26,55-64,Female,True,True,False,Desktop,2023-06-20 18:54:26,2025-09-12 20:13:27
2265,Sherry Barrera,nancy40@example.org,39,25-34,Male,False,True,False,Tablet,2022-01-07 14:33:30,2024-05-08 00:32:57
2266,David Rivera,stewartjoseph@example.net,47,35-44,Female,True,True,True,Tablet,2022-08-21 09:53:41,2022-12-27 09:15:55
2267,Elizabeth Wade,holmesscott@example.net,39,25-34,Male,True,True,True,Desktop,2024-12-15 20:20:51,2025-01-20 05:46:02
2268,William Brooks,michelle21@example.net,13,35-44,Female,True,False,True,Mobile,2023-10-07 09:11:58,2024-01-26 23:38:48
2269,Robert Morris,garzajill@example.org,23,45-54,Other,True,True,True,Desktop,2024-02-02 20:37:20,2025-05-29 09:50:59
2270,Jeffrey Walters PhD,suzannegilmore@example.org,9,45-54,Female,True,True,False,Tablet,2023-02-28 07:35:22,2024-09-04 07:02:43
2271,Brandon Salas,martintanner@example.net,30,35-44,Female,True,True,False,Desktop,2024-04-03 07:13:21,2025-12-06 09:04:08
2272,Stephen Cook,jill83@example.net,47,45-54,Male,True,True,True,Desktop,2024-07-20 18:53:48,2025-11-24 10:05:51
2273,Jeffrey Leon,richardjackson@example.net,17,18-24,Male,True,False,False,Desktop,2024-01-28 23:10:25,2025-11-26 11:56:29
2274,Kevin Jackson,sandra55@example.org,13,35-44,Female,True,True,True,Tablet,2023-12-12 07:03:33,2024-09-29 12:14:33
2275,Carrie Kane,fischeramanda@example.com,6,35-44,Male,True,True,False,Desktop,2025-01-04 20:02:51,2025-05-19 17:58:40
2276,Carol Andrade,seth86@example.org,45,18-24,Female,True,True,False,Desktop,2024-10-17 20:20:48,2025-07-25 19:44:29
2277,Adam Rosales,laurasanchez@example.com,9,55-64,Female,False,True,True,Tablet,2024-04-03 13:15:28,2024-09-06 09:06:53
2278,Adam Smith,sfoster@example.com,7,25-34,Male,True,True,True,Tablet,2022-05-02 20:47:10,2024-05-24 20:16:56
2279,Thomas Snow,mccartymichael@example.org,28,35-44,Male,False,True,False,Mobile,2022-02-25 13:10:00,2023-09-17 17:59:03
2280,Andrew Love,williamskathleen@example.net,32,65+,Male,True,True,True,Tablet,2022-09-16 21:38:21,2024-04-03 22:27:47
2281,Manuel Taylor,mary11@example.net,47,35-44,Male,False,False,False,Mobile,2022-11-04 16:58:52,2023-12-30 08:43:45
2282,Jennifer Smith,stevenhopkins@example.com,34,65+,Male,True,False,False,Tablet,2022-11-07 09:14:52,2025-06-30 20:58:35
2283,Nicole Guerra,wellsryan@example.org,20,25-34,Female,True,True,False,Mobile,2023-07-14 08:09:23,2024-07-02 18:15:25
2284,Teresa Smith,jeremy23@example.com,25,35-44,Female,True,True,True,Mobile,2023-07-01 09:08:30,2024-01-13 11:23:28
2285,Charles Walker,harrismichelle@example.org,46,25-34,Male,True,True,True,Mobile,2023-08-16 19:40:16,2024-08-28 08:05:33
2286,Rebecca Green,hannakevin@example.org,31,35-44,Female,True,True,True,Tablet,2025-01-05 21:43:41,2025-02-13 21:42:37
2287,Robert Wilson,stevemarshall@example.net,22,55-64,Female,True,True,True,Desktop,2024-09-27 07:43:59,2025-03-18 14:08:24
2288,Jason Sellers,hendersonheather@example.com,32,25-34,Female,True,True,True,Tablet,2025-06-05 08:39:05,2025-09-14 19:46:32
2289,Sabrina Beard,kennedymichele@example.org,28,45-54,Male,True,True,True,Desktop,2024-04-25 21:50:20,2024-08-10 14:43:29
2290,Dr. Kathleen Gilbert MD,heidi02@example.com,48,45-54,Female,True,True,True,Desktop,2023-12-17 15:28:41,2024-11-02 10:54:38
2291,Derek Mack,jefferyreed@example.com,25,45-54,Female,True,True,True,Mobile,2024-02-23 05:51:11,2024-12-13 00:49:41
2292,David Hudson,martinmorgan@example.net,39,25-34,Male,False,True,True,Mobile,2025-01-18 19:19:40,2025-07-02 11:03:10
2293,Breanna Hansen,campbelltaylor@example.org,27,45-54,Male,True,True,True,Tablet,2023-06-02 09:38:49,2023-12-27 19:13:17
2294,Matthew Krause,larsonjeremy@example.com,5,55-64,Female,True,True,True,Desktop,2023-12-23 08:50:27,2025-06-05 16:06:02
2295,Debra Davis,jimmy99@example.org,20,25-34,Male,True,True,True,Mobile,2024-05-25 07:15:17,2024-11-19 11:06:34
2296,Karen Jones,fwilliams@example.net,5,55-64,Female,True,True,True,Mobile,2025-03-14 08:49:35,2025-03-22 19:43:46
2297,Jesus Blanchard,joshua70@example.com,44,18-24,Female,True,True,True,Mobile,2024-06-07 12:00:15,2025-07-21 16:43:42
2298,Sarah Mccarty,natalie46@example.com,28,35-44,Male,True,True,True,Tablet,2024-10-15 13:32:37,2024-11-19 19:41:31
2299,Jennifer Middleton,richardsonkenneth@example.net,28,25-34,Female,False,True,False,Tablet,2022-07-03 07:03:30,2025-07-12 21:29:07
2300,Lisa Johnson,hernandezthomas@example.net,34,25-34,Female,False,True,True,Desktop,2022-05-02 20:20:06,2023-09-07 08:29:00
2301,Jose Cook,jsantos@example.com,39,35-44,Female,True,True,True,Mobile,2022-08-22 20:19:23,2025-06-08 10:23:26
2302,Paul Patterson,rachel33@example.com,44,55-64,Female,True,True,False,Desktop,2022-01-29 14:31:05,2025-11-11 09:28:46
2303,Christine Sanders,bwade@example.com,49,55-64,Female,True,True,True,Desktop,2023-01-09 09:22:25,2024-04-07 07:47:25
2304,Kimberly Taylor,robertbarron@example.com,34,35-44,Male,False,True,True,Tablet,2023-10-21 15:29:06,2025-07-04 08:54:54
2305,Lisa Wise,gromero@example.com,5,25-34,Female,False,True,True,Tablet,2025-06-28 18:45:48,2025-10-15 22:42:24
2306,Kyle Serrano,nruiz@example.net,27,45-54,Female,True,True,True,Desktop,2023-04-06 09:18:43,2024-08-12 07:51:29
2307,Melissa Steele,barcher@example.net,27,25-34,Female,True,True,True,Desktop,2023-08-04 15:07:38,2024-04-23 12:34:47
2308,Sarah Anthony,ashley21@example.net,2,25-34,Female,False,True,True,Tablet,2025-03-26 11:36:24,2025-10-22 17:57:30
2309,Jenny Graves,gardnerrichard@example.net,47,25-34,Female,False,True,True,Mobile,2023-09-30 09:43:38,2024-04-28 21:14:25
2310,Ryan Farmer,khines@example.net,31,65+,Male,True,True,True,Desktop,2023-09-12 20:45:38,2024-08-12 07:41:10
2311,Robert Perkins,chambersashley@example.net,6,35-44,Male,True,True,True,Mobile,2025-06-07 05:47:59,2025-06-09 19:37:06
2312,Jennifer Morris,kendrahall@example.org,26,45-54,Female,True,True,True,Tablet,2025-07-25 02:34:07,2025-10-03 13:37:49
2313,Jay Rivas,george94@example.org,31,55-64,Female,True,True,True,Mobile,2023-10-03 20:46:33,2025-10-07 18:53:36
2314,Melissa Ortega,craigjohn@example.com,22,65+,Male,False,True,True,Mobile,2022-02-12 07:07:07,2024-11-14 09:54:26
2315,Alicia Campbell,ycole@example.net,41,55-64,Female,False,True,False,Mobile,2023-02-28 23:57:00,2025-12-04 13:31:13
2316,Jessica Smith,wendy82@example.com,24,55-64,Male,True,False,True,Desktop,2022-09-09 23:12:53,2024-09-13 07:38:29
2317,Diana Hartman,terrykirsten@example.net,33,18-24,Female,False,True,False,Tablet,2022-11-21 17:38:26,2025-09-07 09:58:35
2318,Joshua Perry,hughesnicholas@example.net,45,18-24,Female,True,True,True,Desktop,2024-08-06 18:56:37,2025-08-08 05:33:10
2319,Stephen Rose,garciadebra@example.com,15,55-64,Female,True,True,False,Mobile,2023-01-15 11:50:43,2023-09-08 19:07:24
2320,Brenda Horn,murphyjames@example.com,49,55-64,Male,True,True,True,Mobile,2025-05-19 14:55:33,2025-09-17 10:37:02
2321,Kyle Moore,brad03@example.org,33,25-34,Female,False,True,True,Tablet,2024-12-19 17:47:18,2025-01-29 11:49:21
2322,Stephanie Woodward,gibsonrichard@example.net,18,65+,Male,True,True,True,Desktop,2023-12-19 21:35:48,2025-01-14 20:09:30
2323,Marilyn Townsend,megan50@example.net,48,25-34,Female,False,True,False,Desktop,2022-08-20 07:51:17,2025-10-10 06:38:44
2324,Mary Church,darleneowens@example.com,7,55-64,Prefer not to say,False,True,True,Tablet,2025-04-05 20:55:26,2025-07-30 21:57:59
2325,Timothy Jennings,kgarrison@example.com,7,55-64,Female,True,True,True,Desktop,2022-05-05 16:14:36,2023-11-09 17:22:16
2326,Kerry Pittman,colleenbryant@example.net,31,35-44,Female,False,True,True,Tablet,2023-07-23 09:03:38,2023-11-16 09:57:49
2327,Chloe Valenzuela,juan35@example.net,38,35-44,Male,True,True,True,Tablet,2024-11-25 17:44:42,2025-01-31 10:56:50
2328,Felicia Boyd,fyoder@example.org,41,45-54,Male,True,True,True,Desktop,2023-06-18 18:55:11,2025-01-31 19:29:30
2329,Tara Thomas,dianebrooks@example.com,13,65+,Male,True,True,True,Mobile,2022-01-16 16:04:56,2024-12-17 08:39:30
2330,Brooke Walker,john28@example.com,42,25-34,Male,False,True,False,Tablet,2024-04-14 19:00:45,2025-04-06 21:19:08
2331,Michele Wright,cbanks@example.org,27,45-54,Male,False,True,True,Mobile,2024-03-08 21:53:46,2024-11-25 09:51:03
2332,Evan Richard,bobby53@example.net,18,25-34,Female,True,False,True,Tablet,2022-07-04 07:34:06,2025-02-08 18:19:18
2333,Melissa Ochoa,kimberly40@example.org,24,18-24,Female,True,True,False,Mobile,2024-12-04 03:44:17,2025-03-10 09:53:48
2334,Shawn Hicks,davidsawyer@example.net,27,65+,Male,False,True,True,Desktop,2025-05-07 07:47:32,2025-11-06 12:04:21
2335,Destiny Joseph,mhernandez@example.org,30,18-24,Male,True,True,True,Mobile,2023-09-25 08:34:39,2024-11-02 19:57:12
2336,John Rowe,ecampbell@example.org,25,55-64,Female,False,True,True,Desktop,2022-11-19 19:39:03,2023-01-01 16:52:11
2337,Tracy Wyatt,denniswilliams@example.com,12,18-24,Female,True,True,True,Tablet,2023-06-06 11:39:17,2024-03-18 08:36:37
2338,Tyrone Elliott,alexbutler@example.org,23,25-34,Female,True,True,False,Tablet,2022-09-18 19:27:38,2024-05-30 08:10:36
2339,Jennifer Lopez,nicholas99@example.net,40,55-64,Female,True,True,True,Mobile,2025-09-14 20:50:48,2025-12-10 08:43:01
2340,Raven Gross,jasonwalton@example.net,13,25-34,Male,False,True,True,Mobile,2025-02-22 10:24:27,2025-08-15 19:32:47
2341,Julie Simpson,nathannorman@example.org,34,25-34,Female,True,True,True,Desktop,2023-10-30 22:16:13,2025-11-23 15:06:47
2342,Amber Meza,paula31@example.com,25,65+,Female,True,True,True,Mobile,2023-02-26 20:11:18,2023-11-05 09:35:11
2343,Phillip Miller,richardjohnson@example.org,49,55-64,Female,False,True,False,Tablet,2022-10-07 10:53:01,2024-06-12 17:22:10
2344,Melissa Spears,maryramsey@example.org,16,35-44,Female,True,False,True,Mobile,2023-02-10 09:58:30,2023-04-02 20:55:00
2345,Cristina Johnson,jessica91@example.org,3,25-34,Male,True,True,True,Tablet,2025-08-31 11:06:53,2025-10-02 21:25:21
2346,Laura Morris,landerson@example.net,14,65+,Prefer not to say,False,True,True,Desktop,2023-02-25 20:21:17,2023-03-14 07:32:29
2347,Janet Moore,kennethsmith@example.net,38,25-34,Male,False,True,False,Tablet,2024-01-26 15:27:27,2025-04-14 13:34:39
2348,Clayton Rogers,anthonyrandolph@example.com,6,55-64,Female,False,True,False,Mobile,2025-09-18 02:55:55,2025-11-14 21:37:03
2349,Tony Hansen,kmartinez@example.net,29,18-24,Male,False,True,False,Mobile,2023-08-22 20:16:50,2025-10-27 22:45:59
2350,William Wood,natashamiller@example.net,44,18-24,Female,True,True,False,Mobile,2025-07-12 18:04:34,2025-12-11 19:27:01
2351,Luis Ortiz,earmstrong@example.org,41,65+,Female,True,False,False,Desktop,2023-05-25 08:44:13,2025-01-01 22:23:39
2352,Tracey Roberts,collinslaura@example.com,27,55-64,Female,False,True,True,Mobile,2024-11-26 10:58:01,2025-08-03 18:50:26
2353,Darius Jones,timothymontgomery@example.com,36,35-44,Male,False,True,False,Desktop,2023-11-18 20:47:57,2024-02-17 10:11:50
2354,Craig Jackson MD,bryan61@example.net,44,55-64,Female,False,False,True,Mobile,2022-05-16 07:02:54,2022-07-22 07:03:55
2355,Michael Whitaker,garzazachary@example.org,41,35-44,Female,True,True,True,Tablet,2024-12-01 20:55:53,2025-02-06 10:50:04
2356,Clinton Carter,joshua74@example.net,21,35-44,Male,False,True,False,Mobile,2022-10-21 12:35:55,2022-12-06 05:24:12
2357,Alexander Brady MD,kimedwards@example.org,40,45-54,Male,True,False,False,Mobile,2024-05-01 13:36:24,2025-08-06 17:05:51
2358,Julie Morris,hartmancrystal@example.net,25,45-54,Male,True,True,True,Mobile,2025-07-15 21:57:45,2025-11-27 14:22:33
2359,John Allen,michellewatkins@example.org,41,35-44,Male,False,True,False,Mobile,2024-02-19 19:13:16,2025-07-22 10:18:13
2360,Amanda Cervantes,william55@example.net,15,25-34,Female,True,True,False,Mobile,2023-01-10 09:34:04,2024-02-24 19:09:12
2361,Erica Conley,joseph96@example.net,18,55-64,Male,False,True,True,Mobile,2024-11-04 13:14:53,2025-08-26 07:28:19
2362,James Lucas,ssmith@example.org,33,45-54,Female,False,True,False,Desktop,2023-05-27 12:25:28,2024-12-08 16:44:02
2363,Michelle Flores,david40@example.org,19,45-54,Female,False,True,True,Desktop,2024-04-02 20:49:54,2025-10-08 11:17:43
2364,Cassandra Brock,beckerbrianna@example.com,2,65+,Female,True,True,True,Desktop,2024-04-25 20:28:47,2025-08-10 14:16:56
2365,Amanda Palmer,rcohen@example.net,27,35-44,Male,True,True,True,Mobile,2024-12-11 02:55:09,2025-09-20 02:55:30
2366,Kimberly Smith,mmorris@example.net,4,45-54,Male,True,True,True,Desktop,2025-09-21 11:30:49,2025-11-23 09:49:13
2367,Michael Fletcher,michellebowen@example.com,33,25-34,Female,False,True,True,Desktop,2023-04-18 19:50:26,2025-11-16 12:22:46
2368,Colton Duke,joseph08@example.net,13,55-64,Male,True,False,True,Tablet,2024-10-05 18:27:23,2024-12-01 09:11:58
2369,Katherine Wagner,criddle@example.net,37,45-54,Male,False,True,True,Tablet,2025-06-13 20:55:02,2025-10-31 09:01:54
2370,Linda Gilbert,michelle11@example.org,39,35-44,Female,True,True,True,Tablet,2022-08-24 11:26:04,2025-11-19 06:44:48
2371,Jamie Davis,angela80@example.com,18,35-44,Male,False,True,True,Mobile,2024-08-10 07:56:20,2025-10-31 15:47:28
2372,Bryan Wheeler,djohnson@example.net,1,25-34,Male,True,True,False,Desktop,2022-08-17 15:48:41,2023-12-15 12:31:42
2373,Darrell Stein,alvarezstephanie@example.com,46,18-24,Male,False,True,True,Tablet,2024-07-29 16:09:45,2024-10-17 18:47:23
2374,Tina Brown,samanthawoodard@example.org,15,18-24,Male,False,True,False,Mobile,2024-09-21 18:17:45,2025-02-01 08:14:44
2375,Benjamin Williamson,jessica94@example.com,28,25-34,Male,True,True,True,Mobile,2023-09-13 10:53:30,2023-11-04 19:39:34
2376,Jason Salas,johnwarner@example.net,16,25-34,Female,True,True,False,Desktop,2025-05-11 16:24:02,2025-08-24 10:19:28
2377,Adam Curry,singhkevin@example.org,1,25-34,Female,True,True,False,Tablet,2023-06-10 08:29:19,2023-06-12 21:52:08
2378,Abigail Meadows,dwilliams@example.com,15,55-64,Prefer not to say,True,True,False,Desktop,2023-06-08 08:46:14,2025-06-25 20:30:41
2379,Ronald Watson,jessicaeaton@example.org,7,25-34,Other,False,True,False,Mobile,2022-11-27 13:59:55,2024-02-11 21:30:19
2380,Loretta Matthews,heathbrenda@example.net,50,25-34,Female,True,False,False,Tablet,2024-06-24 08:32:23,2025-02-10 08:57:26
2381,Cynthia Johnson,derek94@example.com,21,25-34,Female,True,True,True,Tablet,2022-06-15 11:10:44,2023-01-11 07:35:38
2382,Nicole Carroll,jesse19@example.net,22,25-34,Female,False,False,True,Desktop,2022-08-10 21:50:04,2023-04-11 21:35:24
2383,Marcus Ferguson,andersontammy@example.com,38,25-34,Female,False,True,False,Mobile,2025-02-27 20:11:13,2025-12-06 16:54:06
2384,Mary Scott,tina92@example.org,25,25-34,Male,True,True,True,Mobile,2025-07-07 19:12:34,2025-12-06 06:16:55
2385,Diane Mitchell,jeffrey11@example.net,16,65+,Female,False,True,True,Mobile,2023-03-23 07:38:56,2025-04-06 12:29:47
2386,Linda Bailey,alyssa44@example.com,6,25-34,Male,True,True,False,Desktop,2022-01-23 16:09:30,2024-03-30 21:18:05
2387,Linda Jennings,davidjensen@example.org,3,25-34,Female,True,True,True,Tablet,2023-07-11 11:54:03,2024-07-05 22:20:14
2388,Wayne Ortiz,tpittman@example.net,27,25-34,Female,True,True,True,Tablet,2023-03-17 19:57:03,2024-04-29 18:56:47
2389,Scott Moore,zwinters@example.org,20,18-24,Female,False,True,True,Desktop,2023-08-15 20:27:15,2024-08-30 19:19:20
2390,Holly Diaz MD,erinjones@example.org,4,35-44,Female,False,False,False,Mobile,2022-07-03 22:54:57,2023-09-21 17:21:09
2391,Jonathan Davis,hbrown@example.com,25,45-54,Male,True,True,False,Tablet,2024-08-08 12:06:58,2025-06-17 19:24:41
2392,Eric Clark,kyle94@example.org,48,18-24,Female,True,True,True,Tablet,2024-03-11 19:40:08,2024-11-06 08:16:08
2393,Holly Davis,heather79@example.org,11,45-54,Male,True,True,False,Mobile,2024-09-19 06:51:31,2025-11-30 11:40:25
2394,Nancy Blake,vgraham@example.com,46,18-24,Male,True,True,False,Tablet,2023-03-23 16:40:17,2024-06-24 15:51:59
2395,Gary Mcclure,jamesmorris@example.net,9,35-44,Male,False,True,True,Tablet,2025-03-31 18:59:40,2025-07-13 11:08:48
2396,Jennifer Blevins,gloria02@example.org,32,45-54,Male,True,True,True,Tablet,2023-11-24 18:58:54,2025-03-09 10:21:39
2397,Rebecca Davis,john01@example.net,3,25-34,Prefer not to say,False,True,True,Mobile,2025-10-22 11:18:21,2025-11-28 08:45:51
2398,John Robinson,hannahmunoz@example.com,19,35-44,Male,False,True,True,Desktop,2022-09-17 21:33:25,2022-10-17 01:24:02
2399,Zachary Sullivan,bill82@example.com,45,65+,Other,True,True,True,Mobile,2022-10-25 20:56:30,2024-12-15 10:51:25
2400,Robert Brandt,lwilliamson@example.net,45,25-34,Male,False,True,False,Desktop,2022-12-02 18:46:37,2023-06-01 15:27:25
2401,David Fitzpatrick,jeffreynichols@example.com,33,35-44,Female,True,True,False,Tablet,2022-09-19 20:14:32,2023-04-02 17:33:32
2402,Clarence Johnston,haley01@example.com,27,45-54,Female,True,True,False,Mobile,2024-06-30 18:15:04,2024-07-24 08:42:03
2403,Kelli Carter,suzannesimpson@example.org,18,35-44,Female,True,True,False,Tablet,2024-05-12 20:55:12,2024-09-21 17:00:59
2404,Alexa Chambers,lori15@example.com,49,45-54,Male,False,True,False,Desktop,2024-04-25 18:13:32,2025-03-05 01:21:07
2405,Thomas Ramos,mcarroll@example.net,20,18-24,Female,True,True,True,Mobile,2024-08-23 19:35:10,2024-10-22 22:36:18
2406,Allen Moran,pkramer@example.org,38,25-34,Male,False,True,True,Tablet,2022-04-08 22:14:19,2024-04-19 13:35:15
2407,Wendy Hardy,robinvasquez@example.com,1,55-64,Male,True,True,False,Tablet,2024-07-31 10:14:08,2024-10-31 18:25:31
2408,Stephen Hunter,friedmanrichard@example.com,43,18-24,Female,True,True,False,Tablet,2023-10-16 19:26:53,2024-03-25 20:24:44
2409,April Hansen,younglauren@example.com,35,65+,Female,True,True,True,Mobile,2024-10-18 08:56:10,2024-10-29 16:10:45
2410,Elizabeth Mccoy,lunabenjamin@example.com,47,25-34,Female,True,False,True,Tablet,2024-05-09 04:57:32,2024-08-16 15:27:34
2411,Steven Nelson,wkennedy@example.com,31,65+,Female,True,True,True,Mobile,2025-01-11 02:25:17,2025-04-21 10:35:14
2412,Jacob Howe,agreer@example.org,23,45-54,Female,True,True,True,Tablet,2023-12-10 07:22:40,2024-10-20 09:30:20
2413,Mary Kelly,yware@example.com,44,18-24,Female,False,True,False,Mobile,2022-12-09 14:34:45,2024-02-28 13:17:05
2414,Jerome Edwards,nbrewer@example.org,8,55-64,Female,True,True,True,Desktop,2025-08-16 13:20:48,2025-11-12 07:47:41
2415,Patricia Shelton,megan91@example.com,28,25-34,Male,True,True,True,Tablet,2024-01-02 11:20:04,2024-06-05 20:49:41
2416,Kevin Oliver,lisa04@example.net,48,35-44,Male,False,True,True,Mobile,2024-04-17 00:51:03,2025-06-19 17:13:22
2417,Jason Brennan,jay23@example.net,10,25-34,Male,True,True,True,Tablet,2024-09-09 06:47:20,2025-07-11 17:41:40
2418,Christopher Kelley,guerrerorenee@example.com,27,35-44,Female,True,True,False,Mobile,2022-12-26 09:49:42,2024-02-12 17:30:24
2419,David Smith,whiteshannon@example.net,1,55-64,Male,True,True,False,Desktop,2024-05-11 22:51:40,2025-04-03 21:02:17
2420,Theodore Velasquez,sheila42@example.net,34,25-34,Prefer not to say,True,False,True,Desktop,2024-09-04 21:28:47,2025-11-07 09:50:56
2421,Jonathan Vasquez,reginaanderson@example.com,26,18-24,Female,True,True,False,Desktop,2022-08-15 12:01:22,2023-12-12 09:09:57
2422,Mr. Joshua Abbott,hughesbrandon@example.net,48,25-34,Female,False,True,True,Mobile,2024-01-06 18:08:31,2025-01-27 07:40:21
2423,Dawn Day,vtorres@example.net,29,45-54,Female,True,True,False,Mobile,2022-04-18 17:09:45,2024-12-20 16:22:26
2424,Jenna Mullins,zachary79@example.com,42,55-64,Male,True,True,True,Desktop,2024-04-18 23:56:56,2025-11-28 22:20:46
2425,Michael Allen,chasemichele@example.com,12,35-44,Male,True,True,True,Desktop,2024-03-04 21:35:08,2025-08-04 06:10:24
2426,Ryan Brown,robertcruz@example.org,2,55-64,Female,True,True,True,Tablet,2022-08-04 09:25:00,2023-12-02 14:39:49
2427,Fernando Cole,vtapia@example.com,24,18-24,Female,True,True,False,Tablet,2022-01-11 22:38:32,2023-09-03 06:30:23
2428,Garrett Blake,lbell@example.com,18,45-54,Male,False,True,True,Tablet,2024-07-20 20:21:13,2025-04-14 18:27:58
2429,James Griffin,istokes@example.com,23,25-34,Male,False,True,True,Desktop,2023-10-20 10:36:30,2024-05-23 09:28:27
2430,Harry Nguyen,gregoryscott@example.com,20,25-34,Female,True,True,True,Desktop,2024-08-13 19:16:41,2025-02-03 20:13:40
2431,Kaitlyn Phillips,lauriewhitaker@example.org,18,45-54,Female,True,True,False,Mobile,2022-12-30 20:11:09,2025-04-10 19:53:37
2432,Mrs. Patricia Copeland DVM,crossshawn@example.org,30,18-24,Male,True,True,True,Desktop,2024-01-11 10:07:22,2025-10-14 08:37:29
2433,Rhonda Adams,williamjenkins@example.org,16,45-54,Female,True,True,True,Mobile,2023-07-26 13:54:14,2023-09-03 20:39:16
2434,Kimberly Fitzgerald,anthonyfranklin@example.com,17,18-24,Male,True,True,True,Mobile,2022-03-05 11:23:29,2024-10-17 22:21:25
2435,Alexandria Carrillo,colonthomas@example.com,40,45-54,Male,False,True,False,Desktop,2024-11-10 12:21:56,2025-02-03 18:29:13
2436,Sherry Taylor,matthew28@example.com,23,35-44,Female,False,True,True,Tablet,2025-04-29 16:53:49,2025-11-26 19:37:50
2437,Kelsey Evans,marshallmichael@example.com,50,65+,Female,True,True,True,Mobile,2022-06-03 12:02:09,2023-09-14 20:58:33
2438,Valerie Smith MD,ashleyrhodes@example.com,1,25-34,Male,True,True,False,Desktop,2024-11-17 19:41:50,2025-05-29 22:19:28
2439,Brenda Haas,jacksonchristina@example.com,38,35-44,Female,False,True,True,Tablet,2024-03-28 18:06:16,2025-04-25 19:31:42
2440,Rebecca Montes,rhonda92@example.com,46,25-34,Female,True,True,True,Desktop,2022-07-25 11:20:36,2025-07-09 10:02:33
2441,Julie Richard,billydavis@example.net,30,25-34,Female,True,True,True,Tablet,2023-12-30 03:38:52,2025-03-11 11:01:04
2442,Jeffrey Cox,stephanie14@example.org,37,18-24,Female,False,True,True,Desktop,2023-09-08 03:24:29,2024-09-23 17:41:17
2443,Terry Mills,jamesmason@example.net,24,35-44,Female,True,True,False,Desktop,2023-12-20 19:25:57,2024-10-23 19:07:47
2444,Kelly Sanders,daniel62@example.org,28,35-44,Male,False,True,False,Tablet,2022-06-30 13:43:15,2024-08-04 11:12:50
2445,Jessica Doyle,jennifer69@example.com,35,25-34,Female,False,True,True,Mobile,2024-06-23 13:31:03,2024-10-19 14:08:34
2446,Dr. Daniel Sweeney,alee@example.com,39,35-44,Female,True,True,False,Mobile,2022-08-20 20:39:00,2024-01-11 06:12:03
2447,Vincent Melendez,watsontina@example.net,46,45-54,Female,True,True,True,Tablet,2023-07-18 13:54:43,2025-07-30 21:20:30
2448,Joshua Hernandez,oliviamorrow@example.com,43,18-24,Male,True,True,False,Tablet,2025-07-15 09:01:12,2025-11-14 19:54:57
2449,Sara Mahoney,joestevens@example.org,2,35-44,Other,True,False,False,Mobile,2024-02-27 13:23:35,2024-11-25 20:24:52
2450,Jonathan Riley,nicoleperez@example.net,50,55-64,Male,True,True,True,Tablet,2022-11-04 21:30:51,2024-04-25 17:16:45
2451,Rebecca Good,madison87@example.org,11,18-24,Female,True,False,False,Mobile,2025-03-03 07:51:08,2025-03-19 18:12:50
2452,Victoria Carpenter,chad76@example.com,10,55-64,Female,False,True,False,Desktop,2024-07-27 21:37:31,2025-05-02 20:34:36
2453,Virginia Johns,cameronkaitlyn@example.com,24,45-54,Male,True,True,True,Mobile,2023-03-16 13:16:40,2023-10-05 18:24:58
2454,Johnny Brown,mike96@example.org,49,65+,Male,True,False,True,Mobile,2023-12-21 07:06:51,2024-09-01 20:34:42
2455,Krista Ramos,aliciacallahan@example.org,42,35-44,Female,True,True,False,Tablet,2023-07-21 19:09:03,2024-11-14 08:52:41
2456,Kevin Maldonado,dannywelch@example.net,32,65+,Male,True,True,False,Desktop,2024-08-16 10:06:34,2025-02-25 20:17:55
2457,Brandon Johns,mooreashley@example.net,7,18-24,Male,True,False,True,Mobile,2024-04-23 18:15:12,2025-05-07 09:17:03
2458,Pamela Dixon,lisajohnson@example.com,31,18-24,Female,False,True,True,Mobile,2024-01-02 15:56:49,2024-10-03 12:18:29
2459,Sarah Carlson,williamsbrenda@example.org,39,25-34,Female,True,True,True,Desktop,2022-01-10 22:15:49,2023-08-09 13:09:47
2460,Jasmine Lawson,jeffreywhitehead@example.net,34,55-64,Male,True,True,True,Tablet,2023-11-04 09:06:31,2024-02-25 08:18:34
2461,Lisa Gibson,sanchezleslie@example.com,20,45-54,Female,True,True,True,Tablet,2024-07-16 09:14:56,2025-09-28 20:10:24
2462,Shannon Logan,wendylee@example.com,49,25-34,Female,True,False,False,Tablet,2023-11-18 18:25:02,2024-10-31 10:57:43
2463,Mr. Brian Jackson,craigmurphy@example.net,1,25-34,Male,False,False,False,Tablet,2024-08-24 04:36:46,2024-08-30 19:31:41
2464,Michael Johnson,dawnwarren@example.net,24,35-44,Male,True,True,True,Desktop,2022-03-01 13:03:07,2025-05-13 16:47:55
2465,Donald Short,bradley58@example.net,16,18-24,Male,False,True,False,Desktop,2024-04-24 22:29:17,2025-10-02 08:21:59
2466,Eric Webb,curtisjacqueline@example.org,28,35-44,Female,True,True,True,Desktop,2022-10-20 22:25:50,2025-11-12 00:11:07
2467,Sarah Gonzalez,owilson@example.com,13,45-54,Male,True,True,True,Tablet,2025-08-02 16:09:55,2025-12-11 20:38:14
2468,Natasha Aguilar,cjohns@example.net,16,55-64,Male,True,True,False,Desktop,2025-02-19 20:40:05,2025-10-09 00:23:28
2469,Crystal Beltran,michael84@example.com,11,45-54,Male,False,True,True,Tablet,2023-09-17 17:49:44,2023-10-30 19:07:01
2470,Allison Juarez,lorihenderson@example.com,38,45-54,Female,True,True,False,Tablet,2023-07-31 09:05:36,2024-09-13 10:32:40
2471,Daniel Taylor,timothy78@example.net,45,18-24,Male,True,True,True,Tablet,2025-08-27 13:31:59,2025-11-24 14:54:31
2472,Kathleen Chavez,carolynwarner@example.org,1,25-34,Other,True,True,False,Tablet,2022-10-19 10:08:16,2023-03-05 21:44:24
2473,Tonya Schroeder,jennifertaylor@example.org,17,18-24,Female,False,True,True,Tablet,2024-07-15 16:20:13,2024-11-12 09:24:35
2474,Elizabeth Martin,jeremyevans@example.com,21,65+,Female,False,True,False,Tablet,2023-04-09 13:03:00,2024-04-04 11:14:19
2475,Gregory Rodgers,brandyrobles@example.org,31,45-54,Male,True,True,False,Tablet,2025-04-10 18:53:14,2025-10-10 20:40:48
2476,Robert Bradford,paul15@example.net,17,65+,Male,False,True,True,Tablet,2025-08-17 20:46:28,2025-12-04 10:48:31
2477,Bradley Burton,joy91@example.com,14,55-64,Female,False,True,False,Desktop,2024-06-03 21:37:19,2024-12-19 19:28:46
2478,Christopher Martin,sullivanandrea@example.net,24,55-64,Female,True,True,False,Mobile,2022-03-31 08:03:29,2022-04-03 18:54:37
2479,Mrs. Pamela Monroe DDS,dhale@example.net,29,25-34,Female,True,True,True,Tablet,2025-03-12 07:30:36,2025-05-30 14:19:56
2480,John Cole,fitzgeralddavid@example.net,19,35-44,Male,False,True,True,Mobile,2024-04-06 20:09:10,2025-08-24 12:36:13
2481,Mark Allen,kellijohnson@example.org,48,35-44,Female,True,True,True,Tablet,2025-04-17 18:16:43,2025-08-24 12:54:22
2482,Timothy Johnson,lmann@example.org,27,55-64,Male,True,False,False,Desktop,2023-08-18 19:26:04,2025-08-11 09:08:59
2483,Joe Greene,afritz@example.com,37,35-44,Female,True,True,True,Mobile,2024-02-20 13:23:29,2024-06-24 04:41:13
2484,Nicole Herman MD,taylormelinda@example.org,6,18-24,Male,True,True,True,Tablet,2025-08-25 21:51:48,2025-08-25 21:04:42
2485,Louis Stephens,yoderjason@example.com,42,65+,Male,True,True,False,Mobile,2022-07-06 12:11:42,2024-12-01 20:26:34
2486,Katherine Williamson,davismichelle@example.net,17,25-34,Male,True,True,True,Desktop,2025-09-21 05:09:13,2025-11-07 18:59:14
2487,Robert Martinez,anthony23@example.org,26,45-54,Female,True,True,False,Desktop,2022-04-11 17:16:45,2022-10-29 09:58:00
2488,Samuel Velez,ikeith@example.com,16,35-44,Female,True,True,False,Desktop,2024-12-22 20:38:19,2025-04-26 07:32:21
2489,John Anderson,carlrichards@example.com,50,65+,Male,True,True,False,Tablet,2025-02-12 16:52:35,2025-03-17 10:34:30
2490,Madeline Kelly,danielletucker@example.com,10,35-44,Male,True,True,False,Desktop,2024-10-25 20:16:10,2025-07-19 11:19:57
2491,Elizabeth Williams,saranovak@example.net,28,35-44,Female,True,True,False,Mobile,2023-06-10 22:23:21,2025-08-27 20:30:35
2492,Felicia Brown,mariecasey@example.com,5,65+,Male,False,True,False,Desktop,2023-03-29 09:37:08,2025-11-18 08:15:56
2493,Joshua Castillo,amandaherrera@example.net,37,45-54,Female,True,True,True,Tablet,2024-12-26 16:26:59,2025-11-18 08:37:49
2494,David King,joshua15@example.net,11,55-64,Female,False,True,False,Desktop,2022-01-02 15:52:51,2023-11-09 19:16:51
2495,Hunter Wilson,dfox@example.net,1,25-34,Female,True,True,True,Mobile,2023-11-06 21:36:25,2025-01-25 10:07:27
2496,Michael Roberts,justin77@example.net,22,45-54,Male,True,True,False,Tablet,2025-02-26 10:44:02,2025-04-29 08:31:19
2497,Michael Brock,brownjennifer@example.net,24,65+,Male,True,True,True,Tablet,2023-09-02 20:05:46,2023-11-20 21:23:19
2498,Kevin Nguyen,wrightryan@example.net,30,25-34,Female,False,True,True,Tablet,2023-11-04 06:55:56,2024-05-09 09:26:08
2499,Alexis Lindsey,dunnconnor@example.net,47,25-34,Female,False,True,False,Mobile,2023-08-01 17:16:17,2025-01-29 08:03:14
2500,Eric Rivera,acombs@example.net,16,45-54,Male,True,True,True,Mobile,2024-07-28 09:36:23,2025-06-11 15:31:09
2501,Jeffrey Lane,johnstokes@example.org,9,35-44,Male,False,True,True,Mobile,2024-02-06 21:21:28,2025-08-27 23:09:14
2502,Christina Powell,lopezbrian@example.net,7,35-44,Female,False,False,False,Mobile,2023-06-05 18:29:00,2024-02-03 07:02:46
2503,Terri Kent,leonardruth@example.org,36,25-34,Female,True,True,False,Tablet,2023-08-28 18:22:04,2024-06-04 17:02:07
2504,Richard Johnson,gcastillo@example.com,13,45-54,Female,True,True,True,Tablet,2022-08-24 13:00:53,2025-02-04 09:41:54
2505,Brenda Davis,pcoleman@example.org,8,18-24,Female,False,True,True,Tablet,2022-04-16 22:40:58,2023-06-18 12:20:51
2506,Samuel Ramirez,esparzajesse@example.net,30,25-34,Female,False,False,False,Desktop,2025-04-02 08:01:57,2025-08-13 20:21:53
2507,James Pena,woodwardjocelyn@example.org,25,18-24,Female,True,True,False,Mobile,2022-07-02 17:29:52,2024-10-18 09:26:10
2508,Joseph Clark,leedarlene@example.com,16,45-54,Female,False,True,True,Desktop,2025-04-04 10:36:50,2025-05-03 21:46:28
2509,Rebecca Moore,matthew64@example.com,20,45-54,Male,True,True,False,Desktop,2022-09-11 10:40:19,2023-12-06 08:56:21
2510,Elizabeth Brock,apatterson@example.org,20,25-34,Female,True,True,True,Tablet,2022-06-26 15:21:57,2023-07-16 13:45:54
2511,Derek Mcgee,john77@example.net,2,45-54,Male,True,False,False,Tablet,2023-01-04 05:51:14,2024-07-07 10:34:41
2512,Kenneth Walsh,gregory73@example.com,27,45-54,Female,True,True,False,Desktop,2025-06-19 03:03:36,2025-11-12 09:38:04
2513,Christopher Reyes,vwatson@example.net,17,35-44,Female,True,True,True,Tablet,2023-07-21 11:49:44,2025-05-30 20:08:23
2514,Jeanette Moore,monicadixon@example.net,7,45-54,Male,True,False,True,Desktop,2025-03-31 20:45:17,2025-06-08 21:40:03
2515,John Riddle,johnsweeney@example.net,32,65+,Male,True,True,False,Tablet,2025-07-05 09:11:25,2025-09-10 10:04:16
2516,Willie Nelson,uhamilton@example.net,14,65+,Female,False,True,False,Mobile,2023-06-03 06:17:08,2024-02-25 21:51:14
2517,Melissa Howe,kathleengilmore@example.net,42,45-54,Female,True,False,True,Desktop,2022-11-23 08:34:40,2023-07-13 09:50:48
2518,Dylan Rich,lsnyder@example.org,11,25-34,Female,True,True,False,Mobile,2024-02-11 20:05:22,2024-09-26 09:38:01
2519,Martin Boyer,vtapia@example.net,37,18-24,Male,False,True,True,Desktop,2023-02-21 12:00:02,2024-02-04 19:09:38
2520,Todd Mitchell,vincent63@example.net,29,35-44,Male,False,True,True,Mobile,2024-02-05 12:55:53,2024-07-06 18:19:09
2521,Nicholas Thomas,plawrence@example.net,40,35-44,Male,False,True,True,Desktop,2024-03-19 19:18:11,2024-12-06 18:07:25
2522,Mary Perry,michelle81@example.org,15,45-54,Male,True,True,True,Tablet,2024-05-01 20:17:36,2025-10-10 09:12:19
2523,Melissa Davis,andrewdrake@example.com,33,35-44,Female,True,True,False,Tablet,2023-07-05 17:11:50,2025-06-02 23:22:11
2524,Patricia Mejia,hillchristina@example.com,18,25-34,Female,False,True,True,Mobile,2022-07-02 07:14:15,2022-09-14 02:30:14
2525,Steven Hughes,audrey12@example.org,31,65+,Male,True,True,False,Desktop,2025-09-03 12:06:54,2025-12-05 08:18:48
2526,Randy Logan,usanders@example.net,5,25-34,Male,False,True,False,Desktop,2025-10-01 08:15:14,2025-10-30 11:20:58
2527,Sandra Martin,maxwell63@example.org,4,55-64,Female,True,False,True,Mobile,2023-01-24 19:23:22,2023-06-25 11:54:31
2528,Lauren Drake,alexander69@example.com,26,25-34,Male,True,True,True,Mobile,2024-04-16 08:41:52,2025-01-20 19:19:21
2529,Ashley May DDS,khiggins@example.com,50,35-44,Female,False,True,False,Desktop,2023-12-09 08:14:32,2025-04-12 20:02:31
2530,Allison Fleming DDS,markgreene@example.org,20,45-54,Male,False,True,False,Desktop,2022-05-04 21:22:45,2023-10-27 19:46:44
2531,Richard Duncan,moralesjennifer@example.net,32,65+,Female,True,True,True,Tablet,2022-05-27 07:44:31,2023-10-14 21:20:22
2532,Paul Lee,josephnelson@example.com,28,18-24,Male,False,True,False,Tablet,2024-04-21 18:08:17,2025-07-06 13:01:53
2533,Dr. Tyler Hill,campbellmargaret@example.net,1,55-64,Male,True,True,True,Mobile,2025-07-07 18:57:45,2025-09-12 13:20:08
2534,Tina Hancock,cburke@example.org,23,45-54,Male,True,False,True,Tablet,2025-01-20 05:38:35,2025-04-17 18:32:51
2535,James Hester,ingrambrandon@example.com,48,45-54,Male,True,False,False,Desktop,2025-10-22 09:27:01,2025-12-10 21:32:02
2536,Amanda Moreno,hcastaneda@example.com,32,55-64,Female,True,True,True,Desktop,2024-07-06 19:54:03,2025-11-04 19:38:09
2537,Andrea Oliver,wrightdrew@example.org,36,35-44,Male,True,True,False,Mobile,2025-07-05 20:57:25,2025-12-14 18:24:15
2538,Elizabeth Green,wendyclark@example.org,3,65+,Female,True,True,False,Tablet,2022-12-27 16:43:22,2025-08-23 22:59:38
2539,William Davis,harrisamy@example.org,1,35-44,Male,True,True,False,Tablet,2022-04-15 16:10:24,2022-07-06 14:33:02
2540,Michael Miller,iwilson@example.net,13,35-44,Male,True,True,True,Tablet,2022-04-22 07:42:55,2025-03-06 10:09:40
2541,Ruth Davies,rebecca02@example.net,39,35-44,Female,False,True,False,Desktop,2022-05-17 19:01:34,2024-10-24 09:49:25
2542,Bryan Pittman,trosales@example.com,14,35-44,Female,True,True,True,Desktop,2024-02-17 07:16:22,2025-04-29 23:38:35
2543,Patricia Lawson,galvarez@example.com,36,25-34,Female,True,True,True,Mobile,2022-07-11 11:32:46,2024-03-09 13:23:04
2544,Larry Allen,johnsondana@example.com,20,25-34,Female,True,False,False,Mobile,2023-11-18 11:38:50,2024-06-28 11:25:13
2545,Mrs. Laura Mitchell,darlenewilson@example.com,34,55-64,Male,True,True,True,Desktop,2024-05-09 17:09:01,2024-07-13 19:08:22
2546,Thomas Robinson,jenkinselizabeth@example.net,7,25-34,Female,True,True,True,Desktop,2025-05-11 19:30:50,2025-05-27 09:43:12
2547,Robin Rogers,gregory74@example.org,7,18-24,Female,True,True,False,Desktop,2022-09-17 07:18:35,2022-12-04 15:09:00
2548,Nathan Brown,msilva@example.net,3,35-44,Female,True,True,False,Mobile,2022-01-03 10:42:03,2024-07-03 23:18:37
2549,Heather Myers,william93@example.org,33,35-44,Male,True,True,True,Desktop,2024-05-08 17:31:25,2025-03-09 18:15:33
2550,Mercedes Peterson MD,xclark@example.net,38,18-24,Male,True,True,False,Mobile,2022-02-12 09:14:49,2022-07-10 19:01:01
2551,Joan Ramsey DDS,wpowell@example.net,42,35-44,Prefer not to say,True,True,True,Desktop,2023-02-19 15:45:17,2023-07-19 07:36:36
2552,Shane Alvarez,millermichele@example.net,11,18-24,Male,False,True,True,Mobile,2023-05-21 19:22:06,2024-04-29 15:51:24
2553,William Gray,qcallahan@example.org,24,25-34,Male,False,False,True,Desktop,2025-07-12 08:02:08,2025-07-29 09:18:02
2554,Ashley Smith,mortiz@example.org,17,18-24,Female,True,True,True,Mobile,2025-01-06 06:23:33,2025-06-30 17:02:52
2555,Ariel Taylor,adrianrussell@example.org,8,55-64,Male,True,True,True,Desktop,2024-07-29 10:26:25,2025-12-09 13:45:34
2556,Ricky Martin,douglashernandez@example.org,13,35-44,Male,True,True,False,Desktop,2023-12-03 15:39:02,2024-02-23 17:24:51
2557,Kaitlin Cline,michaelobrien@example.net,45,35-44,Male,True,True,False,Mobile,2024-02-17 10:09:00,2024-08-24 08:51:16
2558,Nicholas Spencer,hjacobs@example.org,15,65+,Female,False,False,True,Mobile,2023-02-20 21:15:29,2023-02-21 06:23:02
2559,Taylor Reed,mckenziesonya@example.com,17,55-64,Female,True,True,True,Mobile,2023-06-06 11:24:40,2025-05-27 17:07:58
2560,Tanya Martin,sandrasmith@example.com,33,35-44,Female,False,True,False,Tablet,2022-09-29 02:29:59,2025-11-06 20:05:55
2561,Heather Burns,georgesteven@example.org,39,18-24,Male,True,True,False,Mobile,2023-02-09 07:20:54,2024-12-05 22:42:43
2562,Benjamin Jacobson,howellrenee@example.net,13,45-54,Female,True,False,False,Tablet,2022-02-10 09:02:14,2025-09-02 09:17:05
2563,Gary Blake,spearsjose@example.com,15,25-34,Female,True,True,True,Desktop,2025-08-12 07:00:21,2025-09-11 21:44:45
2564,Stephen Anderson,thompsondarlene@example.net,18,55-64,Female,False,True,True,Tablet,2024-02-17 14:32:23,2025-08-03 13:36:47
2565,Daniel Cooper,nunezjeremy@example.net,23,45-54,Male,True,True,False,Desktop,2024-02-17 14:13:04,2025-03-30 02:06:16
2566,Daniel Guerrero,pking@example.net,47,25-34,Male,False,False,True,Tablet,2024-03-29 10:30:38,2024-06-09 10:03:29
2567,Gary Morris,robyn59@example.net,39,65+,Male,True,True,False,Tablet,2023-07-18 18:39:58,2024-12-06 22:28:00
2568,Diana Johnston,flowerscarrie@example.com,1,55-64,Male,True,True,True,Mobile,2023-03-05 10:11:52,2025-04-23 18:19:04
2569,Steven Meyer,esmith@example.net,26,25-34,Female,True,True,True,Desktop,2024-03-03 22:44:41,2024-04-03 16:22:31
2570,David Avila,scott01@example.com,15,25-34,Male,True,True,True,Tablet,2022-03-09 18:18:26,2023-06-08 20:10:20
2571,Daniel Beck,evansrachel@example.org,41,45-54,Female,True,True,True,Desktop,2023-03-22 12:38:19,2024-06-07 21:24:49
2572,Douglas Mendoza,kgilbert@example.net,4,65+,Male,True,True,True,Mobile,2022-07-15 01:41:15,2023-04-15 13:06:01
2573,Joe Hood,marcuswalter@example.org,13,55-64,Female,True,True,False,Mobile,2024-05-07 18:20:36,2024-12-26 21:38:12
2574,Charles King,kevinsmith@example.org,3,25-34,Male,False,True,True,Desktop,2024-01-14 13:36:45,2025-05-01 20:53:03
2575,Brian Rivera,sherisanders@example.org,15,45-54,Female,True,True,False,Desktop,2023-01-19 10:37:27,2024-05-15 13:14:14
2576,Ryan Richards,cruzmary@example.net,50,45-54,Female,False,True,False,Mobile,2023-04-04 11:10:14,2024-03-02 17:06:30
2577,Jacob Brown,jeffreythomas@example.com,41,35-44,Male,False,True,False,Tablet,2025-02-05 10:44:51,2025-02-09 17:11:24
2578,Daniel Miller,aliciaperez@example.com,37,55-64,Female,True,True,True,Tablet,2024-08-03 15:53:29,2024-12-26 09:29:13
2579,Jenna Conway,ramoscory@example.com,36,55-64,Female,True,True,False,Tablet,2022-01-29 19:59:58,2025-04-15 08:47:51
2580,Allison Miller,xweaver@example.org,43,18-24,Female,False,False,True,Mobile,2025-08-23 08:30:42,2025-10-30 20:35:29
2581,Christopher Sullivan,thomasmooney@example.org,29,65+,Male,True,True,True,Mobile,2025-06-20 20:57:48,2025-08-22 14:38:24
2582,Nicole Maddox,combsbrenda@example.net,8,25-34,Male,True,True,True,Mobile,2023-07-09 20:29:38,2025-12-02 07:56:45
2583,Heather Lopez,butleremily@example.org,14,55-64,Female,True,True,False,Tablet,2022-03-05 22:23:48,2024-03-08 09:19:25
2584,James Perez,dmiller@example.org,15,35-44,Male,True,True,False,Mobile,2022-05-29 23:41:20,2023-04-04 11:00:54
2585,Maria Jordan,vthomas@example.com,24,25-34,Female,False,True,True,Mobile,2022-03-23 19:25:25,2022-04-21 22:37:09
2586,Amy Singh,tara40@example.net,8,45-54,Female,True,True,True,Mobile,2024-09-28 12:03:00,2025-07-24 05:05:50
2587,Brenda Smith,jessica32@example.net,50,45-54,Female,True,False,False,Mobile,2023-09-21 20:29:12,2025-12-12 17:50:16
2588,Julie Moon,mitchellnicholas@example.com,13,35-44,Male,False,True,True,Tablet,2022-11-24 05:47:35,2025-11-02 16:41:48
2589,Richard Wilson,sierra53@example.net,26,35-44,Male,False,True,True,Desktop,2024-10-23 19:56:58,2025-10-08 19:35:54
2590,Meagan Dickson,tcosta@example.com,16,45-54,Male,False,True,True,Desktop,2024-05-09 16:31:43,2025-10-24 21:29:40
2591,Maria Malone,martinezkristen@example.org,36,18-24,Male,True,True,True,Desktop,2023-04-21 06:08:08,2024-03-19 23:49:33
2592,Karen Brown,roblescolleen@example.org,41,65+,Male,True,True,True,Mobile,2024-02-14 20:07:30,2025-08-17 12:40:40
2593,John Payne,ojohnson@example.com,21,65+,Female,True,True,True,Mobile,2022-07-04 19:27:38,2022-09-29 09:32:12
2594,Chris Sutton,ryanbrenda@example.org,46,35-44,Male,True,True,False,Tablet,2024-06-04 20:09:14,2024-09-26 20:42:04
2595,Michelle Holland,robert71@example.org,7,25-34,Female,True,True,True,Tablet,2025-04-30 08:56:40,2025-07-25 20:51:29
2596,Alex Johnson,shawnrogers@example.org,12,65+,Male,True,True,True,Mobile,2023-02-05 17:54:55,2023-07-13 08:11:20
2597,Brittany Sanchez,clarkjordan@example.com,35,35-44,Male,False,True,True,Mobile,2024-03-08 20:47:40,2025-02-19 12:45:46
2598,Jamie Clark,ifischer@example.net,2,25-34,Female,True,True,False,Tablet,2024-04-18 09:27:16,2025-05-02 02:45:33
2599,Rebecca Crawford,ashley53@example.net,25,45-54,Male,True,True,True,Mobile,2022-12-27 19:50:44,2024-06-11 05:40:58
2600,Mary Johnson,klara@example.net,47,25-34,Male,True,True,True,Tablet,2022-07-15 21:36:06,2022-11-09 19:01:45
2601,Sean Mcdowell,bryce27@example.org,21,35-44,Male,False,True,True,Tablet,2023-08-22 22:25:46,2024-04-25 02:09:12
2602,Victor Browning,xclements@example.net,30,65+,Female,True,True,False,Tablet,2025-10-21 18:36:31,2025-11-07 14:14:46
2603,John Jenkins,ldixon@example.com,10,25-34,Male,True,True,True,Mobile,2023-07-03 10:22:04,2025-10-13 17:41:52
2604,Donna Richardson,smithrichard@example.org,28,18-24,Male,False,True,True,Mobile,2022-08-12 23:59:29,2023-07-18 01:45:33
2605,Tracy Barnes,vferguson@example.org,14,18-24,Male,True,True,True,Tablet,2023-03-17 08:35:18,2025-11-03 19:10:13
2606,Pamela Christensen,ldawson@example.net,17,65+,Female,True,True,False,Mobile,2022-07-20 22:44:09,2024-11-02 17:10:40
2607,Lisa Silva,jonathanwiley@example.org,34,25-34,Male,True,True,False,Desktop,2025-08-14 20:02:56,2025-11-12 14:45:33
2608,Sean Douglas,lopezkristin@example.com,5,45-54,Female,True,True,True,Tablet,2022-04-13 16:09:11,2024-05-24 00:08:00
2609,Miss Sarah Barnett,mitchellmichael@example.com,28,45-54,Male,True,True,True,Tablet,2025-06-03 06:43:45,2025-08-31 08:39:44
2610,Jacqueline Shields,helen07@example.org,24,55-64,Male,True,True,True,Desktop,2024-10-08 10:21:05,2025-04-26 19:01:01
2611,Anna Chavez,kimlee@example.net,4,18-24,Male,False,True,True,Mobile,2022-10-12 19:08:27,2024-11-03 21:13:44
2612,Keith Warner,caleb67@example.com,13,45-54,Female,False,True,True,Desktop,2024-10-19 08:41:33,2024-12-23 09:45:57
2613,Jason Robinson,melindabowers@example.net,37,18-24,Female,True,True,False,Tablet,2024-12-07 11:13:36,2025-05-22 07:27:49
2614,Charles Leon,anthonyavery@example.org,40,25-34,Female,False,True,True,Mobile,2023-08-20 12:07:27,2023-08-23 20:50:27
2615,Kathy Adams,xmontoya@example.net,7,35-44,Male,True,True,True,Desktop,2025-05-31 09:17:58,2025-10-20 09:01:24
2616,Samuel Lowe,yjohnson@example.net,42,18-24,Male,True,False,False,Mobile,2022-10-12 20:21:35,2025-12-06 03:21:46
2617,Jennifer Cummings,terrypatrick@example.com,1,25-34,Male,True,True,True,Tablet,2022-08-21 16:37:08,2025-11-17 10:07:22
2618,Stephanie Mcdowell,andrewgalloway@example.com,11,45-54,Male,True,True,True,Tablet,2024-06-14 12:46:46,2024-10-31 20:07:21
2619,Sean Thomas,kathryn19@example.org,42,35-44,Male,True,True,True,Tablet,2023-01-27 22:20:32,2025-02-18 20:12:29
2620,Shelly Jones,kelly17@example.com,48,55-64,Male,True,True,True,Desktop,2023-06-08 21:19:31,2025-07-06 23:11:21
2621,Michelle Brown,robinsonalexandria@example.net,12,35-44,Female,True,True,True,Mobile,2025-01-06 20:52:20,2025-07-06 11:43:27
2622,Donna Little,campbelljoseph@example.org,17,65+,Male,False,False,True,Tablet,2024-03-18 23:17:34,2025-07-13 17:15:01
2623,Angela Lewis,james14@example.net,20,55-64,Male,True,False,True,Tablet,2023-05-03 20:30:07,2024-05-05 20:27:04
2624,Harold Williams,weberalexander@example.com,39,55-64,Male,False,True,True,Desktop,2024-06-22 11:44:49,2025-03-07 10:46:23
2625,Brian Randall,cdunn@example.org,44,25-34,Male,True,True,True,Desktop,2023-12-24 14:38:38,2024-08-09 23:05:06
2626,Joel Barr,sullivancatherine@example.net,17,25-34,Female,True,False,True,Tablet,2025-09-07 20:29:26,2025-11-06 22:28:55
2627,Mr. Brandon Diaz,zcoleman@example.net,3,55-64,Male,True,False,True,Mobile,2024-02-21 23:54:22,2025-06-01 22:36:29
2628,Julie Decker,vkelly@example.net,25,18-24,Female,True,True,False,Mobile,2025-09-29 20:12:24,2025-10-07 19:38:49
2629,Austin Kane,michelle58@example.org,40,45-54,Male,False,True,True,Mobile,2023-12-31 08:32:40,2025-04-18 17:33:37
2630,Andrea Bailey,scott28@example.com,49,45-54,Female,False,True,True,Tablet,2023-06-09 19:47:15,2024-01-30 19:36:38
2631,Ms. Leslie Juarez,justinhughes@example.net,15,25-34,Female,False,False,False,Mobile,2022-12-12 21:21:44,2025-10-23 12:03:58
2632,Karen Hansen,maldonadoamber@example.com,40,35-44,Female,True,True,True,Mobile,2022-07-18 15:46:41,2024-02-21 22:35:55
2633,Dr. Aaron Golden,adamkramer@example.com,37,18-24,Male,True,True,True,Tablet,2025-07-23 22:29:25,2025-09-23 19:03:45
2634,John Cruz,jonathanjones@example.com,21,35-44,Female,True,False,True,Mobile,2022-10-14 20:46:41,2025-08-22 20:50:17
2635,Calvin Holmes,ronald30@example.net,11,45-54,Male,True,False,True,Mobile,2025-02-08 21:02:28,2025-09-16 12:57:53
2636,Kimberly Elliott,umartinez@example.org,45,25-34,Female,False,True,True,Tablet,2023-10-16 10:28:53,2024-03-14 11:36:06
2637,Sean Kirk,eleon@example.com,46,55-64,Female,True,True,False,Desktop,2024-06-12 08:39:33,2025-08-07 10:40:40
2638,Shawn Mason,luissteele@example.com,44,35-44,Male,False,True,True,Tablet,2025-07-10 11:54:20,2025-12-07 14:48:14
2639,Richard Brown,jsolomon@example.org,32,55-64,Female,True,True,False,Tablet,2024-07-01 10:52:13,2025-11-03 23:43:02
2640,Brenda Phillips,tracy05@example.net,41,55-64,Male,True,True,True,Tablet,2022-03-09 20:29:24,2022-09-19 07:58:43
2641,Jillian Harrison,rmichael@example.net,46,35-44,Male,True,True,True,Tablet,2024-07-10 09:37:10,2025-09-26 08:12:45
2642,Michael Hamilton,dpowell@example.com,12,25-34,Female,False,False,False,Desktop,2024-03-26 10:35:21,2025-01-18 19:02:46
2643,Jamie Bond,keithadams@example.org,46,25-34,Male,True,True,True,Mobile,2023-02-19 11:10:29,2024-11-05 09:44:42
2644,Roger Campbell,valeriejames@example.net,19,35-44,Female,False,True,False,Desktop,2024-05-10 08:08:15,2024-12-10 09:31:04
2645,Tina White,rileykathleen@example.org,10,18-24,Male,True,True,True,Desktop,2023-05-25 11:44:28,2025-05-23 23:02:58
2646,Ivan Mitchell,robertfarmer@example.com,31,55-64,Male,True,True,True,Tablet,2025-10-08 09:59:50,2025-11-24 11:17:51
2647,Terry Murphy,williamsrandy@example.org,1,55-64,Male,True,True,False,Mobile,2023-11-21 17:40:09,2025-03-18 14:46:48
2648,James Castro,elizabethkirk@example.com,41,18-24,Male,True,True,True,Tablet,2023-08-10 21:58:34,2023-09-05 18:41:45
2649,Christina Flores,michaelkline@example.net,38,25-34,Male,True,True,True,Desktop,2024-04-16 00:16:23,2025-09-23 11:51:21
2650,Kelly Meyers,tsanchez@example.net,14,25-34,Male,True,False,True,Tablet,2022-09-19 15:49:34,2023-08-20 18:43:19
2651,Drew Decker,andrewclark@example.com,12,45-54,Female,True,True,False,Mobile,2025-07-16 05:43:52,2025-12-12 12:01:33
2652,Jacob Osborne,lanceryan@example.com,44,25-34,Male,True,False,False,Desktop,2024-08-27 22:27:56,2025-09-19 22:01:11
2653,Nathan Santiago,aaron02@example.org,30,18-24,Female,False,True,True,Mobile,2025-04-15 07:49:38,2025-09-06 04:41:58
2654,Melvin Bennett,floresbridget@example.net,30,35-44,Male,True,True,True,Mobile,2024-02-03 09:54:13,2025-04-30 09:39:02
2655,Kathleen Wilson,jessicakoch@example.net,15,35-44,Female,False,True,True,Desktop,2024-12-07 17:12:43,2025-03-21 09:43:52
2656,Jason Rios,patrickmarquez@example.org,15,18-24,Male,True,True,False,Tablet,2024-10-11 20:39:09,2025-12-09 07:54:21
2657,Nathan Lawrence,cameronramos@example.org,48,25-34,Male,True,True,True,Desktop,2025-02-09 08:09:32,2025-03-08 09:29:28
2658,Rodney Coffey,alisonhaas@example.org,36,65+,Male,True,True,False,Tablet,2024-10-14 19:34:56,2025-09-24 13:10:57
2659,Joshua Harding,colleenwilliams@example.net,37,35-44,Female,True,True,True,Tablet,2023-04-15 19:01:05,2025-10-29 23:10:26
2660,Madeline Butler,sanchezrobert@example.org,37,35-44,Female,True,True,False,Desktop,2022-11-18 10:47:56,2025-09-20 10:26:00
2661,Rita Taylor,emilypatterson@example.org,12,25-34,Male,True,True,True,Tablet,2024-01-17 13:44:40,2025-04-09 09:52:21
2662,Elizabeth Ellis,kayla05@example.net,45,45-54,Male,True,True,False,Desktop,2023-05-03 21:16:00,2025-11-29 13:51:44
2663,Anita Petty,emilyharmon@example.org,10,35-44,Male,True,True,True,Mobile,2022-11-05 07:57:39,2025-12-07 16:38:29
2664,Lindsey Montgomery,tiffany18@example.net,25,25-34,Male,True,True,True,Tablet,2025-04-20 21:43:46,2025-08-01 06:41:48
2665,Jay Hall,wquinn@example.net,26,35-44,Male,True,True,False,Desktop,2025-10-13 15:27:02,2025-11-29 11:46:45
2666,John Mendoza,hickstimothy@example.org,5,18-24,Female,True,True,True,Desktop,2022-02-10 11:30:55,2024-11-28 17:23:40
2667,Jennifer Young,angel62@example.com,44,25-34,Female,False,True,True,Tablet,2024-07-09 07:43:23,2025-04-19 09:23:43
2668,Jeffery Graham,hudsongwendolyn@example.com,45,18-24,Male,True,True,True,Mobile,2025-07-17 16:16:35,2025-08-11 02:28:00
2669,Robert Jackson,fordbeverly@example.org,4,35-44,Male,True,True,False,Tablet,2024-06-19 11:02:30,2024-08-04 14:06:46
2670,Frank Dean,bmarshall@example.com,42,65+,Male,True,True,True,Mobile,2025-02-04 11:28:38,2025-07-31 11:44:09
2671,Alexander Roberson,susan80@example.com,4,55-64,Female,False,True,True,Desktop,2025-09-25 22:36:59,2025-12-01 00:43:30
2672,Taylor Martinez,xrodriguez@example.com,44,45-54,Female,False,True,True,Mobile,2022-02-11 05:22:42,2022-05-23 09:30:10
2673,Benjamin Morrow,michelle51@example.net,40,55-64,Male,True,True,False,Desktop,2023-04-07 23:11:39,2024-09-30 21:30:23
2674,William Fox,browndenise@example.org,48,65+,Female,True,True,True,Desktop,2024-01-16 18:55:38,2024-03-12 12:38:55
2675,Kristopher Little,fhoffman@example.com,42,25-34,Male,True,True,False,Mobile,2022-01-07 18:43:39,2024-05-23 20:16:42
2676,Maria Schroeder,andrewgarcia@example.org,6,65+,Prefer not to say,True,False,False,Mobile,2024-06-13 13:02:50,2025-12-10 20:54:23
2677,Jenna Garrett,khill@example.org,37,45-54,Female,True,True,False,Desktop,2023-04-21 21:50:27,2023-05-03 20:25:47
2678,Zachary Martin,rickyclark@example.org,50,18-24,Female,True,True,False,Tablet,2023-07-16 20:00:53,2025-02-02 16:21:31
2679,Andrew Patton,bfowler@example.org,18,35-44,Male,True,False,False,Tablet,2024-06-05 10:46:25,2024-06-13 15:05:17
2680,Marilyn Henderson,jacqueline97@example.com,17,25-34,Male,True,True,True,Desktop,2025-02-10 12:18:47,2025-10-09 04:22:28
2681,Donna Johnson,troy14@example.com,38,18-24,Female,True,False,False,Tablet,2022-12-01 11:15:20,2025-10-15 08:28:47
2682,Stephanie Gregory,uscott@example.com,27,45-54,Female,True,True,False,Tablet,2023-07-02 12:44:55,2025-02-16 06:34:16
2683,Matthew King,jeffery51@example.com,27,18-24,Female,True,True,False,Mobile,2024-01-30 09:10:04,2025-01-01 09:52:36
2684,Kimberly Carson,sara83@example.net,49,18-24,Male,True,True,True,Tablet,2023-06-17 18:44:59,2024-07-12 21:00:56
2685,Edward Figueroa,donnamcintosh@example.net,22,25-34,Female,False,True,False,Desktop,2024-11-11 22:31:42,2025-02-25 22:00:21
2686,Jason Simpson,tirwin@example.net,5,55-64,Female,True,True,True,Tablet,2024-02-05 21:35:55,2024-11-22 07:39:09
2687,Roberta Kennedy,gsmith@example.net,16,65+,Female,True,True,True,Desktop,2023-03-15 09:19:24,2023-08-17 00:11:37
2688,Jennifer Brock,dianebanks@example.com,30,25-34,Male,True,True,False,Tablet,2023-02-11 23:56:11,2023-07-26 06:27:05
2689,Kyle Rogers,kellykathryn@example.com,40,65+,Female,True,True,True,Desktop,2022-12-08 20:11:27,2025-11-17 13:53:27
2690,Amanda Thompson MD,amartin@example.org,29,45-54,Other,True,True,False,Mobile,2023-03-23 22:21:18,2023-05-21 10:32:16
2691,Olivia Blake,terrysean@example.net,1,45-54,Other,True,True,True,Mobile,2023-10-03 19:37:44,2024-05-15 23:26:56
2692,Emily Reid,elizabeth03@example.net,34,45-54,Male,False,True,True,Desktop,2023-11-17 23:37:13,2024-03-03 09:57:15
2693,Justin Bell,benjamin20@example.com,27,18-24,Female,False,True,False,Mobile,2025-07-18 14:15:27,2025-07-27 19:42:22
2694,Justin Collins,jeremy12@example.com,30,18-24,Male,True,True,False,Mobile,2025-10-20 19:44:58,2025-10-21 09:57:03
2695,Melinda Holloway,woliver@example.com,20,25-34,Male,False,False,True,Tablet,2024-04-14 07:02:08,2025-07-28 19:28:40
2696,Ashlee Thomas,barbara42@example.com,42,25-34,Male,False,True,True,Mobile,2022-09-21 19:58:31,2025-04-19 06:26:40
2697,Brittany Hamilton,zescobar@example.net,45,18-24,Female,True,False,True,Mobile,2023-05-16 20:06:08,2025-08-28 18:13:34
2698,Kathleen Rice,michael51@example.com,23,45-54,Female,True,True,True,Desktop,2023-04-27 21:26:04,2025-02-21 10:56:19
2699,Larry Stout,richardsmario@example.org,41,55-64,Female,True,True,False,Tablet,2024-06-03 19:18:05,2025-01-30 15:01:10
2700,Ronald Edwards,haleyhale@example.com,21,55-64,Female,True,False,True,Desktop,2023-10-29 16:34:24,2025-09-29 13:02:58
2701,Jennifer Gonzalez,gwright@example.org,35,65+,Male,True,True,True,Tablet,2022-07-09 09:32:56,2023-02-28 08:44:53
2702,Jade Henderson,kathleenscott@example.org,30,18-24,Female,False,True,True,Mobile,2025-03-29 09:43:10,2025-09-19 20:34:35
2703,Kelly Dixon,amyers@example.net,29,65+,Female,True,True,False,Tablet,2022-09-01 08:27:24,2024-01-23 15:18:08
2704,Angela Collier,andrewanthony@example.net,48,25-34,Male,True,True,False,Desktop,2024-05-19 19:21:11,2024-06-22 14:33:29
2705,Johnny Brown,antonio59@example.net,1,35-44,Female,True,True,True,Desktop,2024-04-16 13:14:53,2025-11-14 09:05:47
2706,Michael Cummings,zperez@example.org,24,35-44,Male,True,True,False,Desktop,2024-01-26 20:48:48,2025-10-19 23:40:45
2707,Richard Carey,parkermax@example.org,14,25-34,Male,True,True,False,Desktop,2025-08-18 15:45:49,2025-12-09 03:16:21
2708,Jacob Cabrera,cevans@example.net,23,55-64,Female,False,True,False,Desktop,2024-07-08 09:40:42,2025-06-14 20:10:35
2709,Ashley Scott,xcox@example.com,27,35-44,Female,False,True,True,Desktop,2022-07-22 04:46:09,2023-02-25 11:21:18
2710,Ashley Rivera,goodmancourtney@example.org,27,35-44,Female,False,True,False,Desktop,2023-06-14 21:29:41,2023-11-30 04:06:06
2711,Maria Wright,jeffrey10@example.net,15,35-44,Female,False,True,True,Desktop,2025-06-06 18:55:18,2025-09-14 12:41:29
2712,Mrs. Barbara Day,alfred29@example.org,48,45-54,Female,True,True,True,Mobile,2024-07-02 22:17:32,2024-09-23 18:57:16
2713,Jean Casey,lisa73@example.org,35,35-44,Female,True,True,True,Mobile,2025-08-20 22:10:18,2025-12-07 17:21:22
2714,Lucas Manning,nperez@example.org,38,45-54,Male,True,True,True,Mobile,2023-12-14 09:39:16,2025-08-21 22:37:53
2715,Keith Jones,scott76@example.com,46,18-24,Female,True,True,False,Mobile,2022-08-08 18:38:20,2024-08-04 09:05:08
2716,Jose Hayes,ramoskelly@example.net,10,35-44,Male,True,True,True,Tablet,2022-06-09 19:32:31,2022-07-13 06:48:24
2717,Scott Brown,louis02@example.org,24,55-64,Male,True,True,True,Desktop,2024-11-01 20:04:02,2025-10-10 16:01:07
2718,Kelly Castro,eatonjulie@example.com,50,35-44,Prefer not to say,False,True,True,Tablet,2022-07-03 02:40:41,2024-09-24 13:10:32
2719,Eugene Ross,pwilliams@example.org,23,65+,Male,True,True,False,Mobile,2024-06-11 11:44:58,2025-10-10 17:57:18
2720,Christine Russell,tshelton@example.net,25,18-24,Female,True,True,True,Desktop,2023-01-16 21:20:57,2024-10-20 18:44:40
2721,Richard Weaver,williamspamela@example.net,21,18-24,Female,False,True,False,Desktop,2022-04-07 21:35:14,2024-11-20 18:10:44
2722,Seth Edwards,johnbrooks@example.org,50,45-54,Male,True,False,True,Tablet,2024-07-19 21:49:33,2025-03-05 18:32:10
2723,David Sandoval,michaelyoung@example.org,46,25-34,Male,False,True,False,Mobile,2024-02-03 09:19:53,2024-05-21 21:31:18
2724,Angela Goodwin,umills@example.net,13,18-24,Female,True,True,True,Tablet,2024-12-14 15:24:48,2025-09-10 18:16:29
2725,Joshua Rhodes,wongjacqueline@example.org,11,45-54,Male,False,True,False,Tablet,2023-07-30 11:54:15,2024-07-24 08:59:05
2726,Jordan Mccarthy,lpatterson@example.org,2,35-44,Male,False,True,True,Mobile,2024-10-29 08:49:27,2025-07-03 09:41:53
2727,Michael Garcia,levyrobin@example.com,21,35-44,Male,True,False,True,Desktop,2022-03-01 11:53:42,2023-07-03 08:30:36
2728,Shelby Johnson,dalton37@example.org,21,25-34,Male,True,True,False,Mobile,2022-06-09 06:51:58,2023-04-15 18:57:09
2729,Richard Molina,lauren45@example.com,33,45-54,Male,True,True,False,Desktop,2024-01-11 08:19:47,2024-03-07 22:14:16
2730,Luis Cooper,mcarson@example.org,12,35-44,Male,True,True,True,Mobile,2025-07-31 19:57:29,2025-09-26 12:26:05
2731,Jeremy Cohen,wattsemma@example.net,15,18-24,Male,False,True,True,Tablet,2023-09-27 18:56:44,2024-11-03 19:32:05
2732,Kevin Morales,judyhubbard@example.com,5,35-44,Female,True,True,True,Tablet,2023-08-04 22:03:35,2023-12-04 16:33:45
2733,Alexander Cox,stephengonzalez@example.net,5,45-54,Male,True,True,False,Mobile,2025-07-16 07:36:55,2025-09-20 17:32:09
2734,Carol Taylor DDS,elizabeth14@example.com,41,25-34,Male,True,False,False,Mobile,2023-10-31 07:09:14,2024-06-09 20:56:55
2735,Jeff Luna,phillipserin@example.org,36,65+,Male,True,True,False,Desktop,2025-01-06 21:05:00,2025-11-05 21:13:44
2736,Edward Sims,brookskenneth@example.org,14,55-64,Male,False,True,False,Desktop,2025-01-31 03:52:55,2025-06-12 03:15:46
2737,Jennifer Eaton,bgreen@example.com,34,35-44,Male,True,True,True,Tablet,2022-06-07 17:27:01,2023-10-30 22:04:16
2738,Jasmine Dixon,nmcintosh@example.com,5,55-64,Female,True,True,False,Tablet,2023-06-28 08:45:55,2024-06-01 18:09:14
2739,Allen Weaver,pvega@example.org,43,45-54,Female,True,False,False,Mobile,2024-02-11 15:41:32,2025-07-19 19:05:41
2740,Pamela Ray,juliethomas@example.net,50,25-34,Male,False,True,True,Tablet,2023-07-16 22:48:54,2024-02-01 17:24:55
2741,Carol Donovan,orivera@example.com,44,45-54,Female,True,True,True,Desktop,2025-10-13 09:58:38,2025-11-19 21:25:25
2742,Patrick Jennings,millershannon@example.org,1,55-64,Female,False,True,False,Tablet,2022-04-01 05:31:06,2025-08-12 19:20:33
2743,Corey Miller,griffinbrandy@example.com,2,55-64,Male,False,True,True,Tablet,2023-12-20 12:15:11,2024-07-10 09:13:54
2744,Mr. Joseph Daniel,marissa74@example.net,11,25-34,Male,False,True,True,Mobile,2024-07-01 16:33:35,2025-09-25 08:56:41
2745,Christopher Oneill,henrydaniel@example.net,10,45-54,Female,True,True,True,Mobile,2024-05-09 16:56:20,2025-05-09 21:53:44
2746,Heather Rojas DDS,cooleypatricia@example.org,2,65+,Female,True,True,False,Desktop,2025-04-09 08:49:07,2025-10-23 21:26:50
2747,Melinda Rosario,richard31@example.com,13,25-34,Female,True,True,True,Mobile,2023-08-29 15:35:58,2024-10-15 08:45:31
2748,Veronica Richardson,shane26@example.org,34,25-34,Male,False,True,False,Tablet,2022-10-07 03:44:15,2023-01-24 12:28:23
2749,John Castro,davismary@example.org,3,35-44,Male,True,False,True,Desktop,2023-08-09 09:25:14,2024-04-27 15:05:08
2750,Lauren Richards,kmoreno@example.net,33,18-24,Female,True,True,True,Mobile,2024-01-06 12:07:16,2025-05-09 11:19:00
2751,Alexandria Jones,ybailey@example.net,5,18-24,Female,True,True,False,Mobile,2022-03-08 16:45:19,2025-01-23 19:44:24
2752,William Lee,langjohn@example.com,48,45-54,Female,True,True,True,Desktop,2024-08-31 21:04:05,2024-10-24 15:10:25
2753,Andrew Abbott,hannah03@example.com,33,45-54,Female,False,False,False,Desktop,2024-05-08 21:11:47,2025-03-12 12:15:24
2754,Jacqueline Frank,matthewfisher@example.org,44,25-34,Female,True,True,True,Tablet,2024-07-29 13:17:51,2025-05-28 02:18:56
2755,Sandra Hernandez,yvette39@example.net,6,18-24,Female,True,True,True,Mobile,2024-08-09 12:27:01,2025-11-04 00:00:54
2756,Stephanie Rodriguez,chad92@example.com,18,45-54,Female,True,True,False,Tablet,2022-08-04 22:33:24,2025-08-27 20:30:58
2757,Sarah Leach,marilyn62@example.org,24,45-54,Female,False,True,False,Desktop,2024-02-20 21:13:24,2025-09-25 20:14:34
2758,Jennifer Johnson,mhall@example.com,46,45-54,Male,True,False,True,Mobile,2025-02-19 02:50:37,2025-12-12 08:01:49
2759,Raymond King,cliffordprice@example.org,49,45-54,Male,True,True,True,Desktop,2023-05-16 06:26:51,2023-08-16 19:16:54
2760,Julie Ross,kimberly90@example.net,45,35-44,Female,False,True,False,Desktop,2024-04-23 08:47:30,2024-04-28 20:02:00
2761,Stephen Riley,rtaylor@example.net,17,25-34,Female,True,True,True,Mobile,2024-04-01 21:07:19,2025-06-08 20:38:22
2762,Sharon Park,xwebb@example.org,23,55-64,Male,True,True,False,Mobile,2022-02-14 23:48:44,2025-11-24 14:44:44
2763,Jennifer Romero,wileyjason@example.net,46,55-64,Female,True,True,True,Tablet,2023-04-05 12:59:47,2025-10-22 21:56:59
2764,John Taylor,tsandoval@example.com,21,45-54,Female,False,True,False,Desktop,2023-10-21 20:44:48,2025-10-24 10:11:14
2765,Casey Jackson,jessicalandry@example.org,44,65+,Female,True,True,True,Mobile,2025-09-25 09:46:32,2025-11-21 17:45:05
2766,Mindy Cochran,jenkinsrita@example.org,29,35-44,Male,False,True,True,Tablet,2024-08-20 07:45:39,2025-04-30 09:41:21
2767,Adrian Snow,bankskyle@example.com,12,45-54,Female,False,True,True,Desktop,2024-10-23 10:18:05,2025-04-22 19:54:18
2768,Sarah Moore,moorejoshua@example.com,41,25-34,Male,True,True,True,Desktop,2022-08-24 20:50:56,2025-02-28 20:34:12
2769,Gregory Kline,wilsonjill@example.com,9,35-44,Male,True,True,False,Mobile,2022-01-11 18:36:35,2024-05-21 07:13:03
2770,Donald Salazar,dakota75@example.org,47,65+,Female,False,False,False,Tablet,2024-07-08 20:21:33,2025-12-04 16:56:46
2771,Corey Williams,mariah24@example.com,1,35-44,Female,True,True,True,Desktop,2024-05-18 21:50:38,2025-05-10 10:59:46
2772,Katie Summers,qdalton@example.org,33,25-34,Female,True,True,True,Desktop,2025-10-17 09:24:45,2025-11-26 18:06:37
2773,Luis White,austinfrye@example.org,43,35-44,Female,True,True,False,Mobile,2022-02-07 21:31:13,2022-11-14 22:52:49
2774,Matthew Duarte,kimberlyhudson@example.org,44,55-64,Female,True,True,True,Mobile,2023-11-03 15:46:42,2025-05-05 14:18:35
2775,Anna Jones,chelseasmith@example.net,11,18-24,Female,False,True,True,Mobile,2022-11-21 18:21:15,2024-01-24 08:59:06
2776,Douglas Mccoy,kellygray@example.net,40,35-44,Male,False,True,True,Tablet,2025-01-14 19:25:30,2025-10-03 17:37:03
2777,Corey Shaffer,stephaniescott@example.com,30,18-24,Male,False,True,True,Mobile,2022-09-06 20:35:13,2025-02-12 20:41:23
2778,Jane Orr,jessica86@example.com,31,18-24,Female,True,False,True,Mobile,2023-06-03 20:00:53,2025-10-19 01:43:47
2779,Justin Reyes,angelacooper@example.com,47,35-44,Female,False,True,False,Mobile,2025-02-09 15:49:03,2025-04-04 16:32:48
2780,Laura Reed,chelsea70@example.org,3,35-44,Female,True,True,True,Mobile,2023-01-12 08:31:51,2024-01-10 20:48:45
2781,Toni Campbell,marcusdavis@example.com,29,55-64,Female,True,True,True,Desktop,2024-03-07 18:44:27,2025-08-11 14:19:34
2782,Robert Mills,johnsonbrittany@example.net,21,35-44,Male,True,True,True,Tablet,2023-07-21 20:43:55,2023-08-29 09:21:25
2783,Jordan Michael,jodi96@example.net,32,35-44,Male,False,True,True,Desktop,2023-04-21 15:32:06,2023-08-31 13:37:17
2784,Kevin Carr,stephen61@example.com,26,45-54,Other,True,True,False,Tablet,2023-06-12 20:48:09,2025-11-10 05:27:11
2785,Scott Wyatt,millerjose@example.com,29,25-34,Male,False,True,False,Desktop,2024-09-06 22:16:22,2025-10-08 08:59:23
2786,Cindy Mills,zgarcia@example.com,25,25-34,Male,True,True,True,Desktop,2025-06-24 19:52:16,2025-07-08 20:02:46
2787,April Morgan,racevedo@example.org,36,25-34,Female,True,False,True,Desktop,2025-03-06 12:30:23,2025-07-02 07:21:45
2788,Stephen Vega,justinclark@example.com,27,45-54,Male,True,True,True,Desktop,2023-06-22 20:56:13,2025-02-11 12:59:49
2789,Jose Smith,mario05@example.com,50,35-44,Male,False,True,False,Desktop,2024-05-04 08:34:22,2025-05-16 19:10:49
2790,Crystal Cooper,taylorjennifer@example.com,3,25-34,Male,True,True,False,Mobile,2023-07-26 19:11:21,2025-04-03 19:13:06
2791,John Warner,rachelsolis@example.org,17,65+,Male,False,True,True,Mobile,2025-06-14 00:44:37,2025-11-07 10:41:13
2792,Anthony Atkins,ambersavage@example.com,33,25-34,Male,True,True,True,Desktop,2023-02-25 21:12:43,2023-03-31 07:40:34
2793,Ronald Palmer,sotokathleen@example.org,30,25-34,Male,True,True,True,Tablet,2023-08-22 18:57:35,2024-01-14 18:00:17
2794,Paul Villarreal,lambertjames@example.net,2,55-64,Female,True,True,False,Desktop,2023-12-25 19:30:26,2024-07-19 17:24:34
2795,Alison Miller,scottlane@example.net,43,45-54,Female,True,True,True,Mobile,2023-05-06 10:53:44,2023-05-24 08:23:31
2796,Christine Malone,dylan77@example.com,42,65+,Other,True,True,True,Desktop,2023-04-12 10:45:09,2025-11-12 18:28:12
2797,Daniel Murphy,brettlee@example.com,37,18-24,Female,True,True,False,Tablet,2024-01-04 19:08:33,2025-06-26 23:13:40
2798,Mark Scott,tburgess@example.org,24,18-24,Male,True,True,True,Tablet,2022-10-29 19:55:13,2023-10-11 19:05:44
2799,Brittany Walker,ffrazier@example.com,44,45-54,Male,True,True,False,Tablet,2022-11-22 12:22:51,2024-07-15 11:05:43
2800,Stephen Massey,wturner@example.com,42,35-44,Prefer not to say,True,True,False,Tablet,2024-09-25 18:25:40,2025-08-22 18:02:25
2801,Stefanie Hughes,uwallace@example.net,23,45-54,Male,False,True,True,Desktop,2023-10-08 17:34:27,2024-09-13 09:35:37
2802,Suzanne Jacobs,fbaker@example.com,23,35-44,Male,False,True,True,Tablet,2022-02-27 08:30:24,2024-06-27 08:06:20
2803,Teresa Combs,devon53@example.com,39,25-34,Male,True,True,False,Desktop,2024-05-07 23:14:38,2025-06-12 17:39:21
2804,Sheila Rivers,thomasowens@example.net,31,18-24,Female,True,True,False,Mobile,2024-11-15 11:49:42,2025-09-21 18:12:04
2805,Alison Delacruz,fmcdonald@example.com,43,25-34,Female,False,True,True,Desktop,2023-10-27 18:47:51,2023-11-15 22:13:24
2806,Billy Webster,deniseclark@example.net,19,65+,Male,True,True,True,Tablet,2024-04-14 09:45:52,2024-11-13 08:46:13
2807,Amber Rosales,hogannathan@example.com,1,25-34,Female,True,False,True,Desktop,2024-04-03 11:51:06,2025-08-05 17:02:38
2808,Miranda Cooper,diana65@example.org,49,35-44,Female,False,True,True,Desktop,2024-10-12 09:54:47,2024-12-15 08:19:19
2809,Michael David,origgs@example.net,31,65+,Female,False,True,True,Mobile,2023-04-24 15:39:23,2023-10-15 18:17:05
2810,Tyler Green,foleyashley@example.org,43,45-54,Female,True,True,True,Desktop,2025-07-04 15:58:26,2025-10-22 10:49:45
2811,Lauren Molina,madison11@example.net,20,25-34,Female,True,False,True,Desktop,2022-04-09 20:45:17,2024-12-24 12:36:53
2812,Nancy Bass,millercristian@example.com,46,25-34,Female,True,True,True,Desktop,2024-08-22 20:56:03,2025-06-04 19:50:57
2813,Timothy Morales,collinskirk@example.com,20,45-54,Male,True,False,True,Mobile,2023-12-04 21:05:35,2025-06-11 08:34:51
2814,Maria Dixon,ramirezsteven@example.net,39,55-64,Female,True,True,True,Tablet,2023-08-18 23:17:15,2023-11-05 20:22:02
2815,Sandra Kelley,jeansmith@example.com,42,35-44,Female,True,True,False,Mobile,2023-07-30 11:09:15,2025-03-04 04:55:36
2816,Kyle Brooks,hillfrank@example.org,17,35-44,Female,True,True,False,Tablet,2024-09-23 09:14:19,2025-03-07 20:14:22
2817,Michael Crawford,melissa54@example.com,1,35-44,Male,True,True,True,Desktop,2024-08-25 11:02:52,2024-08-26 09:28:04
2818,Thomas Jones,gomezjavier@example.org,31,35-44,Male,True,True,True,Tablet,2024-08-09 12:57:19,2025-06-12 17:03:13
2819,Eric Dillon,andreamassey@example.com,22,18-24,Female,False,True,True,Desktop,2024-01-15 19:05:27,2024-10-04 06:11:07
2820,Dean Evans,maria03@example.com,45,18-24,Female,True,True,False,Mobile,2023-09-27 23:35:50,2025-05-18 13:32:45
2821,Steven Russo,sabrinaperez@example.net,35,35-44,Female,True,True,True,Desktop,2024-04-27 11:38:14,2024-10-12 09:23:08
2822,Bradley Moon,fgutierrez@example.com,22,55-64,Female,False,True,False,Mobile,2023-11-04 11:00:49,2024-04-26 21:10:37
2823,Tamara Jones,alankelly@example.com,7,65+,Male,True,True,False,Tablet,2023-02-28 06:54:18,2023-09-24 20:54:29
2824,Patricia Nichols,baileystephanie@example.net,8,25-34,Male,False,True,False,Desktop,2022-10-01 20:38:18,2025-08-20 18:49:37
2825,Bryan Pierce,matthew99@example.org,15,55-64,Female,True,True,True,Tablet,2024-12-21 08:06:42,2025-04-30 20:51:37
2826,Megan Mcpherson,teresaspencer@example.com,40,65+,Female,True,True,False,Tablet,2025-02-05 14:30:00,2025-07-18 16:41:19
2827,Valerie Rodriguez,nreed@example.org,32,65+,Female,True,True,False,Mobile,2023-04-08 21:50:54,2025-06-09 22:23:01
2828,Laurie Collins,kelleyjennifer@example.org,23,25-34,Male,True,False,False,Desktop,2022-10-28 08:08:04,2023-06-20 20:17:36
2829,Ana Scott,ilopez@example.net,5,65+,Male,True,True,True,Tablet,2024-10-21 04:03:52,2025-12-11 08:55:43
2830,Christopher Norris,audrey30@example.net,45,65+,Female,True,True,False,Mobile,2024-04-28 14:34:00,2025-08-27 11:06:04
2831,Ernest Kennedy,kennethbranch@example.com,24,65+,Male,True,True,True,Tablet,2024-10-25 19:41:14,2024-12-06 21:24:37
2832,Gary Davidson,james01@example.com,8,45-54,Male,True,True,True,Tablet,2024-10-09 13:53:41,2024-11-16 06:05:57
2833,Elizabeth Cole,powerscory@example.org,21,25-34,Female,True,True,False,Mobile,2022-11-09 18:38:59,2023-06-11 09:03:11
2834,Louis Turner,luis66@example.org,43,25-34,Male,True,True,True,Mobile,2024-05-12 06:50:09,2025-10-10 09:50:18
2835,Elizabeth Logan PhD,carlagarcia@example.com,37,45-54,Female,True,True,True,Mobile,2024-11-14 20:56:37,2025-03-14 19:40:06
2836,Gloria Brown,gabrielle91@example.org,28,18-24,Male,False,True,False,Tablet,2025-08-06 06:09:48,2025-11-26 05:13:50
2837,Janet Davidson,smithpaula@example.net,3,55-64,Female,True,True,True,Mobile,2023-08-10 20:16:16,2023-11-07 19:51:26
2838,David Marsh,sullivandonald@example.net,21,25-34,Female,True,True,True,Tablet,2024-10-13 20:35:53,2025-07-12 09:27:36
2839,Robert Kelly,yjackson@example.com,3,35-44,Male,False,True,True,Tablet,2025-07-18 20:47:21,2025-08-09 20:58:32
2840,Charles Rice,tyler10@example.org,23,35-44,Male,True,True,True,Desktop,2025-03-15 17:43:39,2025-08-18 18:58:53
2841,Madison Nielsen,travis28@example.net,30,65+,Prefer not to say,True,True,True,Mobile,2023-04-29 08:39:42,2023-12-06 01:39:22
2842,Andre Choi,rdurham@example.net,25,45-54,Female,False,True,True,Desktop,2023-09-30 19:40:34,2025-04-19 10:25:48
2843,Robert Hawkins,thomasmichael@example.com,44,45-54,Female,True,False,True,Tablet,2023-04-21 15:33:40,2024-08-11 12:30:18
2844,Erin Forbes,mccarthydylan@example.net,8,45-54,Male,False,True,True,Mobile,2023-04-14 11:38:51,2025-09-09 13:24:05
2845,Amanda Tran,laceydecker@example.com,36,35-44,Female,False,True,False,Mobile,2025-08-18 10:33:08,2025-10-04 10:25:56
2846,Stacey Baker,mschwartz@example.com,44,25-34,Male,False,True,True,Mobile,2022-01-18 12:24:10,2025-02-08 20:47:31
2847,Bradley Shaw,ryan43@example.org,13,25-34,Male,False,True,True,Desktop,2022-02-28 08:45:09,2024-05-11 11:17:11
2848,Heather Trujillo,zacharyvasquez@example.net,5,35-44,Male,False,True,False,Mobile,2022-05-12 19:33:53,2023-10-04 18:38:24
2849,Hannah Terry,charlesprice@example.org,50,18-24,Female,True,True,True,Desktop,2025-07-20 18:58:46,2025-09-23 21:21:12
2850,Sarah Johnson,gaylauren@example.org,16,18-24,Female,False,True,True,Mobile,2023-08-06 18:53:39,2023-11-24 09:42:09
2851,Ronald Hill,forr@example.net,15,45-54,Female,True,True,False,Desktop,2024-02-17 21:37:17,2024-02-23 21:56:47
2852,Gary Wolf,melody89@example.com,33,25-34,Female,False,True,False,Desktop,2024-05-10 21:51:57,2024-09-12 16:50:31
2853,Laura Parker,greenlisa@example.net,20,18-24,Male,False,True,True,Mobile,2024-10-18 21:30:37,2025-06-11 20:09:44
2854,Carl Allen,nicole67@example.org,48,35-44,Female,True,False,False,Tablet,2022-03-08 06:31:39,2023-07-19 22:55:43
2855,Daniel Sandoval,zsnyder@example.net,30,35-44,Female,False,True,False,Desktop,2024-06-13 11:55:19,2025-09-07 08:26:22
2856,Robin Rice,vdavenport@example.com,9,35-44,Female,True,True,True,Mobile,2022-12-24 16:28:18,2024-06-30 20:55:22
2857,Holly Alvarado,moniquemoore@example.org,19,45-54,Male,True,True,True,Desktop,2024-08-21 19:31:52,2024-10-31 18:20:19
2858,Ashley Robinson,nathanielwilliams@example.net,22,18-24,Male,True,True,False,Mobile,2024-09-29 22:43:35,2025-11-01 20:35:01
2859,Melanie Decker,oknox@example.com,26,35-44,Male,True,True,True,Tablet,2023-12-21 15:30:10,2024-10-25 00:16:28
2860,Fred Arnold,ubeltran@example.com,29,18-24,Female,True,True,True,Tablet,2023-12-04 22:19:20,2025-03-01 19:52:32
2861,Charles Hall,christopherwoods@example.com,39,25-34,Male,False,True,True,Tablet,2024-03-14 20:13:45,2025-08-28 21:35:23
2862,Caitlin Shaw,thill@example.com,17,55-64,Male,True,True,True,Desktop,2024-08-14 18:30:53,2025-07-26 10:57:05
2863,Michele Carter,ksutton@example.com,39,25-34,Male,False,True,False,Mobile,2025-09-12 06:59:18,2025-09-20 11:37:50
2864,Marissa Tyler,vcoleman@example.org,8,45-54,Male,True,True,True,Tablet,2023-09-13 06:50:39,2025-05-31 21:06:51
2865,Andrea Howard,hcollins@example.net,2,18-24,Female,False,True,True,Desktop,2023-01-11 22:10:39,2024-03-20 13:39:29
2866,Timothy Smith,knightjamie@example.net,45,25-34,Female,True,True,True,Tablet,2023-07-19 10:38:31,2024-10-26 12:45:34
2867,Jennifer Lee,millerjill@example.net,9,18-24,Female,True,True,True,Desktop,2023-12-07 06:59:30,2024-04-20 16:03:45
2868,Douglas Martinez,katherine34@example.net,38,55-64,Female,True,True,True,Mobile,2023-10-28 23:14:32,2025-03-09 08:57:18
2869,Anthony Fuller,ryan01@example.net,29,18-24,Male,True,False,False,Tablet,2024-04-19 21:20:16,2025-02-03 16:59:56
2870,Riley Gonzalez,angela15@example.org,20,35-44,Female,True,True,True,Desktop,2025-05-08 21:33:13,2025-12-08 20:35:29
2871,Kelsey Ross,wgarcia@example.com,44,65+,Male,False,True,False,Mobile,2023-09-06 11:55:48,2024-03-25 11:00:00
2872,David Moore,bwilliams@example.com,8,35-44,Female,False,True,False,Tablet,2023-01-01 08:11:50,2024-03-25 19:34:08
2873,Jennifer Graves,otaylor@example.com,28,25-34,Female,True,True,True,Desktop,2025-04-12 08:35:50,2025-11-28 09:28:08
2874,Rebecca Hanson,rodriguezhannah@example.net,37,25-34,Female,False,True,False,Mobile,2024-11-14 19:23:41,2025-04-19 17:53:27
2875,Patrick Schaefer,leahdiaz@example.org,13,25-34,Female,True,True,False,Desktop,2024-01-13 21:34:22,2025-12-01 23:06:11
2876,Heather Morris,angelavalencia@example.net,20,65+,Female,True,True,True,Mobile,2022-08-27 17:35:05,2022-12-08 07:33:42
2877,Charles Sloan,qwhite@example.org,6,35-44,Female,True,True,False,Desktop,2023-11-27 03:24:47,2024-08-07 09:35:43
2878,Jose Roberts,jsmith@example.net,22,35-44,Female,False,True,False,Tablet,2025-08-11 09:33:06,2025-09-26 06:26:46
2879,Mr. Melvin English,lawsoncalvin@example.com,32,35-44,Male,True,True,True,Tablet,2024-12-22 12:59:16,2024-12-30 08:39:15
2880,Melissa Evans,cassandra25@example.org,28,35-44,Male,True,True,False,Desktop,2023-06-09 12:36:31,2023-08-11 08:25:29
2881,Joshua Meyer,zacharyschneider@example.net,39,18-24,Male,False,False,True,Tablet,2024-07-29 06:53:49,2025-03-02 10:31:16
2882,Gregory Deleon,olsonmichael@example.com,9,25-34,Female,True,True,False,Mobile,2024-03-08 18:51:19,2024-08-31 09:50:31
2883,Christine Conley,traceyreynolds@example.com,40,18-24,Male,False,True,True,Mobile,2024-10-11 11:01:02,2025-02-01 07:05:14
2884,Rebecca Thompson,jessicagreer@example.com,17,65+,Female,True,False,True,Desktop,2024-07-08 12:16:31,2024-08-30 18:48:04
2885,Jared Herring,kennethrodriguez@example.org,17,55-64,Female,True,True,False,Tablet,2024-12-09 07:59:24,2025-10-23 20:58:52
2886,Anthony Williams,herringdawn@example.com,34,45-54,Male,True,False,True,Tablet,2023-05-19 17:05:21,2024-07-28 23:30:14
2887,Tyler Allen,cardenasdonna@example.net,26,18-24,Female,False,True,True,Mobile,2023-09-29 09:28:11,2024-03-31 23:37:43
2888,Jacob Hayden,richard13@example.com,37,35-44,Male,True,True,False,Mobile,2024-01-21 19:03:23,2024-04-22 15:24:36
2889,Ellen Long,nancy57@example.org,29,45-54,Male,False,True,True,Tablet,2023-01-14 19:48:41,2025-11-09 12:58:43
2890,Charles Richardson,michael09@example.com,32,25-34,Female,False,False,True,Tablet,2024-05-16 10:43:39,2024-11-13 07:29:43
2891,Heidi Mason,jpowell@example.net,42,45-54,Male,True,False,True,Tablet,2023-11-11 13:21:26,2025-02-10 15:44:34
2892,Paula Jenkins,jasonfitzgerald@example.net,38,25-34,Male,True,True,False,Desktop,2024-12-18 17:12:22,2025-03-23 15:30:55
2893,Brian Morales,gschultz@example.com,32,25-34,Female,True,True,False,Tablet,2023-02-27 09:31:03,2023-02-28 08:12:09
2894,Michelle Roman,terrimartinez@example.com,29,45-54,Male,True,True,True,Desktop,2024-10-17 12:55:51,2025-05-13 09:21:33
2895,Kelly Robinson DVM,jennifer60@example.org,16,25-34,Male,True,True,True,Tablet,2024-09-25 19:22:22,2025-06-07 20:51:47
2896,Ashlee Miller,christina00@example.org,11,45-54,Male,False,True,False,Tablet,2023-10-08 08:01:49,2024-03-08 11:28:31
2897,Kenneth Lucas,burnsryan@example.net,2,25-34,Female,True,True,False,Desktop,2023-09-06 12:56:14,2023-10-05 18:16:21
2898,Brent Mckee,danielyates@example.net,35,25-34,Male,True,True,True,Desktop,2022-09-07 16:23:14,2024-05-31 16:12:46
2899,Rebecca Richards,pmorales@example.com,18,55-64,Male,True,True,False,Desktop,2025-02-07 17:19:47,2025-04-21 16:44:58
2900,Mr. Shawn Pope,dwilliams@example.com,46,25-34,Male,True,True,False,Desktop,2025-10-28 06:00:46,2025-12-04 21:13:11
2901,Richard Rasmussen,laurenwilkins@example.org,28,25-34,Female,False,True,True,Desktop,2022-06-29 11:14:55,2024-05-04 16:40:37
2902,Larry Bartlett,frederick49@example.org,3,25-34,Female,False,False,True,Tablet,2024-05-06 19:50:57,2024-06-18 12:27:47
2903,Emily Joseph,ealexander@example.net,4,45-54,Female,True,True,True,Mobile,2023-08-28 18:16:07,2025-08-11 10:09:50
2904,Randall Mcpherson,beckrobin@example.net,35,18-24,Female,True,True,False,Desktop,2023-01-10 02:40:31,2025-11-05 13:30:51
2905,Jessica Diaz,peterjohnson@example.org,34,25-34,Male,False,True,True,Mobile,2024-10-05 18:29:30,2025-09-20 17:30:12
2906,Maureen Young,qpacheco@example.net,31,35-44,Male,True,False,False,Tablet,2025-09-25 21:28:55,2025-10-22 18:17:45
2907,Sharon Mills,gcrosby@example.org,49,35-44,Female,False,True,True,Desktop,2024-12-24 20:41:43,2025-01-17 08:02:11
2908,Rebecca Martin,courtney25@example.org,44,65+,Female,True,True,False,Mobile,2025-02-07 05:05:40,2025-09-04 20:44:34
2909,John May,meganpatrick@example.com,17,25-34,Female,True,True,False,Tablet,2025-01-31 21:36:07,2025-02-26 07:31:29
2910,Victor Soto,nicholas53@example.org,33,35-44,Male,True,True,True,Tablet,2023-07-06 19:13:58,2025-05-13 21:31:26
2911,Tim Rodriguez,salinasgrace@example.net,42,25-34,Female,False,True,True,Desktop,2023-06-09 06:02:40,2025-07-01 20:25:54
2912,Daniel Morse,williamsmith@example.com,34,45-54,Female,True,True,True,Desktop,2025-04-04 16:48:34,2025-11-20 19:19:28
2913,Maria Garcia,seanbean@example.com,45,45-54,Female,False,True,True,Tablet,2022-07-21 13:27:59,2023-04-03 21:42:18
2914,Stephanie Atkins,greenemily@example.org,33,25-34,Female,True,False,True,Mobile,2023-12-19 05:00:12,2025-07-08 07:28:35
2915,Dana Sanchez,theresa11@example.org,18,65+,Prefer not to say,False,True,False,Desktop,2022-02-09 12:47:33,2022-05-24 10:39:32
2916,Alexandra Smith,zjohns@example.com,3,35-44,Female,True,True,False,Mobile,2023-09-12 23:37:13,2024-12-01 03:11:40
2917,Alexandra Fisher,igraham@example.org,11,25-34,Female,True,True,False,Tablet,2023-10-18 12:39:49,2024-11-02 06:47:23
2918,Jacqueline Webb,ebarker@example.net,11,65+,Male,False,True,False,Mobile,2024-12-20 18:24:12,2025-05-04 09:38:52
2919,Mr. Joshua Singleton MD,douglasdakota@example.com,18,55-64,Female,False,True,True,Mobile,2023-08-06 03:38:41,2025-11-09 18:51:22
2920,Ronald Martin,destiny64@example.net,14,18-24,Other,True,True,True,Mobile,2025-02-12 02:09:55,2025-04-21 23:38:22
2921,Angela Johnson,chelseasmith@example.com,25,65+,Male,False,True,False,Tablet,2023-08-24 18:34:08,2024-05-01 19:48:44
2922,Michelle Christensen,perezdavid@example.net,20,35-44,Female,True,True,True,Desktop,2025-01-18 04:15:58,2025-07-25 22:58:22
2923,Melanie Martinez,mclaughlinnathaniel@example.net,10,25-34,Female,True,True,True,Mobile,2025-10-28 17:56:13,2025-11-30 17:33:47
2924,Lauren Marshall,fordgregory@example.com,44,25-34,Female,True,False,False,Tablet,2022-05-20 11:05:34,2023-10-20 08:09:55
2925,Steven Chandler,stephanie60@example.org,24,45-54,Female,False,True,False,Mobile,2025-07-14 11:06:32,2025-07-24 10:55:23
2926,Nicole Pierce,rrichardson@example.net,33,18-24,Male,False,True,True,Desktop,2022-09-01 10:21:37,2024-01-22 04:03:59
2927,Crystal Mejia,amy84@example.org,22,18-24,Female,True,True,True,Mobile,2022-01-15 10:32:29,2025-06-04 11:43:51
2928,Jason West,melissa74@example.com,9,45-54,Male,False,True,False,Mobile,2024-08-12 21:54:20,2025-06-12 19:32:36
2929,Michael Reed,liujessica@example.com,23,45-54,Female,False,True,True,Tablet,2025-07-08 13:54:26,2025-09-06 18:23:22
2930,Thomas Sanchez,duncanmichael@example.net,10,35-44,Female,True,True,True,Desktop,2022-03-07 06:03:32,2025-03-24 19:08:42
2931,Tara Morgan,fgarcia@example.org,19,55-64,Male,True,True,False,Tablet,2024-03-26 22:17:23,2025-01-23 17:11:23
2932,Gregory Mason,barrykevin@example.org,3,18-24,Male,True,True,True,Desktop,2025-04-13 17:51:15,2025-10-02 14:30:39
2933,Gary Richmond,amber38@example.net,17,65+,Female,True,True,True,Tablet,2022-12-21 16:19:36,2025-10-02 19:26:29
2934,David Avila,zgallagher@example.com,22,25-34,Male,False,False,False,Desktop,2023-03-25 11:26:42,2023-11-18 20:07:09
2935,Alexandra Ramirez,mark97@example.net,8,55-64,Female,False,True,False,Desktop,2023-10-13 13:39:46,2025-03-25 20:24:19
2936,Margaret Kennedy,bradleyperez@example.com,8,45-54,Male,True,False,True,Mobile,2024-06-07 11:51:04,2025-09-18 22:52:23
2937,Molly Cook,qkemp@example.com,19,25-34,Female,True,True,False,Mobile,2024-03-22 05:18:23,2024-12-12 10:15:50
2938,Stephanie Trevino,jaclyn73@example.org,14,25-34,Other,True,True,False,Desktop,2022-06-12 22:27:35,2022-06-12 22:42:13
2939,Scott Bruce,timothygibson@example.net,49,18-24,Prefer not to say,False,True,True,Tablet,2024-01-28 13:03:35,2025-12-08 20:39:22
2940,Stacy Lang,gcollier@example.org,22,45-54,Female,False,True,False,Desktop,2025-05-31 05:12:05,2025-08-10 15:23:58
2941,Jenna Ibarra,kelly56@example.com,50,65+,Female,True,True,False,Mobile,2022-03-13 17:14:25,2025-10-11 17:56:02
2942,Brittany Hughes,kennethmorgan@example.net,42,45-54,Other,True,True,False,Mobile,2023-10-08 16:56:33,2024-11-19 23:34:22
2943,Jordan Frye,wrice@example.net,3,25-34,Male,True,True,False,Tablet,2022-02-04 17:05:06,2022-11-17 11:13:11
2944,Kevin Harper,hjones@example.org,3,25-34,Male,True,True,True,Desktop,2023-08-07 09:13:36,2025-08-01 13:31:37
2945,Mario Atkins,czamora@example.net,34,25-34,Female,True,True,False,Desktop,2025-07-27 16:41:04,2025-11-14 16:39:13
2946,Laura Orozco,othomas@example.com,9,45-54,Female,True,True,True,Mobile,2023-06-09 13:15:47,2023-07-16 21:56:53
2947,Olivia Wallace,brownsamuel@example.org,47,55-64,Male,False,True,True,Mobile,2023-10-18 19:25:27,2024-03-10 10:17:09
2948,Jennifer Lopez,russelltammy@example.net,28,35-44,Male,False,True,True,Tablet,2025-10-14 20:48:10,2025-10-21 20:38:52
2949,Corey David,brettthomas@example.net,37,25-34,Male,True,True,False,Desktop,2025-07-05 17:28:52,2025-08-20 21:17:39
2950,Alexander Morales,davenportstephanie@example.com,46,25-34,Male,True,True,True,Tablet,2024-04-04 11:39:13,2024-08-24 23:36:39
2951,Melanie Smith,destiny35@example.com,25,55-64,Female,True,True,True,Desktop,2024-03-02 08:39:17,2025-11-28 01:09:40
2952,Linda Davis,john00@example.com,34,18-24,Female,True,True,False,Tablet,2024-01-23 09:37:24,2024-10-20 12:42:51
2953,Samantha Rogers,vchan@example.org,42,18-24,Male,True,True,True,Desktop,2025-04-20 20:09:15,2025-06-22 19:41:40
2954,Pamela Meyer,scottmichael@example.com,25,45-54,Male,True,True,True,Tablet,2022-05-30 08:31:45,2025-10-26 17:17:03
2955,David Wallace,tara55@example.org,22,25-34,Male,False,False,False,Desktop,2025-06-19 22:31:32,2025-09-21 09:59:16
2956,Krista Walsh,bstephens@example.net,30,35-44,Female,True,False,True,Tablet,2023-11-03 18:41:52,2025-08-28 18:50:23
2957,Beverly Martinez,starkaustin@example.org,17,45-54,Female,True,False,False,Mobile,2022-09-10 08:25:40,2023-06-09 19:41:27
2958,James Perry,stephanierowe@example.net,13,55-64,Female,True,True,True,Tablet,2024-05-19 14:23:26,2025-07-05 07:27:22
2959,Paula Moore,zharris@example.net,24,18-24,Male,True,True,True,Tablet,2022-07-04 15:28:16,2025-04-20 14:06:55
2960,Latoya Robles,barbarawilson@example.net,41,18-24,Male,False,True,True,Mobile,2022-04-17 11:42:01,2025-03-24 20:26:23
2961,Adam Lee,amberhunter@example.com,37,35-44,Female,False,True,False,Mobile,2024-03-18 18:12:58,2024-10-01 08:11:45
2962,Cassandra Freeman,gail20@example.org,18,18-24,Male,True,True,False,Tablet,2022-01-07 21:42:37,2023-04-18 19:03:49
2963,April Cummings,xward@example.com,3,25-34,Male,True,True,True,Tablet,2024-08-10 20:39:04,2025-08-04 19:31:02
2964,Mr. Sean Jones PhD,richard27@example.com,24,45-54,Male,False,True,False,Desktop,2022-04-04 20:58:18,2023-04-11 17:49:26
2965,Christopher Becker,kking@example.org,14,25-34,Prefer not to say,False,True,False,Mobile,2024-06-28 18:27:06,2024-07-07 22:51:18
2966,Joseph Wang,jessica33@example.org,8,25-34,Male,True,True,False,Mobile,2022-11-18 18:30:46,2025-02-05 21:46:23
2967,Brenda Young,raymondmann@example.org,13,55-64,Male,False,True,False,Mobile,2024-03-12 07:35:37,2024-11-06 13:21:51
2968,Gabriela Levine,jermainemorales@example.org,6,25-34,Male,True,False,True,Mobile,2023-08-20 10:05:39,2025-06-24 07:18:15
2969,Michael Oliver,xsmith@example.org,2,35-44,Male,True,True,True,Desktop,2023-01-10 12:57:26,2024-12-20 22:21:32
2970,William Cantrell DDS,williamsonmichael@example.net,31,45-54,Male,False,True,True,Desktop,2024-10-07 22:57:03,2025-06-09 19:25:40
2971,Krista Le,johnbush@example.net,36,35-44,Male,True,True,True,Mobile,2022-07-02 21:54:53,2022-11-29 21:59:27
2972,Matthew Gonzalez,grichards@example.org,30,55-64,Female,False,False,True,Mobile,2023-09-22 22:05:44,2023-09-25 15:54:24
2973,Teresa Kerr,lisa16@example.org,41,55-64,Male,True,True,True,Mobile,2024-04-10 17:14:48,2024-06-12 19:14:01
2974,Kyle Beltran,dcook@example.com,29,35-44,Male,False,True,True,Mobile,2025-01-27 21:26:21,2025-08-22 14:03:57
2975,Emily White,lserrano@example.com,22,45-54,Female,False,True,True,Mobile,2024-08-31 10:25:43,2024-10-22 09:47:33
2976,Kelly Gardner,thompsondenise@example.com,46,25-34,Female,False,True,True,Mobile,2022-08-10 10:54:49,2023-01-16 18:04:20
2977,Jessica Clarke,wjackson@example.com,13,45-54,Male,True,True,False,Mobile,2024-10-14 09:49:23,2025-01-22 19:14:26
2978,Stephen Heath,kstone@example.net,19,18-24,Female,True,True,True,Tablet,2023-02-20 13:55:03,2024-12-04 00:52:34
2979,George Sullivan,jeffrey80@example.org,18,35-44,Male,True,True,False,Mobile,2025-09-25 18:06:50,2025-10-25 14:53:47
2980,Courtney Reilly,davidsondavid@example.com,41,55-64,Female,True,True,False,Desktop,2024-05-08 16:43:53,2025-04-07 20:55:13
2981,Andre Williams,albert16@example.net,3,25-34,Male,False,True,False,Tablet,2024-03-24 12:06:29,2024-12-13 11:28:23
2982,Dwayne Jackson,sneal@example.org,23,45-54,Female,True,True,True,Tablet,2023-05-11 09:48:44,2023-12-13 06:03:43
2983,Andrew Gutierrez,brianhodges@example.net,25,25-34,Female,True,True,True,Desktop,2022-06-26 09:45:41,2023-05-23 06:37:13
2984,Amy Garcia,eddie31@example.net,23,55-64,Other,True,True,False,Desktop,2025-09-01 04:22:45,2025-12-06 19:40:18
2985,Jennifer Pruitt,travis56@example.net,24,18-24,Male,True,True,True,Tablet,2022-06-08 02:31:54,2024-01-20 22:24:55
2986,Austin Adams,jeffrivera@example.net,8,35-44,Female,True,True,False,Tablet,2025-09-18 10:09:41,2025-09-19 22:11:28
2987,Carla Johnston,maryestes@example.net,36,35-44,Female,True,True,False,Mobile,2025-10-10 18:50:47,2025-10-28 20:04:07
2988,Susan Olson,frobles@example.com,37,18-24,Female,True,True,False,Mobile,2024-12-02 13:00:37,2025-07-23 18:37:17
2989,Carol Hammond,judymarshall@example.org,43,45-54,Female,True,True,True,Mobile,2022-12-15 15:25:42,2024-09-27 08:01:22
2990,Briana Hart,warnerdaisy@example.com,33,18-24,Female,True,True,True,Tablet,2023-07-18 06:42:37,2023-07-27 13:44:24
2991,Ryan Collins,shannonburns@example.net,13,45-54,Other,True,True,True,Mobile,2023-02-25 18:25:19,2024-06-03 13:31:28
2992,Amy Morse,daniellemartinez@example.net,8,65+,Male,True,False,False,Tablet,2024-09-14 23:52:10,2025-02-06 08:22:55
2993,Amy Reynolds,lisa49@example.org,40,25-34,Male,True,True,True,Desktop,2023-11-21 18:51:18,2024-03-08 19:50:42
2994,Kenneth Matthews,luis39@example.org,24,35-44,Female,False,True,True,Tablet,2024-05-20 21:46:33,2024-11-11 12:30:12
2995,John Benson,stephen38@example.org,40,65+,Female,False,True,True,Tablet,2025-01-11 14:18:31,2025-08-31 14:15:23
2996,Crystal Peterson,brentodom@example.com,8,25-34,Male,True,True,True,Tablet,2025-06-01 09:24:38,2025-07-19 17:30:48
2997,Peter Mahoney,schultzamber@example.org,25,55-64,Male,True,True,True,Mobile,2023-03-11 12:16:27,2025-07-11 18:07:09
2998,David Williams,rossdavid@example.org,16,45-54,Male,True,True,True,Mobile,2024-09-26 08:15:43,2025-04-18 04:40:04
2999,Mr. Travis Nguyen,lbrown@example.com,16,25-34,Male,True,True,True,Tablet,2023-04-02 16:47:46,2025-06-19 20:23:14
3000,Christian Holland,stacey64@example.org,8,25-34,Male,True,True,True,Tablet,2024-06-06 09:35:31,2025-06-29 09:32:07
3001,Jaime Miller,jesse07@example.net,9,18-24,Male,True,True,True,Mobile,2022-04-21 11:28:14,2024-07-26 17:10:51
3002,William Beltran,rebecca53@example.net,29,25-34,Female,True,True,False,Tablet,2022-04-16 20:36:41,2022-08-16 09:46:51
3003,Philip Jones,srodriguez@example.com,30,25-34,Male,True,True,True,Desktop,2024-08-21 18:46:30,2025-06-11 20:36:05
3004,Bryan Frederick MD,glennrobertson@example.net,45,25-34,Male,False,True,False,Mobile,2025-04-15 08:15:32,2025-06-30 21:04:04
3005,Ryan Jordan,eanderson@example.net,25,35-44,Female,True,True,True,Tablet,2022-07-03 05:17:32,2023-06-18 04:50:12
3006,Travis Reynolds,david07@example.com,30,65+,Female,True,True,True,Desktop,2024-07-25 09:12:36,2025-04-23 07:34:24
3007,Anthony Lawson,wmason@example.net,7,18-24,Female,True,True,True,Tablet,2025-08-07 09:59:37,2025-09-16 18:17:17
3008,Billy Lee,heatherhenderson@example.net,38,25-34,Female,True,False,False,Tablet,2024-07-01 17:16:39,2025-05-13 08:17:53
3009,Andrew Hendricks,doconnor@example.net,42,18-24,Female,False,False,True,Desktop,2022-02-28 16:40:39,2025-01-23 12:57:39
3010,Kelly Grant,benjaminlloyd@example.com,41,18-24,Male,False,True,True,Desktop,2022-10-30 14:20:13,2023-04-17 16:50:32
3011,Joseph Russell,uzimmerman@example.com,19,55-64,Female,True,True,False,Desktop,2024-07-07 12:03:41,2025-01-25 07:53:26
3012,Jason Carlson,courtney96@example.com,12,65+,Female,True,True,True,Tablet,2022-05-04 21:18:26,2025-04-17 23:00:58
3013,Caitlin Mendoza,smithstacy@example.net,32,55-64,Male,True,True,True,Desktop,2025-10-21 19:09:42,2025-12-01 09:18:00
3014,Victoria Rodriguez,seth37@example.org,22,55-64,Male,True,True,True,Mobile,2023-11-15 11:03:58,2025-08-03 22:39:59
3015,Daniel Ramsey,chungjeffrey@example.com,4,35-44,Prefer not to say,True,True,True,Mobile,2023-05-08 20:15:59,2024-02-01 17:54:04
3016,Linda Fuller,dakota45@example.com,11,25-34,Female,True,True,True,Mobile,2024-04-24 09:48:47,2025-11-16 07:11:00
3017,Bobby Hughes,anne66@example.net,34,45-54,Female,True,True,False,Desktop,2024-04-29 21:21:27,2024-08-28 09:53:05
3018,Sean Morgan,fbarry@example.com,39,55-64,Male,False,True,False,Tablet,2023-12-22 11:46:51,2024-10-19 01:33:21
3019,Lawrence Diaz,tclark@example.org,31,35-44,Female,False,True,False,Tablet,2023-03-02 07:41:39,2024-05-14 07:23:46
3020,Mario Gonzales,allenjohnson@example.com,44,18-24,Male,True,False,True,Mobile,2025-07-19 09:05:52,2025-08-01 17:07:41
3021,Peter Lewis,ewarner@example.org,33,65+,Female,True,True,True,Mobile,2024-01-11 10:18:00,2025-11-17 19:13:52
3022,Michael Castillo,maryrodriguez@example.com,8,55-64,Female,True,True,False,Mobile,2022-01-26 09:10:26,2022-11-05 11:00:57
3023,Brian Baker,taylornicholas@example.com,28,45-54,Female,False,True,True,Desktop,2024-02-05 05:57:32,2025-05-07 18:44:19
3024,Glenn Lawrence,hunterjulie@example.org,39,18-24,Female,True,True,False,Mobile,2023-04-17 16:44:34,2023-05-10 08:11:51
3025,Christine Bradford,pwelch@example.net,21,25-34,Male,True,True,False,Mobile,2024-07-20 21:19:17,2025-05-16 19:36:07
3026,James Smith,john30@example.org,23,35-44,Female,False,False,True,Mobile,2023-12-15 08:33:20,2024-03-22 21:13:06
3027,Christopher Parker,valerievasquez@example.net,10,55-64,Female,False,True,False,Desktop,2022-02-11 16:59:45,2022-06-02 23:46:08
3028,Tonya Gutierrez,robert62@example.net,9,25-34,Female,False,False,True,Tablet,2023-01-24 20:40:15,2024-04-30 23:10:00
3029,Joseph Lindsey,dustinmoore@example.com,2,25-34,Male,False,True,False,Tablet,2024-05-16 12:51:02,2025-06-20 20:30:24
3030,David Anderson,benjamin67@example.com,28,45-54,Female,True,False,False,Desktop,2024-06-02 19:48:34,2024-07-03 14:45:58
3031,Ian Hopkins,mckenziecurtis@example.net,12,55-64,Female,True,True,True,Mobile,2025-04-08 14:08:04,2025-12-08 04:41:21
3032,Sonya Smith,gutierrezryan@example.net,49,35-44,Female,False,True,False,Mobile,2025-04-05 21:23:54,2025-05-17 06:44:43
3033,Kent Freeman,kelsey79@example.org,28,45-54,Female,True,True,True,Desktop,2024-01-29 10:11:27,2024-04-16 11:56:04
3034,Bradley Taylor,jcarr@example.com,46,25-34,Female,True,True,False,Tablet,2024-03-27 23:27:48,2024-11-21 19:48:45
3035,Robert Green,johnstephens@example.com,42,25-34,Female,True,True,True,Desktop,2023-02-28 08:59:32,2023-08-05 17:58:24
3036,Cynthia Jones,bob11@example.net,18,25-34,Female,True,False,False,Mobile,2022-09-25 16:30:56,2022-12-16 23:58:02
3037,Lynn Burnett,kristin93@example.net,6,45-54,Female,True,True,False,Desktop,2022-02-14 06:39:38,2022-09-15 11:15:04
3038,Dennis Arias,marksashley@example.net,31,65+,Prefer not to say,True,True,True,Tablet,2024-03-13 09:45:29,2024-03-17 19:22:00
3039,Rebecca Martinez,melanie69@example.org,37,45-54,Female,True,True,True,Tablet,2022-06-23 16:49:57,2022-10-30 10:18:42
3040,Juan Waters,bryan03@example.com,1,55-64,Female,True,True,False,Tablet,2025-05-27 12:26:08,2025-10-20 20:15:34
3041,Kelli Rodriguez,collinsstacy@example.com,24,35-44,Male,True,True,True,Mobile,2022-04-20 09:22:17,2022-08-22 19:10:57
3042,Ethan Wilson,collinsshannon@example.net,27,25-34,Female,True,True,False,Mobile,2025-07-13 19:39:04,2025-10-29 11:06:37
3043,Rebecca Roman,schavez@example.net,15,65+,Female,True,True,True,Tablet,2023-05-21 03:26:31,2023-05-22 10:06:43
3044,Alex Garcia,kathryn64@example.com,32,25-34,Female,False,True,True,Desktop,2025-02-17 01:54:21,2025-07-05 19:16:04
3045,Garrett Davila,krystal74@example.org,3,65+,Male,False,True,True,Tablet,2023-10-25 21:31:53,2025-11-03 15:51:29
3046,Deborah Montgomery,osmith@example.org,34,55-64,Female,True,True,False,Desktop,2022-11-08 07:33:05,2025-07-06 13:56:50
3047,Wayne Mendez,lopezcrystal@example.com,9,65+,Male,False,True,True,Tablet,2024-05-01 19:47:43,2025-06-24 21:20:56
3048,Christopher Blake,ebell@example.net,5,18-24,Female,False,True,False,Mobile,2022-04-10 13:48:54,2025-05-04 15:52:13
3049,Travis Allen DDS,millerwendy@example.net,28,45-54,Male,False,False,False,Mobile,2024-06-22 23:32:25,2024-07-16 08:15:03
3050,Brandon Morris,sjohnson@example.org,2,25-34,Male,True,True,True,Mobile,2023-07-23 03:52:59,2024-05-09 16:32:51
3051,Jennifer Greene,ohampton@example.net,46,25-34,Female,True,True,True,Desktop,2022-03-27 21:08:04,2023-11-16 15:19:04
3052,Kellie Mcdonald,richardrodriguez@example.org,41,25-34,Female,True,True,True,Mobile,2025-02-16 06:40:35,2025-08-13 14:28:41
3053,Paul Wallace,desireeedwards@example.com,43,35-44,Male,True,True,True,Desktop,2025-07-12 09:08:01,2025-09-21 10:41:19
3054,Taylor Wallace,rodrigueznicole@example.com,26,18-24,Male,True,True,True,Desktop,2024-04-13 11:55:02,2025-08-20 20:18:53
3055,Anthony Johnson,jacksonchristopher@example.com,47,35-44,Other,True,True,False,Tablet,2022-05-30 10:47:29,2024-11-26 17:08:03
3056,Felicia Vargas,oramirez@example.org,9,45-54,Female,False,True,True,Tablet,2023-02-15 22:27:48,2025-10-18 21:44:29
3057,Monica Mercer,nathaniel23@example.net,30,35-44,Male,True,True,True,Tablet,2024-07-20 21:35:37,2025-04-12 17:45:35
3058,Sabrina Acosta,john00@example.com,35,18-24,Other,True,True,True,Mobile,2025-10-10 14:42:04,2025-11-10 07:13:38
3059,Janice Powell,jason61@example.net,8,35-44,Male,False,True,True,Mobile,2024-05-13 04:32:30,2025-08-19 09:17:23
3060,Brian Gibson,kathryn24@example.net,8,35-44,Female,True,False,True,Desktop,2024-05-08 18:50:29,2025-05-22 20:14:17
3061,Christina Francis,megan65@example.net,7,25-34,Female,True,True,True,Tablet,2023-11-24 20:46:43,2025-05-20 04:40:40
3062,Mary Hughes,qbeck@example.net,47,18-24,Male,True,True,True,Mobile,2022-12-07 07:34:40,2024-10-23 10:42:25
3063,Kenneth Gibbs,ylowery@example.com,2,65+,Male,True,True,True,Mobile,2022-04-20 17:28:05,2025-09-06 19:20:16
3064,Justin Garcia,malloryford@example.org,23,25-34,Female,True,True,False,Desktop,2025-08-04 23:47:29,2025-09-30 22:04:49
3065,Gerald Long,sarahwatson@example.com,21,25-34,Female,False,True,False,Tablet,2022-06-15 19:22:46,2024-12-18 10:14:43
3066,Kimberly Carlson,garciakenneth@example.net,34,35-44,Female,False,True,False,Tablet,2023-07-05 19:43:26,2024-06-27 13:44:32
3067,Shane Greene,johnanderson@example.net,3,35-44,Male,True,False,True,Tablet,2024-06-22 08:51:06,2025-01-03 20:02:47
3068,Jennifer Mckay,michaelmartinez@example.net,19,35-44,Female,True,True,False,Desktop,2025-03-21 10:48:04,2025-04-16 23:50:11
3069,Jean Brown,estradakristen@example.org,28,35-44,Male,True,False,True,Desktop,2022-03-18 07:56:01,2022-04-19 22:19:35
3070,Gabriel Jones,mathissteve@example.net,45,25-34,Female,True,True,True,Mobile,2024-07-22 07:18:19,2025-08-09 20:31:03
3071,Loretta Robertson,staceyfoley@example.org,21,35-44,Male,True,True,False,Mobile,2022-12-27 15:29:49,2023-09-26 01:15:10
3072,Mary Lee,elizabeth69@example.net,50,35-44,Prefer not to say,False,True,True,Tablet,2022-03-07 13:08:19,2024-12-21 20:42:27
3073,Susan Wilkins,mwoods@example.net,15,35-44,Male,True,True,False,Tablet,2022-03-13 06:13:40,2024-10-02 20:16:51
3074,Dennis Martinez,pfry@example.net,11,25-34,Male,False,True,False,Tablet,2025-07-28 22:36:09,2025-08-07 09:53:36
3075,Tracy Hardy,obriendavid@example.org,9,25-34,Female,False,True,False,Mobile,2025-10-19 09:05:32,2025-12-06 13:18:15
3076,Charles Jenkins,foxtracey@example.com,31,18-24,Male,True,True,True,Tablet,2024-12-16 15:07:10,2025-06-27 13:38:05
3077,Lori Robbins,moorerobert@example.org,19,18-24,Female,False,True,True,Mobile,2022-06-20 20:22:56,2023-10-22 12:43:30
3078,Jonathon Stewart,gutierrezsteven@example.com,5,55-64,Male,True,True,False,Mobile,2024-08-23 10:56:41,2025-03-20 18:13:07
3079,Kenneth Jones,donnamadden@example.org,48,35-44,Female,True,True,False,Mobile,2022-01-21 18:01:24,2023-01-03 01:06:15
3080,Madison Morales,lbuck@example.com,28,55-64,Male,False,True,False,Mobile,2025-01-07 06:43:19,2025-07-08 09:41:55
3081,Lisa Weber,megan22@example.com,8,55-64,Male,True,True,True,Tablet,2025-05-27 16:42:08,2025-07-14 10:27:07
3082,Deanna Sutton,kathleen36@example.net,6,35-44,Female,True,True,False,Desktop,2022-09-16 18:17:47,2024-09-14 08:50:44
3083,William Wilson,krista33@example.org,40,25-34,Female,True,True,False,Tablet,2024-10-17 16:09:25,2025-04-19 16:46:41
3084,Allison Hoffman,vmiller@example.com,23,35-44,Female,False,True,False,Tablet,2023-08-20 10:02:11,2023-09-09 20:08:12
3085,Melissa Wise,khale@example.com,34,18-24,Male,False,True,False,Tablet,2024-09-09 19:40:21,2025-06-10 21:10:32
3086,Thomas Ray,alfredblair@example.com,29,55-64,Male,False,True,False,Desktop,2024-01-13 19:05:37,2025-10-26 19:57:40
3087,Christopher Ramsey,bfoster@example.org,17,25-34,Female,True,True,True,Mobile,2025-08-27 08:45:44,2025-10-17 14:31:30
3088,Joseph Smith,melvin99@example.net,25,35-44,Female,False,True,True,Mobile,2022-07-23 10:18:51,2023-08-29 05:27:00
3089,Jesus Stark,carolynhoward@example.com,14,35-44,Female,False,True,True,Tablet,2025-08-23 22:42:29,2025-10-15 11:23:51
3090,Justin Schneider,jonathanhayes@example.net,9,18-24,Female,True,True,False,Desktop,2025-04-07 21:41:51,2025-06-25 11:37:06
3091,Victoria Richmond,tsmith@example.net,6,45-54,Male,False,True,False,Mobile,2022-04-30 20:22:46,2022-07-24 09:27:02
3092,Matthew Roy,garciamichael@example.net,37,18-24,Female,True,False,False,Tablet,2023-08-19 08:40:47,2025-11-12 09:01:28
3093,Andre Smith,wardstephanie@example.org,14,18-24,Male,False,True,False,Tablet,2023-02-13 14:12:07,2025-07-12 19:49:03
3094,Victor Fuller,williamwalker@example.org,17,65+,Female,True,True,True,Mobile,2024-11-05 10:43:40,2025-05-29 17:59:33
3095,Mike Warren,jacksonscott@example.net,37,35-44,Male,False,True,False,Desktop,2025-01-23 12:50:54,2025-02-04 15:58:16
3096,Kimberly Hernandez,kennedyadam@example.net,8,25-34,Female,False,True,False,Tablet,2023-08-21 19:22:53,2024-06-15 14:32:56
3097,Joshua King,kimjennifer@example.com,34,25-34,Female,False,True,True,Mobile,2023-09-21 19:42:51,2023-10-09 08:46:06
3098,Lori Nguyen,colleencross@example.com,31,25-34,Male,False,True,True,Tablet,2024-05-07 17:13:25,2025-01-14 21:58:08
3099,Tyler Dyer,palmerchristine@example.net,43,25-34,Male,True,True,True,Mobile,2023-04-10 09:02:17,2025-02-08 19:24:21
3100,Jeffrey Thompson,smithrobert@example.com,9,35-44,Female,True,True,True,Tablet,2024-01-23 22:22:00,2024-07-18 22:45:55
3101,Patrick Rice,thorntonjames@example.com,46,65+,Male,False,True,True,Desktop,2022-07-08 10:22:10,2023-05-06 20:59:33
3102,Christina Bryant,autumnhooper@example.net,49,25-34,Female,False,True,False,Tablet,2024-08-13 08:39:13,2025-10-15 10:16:13
3103,Larry Pitts,bwalker@example.com,12,18-24,Female,True,True,True,Desktop,2022-07-18 13:13:38,2025-10-22 12:47:37
3104,Michael Smith,micheleking@example.com,41,25-34,Prefer not to say,True,False,True,Desktop,2024-05-06 13:10:04,2025-09-09 09:57:40
3105,Brett Myers,rsmith@example.net,5,25-34,Male,True,False,True,Mobile,2025-06-26 22:59:53,2025-07-07 10:55:31
3106,Alexander Murphy,burnskevin@example.net,2,45-54,Female,True,True,True,Mobile,2023-02-07 16:35:12,2025-05-08 06:29:14
3107,Aaron Anderson,wilsonadam@example.org,40,35-44,Male,False,False,False,Tablet,2025-08-15 13:54:53,2025-11-24 21:06:08
3108,Kenneth Thornton,simonkendra@example.org,43,65+,Male,True,False,True,Mobile,2024-07-04 10:57:49,2025-11-26 08:44:29
3109,Christopher Sanchez,deanmcguire@example.net,10,25-34,Female,True,True,True,Mobile,2023-04-07 12:45:01,2023-09-13 00:03:30
3110,Cheryl Bryant,pfields@example.com,16,35-44,Female,True,True,True,Mobile,2025-08-01 15:54:48,2025-09-14 22:22:11
3111,Sarah Torres,vthompson@example.net,40,35-44,Male,True,True,True,Tablet,2025-07-12 09:52:20,2025-11-04 20:58:49
3112,Raymond Miller,kimberly55@example.net,34,35-44,Female,False,False,True,Mobile,2025-05-02 03:10:12,2025-06-16 01:59:35
3113,Michael Arnold,richardwalker@example.com,8,65+,Female,True,True,True,Desktop,2024-08-17 14:00:10,2025-09-25 22:46:17
3114,Alicia Kerr,leah88@example.org,44,35-44,Female,True,True,False,Desktop,2023-01-22 18:33:44,2024-10-04 20:20:21
3115,Joshua Jones,margaret22@example.net,16,25-34,Female,True,True,True,Desktop,2024-09-15 11:18:39,2025-06-12 20:28:11
3116,Erin Holt,donna59@example.org,45,18-24,Male,False,True,True,Tablet,2025-10-19 22:06:34,2025-10-31 21:18:49
3117,Jason Morris,fgreene@example.org,26,18-24,Female,True,True,False,Tablet,2022-03-05 11:02:43,2024-12-16 22:16:58
3118,Rebecca Walker DDS,taylor27@example.com,46,45-54,Male,True,True,True,Tablet,2024-08-10 21:54:36,2025-08-31 21:06:27
3119,Zachary Smith,tammy97@example.org,45,55-64,Female,True,True,True,Mobile,2023-03-31 16:56:44,2025-08-06 12:32:47
3120,Timothy Jackson,frankjames@example.net,10,65+,Male,True,True,True,Tablet,2025-01-21 05:41:51,2025-02-25 22:29:41
3121,Thomas Gonzalez,vreynolds@example.org,4,18-24,Male,True,False,True,Tablet,2023-12-31 14:39:57,2025-07-08 10:29:30
3122,Kelli Williamson,adrianmcneil@example.com,17,65+,Prefer not to say,True,True,True,Desktop,2022-07-01 09:43:42,2024-04-02 17:09:59
3123,Nicole Cross,mray@example.org,33,55-64,Male,False,True,True,Tablet,2023-01-28 05:40:37,2025-09-03 08:22:04
3124,Melissa Donovan,jasonrhodes@example.net,15,45-54,Female,True,False,False,Desktop,2023-10-15 21:08:48,2025-02-27 05:49:49
3125,Ronald Palmer,ghunt@example.net,10,55-64,Male,True,True,False,Tablet,2024-01-27 08:23:24,2025-01-18 21:11:04
3126,Kenneth Foster,brettblankenship@example.net,20,25-34,Female,True,True,True,Tablet,2024-12-17 11:37:07,2025-03-20 11:09:45
3127,Kevin Gilbert,kimberly57@example.net,35,25-34,Female,True,False,True,Desktop,2022-01-12 21:56:55,2022-01-17 10:31:51
3128,Emily Rodriguez,hayesbonnie@example.org,42,25-34,Female,True,True,True,Tablet,2025-06-14 06:58:15,2025-10-13 20:25:21
3129,Tammy Mitchell,kennethhayes@example.com,29,55-64,Male,True,True,True,Desktop,2024-11-06 21:38:54,2024-12-30 13:46:51
3130,Timothy Gross,matthewpearson@example.net,16,55-64,Male,True,True,True,Tablet,2025-10-21 09:24:06,2025-10-27 20:50:15
3131,Mark Page,murraycatherine@example.net,25,35-44,Male,False,True,False,Mobile,2022-10-20 21:31:19,2024-09-23 21:18:12
3132,Joanna Avila,qrivera@example.net,23,55-64,Female,False,True,False,Desktop,2025-09-13 16:44:29,2025-10-16 13:55:05
3133,Rodney Ritter,burnsstephanie@example.org,10,25-34,Female,True,True,True,Tablet,2022-04-11 23:53:32,2024-01-12 13:07:33
3134,Renee Larsen,gbernard@example.net,47,45-54,Female,True,True,True,Tablet,2022-03-21 11:14:40,2023-11-15 05:06:46
3135,Maria Smith,paulmoore@example.org,37,55-64,Female,True,True,False,Mobile,2024-06-09 08:40:10,2024-09-24 07:45:14
3136,Adam Strong,mperkins@example.com,8,25-34,Other,True,True,False,Tablet,2022-10-04 10:50:01,2025-01-12 01:44:52
3137,Amanda Lopez,hubbardsuzanne@example.net,31,18-24,Female,True,True,False,Tablet,2022-07-01 09:49:22,2024-05-31 12:59:50
3138,David Benson,lisa49@example.com,38,55-64,Female,False,True,False,Desktop,2025-01-25 19:24:00,2025-05-07 10:26:35
3139,Charles Anderson,timothy14@example.com,43,65+,Female,True,True,True,Desktop,2022-08-07 12:41:25,2024-08-04 15:50:52
3140,David Kelly,melvin70@example.org,36,25-34,Male,True,False,False,Mobile,2025-01-13 11:55:16,2025-05-03 15:25:02
3141,Benjamin Barnes,joseph59@example.com,5,35-44,Male,True,True,True,Mobile,2022-02-21 17:19:21,2023-09-16 21:59:11
3142,Christopher Arnold,saraharper@example.net,20,45-54,Male,True,True,False,Desktop,2025-01-23 17:32:31,2025-10-10 23:29:23
3143,Alexis Barnes,kimrichard@example.org,35,35-44,Female,True,True,False,Mobile,2022-07-26 19:26:56,2024-11-10 18:38:52
3144,Mariah Douglas,diazkenneth@example.com,28,25-34,Male,True,False,True,Mobile,2022-08-25 05:51:30,2023-02-21 07:26:55
3145,Taylor Watson,lisa59@example.com,16,25-34,Male,True,False,False,Tablet,2024-02-19 08:34:44,2024-10-10 08:36:52
3146,Gary Smith,ifreeman@example.net,21,25-34,Female,True,True,True,Tablet,2022-03-13 10:01:25,2025-11-03 11:32:34
3147,Crystal Taylor,mhodge@example.net,30,65+,Male,False,True,True,Desktop,2025-01-27 12:21:04,2025-05-07 09:26:38
3148,Jennifer Johnson,heathersummers@example.com,46,65+,Female,True,False,False,Tablet,2024-10-08 22:56:34,2024-11-03 09:32:29
3149,Dr. Tiffany Coleman,whitegina@example.org,35,45-54,Female,False,True,True,Desktop,2024-03-02 13:56:15,2025-06-15 18:13:51
3150,Megan Morales,cmejia@example.com,25,65+,Female,True,True,False,Tablet,2022-03-28 06:41:34,2023-11-21 21:20:43
3151,Nathan Blanchard,thompsonbrian@example.net,41,35-44,Female,True,True,False,Tablet,2024-06-18 13:16:55,2025-10-30 12:38:19
3152,Joyce Greene,ritareyes@example.net,8,35-44,Female,True,True,False,Tablet,2025-04-01 22:18:08,2025-06-05 13:55:23
3153,Nicole Meyers,yangeric@example.com,42,65+,Female,True,True,False,Tablet,2022-04-14 21:03:05,2024-08-31 20:00:08
3154,Samuel Walker,lmiller@example.com,9,55-64,Male,False,True,True,Mobile,2024-12-31 20:39:20,2025-07-31 21:47:43
3155,Stacey Dixon,rwallace@example.org,3,45-54,Female,False,True,False,Tablet,2022-02-28 07:55:51,2022-05-16 11:04:36
3156,Justin Henry,jmccormick@example.org,22,35-44,Male,False,True,False,Desktop,2023-09-28 09:44:11,2023-11-10 08:06:25
3157,Matthew Rivas,choitina@example.org,9,25-34,Female,True,True,True,Tablet,2022-03-28 03:09:18,2022-12-15 08:08:24
3158,Eddie Perry,ldiaz@example.com,19,18-24,Male,True,True,True,Desktop,2023-08-13 15:20:54,2024-12-18 17:33:53
3159,Adam Bradley PhD,lucasolivia@example.com,49,65+,Female,False,True,True,Mobile,2022-07-12 08:22:03,2025-07-19 15:23:00
3160,Robert Cooper,steven78@example.com,2,18-24,Male,True,True,True,Tablet,2023-09-08 21:40:56,2025-04-05 17:50:29
3161,Kimberly Smith,cochranholly@example.com,44,25-34,Female,False,True,False,Desktop,2024-08-30 01:30:06,2025-04-08 18:11:15
3162,Sean Mcknight,thomaschristina@example.net,29,25-34,Male,True,True,True,Desktop,2023-08-06 18:14:31,2024-09-21 13:21:16
3163,Eric Ross,popederek@example.org,25,35-44,Male,False,True,True,Tablet,2024-04-28 10:59:06,2025-11-17 09:06:11
3164,Mathew Gray,kimaaron@example.org,4,55-64,Other,True,False,True,Desktop,2025-06-04 19:08:38,2025-10-15 09:29:45
3165,Jessica Cook,adaniels@example.org,11,35-44,Female,True,True,False,Tablet,2025-04-26 20:14:40,2025-05-13 09:03:27
3166,Jamie Key,cynthia27@example.net,46,55-64,Female,False,True,True,Mobile,2022-04-14 08:18:51,2025-05-13 13:12:13
3167,Paige Barajas,angelaward@example.com,29,25-34,Male,True,True,True,Mobile,2024-01-03 09:58:07,2025-10-03 19:07:09
3168,Rebecca Miller,rowlandangela@example.com,27,65+,Male,True,True,False,Tablet,2024-07-29 22:51:11,2024-12-12 06:47:05
3169,Michael Ruiz,gtucker@example.com,18,55-64,Male,True,True,True,Desktop,2024-02-18 19:20:38,2025-01-30 06:00:45
3170,Misty Brown,brian33@example.com,27,35-44,Male,True,True,False,Mobile,2022-08-27 09:10:47,2024-03-27 20:51:50
3171,Linda Chavez,deborahcarter@example.org,29,25-34,Female,True,True,True,Tablet,2025-09-26 18:29:40,2025-11-11 08:58:56
3172,Andrew Poole,williamstaylor@example.org,43,35-44,Male,False,True,False,Mobile,2024-07-25 15:56:58,2025-01-07 13:34:20
3173,Christopher Watson,michaelroberts@example.com,28,25-34,Other,True,True,True,Desktop,2023-11-26 05:02:37,2025-05-31 05:03:42
3174,Michele Williamson,millerveronica@example.org,27,18-24,Male,True,False,False,Mobile,2022-08-17 22:56:21,2025-03-01 10:23:35
3175,Marcus Morrison,deborah53@example.net,46,25-34,Male,True,False,False,Tablet,2024-05-17 09:51:26,2025-10-10 18:14:11
3176,Jocelyn Parker,michaelreyes@example.net,27,45-54,Male,True,True,True,Mobile,2023-08-14 09:52:49,2025-01-03 05:18:47
3177,Matthew Brown,sullivandaniel@example.net,32,25-34,Female,True,True,True,Tablet,2024-08-09 20:32:23,2025-08-20 07:46:53
3178,Rachel Rosales,lesterwanda@example.org,41,65+,Female,True,True,False,Mobile,2022-10-23 13:50:26,2023-09-23 01:50:59
3179,Crystal Wallace,zhogan@example.net,41,18-24,Male,True,False,True,Mobile,2023-10-04 08:53:25,2025-06-22 19:33:16
3180,Jamie Wilson,awang@example.net,24,55-64,Male,True,True,True,Mobile,2024-03-13 19:21:22,2025-07-28 14:37:40
3181,Robert Turner,marshabigail@example.net,4,25-34,Female,True,True,False,Mobile,2023-03-25 10:18:09,2024-07-31 22:19:13
3182,Don Salazar,lewislori@example.com,13,25-34,Female,True,False,True,Mobile,2024-10-09 08:35:09,2025-05-20 07:39:49
3183,Megan Wallace,mark99@example.net,43,65+,Male,True,True,True,Desktop,2023-12-06 08:40:23,2024-04-10 03:45:43
3184,Phillip Stewart,gdoyle@example.org,13,45-54,Female,True,False,False,Tablet,2024-02-20 20:43:41,2024-07-07 19:51:21
3185,Susan Holmes,haydenjohn@example.net,4,65+,Male,True,True,True,Desktop,2025-06-15 10:31:25,2025-07-01 13:39:01
3186,Whitney Morris,lorijones@example.com,44,55-64,Female,True,True,True,Tablet,2023-08-17 11:19:44,2024-10-25 17:27:59
3187,Christine Cardenas,mcummings@example.net,34,25-34,Female,True,True,True,Desktop,2025-03-02 08:43:47,2025-06-28 11:46:01
3188,Sherry Williams,dylangarrison@example.com,14,55-64,Female,True,True,True,Mobile,2023-01-20 20:24:24,2025-10-09 17:54:09
3189,Mary Anderson,melissa48@example.org,35,55-64,Female,True,False,False,Desktop,2022-08-05 18:19:45,2024-08-30 20:26:58
3190,Kari Conner,higginsdonald@example.org,41,25-34,Female,True,True,True,Mobile,2025-02-24 14:12:49,2025-07-26 19:15:16
3191,Michael Lynch,sean60@example.com,35,18-24,Male,True,True,False,Desktop,2025-04-09 22:19:38,2025-10-27 19:24:05
3192,Brian Griffith,evelyn21@example.com,11,25-34,Male,False,True,True,Mobile,2022-09-02 20:47:33,2023-06-26 19:30:39
3193,Mr. Robert Cooper Jr.,rodneylin@example.com,24,18-24,Female,True,True,False,Mobile,2023-08-25 19:50:48,2024-09-14 18:58:39
3194,Jordan Kaiser,vshepard@example.com,45,45-54,Female,True,True,True,Tablet,2024-05-16 18:17:03,2025-03-02 21:34:14
3195,Olivia Levy,joshuawilson@example.net,9,45-54,Female,True,False,True,Mobile,2023-01-26 19:17:30,2024-07-19 12:04:51
3196,Wendy Terrell,avang@example.net,44,55-64,Male,False,True,True,Tablet,2025-07-19 18:39:35,2025-08-08 20:05:49
3197,Jesse Alvarado,travisbonnie@example.com,38,18-24,Male,True,True,False,Desktop,2023-04-05 20:11:01,2024-11-18 00:09:15
3198,Ashley Pittman,kristin79@example.org,1,35-44,Male,True,True,True,Tablet,2023-06-12 18:43:13,2024-01-26 19:18:49
3199,Bryan Eaton,robert62@example.net,12,45-54,Female,False,False,True,Desktop,2023-08-14 17:27:30,2025-06-17 08:53:07
3200,Amy Mcmahon,ajohnson@example.com,1,18-24,Male,True,True,False,Tablet,2022-07-05 14:20:25,2025-09-07 21:44:44
3201,Tracy Garcia,andersondavid@example.net,14,55-64,Male,True,True,True,Mobile,2024-05-07 06:29:24,2025-03-07 21:53:56
3202,Russell Horne,lindseymcintyre@example.net,5,25-34,Female,True,True,True,Tablet,2025-07-16 20:32:58,2025-08-21 20:07:23
3203,Madison Martin,stephen56@example.org,31,18-24,Other,False,True,True,Tablet,2024-11-15 05:45:44,2025-05-28 16:00:08
3204,Mario Clark,vasquezmelanie@example.net,35,65+,Male,True,True,True,Mobile,2025-04-20 09:46:46,2025-10-28 15:55:55
3205,Susan Butler,heidi45@example.net,39,55-64,Male,True,True,True,Tablet,2025-06-18 08:24:42,2025-09-23 19:01:23
3206,David Hamilton,christopher02@example.net,24,18-24,Female,False,True,True,Desktop,2025-04-20 19:22:11,2025-07-08 19:24:10
3207,Charles Hurley,creynolds@example.com,48,25-34,Female,True,True,False,Mobile,2025-04-10 14:22:46,2025-09-26 10:33:57
3208,Thomas Obrien,gregory82@example.net,30,55-64,Female,True,True,True,Mobile,2025-03-13 12:32:07,2025-08-29 07:27:59
3209,Andrew Moore,christianrobinson@example.net,49,25-34,Male,False,True,True,Tablet,2025-03-22 11:21:12,2025-12-12 15:55:16
3210,Summer Davis,jasonmoore@example.org,42,55-64,Male,True,True,True,Tablet,2022-08-23 10:30:43,2024-09-07 20:21:13
3211,Jeffrey Carter,vnoble@example.com,29,25-34,Male,True,True,True,Desktop,2022-10-18 15:49:04,2024-02-29 05:21:01
3212,Michaela Strickland,thomasrice@example.net,33,25-34,Male,True,True,True,Tablet,2024-02-02 12:31:28,2024-05-04 06:50:31
3213,Aaron Mcknight,ocole@example.com,19,55-64,Male,True,True,False,Mobile,2023-06-14 09:01:41,2023-07-10 13:17:42
3214,Jennifer Wade,madisonadams@example.net,39,65+,Male,False,True,True,Mobile,2023-09-05 06:57:10,2023-11-10 13:29:41
3215,Tina Padilla,bsanchez@example.org,7,18-24,Male,False,True,True,Mobile,2023-05-01 20:35:58,2025-08-12 09:00:23
3216,Sarah Chavez,brownmark@example.com,3,25-34,Male,True,True,True,Desktop,2022-09-27 20:34:01,2024-10-30 06:39:38
3217,Antonio Martinez,owalker@example.net,5,45-54,Male,True,True,True,Desktop,2024-01-13 18:53:17,2025-05-22 21:30:51
3218,Tim West,collinsfrank@example.com,43,18-24,Female,False,True,True,Tablet,2025-02-28 17:58:32,2025-04-18 16:12:40
3219,Gordon Roberts,uboyd@example.net,6,65+,Female,True,True,True,Mobile,2022-02-28 18:01:19,2024-12-01 18:34:43
3220,Stephanie Bird,carterdalton@example.com,45,35-44,Female,True,True,False,Tablet,2024-08-14 07:48:54,2025-12-05 09:58:21
3221,Heather Silva,ricardo73@example.net,7,35-44,Female,False,True,True,Mobile,2025-09-20 21:08:17,2025-11-05 17:47:01
3222,Jamie Smith,zachary46@example.com,3,18-24,Male,True,True,False,Desktop,2023-07-01 22:30:55,2025-06-06 22:48:51
3223,Loretta Jones,justinguzman@example.com,30,45-54,Male,True,True,True,Desktop,2024-11-09 22:19:28,2025-01-31 15:10:28
3224,Adam Sweeney,johnmendez@example.com,37,35-44,Female,True,True,True,Desktop,2024-01-18 18:41:44,2025-10-18 09:17:33
3225,Tina Fisher,freemanandrew@example.net,41,45-54,Female,False,True,True,Desktop,2024-03-26 22:39:38,2025-04-02 21:12:13
3226,Tony Williams,barbarajohnson@example.org,43,35-44,Female,False,True,True,Tablet,2024-04-11 03:52:39,2024-08-15 09:32:25
3227,Dr. James Stephens II,ddunn@example.com,15,25-34,Female,False,True,False,Tablet,2022-12-04 10:08:43,2025-10-15 13:37:35
3228,Mrs. Megan Potts MD,jamieramirez@example.org,11,55-64,Male,True,False,False,Mobile,2025-05-31 07:46:35,2025-09-16 12:29:25
3229,Matthew Henry,ujones@example.com,4,55-64,Male,True,True,True,Desktop,2023-04-02 21:57:00,2024-06-27 22:40:10
3230,Julie Rangel,michael75@example.net,17,55-64,Prefer not to say,True,False,True,Mobile,2023-05-27 19:08:05,2024-07-02 11:44:12
3231,Allison Cooper,haleyhughes@example.net,13,25-34,Male,True,True,False,Mobile,2023-04-26 20:33:35,2024-10-26 13:56:13
3232,Jose Hutchinson,priscilla83@example.net,19,65+,Male,True,True,False,Desktop,2024-09-20 19:56:41,2024-10-27 22:13:17
3233,Patrick Bates,douglas07@example.net,49,55-64,Female,True,True,False,Desktop,2023-04-28 10:36:21,2023-09-29 14:18:10
3234,Patricia Jones,cole19@example.net,40,18-24,Other,True,True,True,Mobile,2024-12-18 11:32:07,2025-08-08 21:04:10
3235,Jacqueline Phillips,luis03@example.org,33,65+,Male,True,True,True,Tablet,2024-09-19 21:42:24,2024-10-30 09:37:38
3236,James Dean,steven08@example.net,8,25-34,Female,True,True,True,Desktop,2025-01-09 18:56:31,2025-08-23 12:41:36
3237,Chelsea Daniel,geraldpineda@example.org,18,35-44,Female,False,False,True,Desktop,2024-12-19 23:41:04,2025-02-08 20:14:54
3238,Alexandra Park DDS,phall@example.org,5,18-24,Female,True,True,True,Mobile,2024-10-29 20:35:10,2025-02-23 10:47:12
3239,Ann Arnold,wardmaria@example.org,20,25-34,Male,False,True,True,Desktop,2024-03-16 19:34:40,2024-05-12 19:24:10
3240,Amy Johnson,qfranklin@example.org,47,18-24,Female,True,True,False,Desktop,2023-05-10 01:26:47,2024-11-03 19:24:07
3241,Christian Turner,millerrachel@example.org,5,35-44,Female,False,True,True,Mobile,2022-07-10 18:56:51,2025-08-25 08:54:50
3242,Eric Richmond,joseshaw@example.com,38,18-24,Male,True,True,False,Mobile,2025-08-28 12:54:49,2025-11-21 09:05:22
3243,Melissa Reynolds,patriciapatterson@example.com,12,65+,Female,True,True,True,Tablet,2023-10-24 06:02:00,2024-03-30 21:48:03
3244,Carl Tate,anthonymartin@example.org,36,25-34,Male,False,True,True,Desktop,2022-05-02 22:40:08,2024-02-13 07:11:03
3245,Wendy Williams,brittany48@example.org,39,55-64,Female,True,False,True,Mobile,2025-05-20 03:29:39,2025-10-14 12:24:39
3246,Kristi Newman,laneerica@example.com,17,25-34,Female,True,True,True,Tablet,2022-08-16 18:18:05,2024-05-16 09:17:08
3247,Kenneth Lowe,palmerchad@example.org,11,35-44,Female,True,True,False,Desktop,2025-02-06 21:04:45,2025-03-27 23:37:23
3248,Ruth Clark,ohaley@example.com,49,55-64,Female,True,True,True,Desktop,2022-09-26 13:20:42,2023-12-31 14:27:13
3249,William Dickson DDS,pruittchristopher@example.net,42,35-44,Female,True,True,True,Tablet,2025-05-17 11:30:36,2025-09-26 14:52:38
3250,Lisa Barron,uroberts@example.org,47,45-54,Male,True,True,False,Tablet,2022-11-01 18:02:23,2024-07-17 17:38:17
3251,Allison Clay,josephlloyd@example.net,2,55-64,Female,False,True,True,Desktop,2022-06-06 05:15:21,2024-12-22 22:27:47
3252,David Stone DDS,brian77@example.com,20,45-54,Female,True,False,True,Mobile,2023-05-30 12:00:54,2023-06-24 18:13:22
3253,Marissa Hernandez,petersenkatelyn@example.org,25,25-34,Male,True,True,False,Tablet,2024-11-16 20:05:03,2025-01-15 06:18:08
3254,Jonathan Day,davisteresa@example.net,19,18-24,Male,False,True,True,Desktop,2022-06-14 02:50:08,2022-07-17 21:22:37
3255,Stephen Fischer,finleykathleen@example.net,50,35-44,Female,True,True,True,Desktop,2024-11-07 09:10:51,2025-09-12 09:15:30
3256,Jeff Kane,smithbrittney@example.com,15,35-44,Female,True,True,False,Tablet,2024-05-06 21:59:23,2025-09-23 20:20:29
3257,Jennifer Parks,michelletaylor@example.org,48,35-44,Male,True,True,True,Mobile,2023-07-18 21:09:21,2024-12-25 06:10:21
3258,Brian Maldonado,harringtonbethany@example.org,31,35-44,Female,True,True,False,Desktop,2022-11-02 18:51:20,2024-04-10 20:54:10
3259,David Robinson,meganlloyd@example.com,17,45-54,Female,False,True,True,Mobile,2023-01-19 10:10:13,2023-03-11 20:25:31
3260,Dustin Dominguez DDS,cindycurtis@example.org,36,25-34,Male,True,True,True,Mobile,2023-04-18 18:21:17,2024-09-18 04:00:03
3261,Kenneth Lopez,robin25@example.net,45,35-44,Male,False,True,True,Desktop,2023-10-17 12:47:20,2025-02-01 14:20:14
3262,Zachary Rodriguez,shannonstephanie@example.org,5,25-34,Female,False,True,True,Desktop,2025-08-15 11:15:21,2025-11-13 08:18:26
3263,Carmen Potter,jsimpson@example.org,27,18-24,Female,True,True,True,Tablet,2025-09-10 08:25:50,2025-12-07 09:16:56
3264,Justin Reid,stephaniepatel@example.org,13,45-54,Female,True,True,False,Mobile,2024-02-06 08:24:57,2025-01-02 11:38:57
3265,Jackson Collins,rroach@example.net,13,65+,Female,True,True,False,Desktop,2022-12-28 14:51:56,2023-09-08 20:03:15
3266,Annette Hall,andersonrichard@example.org,28,18-24,Male,True,True,True,Mobile,2023-08-26 10:33:41,2024-10-02 10:26:41
3267,Jeremy Ross,greenwilliam@example.org,5,18-24,Male,True,True,False,Desktop,2023-10-02 14:35:34,2024-07-05 05:10:43
3268,Dawn Miller,hthompson@example.net,27,25-34,Female,True,True,True,Tablet,2023-12-19 15:29:50,2024-03-08 13:15:54
3269,Barry Gutierrez,twilson@example.com,40,25-34,Female,True,True,False,Mobile,2023-03-12 21:13:16,2023-10-14 21:32:07
3270,Angela Black,reginaldgoodman@example.com,21,25-34,Male,True,True,False,Mobile,2025-07-07 07:03:08,2025-11-22 12:13:36
3271,Wesley Browning,judithmason@example.org,24,45-54,Prefer not to say,True,True,True,Tablet,2023-04-24 19:12:41,2025-03-09 22:05:13
3272,Terri Maddox,vincentdavis@example.com,28,18-24,Female,True,True,False,Desktop,2023-06-16 20:29:01,2025-05-03 08:16:01
3273,Megan Welch,juan59@example.com,33,35-44,Male,False,False,True,Desktop,2025-02-02 18:07:47,2025-04-05 20:19:52
3274,David Smith,davisstephanie@example.net,30,45-54,Female,True,True,True,Desktop,2024-08-01 17:15:47,2025-08-30 23:42:08
3275,Tina Schmitt,emarsh@example.com,23,25-34,Male,True,True,False,Tablet,2025-10-02 05:36:20,2025-10-13 20:58:10
3276,Monica Cannon,petermoreno@example.net,35,25-34,Male,False,True,False,Tablet,2024-08-19 18:29:29,2025-07-18 20:10:23
3277,Kevin Monroe,ysmith@example.net,39,25-34,Male,True,True,True,Tablet,2023-05-30 18:52:45,2025-05-30 17:19:53
3278,Laura Russell,antonio11@example.org,43,65+,Prefer not to say,True,True,True,Tablet,2022-09-28 19:37:17,2022-11-01 10:52:25
3279,Steven Ayala,allenlisa@example.net,10,65+,Female,False,True,True,Desktop,2023-07-31 00:16:04,2025-03-23 22:10:19
3280,Tonya Hess,smithrobert@example.com,31,45-54,Female,True,True,False,Desktop,2022-12-19 09:56:00,2023-10-12 20:32:37
3281,Gabriela Mckinney,lisa95@example.com,15,35-44,Male,True,True,True,Mobile,2025-07-22 11:02:47,2025-09-08 22:43:48
3282,Gary Taylor,pollardkaren@example.com,43,18-24,Female,False,True,True,Desktop,2023-02-03 21:44:01,2025-03-27 05:44:19
3283,Jeffrey Wells,vincentcoffey@example.org,7,25-34,Male,False,True,True,Tablet,2025-03-24 19:27:02,2025-09-25 19:06:26
3284,Stacy Higgins,wongsean@example.com,12,35-44,Male,True,True,False,Mobile,2023-08-04 19:24:56,2025-10-15 09:30:20
3285,Melissa Flores,jimcraig@example.com,33,25-34,Male,True,True,False,Desktop,2023-03-05 21:48:35,2024-10-14 19:31:43
3286,Jenny Blankenship,rhiggins@example.net,8,45-54,Male,True,True,False,Desktop,2024-09-22 16:32:04,2025-05-27 11:47:29
3287,John Church,martinezjennifer@example.com,16,35-44,Female,True,True,True,Tablet,2025-04-07 16:37:57,2025-04-20 10:02:36
3288,Benjamin Rodgers,gatesmorgan@example.net,5,25-34,Female,True,True,True,Desktop,2024-06-09 21:20:07,2024-12-13 19:07:55
3289,Sarah Thompson,lawrencebell@example.org,5,35-44,Male,True,True,False,Desktop,2023-02-27 22:32:09,2023-12-12 11:38:25
3290,Christina Lewis,emilypacheco@example.net,25,35-44,Female,True,True,False,Tablet,2025-01-06 20:57:19,2025-11-06 16:48:44
3291,Wyatt Martinez II,robertnguyen@example.com,15,18-24,Male,True,True,True,Tablet,2023-05-18 17:26:47,2024-06-02 09:36:27
3292,Ronald Peterson,nicoledaniel@example.org,47,18-24,Male,True,False,True,Desktop,2024-06-10 21:11:11,2025-11-17 20:52:36
3293,Toni Leonard,charles07@example.net,25,25-34,Male,True,True,True,Desktop,2025-03-15 13:58:45,2025-11-07 20:07:31
3294,Billy Fitzpatrick,jonathan11@example.net,43,25-34,Female,True,True,True,Mobile,2024-03-18 09:43:41,2024-05-30 01:33:23
3295,Judith Mcbride,jessicaturner@example.com,23,35-44,Male,True,True,False,Tablet,2025-04-12 13:22:26,2025-06-10 14:41:47
3296,Kelli Payne,tara23@example.com,46,18-24,Female,True,True,True,Mobile,2022-10-25 10:04:00,2025-02-10 20:56:00
3297,Kristin Roberson,dellis@example.com,45,65+,Male,False,True,False,Desktop,2025-10-30 10:33:11,2025-11-29 19:19:55
3298,Gina Thompson,moorekaren@example.net,10,18-24,Male,False,True,False,Tablet,2024-02-23 20:05:07,2025-10-01 16:44:48
3299,Carla Martin,larmstrong@example.org,43,18-24,Male,False,False,False,Tablet,2024-12-14 19:37:21,2025-10-13 15:26:08
3300,Alejandro Weaver,renee38@example.org,30,35-44,Female,False,True,True,Desktop,2024-05-09 07:41:59,2025-06-02 08:48:05
3301,Arthur Parker,theresamack@example.org,31,25-34,Male,True,True,False,Tablet,2025-03-05 12:25:41,2025-09-05 19:39:19
3302,Kaitlyn Collier PhD,griffinlisa@example.com,40,18-24,Male,True,True,False,Mobile,2025-03-05 15:21:00,2025-04-27 09:43:31
3303,Nicole Butler,lwalton@example.org,48,18-24,Male,False,True,True,Tablet,2023-12-29 14:13:22,2024-02-10 18:12:42
3304,Nicole Johnson,joshuanelson@example.org,38,45-54,Male,False,True,True,Desktop,2022-08-18 13:44:21,2024-04-14 13:53:06
3305,Eric Alexander MD,christinabailey@example.com,9,45-54,Female,True,True,False,Desktop,2024-07-29 12:29:35,2025-07-12 06:50:04
3306,Gerald Stewart,ronaldfoster@example.net,47,35-44,Female,True,False,False,Tablet,2025-01-22 20:38:04,2025-08-30 15:10:51
3307,Kathryn Griffin,tyrone95@example.org,27,25-34,Male,True,True,False,Desktop,2023-01-22 06:07:17,2025-04-19 17:28:31
3308,Gene Anderson,brucekim@example.org,46,65+,Female,True,True,True,Desktop,2025-04-16 12:22:08,2025-10-28 15:10:08
3309,Daniel Bruce,qalvarado@example.com,9,35-44,Female,True,True,True,Tablet,2023-07-10 19:36:42,2025-12-07 20:56:54
3310,Courtney Smith,duartesteven@example.com,27,55-64,Male,False,False,True,Desktop,2022-08-29 20:47:54,2025-09-17 10:30:53
3311,George Reynolds,dwayne24@example.com,3,45-54,Female,True,True,True,Desktop,2024-12-21 11:21:01,2025-01-04 20:56:58
3312,Grant Grant,kwolf@example.net,45,45-54,Female,False,False,False,Mobile,2023-07-14 19:32:12,2024-09-09 08:13:36
3313,Sara Hobbs,xcummings@example.com,6,25-34,Male,True,True,False,Tablet,2025-10-07 11:00:59,2025-10-11 08:49:18
3314,Jeffrey Robinson,david85@example.net,29,18-24,Female,True,False,True,Tablet,2024-04-20 09:02:45,2024-08-24 16:34:02
3315,Crystal Taylor,tylerthompson@example.com,1,45-54,Female,True,False,True,Mobile,2023-07-14 19:35:35,2025-05-28 07:04:10
3316,Robert Love,smithheather@example.com,50,25-34,Male,False,True,True,Desktop,2024-11-16 14:01:12,2025-02-05 18:14:18
3317,Amanda Paul,adamsjames@example.org,43,55-64,Female,True,False,True,Desktop,2022-07-19 18:37:40,2023-04-03 19:22:25
3318,Rita Clark,michael12@example.com,13,45-54,Male,True,True,True,Tablet,2024-08-13 14:02:20,2025-06-18 09:52:28
3319,Alexandria Marshall,hgarcia@example.net,32,45-54,Male,True,True,True,Tablet,2024-06-22 23:17:27,2025-10-16 21:41:34
3320,Megan Woods,yduncan@example.net,7,18-24,Female,True,True,True,Desktop,2024-06-16 13:07:03,2025-01-05 21:21:13
3321,Elizabeth Richard,kyle21@example.com,3,35-44,Female,True,True,False,Desktop,2022-01-24 09:31:49,2025-11-12 15:03:43
3322,Julie Barnett,uroberts@example.org,1,18-24,Male,True,True,False,Mobile,2023-11-16 07:20:38,2025-04-28 20:49:46
3323,Matthew Ewing,xboyd@example.net,29,65+,Female,True,True,True,Desktop,2024-09-24 13:33:32,2025-07-02 22:16:25
3324,Willie Lewis,walkerstephen@example.net,39,25-34,Male,True,True,True,Desktop,2022-10-13 19:14:52,2025-01-31 17:02:35
3325,Shannon Byrd,steeleandrew@example.org,19,18-24,Female,True,True,False,Desktop,2023-10-18 06:14:09,2025-10-09 07:00:22
3326,Samantha Fisher,lauren10@example.org,3,25-34,Male,True,True,True,Mobile,2022-05-13 18:06:05,2024-03-11 22:37:41
3327,Thomas Banks,xlittle@example.org,29,45-54,Female,True,True,True,Mobile,2023-04-09 19:18:04,2024-05-01 20:20:36
3328,Kathleen Ruiz DVM,jwright@example.net,25,55-64,Male,True,True,False,Tablet,2023-07-19 09:34:45,2024-08-24 14:26:29
3329,April Rose,lancegates@example.com,13,55-64,Female,True,True,True,Desktop,2023-05-17 17:20:57,2024-12-17 23:04:57
3330,Peter Allen,kphillips@example.net,42,25-34,Female,True,True,True,Tablet,2022-08-25 16:34:29,2022-12-27 09:42:44
3331,Lisa Stark,adrian89@example.com,46,18-24,Male,True,True,False,Desktop,2025-10-11 19:40:39,2025-10-25 21:52:28
3332,Jeffrey Bates,james70@example.net,8,25-34,Female,True,True,True,Mobile,2023-03-25 08:59:19,2025-04-04 16:35:20
3333,Samuel Smith,jillduffy@example.org,5,35-44,Prefer not to say,False,True,True,Tablet,2023-11-18 11:53:28,2023-12-11 12:28:31
3334,Valerie Bell,ddouglas@example.org,34,65+,Prefer not to say,True,True,True,Tablet,2023-06-16 07:02:55,2024-05-24 09:58:09
3335,Nicholas Mitchell,nadams@example.net,14,35-44,Male,True,True,True,Tablet,2024-10-04 18:58:11,2025-09-30 09:53:00
3336,Robert Carpenter,morrisonkevin@example.net,25,25-34,Female,True,True,True,Tablet,2025-10-02 08:48:38,2025-11-02 14:59:11
3337,Nicole Clark,roberttorres@example.com,48,25-34,Male,True,True,True,Desktop,2023-08-26 20:30:16,2025-04-23 19:06:44
3338,Melissa Beck,christina41@example.com,35,18-24,Female,True,True,False,Tablet,2024-12-18 23:19:43,2025-07-07 20:52:33
3339,Lisa Johnson,tylersellers@example.com,7,45-54,Male,True,True,True,Mobile,2025-10-19 17:03:45,2025-12-03 07:33:23
3340,Holly Herring,smithmichael@example.com,28,25-34,Male,False,True,True,Desktop,2025-07-04 20:34:55,2025-11-07 10:20:29
3341,Tyrone Conley,robin33@example.net,13,35-44,Male,True,True,True,Desktop,2025-02-13 19:54:34,2025-09-19 00:38:34
3342,Ray Snow,david90@example.net,4,25-34,Female,False,False,True,Tablet,2023-09-09 19:11:48,2024-12-06 14:32:27
3343,Anita Lee,jody71@example.net,20,45-54,Female,True,True,True,Desktop,2023-04-10 09:13:49,2024-06-11 16:09:15
3344,Vanessa Hill,michael96@example.net,34,65+,Female,True,True,True,Tablet,2024-01-10 06:55:56,2025-06-24 21:46:30
3345,Christopher Morris,johnhunt@example.net,10,35-44,Male,True,True,True,Mobile,2023-03-23 08:10:17,2023-10-22 23:47:55
3346,James Franklin,josephwalker@example.org,30,65+,Male,True,True,False,Mobile,2024-06-21 19:44:32,2025-09-13 21:24:37
3347,Cassandra Rodriguez,parkspaul@example.org,18,35-44,Female,False,True,True,Mobile,2023-05-17 18:01:13,2024-09-26 19:22:41
3348,Amanda Rivera,robert46@example.com,10,25-34,Female,True,True,False,Mobile,2023-12-07 17:55:12,2024-01-22 21:50:39
3349,Christy Powell,bhill@example.net,1,55-64,Female,False,True,True,Tablet,2022-01-01 22:44:14,2023-03-09 07:48:44
3350,Angela Miller,darrellmorgan@example.org,22,25-34,Male,True,True,True,Tablet,2025-07-02 09:46:06,2025-07-22 21:23:17
3351,Erik Bell,tmckinney@example.net,4,55-64,Male,True,True,False,Tablet,2024-10-14 21:58:15,2025-09-27 07:49:00
3352,Amanda Poole,edwardscarrie@example.org,40,18-24,Prefer not to say,True,True,False,Desktop,2022-04-09 08:30:12,2024-05-05 11:19:55
3353,Michelle Stanley,garciajeffrey@example.com,28,45-54,Male,True,True,True,Tablet,2022-10-31 13:27:53,2023-03-29 20:37:45
3354,Carol Morgan,hlee@example.org,25,25-34,Female,True,True,False,Tablet,2023-03-18 13:54:34,2023-03-18 13:34:20
3355,Cody Phillips,melissa18@example.org,24,35-44,Male,True,True,True,Desktop,2022-05-29 20:34:11,2025-07-07 08:36:10
3356,Thomas Stokes,cathy91@example.org,13,25-34,Female,True,True,True,Tablet,2025-06-28 22:42:13,2025-10-01 12:04:25
3357,Amanda Kelly,johnstonemily@example.net,14,45-54,Male,True,True,False,Tablet,2025-07-01 12:57:09,2025-10-13 15:00:15
3358,Jennifer Kim,fnorton@example.org,16,25-34,Female,True,False,True,Mobile,2025-02-07 15:36:05,2025-04-17 18:27:51
3359,Lisa Hernandez,jasminepotter@example.net,25,35-44,Prefer not to say,False,True,True,Desktop,2023-11-07 05:44:06,2024-12-23 11:15:49
3360,Virginia Smith,greenechristopher@example.net,30,45-54,Female,False,True,False,Desktop,2025-06-23 10:18:48,2025-12-06 00:40:21
3361,Cory Ray,suzannewilliams@example.com,34,35-44,Male,False,True,False,Tablet,2022-11-04 06:53:06,2025-05-16 18:32:19
3362,Cindy Salas MD,hcrawford@example.net,19,35-44,Male,True,True,False,Mobile,2022-02-27 18:03:11,2022-05-10 21:57:00
3363,Joshua Price,jonessamantha@example.org,25,55-64,Male,True,True,True,Desktop,2023-05-03 15:40:39,2023-09-27 07:52:46
3364,Michelle Santos,vangbrittany@example.com,15,55-64,Male,True,True,False,Tablet,2025-06-20 18:34:34,2025-11-07 09:30:55
3365,Brandon Rodriguez MD,deckerbryan@example.org,23,25-34,Male,False,True,False,Tablet,2025-08-12 09:57:13,2025-10-04 20:36:12
3366,Michael Newman,nancymendez@example.net,24,18-24,Male,True,False,True,Tablet,2025-06-12 21:43:29,2025-10-14 19:39:33
3367,Howard Golden,icarpenter@example.org,22,25-34,Male,True,True,False,Desktop,2025-07-19 03:27:27,2025-08-17 14:16:34
3368,Duane Bates,speters@example.net,5,25-34,Female,False,True,True,Tablet,2023-08-24 13:48:20,2023-12-29 11:47:51
3369,Sarah Keith,kschultz@example.com,36,18-24,Female,True,True,False,Tablet,2024-09-07 09:00:52,2025-12-13 20:32:42
3370,Andre Martin,thomasbrandon@example.org,1,18-24,Female,True,True,True,Mobile,2025-04-18 11:07:54,2025-04-29 13:25:35
3371,Richard Parsons,kingjulie@example.com,9,25-34,Female,True,False,True,Mobile,2025-01-13 21:48:03,2025-01-14 14:14:45
3372,Melissa Porter,scottlinda@example.net,49,25-34,Male,True,True,False,Tablet,2025-03-20 09:44:48,2025-11-11 08:02:47
3373,Deborah Knight,anthony60@example.net,44,55-64,Female,True,True,True,Tablet,2025-03-22 09:18:18,2025-06-03 05:58:59
3374,Terry Mason,scarey@example.com,34,18-24,Male,True,True,True,Mobile,2024-08-09 09:53:46,2025-10-01 17:22:47
3375,Connie Montgomery,ashley07@example.com,42,18-24,Male,True,False,False,Desktop,2023-01-02 09:26:41,2024-03-06 09:08:37
3376,Charles Montgomery,robertsmichael@example.net,38,18-24,Male,True,False,True,Mobile,2022-07-18 22:32:54,2025-11-23 15:06:21
3377,Connor Juarez,shawn69@example.org,31,35-44,Male,True,True,True,Desktop,2023-09-12 07:39:03,2024-09-01 15:18:16
3378,Brendan Hurley,tyler86@example.org,26,35-44,Female,True,False,True,Desktop,2025-05-13 21:00:01,2025-11-03 08:16:22
3379,Stefanie Flores,taylorkimberly@example.net,18,35-44,Male,False,True,True,Desktop,2023-10-19 19:31:48,2024-06-06 08:18:49
3380,James Martinez,xhughes@example.net,17,18-24,Male,True,True,True,Tablet,2023-06-27 19:49:18,2024-12-27 21:50:30
3381,Elizabeth Boyd,lindsey68@example.net,35,45-54,Female,True,True,True,Desktop,2024-01-26 08:40:09,2024-11-20 11:54:08
3382,Karen Williams,kwood@example.com,22,35-44,Male,True,False,True,Desktop,2025-07-07 07:01:08,2025-12-14 12:49:45
3383,Christopher Prince,ncrane@example.org,28,25-34,Male,True,True,True,Tablet,2024-11-09 22:59:03,2025-10-04 09:47:06
3384,Christopher Harris,matthewnewton@example.org,18,25-34,Female,False,True,True,Mobile,2024-09-29 17:15:21,2024-12-03 09:24:56
3385,Sara Parker,cjohns@example.org,24,18-24,Female,False,True,False,Desktop,2022-01-01 09:39:48,2023-04-09 23:15:38
3386,Raymond Smith,rebekah35@example.org,16,25-34,Female,True,True,False,Desktop,2022-06-01 08:38:51,2025-10-18 17:29:56
3387,Dillon Sellers,murphysusan@example.net,32,25-34,Female,True,True,True,Tablet,2024-12-09 20:19:29,2025-02-16 23:17:46
3388,Cameron Robbins,smithchristopher@example.org,5,45-54,Male,False,False,True,Desktop,2022-11-18 22:02:36,2024-12-02 23:29:34
3389,Stacy Perez,mcguirejoshua@example.net,3,45-54,Female,True,True,True,Desktop,2025-07-12 22:14:39,2025-10-10 11:49:59
3390,Rhonda Medina,qhunt@example.net,34,55-64,Male,False,True,True,Desktop,2024-06-15 16:54:46,2024-07-26 17:59:03
3391,Madison Liu,ivargas@example.org,46,65+,Female,False,True,False,Desktop,2025-06-22 13:40:17,2025-11-20 21:02:30
3392,Anne Wilson,jeremyrobinson@example.net,37,35-44,Male,True,True,True,Desktop,2024-08-22 18:51:04,2025-01-14 19:27:59
3393,Kelly Shaw,choilinda@example.net,29,65+,Female,True,False,True,Mobile,2025-08-08 20:07:02,2025-11-27 09:54:21
3394,Jason Holder,rcochran@example.com,5,35-44,Male,False,True,True,Desktop,2023-06-20 11:51:30,2025-08-11 19:35:53
3395,Paula Pitts,robertsaunders@example.com,42,25-34,Female,True,True,False,Mobile,2023-05-21 20:39:41,2024-08-07 20:32:23
3396,Paul Gay,leonardphillips@example.org,36,45-54,Female,True,True,True,Desktop,2023-12-04 18:18:06,2025-11-08 19:22:43
3397,Austin Owens,angelarivera@example.org,24,35-44,Other,True,True,True,Tablet,2022-06-29 08:57:26,2023-08-10 08:33:20
3398,Kelsey Dixon,qmoore@example.com,18,45-54,Male,True,True,True,Desktop,2022-12-19 20:16:35,2024-01-22 19:54:06
3399,Michelle Patel,tevans@example.net,4,45-54,Male,False,True,False,Desktop,2023-07-09 12:02:09,2024-07-30 09:55:07
3400,Beverly Garrett,jared36@example.net,36,35-44,Female,False,True,True,Mobile,2025-03-04 08:26:33,2025-07-09 19:11:46
3401,Paul Taylor,codypena@example.com,48,35-44,Female,True,True,True,Tablet,2023-05-19 19:16:37,2023-11-13 19:36:52
3402,Dawn Blevins,adamfuentes@example.org,21,65+,Male,False,True,False,Tablet,2025-03-23 15:12:51,2025-09-29 12:40:52
3403,Heather Garza,wvelazquez@example.net,5,65+,Female,True,False,False,Mobile,2025-01-31 19:42:46,2025-02-25 09:42:30
3404,Benjamin Flynn,hdavis@example.net,32,35-44,Female,True,True,False,Mobile,2023-10-08 11:45:37,2024-05-11 06:27:44
3405,Stacy Floyd,bmartin@example.net,11,25-34,Female,True,True,True,Mobile,2025-04-05 15:59:14,2025-06-01 19:16:03
3406,Nicole Conner,jeremy49@example.net,31,45-54,Male,True,True,True,Tablet,2023-10-16 12:25:54,2023-12-27 14:22:09
3407,Heather Arnold,usims@example.net,21,18-24,Female,False,True,False,Mobile,2023-11-26 19:29:06,2025-06-02 13:13:47
3408,Kayla Brown,darrellarmstrong@example.org,33,35-44,Male,False,True,True,Mobile,2024-01-03 17:38:58,2024-03-08 02:18:13
3409,William Robinson,travisroberts@example.org,16,65+,Male,False,True,True,Tablet,2023-11-30 20:28:02,2024-06-07 08:22:19
3410,Christopher Perez,joseph07@example.org,27,18-24,Male,False,False,True,Tablet,2025-08-25 10:26:17,2025-09-17 21:08:21
3411,Erik David,laurenpeters@example.com,7,25-34,Female,True,True,True,Mobile,2023-02-10 04:13:27,2023-09-12 18:25:44
3412,Aaron Smith MD,wheath@example.com,6,55-64,Male,False,True,False,Desktop,2023-10-06 09:01:44,2025-05-07 18:30:14
3413,Jamie Love,melissadunn@example.org,1,25-34,Female,True,True,False,Mobile,2023-07-17 11:27:25,2023-07-20 22:18:41
3414,Maria Martinez,michelegordon@example.net,45,25-34,Other,False,False,True,Tablet,2022-06-18 19:26:36,2025-11-02 10:21:14
3415,Jeremiah Simmons,carolgonzalez@example.org,22,35-44,Male,True,True,True,Tablet,2022-08-19 01:35:56,2024-06-23 06:33:02
3416,Kevin Roberson,eileenjohnson@example.com,22,55-64,Male,True,True,True,Tablet,2025-06-21 20:58:41,2025-10-26 17:18:22
3417,Donald Gomez,codyharris@example.net,24,18-24,Male,True,True,True,Mobile,2023-07-15 11:23:31,2025-11-15 01:10:39
3418,Robert Hill,rodriguezabigail@example.com,45,35-44,Male,True,False,True,Tablet,2025-07-02 20:21:59,2025-08-05 19:37:53
3419,Christian Green,johnsonpaul@example.org,25,45-54,Male,True,True,True,Tablet,2025-10-05 08:25:15,2025-11-30 10:01:02
3420,Michael Parker,kristinaking@example.net,38,25-34,Female,True,True,True,Mobile,2023-10-17 21:28:44,2025-04-07 22:04:55
3421,Lauren Frost,ashley42@example.org,22,35-44,Male,True,False,True,Mobile,2022-05-13 13:12:17,2024-11-02 20:16:51
3422,Tammy Clark,slee@example.com,44,25-34,Male,False,True,True,Desktop,2024-05-21 07:17:26,2025-03-03 20:25:17
3423,Joel Stone MD,ashley58@example.com,17,65+,Female,True,True,True,Mobile,2023-04-16 09:51:09,2024-08-11 08:43:50
3424,John Murillo,richardsjeffrey@example.net,29,18-24,Female,True,True,True,Tablet,2022-04-11 07:33:44,2025-05-05 07:37:46
3425,Elizabeth Reynolds,mwyatt@example.org,43,45-54,Female,False,True,True,Mobile,2022-02-02 09:28:49,2024-03-16 20:19:35
3426,Sarah Wilson,johnsoncharles@example.org,16,18-24,Male,False,True,True,Tablet,2024-04-30 21:32:07,2024-05-07 14:59:38
3427,April Campbell,robertking@example.net,3,35-44,Male,True,True,False,Desktop,2024-05-03 18:00:21,2024-11-16 21:58:32
3428,Lindsey Miller DVM,ydavis@example.com,4,25-34,Prefer not to say,False,True,True,Tablet,2022-08-07 23:35:53,2022-11-06 19:44:46
3429,Ryan Pollard,cooperrebecca@example.org,41,25-34,Male,True,True,True,Desktop,2025-02-28 20:27:51,2025-09-20 20:37:02
3430,Louis Armstrong,yestrada@example.com,11,65+,Female,False,False,False,Desktop,2024-01-12 17:26:01,2025-10-21 21:40:04
3431,Bailey Owen,stephenreynolds@example.org,23,35-44,Female,True,True,True,Desktop,2022-09-11 08:07:09,2022-10-24 19:46:46
3432,Jasmine Knight,paulapruitt@example.net,45,45-54,Female,False,True,False,Mobile,2024-08-01 18:52:35,2024-08-29 20:16:37
3433,Maria Cox,kwilliamson@example.com,28,25-34,Other,True,True,False,Desktop,2025-10-08 00:14:05,2025-10-15 19:16:47
3434,Elizabeth Montgomery,nlowe@example.net,7,25-34,Male,True,True,True,Mobile,2023-10-16 11:31:54,2024-01-17 21:32:40
3435,Abigail Burch,aromero@example.net,7,25-34,Male,True,True,False,Tablet,2025-02-04 22:36:43,2025-09-21 20:18:41
3436,Krista Webster,reillyalexandra@example.net,15,18-24,Prefer not to say,False,False,False,Tablet,2024-02-12 21:12:50,2025-02-06 21:49:08
3437,James Donaldson,maria36@example.com,7,55-64,Female,True,True,False,Desktop,2024-04-26 21:24:16,2024-08-23 07:11:26
3438,Curtis Burns,zbarrett@example.com,1,45-54,Female,True,True,False,Mobile,2023-01-15 15:20:34,2024-06-26 12:32:47
3439,Nancy Holmes,qcruz@example.net,10,45-54,Male,True,True,False,Mobile,2024-04-11 15:23:17,2025-08-19 18:59:17
3440,Hannah Wilkinson,joshuaramos@example.com,40,25-34,Male,False,True,True,Desktop,2024-06-04 17:00:27,2025-11-29 18:23:24
3441,Beverly Johnson,john72@example.net,6,55-64,Male,True,True,True,Tablet,2025-04-23 13:10:08,2025-09-22 09:34:15
3442,Ronald Warren,oedwards@example.net,31,55-64,Female,False,True,False,Mobile,2024-06-24 19:45:48,2025-04-21 23:21:40
3443,Jeremy Briggs,angela07@example.net,44,65+,Male,True,True,False,Mobile,2024-05-22 21:01:05,2024-11-28 21:31:05
3444,Nicholas Watson,lcarpenter@example.net,15,45-54,Female,True,False,False,Desktop,2022-01-11 19:42:48,2022-12-06 17:17:29
3445,Elizabeth Yang,hortonjoshua@example.org,16,45-54,Male,True,True,False,Desktop,2024-04-29 19:39:04,2024-09-23 03:13:11
3446,Robert Hill,aaron63@example.org,32,65+,Male,True,True,False,Tablet,2023-10-27 21:40:03,2024-10-18 21:27:40
3447,Emily Williams,rickblack@example.net,36,25-34,Male,False,True,True,Mobile,2025-02-08 21:05:42,2025-09-15 21:18:00
3448,Steven Middleton,bcampbell@example.com,40,45-54,Female,True,False,False,Mobile,2023-09-25 20:41:34,2025-01-09 13:45:30
3449,Jennifer Reynolds,wrightmelissa@example.org,9,25-34,Male,False,True,False,Desktop,2024-08-25 08:13:37,2025-12-13 09:39:08
3450,Lisa Baker,brooke09@example.com,7,45-54,Female,False,True,True,Desktop,2025-06-17 13:23:28,2025-07-22 19:03:10
3451,Alisha Fuller,zwilliams@example.net,34,25-34,Female,False,True,True,Tablet,2025-02-18 16:27:02,2025-03-10 09:24:12
3452,James Davila,brittany77@example.net,43,25-34,Male,True,True,True,Tablet,2022-06-04 21:11:51,2025-07-05 20:48:47
3453,David Davenport,qmiller@example.org,49,35-44,Female,True,False,False,Tablet,2024-06-05 09:42:32,2024-09-25 20:19:28
3454,Debra Potts,melissajohnson@example.com,4,25-34,Other,True,True,False,Tablet,2025-05-29 17:33:21,2025-08-26 09:41:40
3455,Jennifer Lopez,zjohnson@example.net,48,65+,Female,True,True,True,Tablet,2024-07-24 18:41:30,2025-08-19 17:18:26
3456,John Fields,pughcarol@example.org,6,55-64,Female,True,True,False,Desktop,2023-10-21 16:27:13,2024-09-25 19:47:58
3457,Daniel Rodriguez,travisking@example.net,46,35-44,Female,True,False,True,Tablet,2025-05-20 23:37:08,2025-08-11 19:04:07
3458,Michael Graves,reginawright@example.com,37,35-44,Male,True,False,True,Desktop,2024-06-20 05:39:17,2025-03-29 14:31:31
3459,Michael Osborne,burnscarl@example.org,37,18-24,Male,True,True,False,Mobile,2025-08-01 10:36:39,2025-09-30 21:43:29
3460,Heidi Tanner,fadams@example.org,2,18-24,Male,True,True,True,Mobile,2024-05-28 02:35:45,2025-07-28 18:01:50
3461,Melanie Turner,william30@example.org,22,18-24,Female,False,True,True,Desktop,2025-09-12 12:20:05,2025-10-31 10:20:37
3462,Daniel Spears,donna04@example.com,43,35-44,Male,True,False,True,Desktop,2022-12-22 13:40:44,2025-06-25 20:51:00
3463,Lisa Lopez,gspencer@example.org,44,55-64,Male,False,True,False,Desktop,2024-05-17 21:17:10,2025-02-17 18:30:54
3464,Dawn Stevenson,pattersonjulie@example.com,13,55-64,Female,True,True,True,Mobile,2025-01-12 11:42:08,2025-10-03 18:52:33
3465,Dean Adams,piercedonna@example.com,17,25-34,Female,True,False,True,Tablet,2024-11-09 19:04:11,2025-05-29 18:55:58
3466,Zachary Bonilla,murraypaige@example.com,47,55-64,Male,False,True,True,Desktop,2025-10-26 14:30:31,2025-11-24 13:16:57
3467,Jay Weber,martinezmichael@example.org,42,35-44,Female,True,True,True,Tablet,2022-01-08 11:13:42,2024-10-28 06:19:45
3468,Lisa George,ojames@example.org,27,18-24,Female,True,True,False,Desktop,2025-03-11 21:40:11,2025-09-08 21:01:50
3469,David Atkinson,agomez@example.org,43,25-34,Male,False,False,True,Mobile,2025-09-04 12:45:26,2025-11-26 17:31:53
3470,Regina Hill,brockfelicia@example.org,28,35-44,Female,False,True,True,Desktop,2022-02-11 19:10:18,2024-05-28 20:23:24
3471,William Lynch,clarencebray@example.com,24,45-54,Female,True,True,False,Desktop,2025-07-17 20:24:59,2025-07-20 23:58:36
3472,Matthew Schmidt,changheather@example.com,6,45-54,Female,True,True,False,Desktop,2022-01-07 14:20:46,2023-03-03 01:35:48
3473,Elizabeth Baxter,knightrenee@example.org,48,45-54,Female,True,True,True,Tablet,2025-07-29 20:53:24,2025-08-15 09:46:26
3474,Michelle Robinson,scott79@example.com,16,18-24,Female,True,False,True,Desktop,2025-06-26 18:38:13,2025-08-24 18:42:59
3475,Nicole Nelson,danielle53@example.net,38,25-34,Female,False,True,False,Mobile,2025-05-23 19:16:14,2025-09-20 17:48:02
3476,Christopher Thomas,kathyberg@example.com,46,65+,Female,True,True,True,Mobile,2025-03-06 23:03:41,2025-06-20 12:24:09
3477,Shawna Garcia,jack55@example.net,42,18-24,Male,False,True,True,Tablet,2025-07-27 14:29:55,2025-11-24 19:51:45
3478,Kelly Cummings,rebecca90@example.org,45,45-54,Female,False,True,True,Desktop,2023-10-16 11:55:57,2024-09-11 19:55:59
3479,Monica Phelps,megan48@example.com,39,25-34,Female,True,True,False,Desktop,2022-03-17 22:30:59,2024-02-17 18:10:48
3480,Roger Gill,brenda15@example.net,31,18-24,Male,True,True,True,Tablet,2023-06-27 11:33:37,2025-02-25 17:49:02
3481,Donna Joseph,youngmartin@example.com,31,18-24,Female,True,True,False,Mobile,2022-02-12 22:20:18,2024-04-24 19:11:52
3482,Hannah Bell,michealcook@example.net,17,35-44,Male,True,True,False,Desktop,2025-07-28 08:08:25,2025-09-23 15:12:30
3483,Brandi Hernandez,tparsons@example.com,39,65+,Female,True,True,True,Tablet,2022-04-19 06:31:30,2022-07-10 07:08:47
3484,Johnny Watson PhD,justin12@example.org,43,65+,Male,True,True,True,Desktop,2024-12-09 17:50:26,2025-05-25 20:30:27
3485,Kevin Shepherd,ncarlson@example.org,43,18-24,Prefer not to say,True,True,False,Mobile,2023-12-21 11:08:44,2024-04-06 17:35:31
3486,Gary Diaz,amy49@example.net,16,25-34,Male,False,True,True,Desktop,2022-01-24 16:55:45,2022-04-22 08:59:14
3487,Nathan Stafford,msimmons@example.net,27,25-34,Female,True,True,False,Desktop,2024-10-28 19:12:22,2025-05-06 20:38:41
3488,Katherine Moore,brenda50@example.org,44,25-34,Female,True,True,False,Tablet,2024-02-28 09:17:43,2025-07-28 11:02:29
3489,Nicholas Smith,david22@example.com,35,35-44,Male,True,False,True,Mobile,2024-12-22 22:46:43,2025-05-25 05:34:03
3490,Robert Mcmahon,stacy34@example.org,34,18-24,Male,False,True,False,Desktop,2022-07-26 19:21:34,2024-03-14 07:00:20
3491,Amy Campbell,matthew34@example.com,28,18-24,Male,True,True,True,Desktop,2023-11-26 15:31:51,2025-10-22 22:16:31
3492,Heidi Graham,susancoleman@example.net,49,25-34,Female,True,True,True,Tablet,2023-05-13 12:53:24,2025-11-10 20:18:24
3493,Robert Reilly,wlyons@example.com,10,25-34,Female,True,False,True,Mobile,2025-08-30 17:14:12,2025-11-09 22:36:57
3494,Lisa Blake,vanessa91@example.org,19,25-34,Female,True,True,True,Desktop,2023-08-04 18:04:22,2023-09-19 00:13:31
3495,Curtis Wells,renee78@example.com,41,18-24,Male,False,True,True,Tablet,2023-12-05 22:07:38,2025-06-19 10:20:58
3496,Joyce Hall,chawkins@example.net,32,35-44,Other,True,True,True,Tablet,2024-12-07 17:10:38,2025-01-10 06:22:37
3497,Michael Johnson,debbie01@example.org,49,25-34,Other,True,True,True,Desktop,2024-08-11 22:37:07,2024-12-08 18:05:28
3498,Linda Davis,maureen20@example.org,33,45-54,Female,True,True,True,Mobile,2023-05-31 18:33:22,2025-06-02 16:51:19
3499,Cheryl Byrd,jasmineshepard@example.com,17,65+,Female,False,True,True,Tablet,2023-07-22 09:51:40,2023-09-02 18:16:16
3500,Aaron Caldwell,amyfields@example.net,18,25-34,Female,True,True,True,Desktop,2022-12-06 10:21:30,2024-09-15 09:30:30
3501,Kristin Mendez,justin78@example.org,40,18-24,Female,True,True,True,Desktop,2022-08-26 13:24:57,2024-10-24 20:50:54
3502,Jared Adkins,nicole20@example.net,47,25-34,Female,True,True,True,Tablet,2024-11-19 17:42:34,2025-04-29 20:14:08
3503,Edward Newton,egraham@example.com,25,25-34,Male,True,True,True,Mobile,2022-11-22 01:18:22,2024-06-17 19:28:14
3504,Ryan Scott,katiehubbard@example.com,43,45-54,Male,False,True,True,Mobile,2022-07-28 09:59:11,2025-05-01 10:08:55
3505,Kirk Curtis,vegaandrea@example.com,13,55-64,Male,False,True,False,Tablet,2024-04-18 20:48:26,2025-01-06 10:12:23
3506,Caroline Price,talvarado@example.com,33,25-34,Female,True,False,True,Tablet,2025-02-27 18:01:36,2025-05-25 12:51:10
3507,Ms. Michele Wright,mark66@example.com,36,18-24,Female,True,True,False,Desktop,2023-06-22 14:40:20,2024-12-26 18:32:41
3508,Todd Sims,bradfordsheila@example.com,42,55-64,Female,False,True,True,Tablet,2024-07-03 09:37:59,2024-10-14 14:14:37
3509,Jason Ferrell,benjamindavid@example.net,22,65+,Female,False,True,True,Desktop,2023-01-11 15:36:31,2025-10-28 15:20:59
3510,Brianna Ortega,josephcastro@example.org,40,55-64,Female,False,True,False,Mobile,2022-09-12 18:28:45,2023-02-24 08:25:10
3511,David Mann,brian61@example.org,26,25-34,Male,True,True,True,Desktop,2022-09-17 22:39:14,2022-11-18 19:44:09
3512,Stephen Meyer,tyler30@example.com,8,18-24,Male,True,True,False,Tablet,2023-12-22 18:42:05,2024-12-12 19:27:31
3513,Robert Preston,pbates@example.net,36,18-24,Female,False,True,True,Mobile,2025-01-06 22:28:10,2025-04-28 09:40:20
3514,Julia Cruz,brownmichael@example.org,46,25-34,Male,True,True,True,Desktop,2025-07-05 23:42:32,2025-12-11 10:31:21
3515,Paul Pearson,danielle94@example.org,40,65+,Male,True,True,True,Mobile,2025-04-03 10:40:30,2025-05-06 08:33:13
3516,Andrew Jenkins,suzanne53@example.com,12,18-24,Male,True,True,True,Desktop,2025-09-16 20:54:02,2025-12-07 13:26:28
3517,Chris Hooper,dramos@example.net,22,25-34,Female,False,True,True,Tablet,2025-01-23 20:52:59,2025-03-21 08:55:33
3518,Gabriel Welch,armstrongallison@example.net,16,18-24,Female,True,True,False,Tablet,2022-05-20 17:19:05,2023-09-13 09:06:30
3519,James Garcia,lesliephelps@example.com,33,25-34,Female,False,True,False,Desktop,2025-08-13 11:13:02,2025-08-15 12:16:43
3520,Cody Lopez,jennamason@example.com,27,18-24,Male,True,False,True,Desktop,2022-03-11 13:12:34,2022-07-09 12:21:42
3521,Charlotte Burns DDS,chandavid@example.org,19,18-24,Male,False,True,False,Desktop,2025-06-11 13:15:47,2025-08-26 21:50:20
3522,William Mcbride,doyletravis@example.org,3,25-34,Female,False,True,True,Tablet,2024-02-06 14:42:08,2024-02-07 11:00:18
3523,Derek Stevens,betty65@example.net,21,35-44,Male,True,True,False,Desktop,2023-05-24 16:01:40,2023-09-19 16:20:51
3524,Albert White,hdavis@example.com,2,55-64,Male,True,True,False,Desktop,2024-04-17 18:02:33,2024-11-05 02:18:07
3525,Cheryl Collins,burtontimothy@example.net,8,35-44,Female,True,True,True,Desktop,2022-10-29 17:07:25,2025-08-26 11:33:42
3526,Billy Larson,pennygood@example.org,18,35-44,Female,True,True,False,Desktop,2024-10-03 22:05:14,2024-11-26 18:01:45
3527,Robert Harris,crodriguez@example.org,41,35-44,Male,False,True,True,Tablet,2023-07-16 17:02:41,2024-12-15 17:08:08
3528,Bradley Martinez,john12@example.com,28,45-54,Female,False,True,True,Mobile,2025-09-14 12:38:50,2025-09-28 10:15:21
3529,Casey Harris,strongtammy@example.com,14,35-44,Female,False,True,True,Tablet,2023-08-18 21:14:50,2024-06-11 18:13:35
3530,Jesse Rivera,robertbentley@example.org,16,25-34,Female,False,False,False,Desktop,2023-12-15 21:06:31,2024-10-15 04:46:14
3531,Nicole Thomas,daniel05@example.net,46,35-44,Female,True,True,True,Mobile,2024-08-01 09:40:55,2025-02-19 20:40:53
3532,Krista Williams,floressummer@example.org,2,25-34,Other,False,True,False,Tablet,2025-03-28 09:13:37,2025-11-23 21:45:35
3533,Sarah Chavez,lisabonilla@example.com,1,45-54,Male,False,True,True,Desktop,2025-09-21 13:40:10,2025-09-28 20:06:19
3534,Paige Ellison,sotomitchell@example.net,8,55-64,Other,False,False,True,Mobile,2025-01-23 08:31:52,2025-03-25 01:37:32
3535,Bradley Harrell,thomas07@example.net,44,25-34,Male,True,True,True,Desktop,2023-01-30 09:40:34,2024-10-02 10:38:06
3536,Joseph Johnson,gregory46@example.net,23,25-34,Male,True,True,True,Mobile,2023-02-20 11:09:23,2023-07-19 13:07:09
3537,Erin Rodriguez,thomasaustin@example.org,23,65+,Female,True,False,True,Desktop,2024-01-10 20:10:50,2024-09-01 20:56:37
3538,Michael Stephens,maxwellcorey@example.net,29,18-24,Female,True,True,True,Desktop,2025-04-12 04:03:40,2025-09-20 17:32:39
3539,Miranda Walker,pharris@example.org,6,25-34,Female,True,True,True,Mobile,2022-11-06 07:27:02,2023-09-24 21:11:24
3540,Eric Owens,smithlori@example.com,17,25-34,Male,True,True,True,Desktop,2023-03-18 20:16:49,2025-02-25 07:11:27
3541,Jerry Cole,codyford@example.net,43,45-54,Female,False,True,False,Desktop,2022-06-17 19:18:46,2025-02-25 23:16:05
3542,Glenda Graves,andreafrazier@example.org,9,18-24,Male,True,True,True,Desktop,2023-01-13 16:16:38,2023-03-19 16:53:27
3543,Krystal Ruiz,imay@example.com,31,45-54,Male,False,True,False,Desktop,2025-04-21 22:47:10,2025-11-26 10:11:52
3544,Jeremy Johnson,snyderjodi@example.net,11,35-44,Male,True,True,True,Desktop,2023-06-17 13:54:48,2023-09-23 21:00:50
3545,Andrea Brown,jennifer91@example.com,10,55-64,Male,True,True,False,Desktop,2024-12-19 11:35:12,2025-03-15 08:27:46
3546,Matthew Freeman,wandabennett@example.net,9,55-64,Female,False,False,True,Desktop,2024-04-28 06:00:36,2025-03-20 18:17:59
3547,Deanna Evans,tbell@example.net,18,45-54,Female,True,True,True,Mobile,2023-11-30 12:34:32,2024-12-21 18:32:57
3548,Chase Singh,sarahrichardson@example.org,12,45-54,Male,True,True,False,Mobile,2023-02-19 08:12:13,2025-12-07 10:44:42
3549,Sharon Smith MD,mollyharrison@example.net,27,18-24,Male,False,True,True,Tablet,2024-07-17 12:10:28,2025-09-29 09:09:56
3550,Catherine Rodriguez,robertwolf@example.net,41,55-64,Female,True,True,False,Desktop,2023-03-25 11:32:50,2023-08-18 15:07:37
3551,Amy Hoffman,stevensonanthony@example.net,13,55-64,Male,True,True,True,Tablet,2024-07-09 17:09:36,2025-08-25 09:38:39
3552,Aaron Banks,megan08@example.org,39,65+,Male,True,True,True,Desktop,2025-05-24 20:25:26,2025-11-01 16:45:52
3553,Wendy Porter,hestrada@example.org,26,18-24,Female,False,False,True,Tablet,2024-07-03 18:13:48,2024-07-28 09:12:04
3554,Melissa Murray,yrosales@example.org,44,35-44,Male,True,True,False,Tablet,2023-04-28 01:15:19,2025-07-17 04:13:35
3555,Michael Hunter,garciamatthew@example.net,1,25-34,Male,True,False,False,Mobile,2022-04-29 07:01:06,2024-10-04 12:17:34
3556,Elizabeth Johnson,ocole@example.com,24,65+,Male,True,True,False,Mobile,2024-07-06 15:53:44,2025-07-28 19:39:41
3557,Kristine Rodriguez,edwardgomez@example.org,17,55-64,Female,True,True,False,Desktop,2025-09-07 17:34:58,2025-10-12 07:31:15
3558,Timothy Bass,urobles@example.net,23,18-24,Male,False,True,False,Mobile,2025-09-20 01:26:54,2025-10-21 08:45:24
3559,Anthony Kelly,rowens@example.net,39,18-24,Female,False,True,False,Tablet,2024-12-30 20:19:55,2025-07-31 22:35:40
3560,Joshua Arnold,burnstyler@example.net,50,25-34,Male,True,True,True,Mobile,2024-01-05 08:57:27,2025-04-02 22:06:50
3561,Mr. James Mercer DVM,diamond43@example.net,32,65+,Male,True,True,True,Mobile,2023-09-21 06:55:30,2025-11-28 20:56:37
3562,Julie Martinez,duane01@example.net,28,35-44,Male,True,False,True,Tablet,2022-11-26 17:39:30,2024-01-31 18:11:55
3563,Jessica Lane,patrickhenry@example.net,11,18-24,Male,False,True,True,Tablet,2022-10-08 07:25:35,2024-12-27 22:43:59
3564,Chelsea Wood,lewischarles@example.net,38,18-24,Female,True,False,True,Mobile,2022-05-05 19:29:05,2023-11-10 21:48:12
3565,James Anderson,pbrooks@example.com,3,35-44,Female,False,False,True,Tablet,2023-11-01 10:50:47,2024-04-16 18:11:25
3566,Amy George,kimberly74@example.com,35,55-64,Female,True,True,True,Mobile,2025-03-25 20:57:41,2025-05-11 14:33:45
3567,Jennifer Bond,kellyrichardson@example.com,12,18-24,Male,True,False,True,Mobile,2023-12-07 21:11:09,2024-02-29 17:52:13
3568,Brenda Walker,gnewman@example.com,44,65+,Female,True,False,True,Tablet,2022-11-19 07:37:42,2025-11-15 21:15:35
3569,Latoya Hill,wbrooks@example.net,18,35-44,Male,True,True,False,Mobile,2023-04-15 07:34:25,2025-10-10 20:23:38
3570,Melissa Simpson,knorman@example.org,39,55-64,Male,False,True,True,Desktop,2024-06-26 19:17:48,2024-12-12 12:25:26
3571,Maureen Lewis,jamie38@example.net,35,35-44,Male,False,True,True,Mobile,2023-10-04 18:17:53,2024-03-15 21:34:15
3572,Andres Matthews PhD,nmoore@example.com,10,18-24,Female,False,True,False,Tablet,2022-04-18 18:03:46,2024-10-26 09:28:50
3573,Kevin Bond,aschneider@example.org,49,25-34,Male,True,True,True,Desktop,2023-12-23 15:18:12,2025-06-05 08:07:51
3574,Brian Herrera,zbray@example.net,14,25-34,Male,False,True,True,Desktop,2025-05-19 12:05:56,2025-07-11 18:12:58
3575,Peter Perez,joseph10@example.net,18,18-24,Male,False,True,True,Mobile,2024-01-22 05:36:13,2024-09-02 06:24:47
3576,Penny Watkins,cindy54@example.net,1,18-24,Male,True,True,True,Desktop,2022-04-05 10:57:35,2023-05-14 22:12:06
3577,Samuel Marsh,ncarr@example.net,39,45-54,Female,True,True,False,Mobile,2022-07-30 14:47:16,2025-09-08 04:48:07
3578,Shari Willis,shane53@example.net,29,55-64,Male,True,True,False,Desktop,2022-06-08 00:53:48,2025-10-23 20:26:49
3579,Ashlee Nguyen,mjohnson@example.com,12,25-34,Male,False,True,True,Tablet,2023-03-06 17:05:30,2024-07-28 20:15:23
3580,Sheila Hood,mckenzie26@example.org,27,25-34,Male,True,True,False,Desktop,2023-10-03 20:24:30,2024-08-16 23:03:25
3581,Diane Hays,barrsuzanne@example.org,38,18-24,Male,True,True,True,Desktop,2023-02-27 21:28:28,2025-10-15 09:42:19
3582,Michael Jackson,ashleysmith@example.org,45,55-64,Female,True,False,True,Desktop,2023-04-24 21:39:59,2023-12-22 18:53:31
3583,Donald Reyes,hulllaurie@example.com,34,35-44,Female,True,True,False,Mobile,2024-11-16 22:33:39,2025-02-20 19:54:59
3584,Michelle Williams,flynnjohn@example.net,5,25-34,Female,True,True,False,Desktop,2025-03-11 14:06:20,2025-05-22 21:07:05
3585,Kenneth Ayala,myersmatthew@example.org,5,65+,Female,True,False,True,Tablet,2024-01-06 23:56:19,2025-12-04 22:28:13
3586,Christopher Gaines,kellyrodriguez@example.com,26,35-44,Male,False,True,True,Desktop,2022-12-30 09:36:57,2025-04-02 21:43:26
3587,Lawrence Graham,ricestephanie@example.com,42,65+,Male,True,False,True,Mobile,2023-07-13 19:00:12,2024-06-16 09:57:07
3588,Jessica Ward,taylormatthew@example.net,44,18-24,Male,True,True,False,Tablet,2023-01-13 11:13:41,2023-08-05 21:07:06
3589,Melissa Suarez,gonzalescheyenne@example.net,31,35-44,Male,False,True,True,Tablet,2025-01-24 20:05:29,2025-02-14 08:15:20
3590,Anthony Murphy,brittany21@example.net,21,25-34,Male,True,True,False,Desktop,2023-06-07 05:49:54,2024-08-16 18:47:58
3591,Douglas Hudson,william41@example.com,18,25-34,Female,True,False,False,Mobile,2025-04-22 16:09:54,2025-09-21 10:07:26
3592,Tonya Steele,lvalenzuela@example.org,19,45-54,Female,True,False,True,Mobile,2022-01-10 20:16:56,2022-05-10 23:20:56
3593,Frank Smith,poolelori@example.org,19,18-24,Male,True,False,True,Mobile,2024-03-23 09:53:03,2024-09-18 18:57:56
3594,Anthony Barrera,jacqueline69@example.net,45,25-34,Male,True,True,True,Mobile,2022-06-01 09:51:38,2023-06-26 20:06:40
3595,Marcus Stephens,stevenayers@example.net,13,45-54,Male,False,True,True,Desktop,2023-12-20 05:48:31,2024-12-31 09:16:20
3596,Michael Avery,gentrylarry@example.com,7,18-24,Female,True,False,False,Mobile,2022-06-24 01:02:49,2024-10-11 10:52:18
3597,Tracy Lee MD,castroanthony@example.org,16,45-54,Female,True,True,True,Tablet,2024-08-28 18:18:41,2025-05-28 12:56:50
3598,Chad Garcia,ipoole@example.org,48,25-34,Female,True,True,False,Mobile,2022-05-18 04:30:34,2022-08-06 13:53:43
3599,David Espinoza,acostadylan@example.net,18,45-54,Female,False,True,True,Mobile,2025-05-26 23:17:06,2025-07-12 19:20:40
3600,Tommy Woods,sotoyvette@example.org,16,35-44,Female,True,True,True,Desktop,2025-05-11 12:41:53,2025-11-27 18:38:30
3601,Ruben Todd,erik86@example.com,45,35-44,Female,True,False,False,Mobile,2022-01-15 08:23:53,2022-08-02 09:42:51
3602,Allen Mejia,denisewalters@example.net,40,25-34,Female,True,True,False,Desktop,2025-01-23 14:05:58,2025-10-15 19:33:20
3603,Michael Yoder DDS,iturner@example.net,3,35-44,Female,True,True,True,Desktop,2024-07-13 08:01:20,2025-08-07 19:42:22
3604,Mr. Andrew Santos,lauracameron@example.org,48,55-64,Female,False,True,True,Tablet,2025-05-11 19:24:25,2025-11-15 16:25:13
3605,Sonya Wood,smithemily@example.net,45,45-54,Female,True,False,True,Tablet,2022-01-29 07:38:22,2025-04-21 21:02:51
3606,Diane Murray,melvinwhite@example.com,35,65+,Female,True,True,True,Mobile,2024-09-26 14:41:57,2025-05-03 21:01:32
3607,Mary Schmidt,brittneywashington@example.com,22,45-54,Female,True,True,True,Mobile,2023-02-09 08:42:52,2023-04-17 07:59:37
3608,Cynthia Pierce,jeffreysandoval@example.net,23,18-24,Female,False,True,True,Desktop,2024-11-18 22:11:21,2025-11-26 11:31:08
3609,Susan Wong,kimberlystevens@example.net,6,25-34,Female,True,True,True,Mobile,2022-08-25 07:11:44,2025-09-18 13:07:16
3610,Nancy Williams,debrahall@example.com,12,65+,Male,False,True,True,Desktop,2023-08-20 11:31:14,2023-09-07 19:55:16
3611,Lindsey Riley,hooverjessica@example.net,8,25-34,Female,True,True,True,Desktop,2024-12-17 08:28:38,2025-03-10 09:30:16
3612,Corey Wright,wcortez@example.org,43,65+,Female,True,False,True,Mobile,2024-03-20 05:55:42,2024-07-16 10:36:08
3613,April Mendoza MD,ashley99@example.net,44,35-44,Female,False,True,True,Desktop,2025-02-14 21:36:23,2025-12-09 11:54:47
3614,Joy Wagner,emartinez@example.org,30,18-24,Female,True,True,False,Mobile,2025-01-13 18:11:31,2025-05-27 08:37:22
3615,Kenneth Jones,andrea54@example.net,43,55-64,Male,True,True,True,Desktop,2024-02-05 07:09:05,2024-02-12 09:06:06
3616,Gabrielle Gonzalez,jeannewton@example.net,26,65+,Male,True,True,True,Tablet,2022-08-28 09:48:43,2025-08-16 05:55:16
3617,Christine Barker,mccalljane@example.org,12,25-34,Male,True,True,True,Desktop,2022-04-05 21:10:13,2023-05-07 08:46:08
3618,Brian Hall,wperez@example.com,49,45-54,Male,True,True,True,Mobile,2022-02-06 21:55:51,2023-09-07 14:49:48
3619,Morgan King,jyoung@example.org,31,45-54,Male,False,True,False,Tablet,2024-10-24 23:22:35,2024-10-28 21:33:13
3620,Katelyn Shaw,coneill@example.net,40,65+,Female,True,True,True,Mobile,2022-11-28 16:08:24,2023-04-26 18:33:00
3621,Cindy Petersen,taylorchristopher@example.org,35,35-44,Female,True,True,True,Desktop,2022-10-06 22:53:34,2025-10-24 10:45:38
3622,Martha Hudson,michaelvalencia@example.net,8,18-24,Female,True,True,True,Desktop,2025-05-25 23:28:56,2025-11-19 19:14:34
3623,Sherry Best,jonesevan@example.net,32,55-64,Male,True,True,True,Tablet,2023-09-12 08:53:23,2025-03-27 10:01:28
3624,Scott Vance,chadtorres@example.org,36,45-54,Female,False,True,True,Mobile,2023-03-20 22:33:08,2024-10-21 21:58:16
3625,Whitney Gordon,terribrown@example.com,9,45-54,Female,True,True,True,Mobile,2022-11-30 17:47:14,2025-12-01 15:20:03
3626,Stacy Nunez,johnsonlisa@example.net,5,65+,Male,True,True,False,Mobile,2024-10-21 22:32:31,2025-03-10 19:14:29
3627,Jason Payne,jennifer00@example.org,27,45-54,Female,True,True,True,Mobile,2022-05-14 09:02:28,2025-03-29 20:24:26
3628,David Stephens,hwilliams@example.com,45,18-24,Male,False,True,False,Mobile,2022-04-05 06:36:50,2022-10-28 23:45:27
3629,Julie Griffin,isaiahbrown@example.net,17,45-54,Male,True,True,True,Mobile,2025-09-22 17:31:13,2025-09-27 19:53:12
3630,Alexandra Ortega,ramirezdawn@example.net,35,35-44,Female,False,True,False,Tablet,2024-04-28 15:40:41,2025-02-07 08:26:06
3631,Eric Garcia,cward@example.org,18,35-44,Female,True,True,True,Desktop,2023-11-25 08:30:09,2024-05-02 20:25:11
3632,Mark Rodriguez,youngmichael@example.net,50,35-44,Male,True,True,True,Tablet,2023-02-16 09:23:56,2024-03-30 20:20:03
3633,John Daugherty,gabrielleanderson@example.org,41,18-24,Male,True,True,False,Tablet,2023-09-29 21:24:51,2024-05-31 21:28:39
3634,Whitney Marshall,burnslaura@example.org,2,55-64,Male,False,True,False,Tablet,2024-04-14 04:22:30,2024-11-17 17:42:38
3635,Olivia Everett,despinoza@example.com,35,55-64,Female,False,True,True,Tablet,2024-09-21 07:38:48,2025-09-16 20:54:26
3636,Sharon Robinson,emarshall@example.org,47,35-44,Male,True,False,True,Tablet,2023-08-16 13:47:44,2025-05-03 19:49:05
3637,Wesley Walker,zday@example.org,43,25-34,Female,False,True,False,Mobile,2025-01-09 11:05:57,2025-08-03 21:59:44
3638,Donald Wilson,luis86@example.net,48,35-44,Male,False,True,True,Desktop,2022-02-28 07:25:41,2024-01-31 15:20:38
3639,Joy Ramsey,daniel80@example.com,41,35-44,Male,True,True,False,Desktop,2025-02-05 21:05:19,2025-03-03 21:22:47
3640,Eric Byrd,conniepope@example.com,1,18-24,Male,True,True,True,Desktop,2025-09-07 22:22:19,2025-11-03 15:00:03
3641,Lisa Meadows,saundersamber@example.com,47,65+,Female,True,True,True,Tablet,2025-05-11 09:29:24,2025-11-02 16:13:18
3642,Isaiah Ramirez,carolyn39@example.org,21,35-44,Male,False,True,False,Tablet,2022-11-30 17:09:55,2024-02-07 09:27:08
3643,Andre Jenkins,melanie70@example.org,43,55-64,Female,True,True,False,Mobile,2023-09-19 10:05:05,2025-03-23 23:07:10
3644,Angela Kelly,rhansen@example.org,20,25-34,Male,True,False,False,Mobile,2025-09-28 17:07:23,2025-11-24 17:38:01
3645,Matthew Ball,emilyadams@example.org,31,65+,Female,False,True,True,Mobile,2022-03-19 20:16:04,2025-07-24 18:43:17
3646,Linda Gutierrez,ghale@example.net,15,45-54,Male,True,True,True,Mobile,2023-09-22 20:53:52,2025-10-26 07:02:44
3647,Carmen Baldwin,theresalloyd@example.org,19,25-34,Female,True,True,True,Tablet,2024-01-23 08:19:24,2025-07-31 07:32:16
3648,Maxwell Frost,mackchristine@example.com,35,25-34,Female,False,False,False,Mobile,2024-11-01 21:11:16,2025-05-06 19:05:42
3649,Christopher Powell,frichardson@example.net,44,25-34,Female,False,True,True,Tablet,2024-11-28 21:40:08,2024-12-23 09:47:43
3650,Tommy Johnson,andrea67@example.org,18,65+,Male,True,False,False,Mobile,2024-08-27 13:45:20,2025-10-24 23:05:45
3651,Tyler Martinez,kevin70@example.net,49,55-64,Male,True,False,False,Mobile,2024-01-01 21:36:42,2024-07-02 10:21:54
3652,Brian Smith,shawsteven@example.org,32,35-44,Female,True,True,True,Tablet,2022-12-29 18:18:35,2024-08-13 19:51:32
3653,Anthony Mitchell,jeffrey07@example.org,31,65+,Male,True,True,False,Desktop,2022-11-20 19:30:26,2023-05-15 20:54:36
3654,Patricia Knight,qsandoval@example.net,9,55-64,Female,True,True,True,Desktop,2022-07-08 07:06:54,2025-05-28 16:07:27
3655,Margaret Brown,williamgarcia@example.com,38,18-24,Male,True,True,True,Desktop,2025-02-08 19:25:48,2025-09-06 06:39:05
3656,Taylor Berry,richard92@example.com,38,35-44,Female,True,True,True,Desktop,2023-09-11 17:41:39,2025-01-14 08:28:27
3657,Ashley Donovan,brianhunt@example.com,28,45-54,Male,False,True,False,Desktop,2023-10-16 10:07:01,2024-05-26 18:54:41
3658,Tammy Norris,collin12@example.com,31,65+,Female,False,True,True,Desktop,2022-12-09 14:42:19,2023-09-07 21:50:28
3659,Amy Sanchez,rebeccastevens@example.org,2,45-54,Male,False,True,True,Tablet,2023-05-29 20:29:59,2023-08-12 06:23:47
3660,Renee Harrison,comptonlaura@example.net,30,55-64,Male,True,True,True,Desktop,2024-10-16 20:39:44,2024-12-20 18:34:20
3661,Shaun Powers,davidunderwood@example.com,46,45-54,Male,False,False,False,Mobile,2023-04-08 22:35:17,2024-04-15 11:46:21
3662,Tami Johnson,anthonysmith@example.org,46,65+,Male,False,False,False,Mobile,2022-06-02 09:21:44,2022-08-26 09:11:00
3663,Amy Johnson,gregorylevine@example.com,34,45-54,Female,True,True,True,Tablet,2022-12-13 19:10:30,2024-02-27 22:30:08
3664,Timothy Valdez,kaitlindiaz@example.org,18,55-64,Female,False,True,True,Desktop,2023-01-06 21:31:03,2024-11-30 22:35:37
3665,Jeff Martinez,rrodriguez@example.com,2,55-64,Male,True,True,True,Tablet,2024-02-24 03:26:59,2025-05-11 13:39:34
3666,Emily Navarro,fconner@example.net,19,25-34,Male,True,True,False,Mobile,2024-07-23 08:57:49,2025-06-04 17:52:51
3667,Jeffrey Schroeder,amanda26@example.net,44,35-44,Male,True,True,True,Mobile,2023-01-21 13:14:30,2025-06-14 15:49:29
3668,Joseph Nelson,tammy23@example.org,22,18-24,Female,True,True,True,Desktop,2022-06-28 17:24:12,2024-09-16 22:27:37
3669,Samantha Dixon,stacydoyle@example.net,31,35-44,Female,True,True,True,Mobile,2022-09-30 03:24:38,2024-07-11 06:27:39
3670,Amanda Johnson,fstewart@example.net,20,55-64,Female,True,False,True,Mobile,2023-04-12 02:04:12,2025-01-01 09:54:47
3671,Stephanie Nicholson,michaelkramer@example.com,50,25-34,Male,True,True,True,Tablet,2024-07-20 09:27:36,2024-09-03 21:11:48
3672,Michael Vasquez,xking@example.com,45,25-34,Female,True,True,True,Mobile,2025-06-29 18:58:39,2025-08-28 18:07:41
3673,Amanda Simmons,williamsalan@example.net,17,35-44,Male,True,False,False,Mobile,2024-03-02 17:35:29,2024-08-21 23:57:06
3674,Edward Hamilton,xdiaz@example.org,4,65+,Female,True,True,True,Tablet,2024-01-15 20:52:14,2025-01-06 17:57:47
3675,Robyn Hart,denise60@example.net,13,35-44,Male,True,False,False,Desktop,2023-11-27 09:13:36,2025-02-13 22:18:52
3676,Dawn Mcdonald,jon53@example.net,47,35-44,Male,True,True,True,Mobile,2022-05-21 21:33:32,2022-10-26 10:15:30
3677,Kenneth Frey,donaldchen@example.com,9,45-54,Male,True,True,True,Mobile,2023-09-01 01:46:11,2023-11-17 21:30:50
3678,Tristan Ward,mannkenneth@example.org,29,45-54,Male,False,True,True,Tablet,2023-10-18 11:53:21,2024-09-29 11:10:27
3679,Jacob Banks,karagood@example.net,30,45-54,Female,False,True,False,Tablet,2024-08-17 16:44:29,2025-08-27 08:35:45
3680,Taylor Green,sharon78@example.net,34,65+,Male,True,True,True,Tablet,2023-02-20 17:17:55,2025-01-13 17:51:10
3681,Brandon Rosales,ashley45@example.com,25,45-54,Female,True,True,True,Desktop,2023-05-16 11:39:05,2025-02-21 05:01:28
3682,Marcus Cameron,thompsonjessica@example.net,32,25-34,Female,True,True,True,Mobile,2024-04-25 10:53:47,2025-07-17 09:47:20
3683,Nicholas Hopkins,scottrodriguez@example.org,9,35-44,Female,True,True,True,Mobile,2022-06-02 19:00:29,2024-12-04 20:36:04
3684,Stephanie Martin,phillipwade@example.org,26,25-34,Male,True,True,True,Mobile,2022-07-05 12:28:33,2023-01-03 21:18:39
3685,Robert Page,tiffany46@example.com,20,25-34,Male,True,False,False,Desktop,2023-10-28 19:01:56,2024-01-15 07:20:32
3686,James Wagner,hannamichael@example.org,45,35-44,Female,True,False,True,Mobile,2024-07-17 05:02:46,2024-09-06 19:04:42
3687,Lindsey Johnson,erin59@example.com,45,65+,Female,True,True,True,Tablet,2024-09-16 20:14:00,2025-09-17 08:06:45
3688,Michelle Taylor,yhenry@example.com,1,18-24,Female,True,True,True,Tablet,2022-08-26 14:40:42,2025-10-11 05:53:56
3689,Derek Lozano,loricooley@example.com,17,18-24,Male,True,True,True,Tablet,2022-09-13 18:10:58,2024-09-25 21:46:43
3690,Kelly Robinson,lcarrillo@example.org,21,55-64,Other,True,True,False,Desktop,2022-09-28 17:59:25,2025-04-09 05:58:41
3691,Adam Gray,kalexander@example.org,2,65+,Male,True,True,False,Tablet,2022-04-22 20:05:04,2025-10-20 20:45:54
3692,Tiffany Terry,khuber@example.net,41,35-44,Female,True,True,False,Tablet,2022-12-27 09:04:45,2025-08-22 07:20:39
3693,Gwendolyn Baxter,wardmichael@example.org,39,35-44,Male,True,False,False,Desktop,2025-01-06 21:50:59,2025-12-05 23:31:31
3694,Justin Hansen,hawkinsjeffrey@example.net,11,25-34,Male,True,True,True,Desktop,2022-06-05 12:20:30,2022-07-08 11:53:17
3695,Marcus Skinner,ocole@example.org,47,45-54,Male,True,True,True,Desktop,2025-02-07 18:44:32,2025-12-11 12:07:49
3696,Stacy Hill MD,zachary02@example.net,7,25-34,Male,True,False,True,Tablet,2025-10-06 20:06:50,2025-11-17 07:35:35
3697,Miss Sandra Horton DDS,bstephens@example.org,11,35-44,Female,True,False,False,Desktop,2024-08-23 20:21:22,2025-07-09 21:02:35
3698,Justin Fuller,savagesherry@example.org,48,18-24,Other,True,True,True,Tablet,2024-04-29 09:18:05,2025-02-03 21:57:17
3699,Hannah Sanchez,ashley02@example.org,5,25-34,Male,True,True,True,Mobile,2024-01-01 02:34:03,2025-08-26 19:54:02
3700,Susan English,hshah@example.com,19,18-24,Male,False,True,True,Mobile,2022-10-21 12:16:56,2025-05-13 18:28:02
3701,Christopher Smith,bauermichelle@example.net,35,18-24,Female,True,True,False,Mobile,2023-05-20 21:59:00,2025-05-31 14:24:42
3702,Christopher Pope,david30@example.org,39,45-54,Female,True,True,False,Desktop,2023-01-31 12:36:30,2023-04-11 08:59:14
3703,Matthew Black,rnguyen@example.net,2,55-64,Male,True,True,True,Mobile,2023-09-13 09:55:29,2025-02-09 20:20:02
3704,Laura Davis,bradley97@example.org,31,35-44,Male,True,True,True,Mobile,2023-04-18 19:34:56,2025-12-06 00:57:28
3705,Megan Anderson,waltermoses@example.org,28,35-44,Male,True,True,False,Mobile,2025-06-14 16:27:58,2025-08-24 15:51:02
3706,Brandy Parker,denisenelson@example.net,14,18-24,Female,False,True,True,Mobile,2024-01-26 16:14:19,2024-04-21 17:07:16
3707,Deanna Morales,tuckerpaul@example.net,30,65+,Male,True,False,False,Mobile,2023-03-30 19:39:31,2023-05-14 16:12:27
3708,Shannon Strong,simmonsnatasha@example.net,18,55-64,Female,True,True,True,Tablet,2022-09-28 08:49:02,2023-09-10 11:37:51
3709,Andrew Peters,velliott@example.net,11,25-34,Male,True,True,True,Tablet,2024-11-18 23:34:01,2025-04-15 06:42:49
3710,Jill Oliver,browndebbie@example.com,43,18-24,Male,True,True,False,Tablet,2025-06-10 01:35:34,2025-12-05 04:22:31
3711,Travis Gordon,denisecole@example.net,24,65+,Female,False,True,True,Desktop,2023-10-03 18:45:15,2024-02-01 13:14:57
3712,Benjamin Moore,natasharodriguez@example.net,10,65+,Male,False,True,False,Tablet,2025-06-02 13:24:48,2025-07-14 06:45:26
3713,Yvette House,tina78@example.org,25,35-44,Male,True,True,True,Desktop,2023-01-08 09:54:03,2025-01-01 07:23:15
3714,Mark Harris,carlos87@example.com,25,45-54,Male,True,True,True,Mobile,2023-01-14 21:23:02,2023-01-16 20:58:01
3715,Dr. Stephanie Taylor,basskiara@example.org,7,55-64,Female,True,False,False,Mobile,2023-07-06 20:57:41,2024-12-04 21:31:58
3716,Troy Maynard,xwilson@example.com,19,35-44,Prefer not to say,False,True,False,Tablet,2024-07-23 23:40:00,2025-11-18 13:20:34
3717,Brittany Wright MD,stephen89@example.com,15,45-54,Male,True,True,False,Tablet,2025-05-31 09:01:48,2025-12-13 00:27:03
3718,Michael White,ajames@example.net,37,55-64,Female,True,True,True,Desktop,2025-01-06 19:40:31,2025-02-14 21:24:17
3719,Shane Rangel,richardobrien@example.net,36,55-64,Male,True,True,False,Tablet,2024-01-25 14:39:03,2025-06-07 18:20:47
3720,Debra Nicholson,lydiasullivan@example.net,13,18-24,Female,True,False,False,Mobile,2025-08-27 02:54:29,2025-08-30 13:23:07
3721,Nicholas Herrera,zglenn@example.com,22,25-34,Male,True,True,True,Mobile,2022-09-22 21:34:59,2024-08-16 22:58:31
3722,Mr. Andrew Jimenez DVM,deckerkristin@example.org,21,55-64,Male,True,True,True,Tablet,2025-02-16 15:01:24,2025-02-24 08:10:32
3723,Donald Garza,sbraun@example.org,4,18-24,Male,True,True,False,Tablet,2025-05-04 08:34:23,2025-05-11 06:53:23
3724,Mallory Abbott,sallen@example.com,47,25-34,Male,False,True,True,Tablet,2023-06-27 15:43:48,2024-07-25 23:22:00
3725,Stephanie Zimmerman,marissa54@example.com,19,18-24,Male,False,True,True,Tablet,2023-09-03 18:05:32,2025-09-01 02:47:05
3726,Chase Wolf,rparker@example.org,28,35-44,Female,True,True,True,Desktop,2025-03-11 21:17:47,2025-07-10 23:04:21
3727,Arthur Rodriguez,nthompson@example.net,38,25-34,Male,True,True,True,Mobile,2023-11-16 19:09:50,2024-08-16 20:35:36
3728,Christopher Harris,barbararichards@example.net,4,25-34,Male,False,True,True,Mobile,2022-12-28 19:11:54,2024-09-07 09:03:24
3729,Erik Floyd,murraylynn@example.org,9,45-54,Female,False,True,False,Desktop,2025-06-08 09:13:39,2025-11-10 20:39:05
3730,Donna Nelson,sandra56@example.com,23,45-54,Male,True,False,False,Tablet,2025-04-19 17:55:12,2025-05-22 13:13:27
3731,Ronald Adams,ysantos@example.com,49,18-24,Male,True,True,True,Desktop,2025-07-16 22:50:17,2025-09-27 12:26:35
3732,Sara Ray,moraleslori@example.com,29,45-54,Female,False,True,True,Tablet,2022-01-10 11:14:50,2023-04-07 18:06:34
3733,Richard Contreras MD,erandolph@example.net,14,25-34,Male,True,True,True,Tablet,2023-06-03 20:08:12,2025-01-27 00:09:51
3734,William Williams,david85@example.net,47,45-54,Male,True,True,False,Mobile,2023-08-29 17:00:49,2024-07-30 08:01:39
3735,Frank Lopez,scox@example.net,33,25-34,Male,True,True,True,Mobile,2022-07-15 20:34:58,2024-01-10 13:24:27
3736,Leslie Mason,taylorevans@example.com,13,35-44,Male,True,False,True,Mobile,2024-05-21 13:30:46,2025-03-14 15:26:27
3737,Michael Cox,perrycatherine@example.net,13,55-64,Male,True,True,False,Tablet,2022-07-18 20:49:33,2022-07-24 22:09:12
3738,Maria Reynolds,austin67@example.org,30,25-34,Female,False,True,True,Tablet,2025-03-02 17:18:29,2025-07-14 15:40:43
3739,Kevin Sanchez,scottbrian@example.org,13,35-44,Female,False,True,True,Mobile,2023-03-04 18:56:50,2025-07-26 18:57:26
3740,Stephanie Allen,princedaniel@example.org,50,55-64,Male,False,True,True,Mobile,2024-02-01 21:34:36,2024-06-09 12:00:24
3741,Jennifer King,matthew75@example.com,11,35-44,Male,True,False,True,Mobile,2025-01-25 15:03:19,2025-07-08 19:10:23
3742,James Cooper,james97@example.com,43,45-54,Female,False,True,True,Mobile,2022-07-06 19:38:08,2023-07-05 08:18:06
3743,Emily Pineda,debrabryant@example.org,40,35-44,Female,False,True,False,Desktop,2023-04-30 17:33:13,2025-03-09 10:46:00
3744,Tina Sloan,pmcpherson@example.net,35,25-34,Male,False,True,True,Tablet,2024-07-07 17:02:52,2024-12-26 20:17:57
3745,Renee Kelly,ebeck@example.com,7,25-34,Female,True,True,False,Tablet,2025-10-12 14:47:40,2025-12-02 07:03:11
3746,Michael Mckee,greenekaren@example.org,37,35-44,Female,True,True,True,Tablet,2024-07-03 19:19:03,2025-11-04 10:40:38
3747,Dennis Coleman,cynthia62@example.net,42,45-54,Female,False,True,True,Tablet,2024-12-20 00:44:13,2025-11-14 13:11:59
3748,Kimberly Taylor,mary79@example.com,6,25-34,Female,True,False,True,Tablet,2022-10-02 21:33:33,2025-04-26 15:18:57
3749,Lisa Downs,hessadam@example.net,8,55-64,Female,True,True,True,Tablet,2022-09-25 19:12:45,2024-04-13 07:52:10
3750,Billy Blake DDS,melissa20@example.org,32,65+,Male,True,True,True,Tablet,2025-10-14 09:46:16,2025-12-03 09:53:07
3751,Thomas Martinez,dana90@example.net,1,65+,Male,True,False,True,Mobile,2024-01-26 14:27:08,2025-04-25 03:19:52
3752,Carolyn Torres,robert22@example.org,9,18-24,Female,True,True,False,Desktop,2023-01-19 20:21:28,2024-01-27 14:26:24
3753,Mark Young,triciagomez@example.net,10,25-34,Female,True,True,True,Tablet,2022-05-12 18:20:57,2023-07-27 10:54:19
3754,Carl Allen,bestalexis@example.org,31,45-54,Male,True,True,False,Desktop,2022-08-06 18:29:10,2023-03-25 08:45:26
3755,Linda Rose,cameron42@example.org,15,35-44,Female,True,False,True,Mobile,2024-06-18 07:33:10,2024-12-06 13:59:59
3756,Paul Reed,aramirez@example.net,10,25-34,Female,True,True,True,Tablet,2022-07-17 20:42:48,2023-07-05 17:24:08
3757,Clinton Brown,qjohnson@example.com,24,35-44,Female,True,False,True,Tablet,2024-04-19 12:27:05,2025-07-09 05:23:25
3758,Alexander Harvey,qwashington@example.net,27,18-24,Male,True,True,True,Tablet,2022-01-06 22:45:19,2025-09-02 20:37:10
3759,Dana Mcfarland,pwells@example.org,25,45-54,Male,False,True,True,Mobile,2022-09-01 06:52:27,2024-11-22 12:18:54
3760,James Kim,okelly@example.com,28,25-34,Female,True,True,True,Desktop,2023-11-16 17:54:05,2024-08-11 00:38:06
3761,John Davis,gsullivan@example.com,34,55-64,Female,True,True,True,Desktop,2023-03-25 22:15:02,2024-09-30 05:30:56
3762,Raymond Mcgee,catherinewhite@example.net,42,25-34,Female,True,True,True,Tablet,2025-05-31 21:41:44,2025-07-18 08:52:00
3763,Anthony May,nicolerivas@example.org,32,45-54,Male,True,False,True,Desktop,2022-03-13 22:29:43,2022-09-19 22:12:03
3764,John Bond,william47@example.com,35,45-54,Male,False,False,False,Mobile,2024-06-09 17:06:02,2025-04-20 20:03:40
3765,Andrea Anderson,walkersamantha@example.net,3,65+,Male,True,False,False,Desktop,2022-09-22 08:58:16,2024-12-31 00:09:22
3766,Kyle Bradley,leslie14@example.org,27,25-34,Female,True,False,True,Desktop,2024-04-20 09:53:36,2024-07-18 18:48:42
3767,Michael Bird,whitakerjasmin@example.net,17,18-24,Prefer not to say,True,True,False,Desktop,2022-04-28 23:18:31,2025-01-03 21:43:54
3768,Aaron Hill,jake43@example.com,32,25-34,Female,False,True,True,Tablet,2024-10-06 09:53:57,2025-02-24 22:34:46
3769,Nicole Elliott,qchapman@example.org,21,25-34,Female,True,True,False,Mobile,2023-01-09 08:16:46,2023-10-04 06:22:56
3770,Adrienne Brown,fredericksmall@example.com,15,18-24,Female,True,False,True,Desktop,2022-08-07 05:55:06,2025-02-23 12:17:46
3771,Joel Williams,udorsey@example.net,15,45-54,Other,True,True,False,Tablet,2023-07-11 13:17:18,2024-09-27 18:18:14
3772,Chelsea Christensen,benjaminwilliams@example.org,19,55-64,Male,False,False,False,Mobile,2023-11-06 12:58:58,2023-12-19 15:41:46
3773,William Peterson,ebrewer@example.com,40,35-44,Female,False,True,True,Desktop,2025-06-12 09:40:48,2025-10-13 12:17:58
3774,Jason Mendoza,tamara03@example.com,43,55-64,Male,True,True,True,Mobile,2025-05-22 07:50:00,2025-07-19 13:40:57
3775,Clinton Mitchell,ygomez@example.net,41,25-34,Male,True,True,True,Tablet,2023-01-19 18:10:37,2024-04-09 17:04:24
3776,Rodney Brown,kaitlyn35@example.org,12,25-34,Female,True,True,True,Tablet,2023-08-01 14:49:03,2025-08-18 22:55:49
3777,William Jones,daniel76@example.net,17,25-34,Female,True,True,False,Tablet,2023-10-14 17:23:49,2024-11-09 21:33:47
3778,Heather Carpenter,kristina00@example.net,18,18-24,Female,True,True,True,Tablet,2024-08-01 08:49:14,2025-01-27 09:58:16
3779,Daniel Manning,iancameron@example.net,19,25-34,Female,True,True,False,Desktop,2025-07-13 09:46:15,2025-12-02 17:39:41
3780,Adam Moore,markoconnor@example.com,8,25-34,Male,True,True,True,Desktop,2023-01-16 18:47:30,2023-10-15 09:44:46
3781,Sara Gonzalez,jerrysanders@example.org,17,45-54,Other,True,True,True,Desktop,2023-05-10 18:06:42,2025-09-27 16:20:16
3782,Elizabeth Brown,ewilliams@example.org,40,25-34,Female,True,True,True,Tablet,2023-01-17 05:03:23,2023-11-15 21:28:01
3783,Brenda Smith,michaeltodd@example.com,43,55-64,Female,True,True,True,Mobile,2025-01-10 09:28:25,2025-03-03 08:16:45
3784,Carol Little,millerveronica@example.net,32,18-24,Female,False,True,True,Desktop,2025-06-02 22:31:38,2025-10-11 16:16:47
3785,Casey Green,rtrujillo@example.net,45,65+,Male,True,True,False,Desktop,2025-08-13 17:33:31,2025-09-19 14:21:10
3786,Anthony Gardner,donnadouglas@example.com,18,18-24,Female,True,True,False,Desktop,2024-07-22 17:06:51,2025-09-08 15:23:17
3787,Trevor Gonzales,lanceross@example.com,26,55-64,Female,True,True,False,Mobile,2023-07-18 13:45:56,2025-03-14 17:33:10
3788,Jessica Sutton,frazierannette@example.com,19,35-44,Female,False,False,False,Desktop,2023-06-12 10:46:36,2024-03-20 10:30:59
3789,Michael Kelly,morenomatthew@example.org,42,35-44,Female,True,True,True,Desktop,2022-10-22 18:47:14,2024-02-03 09:13:04
3790,John Lopez,jcunningham@example.org,28,45-54,Female,True,True,True,Mobile,2023-04-13 20:21:57,2024-12-21 12:04:39
3791,Nicholas Moore,crystaltorres@example.com,20,45-54,Female,True,True,True,Desktop,2025-02-03 20:50:02,2025-10-06 08:33:27
3792,Carol Woodward,taylor33@example.com,15,35-44,Female,False,True,True,Tablet,2025-07-13 06:00:22,2025-11-17 07:08:20
3793,Jennifer Garcia,craig49@example.net,25,65+,Male,False,True,True,Tablet,2024-06-11 19:21:57,2025-10-07 09:31:53
3794,James Palmer,waynedunn@example.net,25,45-54,Male,False,True,True,Mobile,2024-11-06 08:55:59,2024-12-11 22:18:43
3795,Terri Jensen,josephking@example.com,49,55-64,Female,True,True,True,Desktop,2024-11-09 07:47:56,2025-08-14 11:42:16
3796,Rebecca Santos,christopher69@example.net,17,45-54,Male,False,True,False,Desktop,2025-05-29 17:46:06,2025-10-26 10:41:19
3797,Elijah Williams,heatheryoung@example.org,42,25-34,Female,True,True,True,Tablet,2023-03-30 18:20:43,2025-05-30 17:48:48
3798,Kerry Lee,efisher@example.org,43,18-24,Male,False,True,True,Tablet,2024-02-01 22:45:53,2025-02-06 08:31:28
3799,Vincent Morrison,crystalbishop@example.org,35,25-34,Male,False,True,False,Mobile,2024-06-21 10:41:28,2025-08-23 06:43:07
3800,Timothy Johnson,glewis@example.com,23,35-44,Male,False,True,True,Mobile,2022-05-08 18:27:28,2024-10-10 07:01:30
3801,Kevin Cox,charleslee@example.com,1,65+,Female,True,True,True,Mobile,2022-09-10 18:51:25,2022-09-17 19:43:24
3802,Doris Smith,christopherwashington@example.org,30,25-34,Male,True,True,False,Desktop,2024-06-10 20:00:11,2025-06-24 11:23:21
3803,Karen Johnson,whitemichael@example.org,42,35-44,Other,True,True,True,Tablet,2022-12-08 11:29:56,2024-08-04 09:08:37
3804,Raymond Tucker,raymond90@example.org,16,25-34,Female,True,False,False,Mobile,2025-06-09 10:01:50,2025-12-05 19:46:09
3805,Margaret Walton,beannicholas@example.com,7,55-64,Female,True,True,False,Mobile,2024-09-05 07:44:31,2025-07-23 18:55:26
3806,Carrie Carter,alyssa43@example.net,19,25-34,Female,False,True,True,Desktop,2025-03-25 20:50:00,2025-11-14 10:49:56
3807,Benjamin Mitchell,ntorres@example.org,25,18-24,Female,True,False,True,Desktop,2025-06-26 08:12:03,2025-09-16 22:51:41
3808,Mike Tran,andersondonald@example.org,30,18-24,Female,True,True,False,Tablet,2022-06-08 07:38:03,2025-11-14 09:54:55
3809,Marcus Douglas,callahanamy@example.net,13,18-24,Female,True,True,True,Tablet,2025-06-21 18:43:30,2025-11-17 13:27:43
3810,Ashley Monroe,danielwade@example.org,5,55-64,Male,False,True,True,Tablet,2022-10-10 11:03:35,2024-10-07 13:39:26
3811,Cindy Baker,paynedominic@example.net,37,35-44,Female,True,True,True,Tablet,2022-02-04 19:34:33,2025-06-02 10:30:28
3812,Christopher Hernandez,hensonchristopher@example.org,12,35-44,Male,True,False,True,Mobile,2024-11-21 12:33:47,2025-02-01 12:43:27
3813,Dylan Rice,garyhughes@example.net,22,35-44,Male,True,False,False,Mobile,2022-05-19 17:28:04,2024-01-19 21:16:31
3814,Jeremy Rodriguez,dbenitez@example.net,21,25-34,Female,True,True,True,Mobile,2022-02-07 11:54:09,2024-12-27 19:05:04
3815,Adriana Flores,jacob64@example.org,39,45-54,Female,False,True,True,Mobile,2024-01-22 21:11:18,2025-06-15 20:25:19
3816,Christopher Mendez,christopher53@example.net,11,45-54,Female,True,True,True,Tablet,2023-08-28 12:20:03,2024-03-11 17:42:40
3817,Heather Gonzalez,kimberly05@example.org,42,55-64,Male,True,True,False,Desktop,2025-04-14 09:34:05,2025-06-22 20:07:56
3818,David Flores,robert77@example.org,39,18-24,Male,True,True,True,Desktop,2023-09-18 20:51:01,2025-06-30 02:57:28
3819,Jesse Vasquez,hansenjessica@example.org,15,45-54,Female,True,True,True,Tablet,2022-11-22 19:34:04,2024-05-30 10:38:48
3820,Sandra Morgan,marcrobbins@example.org,35,35-44,Male,True,False,False,Mobile,2024-06-28 18:04:39,2025-01-24 23:10:27
3821,Jesse Larson,usanchez@example.org,19,25-34,Male,False,True,False,Mobile,2022-04-28 18:52:59,2025-08-07 15:57:53
3822,Michael Velez,alexrodriguez@example.org,18,25-34,Male,False,True,True,Mobile,2024-02-07 07:48:29,2025-02-23 19:53:38
3823,Steven Horn,joneschristine@example.org,18,65+,Male,True,True,False,Tablet,2022-03-30 10:33:47,2022-12-17 23:35:09
3824,Ernest Jones,rlittle@example.com,3,25-34,Male,True,True,True,Desktop,2023-05-25 23:20:44,2023-11-08 14:18:00
3825,Michael Nelson,sheila79@example.com,50,25-34,Male,True,False,True,Tablet,2025-01-26 07:22:37,2025-09-15 16:27:11
3826,Lydia Davis,maria79@example.org,33,65+,Male,True,True,True,Mobile,2025-06-30 22:39:17,2025-10-01 17:53:22
3827,Teresa Daniels,rayrobin@example.org,40,55-64,Prefer not to say,True,True,False,Desktop,2023-03-07 07:55:51,2024-01-02 12:13:16
3828,Terry Hale,zflynn@example.com,28,35-44,Male,True,True,True,Mobile,2025-10-26 06:20:36,2025-12-12 10:43:10
3829,Gina Adams,grojas@example.com,34,45-54,Male,True,False,True,Tablet,2023-09-07 19:16:34,2025-09-24 20:05:15
3830,Jay Rivera,dberg@example.org,14,45-54,Female,True,True,False,Mobile,2022-02-24 09:06:43,2022-09-25 22:55:06
3831,Aaron Padilla,susan47@example.net,14,45-54,Male,True,False,False,Mobile,2022-06-30 21:13:30,2023-01-08 11:32:48
3832,Erica Lopez,brianlowery@example.net,45,18-24,Female,True,True,True,Tablet,2025-05-07 19:45:14,2025-08-12 08:15:16
3833,Kelly Peters,michaelshaw@example.org,13,55-64,Male,True,True,False,Desktop,2024-04-02 21:20:27,2025-06-05 08:00:31
3834,Sherri Lee,jackie02@example.net,34,25-34,Female,True,False,True,Tablet,2025-09-30 20:46:33,2025-12-11 04:57:19
3835,Dana Shaw,mgonzalez@example.net,12,35-44,Female,False,True,True,Mobile,2025-06-14 12:23:47,2025-06-19 11:28:47
3836,Deborah Byrd,brendahall@example.net,14,25-34,Female,True,True,False,Mobile,2023-03-08 18:23:55,2024-03-31 16:29:46
3837,Michael Morrison,zstanley@example.org,27,65+,Male,True,True,True,Mobile,2024-11-27 12:48:12,2025-09-27 22:42:05
3838,William Delacruz,melodyjacobson@example.com,20,45-54,Female,False,False,True,Desktop,2025-01-08 18:28:47,2025-03-02 03:49:13
3839,Jeff Sanchez,wilsonhayley@example.org,27,25-34,Female,True,True,True,Tablet,2024-06-01 20:54:44,2024-07-02 16:44:43
3840,Stephen Mercer,teresaperry@example.com,22,25-34,Male,False,True,False,Mobile,2022-05-09 14:33:01,2023-10-15 21:44:54
3841,Catherine Robinson,stephen44@example.com,40,25-34,Female,True,True,False,Tablet,2022-08-28 19:41:50,2025-07-09 20:42:55
3842,Terry Delgado,james42@example.org,8,25-34,Male,True,False,True,Tablet,2023-05-24 14:48:24,2025-06-10 09:18:21
3843,Kenneth Carter,timothy42@example.org,17,45-54,Female,True,True,False,Mobile,2022-04-19 22:42:13,2024-01-03 20:49:26
3844,Scott Tate,hyoung@example.com,25,18-24,Female,True,True,True,Tablet,2024-06-02 09:03:28,2025-03-27 06:43:56
3845,Theodore Nelson,lmay@example.com,34,25-34,Female,True,True,True,Tablet,2022-04-15 09:04:02,2024-07-29 22:42:54
3846,Sherry Ewing,jonchandler@example.com,32,35-44,Female,False,True,True,Desktop,2024-07-13 16:46:24,2024-12-09 01:44:11
3847,Sonia Brooks,wardmelissa@example.org,42,65+,Female,False,True,True,Tablet,2022-10-27 18:40:00,2025-08-30 11:38:21
3848,William Curtis,melissacastillo@example.net,36,35-44,Female,True,True,False,Tablet,2023-10-13 11:19:04,2025-07-16 07:20:10
3849,Gerald Owens,jordansingh@example.org,2,35-44,Male,False,True,True,Tablet,2022-09-06 21:48:48,2024-12-06 15:24:48
3850,Jared Evans,julianichols@example.net,27,35-44,Female,True,True,True,Desktop,2022-02-05 08:13:45,2024-01-14 12:15:49
3851,Daniel Williams,mccallcrystal@example.org,50,18-24,Male,True,True,False,Desktop,2025-03-01 20:17:13,2025-06-19 20:31:08
3852,Ashley Johnson,callen@example.com,5,45-54,Male,False,True,True,Tablet,2023-08-19 21:13:55,2025-05-05 16:14:49
3853,Scott Brown,sharper@example.net,37,65+,Male,False,True,False,Mobile,2024-04-29 21:44:15,2025-10-05 05:37:30
3854,Samuel Adams,bellalbert@example.org,34,55-64,Male,True,True,False,Tablet,2022-02-21 07:07:35,2023-06-07 20:02:04
3855,William Miller,smithjonathan@example.org,40,45-54,Male,True,True,False,Mobile,2025-06-13 21:06:07,2025-08-10 08:24:22
3856,Timothy Oliver,gmccormick@example.org,2,25-34,Female,False,True,True,Tablet,2022-09-19 07:31:33,2025-11-24 07:50:48
3857,Julian Oneal,julie98@example.com,11,18-24,Male,False,True,True,Desktop,2024-06-12 16:55:05,2024-08-13 16:39:51
3858,James James,qwagner@example.org,1,35-44,Male,False,True,False,Mobile,2022-07-17 08:25:05,2022-08-31 16:36:06
3859,Bradley Massey,jonathansmith@example.com,15,25-34,Female,True,True,True,Mobile,2022-02-15 13:42:53,2022-05-12 08:20:04
3860,Ryan Lowery,higginsmichael@example.com,36,55-64,Male,True,True,False,Desktop,2022-11-08 18:02:11,2024-05-14 03:36:41
3861,Natalie Erickson,stephen57@example.net,26,18-24,Male,True,True,True,Tablet,2022-08-26 11:24:05,2024-12-23 21:15:52
3862,Michaela Lynch,brittanyjohnson@example.com,28,45-54,Female,True,False,True,Mobile,2023-09-04 09:03:44,2025-09-18 19:35:00
3863,Lindsay Nichols,peterhamilton@example.com,12,35-44,Male,True,True,False,Desktop,2023-11-29 22:23:01,2025-01-31 07:25:45
3864,Kevin Jacobs,stewartkelsey@example.org,24,45-54,Female,False,True,True,Mobile,2023-03-13 11:07:31,2024-12-02 09:56:57
3865,Robert Harmon,alyssasaunders@example.net,38,55-64,Female,True,False,True,Mobile,2024-03-08 03:25:28,2025-11-28 08:55:55
3866,Mitchell Bond,tlewis@example.net,27,25-34,Male,True,True,True,Tablet,2023-07-28 18:12:21,2025-01-29 17:43:26
3867,John Bruce,christopherdavis@example.com,7,35-44,Female,True,True,False,Desktop,2023-10-17 22:23:30,2025-10-10 09:14:38
3868,Eric Rios,foxnancy@example.org,6,45-54,Male,True,True,True,Mobile,2022-07-01 07:09:43,2023-01-25 11:23:02
3869,Jonathan Mcgrath,marcbrooks@example.com,41,65+,Male,False,True,False,Tablet,2025-04-10 22:50:01,2025-07-04 09:16:49
3870,Raymond Gallagher,benjamin76@example.net,4,18-24,Male,True,True,True,Mobile,2022-08-09 22:24:55,2023-07-13 19:41:10
3871,Steven Tucker,ann52@example.com,39,18-24,Female,False,True,True,Desktop,2025-07-20 00:24:22,2025-11-11 07:33:35
3872,Robert Pierce,robert90@example.org,11,25-34,Female,True,True,True,Desktop,2022-04-17 04:21:07,2022-12-01 21:47:37
3873,Sarah Christian,christinehart@example.com,41,65+,Female,True,True,True,Desktop,2024-07-11 07:25:41,2025-09-04 08:09:43
3874,Jennifer Scott,thomaslori@example.net,49,45-54,Female,True,True,True,Tablet,2023-04-04 10:34:56,2023-09-10 19:40:35
3875,Anthony Baker,petersonjennifer@example.org,44,25-34,Male,True,True,True,Mobile,2023-12-25 23:05:56,2024-07-06 03:14:24
3876,Julie Flores,chad39@example.com,38,65+,Female,True,True,True,Tablet,2023-01-31 19:45:55,2024-04-10 19:07:43
3877,Duane Jones,jenniferadkins@example.org,41,45-54,Male,True,True,True,Mobile,2023-06-09 11:00:35,2024-01-22 22:03:09
3878,James Sanchez,nicole11@example.net,29,45-54,Female,True,True,True,Tablet,2023-01-15 22:27:58,2024-07-12 21:08:51
3879,Charles White,mwinters@example.org,34,18-24,Female,True,True,True,Mobile,2024-04-17 02:33:10,2025-03-02 10:03:41
3880,Brian Best,castillolinda@example.com,28,18-24,Male,True,True,False,Tablet,2024-07-10 12:28:18,2025-07-06 07:03:50
3881,Dr. Megan Brown,kelly18@example.net,12,65+,Female,False,True,False,Desktop,2022-03-09 18:12:16,2023-02-09 19:28:26
3882,Jessica Ortega,mccoysamantha@example.org,40,18-24,Female,True,True,True,Mobile,2023-02-26 12:43:02,2024-04-30 07:15:28
3883,Monique Sutton,johnsonjohn@example.com,40,45-54,Male,False,False,False,Tablet,2022-11-08 18:13:48,2025-09-04 20:47:25
3884,Kathleen Ellis,agibson@example.com,7,18-24,Male,False,True,True,Tablet,2023-11-11 08:37:27,2025-11-26 18:22:27
3885,Gregory Rivera,clarkrachel@example.net,23,25-34,Male,True,True,True,Tablet,2024-12-06 12:30:24,2025-05-25 10:35:52
3886,Danielle Howard,rodriguezbrent@example.com,37,35-44,Male,True,True,True,Mobile,2022-06-05 19:41:55,2023-08-05 23:19:15
3887,David Williams,jameswright@example.net,22,45-54,Male,True,True,True,Tablet,2024-05-23 15:07:00,2025-04-15 08:22:40
3888,Patrick Jones,matthew07@example.org,47,35-44,Male,False,True,False,Mobile,2025-08-16 11:00:15,2025-08-25 08:59:43
3889,Robert Henderson,talexander@example.org,23,25-34,Female,False,True,False,Desktop,2022-07-20 21:36:50,2023-05-27 21:02:49
3890,Elizabeth Briggs,gkim@example.com,43,35-44,Female,True,False,True,Mobile,2023-03-24 08:27:31,2025-12-14 09:00:46
3891,William Guerrero,lterry@example.com,10,45-54,Female,True,True,False,Desktop,2025-09-03 19:40:30,2025-10-30 13:25:37
3892,Jeffrey Murphy,whull@example.org,39,25-34,Female,False,True,True,Tablet,2022-12-15 01:31:56,2023-06-23 07:29:02
3893,Patricia Ward,shawntate@example.org,20,25-34,Male,True,True,True,Mobile,2024-07-21 10:54:27,2024-10-09 17:07:56
3894,William Hansen,vargaspamela@example.net,24,35-44,Male,True,False,True,Tablet,2023-06-08 07:44:59,2023-11-21 18:47:51
3895,Heather Miller,colleen19@example.com,14,25-34,Male,True,True,True,Tablet,2024-04-04 11:47:26,2025-11-20 09:45:30
3896,Elaine Evans,katrina23@example.net,26,45-54,Female,False,False,True,Tablet,2023-03-15 18:36:42,2025-06-13 23:20:26
3897,Carolyn Salas,xsimpson@example.com,42,55-64,Male,True,True,True,Tablet,2022-01-09 09:12:01,2023-01-14 21:25:33
3898,Kathryn Harrison,wgeorge@example.org,23,55-64,Female,True,True,True,Tablet,2022-12-24 17:41:40,2025-08-18 19:02:59
3899,Todd Goodman,rodneythomas@example.net,17,45-54,Male,True,True,True,Mobile,2022-06-24 09:55:15,2024-11-09 13:15:28
3900,Susan Wolfe,salinaskyle@example.org,44,35-44,Male,True,True,True,Mobile,2025-08-26 16:16:12,2025-12-04 09:12:22
3901,Mark Allen,pwilliams@example.org,2,35-44,Male,True,False,False,Tablet,2023-10-08 07:18:29,2025-09-26 11:57:10
3902,Paul Matthews,lauriereese@example.com,23,55-64,Male,True,False,False,Mobile,2023-08-02 10:07:17,2024-02-09 20:20:59
3903,Christopher Reed,jenniferdawson@example.net,12,35-44,Male,True,True,True,Tablet,2025-05-23 18:49:25,2025-08-03 16:20:37
3904,Nicole Burns,samantha50@example.com,8,25-34,Female,True,True,False,Desktop,2025-05-07 15:38:17,2025-11-15 09:12:02
3905,Andrea Howard,urodriguez@example.com,44,55-64,Male,True,True,True,Tablet,2025-06-23 11:27:00,2025-08-30 16:03:56
3906,Jason Castro,tina93@example.com,34,55-64,Male,True,True,True,Tablet,2025-03-15 08:18:25,2025-09-17 20:11:35
3907,Mark Peterson,lee61@example.org,17,35-44,Female,True,True,False,Mobile,2025-07-30 13:48:51,2025-08-31 13:12:05
3908,Cole Anderson,sarah82@example.com,22,18-24,Male,False,True,False,Mobile,2022-11-03 17:12:33,2024-09-01 19:00:19
3909,Angela Thomas,cberger@example.net,27,25-34,Male,True,True,False,Tablet,2023-07-07 09:07:41,2024-07-01 06:18:31
3910,Sherry Riley,alicia98@example.net,42,18-24,Female,True,True,False,Mobile,2025-06-01 20:13:56,2025-09-18 09:46:30
3911,Kenneth Spears,baileytroy@example.org,12,25-34,Female,True,False,True,Desktop,2024-04-28 17:23:22,2024-12-27 21:42:37
3912,Sandra White,lisa16@example.com,20,18-24,Female,False,True,True,Tablet,2022-12-30 14:26:03,2023-08-08 18:15:32
3913,John Sullivan,rodriguezpeter@example.org,45,45-54,Female,True,True,True,Tablet,2022-07-06 14:38:00,2022-07-11 14:26:58
3914,Shannon Sanchez,copelandmichael@example.com,43,25-34,Female,True,True,True,Tablet,2024-11-19 06:30:34,2024-12-24 06:33:32
3915,Chris Lee,alopez@example.com,12,55-64,Female,True,True,True,Mobile,2022-11-13 17:48:03,2024-01-25 20:57:09
3916,James Oliver IV,lauren04@example.org,47,18-24,Female,False,True,True,Desktop,2022-10-16 18:15:52,2025-02-13 20:37:33
3917,Patrick Harrison,robinsondavid@example.net,28,55-64,Female,False,True,True,Mobile,2025-03-18 20:26:06,2025-09-27 21:05:21
3918,Victoria Clark,david35@example.com,37,25-34,Female,False,True,False,Mobile,2022-09-01 20:24:31,2024-02-16 16:04:43
3919,Brittany Sanford,mcdanielruben@example.net,11,18-24,Female,False,True,True,Desktop,2022-04-24 17:00:16,2024-05-04 10:06:56
3920,Victoria Levy,hartjames@example.net,42,65+,Male,True,False,False,Mobile,2024-09-11 15:25:11,2025-06-06 08:28:34
3921,Anna Conrad,owenslaura@example.org,13,45-54,Female,True,True,True,Tablet,2025-09-15 20:29:26,2025-12-03 02:26:48
3922,James Perez,timothy81@example.net,19,18-24,Male,True,True,False,Desktop,2025-02-06 17:37:03,2025-04-12 13:49:30
3923,Lauren Ramirez,leetiffany@example.com,24,35-44,Male,False,True,True,Desktop,2022-12-11 13:45:15,2024-03-10 19:30:47
3924,Lindsay Travis,walltracy@example.org,9,45-54,Male,True,True,True,Tablet,2024-05-04 14:45:31,2025-07-01 21:23:36
3925,Ashley Harris,jodi27@example.net,20,35-44,Female,True,True,False,Desktop,2023-04-28 22:32:58,2025-02-18 19:28:18
3926,Mark Williams,brianpowell@example.com,23,55-64,Male,True,True,False,Tablet,2023-04-07 04:08:17,2024-06-23 10:00:11
3927,Michael Mejia,edward94@example.net,5,65+,Female,False,False,True,Desktop,2024-02-17 08:21:50,2024-12-17 22:35:34
3928,Nathaniel Huber,williamlam@example.org,33,65+,Female,True,True,True,Tablet,2024-04-24 08:10:37,2025-02-18 10:14:53
3929,Kevin Alexander,fadams@example.org,47,25-34,Male,True,True,False,Mobile,2025-06-22 08:39:57,2025-07-04 20:00:32
3930,Jessica Combs,williamcarney@example.org,32,55-64,Female,True,True,False,Mobile,2023-07-14 18:37:29,2023-09-27 21:00:55
3931,Ryan Rios,jeanette90@example.org,24,35-44,Male,False,True,False,Desktop,2024-09-10 07:19:02,2025-09-16 08:30:50
3932,Richard Lopez,joy57@example.com,14,45-54,Female,False,True,False,Tablet,2024-02-27 13:23:20,2025-03-02 15:33:24
3933,Angela Keith,vcooper@example.org,22,65+,Male,True,True,False,Desktop,2025-03-12 19:00:50,2025-12-11 10:03:55
3934,Michelle Aguilar,terrybrooke@example.net,28,65+,Female,True,False,False,Mobile,2024-12-22 08:36:25,2025-11-29 00:01:47
3935,Tracy Elliott,susan93@example.com,45,25-34,Male,True,True,False,Mobile,2023-07-14 18:12:05,2024-08-09 13:25:01
3936,Dominique Moore,yjohnson@example.org,25,55-64,Other,True,True,False,Desktop,2025-02-03 15:18:13,2025-11-20 09:44:57
3937,Andrew Schmidt,carneysamuel@example.org,12,35-44,Male,True,True,True,Tablet,2024-02-26 12:01:24,2024-09-28 17:17:49
3938,Courtney Walters,andreadunn@example.org,25,45-54,Female,False,False,False,Mobile,2024-07-24 10:45:37,2024-08-07 22:37:25
3939,Jessica Phelps,cgood@example.org,7,25-34,Male,True,True,True,Desktop,2022-08-09 15:48:20,2025-02-22 16:02:18
3940,Edward Wright,valeriebennett@example.com,37,55-64,Female,True,False,True,Tablet,2025-08-14 09:06:08,2025-09-07 20:24:07
3941,Mark Smith,uhopkins@example.com,19,25-34,Female,True,True,False,Desktop,2023-11-07 21:13:56,2024-10-25 02:41:44
3942,Leah Burns,stewartpeter@example.com,40,35-44,Female,True,True,True,Tablet,2025-01-31 23:45:20,2025-10-24 10:28:38
3943,Nicholas Smith,joseph68@example.net,23,35-44,Female,True,True,True,Desktop,2022-10-09 15:15:03,2023-07-19 11:13:26
3944,Matthew Fischer,dferguson@example.org,32,35-44,Female,False,True,False,Tablet,2024-01-16 07:50:03,2025-06-20 09:15:25
3945,Kevin Thompson,randerson@example.com,39,25-34,Male,True,True,True,Desktop,2023-04-08 19:12:47,2025-11-26 07:08:17
3946,Kristy Black,alexis14@example.com,20,25-34,Female,False,True,True,Tablet,2024-12-23 17:07:51,2025-11-07 07:53:38
3947,Patricia Smith,jonesbethany@example.org,9,25-34,Female,True,True,True,Tablet,2022-06-20 09:19:13,2023-07-26 16:47:33
3948,Joseph Hurley,philip34@example.net,33,45-54,Female,True,True,False,Tablet,2025-09-13 12:31:17,2025-12-08 20:33:27
3949,Kenneth Wilkins,spencerjoshua@example.org,35,45-54,Male,True,True,True,Tablet,2023-11-26 13:36:58,2024-05-27 06:19:07
3950,Jamie Jones,douglasharris@example.org,12,35-44,Male,True,True,False,Desktop,2022-05-31 05:18:50,2024-04-17 10:29:17
3951,Marcia Pena,michaeljones@example.org,42,25-34,Male,False,True,False,Tablet,2023-05-05 16:04:03,2023-09-02 18:16:29
3952,Perry Burke,lanegabriel@example.net,16,35-44,Male,True,False,True,Desktop,2025-09-14 09:07:59,2025-11-06 09:51:00
3953,Jerry Weber,chandlerjeremy@example.org,2,35-44,Female,True,True,True,Tablet,2023-01-31 15:38:38,2025-06-15 19:43:57
3954,Jason Mcdonald,ojohnson@example.com,40,25-34,Female,True,False,True,Desktop,2022-12-12 14:01:06,2024-07-29 08:41:43
3955,Teresa Kemp,shannonkimberly@example.com,44,55-64,Female,True,False,False,Mobile,2025-03-09 20:59:30,2025-10-31 19:19:49
3956,Valerie Pierce,qmitchell@example.net,49,55-64,Male,True,True,True,Tablet,2022-01-24 15:11:26,2022-11-21 12:28:47
3957,Craig Allen,cynthiasalas@example.com,10,45-54,Male,True,True,True,Desktop,2024-07-01 11:50:34,2024-07-12 07:00:12
3958,Dana Jackson,kennedymichael@example.com,18,35-44,Male,False,True,True,Mobile,2024-09-14 03:16:25,2024-12-05 12:51:52
3959,Daniel Camacho,hesswilliam@example.org,7,45-54,Male,True,True,True,Mobile,2024-02-22 20:36:41,2025-02-20 10:06:08
3960,Jesse Jones,vanessacasey@example.net,33,25-34,Male,True,True,True,Mobile,2023-04-23 19:55:33,2025-07-02 18:57:16
3961,Shelly Brown,alyssahaas@example.com,23,25-34,Male,True,True,False,Tablet,2024-02-21 11:54:24,2025-03-29 11:18:40
3962,Jonathan Goodwin,johnhuff@example.org,9,55-64,Male,True,False,False,Tablet,2023-03-24 08:13:12,2024-06-02 07:57:20
3963,John Wheeler DDS,katherine72@example.com,30,35-44,Male,False,True,True,Desktop,2023-08-08 13:32:44,2024-06-28 09:51:09
3964,Collin Sullivan,qwoods@example.net,16,25-34,Female,True,True,True,Mobile,2023-03-29 20:46:53,2025-04-11 17:54:12
3965,Darryl Kelly,michaelball@example.com,26,65+,Male,False,True,False,Tablet,2023-05-24 02:35:17,2025-03-03 09:20:28
3966,Brianna Chase,jenniferpena@example.net,27,25-34,Male,True,True,True,Desktop,2024-08-06 20:58:45,2025-11-19 20:03:46
3967,Joseph Vaughan,fuentesleonard@example.com,9,25-34,Female,True,True,False,Desktop,2024-03-13 21:42:11,2024-04-13 18:23:52
3968,Sean Jones,vpatterson@example.com,15,45-54,Female,False,True,False,Desktop,2023-10-29 13:04:08,2024-05-10 20:51:03
3969,Matthew Potter,walleramy@example.net,49,35-44,Male,False,False,True,Desktop,2023-11-23 09:43:03,2023-12-20 06:38:52
3970,Courtney Hamilton,thompsontodd@example.net,41,25-34,Male,True,False,True,Tablet,2024-10-25 19:52:21,2025-12-11 23:21:56
3971,Elizabeth Reese,nicholas33@example.net,45,65+,Male,False,True,False,Desktop,2025-08-26 18:27:51,2025-08-31 19:00:31
3972,Stacey Taylor,shannon51@example.com,48,45-54,Female,True,True,True,Tablet,2024-03-19 22:29:50,2024-08-21 10:04:15
3973,Sarah Mays,richardnichols@example.org,43,25-34,Female,True,True,True,Tablet,2025-04-23 10:23:44,2025-11-15 21:56:08
3974,Derrick Byrd,stevengray@example.net,41,45-54,Male,True,True,True,Tablet,2025-02-26 11:08:03,2025-04-26 12:01:42
3975,Michelle Watts,dcarpenter@example.net,1,25-34,Male,True,True,False,Tablet,2024-01-05 13:40:28,2025-04-25 08:15:50
3976,Tiffany Bright,rjohnson@example.net,2,45-54,Male,True,True,True,Tablet,2022-12-18 20:17:57,2024-03-18 20:08:35
3977,Peter Goodwin,robertdavis@example.org,31,35-44,Male,False,True,True,Mobile,2023-04-28 19:06:36,2025-12-08 11:59:03
3978,Nathaniel Bean,ingramjennifer@example.org,41,25-34,Male,True,False,True,Desktop,2025-07-08 20:15:48,2025-11-12 09:46:48
3979,Paul Smith,plopez@example.net,47,65+,Female,False,True,True,Desktop,2025-07-29 19:49:45,2025-11-03 11:22:59
3980,Jonathan Hill,joshua89@example.org,15,35-44,Female,False,True,True,Tablet,2024-03-22 20:46:59,2025-09-22 13:44:14
3981,Sydney Miller,williamsjesse@example.com,36,35-44,Female,False,True,False,Tablet,2023-03-22 11:34:32,2025-09-03 15:48:28
3982,Kathy Jordan,markturner@example.net,33,25-34,Male,True,True,True,Tablet,2022-11-11 20:21:30,2023-06-28 08:55:53
3983,Nicole Bean,scott68@example.net,50,45-54,Male,False,True,False,Desktop,2022-01-13 17:52:23,2025-11-21 18:37:54
3984,Charles Stevenson,brian62@example.net,44,45-54,Female,True,True,True,Mobile,2024-09-25 19:21:55,2025-07-13 13:42:20
3985,Tyler Clark,rhughes@example.net,29,55-64,Male,True,False,False,Mobile,2023-07-25 22:51:40,2024-11-04 15:22:33
3986,Christine Ray,amy28@example.net,26,55-64,Female,True,True,True,Tablet,2024-01-03 14:56:42,2025-09-15 21:02:16
3987,Timothy Beck,zclark@example.org,31,65+,Male,True,True,True,Desktop,2025-01-12 02:25:52,2025-08-15 09:34:16
3988,Andrew Harrison,jponce@example.net,41,18-24,Female,False,True,False,Mobile,2022-12-08 20:49:17,2025-07-04 01:30:15
3989,Steve Collins,robertsonlisa@example.net,32,65+,Female,False,True,True,Tablet,2024-12-12 07:11:03,2025-03-08 20:48:25
3990,Jessica Lutz,melissa30@example.org,26,35-44,Male,True,False,True,Tablet,2023-11-30 09:08:57,2025-01-28 13:40:49
3991,Annette Jenkins,wreynolds@example.org,45,45-54,Female,True,True,False,Mobile,2025-08-11 09:11:28,2025-08-18 10:23:08
3992,Benjamin Christensen,shawn62@example.org,34,25-34,Male,True,True,True,Desktop,2024-01-04 01:00:04,2024-09-17 19:05:40
3993,Ashley Smith,alison10@example.com,45,25-34,Female,True,True,True,Tablet,2025-06-06 10:51:47,2025-08-12 11:24:45
3994,Nancy Tyler,michellemacdonald@example.com,9,55-64,Male,False,True,True,Mobile,2024-10-19 21:15:06,2025-09-10 12:08:13
3995,Dennis Keller,williamwalters@example.org,42,25-34,Female,True,False,True,Desktop,2023-08-09 04:03:50,2023-08-24 12:27:29
3996,Brandi Collins,brandtrobert@example.net,39,18-24,Female,True,True,False,Tablet,2025-06-25 07:07:02,2025-10-27 05:10:51
3997,John Spears,reginajordan@example.org,23,45-54,Male,True,True,False,Tablet,2023-11-19 05:06:41,2025-01-04 07:03:47
3998,Steven Schroeder,michaelnewton@example.org,15,55-64,Male,True,False,True,Tablet,2025-05-08 18:29:48,2025-11-25 11:37:01
3999,Alexis Marshall,christinabrooks@example.org,6,55-64,Male,True,True,True,Tablet,2023-10-07 20:58:17,2025-07-08 20:59:38
4000,Margaret Curry DVM,qwallace@example.net,26,25-34,Male,True,True,True,Mobile,2022-12-08 09:52:30,2024-12-03 16:34:45
4001,Paula Porter,scottbailey@example.com,35,25-34,Female,False,True,True,Desktop,2023-04-21 08:56:13,2025-10-08 02:39:52
4002,Justin Marsh,kellychang@example.org,50,45-54,Female,False,True,True,Tablet,2023-05-15 11:16:28,2025-04-09 11:51:45
4003,Tyler Lester,kellydesiree@example.org,41,25-34,Male,False,True,True,Mobile,2022-08-08 07:05:06,2025-05-09 14:52:09
4004,Brenda Kirk,hkelley@example.org,50,65+,Female,False,True,False,Tablet,2023-12-14 23:14:43,2025-09-03 09:01:34
4005,Angel Murphy,woodsjeremy@example.net,28,55-64,Male,True,True,True,Desktop,2023-08-07 23:00:34,2024-08-11 21:32:45
4006,Crystal Burke,briancardenas@example.net,50,35-44,Female,True,True,True,Desktop,2022-07-10 19:14:03,2025-02-04 12:20:43
4007,Caroline King,ycervantes@example.org,43,55-64,Prefer not to say,False,False,False,Mobile,2024-11-15 15:00:36,2025-04-08 16:06:54
4008,Anthony Gaines,timothylong@example.com,42,35-44,Male,True,True,True,Desktop,2024-02-25 07:09:59,2025-01-23 12:12:52
4009,Ryan Hart,jo03@example.org,20,18-24,Male,True,False,False,Desktop,2022-10-22 16:27:17,2024-08-23 12:47:53
4010,Samantha Roberts,irios@example.net,22,25-34,Male,False,True,False,Tablet,2025-10-10 16:21:12,2025-11-13 18:18:11
4011,Faith Brown,sharon87@example.net,37,25-34,Male,False,True,False,Tablet,2024-06-26 19:45:30,2025-03-29 20:14:43
4012,Bailey Martinez,stevenjackson@example.org,17,45-54,Male,True,True,False,Tablet,2022-05-29 18:42:30,2024-06-24 19:01:06
4013,John Vazquez,holtthomas@example.com,7,45-54,Female,False,True,True,Mobile,2024-05-09 13:41:51,2025-02-15 07:41:49
4014,Curtis Scott,grice@example.net,46,35-44,Male,True,True,True,Tablet,2025-08-07 05:19:31,2025-11-26 21:09:21
4015,Michael Tucker,timothynorman@example.net,50,35-44,Male,True,False,False,Tablet,2023-01-23 10:43:40,2025-10-21 21:14:51
4016,Chad Long,saundersmelissa@example.com,36,45-54,Female,True,True,True,Mobile,2023-06-14 19:58:57,2024-05-23 20:27:11
4017,Kimberly Lee,waltermoore@example.org,35,18-24,Female,True,True,False,Desktop,2023-01-04 18:50:58,2023-06-12 08:59:36
4018,Diane Torres,kimwilson@example.org,4,45-54,Female,True,True,False,Mobile,2025-01-10 20:13:26,2025-08-27 09:27:33
4019,Karen Alexander,hannahjordan@example.net,46,35-44,Male,True,True,False,Mobile,2022-07-11 09:09:18,2024-08-10 21:16:06
4020,Melvin Garcia,richardmills@example.com,41,25-34,Male,True,True,True,Tablet,2023-02-10 02:26:18,2024-09-12 15:08:38
4021,Andrea Morgan,rcruz@example.org,27,45-54,Female,True,True,True,Tablet,2023-03-17 19:40:11,2023-12-04 17:21:06
4022,Nicole Robinson,stephaniehines@example.com,15,18-24,Female,True,True,False,Tablet,2024-05-03 20:24:08,2025-10-04 13:57:13
4023,Sonya Sanders,jacob98@example.com,7,45-54,Other,False,True,False,Desktop,2022-12-03 21:25:25,2024-01-13 09:00:16
4024,Anna King,thouston@example.com,40,35-44,Female,False,True,True,Mobile,2025-05-15 10:11:54,2025-07-16 20:19:25
4025,Michael Pena PhD,hillbrianna@example.net,43,18-24,Female,True,True,True,Tablet,2025-09-30 14:04:29,2025-10-20 07:23:44
4026,Barry Collins,vdavila@example.net,29,25-34,Male,True,True,True,Desktop,2022-02-25 20:00:40,2025-11-21 02:51:56
4027,Anna Noble,kerriking@example.com,16,18-24,Male,True,True,True,Desktop,2023-11-02 16:33:19,2024-10-15 07:34:42
4028,Stuart Daniel,nielsenapril@example.net,9,65+,Male,True,False,False,Tablet,2023-10-20 17:34:11,2025-10-04 18:55:50
4029,Kathleen Stephenson,rweber@example.org,16,25-34,Female,False,True,True,Desktop,2022-01-29 08:55:00,2025-03-21 18:56:23
4030,Renee Hurst,zstanley@example.org,42,18-24,Female,True,True,True,Tablet,2022-02-14 07:41:49,2025-05-26 17:06:02
4031,Leah Hughes,awhite@example.org,42,25-34,Female,True,True,False,Tablet,2024-08-05 21:40:10,2025-03-03 20:32:52
4032,Joshua Rivera,hcole@example.org,29,65+,Female,False,True,True,Desktop,2023-03-08 00:06:08,2023-05-18 13:04:08
4033,Kirsten Jones,marymatthews@example.org,44,35-44,Male,True,False,True,Tablet,2023-06-23 08:53:38,2025-06-25 00:37:06
4034,Margaret Ferguson,rhonda24@example.net,35,35-44,Male,True,True,True,Mobile,2022-08-21 00:12:01,2024-04-06 20:56:48
4035,Jennifer Little,cory58@example.com,3,25-34,Female,True,True,True,Desktop,2025-08-29 17:48:24,2025-10-30 10:47:18
4036,Amy Norton,stephenbutler@example.org,11,25-34,Female,True,True,True,Mobile,2025-05-10 18:35:28,2025-06-21 22:33:00
4037,Johnny Snyder,grahamcindy@example.com,8,55-64,Female,True,True,True,Mobile,2024-01-11 16:23:37,2024-09-26 16:42:55
4038,Denise Torres,brownjessica@example.org,34,45-54,Female,False,True,True,Mobile,2022-12-24 11:12:29,2025-02-02 16:34:25
4039,David Hensley,williamsroberto@example.org,35,18-24,Female,True,True,True,Tablet,2025-01-02 21:12:00,2025-05-10 14:03:54
4040,Mr. Joseph Martin,kara42@example.com,18,18-24,Female,True,False,False,Mobile,2023-09-14 17:24:41,2025-12-08 11:07:23
4041,Kevin Washington,paulabrooks@example.net,47,18-24,Female,False,True,True,Mobile,2025-07-16 13:53:49,2025-11-05 19:08:29
4042,Jason Welch,victoria75@example.net,16,25-34,Male,False,True,True,Tablet,2025-07-10 18:26:13,2025-09-23 10:49:54
4043,Veronica Estrada,stephaniewashington@example.org,23,45-54,Male,True,True,True,Mobile,2025-06-14 20:31:41,2025-09-06 18:39:20
4044,William Garner,michaelklein@example.org,10,55-64,Female,True,True,True,Tablet,2025-06-27 11:54:33,2025-11-17 15:29:54
4045,Bryan Nguyen DDS,tatedaniel@example.com,21,65+,Female,True,True,True,Tablet,2025-01-18 07:27:05,2025-09-04 18:01:22
4046,Victor Moore,dfinley@example.org,4,65+,Female,False,False,True,Desktop,2025-07-22 12:17:46,2025-11-01 17:42:48
4047,Michael Bradford,ebell@example.org,12,35-44,Female,True,True,False,Desktop,2023-02-15 14:20:40,2023-09-10 18:41:02
4048,Laura Mann,bgarcia@example.org,36,65+,Female,True,True,True,Tablet,2023-09-05 10:16:59,2025-12-07 16:51:04
4049,Robert Phillips,umoore@example.net,3,35-44,Male,True,False,True,Desktop,2024-11-03 10:47:30,2025-03-15 10:16:02
4050,Joshua Garcia,imurray@example.org,43,25-34,Male,True,True,True,Desktop,2025-07-06 11:34:53,2025-10-25 02:56:31
4051,Gregory Wright,fostertracey@example.org,14,65+,Female,False,True,False,Tablet,2025-04-01 20:05:36,2025-07-23 21:18:55
4052,Jason Blackwell,matthewbrown@example.com,45,45-54,Female,True,True,False,Desktop,2024-03-14 21:08:21,2024-10-04 10:52:57
4053,Brooke Valdez,ryansmith@example.net,45,45-54,Male,False,True,True,Tablet,2023-06-22 12:38:46,2024-08-18 01:06:21
4054,Heather Alvarado,philipbrown@example.com,31,45-54,Male,False,True,True,Mobile,2025-06-24 08:39:41,2025-08-18 23:18:50
4055,Courtney Grimes MD,ochoajennifer@example.com,18,55-64,Male,False,True,True,Desktop,2022-02-11 12:41:28,2024-07-05 21:19:44
4056,Matthew Nguyen,joshuaburton@example.net,30,25-34,Female,False,False,True,Desktop,2023-09-07 21:53:18,2024-08-08 16:31:18
4057,Diamond Rogers,sierramason@example.com,44,18-24,Female,False,True,True,Desktop,2022-06-09 13:42:34,2025-06-21 18:39:06
4058,Holly Preston,theresastone@example.com,50,18-24,Female,True,True,False,Tablet,2025-07-01 18:43:05,2025-09-16 15:52:16
4059,Reginald Wallace,vphillips@example.com,28,65+,Female,False,False,False,Desktop,2023-09-26 14:22:29,2024-02-24 09:49:52
4060,Jeremiah Haney,elizabeth70@example.com,22,35-44,Female,False,False,True,Tablet,2022-07-06 10:28:23,2022-11-21 19:22:08
4061,Amanda Ross,rpreston@example.com,34,25-34,Male,False,True,True,Mobile,2025-09-10 22:48:24,2025-09-25 09:32:30
4062,Michael Aguilar,urios@example.net,17,25-34,Male,True,True,True,Tablet,2022-05-10 05:11:21,2025-02-18 11:25:41
4063,Erik Johnson,vwong@example.net,19,55-64,Female,True,True,False,Desktop,2023-07-10 09:40:32,2023-11-20 09:29:00
4064,Dr. Kevin Campos,charles93@example.com,22,45-54,Female,True,True,True,Mobile,2023-04-29 09:12:30,2024-04-14 05:38:58
4065,Austin Krause,rlang@example.com,23,25-34,Male,True,True,True,Mobile,2025-05-12 16:28:54,2025-07-05 21:41:39
4066,Maureen Weber,khenderson@example.org,43,45-54,Female,False,True,True,Mobile,2025-02-03 09:59:41,2025-05-19 08:04:39
4067,Jennifer Vega,floressheena@example.com,30,25-34,Female,True,True,True,Mobile,2022-10-04 21:45:44,2023-08-14 11:44:50
4068,Bethany Leonard,rebecca70@example.net,17,25-34,Male,False,True,False,Mobile,2024-12-13 21:33:21,2025-03-14 17:28:06
4069,Ashley Rice MD,jjones@example.net,35,35-44,Female,True,True,False,Tablet,2024-08-04 22:19:49,2024-09-20 14:44:33
4070,Sheryl Barrett,sethgibbs@example.com,47,25-34,Female,True,True,False,Desktop,2023-01-17 21:42:30,2025-04-19 20:24:19
4071,Monica Quinn,pachecopatricia@example.net,37,45-54,Female,True,True,False,Mobile,2024-02-14 18:10:46,2025-07-10 06:44:28
4072,Alejandra Smith,morrisamber@example.net,20,18-24,Female,False,True,False,Desktop,2022-06-03 23:01:23,2025-01-31 10:54:31
4073,Susan Romero,adamsjames@example.com,37,25-34,Female,False,True,True,Mobile,2024-04-30 18:34:48,2024-05-07 22:28:27
4074,Kristen Figueroa DDS,morgantina@example.net,7,55-64,Female,True,True,True,Mobile,2024-09-23 09:31:33,2024-10-04 09:55:13
4075,Samantha Reynolds,walterssuzanne@example.org,46,25-34,Male,True,True,False,Mobile,2022-11-06 19:48:47,2025-10-27 23:20:37
4076,Laura Barnes,susanjones@example.com,50,25-34,Male,True,True,True,Mobile,2025-10-30 09:20:53,2025-11-03 15:58:06
4077,Patty Thomas,hernandezgina@example.net,13,18-24,Female,True,True,True,Mobile,2025-06-21 21:18:38,2025-12-08 07:52:26
4078,Richard Williams,christy84@example.net,50,45-54,Female,True,True,True,Desktop,2023-05-01 07:47:04,2024-09-14 05:24:00
4079,Sarah Price,aaronwalker@example.net,25,65+,Male,False,True,True,Desktop,2025-06-15 19:00:11,2025-10-25 18:56:47
4080,Wayne Gomez,blakepeter@example.com,11,25-34,Male,False,False,True,Tablet,2025-03-25 18:37:51,2025-10-08 16:31:02
4081,Christine Mitchell,melissa43@example.net,9,45-54,Female,False,True,True,Tablet,2025-04-05 22:14:22,2025-11-24 21:06:30
4082,Brian Nelson,ricedouglas@example.net,41,55-64,Male,False,True,True,Desktop,2024-03-08 20:19:34,2025-07-08 11:24:03
4083,Robert Anderson,melaniejohnson@example.org,47,65+,Female,False,True,True,Mobile,2024-09-15 08:10:16,2025-05-29 03:20:59
4084,Kristen Burns,clifford26@example.org,42,35-44,Female,True,True,True,Desktop,2025-10-21 22:14:39,2025-12-09 01:17:23
4085,Robin Randolph,tracy58@example.com,43,25-34,Male,False,True,True,Tablet,2025-06-02 05:31:02,2025-10-11 20:26:35
4086,Sarah Gonzalez,larrybrandt@example.net,14,45-54,Female,True,True,True,Mobile,2022-06-15 16:33:49,2025-01-23 08:16:56
4087,Diana Taylor,wrobertson@example.net,13,65+,Male,True,True,True,Tablet,2022-11-03 04:22:45,2023-09-07 11:45:13
4088,Alexis Salazar,oscar32@example.com,30,55-64,Male,True,True,True,Desktop,2024-02-03 12:36:43,2025-01-15 09:19:16
4089,Tiffany Graham,dominicperry@example.org,49,45-54,Other,True,True,True,Desktop,2024-07-18 19:25:22,2025-05-21 20:33:38
4090,Taylor Martinez,chloelawson@example.com,9,25-34,Male,True,True,True,Desktop,2022-04-26 21:31:55,2022-12-13 20:45:45
4091,Justin Goodman,martinsuzanne@example.org,28,55-64,Male,False,True,True,Mobile,2025-09-12 09:04:36,2025-11-10 07:02:52
4092,Kathleen Gregory,fisheranne@example.com,20,65+,Male,True,True,True,Mobile,2025-06-04 10:05:48,2025-06-07 19:51:05
4093,Mary Duncan,shawn53@example.com,49,18-24,Male,False,True,False,Desktop,2025-04-28 07:09:13,2025-05-02 08:26:43
4094,Melissa Howell,pauljacob@example.org,16,18-24,Male,True,True,True,Mobile,2022-05-14 08:16:47,2025-07-10 17:10:18
4095,Sara Goodman,ogates@example.org,43,45-54,Male,True,True,True,Desktop,2024-10-26 09:28:33,2024-12-16 22:10:34
4096,Dr. John Brewer,karenmarquez@example.org,11,45-54,Other,True,False,False,Mobile,2025-05-27 17:45:59,2025-08-20 09:14:48
4097,Juan Hicks,judithmathis@example.org,48,35-44,Male,True,True,False,Tablet,2022-04-22 17:57:47,2025-06-28 19:17:26
4098,Jillian Dawson,dawn34@example.org,5,65+,Male,True,True,True,Mobile,2023-07-06 21:29:37,2025-06-12 22:13:24
4099,Luis Anderson,michaelduran@example.com,32,65+,Female,False,True,True,Tablet,2022-07-06 11:57:59,2023-03-29 09:03:08
4100,Ivan Craig,martindaniel@example.net,13,35-44,Female,True,True,False,Tablet,2023-09-23 08:04:31,2024-02-17 19:58:49
4101,Timothy Campbell,ryan03@example.net,48,25-34,Male,False,True,True,Mobile,2024-01-06 14:28:55,2024-09-06 13:34:46
4102,Jennifer Cannon,gweaver@example.com,15,25-34,Female,True,True,False,Mobile,2023-06-14 17:10:11,2024-10-12 23:33:54
4103,Rebecca Mitchell,rachel98@example.org,10,35-44,Male,True,True,False,Mobile,2022-09-04 19:13:21,2025-03-30 18:01:24
4104,Jillian Wells,ujohnston@example.org,11,25-34,Female,True,False,True,Desktop,2023-05-31 21:43:06,2024-09-09 23:19:04
4105,Carlos Fowler,vickipeck@example.com,37,25-34,Female,False,True,True,Desktop,2024-08-12 11:43:01,2024-11-07 15:52:41
4106,Michele Wells,robert77@example.net,13,45-54,Male,True,False,False,Tablet,2023-07-24 12:10:44,2025-08-07 22:44:12
4107,Laura Cobb MD,ffrancis@example.org,46,35-44,Female,False,True,True,Tablet,2024-07-18 20:46:56,2024-08-22 22:14:13
4108,Penny Murphy,janetbrown@example.net,3,35-44,Female,True,True,True,Mobile,2025-05-01 21:59:39,2025-07-14 02:15:48
4109,Troy Cook,millerjuan@example.org,15,25-34,Female,True,True,True,Desktop,2024-02-23 15:11:22,2025-07-01 20:30:08
4110,Michael Wagner,wware@example.com,33,55-64,Male,True,True,True,Desktop,2023-11-23 21:04:35,2025-01-25 13:52:19
4111,Katherine Marshall,zimmermanangela@example.net,24,65+,Male,True,True,False,Tablet,2024-12-07 08:39:06,2025-07-04 09:15:47
4112,Andrew Robbins,johnsonanthony@example.net,43,18-24,Male,False,True,True,Tablet,2022-08-04 07:53:08,2025-07-02 13:55:59
4113,Jason Brown,luismorris@example.com,48,45-54,Female,False,True,True,Tablet,2022-12-24 19:16:57,2024-06-24 18:50:07
4114,Pamela Juarez,ogriffin@example.net,27,55-64,Female,False,False,False,Mobile,2024-03-31 10:04:09,2024-06-06 12:26:28
4115,Jorge Smith,crystal58@example.net,13,35-44,Male,False,True,True,Mobile,2025-01-02 19:36:25,2025-12-11 10:02:15
4116,Christopher Hodge,nancy96@example.com,47,45-54,Male,True,True,False,Desktop,2023-11-08 23:09:01,2024-03-27 13:17:54
4117,Rose Gonzalez,dodsonmichael@example.com,14,35-44,Male,False,True,True,Mobile,2023-05-05 21:44:42,2025-01-23 21:53:49
4118,Amy Delgado,jamie35@example.org,35,25-34,Female,True,False,True,Tablet,2022-06-23 04:04:21,2024-02-03 19:59:26
4119,Melanie Jimenez,johnbowen@example.org,11,45-54,Female,True,True,True,Desktop,2025-08-14 22:04:47,2025-10-09 23:10:23
4120,Scott Morris,elizabethsmith@example.net,19,25-34,Male,False,True,True,Tablet,2023-06-27 05:28:41,2025-07-17 18:24:18
4121,Aaron Gaines,sotogina@example.org,5,45-54,Male,True,True,True,Mobile,2024-06-24 19:29:33,2025-02-14 06:02:46
4122,Angela Guerrero,olsonjoseph@example.com,8,45-54,Female,False,True,True,Desktop,2025-04-28 11:38:40,2025-05-04 10:08:06
4123,Phillip Wall,thomas17@example.org,4,35-44,Female,True,True,False,Tablet,2023-07-04 17:52:03,2025-03-28 18:49:46
4124,Isabella Henderson,kimberlymoss@example.org,46,65+,Male,False,True,True,Desktop,2024-11-16 08:01:18,2025-01-22 17:13:01
4125,William Stark,jennifer55@example.net,2,55-64,Male,True,True,False,Tablet,2022-08-03 04:54:17,2025-02-19 19:13:04
4126,Daniel Daniel,wmontes@example.org,28,35-44,Female,True,True,True,Mobile,2023-09-16 14:20:02,2025-05-12 11:00:49
4127,Michael Delgado,lisa64@example.net,8,25-34,Male,True,True,True,Desktop,2024-11-09 11:04:21,2025-08-01 12:36:22
4128,Catherine Gray,chelsea93@example.net,8,18-24,Female,True,True,False,Desktop,2023-08-04 20:34:24,2025-03-12 07:21:07
4129,Kenneth Thompson,scook@example.com,26,18-24,Female,False,True,True,Tablet,2023-07-21 08:23:39,2025-10-16 08:07:02
4130,Lauren Brown,phillip63@example.org,45,18-24,Male,False,True,True,Mobile,2022-12-24 21:11:20,2024-09-14 11:07:54
4131,Michael Wilson,howardchris@example.com,47,45-54,Male,True,True,False,Mobile,2022-03-28 10:02:34,2023-09-13 18:19:20
4132,Traci Pacheco,pittsmary@example.net,15,55-64,Male,True,True,False,Tablet,2022-03-21 19:27:43,2024-02-15 17:20:49
4133,Pamela Mcclain,morganwatts@example.com,38,65+,Female,False,True,True,Tablet,2022-06-01 18:36:15,2023-02-20 20:53:55
4134,Lindsey Diaz,timothyfuller@example.org,40,35-44,Female,False,True,False,Tablet,2024-11-13 18:32:07,2025-12-12 08:46:55
4135,Kimberly Alexander,vterry@example.com,5,25-34,Female,False,True,False,Desktop,2024-12-06 08:33:28,2025-07-16 21:19:46
4136,Amanda Davis,heathermora@example.com,26,35-44,Female,True,True,False,Tablet,2023-02-22 18:19:45,2024-10-22 10:02:09
4137,Eduardo Dunn,qsmith@example.org,5,55-64,Male,True,True,True,Tablet,2024-05-01 17:25:53,2025-04-22 13:17:35
4138,Ashley Hooper,mhicks@example.com,2,45-54,Female,True,True,False,Desktop,2024-03-13 07:56:29,2024-07-30 08:17:12
4139,David Chang,charles77@example.org,9,25-34,Male,True,True,True,Tablet,2025-02-14 13:04:00,2025-06-21 15:32:44
4140,Kelsey Thompson DDS,bryan95@example.com,23,35-44,Male,True,True,False,Desktop,2024-08-27 19:56:14,2025-08-14 08:48:06
4141,Susan Rogers,ericschwartz@example.com,29,55-64,Female,True,False,False,Tablet,2024-11-19 06:45:24,2025-05-22 18:01:05
4142,John Johnson,ylee@example.net,44,35-44,Female,False,True,True,Mobile,2025-05-20 08:41:53,2025-10-11 21:03:56
4143,Michelle Franklin,laurakelly@example.org,40,18-24,Female,True,True,False,Desktop,2022-07-31 21:01:35,2023-01-29 10:43:15
4144,Ashley Barber,michaelwhitehead@example.net,27,25-34,Female,True,True,True,Desktop,2024-01-30 21:13:48,2024-11-25 12:49:33
4145,Joseph Collins,radams@example.net,1,55-64,Male,True,True,True,Desktop,2023-07-28 04:25:44,2024-09-21 13:31:27
4146,Stephanie Sanchez,leblancdavid@example.net,3,35-44,Female,True,True,True,Tablet,2023-05-19 20:03:43,2023-06-19 18:35:13
4147,Joshua Michael,vstewart@example.com,20,55-64,Female,False,True,False,Desktop,2025-08-20 20:22:23,2025-11-12 21:59:18
4148,Nicole Morgan,santosluke@example.org,12,35-44,Female,True,False,True,Mobile,2025-02-19 08:04:25,2025-11-27 05:00:44
4149,Stacy Colon,zwheeler@example.com,20,45-54,Female,True,True,True,Mobile,2022-06-02 17:48:40,2024-05-28 15:47:57
4150,Jill Shepherd,ybennett@example.net,45,18-24,Male,True,True,True,Tablet,2022-12-21 07:05:28,2024-04-08 13:36:53
4151,Daniel Evans,vramos@example.net,22,45-54,Male,False,True,True,Tablet,2023-02-18 23:50:02,2025-04-14 09:52:31
4152,Laura Valencia,lauravelazquez@example.com,4,45-54,Male,True,True,True,Tablet,2023-07-26 22:55:08,2024-02-10 21:39:20
4153,Tim Cooper,jefferyroberts@example.net,24,55-64,Male,True,True,False,Mobile,2025-07-10 05:27:31,2025-08-05 10:27:28
4154,Erik Morris,dariusroberts@example.com,13,35-44,Male,True,True,True,Tablet,2025-05-24 21:15:16,2025-09-03 18:31:18
4155,Paul Johnson,plin@example.net,6,55-64,Male,True,True,False,Tablet,2025-06-24 04:52:45,2025-06-24 02:31:34
4156,Travis Tucker,tiffanyortiz@example.org,26,18-24,Female,True,True,True,Tablet,2023-08-21 08:15:16,2025-01-06 21:52:49
4157,Lauren Obrien,gonzaleskenneth@example.net,6,35-44,Female,True,True,False,Mobile,2024-03-11 16:50:22,2025-07-07 07:25:25
4158,Jeremy Rice,alexandria48@example.net,26,45-54,Male,True,True,True,Desktop,2022-11-21 09:50:37,2024-03-23 10:42:45
4159,Shelby Chavez,danielwelch@example.net,22,25-34,Female,False,True,False,Mobile,2024-04-13 19:56:28,2025-06-02 07:06:01
4160,Miranda Cantu,ellisonjohn@example.net,27,25-34,Male,True,True,True,Desktop,2022-12-21 19:11:33,2023-10-03 18:54:50
4161,John Ramirez,fbowman@example.org,40,35-44,Male,True,True,False,Desktop,2023-03-24 11:32:51,2024-02-24 12:16:55
4162,Jacob Orr,floydsamantha@example.org,35,25-34,Male,True,True,True,Mobile,2022-11-07 08:38:04,2023-09-13 16:11:14
4163,Julie Brooks,davidlopez@example.net,15,25-34,Female,True,False,True,Desktop,2025-07-21 19:54:14,2025-11-09 19:49:28
4164,Erica Smith,michael17@example.org,29,25-34,Male,True,True,True,Tablet,2022-02-26 13:14:49,2025-02-11 19:38:19
4165,Frank Bradley,joshuafrost@example.com,42,35-44,Female,True,True,True,Tablet,2023-06-16 17:00:10,2024-10-30 09:37:10
4166,Julie Hooper,chelseawright@example.org,8,45-54,Male,True,True,True,Tablet,2023-07-26 22:05:20,2025-08-14 06:57:10
4167,Dale Wiley,nancyrichardson@example.com,21,35-44,Female,True,True,True,Tablet,2024-12-19 12:05:01,2025-09-20 12:57:27
4168,Kimberly Hudson,williamcross@example.org,14,35-44,Male,False,False,True,Desktop,2023-03-15 11:26:23,2025-09-12 16:48:36
4169,Kristin Gallagher,cynthia88@example.org,37,35-44,Male,False,True,True,Desktop,2024-04-11 19:40:21,2025-10-24 01:14:56
4170,Mrs. Teresa Wright,lbryant@example.net,39,35-44,Prefer not to say,True,True,False,Mobile,2024-12-24 17:01:33,2025-09-30 07:16:18
4171,Sarah Jenkins,fsandoval@example.net,23,45-54,Male,True,True,True,Mobile,2025-02-11 08:35:45,2025-09-21 21:55:04
4172,Rachel Webster,joshua50@example.com,34,35-44,Male,True,True,False,Mobile,2025-02-07 18:50:18,2025-11-23 19:44:31
4173,Leonard Dudley,parksandre@example.com,5,25-34,Female,True,True,True,Desktop,2024-09-12 21:15:59,2025-06-14 23:51:20
4174,Brittany Kelly,wblack@example.com,34,18-24,Female,False,True,True,Desktop,2024-05-06 19:32:13,2025-06-27 08:31:35
4175,Megan Rojas,eporter@example.com,9,18-24,Male,True,True,False,Mobile,2023-06-24 03:51:58,2023-07-08 10:33:54
4176,Patricia Hardy,zmartin@example.net,1,18-24,Male,False,True,False,Tablet,2023-09-11 13:27:28,2024-02-25 14:21:21
4177,Rachel Abbott,glambert@example.net,26,55-64,Male,False,True,True,Desktop,2023-03-18 18:52:24,2023-06-16 19:41:14
4178,Ethan Gonzalez,diazjudith@example.com,28,45-54,Male,True,True,True,Desktop,2023-12-02 14:05:22,2023-12-07 20:05:53
4179,Daniel Harvey,arthur70@example.com,17,45-54,Male,True,True,True,Tablet,2024-05-15 15:49:50,2025-02-15 20:10:44
4180,Larry West,chanamanda@example.com,49,25-34,Male,False,True,True,Desktop,2022-04-25 13:23:47,2023-01-02 15:12:03
4181,Alfred Velazquez,hgrimes@example.com,4,18-24,Female,True,True,True,Mobile,2023-06-27 20:38:24,2024-01-31 10:57:46
4182,Patricia Rodriguez,kylewalker@example.org,28,55-64,Male,True,True,True,Desktop,2022-11-10 21:43:21,2024-08-14 22:41:58
4183,Melissa Knight,alyssa06@example.net,31,45-54,Male,True,True,True,Mobile,2023-11-02 14:21:16,2023-11-03 00:14:19
4184,Scott Osborne,hendersonfernando@example.net,23,55-64,Female,True,True,True,Tablet,2022-12-31 20:34:41,2025-09-21 20:26:52
4185,Timothy Wells,wendy59@example.com,17,25-34,Female,True,True,True,Tablet,2023-07-07 11:23:24,2024-05-01 08:23:48
4186,Rachel Roberts,floresjulie@example.net,23,25-34,Male,True,False,True,Mobile,2023-09-21 19:36:15,2024-04-06 18:23:39
4187,Bonnie Rowland,benjamin58@example.net,17,35-44,Male,True,True,True,Tablet,2024-07-25 21:16:28,2025-03-06 03:16:56
4188,Mark Barr,allison23@example.com,47,45-54,Male,True,True,False,Mobile,2024-05-10 23:45:54,2025-02-27 22:04:35
4189,John Hernandez,hernandezshelly@example.org,10,55-64,Female,True,False,False,Tablet,2023-11-09 09:15:32,2024-06-19 16:57:46
4190,John Dodson,bethany16@example.com,9,55-64,Female,True,False,True,Desktop,2025-01-14 09:41:41,2025-02-11 20:14:01
4191,Michael Wilson,cynthia66@example.org,10,45-54,Prefer not to say,True,False,False,Desktop,2022-01-20 10:55:54,2024-09-02 08:17:03
4192,Jessica Pena,williamsmonica@example.com,41,45-54,Female,True,True,False,Desktop,2022-11-20 19:32:33,2023-10-04 11:46:56
4193,Kristen Taylor,kjohnson@example.net,32,25-34,Male,True,True,True,Desktop,2023-04-15 09:57:53,2024-02-02 09:42:11
4194,Lawrence Parker,martinbanks@example.net,8,55-64,Male,True,True,True,Desktop,2024-08-11 09:50:34,2025-11-09 07:56:26
4195,Theresa Knapp,kristinalong@example.net,5,25-34,Female,False,False,True,Mobile,2024-08-31 20:15:47,2025-10-26 16:31:12
4196,Christopher Cox,washingtonalexandria@example.org,11,25-34,Female,True,True,True,Tablet,2022-11-01 12:26:55,2023-09-30 20:07:27
4197,Elizabeth Day,jorgelucas@example.net,48,18-24,Male,True,True,True,Mobile,2022-11-26 18:27:30,2023-02-06 21:25:11
4198,David Lawson,blairjordan@example.org,36,35-44,Male,True,True,False,Mobile,2024-06-01 08:31:25,2025-07-05 18:56:59
4199,Denise Dudley,ksimpson@example.com,10,25-34,Female,True,True,True,Mobile,2024-04-07 18:33:42,2025-11-12 17:29:39
4200,Ashley Kim,fclark@example.org,49,18-24,Female,True,True,True,Desktop,2022-05-27 17:03:01,2022-06-09 20:12:18
4201,James Sullivan,walkerandrew@example.net,21,35-44,Male,True,True,True,Tablet,2025-08-25 14:55:52,2025-10-20 19:04:22
4202,Christopher Davis,garciajohnny@example.com,2,35-44,Male,True,True,True,Mobile,2024-02-03 11:28:05,2024-10-18 20:00:28
4203,Jeffrey Rodriguez,jeffery12@example.com,21,25-34,Male,True,True,True,Mobile,2025-07-21 08:50:54,2025-09-15 11:55:19
4204,Randy Martin,sarah94@example.com,48,45-54,Male,False,True,True,Desktop,2023-07-18 21:23:15,2024-10-01 09:58:47
4205,Justin Wagner,owilson@example.net,19,35-44,Female,True,True,False,Desktop,2023-01-27 19:28:20,2023-03-07 20:38:04
4206,Anna Coleman,gerald14@example.com,24,35-44,Female,True,True,True,Mobile,2022-11-05 14:14:06,2025-03-15 19:30:00
4207,Ryan Baker,woodrussell@example.com,25,55-64,Female,False,False,True,Tablet,2023-09-19 21:51:59,2025-09-21 09:19:23
4208,Mackenzie Greene,srodgers@example.net,41,55-64,Male,True,True,False,Tablet,2025-09-16 19:14:27,2025-11-16 15:15:26
4209,Sara Yates,conleysarah@example.com,9,55-64,Female,False,True,True,Desktop,2025-10-11 21:01:42,2025-10-27 12:12:48
4210,Sandra Taylor,lisamorton@example.com,19,18-24,Female,True,True,True,Mobile,2024-02-20 20:50:01,2024-08-06 09:55:37
4211,Christopher Nolan,asantiago@example.net,22,18-24,Female,True,False,True,Tablet,2022-12-11 10:16:13,2024-02-15 18:50:40
4212,Emily Green,adam26@example.net,9,65+,Male,True,True,True,Tablet,2025-01-26 19:32:30,2025-04-26 08:07:06
4213,Gabriel Peterson,hawkinsdouglas@example.com,24,55-64,Female,False,True,True,Desktop,2022-06-23 19:38:56,2023-09-13 20:02:06
4214,David Martinez,melvin09@example.net,4,45-54,Other,True,False,True,Tablet,2024-10-04 22:31:27,2025-10-02 06:35:48
4215,Lori Mejia,xmorgan@example.com,45,25-34,Male,True,True,False,Mobile,2023-05-07 22:01:00,2025-10-09 21:20:43
4216,Tanner Holland,heidigonzales@example.com,1,65+,Female,True,True,False,Mobile,2025-06-16 20:57:17,2025-09-15 08:15:26
4217,Andrew Beck,tracymayer@example.net,48,45-54,Female,True,True,True,Tablet,2022-04-11 21:22:17,2023-09-18 17:39:40
4218,Jerry Sanchez,cmartinez@example.net,43,18-24,Female,True,True,True,Desktop,2024-12-31 22:38:24,2025-02-21 20:56:39
4219,Gabriela Hunter,carpentermegan@example.com,24,65+,Male,True,True,True,Tablet,2023-08-24 10:44:36,2024-04-25 07:58:53
4220,Nicole Silva,theresaroberts@example.net,34,18-24,Female,True,False,False,Tablet,2024-01-22 23:56:56,2024-11-26 23:26:52
4221,John Walsh,umoore@example.com,24,45-54,Prefer not to say,True,False,True,Mobile,2024-05-04 13:39:24,2025-08-11 10:38:19
4222,Tracey Smith,jerry67@example.net,13,25-34,Female,False,True,True,Mobile,2023-07-27 05:54:37,2024-03-10 13:07:23
4223,Bill Martinez,nancywebb@example.net,44,65+,Female,False,True,False,Tablet,2023-12-03 20:22:27,2025-06-22 19:59:19
4224,Daniel Becker,jaimegarcia@example.com,17,35-44,Female,False,True,False,Mobile,2022-01-21 01:51:19,2023-01-02 23:31:02
4225,Anne Smith,ipowell@example.org,3,55-64,Female,True,True,False,Desktop,2025-01-17 19:36:46,2025-08-25 08:45:18
4226,Sheila Savage,vincentcopeland@example.net,37,18-24,Male,True,True,True,Desktop,2022-08-09 07:58:40,2024-01-09 17:23:12
4227,Cory Rodriguez,kimberly39@example.com,44,65+,Male,False,False,True,Tablet,2025-07-03 20:25:31,2025-10-17 13:01:39
4228,Mr. Brandon Stewart,smithnicholas@example.com,45,65+,Female,True,True,False,Tablet,2024-02-01 21:24:33,2024-04-05 21:02:16
4229,Mike Gomez,randy26@example.net,35,55-64,Male,True,True,False,Tablet,2022-01-18 19:33:37,2023-09-09 23:20:49
4230,Kathleen Fowler,duanemclean@example.com,49,18-24,Male,False,True,True,Tablet,2022-09-02 04:30:01,2023-02-21 08:30:13
4231,Brianna Mullen MD,benderkimberly@example.com,17,35-44,Female,True,True,False,Tablet,2022-05-27 19:33:22,2025-03-06 08:03:29
4232,Joseph Johnson,michelle99@example.com,21,18-24,Male,True,True,False,Mobile,2022-03-02 17:44:41,2023-09-28 07:17:00
4233,Luis Mills,elliottcheryl@example.net,23,25-34,Female,False,True,False,Tablet,2025-07-15 14:02:00,2025-07-17 03:17:32
4234,James Cantu,hooperjason@example.net,47,35-44,Female,True,True,True,Tablet,2023-05-10 08:16:32,2025-08-10 21:00:55
4235,Megan Martin,bobby37@example.org,18,18-24,Male,False,True,False,Tablet,2022-05-11 11:20:53,2023-10-07 11:05:17
4236,Thomas Webster,leealejandro@example.org,13,45-54,Male,True,True,True,Desktop,2022-03-17 16:03:04,2024-10-11 21:03:39
4237,Nancy Myers,eflynn@example.org,11,25-34,Female,True,True,False,Mobile,2022-02-06 07:06:56,2022-04-20 21:32:14
4238,Katherine Palmer,patricia79@example.net,27,65+,Female,True,False,False,Mobile,2024-06-03 22:26:52,2025-12-06 07:07:24
4239,Amy Jackson,amandapreston@example.org,2,18-24,Male,False,True,True,Desktop,2024-09-29 00:04:10,2025-10-06 19:14:44
4240,Chad Chavez,tamaramurphy@example.org,42,55-64,Prefer not to say,True,True,True,Desktop,2022-08-02 18:57:15,2025-03-24 08:35:46
4241,Danielle Sutton,tracy54@example.org,48,35-44,Female,True,True,True,Tablet,2022-06-06 09:57:10,2024-07-08 08:32:01
4242,Eric Greene,dpayne@example.com,47,45-54,Male,False,False,False,Mobile,2024-06-15 23:46:36,2025-03-19 20:00:21
4243,Nancy Adams,arobinson@example.net,22,65+,Female,True,True,True,Desktop,2025-02-12 16:04:27,2025-10-24 16:25:09
4244,Heather Little,deborah45@example.net,38,18-24,Female,True,True,False,Tablet,2025-03-15 10:59:07,2025-05-20 22:53:23
4245,Shannon Porter,ncosta@example.net,6,35-44,Female,False,True,True,Desktop,2022-12-08 19:47:56,2024-06-03 06:21:21
4246,Charles Mccoy,leonkatie@example.net,13,18-24,Male,True,True,False,Tablet,2022-03-17 09:40:20,2022-11-29 08:06:30
4247,David Drake,emily96@example.com,10,45-54,Female,True,True,True,Mobile,2024-09-15 08:34:03,2024-09-16 18:01:57
4248,Andre Tanner,vanessasellers@example.com,41,25-34,Female,False,False,True,Desktop,2022-01-26 18:15:46,2022-04-05 09:02:19
4249,William Pacheco,kbrown@example.org,15,18-24,Male,True,True,True,Mobile,2022-09-17 11:48:55,2025-06-19 11:46:23
4250,Philip Ross,jerrygray@example.com,20,25-34,Male,True,True,False,Tablet,2022-04-19 07:13:04,2023-09-19 09:19:53
4251,Brian Brown,vazquezdavid@example.net,9,45-54,Female,False,True,False,Desktop,2022-03-15 02:54:23,2024-04-06 11:58:39
4252,Amber Farmer,anthony19@example.net,42,35-44,Female,False,False,False,Desktop,2023-02-17 05:19:36,2024-06-10 13:39:59
4253,Faith Wise,danamoore@example.com,5,25-34,Male,True,True,True,Tablet,2022-01-17 12:37:27,2025-05-02 18:19:04
4254,John Reynolds,ian13@example.net,14,35-44,Female,False,True,False,Tablet,2025-10-27 11:10:44,2025-11-13 13:25:12
4255,Timothy Rose,gmendoza@example.org,41,25-34,Male,True,False,False,Desktop,2025-08-15 21:31:20,2025-09-02 05:49:22
4256,Christopher Perkins,michaelgriffin@example.com,24,65+,Female,True,True,True,Tablet,2023-07-10 20:00:46,2024-04-25 09:08:44
4257,Holly Miller,james27@example.net,5,35-44,Male,False,False,True,Tablet,2023-02-07 06:19:14,2024-12-30 08:26:57
4258,Melissa Byrd,frank15@example.net,8,18-24,Prefer not to say,False,True,False,Mobile,2024-05-23 10:56:26,2025-05-10 17:02:31
4259,Susan Middleton,moralesjessica@example.org,38,18-24,Male,True,True,False,Tablet,2023-10-12 07:31:34,2025-10-06 21:08:15
4260,Tyler Davis,francisco41@example.org,12,45-54,Male,False,True,False,Tablet,2022-05-18 12:11:25,2025-11-06 10:13:25
4261,Jackson Torres,egonzales@example.net,18,35-44,Female,True,True,False,Desktop,2023-02-14 11:37:54,2025-05-28 08:04:51
4262,Julie Skinner,christopher06@example.com,32,35-44,Female,True,True,False,Desktop,2025-08-01 18:29:40,2025-09-30 06:56:52
4263,Mary Daniels,ayang@example.org,15,35-44,Female,True,True,True,Desktop,2024-04-15 20:38:16,2024-10-20 08:19:59
4264,Rebecca Fitzpatrick,fandrade@example.com,8,35-44,Male,True,True,True,Desktop,2022-12-22 16:25:50,2025-08-20 23:29:07
4265,Amanda Garcia,shannonpatel@example.org,27,35-44,Female,True,True,True,Mobile,2022-02-10 18:18:52,2022-07-06 13:18:37
4266,Anita Martin,tamiharrison@example.com,34,55-64,Female,True,True,True,Desktop,2024-07-18 19:15:41,2025-04-13 18:06:40
4267,Andre Hudson,kelly26@example.net,41,25-34,Female,True,True,True,Desktop,2023-05-16 07:13:50,2025-07-15 10:40:49
4268,Robert Hernandez,charles64@example.org,4,55-64,Female,True,False,True,Mobile,2022-03-22 17:46:03,2025-07-23 14:28:41
4269,Matthew Hatfield,huffjon@example.com,10,35-44,Other,True,True,True,Tablet,2023-01-15 06:12:06,2025-01-17 20:16:06
4270,Jeffrey Hill,davidfarley@example.org,24,25-34,Female,False,True,False,Mobile,2023-03-20 16:24:28,2024-01-05 19:16:03
4271,Beth Jones,hendersonwilliam@example.com,10,65+,Male,False,True,False,Mobile,2024-06-20 15:18:40,2025-10-18 16:27:20
4272,Linda Bailey,christina34@example.net,2,25-34,Male,True,True,False,Desktop,2022-03-18 13:09:32,2024-02-25 19:50:09
4273,Paul Mitchell,mark31@example.com,44,18-24,Male,True,True,True,Mobile,2023-08-15 04:10:24,2024-05-12 11:45:03
4274,Alexandra Johnson,debbie41@example.org,8,45-54,Male,False,False,True,Mobile,2024-11-18 13:23:02,2025-03-03 05:15:10
4275,Dr. Ashley Walker,danielle31@example.net,26,55-64,Male,True,True,False,Desktop,2024-08-24 06:46:00,2024-12-03 12:22:02
4276,Melinda Fowler,rray@example.net,14,25-34,Female,True,True,False,Mobile,2022-01-17 21:33:16,2023-12-26 09:22:08
4277,Justin Miranda,traceyhill@example.net,32,35-44,Male,True,True,True,Mobile,2023-03-26 20:43:10,2025-04-07 03:36:24
4278,Margaret Freeman,rallen@example.net,21,18-24,Male,True,True,True,Mobile,2024-07-31 07:23:07,2025-06-14 19:53:29
4279,Selena Harrison,eblake@example.org,14,25-34,Male,True,True,False,Mobile,2022-11-08 10:27:22,2025-11-28 09:17:43
4280,Brooke Bean,charlesstokes@example.net,11,18-24,Male,True,False,False,Tablet,2022-05-12 06:43:02,2023-11-23 22:29:10
4281,William Pope,thomasmiller@example.net,35,45-54,Male,True,True,False,Tablet,2023-11-08 17:46:25,2025-08-31 15:18:10
4282,Kenneth West,rojasmichael@example.net,33,45-54,Female,True,True,True,Tablet,2022-06-11 14:55:33,2023-08-05 14:13:57
4283,Heather George,jdorsey@example.net,15,25-34,Other,True,True,True,Desktop,2022-01-30 11:43:59,2024-11-19 17:13:33
4284,Jeanette Wagner,vshah@example.net,41,25-34,Male,True,True,True,Mobile,2022-04-05 09:33:51,2023-03-31 03:41:15
4285,Jeffery Reid,carlsonmichelle@example.org,7,25-34,Female,True,True,True,Mobile,2024-04-27 10:07:59,2025-10-11 22:10:26
4286,Makayla Conrad,fthompson@example.net,20,45-54,Male,True,True,False,Desktop,2025-02-10 08:37:36,2025-09-20 14:08:07
4287,William Shea,longlauren@example.org,28,45-54,Female,False,True,True,Tablet,2024-06-22 15:24:04,2025-10-17 05:39:54
4288,Autumn Zuniga,carrie82@example.org,3,25-34,Female,True,False,True,Mobile,2024-12-02 04:50:16,2025-01-27 08:29:55
4289,James Jimenez,aaron38@example.com,12,65+,Male,True,True,False,Desktop,2022-10-21 10:49:52,2025-10-24 20:15:28
4290,Christopher Stevens,rubiojose@example.org,6,18-24,Female,False,True,True,Mobile,2025-08-12 01:34:48,2025-12-01 21:22:55
4291,Kathleen Thomas,debra37@example.com,49,18-24,Female,True,True,True,Tablet,2023-01-26 08:11:43,2023-07-28 12:38:04
4292,Emily Hernandez,jacob79@example.org,26,35-44,Female,False,True,False,Mobile,2022-09-09 08:29:11,2025-04-01 20:37:04
4293,Jordan Jones,douglas05@example.net,22,55-64,Male,False,True,True,Tablet,2025-06-08 21:15:34,2025-07-27 10:35:28
4294,Courtney Kane,boyerautumn@example.com,24,55-64,Female,True,False,True,Desktop,2022-07-10 15:10:42,2025-10-24 09:58:59
4295,Kathleen Owen,randallpowers@example.org,4,35-44,Female,False,True,True,Tablet,2024-08-22 01:37:35,2025-08-11 09:42:18
4296,Chase Meyer,hendersonerin@example.org,27,35-44,Male,True,True,True,Tablet,2023-11-15 07:53:40,2024-10-30 17:54:24
4297,Brian Keller,allenjared@example.org,10,35-44,Male,True,True,False,Mobile,2022-06-28 11:21:15,2023-01-02 05:03:11
4298,Phillip Williams,richard94@example.net,16,55-64,Male,True,True,True,Desktop,2022-02-11 09:55:00,2023-05-17 18:35:02
4299,Sherri Jackson,mackenziemartinez@example.org,38,25-34,Male,True,True,True,Desktop,2025-03-10 09:52:11,2025-10-23 15:36:14
4300,Rachel Mills,olivia70@example.net,48,55-64,Female,False,True,False,Tablet,2025-04-12 21:20:16,2025-11-21 08:52:26
4301,Ashley Castillo,anna78@example.org,44,35-44,Female,True,True,True,Desktop,2024-03-16 17:32:13,2024-07-26 08:19:01
4302,William Coleman,donaldbanks@example.net,5,45-54,Male,False,True,True,Tablet,2023-11-03 18:06:40,2024-03-12 21:26:58
4303,Jill Watson,charlescole@example.net,26,45-54,Male,False,True,True,Mobile,2022-01-10 17:03:16,2025-12-08 02:13:14
4304,Rachel Brock,gonzalezdana@example.net,15,55-64,Female,False,True,True,Mobile,2023-02-26 09:23:38,2025-02-25 09:24:31
4305,Caleb Walker,seanlambert@example.net,50,18-24,Female,True,True,True,Desktop,2023-09-05 07:20:22,2025-05-13 09:20:03
4306,Emily Johnson,akhan@example.org,45,65+,Female,True,True,True,Desktop,2023-01-08 09:06:05,2023-07-08 19:25:21
4307,Matthew Romero,melissastark@example.net,38,35-44,Female,True,True,True,Desktop,2023-03-25 20:50:20,2023-11-11 21:14:12
4308,Alyssa Peters,annettereese@example.net,20,65+,Male,False,True,True,Mobile,2024-10-09 10:09:41,2025-07-24 17:25:47
4309,Monica Nichols,jolson@example.org,38,45-54,Female,False,True,True,Mobile,2025-10-20 18:29:09,2025-10-23 08:36:07
4310,Colleen Jones,ronald41@example.com,33,25-34,Female,True,True,False,Desktop,2025-09-07 20:59:13,2025-10-28 13:44:42
4311,Patrick Griffin,jamesrobert@example.com,5,65+,Female,False,True,True,Mobile,2025-05-22 18:23:22,2025-11-05 18:48:37
4312,Christy Whitehead,garciakristina@example.org,46,35-44,Female,True,True,True,Tablet,2022-03-27 19:08:12,2025-07-18 11:19:36
4313,Dr. Leslie Rogers MD,tracybarber@example.org,19,45-54,Female,True,True,True,Desktop,2024-10-02 00:17:12,2025-08-03 21:16:09
4314,Marcus Kaufman Jr.,toddwelch@example.org,7,55-64,Female,True,True,False,Tablet,2022-12-24 20:45:57,2023-02-24 09:11:09
4315,Breanna Williams,mitchellsamantha@example.net,44,35-44,Female,True,True,True,Mobile,2022-02-08 20:12:32,2022-06-25 07:46:55
4316,Jeanne Clayton,tbeltran@example.org,47,35-44,Male,False,True,True,Mobile,2022-07-01 03:11:37,2024-02-23 22:34:15
4317,Dana Ward,bruce65@example.org,21,45-54,Female,False,True,False,Mobile,2023-02-22 10:13:47,2024-09-17 22:05:13
4318,Steven Cruz,hweber@example.org,25,25-34,Female,False,True,True,Tablet,2024-03-16 19:04:38,2025-04-07 19:40:04
4319,Steven Chandler,thomas90@example.org,41,45-54,Female,True,True,True,Desktop,2022-02-03 11:16:55,2023-10-31 23:15:59
4320,Thomas Medina,zryan@example.net,35,18-24,Female,True,True,True,Tablet,2023-03-15 16:09:44,2025-11-20 19:02:25
4321,Michael Duarte,hollowayseth@example.com,30,18-24,Female,True,True,True,Tablet,2023-01-04 19:11:59,2023-12-16 16:19:22
4322,Anthony Rosario,rebecca55@example.com,19,35-44,Male,False,True,False,Desktop,2025-10-25 19:32:05,2025-10-26 13:11:23
4323,Richard Williams,zbrewer@example.com,15,35-44,Female,False,True,True,Mobile,2023-11-09 07:13:58,2025-12-04 15:27:07
4324,Tim Johnson,nicoleshields@example.org,49,45-54,Female,True,True,True,Tablet,2024-04-21 11:15:14,2025-04-15 13:01:30
4325,Kimberly Hughes,esmith@example.com,24,65+,Female,True,True,True,Tablet,2023-03-01 09:00:26,2023-04-03 17:58:54
4326,Eric Scott,smithpamela@example.org,29,18-24,Female,True,True,True,Mobile,2025-01-01 10:00:42,2025-04-05 19:39:49
4327,Ian Hanson,nrice@example.com,7,45-54,Female,True,False,True,Tablet,2022-02-01 16:10:39,2024-11-04 08:39:48
4328,Christopher Sullivan,victoria89@example.net,1,55-64,Female,True,True,True,Mobile,2024-10-20 19:35:24,2025-06-02 19:31:16
4329,Eugene Henderson,burchalyssa@example.net,26,55-64,Male,True,True,False,Desktop,2022-07-18 21:28:21,2023-07-04 10:00:16
4330,William Rodriguez,sparkspatrick@example.org,31,25-34,Male,True,True,True,Desktop,2023-10-21 05:38:55,2024-07-07 14:54:24
4331,Autumn Knight,parkerdaniel@example.org,40,25-34,Male,True,True,True,Tablet,2024-08-11 07:08:22,2025-02-10 22:48:03
4332,Patty Scott,esutton@example.com,14,18-24,Female,True,True,False,Desktop,2023-09-07 10:32:48,2025-08-02 16:12:07
4333,Sherry Cardenas,garretthannah@example.org,40,35-44,Female,True,True,True,Tablet,2025-04-13 09:22:34,2025-12-07 19:42:23
4334,Kevin Morales,martinkyle@example.com,10,18-24,Female,True,True,True,Desktop,2024-12-22 11:59:25,2025-02-15 19:42:36
4335,Diana Wheeler,michael89@example.org,30,55-64,Other,True,False,False,Desktop,2022-05-20 08:25:11,2024-03-15 15:06:04
4336,Kimberly Lopez,delacruzmelissa@example.org,24,55-64,Male,True,True,True,Tablet,2022-12-18 18:21:22,2023-11-19 23:38:17
4337,Patrick Becker,mmahoney@example.net,4,45-54,Female,False,True,True,Tablet,2025-04-23 07:16:34,2025-09-19 12:50:51
4338,Erika Andrews,rose48@example.net,40,25-34,Male,True,True,True,Mobile,2022-08-08 09:28:37,2024-07-16 08:53:49
4339,Matthew Cruz,penny39@example.org,3,35-44,Male,True,True,True,Desktop,2025-10-20 21:22:16,2025-10-21 10:55:55
4340,Rebecca Snyder,schneiderthomas@example.org,11,45-54,Female,True,True,False,Mobile,2024-06-20 14:02:19,2024-11-24 02:49:23
4341,Karen Lang,cschaefer@example.net,15,18-24,Male,False,False,True,Tablet,2023-11-01 08:16:58,2025-03-31 13:24:59
4342,Heather Hart,imartinez@example.net,26,45-54,Male,False,False,True,Desktop,2022-03-05 15:04:42,2023-02-10 18:37:01
4343,Jimmy Coleman,smolina@example.net,27,18-24,Female,True,True,True,Mobile,2024-03-10 03:10:52,2024-09-23 20:14:17
4344,Jacob James,david99@example.org,21,18-24,Female,True,True,True,Desktop,2022-04-25 15:36:09,2022-10-02 08:37:09
4345,Sarah Bradford,robert75@example.net,44,55-64,Male,True,True,True,Desktop,2022-06-08 04:50:47,2023-12-19 07:28:16
4346,Jessica Hartman,qwashington@example.com,2,25-34,Other,True,True,False,Desktop,2022-06-13 10:15:30,2024-08-25 16:44:39
4347,John Summers,nelsonmichael@example.com,15,25-34,Female,True,False,True,Tablet,2025-04-12 12:34:18,2025-10-22 09:52:24
4348,Brandy Diaz,terrymichael@example.com,37,65+,Male,True,True,True,Mobile,2025-03-29 21:56:46,2025-07-29 21:21:04
4349,Rachel Holt,stephen52@example.com,26,45-54,Female,True,True,False,Mobile,2022-12-25 10:13:02,2023-10-27 07:50:03
4350,Travis Adams DDS,michael57@example.com,8,65+,Female,False,True,True,Desktop,2023-06-29 08:40:47,2025-01-15 17:55:18
4351,Christine Clayton,teresa05@example.org,3,65+,Female,False,True,True,Mobile,2025-08-11 19:41:14,2025-12-07 22:45:40
4352,Phyllis Jennings,thomasgross@example.org,25,45-54,Female,True,True,False,Mobile,2025-10-30 20:06:40,2025-12-10 21:10:05
4353,Karen Armstrong,tbrown@example.net,8,45-54,Female,False,True,False,Mobile,2024-01-09 16:24:29,2025-05-21 23:42:33
4354,Brooke Keith,bmontoya@example.org,26,65+,Female,False,True,True,Tablet,2024-03-23 08:55:15,2024-09-11 21:35:15
4355,Amanda Fields,tgraham@example.com,23,35-44,Male,True,True,False,Mobile,2023-07-28 20:28:38,2024-07-31 21:15:50
4356,Tonya Brock,james50@example.org,26,25-34,Other,False,True,False,Tablet,2024-01-27 11:58:49,2025-04-12 14:11:33
4357,Brian Kelly,xsimpson@example.com,4,25-34,Male,True,True,True,Tablet,2025-09-05 08:32:44,2025-11-04 09:39:09
4358,Brian Chaney,willisperry@example.net,24,45-54,Male,False,True,True,Mobile,2024-08-10 05:41:01,2024-12-13 18:39:43
4359,Melissa Lang,catherine50@example.org,2,25-34,Female,True,True,True,Desktop,2023-08-23 17:40:50,2024-05-30 22:53:05
4360,John Brown,jaredmendoza@example.org,35,45-54,Female,True,True,True,Tablet,2023-06-28 11:20:52,2023-09-02 09:48:18
4361,Samuel Parker,thomasstacey@example.com,23,45-54,Female,True,True,False,Tablet,2022-01-30 17:10:15,2022-04-29 22:23:35
4362,Ms. Michelle Chang,cindy18@example.org,44,25-34,Female,True,True,True,Mobile,2023-02-24 19:57:44,2023-08-25 21:43:23
4363,Heather Bishop,wilsonheather@example.net,45,35-44,Other,True,True,True,Mobile,2022-05-07 14:03:23,2023-09-18 07:46:52
4364,David Ritter,angelaholder@example.org,9,25-34,Male,False,True,False,Mobile,2025-03-31 19:28:29,2025-07-17 10:39:03
4365,Anne Miller,anthonylopez@example.org,7,45-54,Male,True,True,True,Mobile,2023-01-04 17:01:13,2025-09-14 09:44:17
4366,Dr. Lindsey Cruz,pfrazier@example.net,29,25-34,Male,False,True,True,Mobile,2024-02-27 21:56:38,2025-10-14 13:38:21
4367,Donna Lopez,jenniferhoward@example.net,42,45-54,Male,True,True,True,Desktop,2022-12-22 18:31:48,2023-08-15 17:49:59
4368,Kendra Evans,thomasmendoza@example.com,8,65+,Female,True,True,True,Desktop,2024-11-09 12:27:53,2025-12-13 16:39:11
4369,Nicholas Smith,morganwells@example.org,40,65+,Other,False,True,True,Mobile,2024-05-28 11:56:45,2025-05-19 11:11:40
4370,Dan Jones,michaelrush@example.com,47,35-44,Female,True,True,True,Mobile,2024-08-14 17:46:20,2024-09-21 20:02:37
4371,Larry Ramirez,emma83@example.net,36,65+,Other,True,False,False,Tablet,2023-05-09 20:27:54,2023-10-06 08:28:48
4372,Julia Zimmerman,jessicahobbs@example.net,27,35-44,Female,True,True,False,Desktop,2023-10-14 11:27:58,2024-08-21 10:31:27
4373,Rebecca Wyatt,gramos@example.com,26,35-44,Female,True,False,False,Mobile,2024-03-07 07:26:55,2024-08-27 11:53:03
4374,Tamara Miller,andrew62@example.net,22,35-44,Male,True,True,True,Tablet,2023-11-03 07:37:41,2024-11-21 00:39:08
4375,Emily Davenport,craig57@example.org,50,25-34,Male,False,True,True,Mobile,2023-06-12 15:22:02,2024-12-31 20:34:03
4376,Dustin Baker,stevenscurtis@example.org,3,45-54,Male,True,True,True,Tablet,2022-04-14 15:50:52,2024-03-02 20:32:23
4377,Richard Wright,mcneilhector@example.com,12,18-24,Female,False,True,True,Tablet,2022-07-08 18:01:40,2025-03-08 18:11:21
4378,James Mcbride,anthony93@example.com,9,55-64,Male,True,True,False,Desktop,2023-09-05 19:16:44,2025-10-12 20:56:53
4379,Stephen Ball,mike73@example.org,21,45-54,Male,True,True,True,Tablet,2022-10-20 15:16:37,2022-12-31 21:40:05
4380,Misty Baldwin,mhill@example.org,15,25-34,Female,True,True,False,Tablet,2025-02-10 17:46:34,2025-07-06 10:57:40
4381,Alexis Porter,adamacevedo@example.net,23,65+,Female,True,True,True,Tablet,2025-06-20 18:48:04,2025-09-08 13:22:14
4382,Jill Chavez,marthacastillo@example.net,45,18-24,Female,True,True,True,Mobile,2025-07-29 14:43:20,2025-12-14 07:00:36
4383,Abigail Guerrero,ariel62@example.org,16,25-34,Female,True,True,True,Mobile,2024-07-10 20:07:05,2024-08-22 09:38:27
4384,Brooke Grimes,alexis06@example.org,39,45-54,Female,True,True,False,Desktop,2025-03-03 10:00:18,2025-12-09 18:48:20
4385,Michael Simmons,pbrown@example.com,50,35-44,Male,True,True,True,Desktop,2022-10-19 05:54:45,2024-01-01 11:31:23
4386,Glenn Bowen,maria11@example.net,33,65+,Female,False,True,True,Desktop,2025-04-11 08:01:45,2025-12-09 10:01:43
4387,Tina Morgan,shannonjulie@example.org,12,25-34,Male,True,True,False,Mobile,2024-09-21 11:36:02,2024-10-04 20:35:28
4388,Walter Shannon,jbrown@example.com,49,35-44,Male,False,True,False,Desktop,2024-09-17 17:36:13,2025-06-03 13:53:28
4389,Michele Hill,mbarajas@example.com,43,35-44,Male,True,True,True,Tablet,2023-07-23 18:01:54,2025-06-05 19:05:58
4390,Jonathan Macdonald,ehernandez@example.com,21,65+,Female,True,True,False,Desktop,2023-08-07 09:55:35,2025-08-05 08:54:38
4391,James Green,hughesnancy@example.net,9,55-64,Male,False,True,True,Tablet,2022-01-12 13:03:44,2023-02-07 12:39:54
4392,Phyllis Wolf,melissa18@example.org,2,55-64,Female,True,True,True,Tablet,2024-11-09 19:57:16,2025-05-28 17:27:56
4393,Elizabeth Grant,reyesmiguel@example.net,40,45-54,Male,False,True,True,Mobile,2023-11-29 09:52:04,2024-12-05 18:01:59
4394,Dr. Gary Lozano Jr.,richardrojas@example.com,17,55-64,Female,False,True,True,Desktop,2022-01-30 11:49:30,2022-05-17 08:16:38
4395,Devin Roberts,rebecca42@example.net,45,18-24,Female,False,False,True,Mobile,2025-04-04 11:55:32,2025-06-26 19:17:37
4396,Jared Gibbs,morenobruce@example.com,46,45-54,Male,True,True,True,Tablet,2025-09-23 07:33:05,2025-10-14 18:42:44
4397,Crystal Caldwell,lkrause@example.com,18,18-24,Female,True,True,False,Mobile,2025-04-01 22:13:12,2025-04-17 07:15:10
4398,Jill Carter,bryan98@example.org,16,45-54,Female,False,True,False,Tablet,2023-12-15 08:32:31,2025-09-16 20:26:15
4399,Jill Reyes,gonzalesalex@example.com,33,65+,Male,True,True,True,Tablet,2023-02-17 06:43:11,2025-08-07 08:03:53
4400,Ian Kennedy,caitlinsantos@example.com,50,35-44,Male,True,True,True,Mobile,2024-01-19 09:20:07,2025-10-07 17:32:49
4401,Emily Martinez,ulogan@example.org,2,18-24,Female,True,True,True,Desktop,2023-07-02 20:09:42,2025-04-23 21:39:37
4402,Michael Harrell,katherine18@example.org,50,45-54,Female,True,True,True,Desktop,2022-02-10 20:31:02,2024-01-05 19:34:51
4403,David Hunter,michael61@example.net,4,55-64,Female,True,True,False,Tablet,2022-01-08 15:17:13,2023-10-14 10:14:56
4404,Mr. Jeffrey Anderson,munozerik@example.org,8,25-34,Female,False,True,True,Desktop,2024-05-24 06:14:14,2025-10-30 09:22:33
4405,Autumn Harris,danielmoore@example.org,36,25-34,Male,True,True,False,Mobile,2024-02-13 21:39:59,2024-07-18 19:39:26
4406,Christina Mckay,rbuck@example.net,9,25-34,Male,False,True,True,Tablet,2024-11-08 18:26:10,2025-07-16 04:08:06
4407,Carolyn Townsend,brittany44@example.net,37,18-24,Female,True,True,True,Mobile,2022-03-18 18:42:52,2024-03-03 09:09:53
4408,Nicholas Ferguson,davisemily@example.org,45,65+,Female,True,True,True,Tablet,2023-10-13 07:17:16,2025-09-09 21:24:34
4409,Joseph Perry,heathamber@example.org,38,25-34,Male,False,True,False,Desktop,2023-04-24 06:52:33,2024-05-19 10:37:59
4410,Benjamin Powell,jennifermoss@example.com,49,18-24,Female,False,True,True,Mobile,2023-05-16 08:18:29,2025-07-01 20:42:57
4411,Jacob Rogers,nicole91@example.com,1,65+,Female,True,False,True,Desktop,2024-10-01 13:23:26,2025-04-20 09:16:37
4412,Billy Thornton,tonisullivan@example.com,19,45-54,Male,True,False,False,Tablet,2022-06-22 12:51:23,2023-12-31 15:33:04
4413,Cheryl Chase,andersonmichael@example.com,36,45-54,Female,True,False,True,Tablet,2024-01-28 19:25:19,2024-10-26 12:55:01
4414,Antonio Hernandez,morgan50@example.net,50,35-44,Female,False,True,True,Tablet,2023-12-20 10:04:15,2024-05-04 22:06:14
4415,Derrick Salazar,pweiss@example.net,50,65+,Female,False,True,True,Desktop,2025-10-22 08:31:30,2025-12-10 21:08:47
4416,Suzanne Fields,patricia00@example.net,14,55-64,Female,True,True,True,Mobile,2023-11-28 07:20:48,2024-02-08 23:00:45
4417,Kaylee Gay,melissafischer@example.net,29,25-34,Male,True,True,True,Tablet,2022-01-07 08:55:54,2023-07-21 13:09:02
4418,Jeffrey Perez,mary60@example.net,39,35-44,Female,False,False,True,Desktop,2022-11-20 05:27:15,2022-12-20 08:38:58
4419,Kathleen Johnson,annette37@example.com,41,35-44,Male,False,False,False,Desktop,2024-01-17 08:00:33,2025-05-17 11:33:12
4420,Stephen Madden,julie30@example.com,50,45-54,Female,False,True,True,Tablet,2024-05-22 22:10:05,2024-05-25 16:17:51
4421,Laura Moore,xcoleman@example.org,6,35-44,Female,False,True,True,Tablet,2023-10-20 17:44:37,2024-01-27 16:45:42
4422,Amber Morse,princedavid@example.net,9,55-64,Male,True,True,False,Tablet,2025-10-27 07:52:56,2025-10-27 19:15:18
4423,Erin Olson,weaverhector@example.com,13,25-34,Female,False,True,True,Tablet,2024-02-03 18:20:21,2025-11-11 08:19:12
4424,Gabriel Smith,maxwellwalker@example.org,14,25-34,Male,False,True,False,Mobile,2022-02-04 01:03:53,2022-09-17 21:36:43
4425,Angel Kirby,wilsonmark@example.com,30,25-34,Male,True,True,True,Tablet,2023-06-03 21:39:41,2023-10-10 06:47:48
4426,Jordan Chambers,alexander51@example.org,17,35-44,Male,True,True,True,Mobile,2023-10-17 15:50:42,2023-12-28 15:10:19
4427,Sherry Reid,huntmichael@example.org,35,65+,Male,True,True,True,Mobile,2025-10-07 06:57:10,2025-11-18 11:39:51
4428,Micheal Summers,cgreen@example.com,49,25-34,Male,True,True,False,Desktop,2025-02-23 17:32:53,2025-03-25 20:11:30
4429,Kevin Rocha,javieringram@example.com,35,25-34,Male,False,True,True,Desktop,2024-10-25 11:37:40,2025-03-29 20:22:09
4430,Janet Armstrong,shane87@example.net,7,55-64,Male,True,True,True,Mobile,2023-07-24 07:25:22,2025-01-20 21:03:59
4431,Jacob Rosales,bennettbrett@example.com,15,18-24,Male,False,True,True,Mobile,2022-10-12 13:24:03,2024-07-31 07:55:08
4432,Charles Gallegos,harrisjamie@example.com,31,55-64,Male,False,False,False,Mobile,2022-10-05 02:24:55,2025-05-08 12:34:22
4433,William Jones,patriciaprice@example.com,6,45-54,Female,False,True,True,Desktop,2024-05-11 17:54:51,2024-07-29 13:40:52
4434,Jeffrey Gregory,christophertorres@example.net,5,35-44,Male,True,False,False,Desktop,2025-05-01 09:03:59,2025-08-07 08:11:37
4435,Rebecca Watson,harnold@example.com,3,45-54,Male,False,True,True,Mobile,2025-09-17 20:05:08,2025-11-17 17:33:59
4436,Brian Carter,kristinehickman@example.org,44,25-34,Female,True,True,False,Mobile,2022-02-14 09:01:23,2024-03-15 03:50:29
4437,Sherry Norman,theresamalone@example.org,22,65+,Female,True,True,True,Mobile,2024-01-18 17:20:18,2025-03-23 21:51:25
4438,Christine Hess,dalehudson@example.org,4,25-34,Male,True,True,False,Desktop,2022-10-05 13:05:19,2023-08-29 11:57:38
4439,Michelle Hernandez,greenandrew@example.com,28,35-44,Male,False,True,False,Desktop,2024-12-11 08:59:13,2025-04-09 13:16:27
4440,Tanya Patterson,tanner72@example.com,18,55-64,Prefer not to say,True,True,True,Tablet,2022-12-09 11:31:19,2025-06-16 18:37:00
4441,Nicholas Obrien,gharris@example.org,17,65+,Male,True,True,True,Desktop,2022-03-01 19:44:02,2022-10-08 11:50:27
4442,Mr. Ryan Hampton,jamesandrade@example.org,26,18-24,Female,True,True,True,Desktop,2023-05-15 09:05:39,2025-11-17 20:41:59
4443,Wendy Weaver,steven07@example.com,23,25-34,Male,False,True,True,Mobile,2024-02-29 21:14:04,2024-03-19 07:02:07
4444,Brian Elliott,zfranco@example.com,18,55-64,Male,True,True,False,Mobile,2022-05-19 07:47:40,2024-11-08 19:43:20
4445,Matthew Jones,kstephens@example.com,34,35-44,Female,True,True,True,Tablet,2024-01-08 20:29:39,2025-12-04 23:03:45
4446,Jennifer Sparks,hutchinsonerik@example.net,28,25-34,Male,True,True,True,Tablet,2022-01-16 19:57:22,2023-07-10 23:41:14
4447,Christopher Powers,bmorris@example.com,47,25-34,Male,True,False,False,Desktop,2022-03-07 17:48:45,2024-12-03 14:08:22
4448,Chad Welch,wadechelsea@example.com,33,25-34,Other,False,True,True,Tablet,2024-02-03 09:33:10,2024-03-25 20:20:25
4449,Andrew Brown,josephhardy@example.net,31,65+,Female,True,True,True,Tablet,2025-10-21 21:28:33,2025-11-14 21:55:27
4450,Deanna Odonnell,cpierce@example.com,50,65+,Female,True,True,False,Tablet,2024-02-03 00:54:25,2025-09-04 22:33:43
4451,Jason Flynn,dhardin@example.net,27,35-44,Female,True,True,True,Desktop,2025-06-09 21:43:57,2025-09-17 21:51:18
4452,Daniel Santiago,hendersonroberto@example.net,47,18-24,Female,False,True,True,Desktop,2024-06-06 08:28:57,2025-01-07 07:56:00
4453,Lisa Lane,jeffrey08@example.com,23,35-44,Male,False,True,False,Desktop,2023-08-04 08:04:51,2023-09-21 20:54:31
4454,Jill Thompson,janice37@example.org,27,25-34,Other,True,True,False,Tablet,2024-10-10 06:43:40,2024-10-13 02:18:19
4455,Kelsey Johnson,cookstephanie@example.com,34,65+,Male,False,True,False,Tablet,2022-06-27 09:42:03,2025-01-13 08:31:20
4456,Nicholas Gonzalez,campbellgary@example.org,5,55-64,Female,False,False,True,Tablet,2024-01-27 16:37:17,2025-04-08 04:05:29
4457,Chad Castillo,tammy43@example.org,4,35-44,Male,True,True,False,Mobile,2025-03-22 14:33:16,2025-09-17 12:29:37
4458,Joanna Bowen,bellmichelle@example.com,40,25-34,Male,False,True,True,Desktop,2025-03-14 23:51:36,2025-07-29 20:28:22
4459,Samantha Dorsey,tmeyer@example.com,4,18-24,Female,True,True,True,Tablet,2023-07-26 18:58:41,2023-11-20 20:30:18
4460,Jeremy Phillips,mtaylor@example.net,35,18-24,Male,True,True,True,Desktop,2022-12-21 19:50:25,2023-01-04 11:55:04
4461,Jeffery Welch,rebecca42@example.com,10,45-54,Male,True,True,True,Mobile,2024-09-03 04:31:03,2025-04-30 20:06:00
4462,Christopher White,mcknightfernando@example.net,3,18-24,Other,True,False,True,Mobile,2023-04-13 21:39:02,2025-05-22 10:54:47
4463,Melvin Garcia,damon82@example.com,8,18-24,Male,True,True,False,Mobile,2023-08-11 19:36:12,2025-01-19 20:46:37
4464,Megan Fox,christinalara@example.net,50,65+,Male,True,True,True,Mobile,2024-09-30 04:07:18,2025-11-13 18:05:05
4465,Christopher Lucas,rodney86@example.org,22,35-44,Male,True,True,True,Desktop,2024-07-21 17:16:49,2025-05-27 07:58:37
4466,Mrs. Heather Watson,darlene08@example.com,20,55-64,Female,True,True,True,Desktop,2024-02-27 02:50:09,2025-10-05 20:16:54
4467,Eric Ingram,robertcastillo@example.net,43,65+,Male,True,True,True,Mobile,2022-10-08 21:10:57,2024-11-04 19:54:33
4468,Nicholas Hernandez,sgutierrez@example.com,11,25-34,Other,True,True,True,Desktop,2023-05-27 11:29:22,2025-01-20 18:21:00
4469,Angela Jacobs,knightmercedes@example.org,33,35-44,Female,False,False,True,Mobile,2024-06-09 09:07:42,2024-06-29 14:20:18
4470,Ruben Watkins,kyle43@example.org,9,18-24,Male,True,True,False,Desktop,2022-03-07 01:05:44,2022-07-31 09:51:40
4471,Debra Ross,wacosta@example.net,32,35-44,Female,True,True,False,Desktop,2022-03-18 09:33:56,2023-12-27 08:32:47
4472,Matthew White,matthewleonard@example.net,27,25-34,Male,False,True,True,Tablet,2024-08-24 18:14:02,2025-09-12 19:58:24
4473,Samantha Brown,ericjenkins@example.com,20,55-64,Female,False,True,True,Tablet,2023-12-10 08:50:45,2025-09-27 18:27:41
4474,Stephen Williams,ibrown@example.net,17,65+,Other,True,True,False,Desktop,2023-06-07 14:26:19,2025-05-20 20:38:20
4475,Bruce Simpson,elizabethking@example.net,41,35-44,Male,True,True,False,Mobile,2024-07-23 10:29:45,2025-08-10 22:15:44
4476,Derrick Hernandez,ymcknight@example.com,14,18-24,Female,True,True,True,Desktop,2022-07-25 18:11:33,2022-09-04 21:29:49
4477,Pamela Gutierrez,samanthanunez@example.com,20,45-54,Female,True,True,True,Tablet,2022-12-10 10:46:34,2025-06-13 18:08:31
4478,Jonathan Henry,christopher60@example.org,2,25-34,Male,True,True,True,Tablet,2022-03-27 10:03:12,2023-06-04 21:01:46
4479,Cheryl Roberson,mcooper@example.net,14,18-24,Male,False,True,True,Desktop,2023-12-13 10:57:58,2025-05-09 08:35:11
4480,Timothy Lopez,jennifer55@example.org,49,35-44,Other,False,True,False,Tablet,2025-06-13 11:32:51,2025-09-12 08:08:49
4481,Sara Martin,brandonatkins@example.com,15,55-64,Female,True,True,False,Desktop,2025-09-08 11:38:57,2025-12-11 18:42:00
4482,Thomas Sanchez,carriesimpson@example.net,44,35-44,Other,True,True,True,Mobile,2025-07-16 18:04:50,2025-08-26 18:57:23
4483,Darren Robbins,brittanyparker@example.net,10,25-34,Male,True,True,True,Desktop,2023-01-26 11:49:33,2024-12-04 07:24:53
4484,Kathleen Schneider,natalie04@example.com,37,45-54,Male,False,True,True,Mobile,2023-10-01 17:56:46,2024-09-10 21:21:02
4485,Pamela Ball,yhernandez@example.net,49,18-24,Female,True,True,False,Tablet,2025-08-12 11:28:52,2025-08-28 19:48:50
4486,Ashley Pope,yhayes@example.net,19,25-34,Male,True,True,False,Tablet,2025-01-31 20:03:01,2025-04-08 18:54:16
4487,Jessica Carter,christinamartin@example.net,27,45-54,Female,False,True,True,Mobile,2025-05-02 11:25:36,2025-05-06 09:28:41
4488,Bryan Shaw,wkelly@example.net,15,45-54,Male,True,True,True,Desktop,2022-12-13 22:55:25,2024-02-02 20:26:47
4489,Sharon White,smithdawn@example.com,31,65+,Male,True,False,True,Tablet,2023-10-20 09:38:32,2025-06-20 21:56:55
4490,Samuel Rice,jeremy56@example.com,43,65+,Male,True,True,False,Tablet,2024-02-28 21:08:37,2025-03-06 09:50:24
4491,Courtney Harris MD,morantanner@example.org,5,35-44,Male,False,True,False,Desktop,2025-09-06 19:53:57,2025-11-10 19:55:47
4492,Cindy Case,brittanybishop@example.com,31,25-34,Female,True,True,True,Tablet,2023-12-21 21:55:03,2024-01-04 11:18:42
4493,Rachel Hendricks,christine73@example.net,22,55-64,Male,True,False,True,Mobile,2022-11-30 22:30:51,2025-10-01 20:41:19
4494,Angel Garcia,whitekyle@example.org,47,45-54,Male,True,True,True,Tablet,2024-10-15 22:18:21,2024-12-06 10:18:01
4495,David Tate,katrinareid@example.com,29,35-44,Female,True,True,False,Mobile,2022-05-13 18:07:07,2024-09-24 20:53:30
4496,Jill Howell,littlesarah@example.com,9,65+,Male,True,True,True,Desktop,2022-03-14 19:28:45,2022-06-01 18:24:24
4497,Timothy Reeves,davidcook@example.org,48,45-54,Female,True,True,False,Tablet,2024-07-24 20:59:59,2024-10-26 19:00:02
4498,Amy Rodgers,olsonchristy@example.net,45,25-34,Female,True,True,True,Desktop,2022-01-05 10:42:11,2025-01-16 21:23:25
4499,Kelly Simpson,frank39@example.net,3,18-24,Prefer not to say,False,True,True,Mobile,2025-03-31 08:23:33,2025-06-01 19:31:51
4500,Keith Rodriguez,michael41@example.net,10,55-64,Female,True,True,True,Desktop,2024-05-19 15:42:13,2025-09-11 11:12:26
4501,Jonathon Cox,alisonross@example.org,31,18-24,Female,True,False,False,Mobile,2025-02-02 17:19:14,2025-07-24 16:56:35
4502,Thomas Garcia,gabriel47@example.net,4,65+,Female,True,False,False,Mobile,2024-11-04 11:44:42,2024-11-11 15:37:05
4503,Heather Rivera,jamesharris@example.net,28,55-64,Male,False,False,True,Mobile,2025-03-08 11:10:46,2025-12-13 21:13:39
4504,Ricky Lewis,lisa56@example.org,43,35-44,Female,True,True,False,Desktop,2023-09-16 00:38:39,2025-10-27 08:35:26
4505,John Ward,thomasleah@example.org,9,18-24,Female,False,True,True,Desktop,2024-05-12 15:06:20,2025-01-13 09:42:28
4506,Elizabeth Bishop,pamela87@example.org,47,35-44,Other,False,True,True,Desktop,2025-01-04 12:37:06,2025-03-04 19:41:08
4507,Terri Perez,baxterkristen@example.org,7,45-54,Male,True,True,False,Desktop,2024-12-11 10:26:18,2025-04-19 20:15:13
4508,Daniel Crawford,nandersen@example.org,7,35-44,Male,True,True,False,Desktop,2022-05-14 10:01:10,2024-11-16 12:53:08
4509,Samantha Jackson,ymitchell@example.com,21,55-64,Male,True,True,True,Mobile,2024-10-18 09:14:43,2025-05-03 12:07:35
4510,Megan Alvarez,christopherburgess@example.com,16,55-64,Female,True,True,True,Desktop,2024-12-19 08:57:03,2025-02-21 20:47:51
4511,Kimberly Anderson,wallacesean@example.org,1,35-44,Male,True,True,False,Desktop,2022-08-17 19:17:19,2023-06-29 21:12:01
4512,Danielle Franklin,wheeleranne@example.net,19,55-64,Female,False,True,False,Tablet,2024-10-22 19:30:58,2025-03-01 10:41:56
4513,Valerie Hines,qthompson@example.net,24,25-34,Female,False,True,True,Desktop,2023-01-13 08:25:15,2025-11-12 08:11:56
4514,Theresa Moran,katiegriffin@example.net,26,55-64,Male,True,True,False,Mobile,2022-10-11 13:22:29,2023-08-29 19:52:24
4515,Crystal Fields,adam70@example.com,37,45-54,Male,True,True,True,Mobile,2022-04-15 13:24:27,2023-08-03 12:59:24
4516,Brandon Velez,pacechristopher@example.net,48,25-34,Male,False,True,False,Tablet,2024-07-31 22:26:32,2025-10-23 18:23:22
4517,Henry Garcia,maria56@example.com,49,55-64,Male,True,True,False,Desktop,2023-08-31 19:04:11,2023-12-18 18:00:43
4518,James Stevens,fhogan@example.net,5,35-44,Female,True,True,True,Tablet,2025-08-23 17:49:24,2025-08-31 05:00:56
4519,Zachary Mack,archerphilip@example.com,44,35-44,Female,True,True,True,Tablet,2023-04-11 09:56:35,2025-03-12 07:13:45
4520,Jacob Richard,dcox@example.org,31,55-64,Male,True,True,False,Mobile,2023-04-24 20:35:53,2024-04-23 21:39:34
4521,William Miller,morganryan@example.com,33,18-24,Female,False,True,True,Mobile,2024-10-11 13:23:29,2025-06-20 12:00:06
4522,Brittany Sanchez,patricia62@example.org,9,45-54,Female,True,True,False,Desktop,2024-05-09 07:08:19,2025-08-15 17:05:21
4523,Jason Davis,vsampson@example.org,13,18-24,Male,True,True,False,Tablet,2023-03-11 21:21:50,2024-07-13 20:31:31
4524,Russell Smith,kimberlyrusso@example.org,32,45-54,Male,True,True,True,Mobile,2025-04-03 09:15:20,2025-11-18 07:50:47
4525,Joseph Reid PhD,bethbrown@example.net,34,55-64,Male,False,True,False,Mobile,2024-01-30 22:27:42,2024-01-30 11:05:55
4526,Anthony Rodriguez,reynoldsdavid@example.net,50,25-34,Female,True,True,True,Tablet,2025-01-28 11:38:07,2025-05-29 13:30:06
4527,Amy Johnston,david79@example.net,2,25-34,Male,True,True,False,Desktop,2022-03-18 23:12:18,2023-10-31 07:50:21
4528,Megan Garcia,robert09@example.net,48,25-34,Female,True,True,True,Tablet,2025-04-10 20:32:28,2025-08-04 10:19:41
4529,Luis Wilcox,edwardroy@example.net,12,18-24,Male,True,True,True,Desktop,2023-06-26 20:54:31,2023-08-08 09:35:42
4530,Kimberly Collins,kchavez@example.net,4,25-34,Male,True,True,False,Desktop,2022-11-03 22:17:52,2024-06-08 05:49:22
4531,Daniel Bailey,vandersen@example.com,40,35-44,Male,False,True,False,Desktop,2023-12-13 05:45:42,2024-12-16 12:44:26
4532,William Knapp,sheilayoung@example.org,22,45-54,Female,True,True,False,Tablet,2024-01-23 14:31:05,2024-11-16 09:05:10
4533,Dawn Olsen,allen33@example.com,50,35-44,Female,True,True,False,Desktop,2024-03-08 09:55:53,2024-12-17 06:27:23
4534,Ana Murphy,hhubbard@example.org,50,18-24,Male,True,True,True,Tablet,2023-09-25 12:24:23,2024-01-25 12:10:45
4535,Catherine Carter,mparker@example.net,17,25-34,Male,False,False,False,Desktop,2023-01-23 09:24:28,2024-08-11 21:31:29
4536,Margaret Cole,dconner@example.net,8,35-44,Prefer not to say,True,True,False,Desktop,2025-03-06 08:30:57,2025-10-18 08:49:48
4537,Rachel Guerrero,rebecca63@example.com,12,35-44,Female,False,True,False,Mobile,2023-01-25 03:47:15,2024-11-30 11:48:32
4538,Stephen Gallegos,diazwilliam@example.org,28,25-34,Male,True,True,False,Tablet,2025-10-07 20:58:03,2025-10-12 09:42:00
4539,Allison Hill,twheeler@example.com,42,45-54,Female,True,True,False,Tablet,2024-09-19 22:30:32,2025-03-10 20:31:45
4540,Randy Fleming,murphycassidy@example.org,45,35-44,Male,True,True,True,Tablet,2024-10-23 19:31:39,2025-02-17 19:22:29
4541,Justin Davis PhD,deangina@example.com,25,35-44,Female,True,True,False,Desktop,2024-05-12 20:26:04,2025-10-22 18:39:03
4542,Marcus Anthony,dbernard@example.net,50,45-54,Male,True,True,True,Desktop,2025-01-09 07:34:55,2025-07-09 18:54:46
4543,Tyrone Carter,pattersondanielle@example.net,37,35-44,Male,True,True,True,Desktop,2023-08-15 11:54:27,2025-10-09 16:42:38
4544,Melinda Conley,frank06@example.com,17,18-24,Male,True,True,False,Desktop,2023-06-28 05:14:03,2023-09-28 21:58:08
4545,Joseph Irwin,joshuagregory@example.com,37,25-34,Male,True,True,False,Tablet,2022-03-12 20:51:14,2025-11-02 09:11:53
4546,Leah Park,athompson@example.org,41,45-54,Male,False,True,True,Desktop,2024-05-21 12:44:04,2025-02-19 23:34:17
4547,Paul Meyer,wdavis@example.net,45,45-54,Male,True,True,False,Mobile,2022-11-19 09:27:34,2023-06-28 13:04:09
4548,Melissa Bishop,pbarnes@example.org,47,25-34,Female,True,True,False,Tablet,2024-02-21 10:40:20,2024-12-05 12:04:17
4549,Sharon Randolph,wendyjones@example.net,42,35-44,Female,False,True,False,Mobile,2024-05-03 18:43:56,2025-04-16 10:52:53
4550,Rhonda Hall,sarah22@example.com,37,65+,Male,False,True,True,Mobile,2022-02-23 21:58:03,2022-03-08 03:49:21
4551,Amy Murphy,melissa26@example.net,12,55-64,Female,False,True,True,Tablet,2025-07-10 23:28:02,2025-09-24 08:45:16
4552,Natalie Baker,jonathan21@example.org,33,35-44,Female,False,True,True,Desktop,2022-08-30 08:04:18,2024-09-10 21:28:07
4553,Matthew Morgan,xguzman@example.org,47,45-54,Male,True,False,True,Mobile,2024-01-02 20:30:38,2024-01-04 21:42:52
4554,Christine Gardner,toni32@example.org,35,45-54,Male,True,True,True,Desktop,2024-07-29 03:06:31,2025-01-31 07:57:17
4555,Lisa Allen,kflores@example.com,16,18-24,Male,True,True,False,Desktop,2023-10-21 23:46:59,2023-10-31 14:36:26
4556,Donald King,codyharris@example.com,42,65+,Male,True,True,True,Desktop,2022-07-29 17:52:05,2025-11-21 18:26:44
4557,Jessica Hahn,andreahenry@example.org,45,35-44,Female,True,True,False,Desktop,2025-01-20 11:03:27,2025-06-27 10:44:34
4558,Shannon Nguyen,jennifer04@example.net,30,18-24,Male,True,False,False,Tablet,2023-06-07 15:44:48,2023-06-18 14:06:43
4559,Scott Weaver,vlopez@example.com,31,18-24,Female,False,True,True,Mobile,2022-08-27 21:50:05,2025-08-07 14:46:47
4560,Sharon Curry,mirandanancy@example.org,18,25-34,Male,True,True,False,Mobile,2023-12-31 18:36:55,2025-06-18 12:10:47
4561,Julie Robinson,millsmichael@example.net,41,45-54,Male,False,True,False,Desktop,2024-05-31 19:00:14,2024-12-20 17:31:32
4562,Perry Giles,stantonvictoria@example.com,35,35-44,Female,False,True,False,Desktop,2022-07-06 20:19:47,2024-11-02 18:42:48
4563,Samuel Fields,xburgess@example.org,14,45-54,Male,True,False,True,Desktop,2025-04-03 19:38:45,2025-04-19 09:11:00
4564,Shelly Pineda,vwoods@example.com,32,35-44,Female,True,True,False,Desktop,2025-03-14 02:43:13,2025-10-11 14:23:47
4565,Jennifer Fitzgerald,youngscott@example.net,27,25-34,Male,True,True,True,Desktop,2025-04-05 21:13:00,2025-08-21 17:16:47
4566,Shannon Vaughn,john28@example.net,27,25-34,Female,True,True,False,Tablet,2024-04-02 23:23:01,2025-01-20 09:08:10
4567,Michele Pena,traceymelton@example.com,42,35-44,Male,False,True,False,Desktop,2024-02-10 10:57:20,2025-12-12 11:47:41
4568,Helen Lee,yconner@example.com,1,25-34,Female,False,False,True,Mobile,2025-01-25 09:51:42,2025-05-11 09:28:27
4569,Garrett Reyes,ericweaver@example.net,46,35-44,Female,True,True,False,Mobile,2025-02-02 06:09:16,2025-05-17 11:49:54
4570,David Adams,briannamcdaniel@example.com,43,55-64,Female,True,True,True,Mobile,2022-10-15 18:53:24,2023-09-04 18:38:15
4571,Justin Khan,uwilliams@example.com,28,35-44,Male,False,True,True,Tablet,2022-06-20 09:12:46,2024-04-09 08:28:52
4572,Kyle Morgan,beandiane@example.net,47,35-44,Female,False,True,True,Mobile,2024-03-08 08:32:07,2025-08-05 22:13:35
4573,Andrea Thomas,ssmith@example.org,46,45-54,Male,True,True,False,Desktop,2022-10-07 09:02:31,2025-01-23 20:40:38
4574,Robert Christensen II,cynthiaward@example.net,17,65+,Female,True,True,True,Desktop,2023-11-10 07:37:38,2024-08-21 15:24:33
4575,Susan Stewart,parkspatrick@example.com,4,35-44,Male,False,True,False,Desktop,2023-04-11 08:58:53,2025-10-30 20:46:22
4576,Joseph Mendez,byrdsherry@example.net,30,45-54,Male,False,False,False,Tablet,2022-04-13 08:05:57,2023-01-25 05:25:28
4577,Andre Jones,stevensjustin@example.net,39,18-24,Female,True,False,True,Tablet,2024-11-28 19:44:38,2025-06-14 15:34:04
4578,Allison Deleon,gdixon@example.net,32,25-34,Female,True,True,True,Mobile,2022-09-02 21:14:13,2025-10-26 04:13:44
4579,Debbie Carrillo,leahfreeman@example.org,31,35-44,Male,True,True,False,Mobile,2023-04-12 19:15:09,2024-10-09 09:35:44
4580,Michelle Snyder,nnash@example.net,10,35-44,Male,True,True,True,Desktop,2025-03-21 18:52:26,2025-05-06 19:05:13
4581,Michelle Jones,owenjesse@example.com,49,18-24,Male,True,True,True,Mobile,2024-12-29 14:54:13,2025-03-17 17:22:30
4582,Julie Schmitt,susan68@example.net,42,45-54,Male,False,True,True,Tablet,2024-09-04 16:43:45,2024-09-25 10:14:32
4583,Kristi Yu,cochranmelanie@example.com,45,35-44,Female,False,True,False,Desktop,2025-01-06 20:58:32,2025-03-07 12:57:43
4584,Troy Macdonald,martineztamara@example.com,2,25-34,Female,False,True,True,Desktop,2023-01-26 19:59:20,2023-07-20 05:17:39
4585,Daniel Anderson,danieljones@example.net,25,55-64,Female,True,True,True,Tablet,2024-05-16 09:53:18,2025-01-25 22:20:15
4586,Christopher Sanchez,troyedwards@example.net,11,18-24,Male,False,True,False,Desktop,2022-06-08 21:38:40,2025-03-15 14:09:09
4587,Lisa Jackson,qrobinson@example.org,9,35-44,Male,True,True,False,Tablet,2024-02-11 22:15:02,2025-09-20 01:31:00
4588,Shawn Davis,smithmaurice@example.org,35,45-54,Female,True,True,False,Desktop,2023-06-18 14:57:44,2023-10-14 13:36:15
4589,Andrea Guzman,katherinebrown@example.com,5,25-34,Female,True,True,True,Mobile,2025-07-30 18:43:00,2025-08-01 07:27:33
4590,Matthew Jones,lfriedman@example.org,23,25-34,Female,True,True,False,Tablet,2025-04-28 12:54:49,2025-06-06 21:43:05
4591,Sarah Wall,adam46@example.net,28,25-34,Male,True,True,False,Tablet,2025-04-04 08:09:55,2025-09-17 09:20:22
4592,Jamie Walls,fthomas@example.org,37,35-44,Female,False,True,True,Mobile,2023-06-27 10:49:05,2025-08-15 08:51:49
4593,Michael Duncan,hamiltonmegan@example.org,21,35-44,Male,True,True,False,Desktop,2022-02-20 22:15:35,2024-12-21 07:27:37
4594,David Clark,rodriguezrichard@example.org,14,35-44,Male,False,True,True,Desktop,2024-08-23 17:45:04,2025-10-22 01:27:52
4595,Erik Bass,nicholas17@example.org,30,55-64,Prefer not to say,True,True,True,Tablet,2023-08-13 10:45:51,2024-05-17 15:07:04
4596,Rhonda Meza,clarkdiane@example.org,34,35-44,Female,False,True,True,Mobile,2022-02-19 08:17:20,2025-07-20 08:28:56
4597,Sean Willis,kellysmith@example.com,10,18-24,Male,True,False,True,Mobile,2024-04-07 00:41:11,2025-01-05 17:03:23
4598,Mark Barnes,john90@example.org,17,45-54,Female,False,True,True,Desktop,2022-05-11 19:36:06,2025-05-22 08:26:03
4599,Dr. Heidi Ramirez,cassidychapman@example.net,1,35-44,Male,False,True,True,Desktop,2025-01-17 18:35:04,2025-04-01 16:17:17
4600,Elizabeth Myers,cfreeman@example.org,4,45-54,Male,True,True,True,Desktop,2022-01-28 13:39:49,2022-02-13 09:31:41
4601,Bryan Myers,hannakimberly@example.org,47,18-24,Male,False,True,False,Desktop,2024-09-25 12:09:14,2025-04-05 03:50:59
4602,Jacqueline Wilkinson,paul42@example.org,9,55-64,Female,True,True,False,Mobile,2024-03-18 18:55:06,2025-07-20 11:54:06
4603,Linda Taylor,aaronbrooks@example.com,4,55-64,Female,True,True,True,Tablet,2022-05-17 12:40:23,2022-10-02 21:27:53
4604,Adriana Manning,yorkkathy@example.org,32,35-44,Female,False,True,False,Mobile,2022-05-28 21:41:23,2024-04-04 19:27:21
4605,Natalie Buckley,dbriggs@example.com,30,25-34,Female,True,True,True,Mobile,2023-10-01 17:59:38,2024-07-03 10:17:14
4606,Brandon Myers,dorothynunez@example.net,25,55-64,Male,True,True,True,Desktop,2024-06-05 06:50:49,2025-08-26 20:46:59
4607,Larry Reynolds,vmedina@example.net,17,45-54,Male,True,True,True,Mobile,2024-05-27 15:58:48,2024-11-03 20:19:11
4608,Dr. Adam Beasley III,bmiller@example.org,32,35-44,Prefer not to say,False,True,True,Mobile,2024-02-20 07:41:26,2025-07-07 20:08:15
4609,John Goodwin,kingkristen@example.net,11,25-34,Female,False,True,True,Mobile,2023-06-21 00:57:34,2025-02-21 09:16:23
4610,Michael Perkins,vpace@example.org,41,25-34,Male,True,False,False,Desktop,2025-09-10 20:47:56,2025-12-01 08:28:16
4611,Heather Krueger,williamscourtney@example.org,36,18-24,Male,True,True,False,Tablet,2022-04-01 12:34:02,2023-05-07 19:21:58
4612,John Dickson,qpruitt@example.org,4,65+,Female,True,True,False,Tablet,2025-10-03 19:34:07,2025-11-24 10:53:23
4613,Christina Soto,finleychelsey@example.net,4,65+,Male,False,True,True,Tablet,2025-02-09 20:21:29,2025-09-09 16:35:40
4614,Matthew Wilson,cortega@example.org,8,25-34,Female,True,True,True,Desktop,2023-12-30 21:51:18,2024-04-22 21:33:55
4615,Edward Vasquez,lsmith@example.com,22,25-34,Male,True,False,True,Desktop,2022-07-31 10:26:05,2023-04-01 21:42:38
4616,Mary Miller,julia76@example.org,36,25-34,Female,True,True,False,Tablet,2022-08-26 12:09:58,2023-09-19 12:27:34
4617,Hannah Howe,rwood@example.org,28,25-34,Female,True,True,True,Mobile,2025-10-22 19:14:31,2025-11-20 22:31:27
4618,Lisa Bell,angela81@example.com,36,18-24,Male,True,True,True,Desktop,2022-05-15 10:59:49,2023-04-03 20:14:57
4619,Lisa Sullivan,johnsonsally@example.net,25,55-64,Female,True,True,True,Mobile,2022-09-20 18:06:33,2023-05-19 18:06:19
4620,Vanessa Hamilton,taylorbruce@example.com,6,45-54,Male,False,True,True,Mobile,2022-08-17 18:48:13,2024-07-28 09:42:23
4621,Tommy Mendoza,steven56@example.org,31,25-34,Male,False,True,True,Mobile,2023-02-03 22:57:00,2023-11-20 08:32:18
4622,Harry Garner,banksyolanda@example.com,8,35-44,Male,True,False,True,Mobile,2023-04-08 19:14:49,2023-05-24 18:51:47
4623,Lauren Moore,landrade@example.net,18,45-54,Male,True,True,False,Tablet,2022-12-13 21:22:33,2025-11-27 16:42:33
4624,Charles Cooper,kathy14@example.org,2,55-64,Male,True,True,True,Tablet,2025-05-21 15:00:33,2025-09-05 13:28:17
4625,Gavin Smith,sheilachambers@example.net,4,25-34,Female,True,True,True,Mobile,2024-01-10 14:26:21,2025-09-06 13:37:36
4626,Autumn Farmer,callahananna@example.net,5,35-44,Female,True,True,False,Tablet,2024-01-28 07:02:38,2024-11-04 10:21:20
4627,Christine Jacobs,hornmatthew@example.org,28,55-64,Male,True,False,False,Desktop,2022-02-19 22:15:19,2023-06-20 16:00:04
4628,Morgan Weaver,perezrachel@example.com,16,35-44,Other,False,True,False,Desktop,2025-09-20 09:58:07,2025-11-01 10:20:13
4629,Julie Morales,heatherpitts@example.net,44,65+,Prefer not to say,True,True,True,Desktop,2022-01-26 18:17:27,2024-12-07 22:06:24
4630,Adam Burns,laneaustin@example.com,13,25-34,Female,True,True,True,Mobile,2025-04-25 21:33:17,2025-05-23 00:39:05
4631,Elizabeth Mayer,angel69@example.org,23,18-24,Female,True,True,False,Desktop,2025-09-30 17:30:41,2025-10-22 07:19:57
4632,Jeffrey Clark,john55@example.com,25,35-44,Female,True,True,True,Mobile,2025-05-29 10:49:12,2025-07-17 16:54:13
4633,Julia Martin,awhite@example.org,34,35-44,Male,False,True,True,Desktop,2023-11-24 20:33:03,2025-02-23 16:15:57
4634,Dennis Perez,leemichelle@example.net,39,18-24,Female,False,True,True,Desktop,2022-08-18 19:12:41,2024-03-18 21:52:38
4635,Jason Hubbard,bradshawjoseph@example.net,1,25-34,Female,True,True,True,Mobile,2022-04-21 10:15:01,2024-09-26 18:24:42
4636,Jennifer Pearson,edwardray@example.net,32,45-54,Male,False,True,False,Mobile,2022-11-23 20:30:14,2023-06-24 09:01:11
4637,Margaret Goodman,cantulisa@example.net,21,18-24,Female,True,True,False,Desktop,2023-09-14 08:50:31,2025-07-12 09:27:39
4638,Caitlin Adams,ronaldallen@example.com,10,25-34,Female,True,True,True,Mobile,2022-05-02 17:16:29,2022-09-15 09:13:20
4639,Andrew Robinson,foxjose@example.com,30,55-64,Female,False,True,False,Desktop,2024-10-16 22:52:48,2025-01-15 10:13:36
4640,Michelle Ballard,robertjones@example.net,41,25-34,Male,True,True,False,Mobile,2022-04-16 20:37:27,2023-07-21 10:26:03
4641,Carolyn Wallace,steven73@example.net,42,45-54,Male,False,True,False,Tablet,2025-10-29 13:56:00,2025-11-19 19:05:16
4642,Erica Bailey,cpitts@example.org,20,45-54,Other,False,True,True,Desktop,2023-04-26 18:05:44,2023-08-20 09:23:26
4643,Joseph Vargas,epowell@example.net,35,45-54,Female,True,True,True,Desktop,2022-03-31 21:11:27,2022-08-10 04:26:08
4644,Kelly Munoz,anawilliams@example.com,39,25-34,Female,True,False,True,Mobile,2024-10-12 21:38:58,2024-10-17 18:34:41
4645,Whitney Garcia,rachel08@example.net,12,35-44,Female,True,True,True,Mobile,2024-02-05 10:41:30,2024-10-10 09:31:20
4646,Deborah Jones,potteremily@example.com,43,25-34,Male,True,True,True,Desktop,2025-09-16 15:49:51,2025-12-05 15:56:39
4647,Kristi Casey,njones@example.com,11,18-24,Male,True,True,False,Tablet,2023-02-02 20:03:13,2024-03-29 06:00:05
4648,Kimberly Robinson,fdavenport@example.com,17,25-34,Male,False,True,False,Desktop,2024-08-26 14:50:13,2024-09-11 18:43:50
4649,Cheryl Bartlett,bridgetharris@example.net,37,35-44,Female,True,True,True,Mobile,2024-02-29 19:48:21,2025-05-25 20:29:18
4650,Daryl Parsons,joshuarodriguez@example.org,14,18-24,Female,False,True,False,Desktop,2025-10-24 17:08:23,2025-11-08 08:55:18
4651,Cody Woods,gpeters@example.org,19,55-64,Male,False,False,True,Tablet,2023-07-17 08:04:22,2024-09-21 06:12:43
4652,Carlos Hale,xpacheco@example.net,48,25-34,Male,True,True,True,Mobile,2025-05-13 19:40:36,2025-11-28 20:47:09
4653,Daniel Riley,haley83@example.org,14,55-64,Male,False,True,True,Desktop,2022-05-25 01:02:42,2022-08-30 21:02:51
4654,Arthur Williams,johncollins@example.net,39,35-44,Male,True,True,True,Desktop,2025-07-28 22:06:11,2025-08-09 07:52:26
4655,Christopher Snyder,kennedyrobert@example.net,9,35-44,Prefer not to say,True,True,True,Desktop,2023-10-25 23:59:10,2024-12-05 12:14:40
4656,George Johnson,butleramanda@example.org,40,25-34,Female,True,True,False,Mobile,2024-08-17 07:41:02,2025-05-01 09:07:53
4657,Mark Guzman,rebecca93@example.org,12,35-44,Male,True,True,False,Mobile,2024-01-13 19:40:22,2025-04-26 20:06:13
4658,Rebecca Cobb,hillashley@example.org,14,25-34,Male,False,True,True,Desktop,2024-12-23 10:50:17,2025-11-06 12:43:02
4659,Leslie Daniel,staceyparsons@example.org,36,18-24,Male,True,True,False,Tablet,2024-04-10 13:36:29,2024-09-07 09:12:45
4660,Jennifer Heath,petersonlauren@example.net,1,55-64,Female,True,True,False,Tablet,2023-09-06 19:27:40,2025-02-12 20:40:24
4661,Wyatt Roth,bjimenez@example.org,33,45-54,Male,False,True,False,Desktop,2025-03-09 09:39:39,2025-10-14 20:34:27
4662,Zachary Hill DVM,annacowan@example.com,14,45-54,Female,False,False,True,Tablet,2024-08-08 15:36:25,2024-12-24 17:38:36
4663,Dr. Amanda Hoffman,janderson@example.com,25,18-24,Male,True,True,False,Mobile,2023-02-17 17:35:52,2023-06-05 21:29:17
4664,Robert Stephens,epark@example.org,21,35-44,Male,True,False,True,Desktop,2023-03-07 08:05:23,2024-02-04 11:31:54
4665,Wayne Johnson,mmccann@example.net,50,55-64,Female,True,True,True,Tablet,2025-01-28 08:10:56,2025-03-10 14:08:32
4666,Michele Russell,simmonskendra@example.com,6,25-34,Female,True,True,True,Mobile,2025-05-10 12:34:53,2025-10-07 19:13:04
4667,Maria Rubio,tsullivan@example.org,40,65+,Female,True,True,True,Mobile,2022-04-15 10:39:16,2023-10-20 20:13:50
4668,Jacqueline Norman,michael57@example.com,14,45-54,Prefer not to say,False,True,True,Mobile,2024-08-02 10:28:31,2025-03-27 06:02:59
4669,Kristine Watts,tamara83@example.com,36,25-34,Male,True,True,True,Mobile,2023-11-05 17:40:34,2024-11-21 23:48:21
4670,Kayla Wolfe,icarter@example.net,50,25-34,Female,True,True,False,Tablet,2022-04-14 09:10:12,2025-11-08 07:36:17
4671,Virginia Johnson,josephnguyen@example.org,49,45-54,Female,True,True,True,Tablet,2025-06-18 13:27:08,2025-07-22 18:48:00
4672,Antonio Martinez MD,christineclarke@example.net,8,25-34,Female,True,True,True,Mobile,2023-05-07 21:46:46,2025-07-22 19:39:37
4673,Olivia Cummings,samueljenkins@example.org,18,35-44,Male,True,True,True,Mobile,2024-02-16 16:00:42,2025-10-17 06:15:43
4674,Katie Weiss,torrestravis@example.org,27,25-34,Male,True,True,False,Tablet,2024-04-04 20:16:04,2024-04-05 21:10:51
4675,Kimberly Smith,hflores@example.org,26,18-24,Male,True,True,True,Desktop,2024-05-24 21:18:21,2025-01-28 08:59:46
4676,Roger Ford,delacruzmelanie@example.net,37,45-54,Female,False,True,False,Tablet,2024-01-04 19:17:08,2025-07-09 11:15:59
4677,Bobby Anderson,antonio75@example.net,12,18-24,Male,True,True,True,Desktop,2023-12-04 08:50:52,2025-03-11 22:27:32
4678,Stephen Powell,udiaz@example.com,35,18-24,Female,True,True,False,Desktop,2023-02-12 12:59:16,2024-02-19 21:49:49
4679,Kristi Kaufman,wcaldwell@example.org,7,55-64,Female,True,True,True,Mobile,2023-02-26 17:00:38,2024-03-18 13:15:22
4680,Gail Edwards,alexandragarrett@example.com,14,25-34,Female,True,True,True,Tablet,2025-01-02 09:28:03,2025-05-18 08:54:22
4681,Allen Reynolds,aclayton@example.net,12,45-54,Male,True,True,False,Desktop,2022-06-12 09:48:30,2024-06-14 21:35:29
4682,Bobby Gray,ballardfranklin@example.com,12,25-34,Male,False,True,True,Desktop,2025-04-20 09:14:01,2025-09-24 00:59:55
4683,Kevin Dixon,jason69@example.com,7,25-34,Female,True,True,False,Tablet,2024-08-28 21:04:12,2025-02-22 21:15:04
4684,Deborah Floyd,rhawkins@example.org,24,25-34,Male,True,True,True,Mobile,2023-04-05 10:09:26,2024-02-26 18:12:05
4685,Joseph Moore,cathy96@example.net,5,25-34,Male,True,False,False,Desktop,2023-08-08 18:41:19,2024-06-23 19:07:15
4686,Rachael Pineda,palmerkatherine@example.net,46,25-34,Male,False,True,True,Tablet,2023-07-14 15:13:25,2025-04-16 10:56:58
4687,Alejandro Barnes,sharonfox@example.com,20,35-44,Male,True,True,True,Tablet,2024-02-17 08:08:56,2024-08-27 10:13:53
4688,Barbara Elliott,michellesalazar@example.org,29,35-44,Female,False,True,True,Tablet,2023-04-12 17:45:16,2023-08-25 17:26:22
4689,Sherry Burke,kelly12@example.org,19,18-24,Male,True,True,True,Desktop,2022-08-10 17:00:43,2025-02-02 12:00:27
4690,Erica Guerra,gillespiethomas@example.com,14,18-24,Female,False,True,True,Mobile,2025-01-11 10:09:19,2025-04-13 10:29:32
4691,Kristin Anderson,briandavidson@example.com,17,18-24,Male,True,True,True,Desktop,2023-07-16 15:01:12,2025-06-05 18:36:07
4692,Jessica Jones,daniel04@example.org,10,45-54,Male,False,False,True,Desktop,2023-05-03 08:59:26,2025-08-06 22:10:29
4693,Mr. John Ward,juliaball@example.org,50,35-44,Female,True,True,True,Mobile,2022-11-27 22:12:24,2024-05-21 14:32:41
4694,John Lawrence,xedwards@example.com,6,45-54,Male,True,True,True,Tablet,2023-01-15 12:32:26,2024-10-16 19:00:57
4695,Ryan Torres,elizabeth28@example.net,11,45-54,Male,False,True,True,Mobile,2024-03-26 16:08:51,2024-06-08 07:28:00
4696,Christina Frost,nicholaschapman@example.com,23,18-24,Female,True,False,False,Tablet,2024-05-23 10:38:18,2025-06-19 18:54:34
4697,James Tucker,mrandall@example.net,10,25-34,Female,True,True,True,Tablet,2024-03-10 05:13:34,2025-11-16 10:20:44
4698,Karen Coleman,hatfieldkenneth@example.net,6,45-54,Female,True,True,False,Tablet,2023-07-01 14:20:45,2025-08-21 12:19:49
4699,Nathaniel Hanson,mcdanielkristy@example.com,34,35-44,Female,True,True,True,Tablet,2024-08-27 08:56:12,2025-01-27 08:21:28
4700,Chad Evans,jessica78@example.com,19,45-54,Female,False,True,False,Tablet,2023-10-15 01:03:52,2024-03-10 19:49:14
4701,Ronald Martin,dramirez@example.com,42,18-24,Male,True,True,True,Tablet,2022-03-31 06:11:03,2024-06-23 08:13:01
4702,Lisa Huynh,pyates@example.com,9,35-44,Male,False,True,True,Mobile,2023-03-21 20:44:55,2023-06-19 20:44:43
4703,Amanda Edwards,loweandrew@example.net,15,35-44,Female,True,True,True,Mobile,2024-02-04 20:15:23,2025-12-02 19:09:14
4704,Mr. Nathan Howard,leedestiny@example.net,16,35-44,Female,True,True,False,Desktop,2024-06-23 18:39:37,2025-04-07 15:47:30
4705,Victoria Long,emonroe@example.net,41,35-44,Male,True,True,False,Desktop,2022-10-29 23:34:52,2025-05-03 08:25:00
4706,Robin Davis,estrickland@example.net,25,25-34,Male,True,True,False,Desktop,2024-12-15 11:19:16,2025-09-23 19:50:32
4707,Nancy Rosales,ojones@example.org,41,25-34,Female,True,True,False,Mobile,2023-07-19 16:19:43,2024-07-10 19:54:35
4708,Barbara Smith,douglaslloyd@example.org,1,45-54,Female,True,True,True,Desktop,2024-12-07 05:53:37,2025-05-02 15:04:13
4709,Elizabeth Bishop,zsanders@example.com,45,65+,Male,True,False,True,Desktop,2023-02-28 21:37:45,2025-06-13 16:48:04
4710,Courtney Phillips,lisachurch@example.net,4,55-64,Male,False,True,True,Tablet,2024-03-04 23:29:48,2024-12-23 22:36:21
4711,John Jackson,abbottjackie@example.net,46,35-44,Other,True,True,True,Desktop,2023-04-16 08:35:56,2023-07-25 18:00:09
4712,Carla Smith,clarkebridget@example.org,12,25-34,Male,False,True,False,Mobile,2024-05-11 07:24:37,2025-10-15 08:43:26
4713,Dylan Kelly,mmontgomery@example.org,33,18-24,Female,False,True,True,Tablet,2023-05-13 22:41:41,2025-08-02 13:08:15
4714,Daniel Davis,dean40@example.com,12,35-44,Female,True,True,True,Desktop,2022-02-23 10:02:15,2022-06-13 14:59:10
4715,Jesus Palmer,heather27@example.com,28,25-34,Female,True,True,True,Desktop,2025-06-02 22:50:34,2025-06-26 08:22:05
4716,Robert Castillo,lindaperez@example.com,7,55-64,Male,False,True,False,Mobile,2023-12-25 19:26:52,2025-11-27 15:51:30
4717,Christopher Davis,jonathan57@example.com,50,55-64,Female,False,True,False,Tablet,2023-09-02 21:53:38,2025-08-04 18:21:33
4718,Michelle Duffy,brian64@example.org,19,25-34,Male,False,True,False,Tablet,2025-09-09 11:05:58,2025-09-17 07:03:06
4719,Mark Pace,qbarron@example.org,7,55-64,Other,True,True,False,Desktop,2022-01-20 20:25:32,2022-05-10 08:37:00
4720,David Kidd,jacqueline54@example.com,26,18-24,Male,True,True,True,Tablet,2024-06-12 12:51:05,2025-01-01 12:52:24
4721,Amy Hodges,joan67@example.net,30,65+,Female,False,True,False,Mobile,2024-11-12 16:17:55,2025-01-01 14:49:43
4722,Angela Guzman,janicedixon@example.net,6,18-24,Female,False,True,True,Mobile,2022-08-31 10:42:57,2023-07-09 14:02:22
4723,Geoffrey Lewis,margaret56@example.org,7,25-34,Female,True,True,True,Tablet,2022-06-10 23:35:01,2023-06-30 08:33:10
4724,Renee Lucas,gsteele@example.org,2,25-34,Male,True,True,True,Desktop,2025-03-06 21:05:53,2025-08-04 19:47:14
4725,Katie Novak,epope@example.org,49,18-24,Male,True,True,True,Tablet,2025-03-15 08:20:36,2025-05-22 12:19:37
4726,Michael Montgomery,andrew82@example.net,7,45-54,Male,True,True,True,Desktop,2024-10-30 18:15:17,2025-02-12 11:03:16
4727,Emily Adams,christian06@example.net,45,65+,Male,False,True,True,Desktop,2022-12-31 20:54:24,2025-03-28 06:00:24
4728,Brendan Arroyo,kelsey73@example.net,42,65+,Female,True,True,True,Tablet,2022-02-02 10:44:34,2024-07-06 19:08:50
4729,Crystal Stewart,nicholas39@example.com,37,25-34,Male,False,True,True,Desktop,2023-09-08 21:56:04,2024-06-06 15:34:24
4730,Alan Flores,brownveronica@example.net,30,25-34,Female,False,True,True,Desktop,2023-01-15 12:09:54,2025-06-21 21:31:48
4731,Tim Sosa,vsanchez@example.net,18,35-44,Female,False,True,False,Mobile,2024-11-21 08:45:37,2025-01-01 06:00:42
4732,Peter Walters,sonyareese@example.org,25,35-44,Female,False,True,True,Mobile,2022-09-22 06:39:01,2022-10-23 06:03:44
4733,Melanie Mack,jasmine62@example.net,23,35-44,Male,False,True,True,Desktop,2025-05-16 19:50:23,2025-06-15 20:36:13
4734,Gregory Glass,marypatrick@example.net,6,55-64,Female,False,True,False,Desktop,2023-02-26 15:49:55,2024-07-19 22:44:29
4735,Benjamin Lane,christopher88@example.net,26,25-34,Male,True,True,False,Mobile,2022-12-06 21:44:17,2024-09-07 07:27:20
4736,Thomas Glover,sheltonariel@example.com,34,45-54,Male,True,True,True,Desktop,2023-05-10 20:08:02,2024-07-05 22:01:06
4737,Lindsey Stone,flemingcharles@example.net,27,25-34,Female,True,True,True,Desktop,2022-09-09 17:31:40,2025-07-11 17:11:51
4738,Leah Wang,richard07@example.com,13,25-34,Female,False,True,True,Mobile,2024-02-26 03:45:58,2025-08-14 20:56:15
4739,Meghan Bennett,nsmith@example.org,43,45-54,Female,False,True,False,Mobile,2023-04-23 20:26:04,2024-06-01 16:43:48
4740,Katie Kelly,dcarson@example.net,32,35-44,Male,False,True,False,Mobile,2023-09-19 09:09:10,2025-10-26 18:55:42
4741,John Mercado,brandonmorales@example.net,14,18-24,Male,True,True,False,Desktop,2024-02-12 19:14:57,2024-03-04 17:36:52
4742,Mrs. Alisha Ross,samantha47@example.com,37,45-54,Male,False,True,True,Desktop,2025-06-28 11:19:53,2025-11-25 19:57:42
4743,Mark Scott,alexander73@example.net,3,45-54,Female,True,True,True,Mobile,2022-09-24 19:09:53,2023-04-09 11:35:31
4744,Marissa Curry,martinezhenry@example.org,26,25-34,Female,True,True,True,Mobile,2022-05-22 19:29:47,2024-02-11 18:00:17
4745,Michael Banks,omontgomery@example.com,34,45-54,Male,True,True,False,Mobile,2024-11-25 15:12:49,2025-05-31 16:56:17
4746,Mark Holden,rbates@example.com,5,35-44,Female,True,True,False,Tablet,2025-07-22 12:12:24,2025-11-29 22:42:30
4747,Colleen White,robert20@example.net,25,45-54,Male,True,True,True,Tablet,2022-04-03 17:19:59,2022-05-12 19:11:44
4748,Pamela Lee,jonespaul@example.net,9,25-34,Female,False,True,True,Desktop,2022-12-13 16:05:42,2025-10-25 18:06:44
4749,Christopher Carroll,brownstephanie@example.com,22,18-24,Male,True,True,True,Tablet,2025-04-26 05:34:51,2025-06-16 23:21:59
4750,Michelle Adams,pierceandrew@example.com,35,45-54,Female,True,False,False,Mobile,2022-04-08 19:51:55,2024-12-27 19:46:34
4751,James Taylor,melissaturner@example.net,34,35-44,Male,True,True,True,Mobile,2022-07-27 07:56:36,2025-06-21 07:36:12
4752,James Gibbs,jordansusan@example.org,35,55-64,Male,False,True,True,Mobile,2022-12-19 02:15:17,2023-10-21 20:52:42
4753,Lisa Jones,danielsbenjamin@example.com,31,35-44,Female,True,True,True,Mobile,2023-11-19 22:19:01,2024-10-27 10:11:19
4754,Dawn Oliver,barberdiana@example.com,4,35-44,Female,True,True,True,Desktop,2022-08-14 09:42:10,2024-08-24 15:14:14
4755,John Kane,isingh@example.net,5,65+,Female,True,False,True,Tablet,2022-03-27 18:18:51,2023-07-08 21:48:11
4756,Alex Perez,raymondmurray@example.net,43,25-34,Female,True,False,True,Mobile,2023-06-03 12:26:06,2025-05-03 15:51:45
4757,Diana Burns,bassandrew@example.net,42,55-64,Female,False,True,False,Desktop,2023-03-24 19:46:36,2024-10-31 18:59:40
4758,Lori Newton,imoreno@example.net,8,18-24,Male,False,True,False,Mobile,2024-11-30 14:04:29,2025-08-29 02:36:23
4759,Andrew Smith,mary34@example.org,41,35-44,Male,True,True,False,Tablet,2025-04-08 10:44:25,2025-06-25 07:03:46
4760,Allison Ford,smitheric@example.com,49,25-34,Male,True,False,False,Desktop,2022-02-04 23:21:23,2024-06-15 03:51:03
4761,Robert Parsons,yballard@example.net,11,35-44,Male,False,False,True,Mobile,2023-05-04 19:02:58,2024-01-09 11:28:57
4762,Gloria Garcia,loriwalters@example.org,36,25-34,Female,True,True,True,Mobile,2022-05-06 07:20:34,2023-11-16 17:52:58
4763,Ann Solis,tinafrye@example.net,30,25-34,Female,True,False,True,Tablet,2022-09-27 18:45:25,2025-05-04 19:01:42
4764,Amy Shah,angela08@example.net,31,65+,Male,True,False,False,Desktop,2022-12-14 08:49:09,2023-01-15 09:29:57
4765,Ashley Ingram,turnerjacqueline@example.org,49,25-34,Male,True,False,True,Tablet,2023-12-23 21:20:13,2024-10-28 20:17:07
4766,Peggy Livingston,christopheranderson@example.org,41,65+,Male,True,True,False,Tablet,2022-03-26 19:56:31,2025-11-19 13:30:55
4767,Joseph Davis,bkidd@example.org,38,25-34,Male,True,True,True,Mobile,2024-09-09 11:52:19,2025-05-05 11:49:44
4768,Timothy Webb,awilson@example.com,26,25-34,Male,True,False,True,Mobile,2025-07-01 20:39:42,2025-07-22 16:23:05
4769,Kelly Hamilton,tgay@example.org,41,18-24,Male,False,True,True,Desktop,2024-12-05 06:29:30,2025-11-20 16:15:16
4770,Lawrence Collins,james74@example.org,5,65+,Prefer not to say,True,True,True,Mobile,2023-02-11 22:49:12,2025-08-19 17:42:46
4771,James Aguilar,zlove@example.org,27,45-54,Female,True,True,False,Desktop,2023-04-25 15:55:36,2024-02-25 22:03:55
4772,Mark Cruz,jessicamccann@example.net,43,55-64,Male,True,True,True,Mobile,2024-08-10 19:11:00,2025-05-18 11:44:01
4773,Ariel Rhodes,maciasmichael@example.net,47,35-44,Male,True,True,True,Desktop,2022-12-15 12:16:49,2024-05-24 12:05:34
4774,Rita Bell,oliversonya@example.net,41,45-54,Female,True,True,False,Tablet,2025-09-13 21:43:54,2025-11-15 09:33:08
4775,Anthony Parker,thernandez@example.net,41,25-34,Female,False,True,True,Mobile,2024-07-22 13:32:27,2025-08-02 11:06:58
4776,Vincent Franklin,gloria33@example.net,30,18-24,Prefer not to say,False,True,False,Mobile,2023-08-09 20:47:22,2025-04-03 17:39:26
4777,Peter Vega,hamiltonamy@example.net,24,25-34,Female,False,True,False,Tablet,2024-12-18 08:19:04,2025-01-20 19:16:24
4778,Jennifer Stanley,anthonyconrad@example.net,25,35-44,Male,False,True,False,Desktop,2022-05-02 13:50:59,2024-12-09 08:20:07
4779,Cindy Galvan,lisa36@example.org,4,18-24,Female,True,True,False,Tablet,2022-03-23 19:05:13,2025-09-26 18:32:03
4780,Tasha Jimenez,justinthomas@example.net,29,45-54,Male,True,True,True,Mobile,2023-03-27 09:43:20,2024-09-01 20:21:23
4781,Charles Owen,pmcgee@example.org,5,35-44,Female,True,True,False,Desktop,2022-12-31 21:04:12,2025-01-29 07:42:45
4782,Lance Harris,urice@example.com,34,25-34,Female,False,True,True,Desktop,2024-05-13 18:15:22,2024-10-26 17:41:00
4783,Margaret Silva,damon28@example.net,31,18-24,Female,True,True,True,Desktop,2024-01-01 21:32:17,2024-01-18 19:27:09
4784,Joseph Moore,samuelbullock@example.org,40,45-54,Female,True,False,True,Desktop,2024-04-04 11:39:33,2025-03-15 10:36:34
4785,Brendan Santiago,zlong@example.org,28,25-34,Female,True,False,False,Tablet,2022-05-23 14:12:03,2025-09-07 20:09:59
4786,Jeremy Camacho,jose76@example.com,16,18-24,Female,True,True,False,Mobile,2023-01-08 17:11:17,2023-10-09 09:19:24
4787,James Carr,shelby16@example.net,37,55-64,Female,True,True,True,Mobile,2024-09-27 17:11:29,2025-10-09 10:15:43
4788,Brian Watson,cristinaphillips@example.com,44,35-44,Male,True,True,True,Mobile,2022-09-06 22:04:21,2024-03-29 18:08:41
4789,Erin Garrett,linda74@example.net,1,18-24,Female,False,True,True,Tablet,2024-06-17 19:42:21,2024-07-02 08:14:31
4790,Jason Edwards,hholmes@example.org,2,35-44,Male,False,True,True,Mobile,2023-04-11 05:02:13,2024-09-07 09:46:27
4791,Jeffrey Simpson,jamesobrien@example.net,41,25-34,Female,False,False,True,Mobile,2024-02-03 13:16:56,2024-07-22 16:27:17
4792,Tami Cox,margaret88@example.org,29,45-54,Female,True,True,True,Desktop,2022-09-04 17:42:51,2025-09-06 11:16:15
4793,Jacob Wright,freemanisabel@example.com,49,25-34,Female,True,True,True,Mobile,2023-06-26 16:04:39,2023-07-09 13:47:17
4794,Brian Cannon,johnsoncory@example.net,24,65+,Female,True,True,True,Mobile,2023-03-12 21:43:42,2023-06-27 21:09:22
4795,Mary Tanner,mariahunter@example.net,50,45-54,Male,True,True,True,Desktop,2024-12-21 02:34:07,2025-10-27 09:08:59
4796,Diane Lucero,craigdennis@example.com,42,25-34,Female,True,True,True,Tablet,2022-11-26 20:45:43,2025-05-11 19:46:41
4797,Melissa Rocha,vholland@example.org,7,25-34,Male,False,True,True,Tablet,2022-04-13 20:30:20,2025-07-15 18:28:04
4798,Anne Hayes,tony40@example.net,11,25-34,Male,True,True,False,Tablet,2025-03-03 20:13:07,2025-08-22 19:08:19
4799,Tricia Sherman,garrettreid@example.com,46,18-24,Male,True,True,True,Tablet,2022-01-03 22:27:33,2022-10-07 09:32:13
4800,Jasmine Peters,antonio93@example.com,12,45-54,Male,True,True,True,Tablet,2023-01-01 11:45:30,2023-04-15 08:12:43
4801,Margaret Peters,aliciamcfarland@example.org,16,35-44,Male,True,False,False,Tablet,2023-08-12 08:19:11,2024-05-13 07:00:11
4802,William Williams,spencermichael@example.net,50,45-54,Male,False,True,True,Desktop,2024-02-09 03:15:27,2024-10-25 23:59:47
4803,Patricia Dixon,haleaaron@example.com,8,35-44,Male,True,True,False,Tablet,2022-02-05 17:39:00,2025-06-13 19:43:40
4804,William Grimes,ysoto@example.net,2,25-34,Female,False,False,False,Desktop,2025-07-21 09:26:09,2025-09-26 08:21:50
4805,Perry Lee,ijones@example.org,12,18-24,Male,True,True,True,Tablet,2024-07-06 00:02:00,2025-06-01 05:55:08
4806,Teresa Harris,pgray@example.com,34,35-44,Male,True,True,True,Mobile,2025-06-12 09:45:22,2025-08-29 11:49:03
4807,Samuel Terry,griffinmary@example.net,30,55-64,Female,True,True,True,Desktop,2022-08-23 21:18:30,2023-11-09 21:11:16
4808,Matthew Decker,melinda28@example.com,48,35-44,Female,False,True,False,Mobile,2025-06-05 08:02:50,2025-08-31 12:20:03
4809,Elizabeth Jackson,lgonzalez@example.net,23,18-24,Female,False,True,True,Mobile,2022-10-31 08:58:12,2024-07-05 07:01:15
4810,Lisa Bell,browndonald@example.net,45,45-54,Male,False,True,True,Desktop,2025-02-21 07:29:50,2025-07-15 20:03:59
4811,Joseph Bailey,patriciabanks@example.com,28,55-64,Male,True,True,False,Tablet,2022-11-18 18:16:49,2023-08-14 20:47:20
4812,Lisa Clay,batesanthony@example.com,11,45-54,Male,True,False,False,Tablet,2023-07-14 19:16:26,2024-01-20 18:07:17
4813,Albert Fields,umiller@example.net,18,35-44,Male,False,True,False,Mobile,2025-09-05 07:48:28,2025-10-31 09:28:32
4814,Dr. Shannon Donovan,caleb79@example.com,35,45-54,Male,True,True,True,Tablet,2024-04-21 22:09:20,2025-07-22 20:42:43
4815,John Norman,hillmelissa@example.net,8,25-34,Male,True,True,True,Desktop,2024-05-27 08:13:46,2024-08-23 09:21:02
4816,Tina Kennedy,williamrogers@example.net,3,18-24,Male,True,False,True,Desktop,2022-04-24 23:27:05,2022-07-27 04:41:03
4817,David Skinner,roberttran@example.net,40,25-34,Female,False,True,True,Desktop,2023-02-25 08:46:17,2025-03-22 15:48:15
4818,Alison Mcclure,vanessaclayton@example.net,15,18-24,Male,True,True,False,Mobile,2025-09-19 05:25:37,2025-10-19 18:24:58
4819,Alex Hudson,nmitchell@example.net,30,25-34,Female,True,True,False,Tablet,2024-06-11 18:32:30,2024-06-23 12:49:21
4820,Charles Velez,markvang@example.net,35,25-34,Male,True,True,True,Tablet,2024-07-18 19:08:12,2024-12-30 14:42:47
4821,Alexander Watts,roger90@example.org,44,25-34,Male,False,True,True,Desktop,2024-11-28 08:34:05,2025-10-27 09:23:45
4822,Bethany Clark,joshualopez@example.net,29,25-34,Female,True,True,True,Desktop,2022-05-26 19:20:29,2024-11-13 04:30:55
4823,Meghan Smith,darren06@example.net,37,35-44,Male,True,True,True,Mobile,2024-06-22 09:02:22,2025-06-26 10:46:52
4824,Priscilla Williams,lisa77@example.org,27,55-64,Female,True,True,False,Desktop,2023-09-20 21:10:41,2024-01-11 18:29:20
4825,Mr. David Hurst,raymondamanda@example.com,25,18-24,Other,True,False,True,Tablet,2025-03-17 19:19:07,2025-08-09 16:39:52
4826,Theresa Davis,johnsonhannah@example.com,46,18-24,Female,True,True,True,Mobile,2023-09-07 21:11:35,2025-03-15 17:55:05
4827,Randy Miller,wilkinspamela@example.org,25,25-34,Female,True,False,True,Tablet,2022-12-16 02:31:20,2024-11-16 09:12:44
4828,Eugene Parrish,dhutchinson@example.org,43,35-44,Female,True,True,False,Tablet,2022-03-05 18:37:06,2022-10-03 15:25:07
4829,Justin Delgado,sarahsweeney@example.com,11,25-34,Male,False,True,False,Tablet,2022-10-28 09:37:24,2025-04-04 22:42:43
4830,Hannah Rivera,ygrant@example.net,1,25-34,Female,True,True,False,Desktop,2023-04-27 08:49:21,2024-07-02 16:15:03
4831,James Odom,qwarren@example.com,7,45-54,Female,True,True,True,Tablet,2023-05-19 11:40:15,2025-03-30 09:18:39
4832,Danny Williams,matthewgreen@example.net,49,65+,Male,False,False,False,Desktop,2023-03-10 21:15:58,2025-11-17 06:38:53
4833,Jeremy Hicks,brendareid@example.net,44,45-54,Male,False,True,False,Mobile,2023-01-06 15:13:18,2025-07-05 05:37:53
4834,Bryan Lyons,austin63@example.org,43,18-24,Male,True,True,False,Desktop,2023-02-05 12:30:05,2024-05-25 21:31:28
4835,Mariah Farrell,garzadeborah@example.org,49,65+,Male,True,True,True,Tablet,2023-11-06 21:27:04,2024-09-30 15:20:29
4836,Mary Bailey,frank98@example.org,6,25-34,Male,False,True,False,Desktop,2024-01-19 00:50:03,2024-11-20 03:00:56
4837,Brittany Jones,dboone@example.net,6,45-54,Female,False,True,True,Mobile,2024-07-19 20:37:01,2024-11-22 09:00:05
4838,Michelle Bennett,mphillips@example.com,38,18-24,Female,False,True,True,Desktop,2022-05-02 11:40:35,2024-03-19 21:56:04
4839,April Watkins,cassandra71@example.com,48,55-64,Male,True,False,True,Tablet,2022-03-14 19:18:20,2023-03-11 12:33:46
4840,Julie Lutz,tanyatorres@example.com,22,45-54,Male,True,True,False,Tablet,2022-11-09 18:47:53,2024-02-22 08:58:25
4841,Christy Wagner,myersjo@example.net,39,25-34,Female,False,False,False,Mobile,2023-07-01 07:32:29,2025-10-29 19:44:07
4842,Janet Ponce,alexandra08@example.com,28,18-24,Male,True,True,True,Mobile,2025-07-14 22:56:08,2025-10-24 20:24:22
4843,Evan Swanson,vhood@example.org,25,45-54,Female,True,True,False,Desktop,2022-09-22 07:25:26,2025-04-10 19:37:07
4844,Matthew Anderson,usmith@example.net,41,35-44,Female,True,False,False,Tablet,2024-06-14 21:43:01,2024-06-29 19:32:51
4845,Mark Marsh,sara95@example.net,21,45-54,Female,True,True,False,Tablet,2025-03-29 19:23:53,2025-06-15 18:28:42
4846,Frank Cunningham,bowmanrobert@example.org,27,35-44,Male,False,True,True,Mobile,2024-12-02 15:02:57,2025-11-23 14:02:46
4847,Sean Rodriguez,michaelsellers@example.org,43,45-54,Male,True,True,True,Mobile,2022-11-14 17:17:29,2024-05-25 20:44:05
4848,Deborah Aguilar,jamescochran@example.net,26,18-24,Female,True,True,True,Mobile,2022-08-28 14:41:52,2023-06-08 16:23:16
4849,Gregory Copeland,starkkatie@example.org,29,45-54,Female,False,True,False,Mobile,2023-12-24 08:15:13,2025-11-19 00:21:32
4850,Faith Lozano,candice86@example.org,23,25-34,Female,False,True,False,Mobile,2025-02-08 23:49:43,2025-07-02 22:37:42
4851,Brett Scott,andersonjulia@example.org,29,35-44,Female,True,True,True,Tablet,2022-07-07 15:34:13,2024-12-03 15:43:02
4852,Kari Hall,joshua34@example.net,23,45-54,Male,True,True,True,Desktop,2025-09-08 01:08:12,2025-09-08 19:41:05
4853,Dr. Jaime Choi MD,raymond16@example.net,19,35-44,Male,True,True,False,Mobile,2023-08-04 10:54:29,2024-01-07 00:34:56
4854,Kathleen Cain,edward51@example.com,16,25-34,Male,False,False,False,Tablet,2022-09-08 10:33:40,2025-04-25 10:37:24
4855,Gregory Brennan,manderson@example.net,45,45-54,Other,True,True,True,Mobile,2024-08-06 09:26:59,2025-11-23 08:44:49
4856,Nicholas Bauer,amanda26@example.org,10,55-64,Male,False,True,True,Tablet,2023-06-18 17:31:03,2024-09-22 07:45:15
4857,Wendy Cook,khernandez@example.com,1,25-34,Male,True,True,True,Mobile,2024-06-05 21:04:32,2025-07-29 13:29:07
4858,Heather Li,brandonsullivan@example.org,43,65+,Male,True,True,True,Tablet,2022-02-19 15:05:58,2023-05-10 15:38:35
4859,April Diaz,thomassingleton@example.org,7,55-64,Female,True,True,False,Desktop,2025-09-06 12:20:02,2025-12-14 09:19:24
4860,Paul Barnes DDS,jefferydiaz@example.com,23,25-34,Male,False,True,True,Mobile,2022-10-02 21:16:58,2022-12-01 06:26:53
4861,Amy Carrillo,nicole99@example.com,49,25-34,Female,True,True,True,Tablet,2023-07-17 22:21:23,2024-10-08 17:26:50
4862,Amanda Sawyer,tracy33@example.net,33,25-34,Male,True,True,True,Mobile,2023-02-20 08:12:14,2025-05-13 15:45:19
4863,Beth Soto,lanekeith@example.com,6,35-44,Male,True,True,True,Desktop,2022-01-05 21:20:54,2024-06-21 18:04:36
4864,Brian Aguirre,cookerin@example.com,32,35-44,Male,False,True,True,Desktop,2022-12-19 18:54:51,2025-08-10 18:43:30
4865,Lisa Burch,brewermarcus@example.com,50,35-44,Female,True,True,True,Mobile,2023-05-01 08:54:17,2024-03-05 16:27:17
4866,Michelle Anderson,garywhite@example.com,34,25-34,Female,True,True,True,Tablet,2025-04-28 18:12:22,2025-08-20 19:04:53
4867,Austin Garcia,serranomelissa@example.com,14,18-24,Male,True,True,False,Mobile,2022-12-03 10:46:25,2023-02-08 11:49:57
4868,Janet Allen,gilllaura@example.org,18,65+,Male,True,True,False,Tablet,2025-03-18 21:27:49,2025-04-14 22:57:49
4869,Anthony Huff,jrodriguez@example.org,24,18-24,Female,False,False,True,Tablet,2025-03-28 18:06:36,2025-12-10 20:41:01
4870,Valerie Martinez,baldwindavid@example.com,9,25-34,Prefer not to say,True,True,True,Tablet,2022-08-09 19:09:42,2023-12-25 09:51:25
4871,Oscar Moore,john23@example.net,46,25-34,Female,True,True,False,Mobile,2025-07-24 20:07:44,2025-09-04 21:38:10
4872,Brent Anderson,amypowers@example.com,35,18-24,Male,False,True,True,Desktop,2022-07-03 00:01:27,2024-12-04 08:15:48
4873,Sara Bradley,matthewblake@example.net,8,45-54,Female,True,True,True,Desktop,2024-07-15 07:31:36,2025-01-03 06:28:25
4874,Kari Jenkins,patricia84@example.com,21,35-44,Male,True,True,False,Mobile,2023-03-28 08:58:55,2024-04-08 08:14:45
4875,Steven Medina,xellis@example.org,47,18-24,Male,True,True,True,Desktop,2024-10-25 11:10:45,2025-09-22 19:54:29
4876,Collin May,harperphilip@example.org,18,55-64,Female,True,True,True,Tablet,2023-06-10 19:58:44,2025-09-18 03:16:06
4877,Susan Griffith,rodney26@example.org,19,25-34,Female,False,True,True,Mobile,2023-06-12 18:34:11,2023-10-08 07:41:08
4878,Jessica Matthews,manuel98@example.net,19,45-54,Female,False,True,True,Mobile,2023-11-17 17:00:13,2025-10-24 15:54:41
4879,Joshua Figueroa,james82@example.org,17,25-34,Male,True,False,False,Desktop,2023-10-21 08:45:10,2024-10-09 09:08:08
4880,Cody Martin,jamesle@example.org,22,65+,Female,False,False,True,Desktop,2023-01-26 15:05:10,2023-07-20 10:06:18
4881,Nathan Robinson,cruztodd@example.org,6,35-44,Male,True,True,True,Tablet,2022-10-03 11:00:17,2025-10-04 10:18:44
4882,William York,lutzkevin@example.org,49,25-34,Male,True,True,True,Desktop,2024-12-15 10:46:02,2025-10-25 12:20:11
4883,William King,paul08@example.net,37,65+,Male,False,True,False,Tablet,2023-03-12 19:48:14,2025-09-29 09:23:07
4884,Cristina Baxter,austin62@example.net,46,35-44,Male,True,True,False,Desktop,2025-02-26 13:20:59,2025-08-10 20:31:08
4885,Troy Ramirez,sandra58@example.net,12,25-34,Male,True,True,False,Desktop,2025-09-12 08:50:45,2025-11-16 00:45:27
4886,Joseph Romero,kristin19@example.org,34,25-34,Other,True,True,False,Tablet,2025-05-22 18:18:35,2025-11-16 21:10:18
4887,Natasha Peterson,wward@example.org,9,45-54,Female,True,True,True,Tablet,2023-04-22 23:15:00,2025-04-29 10:27:35
4888,Terry Anderson,joycebecker@example.org,12,25-34,Male,False,True,True,Mobile,2023-12-13 14:32:54,2025-12-08 00:32:32
4889,Stephen Grant,wesley46@example.net,41,25-34,Male,True,True,False,Desktop,2022-01-08 18:51:37,2022-01-14 09:09:12
4890,Hayley Paul,adamsjohn@example.com,11,25-34,Male,False,False,True,Tablet,2023-10-01 21:37:08,2024-10-10 17:37:00
4891,Justin Wise,elizabethtaylor@example.net,37,65+,Female,True,True,True,Tablet,2025-08-27 17:51:08,2025-10-07 20:53:29
4892,Megan Wood,patricia11@example.net,28,55-64,Male,False,True,True,Tablet,2022-01-01 19:47:42,2022-09-07 09:13:10
4893,Heather Jenkins,tiffany26@example.net,35,18-24,Male,True,False,True,Mobile,2024-07-23 14:41:02,2025-10-21 01:30:49
4894,Allison Holland,stephanie59@example.com,38,25-34,Female,False,True,True,Desktop,2023-07-26 10:00:32,2024-07-27 16:35:50
4895,Roberto Jackson,megan53@example.net,25,65+,Male,True,True,True,Tablet,2023-02-27 06:11:08,2023-04-04 18:32:26
4896,Nicholas Walker,swalters@example.org,8,25-34,Female,True,True,False,Tablet,2022-08-07 10:17:58,2024-01-16 07:49:28
4897,Stephanie Miranda,timothyreed@example.net,44,55-64,Female,False,True,True,Desktop,2023-02-22 19:15:30,2023-04-23 08:22:39
4898,Austin Lowe,pferguson@example.org,45,18-24,Female,True,True,False,Desktop,2023-01-08 16:33:44,2025-05-09 08:48:14
4899,Nicholas Vaughan,frankcox@example.net,12,55-64,Female,True,True,True,Tablet,2024-05-16 18:04:21,2025-10-14 10:42:55
4900,Diane Dunn,grahamdebra@example.net,6,55-64,Male,True,True,True,Desktop,2025-04-18 21:38:48,2025-07-23 21:51:31
4901,Lori Booth,owensdonna@example.org,48,65+,Male,True,True,True,Desktop,2023-06-18 23:38:51,2024-02-29 06:41:45
4902,Benjamin Johnson,kellycombs@example.com,18,18-24,Male,True,True,True,Tablet,2023-10-06 18:07:40,2023-12-08 22:11:12
4903,Mark Dunlap,rodriguezwilliam@example.com,8,65+,Female,True,True,True,Mobile,2024-01-03 22:41:27,2024-01-09 12:52:59
4904,David Jones,barrettkimberly@example.org,45,35-44,Female,False,True,True,Mobile,2024-09-29 06:19:09,2025-07-14 21:07:07
4905,Monique Shaffer,yvettecampbell@example.net,22,18-24,Male,True,True,True,Mobile,2023-09-07 18:46:45,2025-04-08 11:42:37
4906,Anthony Baker,charlesellis@example.net,2,65+,Female,True,True,True,Mobile,2022-10-18 09:05:13,2025-01-17 20:57:16
4907,Allen Bailey,robinsonmichael@example.net,12,25-34,Male,True,True,True,Tablet,2025-03-31 20:00:57,2025-09-24 12:35:10
4908,Jason Townsend,wlevy@example.net,43,35-44,Female,True,True,True,Desktop,2023-12-20 20:20:05,2025-01-22 18:38:40
4909,Haley Jones,wsmith@example.org,16,35-44,Female,False,False,False,Desktop,2022-06-11 06:28:38,2022-11-06 07:18:55
4910,Anthony Moore,kimberly86@example.org,2,65+,Male,True,True,True,Mobile,2023-01-07 12:45:16,2023-05-28 16:38:13
4911,Terry Hamilton,qmathis@example.org,35,18-24,Female,True,False,False,Mobile,2022-05-27 03:00:26,2023-08-04 17:25:39
4912,Andrew Garcia,arichmond@example.net,25,25-34,Female,False,True,True,Desktop,2024-11-17 07:30:37,2025-07-17 22:10:24
4913,Dr. Gregory Martinez DDS,egonzalez@example.org,28,25-34,Female,True,True,True,Mobile,2022-12-23 00:36:52,2025-01-19 17:01:41
4914,Andres Wong,manuel24@example.org,21,45-54,Female,True,True,True,Desktop,2022-07-23 13:24:23,2024-01-18 07:51:51
4915,Nancy Patterson,louislandry@example.org,13,35-44,Male,True,True,True,Tablet,2024-02-07 09:17:22,2024-11-28 19:45:34
4916,Timothy Moss,kimberlywhitaker@example.net,30,65+,Male,True,False,True,Tablet,2023-07-25 19:16:56,2023-10-19 17:15:16
4917,Debra Brown,martinjennifer@example.net,48,35-44,Male,False,True,True,Mobile,2025-10-07 19:00:30,2025-12-11 18:51:40
4918,Laurie Stanley DVM,zacharywest@example.com,32,45-54,Female,True,True,True,Tablet,2023-09-24 07:29:02,2025-04-21 18:13:01
4919,Stephanie Dean,joseph34@example.net,42,45-54,Female,True,True,True,Desktop,2024-10-22 08:21:58,2025-03-11 16:07:05
4920,Dean Thompson,amandamckinney@example.net,33,55-64,Male,True,True,False,Mobile,2023-04-08 07:23:54,2023-05-21 07:01:28
4921,Donald Brown,johnsonchad@example.org,39,35-44,Male,True,True,True,Desktop,2024-04-12 05:55:42,2024-12-08 22:51:22
4922,Julie Fuentes,andrewsimmons@example.com,6,35-44,Male,True,False,True,Mobile,2024-03-02 17:51:28,2025-06-21 17:51:22
4923,Joy Romero,snyderwilliam@example.org,38,65+,Male,False,True,False,Desktop,2023-11-28 23:42:45,2024-12-18 09:44:56
4924,Courtney Howard,jamesgill@example.com,27,25-34,Female,False,True,False,Tablet,2022-12-18 08:47:59,2023-02-14 11:53:07
4925,Megan Moody,tmiller@example.com,30,65+,Male,True,True,True,Desktop,2023-09-28 09:37:56,2024-02-19 20:43:03
4926,William Hernandez,jessica26@example.net,50,25-34,Female,True,True,False,Tablet,2024-06-18 18:11:00,2024-06-26 22:15:06
4927,Kristina Boyer,fparsons@example.org,31,35-44,Male,True,True,False,Desktop,2025-03-24 06:08:17,2025-07-08 11:03:50
4928,Alexander Bradley,emyers@example.org,30,18-24,Female,True,True,False,Tablet,2024-02-15 19:03:55,2024-02-16 07:08:09
4929,Crystal Brock,lisalarson@example.com,41,65+,Male,True,True,True,Mobile,2024-11-25 09:11:57,2024-12-02 12:05:29
4930,Zachary Patterson,michael80@example.net,17,65+,Female,False,False,True,Tablet,2022-03-03 07:27:06,2023-08-25 08:41:50
4931,Lee Kelley,butlerchristy@example.com,41,65+,Male,True,False,True,Desktop,2022-02-21 07:12:41,2025-04-24 20:08:41
4932,Sandra Bell,patricia44@example.org,2,55-64,Male,False,False,False,Mobile,2022-03-09 20:55:46,2024-11-10 12:46:19
4933,Sarah Green,djones@example.com,33,25-34,Female,True,True,False,Desktop,2024-03-29 09:48:04,2025-07-10 10:18:44
4934,Tiffany Bishop,alexanderchristopher@example.org,16,25-34,Male,True,True,False,Tablet,2022-01-18 10:43:06,2022-10-01 20:16:34
4935,Stephanie Carr,robertboyd@example.net,25,25-34,Female,False,True,True,Mobile,2024-12-02 12:23:33,2025-06-10 13:04:24
4936,Joanna Ramirez,dicksonkatie@example.com,1,18-24,Male,False,True,False,Desktop,2022-01-21 13:35:45,2022-07-30 20:02:29
4937,Yesenia Tyler,jacob75@example.net,9,65+,Female,True,True,True,Tablet,2023-09-07 10:16:51,2024-07-11 20:05:57
4938,Robert Gomez,patriciaoliver@example.org,46,18-24,Female,True,True,True,Desktop,2025-05-03 09:00:54,2025-10-16 18:30:36
4939,Amanda Gonzalez,lewistyler@example.net,49,45-54,Male,True,True,True,Desktop,2024-09-28 21:57:27,2025-01-15 19:59:37
4940,Kaitlyn Richardson,kelseynguyen@example.org,31,45-54,Male,False,True,True,Tablet,2023-08-24 07:08:02,2025-08-10 09:23:44
4941,Veronica Snyder,carmentaylor@example.org,9,25-34,Other,True,False,True,Desktop,2025-05-28 19:11:13,2025-07-16 23:03:59
4942,Andrew Serrano,clarkamber@example.org,13,45-54,Female,True,False,False,Tablet,2023-12-26 23:19:14,2024-04-26 23:42:46
4943,Sean Shaw,jonathandavis@example.com,5,25-34,Female,True,True,False,Tablet,2022-06-11 18:40:47,2023-04-26 08:04:04
4944,John Burns,daniel66@example.org,31,35-44,Male,True,False,False,Mobile,2022-01-14 22:37:13,2024-09-20 19:26:51
4945,Erik Huang,campbellkristen@example.com,16,18-24,Male,True,True,False,Desktop,2024-02-26 19:05:31,2025-01-19 21:53:44
4946,Michelle Hamilton,davidjackson@example.com,3,25-34,Male,True,True,False,Tablet,2024-11-08 11:03:52,2025-08-18 10:41:59
4947,Brian Peterson,jacksonpatrick@example.net,14,35-44,Female,True,True,False,Mobile,2024-08-23 11:01:12,2025-10-19 17:38:22
4948,Robert Kelly,brenda18@example.net,22,55-64,Male,True,True,False,Mobile,2025-04-03 20:57:11,2025-08-14 19:00:10
4949,Stephanie Russo,melissabarnett@example.com,23,35-44,Female,True,True,True,Tablet,2023-03-20 14:26:38,2024-09-11 20:45:27
4950,Tracey Patel,jesuscarter@example.com,49,18-24,Female,False,True,True,Desktop,2025-10-01 22:35:36,2025-10-27 07:27:15
4951,David Dennis,elizabethtate@example.org,5,35-44,Female,True,True,True,Mobile,2023-07-29 10:45:43,2025-06-10 22:55:04
4952,Wayne Brown,samuel37@example.net,44,25-34,Female,True,True,False,Desktop,2023-06-13 16:09:10,2025-01-23 08:45:17
4953,Joseph Robinson,hector90@example.org,40,55-64,Female,True,True,False,Mobile,2023-03-05 16:33:22,2024-04-06 20:25:49
4954,John Zuniga,eric34@example.com,6,25-34,Male,True,True,True,Tablet,2022-08-10 07:23:29,2025-09-23 08:47:37
4955,Richard Merritt,danielolsen@example.com,19,45-54,Male,False,True,True,Desktop,2024-10-10 06:14:57,2025-07-20 16:28:25
4956,Lisa Williams,graypatricia@example.com,22,45-54,Female,False,True,False,Mobile,2023-07-19 09:47:59,2023-07-22 22:58:09
4957,Caitlin Collins,melanie58@example.org,14,18-24,Female,True,True,True,Tablet,2023-12-09 20:50:29,2025-03-11 13:55:42
4958,Danielle Fowler,burtonkevin@example.com,4,45-54,Male,False,True,True,Tablet,2024-11-22 18:13:16,2025-02-14 12:25:10
4959,Kenneth Ross,juliebennett@example.com,11,35-44,Female,False,True,False,Tablet,2024-05-25 07:42:50,2024-06-04 18:12:35
4960,David Lawson,idavies@example.net,41,65+,Male,True,True,True,Mobile,2024-04-23 10:28:15,2024-05-06 18:19:34
4961,Catherine Peters DVM,cooperselena@example.org,26,45-54,Female,True,True,False,Desktop,2024-09-21 19:16:26,2025-09-13 08:32:21
4962,Wanda Williamson,janice78@example.com,15,55-64,Female,False,True,False,Desktop,2023-11-02 22:43:29,2024-10-27 21:11:19
4963,Michael Walsh,rhondaallen@example.com,38,45-54,Male,True,True,True,Tablet,2025-08-13 21:22:05,2025-08-22 19:54:17
4964,Brittany Braun,michael18@example.org,1,18-24,Female,True,False,False,Tablet,2025-02-06 08:34:16,2025-02-27 10:18:21
4965,Elizabeth Henry,duane50@example.com,9,65+,Female,False,True,True,Tablet,2022-10-06 18:32:19,2024-05-06 16:13:05
4966,Brandi Hoover,margaret00@example.com,42,65+,Male,True,True,False,Mobile,2025-01-28 18:14:01,2025-05-07 23:44:09
4967,Felicia Johnson,james57@example.net,3,55-64,Female,True,False,True,Tablet,2023-12-13 20:27:26,2024-11-04 21:37:28
4968,Marissa Long,yclark@example.org,4,45-54,Male,True,False,False,Desktop,2024-06-03 08:10:24,2025-09-04 19:28:18
4969,Bradley Kelly,guerrajessica@example.org,12,25-34,Female,True,True,True,Mobile,2023-01-12 09:44:54,2025-11-15 10:42:26
4970,Margaret Romero,susanbaker@example.org,22,25-34,Female,True,True,True,Tablet,2024-05-11 09:21:58,2025-01-20 08:07:10
4971,Joseph Dominguez,julie73@example.org,28,25-34,Male,True,True,True,Mobile,2023-08-06 09:03:27,2024-11-18 14:21:58
4972,Jeanne Miller,katie96@example.com,45,35-44,Male,False,True,False,Mobile,2024-12-02 06:46:16,2024-12-27 21:21:48
4973,Nicholas Moore,yrhodes@example.org,50,45-54,Female,True,True,True,Mobile,2022-02-05 07:51:59,2024-11-23 19:41:58
4974,Mary Simmons,seanwright@example.net,23,65+,Female,False,True,True,Tablet,2025-06-19 11:59:38,2025-10-18 10:23:00
4975,Aaron Walker,sgill@example.com,47,55-64,Female,True,True,True,Desktop,2023-10-25 15:50:37,2024-11-02 17:37:09
4976,Shawn Chan,robertkelly@example.net,44,25-34,Female,False,True,True,Desktop,2022-06-10 15:33:00,2023-02-13 07:25:40
4977,Daniel Contreras,lcox@example.com,28,18-24,Male,False,True,False,Mobile,2024-12-15 19:02:20,2025-12-01 08:13:47
4978,Deanna Young,breanna89@example.org,17,45-54,Female,True,False,False,Tablet,2023-06-02 18:01:29,2024-01-21 18:31:58
4979,David Douglas,howardwilliams@example.net,1,55-64,Male,True,True,False,Desktop,2024-04-26 21:03:11,2024-11-28 18:18:51
4980,David Glenn,william39@example.net,33,25-34,Male,True,True,False,Desktop,2023-01-02 19:32:54,2023-02-07 06:59:16
4981,Andrea Hart,scruz@example.net,19,45-54,Male,False,True,True,Mobile,2025-09-30 08:52:18,2025-11-22 17:28:33
4982,David Fernandez,michellestone@example.org,32,55-64,Female,False,True,False,Desktop,2022-08-18 19:55:48,2024-02-11 21:33:29
4983,Cynthia Curtis,jeffrey29@example.net,42,25-34,Female,True,True,True,Tablet,2025-04-05 18:53:10,2025-07-03 07:07:59
4984,Kimberly Collins,lindabrown@example.net,45,25-34,Male,True,False,True,Desktop,2024-08-22 09:00:19,2025-04-02 19:54:25
4985,Kimberly Smith,yrobertson@example.net,42,65+,Female,False,False,True,Desktop,2025-06-08 20:38:06,2025-11-01 10:57:20
4986,Kristin Howell,qmorales@example.net,7,35-44,Male,True,False,False,Desktop,2024-10-09 21:24:31,2025-07-07 20:29:17
4987,John Rodriguez,mpierce@example.com,25,25-34,Male,True,True,True,Desktop,2022-09-01 16:52:26,2023-03-18 09:28:06
4988,Jason Combs,vmoore@example.com,20,18-24,Female,True,True,True,Mobile,2024-12-30 20:23:37,2025-07-05 20:56:08
4989,Cynthia Rose,sgonzalez@example.org,12,25-34,Male,False,True,False,Tablet,2022-10-24 10:40:15,2025-09-28 10:47:13
4990,Laura Bridges,xcoleman@example.net,50,18-24,Male,True,True,True,Mobile,2024-09-04 16:44:07,2025-12-06 20:36:42
4991,Mary Williamson,zmendoza@example.org,6,65+,Female,True,True,True,Desktop,2022-06-18 18:51:19,2023-01-20 14:44:35
4992,Eric Hudson,davidsnyder@example.net,5,25-34,Male,True,True,False,Desktop,2025-08-02 21:12:49,2025-08-12 15:11:47
4993,Andrew Mcdaniel,longscott@example.net,12,35-44,Female,True,True,True,Tablet,2025-09-26 19:32:01,2025-12-09 19:02:37
4994,Leonard Cook,heather35@example.org,30,18-24,Male,True,True,True,Tablet,2023-01-10 09:21:17,2024-12-22 09:19:43
4995,Dr. Chelsea Blake MD,vallen@example.com,1,35-44,Female,True,True,False,Mobile,2024-04-16 10:25:27,2024-05-19 18:08:58
4996,Sabrina Davis,reedleroy@example.org,33,55-64,Female,True,True,True,Tablet,2022-06-29 19:46:59,2023-06-25 16:28:01
4997,Samantha Cook,mdavis@example.org,3,35-44,Female,True,True,False,Tablet,2025-04-14 09:14:37,2025-12-02 13:23:55
4998,Matthew Hester,margaretwilson@example.org,9,35-44,Male,False,True,True,Desktop,2023-09-23 23:24:44,2023-10-14 21:32:02
4999,Emily Spencer,ricardophillips@example.com,18,45-54,Male,True,True,True,Desktop,2025-01-14 19:42:24,2025-05-25 17:58:45
5000,Isaac Sanchez,lisadavis@example.org,16,55-64,Female,True,False,True,Desktop,2023-03-28 17:16:18,2023-04-05 13:05:22
