user_id,username,email,device_type,country,created_at,is_premium,last_active_at
1,Player4606,user1@example.com,alexa,US,2024-11-23 04:03:12,1,2024-12-26 03:44:38
2,Epic620,user2@example.com,alexa,US,2024-10-06 03:09:55,0,2024-12-01 18:51:19
3,Smart9028,user3@example.com,google_home,US,2024-01-14 20:26:03,0,2024-12-29 22:54:21
4,Epic5674,user4@example.com,alexa,US,2024-01-04 05:48:46,0,
5,Cool1684,user5@example.com,google_home,US,2024-02-22 03:22:36,0,2024-06-02 09:10:20
6,Quiz6301,user6@example.com,alexa,US,2024-01-23 16:43:37,0,2024-05-09 21:50:43
7,Smart1239,user7@example.com,alexa,US,2024-07-04 21:01:14,0,2024-12-26 23:42:32
8,Quiz6327,user8@example.com,alexa,Canada,2024-02-10 08:28:32,0,2024-09-08 14:55:50
9,Smart4474,user9@example.com,mobile_ios,Canada,2024-07-08 12:56:06,1,2024-12-27 17:34:03
10,Quick2777,user10@example.com,google_home,US,2024-11-21 06:13:51,0,2024-12-29 11:30:30
11,Lucky1016,user11@example.com,alexa,US,2024-10-12 07:59:45,0,2024-12-03 21:45:01
12,Smart9392,user12@example.com,mobile_android,US,2024-05-17 02:24:35,0,2024-12-19 00:36:11
13,Pro2440,user13@example.com,alexa,US,2024-07-21 23:24:19,0,2024-12-11 19:50:04
14,Epic9660,user14@example.com,google_home,US,2024-05-14 21:17:02,0,2024-10-02 10:16:58
15,Voice871,user15@example.com,mobile_android,US,2024-09-17 17:58:06,0,2024-11-27 11:43:59
16,Voice6404,user16@example.com,google_home,Mexico,2024-08-04 21:42:52,0,2024-12-24 11:13:15
17,Quiz8897,user17@example.com,mobile_ios,Australia,2024-10-10 00:25:04,0,2024-12-09 13:52:30
18,Brain7533,user18@example.com,alexa,Australia,2024-05-30 15:49:45,0,2024-09-29 22:06:18
19,Quiz4989,user19@example.com,mobile_ios,UK,2024-09-13 06:30:16,0,2024-09-19 03:13:35
20,Player9913,user20@example.com,alexa,US,2024-07-10 05:52:54,0,2024-08-14 01:27:15
21,Gamer4046,user21@example.com,mobile_android,Japan,2024-06-06 08:43:05,1,2024-12-19 23:39:59
22,Trivia2203,user22@example.com,mobile_ios,Japan,2024-09-05 02:31:11,0,2024-12-22 14:24:02
23,Epic3570,user23@example.com,mobile_android,Australia,2024-09-27 22:05:07,0,2024-12-28 02:19:30
24,Super7277,user24@example.com,mobile_android,UK,2024-06-08 14:31:36,0,2024-12-21 00:07:38
25,Player9738,user25@example.com,google_home,UK,2024-02-02 12:18:33,1,2024-12-14 23:42:31
26,Quick1204,user26@example.com,mobile_android,France,2024-11-19 02:08:36,1,2024-12-30 04:49:13
27,Master3610,user27@example.com,google_home,Australia,2024-05-01 10:08:20,0,2024-12-29 04:27:49
28,Quick7849,user28@example.com,mobile_ios,US,2024-10-22 17:12:33,1,
29,Epic6835,user29@example.com,google_home,Australia,2024-08-08 12:53:58,0,2024-12-28 09:47:16
30,Gamer6696,user30@example.com,mobile_ios,Germany,2024-11-26 03:34:59,1,2024-12-09 16:28:59
31,Pro2396,user31@example.com,google_home,US,2024-04-08 06:55:31,0,2024-12-12 18:21:00
32,Quiz928,user32@example.com,mobile_ios,UK,2024-02-08 16:08:02,1,2024-10-16 12:40:39
33,Brain6758,user33@example.com,google_home,US,2024-02-17 08:36:22,0,2024-10-22 04:27:57
34,Cool135,user34@example.com,mobile_android,US,2024-01-31 05:59:39,0,2024-08-15 07:09:39
35,Epic9205,user35@example.com,mobile_ios,UK,2024-08-20 10:23:08,0,2024-12-25 04:45:51
36,Gamer5238,user36@example.com,alexa,UK,2024-04-21 02:07:45,0,2024-12-29 07:48:29
37,Gamer8420,user37@example.com,alexa,US,2024-09-28 05:43:55,0,2024-11-26 04:25:40
38,Quiz9433,user38@example.com,alexa,UK,2024-04-30 14:42:03,0,2024-12-20 07:23:05
39,Lucky4372,user39@example.com,alexa,Australia,2024-08-02 23:56:03,0,2024-12-26 17:41:26
40,Happy7591,user40@example.com,alexa,Australia,2024-07-21 04:45:54,1,2024-12-28 12:53:51
41,Quiz1300,user41@example.com,google_home,UK,2024-08-22 22:36:56,1,2024-12-24 11:39:51
42,Quick6154,user42@example.com,alexa,US,2024-06-27 02:30:16,0,2024-11-20 06:21:57
43,Player9186,user43@example.com,alexa,Canada,2024-06-03 22:16:13,0,2024-12-30 11:47:35
44,Quiz1853,user44@example.com,mobile_ios,US,2024-03-09 09:37:44,0,2024-10-17 14:09:06
45,Smart4425,user45@example.com,google_home,US,2024-04-17 12:29:02,0,2024-12-25 01:27:13
46,Epic4633,user46@example.com,alexa,US,2024-01-27 03:21:37,1,2024-06-24 05:51:10
47,Pro9138,user47@example.com,mobile_ios,UK,2024-05-14 05:52:58,1,2024-12-28 06:47:12
48,Gamer6149,user48@example.com,google_home,US,2024-03-17 19:51:51,1,2024-12-20 02:21:40
49,Gamer5962,user49@example.com,alexa,US,2024-06-06 13:16:35,1,2024-12-30 00:39:45
50,Trivia3978,user50@example.com,mobile_android,Brazil,2024-10-13 14:47:44,0,2024-12-28 09:30:49
51,Brain5542,user51@example.com,mobile_ios,US,2024-07-30 00:54:08,0,2024-12-23 15:36:48
52,Brain1871,user52@example.com,google_home,US,2024-05-07 09:42:50,0,2024-12-13 05:25:01
53,Super5100,user53@example.com,mobile_ios,France,2024-04-12 16:45:32,0,2024-12-21 08:06:18
54,Lucky4664,user54@example.com,mobile_android,Brazil,2024-04-08 14:30:27,0,2024-12-31 13:55:03
55,Cool8885,user55@example.com,alexa,US,2024-11-24 18:32:48,0,2024-12-30 16:05:02
56,Fun726,user56@example.com,alexa,US,2024-05-13 06:30:05,0,2024-12-05 06:18:01
57,Quiz6411,user57@example.com,mobile_android,US,2024-06-09 15:53:19,1,2024-08-29 05:42:35
58,Smart6067,user58@example.com,google_home,Japan,2024-08-11 00:03:41,0,2024-12-28 22:51:15
59,Quiz5020,user59@example.com,google_home,Canada,2024-11-15 11:25:45,0,2024-12-24 18:32:27
60,Trivia3243,user60@example.com,google_home,Japan,2024-05-31 20:11:07,0,2024-11-27 04:43:06
61,Happy6753,user61@example.com,google_home,US,2024-03-30 22:24:36,0,2024-12-25 23:10:09
62,Lucky7718,user62@example.com,google_home,Canada,2024-08-08 21:06:59,0,2024-12-26 07:59:29
63,Voice4749,user63@example.com,google_home,Canada,2024-03-27 23:59:16,0,2024-10-02 14:53:19
64,Quick3362,user64@example.com,alexa,US,2024-04-30 11:18:07,0,2024-11-23 14:48:21
65,Pro6890,user65@example.com,mobile_android,UK,2024-11-08 02:39:05,0,2024-12-27 06:28:25
66,Cool4097,user66@example.com,alexa,Canada,2024-07-15 17:59:59,0,2024-10-24 02:41:31
67,Quick2981,user67@example.com,mobile_ios,Canada,2024-02-24 15:28:44,0,2024-06-18 23:48:44
68,Quiz7578,user68@example.com,alexa,UK,2024-10-12 09:04:22,0,2024-12-28 16:22:31
69,Lucky7351,user69@example.com,mobile_ios,Australia,2024-10-13 21:40:47,0,2024-12-11 11:06:08
70,Brain7877,user70@example.com,google_home,Australia,2024-10-07 16:14:06,0,2024-12-06 07:14:58
71,Master4019,user71@example.com,alexa,US,2024-05-21 18:58:47,0,2024-10-29 16:28:42
72,Lucky8949,user72@example.com,alexa,US,2024-05-19 12:13:40,0,2024-12-20 17:33:01
73,Voice6897,user73@example.com,google_home,UK,2024-03-19 07:47:23,0,2024-06-19 00:40:51
74,Cool9669,user74@example.com,mobile_android,US,2024-04-15 15:17:49,0,2024-12-30 18:29:29
75,Master196,user75@example.com,mobile_android,US,2024-10-21 13:50:57,0,2024-12-31 07:47:14
76,Quick8099,user76@example.com,alexa,US,2024-08-02 19:35:45,1,2024-12-31 17:24:48
77,Brain7757,user77@example.com,mobile_android,Mexico,2024-06-21 14:43:14,0,2024-12-27 22:07:38
78,Player1475,user78@example.com,mobile_ios,US,2024-07-20 21:33:00,0,2024-12-07 00:57:59
79,Cool5463,user79@example.com,alexa,US,2024-01-26 09:28:19,0,2024-08-08 00:19:15
80,Epic4233,user80@example.com,mobile_ios,UK,2024-07-13 10:07:51,0,2024-12-24 21:43:55
81,Quick1224,user81@example.com,mobile_ios,Canada,2024-01-27 12:44:30,0,2024-06-16 06:54:21
82,Player2596,user82@example.com,alexa,UK,2024-05-06 07:15:30,1,
83,Fun6143,user83@example.com,alexa,Canada,2024-04-21 16:55:52,0,2024-11-02 08:13:29
84,Happy1871,user84@example.com,google_home,Japan,2024-02-28 05:57:45,0,2024-12-27 10:30:40
85,Smart1345,user85@example.com,google_home,France,2024-07-11 14:26:30,0,2024-12-10 02:37:40
86,Quiz9372,user86@example.com,mobile_ios,US,2024-06-03 21:51:37,0,2024-12-26 06:15:08
87,Lucky307,user87@example.com,mobile_ios,Germany,2024-07-08 02:30:38,1,2024-10-28 22:27:34
88,Pro2606,user88@example.com,google_home,Australia,2024-07-04 23:08:27,0,2024-10-29 15:41:17
89,Master7716,user89@example.com,google_home,Australia,2024-05-18 22:25:28,0,2024-12-12 13:06:33
90,Fun7485,user90@example.com,alexa,UK,2024-05-05 03:09:19,0,2024-12-25 07:23:30
91,Player8198,user91@example.com,mobile_android,US,2024-07-13 12:14:52,0,2024-12-21 23:46:30
92,Fun9867,user92@example.com,mobile_ios,US,2024-05-12 12:23:28,1,2024-11-09 10:24:01
93,Quick6758,user93@example.com,google_home,Australia,2024-04-07 03:07:01,0,2024-12-30 12:06:18
94,Pro382,user94@example.com,alexa,US,2024-11-26 17:52:12,0,2024-12-29 21:28:37
95,Super7853,user95@example.com,google_home,US,2024-06-05 21:10:25,0,2024-11-29 06:31:40
96,Super7534,user96@example.com,alexa,US,2024-10-08 12:02:37,1,2024-12-15 13:53:05
97,Quiz8879,user97@example.com,mobile_android,Canada,2024-04-08 11:29:19,0,2024-12-28 13:54:00
98,Happy1747,user98@example.com,mobile_ios,US,2024-09-04 10:04:01,0,2024-12-15 18:48:07
99,Trivia4594,user99@example.com,alexa,US,2024-06-03 00:30:54,0,2024-11-25 22:20:05
100,Master1780,user100@example.com,mobile_android,UK,2024-03-05 23:13:26,0,2024-12-23 07:04:35
101,Brain941,user101@example.com,alexa,France,2024-08-13 12:24:17,1,2024-12-11 09:38:03
102,Master1313,user102@example.com,google_home,Canada,2024-02-03 14:35:21,0,2024-12-29 21:35:57
103,Voice4166,user103@example.com,alexa,Australia,2024-10-15 11:03:44,0,2024-12-30 09:32:21
104,Cool7481,user104@example.com,mobile_android,US,2024-11-12 08:13:01,0,2024-12-31 00:28:25
105,Gamer1725,user105@example.com,mobile_android,US,2024-08-07 11:07:06,0,2024-12-16 10:21:03
106,Quick2947,user106@example.com,google_home,US,2024-02-11 05:43:05,0,2024-10-06 19:18:50
107,Happy634,user107@example.com,alexa,Australia,2024-10-31 17:06:32,0,2024-12-22 23:46:50
108,Quick4434,user108@example.com,mobile_ios,Canada,2024-08-20 02:35:29,0,2024-12-10 06:57:24
109,Quiz9022,user109@example.com,alexa,US,2024-04-11 15:28:43,0,2024-12-17 00:45:48
110,Gamer2818,user110@example.com,mobile_ios,UK,2024-03-13 02:35:59,0,2024-12-30 11:31:14
111,Quiz7779,user111@example.com,mobile_ios,Canada,2024-05-27 15:59:20,0,2024-10-20 04:03:51
112,Master7272,user112@example.com,alexa,US,2024-09-13 19:39:36,0,2024-10-22 19:09:24
113,Fun523,user113@example.com,alexa,Brazil,2024-06-14 21:58:49,0,2024-12-30 06:38:07
114,Player4515,user114@example.com,google_home,Australia,2024-10-21 21:22:35,0,2024-12-10 07:33:10
115,Pro4657,user115@example.com,alexa,UK,2024-09-22 23:43:14,0,2024-12-30 21:55:35
116,Master5800,user116@example.com,google_home,US,2024-09-08 03:19:19,1,2024-11-20 22:05:59
117,Epic8217,user117@example.com,alexa,Japan,2024-03-23 12:00:28,0,2024-12-21 15:17:06
118,Pro1542,user118@example.com,alexa,US,2024-10-08 01:20:09,0,2024-12-29 12:47:50
119,Player8989,user119@example.com,google_home,US,2024-07-25 18:44:09,0,2024-12-25 22:26:32
120,Pro945,user120@example.com,alexa,UK,2024-11-14 18:08:58,0,2024-12-10 17:14:03
121,Quiz572,user121@example.com,mobile_android,Canada,2024-08-12 17:38:52,0,2024-12-21 05:57:41
122,Player9148,user122@example.com,google_home,US,2024-03-22 11:18:50,0,2024-12-24 15:37:46
123,Quiz2622,user123@example.com,google_home,Australia,2024-02-28 16:48:02,0,2024-12-27 19:10:15
124,Master7836,user124@example.com,alexa,UK,2024-05-19 15:07:39,0,2024-11-30 16:10:07
125,Trivia1243,user125@example.com,alexa,Germany,2024-11-02 18:30:16,0,2024-12-30 20:48:14
126,Player4734,user126@example.com,mobile_ios,France,2024-09-16 09:43:38,0,2024-12-27 12:59:36
127,Pro8924,user127@example.com,google_home,US,2024-09-07 05:24:36,0,2024-12-29 22:28:56
128,Lucky3190,user128@example.com,mobile_android,US,2024-07-12 16:34:42,0,2024-12-25 12:57:38
129,Lucky7849,user129@example.com,mobile_ios,Germany,2024-07-29 01:35:20,0,2024-12-30 05:22:28
130,Master706,user130@example.com,alexa,Brazil,2024-11-29 05:32:16,0,2024-12-30 21:02:41
131,Quiz8717,user131@example.com,mobile_android,US,2024-02-21 16:01:51,1,2024-11-07 09:13:55
132,Voice7792,user132@example.com,mobile_ios,US,2024-12-01 05:37:12,0,2024-12-31 06:07:33
133,Voice5483,user133@example.com,mobile_android,France,2024-07-22 23:39:35,0,2024-12-22 16:21:22
134,Master8964,user134@example.com,alexa,US,2024-06-11 22:49:15,0,2024-12-29 04:03:46
135,Voice7210,user135@example.com,mobile_android,Australia,2024-05-27 08:16:57,0,2024-12-06 23:28:03
136,Brain5006,user136@example.com,mobile_android,US,2024-02-21 16:09:13,0,2024-09-07 10:27:58
137,Super7156,user137@example.com,alexa,UK,2024-05-30 13:03:04,0,2024-12-27 22:52:52
138,Brain1393,user138@example.com,mobile_ios,US,2024-04-02 06:11:20,0,2024-12-30 12:05:28
139,Trivia3904,user139@example.com,google_home,US,2024-09-11 21:13:55,0,2024-11-26 02:42:45
140,Happy9055,user140@example.com,alexa,US,2024-01-05 16:56:21,0,2024-08-03 09:00:07
141,Epic4197,user141@example.com,google_home,US,2024-10-27 10:53:30,0,2024-12-29 10:43:32
142,Quick6348,user142@example.com,google_home,UK,2024-09-04 03:52:59,0,2024-12-25 21:39:32
143,Cool4597,user143@example.com,alexa,France,2024-05-31 00:47:55,0,2024-12-20 19:35:22
144,Master4789,user144@example.com,mobile_ios,US,2024-01-26 22:04:42,0,2024-11-27 12:24:23
145,Smart4206,user145@example.com,mobile_ios,Australia,2024-04-22 23:10:42,0,2024-07-15 19:09:37
146,Quiz745,user146@example.com,alexa,US,2024-03-11 22:52:25,0,2024-07-18 09:44:49
147,Happy5452,user147@example.com,mobile_ios,US,2024-03-08 03:16:53,1,2024-10-26 22:47:09
148,Fun2795,user148@example.com,alexa,Germany,2024-10-03 13:19:13,0,2024-12-31 11:38:52
149,Quiz7773,user149@example.com,mobile_android,US,2024-05-31 12:19:56,0,2024-12-22 15:25:29
150,Super1579,user150@example.com,mobile_ios,US,2024-07-22 20:17:28,0,2024-11-22 21:02:55
151,Fun9677,user151@example.com,google_home,Canada,2024-08-20 13:25:11,0,2024-12-03 18:39:44
152,Player9298,user152@example.com,alexa,Canada,2024-04-29 17:09:57,0,
153,Happy6789,user153@example.com,alexa,US,2024-11-21 16:54:12,1,2024-12-30 21:11:57
154,Quiz3946,user154@example.com,mobile_android,US,2024-09-09 04:13:40,0,2024-12-21 01:00:16
155,Trivia6897,user155@example.com,mobile_ios,France,2024-10-03 15:15:35,0,2024-12-28 01:33:13
156,Super3659,user156@example.com,google_home,Brazil,2024-05-23 01:11:28,0,2024-10-31 06:31:52
157,Super1092,user157@example.com,google_home,US,2024-02-20 13:22:27,1,2024-12-15 17:40:37
158,Smart9883,user158@example.com,mobile_android,US,2024-08-20 03:20:15,0,2024-12-01 14:27:33
159,Smart1224,user159@example.com,mobile_ios,UK,2024-03-05 20:33:20,0,2024-12-29 00:56:53
160,Trivia9864,user160@example.com,alexa,France,2024-04-29 11:57:44,1,2024-12-29 03:54:00
161,Fun2958,user161@example.com,alexa,France,2024-03-07 19:40:07,1,2024-12-08 09:11:11
162,Lucky358,user162@example.com,alexa,US,2024-07-02 08:39:46,0,
163,Voice7902,user163@example.com,google_home,US,2024-09-26 04:08:16,0,2024-12-27 07:45:13
164,Quick810,user164@example.com,mobile_ios,India,2024-08-19 18:20:39,0,2024-12-20 17:16:17
165,Player1096,user165@example.com,mobile_android,France,2024-06-03 16:40:36,0,2024-12-03 04:04:50
166,Pro1304,user166@example.com,mobile_android,US,2024-02-25 17:51:00,1,2024-09-19 05:01:47
167,Lucky6340,user167@example.com,mobile_android,UK,2024-03-05 10:00:46,0,2024-12-09 21:00:53
168,Quiz1974,user168@example.com,mobile_android,Canada,2024-11-05 15:39:47,0,2024-12-24 19:12:44
169,Pro3843,user169@example.com,google_home,Germany,2024-04-20 15:39:30,0,
170,Epic5220,user170@example.com,mobile_ios,US,2024-02-18 11:22:46,0,2024-10-28 18:34:24
171,Voice1498,user171@example.com,alexa,US,2024-08-30 02:26:39,0,2024-12-19 01:55:21
172,Gamer9708,user172@example.com,mobile_android,UK,2024-03-07 20:15:24,0,2024-12-25 19:34:02
173,Epic942,user173@example.com,mobile_android,Canada,2024-07-29 12:52:26,0,2024-12-26 05:01:27
174,Smart2635,user174@example.com,mobile_ios,US,2024-10-22 18:28:27,1,2024-12-30 13:45:30
175,Quiz4664,user175@example.com,google_home,Germany,2024-10-11 13:22:56,0,2024-12-27 01:14:48
176,Player4481,user176@example.com,alexa,US,2024-11-14 22:20:22,0,2024-12-30 07:55:28
177,Player3072,user177@example.com,mobile_android,UK,2024-06-22 12:46:49,0,2024-12-24 01:53:11
178,Player1603,user178@example.com,mobile_ios,US,2024-03-13 23:03:11,0,2024-11-04 14:53:39
179,Super5205,user179@example.com,mobile_ios,Australia,2024-06-23 05:43:51,0,2024-12-27 08:11:47
180,Trivia2679,user180@example.com,mobile_ios,US,2024-02-13 01:54:55,1,2024-12-05 20:52:15
181,Master7342,user181@example.com,google_home,US,2024-08-14 15:26:16,0,2024-12-28 05:30:24
182,Quiz4740,user182@example.com,mobile_ios,UK,2024-06-25 15:39:09,0,2024-11-26 19:32:04
183,Quick6575,user183@example.com,mobile_android,US,2024-06-06 01:39:12,0,2024-12-18 12:13:48
184,Fun4842,user184@example.com,alexa,US,2024-04-18 04:59:47,0,2024-12-18 00:36:23
185,Cool8825,user185@example.com,mobile_ios,UK,2024-03-30 04:42:12,0,2024-10-02 20:37:06
186,Cool793,user186@example.com,google_home,UK,2024-06-30 02:37:27,1,2024-11-11 05:30:22
187,Epic9494,user187@example.com,google_home,Canada,2024-06-09 20:57:45,0,2024-11-03 04:40:42
188,Lucky2915,user188@example.com,mobile_ios,Canada,2024-07-26 00:45:33,0,2024-12-02 06:40:00
189,Epic1834,user189@example.com,alexa,UK,2024-07-04 03:12:31,0,2024-11-13 21:38:49
190,Lucky3730,user190@example.com,alexa,US,2024-07-21 11:17:48,0,2024-12-11 12:28:21
191,Smart5824,user191@example.com,google_home,Brazil,2024-02-28 19:19:07,0,2024-11-16 02:54:06
192,Quiz2499,user192@example.com,alexa,US,2024-03-16 08:36:08,0,2024-12-03 05:37:44
193,Brain8195,user193@example.com,google_home,UK,2024-12-01 02:44:36,0,2024-12-29 12:09:32
194,Lucky5279,user194@example.com,alexa,US,2024-10-16 23:24:38,0,2024-12-14 02:47:13
195,Gamer5866,user195@example.com,google_home,US,2024-06-04 10:00:02,0,2024-12-15 03:10:02
196,Happy1357,user196@example.com,mobile_ios,Brazil,2024-01-30 13:25:31,1,2024-12-11 08:04:15
197,Cool7681,user197@example.com,google_home,Brazil,2024-10-31 18:27:42,0,2024-12-29 14:06:53
198,Smart5367,user198@example.com,mobile_ios,UK,2024-01-22 16:22:27,0,2024-12-08 03:16:36
199,Lucky1481,user199@example.com,google_home,US,2024-08-18 03:46:06,0,2024-11-26 19:12:38
200,Brain6062,user200@example.com,google_home,US,2024-08-12 15:59:55,0,2024-12-29 12:52:18
201,Gamer5582,user201@example.com,alexa,US,2024-06-22 21:46:06,0,2024-12-25 18:21:21
202,Trivia5561,user202@example.com,alexa,Canada,2024-05-25 09:10:29,0,2024-09-11 07:06:20
203,Cool2212,user203@example.com,google_home,Japan,2024-06-07 23:53:10,0,2024-09-17 17:02:29
204,Lucky2193,user204@example.com,mobile_ios,Germany,2024-07-11 23:25:43,0,2024-12-17 17:35:23
205,Epic8431,user205@example.com,google_home,US,2024-09-26 03:24:09,0,2024-12-12 16:16:13
206,Master3245,user206@example.com,alexa,US,2024-04-19 12:26:31,1,2024-10-26 03:35:02
207,Gamer5617,user207@example.com,mobile_android,Canada,2024-02-21 18:29:03,0,2024-12-09 12:19:19
208,Brain2812,user208@example.com,mobile_ios,US,2024-03-19 05:54:26,0,2024-09-07 04:26:57
209,Happy7455,user209@example.com,alexa,US,2024-05-01 16:10:22,0,2024-08-27 21:44:04
210,Super9445,user210@example.com,mobile_android,UK,2024-08-28 07:03:50,0,2024-12-17 10:36:47
211,Epic2755,user211@example.com,mobile_ios,Germany,2024-07-14 18:18:36,1,2024-12-27 20:13:33
212,Master6181,user212@example.com,google_home,US,2024-05-08 01:53:59,0,2024-12-28 20:32:55
213,Voice2726,user213@example.com,alexa,India,2024-03-04 10:22:43,1,2024-12-26 15:46:39
214,Quick7491,user214@example.com,mobile_android,Japan,2024-08-11 03:20:21,0,2024-11-29 09:16:25
215,Super3962,user215@example.com,google_home,US,2024-07-21 18:16:39,0,2024-12-28 03:51:36
216,Lucky2492,user216@example.com,alexa,US,2024-06-12 03:36:27,0,2024-10-30 19:59:37
217,Pro186,user217@example.com,mobile_android,US,2024-03-12 17:04:47,0,2024-09-04 09:50:07
218,Epic1921,user218@example.com,mobile_ios,US,2024-03-17 19:58:52,1,2024-12-28 00:36:06
219,Pro1129,user219@example.com,alexa,India,2024-05-02 15:17:07,0,2024-12-25 14:06:48
220,Quick2452,user220@example.com,alexa,US,2024-01-09 23:00:31,0,2024-11-21 03:02:52
221,Brain1502,user221@example.com,google_home,US,2024-10-19 15:10:00,0,2024-12-25 22:18:09
222,Player6497,user222@example.com,mobile_android,US,2024-10-05 18:28:16,0,2024-12-18 00:24:03
223,Player5950,user223@example.com,mobile_ios,US,2024-07-10 09:14:06,0,2024-12-29 21:47:59
224,Lucky2285,user224@example.com,alexa,UK,2024-11-17 03:46:27,0,2024-12-07 03:47:25
225,Master3086,user225@example.com,mobile_ios,US,2024-03-30 16:54:59,0,2024-11-14 04:32:32
226,Happy3402,user226@example.com,alexa,US,2024-08-22 01:20:47,1,2024-12-30 17:39:38
227,Cool8997,user227@example.com,google_home,US,2024-06-07 18:45:52,0,2024-12-19 11:10:03
228,Gamer5538,user228@example.com,alexa,Germany,2024-05-26 12:59:49,0,2024-12-18 15:21:02
229,Cool5654,user229@example.com,mobile_android,UK,2024-07-23 16:00:37,0,2024-12-28 18:02:44
230,Voice7055,user230@example.com,alexa,Canada,2024-09-22 09:42:39,0,2024-12-29 15:33:26
231,Lucky1780,user231@example.com,alexa,Canada,2024-10-06 10:41:44,0,2024-11-22 05:55:02
232,Brain7372,user232@example.com,google_home,US,2024-11-04 15:30:51,0,2024-12-25 15:00:31
233,Epic4598,user233@example.com,mobile_ios,Germany,2024-06-29 22:23:09,1,2024-10-14 17:46:45
234,Super8506,user234@example.com,mobile_ios,Canada,2024-11-22 14:47:22,0,2024-12-27 21:06:37
235,Pro670,user235@example.com,alexa,US,2024-03-14 22:07:15,0,2024-11-19 22:39:03
236,Gamer2613,user236@example.com,mobile_ios,Japan,2024-07-04 13:56:21,0,2024-12-22 07:57:38
237,Trivia8774,user237@example.com,google_home,US,2024-02-09 20:53:45,0,2024-12-22 17:09:44
238,Brain8276,user238@example.com,google_home,India,2024-02-28 00:56:36,1,2024-10-31 16:10:57
239,Smart4778,user239@example.com,mobile_ios,Mexico,2024-05-13 16:14:53,0,2024-12-24 12:25:50
240,Pro2928,user240@example.com,mobile_android,US,2024-03-10 02:41:46,1,2024-12-26 07:19:16
241,Voice9111,user241@example.com,google_home,India,2024-06-12 12:38:57,0,2024-12-31 04:45:40
242,Super8435,user242@example.com,alexa,Mexico,2024-11-22 06:20:18,0,2024-12-21 13:37:28
243,Player6012,user243@example.com,google_home,US,2024-05-01 17:59:12,0,2024-12-23 21:48:25
244,Voice1177,user244@example.com,alexa,Mexico,2024-10-09 04:43:29,0,2024-12-30 03:58:42
245,Epic9519,user245@example.com,alexa,Brazil,2024-09-26 14:57:23,0,2024-10-05 13:44:56
246,Super2202,user246@example.com,mobile_android,Germany,2024-08-18 16:57:37,0,2024-12-30 00:27:25
247,Epic8338,user247@example.com,mobile_android,US,2024-04-03 04:41:52,1,2024-12-18 20:27:52
248,Brain2753,user248@example.com,alexa,Australia,2024-03-19 11:04:22,0,2024-12-24 22:48:50
249,Voice4205,user249@example.com,alexa,Brazil,2024-09-22 10:20:30,0,2024-12-22 12:05:36
250,Voice8334,user250@example.com,mobile_ios,UK,2024-11-16 11:01:31,0,2024-12-31 06:09:23
251,Lucky9334,user251@example.com,alexa,France,2024-03-28 23:59:01,1,2024-11-27 10:37:37
252,Fun3553,user252@example.com,mobile_ios,US,2024-11-24 20:59:58,0,2024-12-30 19:45:32
253,Happy5049,user253@example.com,google_home,Germany,2024-09-11 22:50:03,0,2024-12-29 05:56:38
254,Voice1081,user254@example.com,alexa,US,2024-06-01 16:30:46,0,2024-12-04 11:56:50
255,Trivia5221,user255@example.com,mobile_android,US,2024-06-23 22:05:16,0,2024-10-07 20:17:20
256,Trivia6170,user256@example.com,google_home,US,2024-06-25 14:31:00,0,2024-07-29 15:34:21
257,Pro4161,user257@example.com,alexa,US,2024-03-03 09:44:18,0,2024-10-02 15:03:11
258,Quick2716,user258@example.com,mobile_ios,Japan,2024-11-11 15:13:25,0,2024-12-28 01:19:54
259,Master8533,user259@example.com,google_home,France,2024-04-07 05:48:05,0,2024-08-18 23:26:12
260,Pro4044,user260@example.com,alexa,US,2024-02-16 14:19:03,1,2024-09-25 03:28:11
261,Master4781,user261@example.com,google_home,France,2024-09-10 21:45:17,0,2024-12-30 14:25:24
262,Cool6095,user262@example.com,alexa,US,2024-05-15 13:19:03,0,2024-12-30 14:49:12
263,Happy1304,user263@example.com,google_home,UK,2024-07-04 20:08:32,0,2024-07-22 20:09:01
264,Quiz2208,user264@example.com,mobile_android,US,2024-11-15 22:14:50,0,2024-12-30 11:39:01
265,Super2463,user265@example.com,alexa,UK,2024-06-22 20:18:36,0,2024-12-29 23:16:09
266,Trivia5556,user266@example.com,mobile_ios,UK,2024-01-24 01:25:00,1,2024-12-28 10:33:01
267,Lucky5318,user267@example.com,alexa,Mexico,2024-09-20 05:05:21,0,2024-11-30 09:58:35
268,Lucky8411,user268@example.com,mobile_ios,UK,2024-06-02 21:37:00,0,2024-12-18 04:54:27
269,Player6135,user269@example.com,alexa,US,2024-06-02 17:17:25,0,2024-12-25 08:45:44
270,Player9879,user270@example.com,google_home,Brazil,2024-06-06 22:54:38,0,2024-12-26 03:56:58
271,Quick941,user271@example.com,google_home,US,2024-10-23 21:01:51,0,2024-12-22 16:45:57
272,Trivia4068,user272@example.com,alexa,Japan,2024-11-13 13:50:32,1,2024-12-30 13:01:27
273,Lucky6961,user273@example.com,alexa,Canada,2024-01-10 16:03:27,0,2024-11-04 04:27:05
274,Gamer2362,user274@example.com,google_home,UK,2024-11-09 17:10:14,0,2024-12-31 09:43:26
275,Cool5240,user275@example.com,mobile_android,UK,2024-09-01 19:07:55,0,2024-12-26 10:58:21
276,Fun8032,user276@example.com,alexa,US,2024-10-06 12:53:57,0,2024-12-30 07:28:51
277,Happy3496,user277@example.com,mobile_ios,UK,2024-04-25 10:50:08,0,2024-12-16 23:13:13
278,Happy2096,user278@example.com,google_home,UK,2024-10-13 09:57:22,0,2024-12-27 23:22:05
279,Trivia4858,user279@example.com,alexa,Brazil,2024-07-21 12:33:57,1,2024-12-31 01:42:09
280,Fun7949,user280@example.com,alexa,Germany,2024-08-14 23:52:59,0,2024-12-24 17:14:24
281,Trivia1889,user281@example.com,mobile_ios,UK,2024-10-14 09:53:21,0,2024-12-18 05:51:20
282,Quick960,user282@example.com,alexa,US,2024-09-28 08:12:59,0,2024-12-29 20:31:31
283,Brain6766,user283@example.com,mobile_ios,India,2024-03-11 00:11:19,0,2024-12-30 19:04:27
284,Happy5362,user284@example.com,alexa,US,2024-11-29 07:15:43,0,2024-12-26 04:26:29
285,Quick8867,user285@example.com,mobile_ios,France,2024-11-29 20:54:12,1,2024-12-31 04:00:54
286,Brain695,user286@example.com,mobile_android,US,2024-03-30 15:12:53,0,2024-12-12 11:39:34
287,Player4988,user287@example.com,google_home,US,2024-05-28 01:21:50,0,2024-12-30 15:54:58
288,Master2298,user288@example.com,mobile_android,UK,2024-05-25 16:32:32,0,2024-12-21 09:32:01
289,Brain7618,user289@example.com,mobile_ios,Australia,2024-02-27 12:02:23,1,2024-12-23 16:31:59
290,Smart2975,user290@example.com,mobile_ios,Canada,2024-06-21 10:44:29,0,2024-12-08 05:11:58
291,Lucky1521,user291@example.com,google_home,US,2024-08-06 18:45:38,0,2024-12-29 03:05:48
292,Quick211,user292@example.com,alexa,US,2024-09-01 11:46:55,0,2024-12-22 00:36:48
293,Player4385,user293@example.com,mobile_ios,Canada,2024-06-17 10:59:36,1,2024-12-13 05:06:56
294,Happy2716,user294@example.com,google_home,UK,2024-03-01 16:56:40,0,2024-11-23 00:07:05
295,Happy6121,user295@example.com,mobile_ios,US,2024-06-08 04:16:29,1,2024-11-27 10:58:39
296,Super6913,user296@example.com,mobile_ios,India,2024-03-19 16:33:54,0,2024-12-28 17:58:27
297,Voice8709,user297@example.com,google_home,Australia,2024-04-21 09:00:35,1,2024-08-20 15:29:36
298,Gamer9072,user298@example.com,mobile_android,US,2024-10-15 04:05:07,0,2024-12-29 09:54:41
299,Pro2004,user299@example.com,mobile_ios,Australia,2024-03-25 11:56:47,0,2024-12-31 09:59:01
300,Gamer7529,user300@example.com,alexa,US,2024-09-18 16:13:10,0,2024-12-31 13:50:50
301,Happy456,user301@example.com,google_home,Germany,2024-10-13 16:50:04,0,2024-12-30 23:15:45
302,Gamer7041,user302@example.com,alexa,US,2024-10-23 02:39:32,0,2024-12-31 00:39:12
303,Gamer4803,user303@example.com,google_home,Australia,2024-02-05 17:11:15,0,2024-12-22 16:26:05
304,Super6366,user304@example.com,google_home,India,2024-11-26 15:18:17,0,2024-12-27 10:41:49
305,Trivia5797,user305@example.com,alexa,Mexico,2024-02-11 19:38:07,0,2024-12-20 18:27:35
306,Player472,user306@example.com,mobile_android,UK,2024-03-06 08:06:28,0,2024-04-12 19:31:39
307,Cool3862,user307@example.com,alexa,US,2024-08-05 19:22:01,0,2024-12-29 21:43:20
308,Epic356,user308@example.com,alexa,US,2024-02-27 01:10:22,0,2024-10-25 10:16:40
309,Gamer4109,user309@example.com,mobile_ios,US,2024-08-16 21:45:52,0,2024-11-30 00:38:17
310,Trivia8355,user310@example.com,mobile_android,US,2024-04-21 02:03:18,0,2024-12-28 17:16:32
311,Lucky3981,user311@example.com,alexa,US,2024-10-21 11:36:39,0,2024-12-28 05:05:28
312,Happy4608,user312@example.com,alexa,Japan,2024-04-23 15:03:26,0,2024-12-31 07:46:32
313,Epic9207,user313@example.com,google_home,Brazil,2024-03-30 22:47:30,0,2024-12-12 20:46:02
314,Lucky6921,user314@example.com,google_home,US,2024-07-14 19:05:42,0,2024-12-28 12:33:14
315,Quick3792,user315@example.com,alexa,Australia,2024-10-02 17:14:25,0,2024-12-15 19:25:38
316,Epic6924,user316@example.com,google_home,US,2024-01-30 20:28:33,0,2024-11-27 12:45:15
317,Voice7469,user317@example.com,mobile_ios,US,2024-04-14 12:01:28,0,2024-11-23 01:20:55
318,Fun6279,user318@example.com,mobile_ios,Canada,2024-04-07 01:52:35,0,2024-12-14 13:37:44
319,Smart7954,user319@example.com,alexa,India,2024-04-06 21:23:35,0,2024-12-21 18:33:53
320,Smart2022,user320@example.com,mobile_ios,Australia,2024-01-08 07:42:42,0,2024-12-28 16:49:04
321,Cool4021,user321@example.com,google_home,Australia,2024-11-05 07:26:45,0,2024-12-30 12:40:44
322,Super5153,user322@example.com,alexa,UK,2024-09-30 23:37:09,0,2024-12-29 21:27:58
323,Lucky3428,user323@example.com,google_home,US,2024-02-20 17:05:37,0,2024-12-30 03:16:17
324,Player4372,user324@example.com,google_home,UK,2024-04-23 05:18:46,0,2024-11-22 04:18:44
325,Smart5504,user325@example.com,alexa,UK,2024-05-31 05:32:56,0,2024-11-27 00:00:47
326,Lucky4316,user326@example.com,mobile_ios,UK,2024-10-08 23:50:00,0,2024-12-24 08:16:27
327,Brain5870,user327@example.com,alexa,Australia,2024-09-08 16:46:41,0,2024-12-30 01:28:52
328,Gamer8684,user328@example.com,alexa,France,2024-10-04 23:22:03,0,2024-12-29 06:07:51
329,Epic2352,user329@example.com,mobile_ios,US,2024-01-25 00:13:56,0,2024-11-15 16:08:50
330,Pro6214,user330@example.com,alexa,Canada,2024-01-05 07:57:48,0,2024-12-29 06:49:43
331,Player208,user331@example.com,google_home,US,2024-09-04 17:45:44,1,2024-11-24 05:46:50
332,Happy380,user332@example.com,google_home,Canada,2024-05-20 19:30:20,0,2024-11-06 22:18:05
333,Quiz8691,user333@example.com,alexa,US,2024-04-01 03:53:46,0,2024-11-25 23:22:09
334,Cool1394,user334@example.com,google_home,US,2024-06-30 09:43:58,0,2024-12-21 14:08:38
335,Voice619,user335@example.com,alexa,US,2024-04-25 10:55:18,0,2024-10-08 09:22:28
336,Player2907,user336@example.com,alexa,France,2024-01-29 23:10:59,0,2024-12-24 15:52:15
337,Quiz8753,user337@example.com,mobile_android,US,2024-06-18 20:36:07,0,2024-11-13 12:11:29
338,Fun862,user338@example.com,mobile_android,Canada,2024-10-17 17:18:44,0,2024-12-29 20:45:21
339,Gamer3038,user339@example.com,mobile_android,US,2024-10-05 20:31:00,0,2024-12-30 12:19:22
340,Cool1360,user340@example.com,alexa,UK,2024-10-27 05:14:59,0,2024-12-18 00:08:35
341,Lucky6388,user341@example.com,mobile_ios,US,2024-07-18 19:40:52,0,2024-12-30 12:22:24
342,Super979,user342@example.com,alexa,US,2024-02-10 18:13:59,1,2024-11-26 15:32:01
343,Cool5447,user343@example.com,alexa,US,2024-11-05 22:21:00,0,2024-12-27 17:38:06
344,Super9160,user344@example.com,mobile_android,US,2024-09-08 08:18:22,0,2024-11-21 21:12:30
345,Happy4137,user345@example.com,mobile_ios,US,2024-07-13 03:07:12,0,2024-12-24 12:30:16
346,Cool5288,user346@example.com,google_home,US,2024-11-20 05:37:01,0,2024-12-20 20:34:40
347,Fun1774,user347@example.com,alexa,US,2024-08-15 13:06:15,0,2024-12-28 02:04:53
348,Epic1792,user348@example.com,alexa,US,2024-10-11 18:39:26,1,2024-12-17 22:47:44
349,Cool302,user349@example.com,alexa,US,2024-11-02 11:48:43,1,2024-12-28 09:40:59
350,Brain6337,user350@example.com,alexa,US,2024-10-13 08:50:16,0,2024-12-26 17:57:37
351,Brain7221,user351@example.com,alexa,US,2024-03-15 02:18:12,0,2024-11-09 15:13:21
352,Quick8223,user352@example.com,google_home,US,2024-07-03 09:09:50,1,2024-10-26 18:27:01
353,Cool5543,user353@example.com,mobile_ios,US,2024-06-04 00:14:47,0,2024-12-29 15:54:07
354,Epic9838,user354@example.com,alexa,US,2024-08-13 12:11:14,0,2024-12-13 11:18:59
355,Lucky3010,user355@example.com,mobile_android,Brazil,2024-04-12 17:26:24,0,2024-12-12 05:56:17
356,Quick5439,user356@example.com,google_home,Germany,2024-11-20 17:52:37,0,2024-12-20 15:42:59
357,Smart9803,user357@example.com,mobile_android,US,2024-02-28 20:31:45,0,2024-06-16 13:06:42
358,Smart7283,user358@example.com,mobile_ios,France,2024-01-14 16:48:25,1,2024-08-03 12:21:03
359,Trivia5061,user359@example.com,alexa,Canada,2024-07-28 18:10:44,0,2024-12-29 23:22:29
360,Pro9896,user360@example.com,google_home,US,2024-07-12 02:41:34,0,2024-12-30 02:22:22
361,Gamer5990,user361@example.com,mobile_ios,Germany,2024-08-02 19:47:36,0,2024-12-22 04:21:29
362,Quick5916,user362@example.com,alexa,Canada,2024-02-13 03:58:55,0,2024-12-21 22:31:56
363,Cool5532,user363@example.com,mobile_android,US,2024-11-26 23:32:49,1,2024-12-31 16:55:59
364,Quick7403,user364@example.com,google_home,UK,2024-05-12 08:04:58,0,2024-12-15 06:51:15
365,Super502,user365@example.com,google_home,US,2024-09-13 05:29:18,0,2024-12-27 15:37:17
366,Trivia5807,user366@example.com,alexa,UK,2024-02-13 04:13:33,0,2024-12-28 12:44:44
367,Master1699,user367@example.com,google_home,Canada,2024-09-04 12:40:52,0,2024-12-20 10:51:57
368,Quiz470,user368@example.com,mobile_ios,Canada,2024-06-02 01:37:36,0,2024-08-24 11:57:09
369,Brain9142,user369@example.com,alexa,UK,2024-03-25 08:52:50,0,2024-12-13 15:02:17
370,Brain3153,user370@example.com,mobile_ios,US,2024-04-28 14:44:50,1,2024-12-02 22:06:34
371,Pro9802,user371@example.com,google_home,US,2024-11-10 07:11:03,0,2024-12-28 19:27:09
372,Quiz8896,user372@example.com,alexa,US,2024-05-22 02:16:40,0,2024-08-22 07:08:16
373,Lucky9880,user373@example.com,google_home,US,2024-05-14 17:49:17,1,2024-09-20 11:04:46
374,Brain4973,user374@example.com,mobile_android,UK,2024-06-29 16:40:12,0,2024-11-04 04:02:07
375,Quick5103,user375@example.com,alexa,US,2024-06-09 04:17:28,1,2024-12-14 06:36:19
376,Trivia9517,user376@example.com,google_home,US,2024-07-17 15:13:39,0,2024-12-19 21:17:50
377,Brain8122,user377@example.com,alexa,US,2024-11-26 06:18:26,0,2024-12-28 13:57:50
378,Super257,user378@example.com,google_home,US,2024-11-13 01:57:06,0,2024-12-28 06:03:34
379,Master6803,user379@example.com,mobile_ios,US,2024-10-14 18:24:08,0,2024-12-28 00:46:58
380,Voice9363,user380@example.com,alexa,Australia,2024-09-07 06:05:22,0,2024-12-30 13:13:07
381,Happy2855,user381@example.com,mobile_ios,UK,2024-05-20 08:11:10,0,2024-12-30 11:54:58
382,Quiz9483,user382@example.com,alexa,Australia,2024-09-10 20:00:53,0,2024-12-30 10:35:07
383,Gamer7331,user383@example.com,google_home,Mexico,2024-07-06 19:44:06,1,2024-11-23 13:09:27
384,Happy628,user384@example.com,google_home,US,2024-11-30 09:00:44,0,2024-12-29 11:46:27
385,Quick3538,user385@example.com,mobile_ios,UK,2024-08-12 04:16:26,0,2024-12-26 19:30:55
386,Epic2819,user386@example.com,mobile_ios,Germany,2024-11-08 23:02:18,0,2024-12-09 03:22:35
387,Super8820,user387@example.com,alexa,UK,2024-01-31 20:45:20,0,2024-12-30 06:42:17
388,Fun8528,user388@example.com,mobile_android,Canada,2024-05-29 10:32:03,1,
389,Fun2178,user389@example.com,mobile_ios,US,2024-07-29 02:09:30,1,2024-12-14 18:03:08
390,Cool8119,user390@example.com,alexa,Canada,2024-06-13 09:00:47,0,2024-12-29 09:09:40
391,Voice1625,user391@example.com,google_home,Australia,2024-07-11 16:27:23,0,2024-12-30 07:17:54
392,Master5462,user392@example.com,google_home,France,2024-07-07 16:33:17,0,2024-12-26 22:45:19
393,Super1137,user393@example.com,mobile_ios,US,2024-02-17 16:41:29,0,2024-12-26 21:15:28
394,Fun5389,user394@example.com,mobile_ios,US,2024-04-18 18:00:43,0,2024-12-01 00:06:51
395,Lucky893,user395@example.com,alexa,Canada,2024-10-16 17:40:14,0,2024-11-28 16:57:10
396,Brain7330,user396@example.com,google_home,Mexico,2024-01-09 04:31:24,0,2024-10-31 15:46:02
397,Happy2704,user397@example.com,mobile_android,France,2024-03-08 23:39:56,1,2024-09-22 01:17:10
398,Voice6192,user398@example.com,mobile_ios,Canada,2024-07-03 09:06:59,1,2024-12-29 13:40:19
399,Quick7132,user399@example.com,mobile_ios,Australia,2024-11-16 11:07:23,1,2024-12-23 18:29:41
400,Trivia9826,user400@example.com,alexa,Canada,2024-09-01 02:50:15,1,2024-12-13 19:06:21
401,Epic2265,user401@example.com,google_home,US,2024-06-24 04:23:26,1,2024-12-30 14:24:42
402,Lucky6122,user402@example.com,mobile_android,US,2024-02-22 03:45:26,0,2024-08-25 12:13:34
403,Trivia1220,user403@example.com,google_home,US,2024-03-09 23:21:32,0,2024-12-06 00:46:48
404,Smart2580,user404@example.com,mobile_android,Canada,2024-08-13 12:47:10,0,2024-12-30 21:56:48
405,Quiz2393,user405@example.com,mobile_ios,UK,2024-04-21 03:09:22,0,2024-12-22 12:28:12
406,Trivia4159,user406@example.com,alexa,US,2024-08-07 11:27:02,0,2024-12-30 00:11:25
407,Happy539,user407@example.com,mobile_ios,Canada,2024-11-03 22:07:18,0,2024-12-28 19:20:52
408,Smart6518,user408@example.com,alexa,US,2024-09-22 22:05:51,0,2024-12-20 23:40:00
409,Cool1947,user409@example.com,alexa,Canada,2024-05-02 18:01:05,1,2024-12-11 07:14:36
410,Lucky2262,user410@example.com,google_home,France,2024-01-07 13:08:49,0,2024-12-28 18:25:00
411,Master1295,user411@example.com,alexa,US,2024-10-06 06:17:25,0,2024-12-27 03:24:46
412,Cool8400,user412@example.com,alexa,Australia,2024-01-21 02:12:05,0,2024-10-29 01:30:50
413,Voice8891,user413@example.com,google_home,US,2024-08-04 14:38:47,1,2024-12-25 01:13:45
414,Smart2645,user414@example.com,google_home,US,2024-02-10 18:36:57,0,2024-12-30 21:57:22
415,Voice5181,user415@example.com,mobile_ios,Australia,2024-11-28 23:24:59,0,2024-12-31 14:30:30
416,Voice7218,user416@example.com,alexa,Canada,2024-01-30 08:54:04,1,2024-12-22 21:31:04
417,Player2348,user417@example.com,mobile_ios,US,2024-03-30 04:20:55,0,2024-12-12 06:34:32
418,Fun2835,user418@example.com,google_home,Australia,2024-09-24 18:49:53,0,2024-12-30 13:10:06
419,Lucky7134,user419@example.com,alexa,US,2024-03-01 01:04:07,0,2024-12-30 12:59:18
420,Voice8228,user420@example.com,google_home,US,2024-10-22 22:50:51,0,2024-12-18 07:29:01
421,Super2677,user421@example.com,alexa,US,2024-10-17 06:04:33,0,2024-12-30 17:24:54
422,Player821,user422@example.com,mobile_android,US,2024-02-29 08:18:57,1,2024-12-29 15:35:57
423,Trivia3032,user423@example.com,mobile_android,France,2024-07-05 13:56:37,0,2024-12-28 21:10:01
424,Quick5372,user424@example.com,alexa,India,2024-12-01 15:16:07,0,2024-12-27 18:43:57
425,Super2056,user425@example.com,google_home,India,2024-02-09 20:48:32,0,2024-12-23 00:12:08
426,Cool1229,user426@example.com,mobile_android,France,2024-09-21 01:40:19,0,2024-11-26 23:43:03
427,Voice9161,user427@example.com,google_home,US,2024-06-08 11:54:59,0,2024-12-19 08:34:38
428,Quick7700,user428@example.com,google_home,Brazil,2024-06-04 22:40:20,0,2024-12-29 14:14:00
429,Quick2566,user429@example.com,alexa,US,2024-04-10 19:53:58,0,2024-11-15 05:27:59
430,Player5588,user430@example.com,alexa,Canada,2024-06-26 23:09:14,0,2024-11-28 07:37:50
431,Smart8780,user431@example.com,mobile_android,US,2024-06-06 03:47:04,0,2024-12-27 07:47:25
432,Voice819,user432@example.com,mobile_android,India,2024-03-13 10:11:17,0,2024-08-17 11:57:16
433,Voice9615,user433@example.com,alexa,US,2024-07-09 16:41:31,0,2024-12-30 18:09:25
434,Gamer7226,user434@example.com,mobile_ios,US,2024-02-08 21:33:00,0,2024-12-23 16:58:19
435,Lucky5311,user435@example.com,google_home,US,2024-06-10 14:18:25,0,2024-12-23 13:12:25
436,Quiz2646,user436@example.com,alexa,US,2024-03-10 21:17:18,0,2024-12-29 22:51:10
437,Super3501,user437@example.com,google_home,UK,2024-03-02 19:30:44,0,2024-12-22 04:24:57
438,Happy9984,user438@example.com,alexa,France,2024-02-16 05:44:18,0,2024-10-18 13:36:57
439,Super6592,user439@example.com,google_home,Canada,2024-02-16 09:02:14,0,2024-12-19 22:33:44
440,Cool7508,user440@example.com,google_home,UK,2024-03-30 01:07:53,1,
441,Quiz295,user441@example.com,alexa,Germany,2024-02-22 05:05:22,0,2024-09-28 02:40:34
442,Super1476,user442@example.com,google_home,US,2024-04-11 14:35:05,0,2024-12-28 05:06:37
443,Smart7365,user443@example.com,mobile_ios,US,2024-01-12 02:20:50,0,2024-12-18 20:51:43
444,Gamer7652,user444@example.com,alexa,Japan,2024-06-18 04:27:39,0,2024-12-28 11:20:45
445,Player6370,user445@example.com,mobile_ios,US,2024-07-21 18:03:48,0,2024-12-21 01:08:57
446,Fun7407,user446@example.com,mobile_android,US,2024-04-05 10:00:42,0,2024-12-14 23:04:18
447,Happy8273,user447@example.com,google_home,UK,2024-05-05 23:34:00,1,2024-10-22 22:40:16
448,Trivia6968,user448@example.com,alexa,India,2024-05-23 13:56:42,0,2024-12-19 15:12:07
449,Player6366,user449@example.com,mobile_ios,US,2024-11-18 19:47:38,0,2024-12-24 23:08:30
450,Lucky6463,user450@example.com,alexa,US,2024-09-05 12:31:33,0,2024-12-29 22:36:09
451,Gamer7828,user451@example.com,google_home,Australia,2024-01-16 10:13:42,0,2024-11-14 15:25:48
452,Quick4051,user452@example.com,alexa,Germany,2024-03-22 03:38:44,0,2024-12-30 08:35:06
453,Cool5913,user453@example.com,mobile_android,Mexico,2024-01-29 07:59:18,0,2024-12-21 14:02:58
454,Lucky5978,user454@example.com,mobile_android,US,2024-05-01 21:34:22,0,2024-12-12 05:15:41
455,Trivia9325,user455@example.com,mobile_android,France,2024-10-17 20:31:13,0,
456,Happy2976,user456@example.com,google_home,US,2024-09-09 19:44:17,0,2024-11-12 17:52:58
457,Master111,user457@example.com,alexa,Canada,2024-04-22 00:43:32,0,2024-12-19 00:54:31
458,Lucky1075,user458@example.com,alexa,UK,2024-06-23 06:27:40,0,2024-12-18 00:45:20
459,Super1288,user459@example.com,google_home,Japan,2024-02-26 19:09:42,0,2024-12-23 19:45:41
460,Happy5385,user460@example.com,alexa,US,2024-02-21 12:15:13,0,2024-06-12 06:18:00
461,Lucky2954,user461@example.com,mobile_ios,UK,2024-11-23 17:44:18,0,2024-12-28 21:02:52
462,Quick9749,user462@example.com,mobile_ios,US,2024-11-10 12:59:29,0,2024-12-30 10:11:29
463,Brain129,user463@example.com,mobile_android,Japan,2024-05-30 04:38:11,0,2024-12-24 17:30:35
464,Brain9969,user464@example.com,alexa,Germany,2024-10-17 01:10:44,0,2024-12-27 20:08:28
465,Quiz8229,user465@example.com,alexa,Australia,2024-11-23 20:35:27,0,2024-12-21 13:12:10
466,Voice5600,user466@example.com,google_home,US,2024-06-12 06:06:45,0,2024-12-30 10:10:50
467,Fun1870,user467@example.com,mobile_ios,US,2024-02-04 12:45:38,0,2024-12-19 13:01:17
468,Epic8178,user468@example.com,mobile_android,US,2024-08-02 06:03:22,0,2024-12-12 10:36:00
469,Quick2764,user469@example.com,google_home,Germany,2024-09-02 21:02:46,1,2024-12-21 20:07:07
470,Fun1815,user470@example.com,alexa,US,2024-01-11 11:36:14,0,2024-11-28 22:26:31
471,Voice5636,user471@example.com,google_home,Canada,2024-02-08 19:55:02,0,2024-12-31 02:51:38
472,Brain7213,user472@example.com,alexa,US,2024-01-16 15:42:14,0,2024-10-22 14:03:56
473,Fun4712,user473@example.com,alexa,US,2024-04-07 14:54:05,0,2024-12-04 15:00:02
474,Trivia993,user474@example.com,google_home,US,2024-10-08 17:52:29,0,
475,Master3371,user475@example.com,alexa,US,2024-11-16 21:51:11,0,2024-12-17 02:34:55
476,Quiz5152,user476@example.com,mobile_ios,UK,2024-02-11 17:14:31,0,2024-12-27 11:15:03
477,Cool3129,user477@example.com,google_home,US,2024-05-15 03:19:05,0,2024-12-29 14:14:03
478,Pro7719,user478@example.com,alexa,France,2024-01-23 09:35:10,0,2024-11-29 09:20:46
479,Voice5732,user479@example.com,mobile_ios,US,2024-03-18 03:31:15,0,2024-11-24 02:37:41
480,Gamer6442,user480@example.com,mobile_ios,US,2024-04-26 20:09:21,0,2024-11-15 22:53:57
481,Quick7903,user481@example.com,alexa,US,2024-08-31 20:51:06,0,2024-12-22 12:31:55
482,Trivia2070,user482@example.com,mobile_android,US,2024-01-18 18:16:51,0,2024-11-07 18:57:37
483,Smart2167,user483@example.com,alexa,US,2024-03-26 07:42:52,0,2024-11-26 20:04:24
484,Trivia9849,user484@example.com,alexa,India,2024-04-13 22:50:11,0,2024-12-12 10:29:38
485,Cool9215,user485@example.com,google_home,US,2024-02-04 03:10:06,0,2024-12-23 14:51:50
486,Epic1943,user486@example.com,google_home,US,2024-08-22 00:27:00,0,2024-10-28 22:46:07
487,Quiz4787,user487@example.com,mobile_android,India,2024-02-21 03:50:45,0,2024-12-30 14:46:30
488,Master9472,user488@example.com,mobile_ios,US,2024-05-15 13:56:46,0,2024-12-20 13:56:33
489,Cool735,user489@example.com,google_home,France,2024-03-14 22:30:34,0,2024-12-11 11:04:31
490,Fun6202,user490@example.com,alexa,Germany,2024-01-26 17:18:07,0,2024-10-07 00:50:32
491,Quiz3834,user491@example.com,alexa,Brazil,2024-05-23 17:53:57,0,2024-12-10 18:38:35
492,Epic1562,user492@example.com,alexa,US,2024-06-13 09:48:33,0,2024-12-25 12:43:28
493,Super1020,user493@example.com,google_home,US,2024-09-05 18:48:18,0,2024-12-27 19:25:03
494,Trivia8689,user494@example.com,mobile_android,US,2024-09-16 14:41:12,0,2024-12-30 18:17:23
495,Quick641,user495@example.com,google_home,India,2024-04-12 02:05:53,0,2024-12-08 05:55:08
496,Pro8375,user496@example.com,google_home,Japan,2024-05-20 13:24:40,0,2024-12-07 12:10:09
497,Master9832,user497@example.com,google_home,Brazil,2024-05-03 13:33:39,0,2024-12-21 22:04:38
498,Super2779,user498@example.com,mobile_ios,US,2024-10-09 12:44:03,0,2024-12-27 05:12:29
499,Player6433,user499@example.com,alexa,France,2024-02-16 10:22:44,0,2024-12-27 04:49:19
500,Quick3487,user500@example.com,alexa,US,2024-04-19 08:03:32,1,2024-12-18 17:57:27
501,Trivia2937,user501@example.com,mobile_ios,US,2024-01-05 17:15:40,0,2024-12-21 22:51:38
502,Fun7043,user502@example.com,mobile_android,France,2024-06-05 23:24:05,0,2024-11-28 00:06:55
503,Happy8630,user503@example.com,mobile_ios,US,2024-04-21 16:59:31,1,2024-12-31 12:27:22
504,Happy4990,user504@example.com,mobile_ios,UK,2024-09-18 13:37:31,0,2024-12-30 21:52:23
505,Lucky4636,user505@example.com,alexa,Australia,2024-05-21 23:19:24,0,2024-06-25 00:48:32
506,Trivia8575,user506@example.com,mobile_ios,India,2024-06-01 06:51:28,0,2024-09-15 07:56:32
507,Lucky2392,user507@example.com,mobile_ios,Canada,2024-11-03 14:42:45,0,2024-12-13 23:33:46
508,Cool6461,user508@example.com,mobile_ios,UK,2024-05-12 15:14:22,0,2024-12-27 04:34:15
509,Quick8859,user509@example.com,mobile_ios,UK,2024-04-07 12:29:39,0,2024-09-22 08:58:47
510,Happy2885,user510@example.com,mobile_ios,France,2024-07-02 18:28:14,0,2024-12-14 01:47:58
511,Trivia4337,user511@example.com,mobile_ios,UK,2024-02-19 17:08:26,0,2024-12-29 11:18:35
512,Voice3741,user512@example.com,google_home,Australia,2024-06-20 23:49:38,0,2024-12-31 00:21:44
513,Fun9693,user513@example.com,alexa,France,2024-06-18 13:31:57,0,2024-10-04 05:47:33
514,Voice7836,user514@example.com,mobile_android,UK,2024-11-20 21:14:50,0,2024-12-16 05:57:11
515,Happy6868,user515@example.com,alexa,France,2024-07-14 19:17:26,1,2024-12-30 17:01:23
516,Epic9429,user516@example.com,mobile_android,Mexico,2024-04-12 12:28:34,1,2024-12-12 03:45:07
517,Master5549,user517@example.com,mobile_ios,US,2024-04-02 02:56:32,0,2024-12-25 05:38:50
518,Fun3530,user518@example.com,mobile_ios,US,2024-01-03 16:27:31,0,2024-12-22 10:29:30
519,Trivia7205,user519@example.com,mobile_ios,US,2024-09-07 03:12:19,0,2024-12-27 19:14:50
520,Gamer8845,user520@example.com,alexa,US,2024-07-15 00:10:11,1,2024-12-27 15:39:58
521,Smart393,user521@example.com,mobile_ios,Canada,2024-06-13 19:20:03,0,2024-12-08 16:26:52
522,Trivia1782,user522@example.com,google_home,UK,2024-06-25 11:21:46,0,2024-12-25 06:32:12
523,Happy7569,user523@example.com,mobile_ios,UK,2024-01-24 10:51:25,0,2024-12-29 04:55:26
524,Master5985,user524@example.com,mobile_ios,US,2024-03-09 12:28:42,0,2024-12-18 12:41:40
525,Quick3775,user525@example.com,mobile_ios,US,2024-07-25 00:41:46,0,2024-12-18 19:19:37
526,Brain2117,user526@example.com,google_home,Canada,2024-10-28 18:22:23,1,2024-12-29 13:16:27
527,Gamer9830,user527@example.com,mobile_android,Canada,2024-11-23 09:18:46,0,2024-12-17 17:13:00
528,Quiz6928,user528@example.com,google_home,US,2024-01-11 01:45:22,0,2024-06-09 14:08:33
529,Player5033,user529@example.com,google_home,US,2024-03-19 07:28:54,0,2024-12-12 13:06:10
530,Trivia6962,user530@example.com,mobile_ios,US,2024-11-14 22:03:01,0,2024-12-31 13:56:35
531,Quiz1841,user531@example.com,google_home,Canada,2024-03-01 10:17:34,0,2024-10-30 20:04:21
532,Super6813,user532@example.com,alexa,US,2024-09-24 07:20:33,0,
533,Lucky3942,user533@example.com,alexa,Canada,2024-04-16 17:30:01,0,2024-12-23 11:14:16
534,Trivia1575,user534@example.com,mobile_ios,US,2024-10-20 17:59:23,0,2024-12-08 19:21:56
535,Quick7583,user535@example.com,mobile_android,US,2024-05-11 23:27:34,0,2024-12-24 19:52:55
536,Gamer4860,user536@example.com,google_home,Canada,2024-02-21 06:21:38,0,2024-07-06 09:02:57
537,Gamer258,user537@example.com,mobile_android,Canada,2024-02-29 03:27:31,0,2024-12-30 20:11:55
538,Fun1622,user538@example.com,google_home,US,2024-07-02 15:56:12,1,2024-12-20 11:32:46
539,Fun6419,user539@example.com,mobile_ios,UK,2024-07-23 16:37:19,0,2024-12-30 04:46:15
540,Trivia1060,user540@example.com,mobile_android,France,2024-03-26 04:06:58,1,2024-12-04 09:22:30
541,Pro3069,user541@example.com,mobile_ios,Australia,2024-10-29 17:34:25,0,2024-12-23 10:31:15
542,Master1950,user542@example.com,mobile_android,US,2024-03-07 17:35:18,1,2024-12-26 00:12:52
543,Player8698,user543@example.com,mobile_ios,UK,2024-12-01 11:26:27,0,2024-12-30 01:02:57
544,Quiz7191,user544@example.com,mobile_ios,US,2024-06-22 18:53:59,0,2024-12-13 05:22:45
545,Trivia9247,user545@example.com,mobile_android,Canada,2024-11-24 14:00:46,1,2024-12-29 08:10:19
546,Master8223,user546@example.com,mobile_android,US,2024-03-21 18:24:25,0,2024-12-24 15:23:04
547,Fun924,user547@example.com,google_home,UK,2024-05-03 12:02:51,0,2024-10-09 21:27:48
548,Pro7377,user548@example.com,mobile_ios,US,2024-04-30 02:52:12,0,2024-11-03 19:39:11
549,Quiz8248,user549@example.com,mobile_ios,US,2024-08-16 11:30:26,0,2024-11-04 23:36:56
550,Player1589,user550@example.com,mobile_ios,Brazil,2024-01-19 20:17:04,0,2024-10-20 11:40:05
551,Smart7574,user551@example.com,mobile_android,US,2024-09-17 20:28:26,1,2024-12-30 12:32:23
552,Lucky9277,user552@example.com,mobile_ios,UK,2024-04-24 16:32:46,0,2024-12-25 03:24:11
553,Quiz1696,user553@example.com,mobile_ios,US,2024-07-05 16:28:34,0,
554,Super1841,user554@example.com,alexa,US,2024-11-20 10:37:50,1,2024-12-25 06:46:17
555,Fun3309,user555@example.com,alexa,Japan,2024-07-28 03:53:39,0,2024-12-30 15:38:30
556,Lucky1865,user556@example.com,mobile_ios,US,2024-08-22 06:56:19,0,2024-10-31 14:55:47
557,Pro7593,user557@example.com,mobile_ios,Brazil,2024-10-28 04:29:10,1,2024-12-29 02:21:18
558,Gamer9164,user558@example.com,mobile_android,France,2024-09-12 00:09:28,0,2024-12-26 14:00:44
559,Brain2203,user559@example.com,alexa,Canada,2024-09-17 06:27:06,0,2024-12-01 22:12:10
560,Cool6959,user560@example.com,mobile_android,India,2024-06-13 18:21:14,0,2024-12-27 09:57:08
561,Lucky4919,user561@example.com,google_home,US,2024-05-20 14:29:09,0,2024-12-22 09:15:23
562,Lucky9169,user562@example.com,mobile_ios,US,2024-09-19 10:52:59,0,2024-12-31 08:30:59
563,Trivia3013,user563@example.com,google_home,Canada,2024-05-28 12:34:18,0,2024-12-29 13:09:44
564,Master9648,user564@example.com,google_home,Canada,2024-02-29 12:49:28,0,2024-12-21 16:00:41
565,Epic309,user565@example.com,google_home,US,2024-09-30 10:24:37,1,2024-12-18 17:17:16
566,Fun2736,user566@example.com,mobile_android,Canada,2024-01-29 07:16:41,1,2024-12-29 06:11:18
567,Smart8966,user567@example.com,alexa,Germany,2024-02-01 10:44:44,1,2024-09-20 08:23:01
568,Cool3992,user568@example.com,google_home,Germany,2024-10-14 08:10:00,0,2024-12-28 06:32:24
569,Cool6925,user569@example.com,mobile_android,Brazil,2024-01-25 13:53:34,0,2024-12-26 23:11:31
570,Player4217,user570@example.com,alexa,France,2024-10-09 01:57:31,0,
571,Super9740,user571@example.com,google_home,Canada,2024-08-14 08:12:43,0,2024-12-25 10:11:34
572,Pro3006,user572@example.com,mobile_android,US,2024-04-09 10:42:38,0,2024-12-27 02:36:48
573,Cool765,user573@example.com,google_home,UK,2024-09-20 04:20:43,1,2024-12-25 03:00:09
574,Player5515,user574@example.com,google_home,Japan,2024-10-26 09:17:05,1,2024-12-20 04:31:07
575,Gamer5034,user575@example.com,google_home,UK,2024-06-14 21:43:54,0,2024-11-29 19:01:34
576,Quick3112,user576@example.com,google_home,Germany,2024-06-11 19:07:44,0,2024-12-09 11:28:34
577,Cool1606,user577@example.com,alexa,India,2024-10-05 19:33:10,0,2024-11-19 20:23:28
578,Happy3679,user578@example.com,mobile_android,Canada,2024-06-18 13:08:10,0,2024-12-05 04:34:12
579,Player1979,user579@example.com,mobile_ios,US,2024-10-14 23:38:25,0,2024-12-30 02:10:24
580,Quick753,user580@example.com,mobile_ios,US,2024-11-10 22:36:52,0,2024-12-30 01:23:17
581,Fun8951,user581@example.com,mobile_ios,US,2024-02-28 14:02:57,0,2024-10-12 12:28:33
582,Pro8075,user582@example.com,alexa,India,2024-07-10 18:43:31,0,2024-08-21 03:30:32
583,Quiz2842,user583@example.com,mobile_android,Australia,2024-09-20 02:59:53,0,2024-12-25 21:15:48
584,Smart3592,user584@example.com,mobile_android,US,2024-11-16 02:23:01,1,2024-12-30 12:11:02
585,Voice2619,user585@example.com,alexa,Australia,2024-10-02 15:50:47,1,2024-12-28 01:46:07
586,Brain4227,user586@example.com,google_home,UK,2024-02-07 01:58:33,0,2024-04-11 04:14:05
587,Cool7491,user587@example.com,mobile_ios,US,2024-05-12 14:50:29,1,2024-11-17 12:27:59
588,Player1136,user588@example.com,mobile_ios,UK,2024-03-01 19:28:21,0,2024-03-03 12:50:42
589,Quiz4848,user589@example.com,mobile_ios,US,2024-02-07 13:01:24,1,2024-10-31 04:16:53
590,Cool604,user590@example.com,google_home,UK,2024-08-12 13:53:12,1,2024-12-28 10:27:10
591,Happy2460,user591@example.com,alexa,India,2024-07-19 19:52:09,0,2024-12-23 10:59:56
592,Player9168,user592@example.com,mobile_android,US,2024-11-27 13:35:06,1,2024-12-27 18:34:02
593,Cool8900,user593@example.com,google_home,US,2024-10-20 21:43:24,0,2024-12-27 15:26:23
594,Epic8497,user594@example.com,alexa,US,2024-06-25 07:42:32,0,2024-09-20 13:38:33
595,Quiz3071,user595@example.com,mobile_ios,UK,2024-05-09 07:04:30,1,2024-10-15 07:48:19
596,Voice4862,user596@example.com,mobile_ios,US,2024-10-08 16:47:38,0,2024-12-31 12:30:09
597,Lucky5951,user597@example.com,alexa,Canada,2024-10-24 17:44:17,1,2024-12-19 16:21:10
598,Smart5306,user598@example.com,google_home,US,2024-11-13 02:32:29,0,2024-12-28 04:28:04
599,Super5282,user599@example.com,mobile_android,US,2024-10-26 05:32:54,0,2024-12-19 21:34:31
600,Epic4633,user600@example.com,mobile_ios,US,2024-04-23 23:19:55,0,2024-12-28 23:51:16
601,Pro5977,user601@example.com,mobile_ios,UK,2024-09-02 16:51:06,1,2024-11-01 06:06:15
602,Voice4697,user602@example.com,mobile_android,US,2024-11-26 22:05:11,0,2024-12-31 15:25:47
603,Voice1335,user603@example.com,mobile_android,France,2024-05-14 22:48:52,0,2024-10-26 14:23:07
604,Cool9767,user604@example.com,alexa,US,2024-10-24 21:04:37,0,2024-12-30 21:44:40
605,Trivia6093,user605@example.com,google_home,India,2024-10-03 17:11:19,0,2024-12-30 11:00:01
606,Pro8310,user606@example.com,google_home,US,2024-05-28 04:52:28,0,2024-12-10 13:40:45
607,Brain8523,user607@example.com,alexa,US,2024-05-02 22:21:22,0,2024-12-01 02:43:38
608,Master5978,user608@example.com,alexa,Australia,2024-10-16 05:19:22,0,2024-12-29 01:12:50
609,Quick801,user609@example.com,mobile_ios,UK,2024-05-15 13:27:02,0,2024-12-27 16:00:14
610,Pro860,user610@example.com,alexa,Canada,2024-07-17 17:06:01,1,2024-12-30 02:39:13
611,Fun4414,user611@example.com,google_home,UK,2024-09-23 23:04:02,0,2024-12-31 03:21:42
612,Voice8565,user612@example.com,alexa,Brazil,2024-07-12 13:18:00,0,2024-12-26 12:03:25
613,Super8076,user613@example.com,mobile_ios,India,2024-07-26 12:50:55,1,2024-11-30 04:29:17
614,Brain3868,user614@example.com,alexa,Canada,2024-03-12 16:00:58,0,2024-11-13 05:35:10
615,Super9963,user615@example.com,mobile_ios,US,2024-04-05 05:43:45,0,2024-10-25 06:54:17
616,Master7944,user616@example.com,google_home,UK,2024-06-18 04:07:35,0,2024-11-26 06:38:45
617,Quick806,user617@example.com,alexa,UK,2024-07-29 00:49:02,1,2024-12-12 23:35:22
618,Trivia1016,user618@example.com,alexa,Japan,2024-09-19 01:25:36,0,2024-12-30 13:39:14
619,Player4744,user619@example.com,mobile_android,US,2024-07-26 21:49:18,0,2024-11-23 22:59:00
620,Brain3694,user620@example.com,mobile_ios,Canada,2024-08-29 17:32:13,0,2024-12-30 04:34:41
621,Fun2847,user621@example.com,mobile_ios,US,2024-04-03 22:41:25,0,2024-12-30 17:56:57
622,Quick6296,user622@example.com,google_home,US,2024-10-29 02:30:23,0,2024-12-30 09:42:17
623,Trivia1677,user623@example.com,alexa,India,2024-09-15 15:17:03,0,2024-11-26 04:53:13
624,Quiz1626,user624@example.com,google_home,US,2024-09-29 18:19:32,0,2024-12-23 00:45:32
625,Epic8653,user625@example.com,google_home,France,2024-01-01 23:38:16,0,2024-12-24 23:58:42
626,Master6346,user626@example.com,google_home,Germany,2024-08-07 08:21:19,0,2024-12-22 12:45:46
627,Epic2293,user627@example.com,alexa,Australia,2024-10-21 03:33:27,0,2024-12-28 04:32:42
628,Epic4323,user628@example.com,alexa,Australia,2024-02-12 10:18:48,0,2024-11-02 17:05:00
629,Quiz8615,user629@example.com,alexa,Canada,2024-10-22 19:01:30,0,2024-11-07 13:36:15
630,Super1846,user630@example.com,alexa,Canada,2024-06-10 14:53:08,0,2024-12-30 20:02:23
631,Super4614,user631@example.com,mobile_android,US,2024-10-01 15:25:17,0,2024-12-21 04:34:49
632,Master3028,user632@example.com,google_home,UK,2024-10-09 20:18:00,0,2024-12-29 03:43:59
633,Super6622,user633@example.com,mobile_ios,France,2024-06-06 21:01:53,0,2024-12-05 01:20:27
634,Brain1742,user634@example.com,alexa,US,2024-04-27 16:15:36,0,2024-12-31 15:39:17
635,Gamer2733,user635@example.com,google_home,Canada,2024-10-08 22:21:21,0,2024-12-08 21:12:37
636,Epic1544,user636@example.com,alexa,US,2024-03-15 17:10:22,1,2024-11-04 16:26:21
637,Cool8636,user637@example.com,alexa,Brazil,2024-01-20 13:59:34,1,2024-12-20 02:41:49
638,Master7292,user638@example.com,alexa,France,2024-03-30 23:18:44,0,2024-09-13 14:09:17
639,Smart650,user639@example.com,mobile_ios,UK,2024-09-22 10:24:47,0,2024-12-13 12:24:53
640,Gamer5993,user640@example.com,alexa,US,2024-11-10 06:10:14,0,2024-12-30 06:50:05
641,Super6574,user641@example.com,google_home,US,2024-05-21 14:32:34,1,2024-12-23 12:14:43
642,Happy9260,user642@example.com,mobile_android,US,2024-02-05 03:16:58,0,2024-12-25 01:45:34
643,Smart7550,user643@example.com,mobile_android,UK,2024-05-21 08:14:21,0,2024-12-23 06:20:03
644,Quiz9252,user644@example.com,alexa,US,2024-07-27 18:25:53,0,2024-11-05 20:51:10
645,Fun7354,user645@example.com,mobile_android,UK,2024-09-19 09:22:56,0,2024-12-29 00:46:17
646,Pro9714,user646@example.com,mobile_android,UK,2024-06-22 16:42:22,0,2024-08-07 14:05:37
647,Quick3867,user647@example.com,mobile_ios,US,2024-07-14 23:04:15,0,2024-11-28 04:21:02
648,Fun4167,user648@example.com,alexa,US,2024-10-01 00:21:14,0,2024-12-30 08:10:04
649,Brain7907,user649@example.com,alexa,US,2024-06-24 02:46:05,0,2024-12-24 21:02:32
650,Master3371,user650@example.com,alexa,US,2024-04-03 06:55:25,0,2024-11-29 01:42:58
651,Quick5933,user651@example.com,alexa,US,2024-04-27 07:22:57,0,2024-09-19 13:02:53
652,Player8971,user652@example.com,mobile_android,France,2024-09-09 22:20:55,0,2024-10-27 21:50:35
653,Fun8141,user653@example.com,alexa,Australia,2024-06-10 17:55:32,0,2024-12-07 11:16:51
654,Trivia987,user654@example.com,google_home,US,2024-07-22 08:05:10,0,2024-12-17 23:03:19
655,Super6550,user655@example.com,mobile_android,Australia,2024-01-17 18:17:40,0,2024-12-30 05:59:01
656,Pro5271,user656@example.com,mobile_ios,US,2024-03-02 18:52:02,0,2024-11-22 08:00:31
657,Lucky6024,user657@example.com,mobile_ios,US,2024-10-24 03:40:05,0,2024-12-31 00:48:50
658,Master5721,user658@example.com,google_home,UK,2024-05-01 09:48:31,0,2024-12-10 07:52:30
659,Cool4681,user659@example.com,google_home,UK,2024-07-09 13:17:31,0,2024-12-28 08:15:16
660,Fun3963,user660@example.com,google_home,France,2024-04-27 03:38:10,0,2024-12-21 12:52:23
661,Player2993,user661@example.com,google_home,US,2024-03-17 17:13:15,0,2024-10-17 08:27:05
662,Lucky8072,user662@example.com,alexa,UK,2024-11-18 18:49:25,0,2024-12-24 02:18:28
663,Brain1083,user663@example.com,alexa,US,2024-07-22 03:36:12,0,2024-12-25 13:32:55
664,Lucky4356,user664@example.com,google_home,UK,2024-02-19 16:22:43,0,2024-12-14 22:57:13
665,Player6846,user665@example.com,alexa,France,2024-05-11 12:31:47,0,2024-12-11 02:24:50
666,Brain4763,user666@example.com,google_home,Canada,2024-04-11 21:00:09,0,2024-12-24 17:34:19
667,Cool4794,user667@example.com,google_home,Brazil,2024-08-16 02:51:17,0,2024-12-13 00:03:20
668,Epic9465,user668@example.com,google_home,India,2024-11-23 12:17:02,1,2024-12-25 15:06:12
669,Lucky5291,user669@example.com,mobile_ios,Australia,2024-06-24 08:18:32,0,2024-12-18 15:23:48
670,Pro6050,user670@example.com,mobile_ios,UK,2024-07-21 09:52:33,0,2024-12-29 21:34:53
671,Player2148,user671@example.com,mobile_ios,Canada,2024-03-26 06:41:42,0,2024-12-17 06:16:55
672,Brain6605,user672@example.com,alexa,US,2024-02-10 07:40:00,0,2024-12-12 13:34:30
673,Player6604,user673@example.com,google_home,Mexico,2024-10-07 01:57:35,1,2024-12-30 20:15:17
674,Voice6487,user674@example.com,alexa,US,2024-11-12 05:39:12,0,2024-12-26 14:27:44
675,Trivia8730,user675@example.com,mobile_ios,US,2024-11-16 04:36:09,0,2024-12-29 15:02:58
676,Pro8956,user676@example.com,mobile_android,UK,2024-06-15 17:20:10,1,2024-12-30 19:42:36
677,Pro9340,user677@example.com,google_home,Canada,2024-10-03 06:26:44,0,2024-12-25 17:35:13
678,Quick1567,user678@example.com,google_home,US,2024-06-26 17:32:11,0,2024-11-22 04:01:58
679,Player8674,user679@example.com,mobile_ios,France,2024-06-04 00:23:03,0,2024-12-14 18:02:26
680,Player8159,user680@example.com,mobile_android,UK,2024-08-28 19:28:56,1,2024-12-27 12:02:16
681,Quick218,user681@example.com,google_home,US,2024-08-08 10:39:53,0,2024-12-10 02:42:06
682,Quick2775,user682@example.com,mobile_ios,Canada,2024-08-11 14:22:20,0,2024-12-27 04:56:23
683,Voice7017,user683@example.com,mobile_ios,UK,2024-04-22 09:34:29,0,2024-12-07 11:19:00
684,Happy8815,user684@example.com,mobile_ios,US,2024-11-09 09:53:53,0,2024-12-01 01:30:00
685,Happy1908,user685@example.com,mobile_ios,Canada,2024-04-03 04:58:27,0,2024-12-30 06:27:46
686,Smart5353,user686@example.com,alexa,US,2024-11-14 17:54:46,0,2024-12-28 03:16:43
687,Happy4510,user687@example.com,alexa,US,2024-04-05 03:43:25,1,2024-12-02 08:18:38
688,Player8186,user688@example.com,alexa,US,2024-02-16 05:29:10,0,2024-12-30 15:09:00
689,Pro619,user689@example.com,alexa,France,2024-09-12 13:31:19,0,2024-12-25 19:32:20
690,Cool1269,user690@example.com,google_home,US,2024-01-29 09:42:11,0,2024-10-10 14:51:16
691,Player2098,user691@example.com,mobile_android,Australia,2024-05-08 13:53:34,0,2024-12-27 03:42:27
692,Gamer3363,user692@example.com,google_home,Australia,2024-08-14 08:59:56,0,2024-12-23 21:43:51
693,Cool5213,user693@example.com,mobile_android,US,2024-04-16 17:12:54,0,2024-11-23 06:17:29
694,Quiz4250,user694@example.com,google_home,US,2024-10-08 18:57:58,0,2024-12-22 04:04:15
695,Quiz3966,user695@example.com,mobile_ios,US,2024-01-27 07:55:45,0,2024-12-06 07:46:27
696,Quiz6584,user696@example.com,mobile_ios,US,2024-05-21 21:17:17,1,
697,Trivia6184,user697@example.com,mobile_ios,US,2024-08-31 21:42:26,0,2024-12-29 03:52:08
698,Gamer1079,user698@example.com,google_home,US,2024-11-12 12:19:17,0,2024-12-25 23:36:20
699,Master3912,user699@example.com,alexa,UK,2024-02-24 04:34:52,0,2024-12-11 18:42:45
700,Smart449,user700@example.com,mobile_ios,US,2024-06-26 15:58:23,1,2024-12-22 10:16:47
701,Pro9259,user701@example.com,alexa,Canada,2024-01-21 17:40:09,0,2024-09-01 13:56:11
702,Super5403,user702@example.com,mobile_ios,US,2024-04-05 19:47:33,0,2024-12-28 18:39:18
703,Voice8802,user703@example.com,alexa,US,2024-10-10 05:50:16,0,2024-12-19 06:52:57
704,Player8389,user704@example.com,google_home,US,2024-07-06 16:31:57,1,2024-12-29 22:11:44
705,Quick5354,user705@example.com,mobile_ios,Canada,2024-07-05 22:34:50,0,2024-12-19 12:14:24
706,Master9135,user706@example.com,alexa,US,2024-07-17 06:54:46,0,2024-12-18 20:33:57
707,Quiz8672,user707@example.com,mobile_ios,US,2024-06-13 04:01:18,0,2024-12-06 18:16:09
708,Smart1853,user708@example.com,google_home,US,2024-04-01 01:08:19,0,2024-08-25 06:53:07
709,Master8715,user709@example.com,mobile_ios,UK,2024-07-17 23:57:15,1,2024-12-31 00:06:51
710,Voice314,user710@example.com,mobile_android,US,2024-04-23 22:03:43,0,2024-12-21 18:33:19
711,Gamer6013,user711@example.com,google_home,Japan,2024-02-10 17:02:29,0,2024-12-18 02:40:44
712,Fun8767,user712@example.com,alexa,US,2024-07-07 02:07:21,0,2024-10-16 20:06:22
713,Quiz1758,user713@example.com,mobile_ios,UK,2024-04-20 18:54:49,0,2024-12-17 14:29:08
714,Quick9439,user714@example.com,mobile_ios,US,2024-09-26 23:54:58,0,2024-12-21 20:22:18
715,Super7615,user715@example.com,mobile_ios,US,2024-07-31 03:50:29,1,2024-12-21 02:51:26
716,Cool8368,user716@example.com,alexa,US,2024-04-02 20:01:25,0,2024-11-06 12:22:17
717,Lucky9112,user717@example.com,mobile_android,US,2024-08-14 12:49:39,0,2024-12-25 03:47:56
718,Lucky4043,user718@example.com,google_home,US,2024-11-20 15:40:38,0,2024-12-28 03:18:22
719,Pro7431,user719@example.com,mobile_android,US,2024-05-10 13:06:27,1,2024-10-14 21:29:56
720,Player8580,user720@example.com,alexa,India,2024-05-25 21:41:27,1,2024-12-24 09:16:33
721,Lucky455,user721@example.com,mobile_ios,Japan,2024-04-23 07:49:17,0,2024-12-04 04:29:41
722,Trivia1644,user722@example.com,alexa,US,2024-10-10 18:36:53,1,2024-12-13 05:54:18
723,Quick3917,user723@example.com,alexa,US,2024-07-06 21:11:44,0,2024-12-09 14:24:11
724,Voice5419,user724@example.com,mobile_ios,US,2024-10-18 07:54:59,0,2024-12-28 18:54:09
725,Happy712,user725@example.com,mobile_ios,UK,2024-10-22 03:28:19,1,2024-12-17 12:53:47
726,Super7215,user726@example.com,google_home,France,2024-01-29 12:10:29,0,2024-08-19 07:20:21
727,Player6366,user727@example.com,alexa,UK,2024-04-26 23:46:01,0,2024-10-26 00:04:35
728,Lucky8331,user728@example.com,mobile_ios,US,2024-10-16 05:26:45,0,2024-12-31 01:08:40
729,Voice3738,user729@example.com,google_home,Germany,2024-07-20 16:13:27,1,2024-12-19 05:25:18
730,Master9462,user730@example.com,mobile_ios,UK,2024-06-21 03:00:19,0,2024-12-27 23:52:18
731,Epic2236,user731@example.com,mobile_ios,UK,2024-07-23 18:16:14,0,2024-10-25 15:10:22
732,Smart9294,user732@example.com,mobile_ios,Australia,2024-07-21 23:44:51,0,2024-10-29 07:16:15
733,Epic5398,user733@example.com,mobile_ios,UK,2024-02-06 09:41:38,1,2024-12-10 08:16:35
734,Super5806,user734@example.com,alexa,US,2024-07-30 15:25:14,0,2024-12-26 05:24:29
735,Super7345,user735@example.com,mobile_ios,US,2024-06-05 06:09:44,0,2024-12-30 12:54:44
736,Super2655,user736@example.com,mobile_ios,France,2024-04-29 07:16:13,1,2024-12-29 19:09:33
737,Trivia4813,user737@example.com,alexa,Canada,2024-01-28 08:50:56,1,2024-12-11 02:07:57
738,Player5537,user738@example.com,alexa,UK,2024-08-18 17:09:19,0,2024-12-19 01:49:35
739,Master2415,user739@example.com,mobile_ios,Canada,2024-09-24 09:25:02,0,2024-12-25 18:38:57
740,Fun2890,user740@example.com,alexa,US,2024-09-26 01:34:59,0,2024-12-26 21:56:42
741,Pro236,user741@example.com,alexa,Canada,2024-05-18 01:55:57,0,2024-12-28 22:32:06
742,Player4892,user742@example.com,mobile_android,Canada,2024-07-03 03:55:41,0,2024-12-10 02:05:22
743,Quiz5268,user743@example.com,google_home,UK,2024-07-13 18:30:55,1,2024-12-22 06:34:48
744,Pro9286,user744@example.com,mobile_android,US,2024-04-11 18:13:41,0,2024-12-08 03:11:14
745,Lucky8127,user745@example.com,google_home,US,2024-09-28 11:06:07,0,2024-12-31 09:16:14
746,Happy3969,user746@example.com,mobile_android,Brazil,2024-06-29 12:56:20,0,2024-11-29 21:09:44
747,Fun6443,user747@example.com,mobile_android,Germany,2024-02-01 22:47:03,1,2024-11-04 04:26:16
748,Quick2585,user748@example.com,alexa,US,2024-10-11 10:12:05,1,2024-12-27 21:50:03
749,Quick6937,user749@example.com,alexa,US,2024-07-14 18:57:31,0,2024-12-15 00:52:04
750,Pro8983,user750@example.com,alexa,Canada,2024-11-05 11:59:20,0,2024-12-27 02:03:37
751,Happy8682,user751@example.com,mobile_android,US,2024-04-13 05:01:42,0,2024-11-29 04:32:06
752,Brain5301,user752@example.com,alexa,UK,2024-03-15 23:53:33,0,2024-12-20 23:23:57
753,Trivia583,user753@example.com,mobile_ios,India,2024-04-04 11:33:48,0,2024-12-12 07:27:29
754,Pro4585,user754@example.com,alexa,US,2024-07-29 11:02:40,1,2024-12-31 00:04:02
755,Fun9390,user755@example.com,mobile_ios,UK,2024-01-14 22:16:53,0,2024-11-06 20:09:22
756,Voice7908,user756@example.com,alexa,France,2024-01-14 13:04:49,0,2024-03-18 05:16:24
757,Brain6448,user757@example.com,google_home,US,2024-11-28 13:36:55,0,2024-12-28 10:20:18
758,Player4521,user758@example.com,mobile_android,US,2024-01-17 14:52:34,0,2024-12-21 13:18:04
759,Voice3001,user759@example.com,mobile_android,Mexico,2024-04-13 07:26:52,0,2024-12-24 19:16:03
760,Pro4143,user760@example.com,google_home,Australia,2024-09-07 11:49:44,0,2024-12-27 17:57:53
761,Cool9470,user761@example.com,google_home,UK,2024-07-13 11:23:32,0,2024-10-24 02:40:36
762,Quiz7499,user762@example.com,google_home,France,2024-01-20 18:57:22,0,2024-12-28 21:12:12
763,Cool743,user763@example.com,google_home,UK,2024-05-05 18:53:07,0,2024-09-15 23:58:23
764,Happy7301,user764@example.com,google_home,US,2024-01-26 06:54:44,0,
765,Epic4923,user765@example.com,mobile_ios,US,2024-08-24 06:03:41,0,2024-12-16 05:36:56
766,Pro1581,user766@example.com,mobile_ios,US,2024-03-13 16:52:42,0,2024-12-25 16:10:36
767,Cool6875,user767@example.com,alexa,US,2024-10-06 04:55:34,0,2024-12-30 18:29:04
768,Voice4197,user768@example.com,alexa,Canada,2024-04-13 16:33:16,0,2024-12-21 12:16:14
769,Voice1970,user769@example.com,mobile_ios,Canada,2024-03-24 04:29:53,1,2024-12-29 19:43:42
770,Brain6304,user770@example.com,google_home,US,2024-07-15 18:37:45,0,2024-12-23 00:54:53
771,Trivia2756,user771@example.com,mobile_android,US,2024-06-20 20:35:20,0,2024-12-15 03:33:41
772,Happy7411,user772@example.com,alexa,US,2024-08-02 11:12:58,0,2024-12-26 00:37:31
773,Fun300,user773@example.com,google_home,France,2024-04-13 00:07:43,0,2024-11-01 21:21:18
774,Master3997,user774@example.com,alexa,Canada,2024-01-03 22:08:09,0,2024-12-27 15:45:35
775,Player4109,user775@example.com,mobile_android,US,2024-08-14 02:53:27,0,2024-11-06 00:10:28
776,Brain2529,user776@example.com,alexa,US,2024-04-16 01:46:51,1,2024-11-17 21:07:15
777,Happy5524,user777@example.com,mobile_android,US,2024-01-17 21:02:51,0,2024-11-20 23:10:25
778,Happy9847,user778@example.com,google_home,UK,2024-04-01 05:52:26,0,2024-11-29 03:53:55
779,Gamer1625,user779@example.com,mobile_ios,US,2024-10-23 13:06:50,0,2024-12-31 07:53:08
780,Voice4897,user780@example.com,google_home,US,2024-02-04 15:33:30,0,2024-11-13 16:19:05
781,Epic8695,user781@example.com,alexa,US,2024-06-17 19:11:21,1,2024-11-10 21:35:26
782,Voice8024,user782@example.com,mobile_ios,Canada,2024-10-19 22:54:01,0,2024-12-29 05:29:28
783,Lucky4354,user783@example.com,google_home,Mexico,2024-05-27 15:32:54,0,2024-12-08 20:12:58
784,Master8614,user784@example.com,mobile_ios,UK,2024-03-07 22:21:56,0,2024-12-12 16:31:57
785,Happy3271,user785@example.com,alexa,US,2024-11-08 08:28:23,0,2024-12-31 07:31:34
786,Epic6883,user786@example.com,alexa,US,2024-03-01 07:32:55,0,2024-12-29 15:27:12
787,Smart4714,user787@example.com,alexa,US,2024-04-18 00:24:40,0,2024-11-20 03:07:58
788,Player1965,user788@example.com,mobile_ios,US,2024-10-08 11:47:37,0,2024-12-29 20:50:40
789,Brain3278,user789@example.com,alexa,US,2024-11-11 01:03:36,0,2024-12-30 17:40:23
790,Trivia7988,user790@example.com,alexa,UK,2024-08-30 01:17:40,0,2024-12-25 18:38:47
791,Epic1017,user791@example.com,mobile_ios,US,2024-06-20 16:50:16,0,2024-12-18 09:54:17
792,Player3512,user792@example.com,google_home,US,2024-06-10 20:12:48,0,2024-09-21 17:22:58
793,Trivia4695,user793@example.com,mobile_ios,US,2024-06-30 02:24:38,0,2024-12-08 11:01:26
794,Cool3170,user794@example.com,google_home,France,2024-09-30 06:02:33,0,2024-12-28 04:20:26
795,Fun6880,user795@example.com,alexa,France,2024-06-10 01:09:05,0,2024-11-15 15:22:00
796,Happy2967,user796@example.com,alexa,Germany,2024-06-03 07:52:09,0,2024-12-23 16:22:24
797,Player8007,user797@example.com,mobile_android,US,2024-02-17 16:09:26,0,2024-12-08 05:16:39
798,Happy5463,user798@example.com,alexa,France,2024-09-04 19:03:52,0,2024-12-26 07:53:59
799,Smart698,user799@example.com,google_home,Australia,2024-09-21 04:49:55,0,
800,Gamer9836,user800@example.com,mobile_android,US,2024-01-03 11:19:20,0,2024-12-18 12:07:04
801,Happy468,user801@example.com,google_home,US,2024-02-22 18:57:13,0,2024-12-29 16:29:01
802,Smart4795,user802@example.com,alexa,US,2024-06-13 07:18:07,0,2024-12-30 17:05:40
803,Trivia2680,user803@example.com,alexa,US,2024-03-01 09:55:37,0,2024-09-04 07:32:27
804,Smart8988,user804@example.com,google_home,US,2024-09-20 03:43:38,1,2024-12-16 23:20:02
805,Quick2906,user805@example.com,alexa,Canada,2024-05-25 20:54:06,0,2024-12-19 21:11:31
806,Trivia575,user806@example.com,google_home,Canada,2024-08-15 01:50:48,1,
807,Epic6521,user807@example.com,alexa,UK,2024-01-28 03:08:07,0,2024-03-07 06:38:48
808,Super5219,user808@example.com,alexa,US,2024-08-16 22:26:21,0,2024-11-22 19:07:38
809,Pro9402,user809@example.com,alexa,Germany,2024-09-30 02:51:35,0,2024-11-29 09:09:35
810,Pro5185,user810@example.com,mobile_ios,Australia,2024-08-27 03:32:28,0,2024-12-25 01:37:16
811,Trivia4327,user811@example.com,mobile_android,US,2024-04-28 08:08:53,0,2024-12-07 20:57:53
812,Pro8087,user812@example.com,alexa,UK,2024-06-18 11:49:27,0,2024-11-27 11:26:29
813,Happy5811,user813@example.com,mobile_ios,US,2024-08-24 06:13:07,1,2024-12-18 22:41:51
814,Voice5049,user814@example.com,google_home,US,2024-02-24 11:51:52,0,2024-12-24 10:00:12
815,Brain8003,user815@example.com,google_home,US,2024-11-13 08:52:21,0,2024-12-31 00:16:20
816,Epic9393,user816@example.com,mobile_ios,UK,2024-10-29 15:41:51,0,2024-12-28 02:39:42
817,Master1973,user817@example.com,google_home,UK,2024-02-09 20:54:20,0,2024-10-26 04:18:02
818,Happy6748,user818@example.com,alexa,US,2024-08-15 06:24:51,0,2024-12-26 22:39:29
819,Master1107,user819@example.com,alexa,Germany,2024-07-13 11:55:14,0,2024-12-24 18:55:03
820,Trivia2544,user820@example.com,google_home,US,2024-11-21 00:00:24,0,2024-12-13 21:21:10
821,Smart5287,user821@example.com,alexa,Germany,2024-08-16 07:07:26,0,2024-09-03 13:54:06
822,Voice9647,user822@example.com,alexa,Mexico,2024-08-10 12:32:03,0,2024-10-11 15:16:09
823,Gamer6149,user823@example.com,mobile_android,Brazil,2024-03-06 10:42:39,1,2024-12-24 08:21:04
824,Quiz4723,user824@example.com,mobile_android,US,2024-10-13 13:04:46,0,2024-12-24 03:51:03
825,Lucky6371,user825@example.com,google_home,US,2024-07-20 22:45:48,0,2024-12-03 18:42:52
826,Trivia3183,user826@example.com,google_home,France,2024-03-29 17:17:22,0,2024-12-08 17:09:23
827,Happy2156,user827@example.com,alexa,US,2024-08-01 05:37:00,1,2024-12-20 02:45:37
828,Epic2324,user828@example.com,alexa,Canada,2024-09-06 23:57:15,0,2024-12-31 03:48:44
829,Epic3045,user829@example.com,google_home,US,2024-08-21 22:00:23,0,2024-12-24 16:29:26
830,Quick3144,user830@example.com,google_home,US,2024-07-15 12:56:10,0,2024-12-28 04:15:36
831,Fun6831,user831@example.com,mobile_android,UK,2024-05-01 18:16:02,1,2024-08-13 12:30:54
832,Master6138,user832@example.com,alexa,UK,2024-01-20 20:41:08,0,2024-12-17 20:18:23
833,Fun7717,user833@example.com,google_home,UK,2024-03-13 19:09:57,0,2024-12-11 13:57:47
834,Voice8934,user834@example.com,mobile_ios,US,2024-05-05 17:12:05,1,2024-10-25 17:17:12
835,Player7781,user835@example.com,google_home,India,2024-06-24 19:28:47,0,2024-12-08 06:13:56
836,Super4927,user836@example.com,alexa,US,2024-06-18 15:19:43,0,2024-12-31 02:26:10
837,Fun1106,user837@example.com,mobile_ios,UK,2024-06-04 20:31:26,0,2024-12-27 13:03:13
838,Player4799,user838@example.com,google_home,US,2024-05-29 22:43:50,1,2024-12-30 14:32:02
839,Trivia4703,user839@example.com,alexa,US,2024-05-22 09:10:36,0,2024-12-25 22:01:07
840,Trivia7417,user840@example.com,google_home,US,2024-11-05 06:21:26,0,2024-12-23 08:39:28
841,Brain8740,user841@example.com,mobile_android,US,2024-04-30 17:39:19,1,2024-12-31 01:32:03
842,Trivia8225,user842@example.com,mobile_ios,US,2024-03-15 21:40:59,0,2024-11-06 18:16:14
843,Brain3554,user843@example.com,google_home,France,2024-08-13 23:12:48,1,2024-12-28 07:33:40
844,Gamer2845,user844@example.com,google_home,UK,2024-05-15 04:13:23,0,2024-12-08 03:54:40
845,Cool6490,user845@example.com,google_home,US,2024-09-29 08:30:26,0,2024-11-28 16:22:25
846,Pro6358,user846@example.com,mobile_ios,Brazil,2024-01-07 10:30:52,0,2024-12-30 13:08:50
847,Super7174,user847@example.com,mobile_ios,Canada,2024-01-22 03:32:41,0,2024-12-15 02:44:40
848,Quiz4283,user848@example.com,mobile_ios,US,2024-05-18 09:43:27,0,2024-09-01 00:24:12
849,Smart8618,user849@example.com,alexa,Canada,2024-05-03 21:26:05,0,2024-12-29 21:44:07
850,Player1213,user850@example.com,alexa,US,2024-10-07 00:23:06,1,2024-12-29 19:57:14
851,Quick4741,user851@example.com,alexa,US,2024-08-16 12:47:53,0,2024-12-29 08:33:42
852,Smart9920,user852@example.com,mobile_ios,Australia,2024-01-30 21:37:54,1,2024-12-23 15:05:59
853,Cool9374,user853@example.com,mobile_ios,US,2024-11-05 04:43:47,1,2024-12-29 10:30:35
854,Happy7750,user854@example.com,mobile_ios,US,2024-04-04 09:13:25,0,2024-12-17 18:53:19
855,Lucky4316,user855@example.com,alexa,US,2024-05-21 15:32:45,0,2024-09-17 07:48:55
856,Lucky1084,user856@example.com,alexa,Germany,2024-07-14 14:08:53,0,2024-09-16 12:23:41
857,Smart6532,user857@example.com,alexa,UK,2024-02-05 17:54:10,1,2024-08-10 09:42:10
858,Quiz7334,user858@example.com,mobile_ios,US,2024-08-08 07:57:04,1,2024-12-25 21:21:23
859,Pro407,user859@example.com,mobile_android,US,2024-10-19 09:07:26,0,2024-12-05 20:30:20
860,Fun2583,user860@example.com,mobile_ios,India,2024-01-20 14:13:01,0,2024-11-17 14:35:21
861,Master7244,user861@example.com,google_home,Australia,2024-09-20 17:51:54,0,2024-11-28 10:35:45
862,Quick154,user862@example.com,google_home,Canada,2024-02-05 19:39:55,0,2024-10-13 08:12:22
863,Super5563,user863@example.com,mobile_ios,US,2024-03-03 20:39:09,0,2024-12-31 20:38:07
864,Super8859,user864@example.com,mobile_android,US,2024-11-27 03:18:03,0,2024-12-10 06:12:47
865,Smart2993,user865@example.com,google_home,Brazil,2024-05-28 23:35:07,0,2024-12-21 22:29:14
866,Quiz5986,user866@example.com,google_home,India,2024-06-02 14:12:11,0,2024-08-22 23:44:43
867,Gamer3263,user867@example.com,alexa,Mexico,2024-04-07 05:05:42,0,2024-12-14 04:12:04
868,Happy8286,user868@example.com,google_home,France,2024-07-18 02:17:36,0,2024-12-17 02:40:21
869,Lucky1018,user869@example.com,alexa,Australia,2024-01-09 01:20:55,0,2024-12-17 07:12:54
870,Pro8891,user870@example.com,alexa,UK,2024-04-18 23:48:21,0,2024-11-21 22:48:56
871,Master412,user871@example.com,google_home,India,2024-01-19 05:09:18,1,2024-12-16 18:15:01
872,Player2922,user872@example.com,mobile_ios,India,2024-11-28 04:45:09,0,2024-12-26 13:43:05
873,Brain9783,user873@example.com,alexa,Germany,2024-02-19 16:36:33,1,2024-12-30 08:41:32
874,Quick1133,user874@example.com,mobile_ios,US,2024-10-31 22:24:51,0,2024-12-27 19:00:59
875,Quiz9536,user875@example.com,google_home,US,2024-07-24 11:48:18,0,2024-12-02 19:29:26
876,Brain5596,user876@example.com,alexa,US,2024-04-19 01:39:35,0,
877,Brain7287,user877@example.com,alexa,UK,2024-03-27 13:28:07,1,2024-12-28 22:09:32
878,Cool2684,user878@example.com,alexa,UK,2024-11-19 22:17:53,1,2024-12-01 13:22:05
879,Happy6919,user879@example.com,mobile_ios,Germany,2024-04-01 03:14:43,0,2024-12-30 11:52:45
880,Trivia4539,user880@example.com,google_home,US,2024-03-05 07:30:21,0,2024-12-28 21:26:04
881,Brain8290,user881@example.com,mobile_ios,US,2024-11-08 01:22:11,0,2024-12-31 00:01:19
882,Epic174,user882@example.com,google_home,US,2024-06-03 12:39:53,0,2024-12-27 03:25:37
883,Super8942,user883@example.com,google_home,UK,2024-02-18 22:32:03,0,2024-12-08 17:20:37
884,Gamer3273,user884@example.com,alexa,US,2024-04-16 10:03:51,0,2024-12-29 00:46:39
885,Brain2717,user885@example.com,mobile_ios,US,2024-08-30 18:06:50,0,2024-12-27 17:27:00
886,Epic4218,user886@example.com,alexa,Germany,2024-05-25 07:37:51,0,2024-11-13 10:30:18
887,Gamer8904,user887@example.com,alexa,Germany,2024-01-23 03:48:06,0,2024-12-24 17:13:05
888,Quick7387,user888@example.com,google_home,US,2024-02-29 02:34:47,0,2024-12-27 17:43:17
889,Quiz5443,user889@example.com,alexa,US,2024-06-15 08:22:34,0,2024-12-30 03:39:00
890,Quick1304,user890@example.com,google_home,UK,2024-04-12 13:40:21,0,2024-11-09 23:06:07
891,Pro3017,user891@example.com,google_home,US,2024-03-15 07:52:13,0,2024-12-22 15:19:46
892,Fun3413,user892@example.com,alexa,US,2024-11-19 13:03:21,0,2024-12-30 06:17:51
893,Quiz7727,user893@example.com,google_home,US,2024-05-23 04:58:11,0,2024-12-29 03:39:50
894,Brain2884,user894@example.com,google_home,UK,2024-05-31 21:58:39,0,2024-12-29 02:25:47
895,Master3646,user895@example.com,google_home,France,2024-07-29 18:59:49,0,2024-12-17 04:34:03
896,Quick5462,user896@example.com,google_home,US,2024-08-07 08:58:49,0,2024-12-29 13:00:07
897,Player6944,user897@example.com,mobile_android,US,2024-03-17 20:53:16,0,2024-11-14 06:34:41
898,Epic8801,user898@example.com,google_home,Germany,2024-09-15 01:13:26,0,2024-12-24 18:35:33
899,Master4040,user899@example.com,alexa,Australia,2024-02-20 16:28:22,0,2024-12-12 19:01:04
900,Trivia5972,user900@example.com,alexa,Canada,2024-07-27 07:56:14,1,2024-12-29 02:46:35
901,Brain7624,user901@example.com,mobile_android,Australia,2024-09-02 11:05:55,1,2024-11-10 14:42:30
902,Trivia6741,user902@example.com,alexa,France,2024-08-20 16:53:06,0,2024-10-31 21:02:28
903,Voice6405,user903@example.com,mobile_android,US,2024-11-20 00:02:58,1,2024-12-25 09:25:29
904,Smart1426,user904@example.com,mobile_ios,US,2024-08-06 09:49:21,0,2024-12-09 23:20:06
905,Gamer1918,user905@example.com,google_home,UK,2024-09-20 13:15:08,1,2024-12-07 10:55:21
906,Voice9287,user906@example.com,mobile_ios,US,2024-07-06 06:22:52,0,2024-12-09 20:09:51
907,Quiz7939,user907@example.com,mobile_ios,Australia,2024-05-02 19:38:50,0,2024-10-14 08:49:55
908,Lucky5878,user908@example.com,mobile_android,UK,2024-04-17 08:12:28,0,2024-12-16 19:13:40
909,Super5756,user909@example.com,google_home,UK,2024-01-28 02:18:25,0,2024-12-08 15:30:14
910,Happy7505,user910@example.com,mobile_ios,Germany,2024-08-28 19:21:57,0,2024-12-31 03:04:29
911,Pro1530,user911@example.com,alexa,India,2024-02-03 06:51:27,0,2024-12-04 05:40:40
912,Brain4621,user912@example.com,alexa,US,2024-02-09 03:58:54,0,2024-05-23 07:32:21
913,Player4903,user913@example.com,google_home,Canada,2024-04-14 18:57:27,0,2024-12-15 22:53:21
914,Epic7372,user914@example.com,mobile_ios,US,2024-08-30 12:37:22,0,2024-12-07 10:27:51
915,Lucky6845,user915@example.com,google_home,Canada,2024-01-12 08:27:31,0,2024-12-26 02:17:34
916,Pro7603,user916@example.com,alexa,US,2024-09-05 21:36:12,0,2024-12-21 16:16:46
917,Quick8033,user917@example.com,google_home,US,2024-03-28 09:27:59,0,2024-12-28 15:40:45
918,Happy7569,user918@example.com,mobile_android,Canada,2024-03-16 12:51:24,0,2024-12-11 20:56:57
919,Brain2973,user919@example.com,mobile_ios,Canada,2024-10-01 10:23:07,0,2024-12-28 05:06:43
920,Quick2015,user920@example.com,alexa,US,2024-03-19 05:52:15,1,2024-12-27 22:34:40
921,Brain3461,user921@example.com,google_home,US,2024-05-13 13:27:33,0,2024-10-15 08:44:36
922,Super7447,user922@example.com,google_home,US,2024-06-25 05:23:11,0,2024-12-25 09:51:23
923,Master2481,user923@example.com,mobile_android,Japan,2024-01-13 14:43:46,0,2024-12-28 17:06:05
924,Lucky4942,user924@example.com,google_home,US,2024-10-06 18:28:27,0,2024-12-28 03:50:04
925,Pro5649,user925@example.com,mobile_ios,Australia,2024-10-20 05:21:18,0,2024-12-05 04:14:39
926,Quiz5147,user926@example.com,alexa,Canada,2024-03-12 20:03:35,0,2024-10-21 22:58:47
927,Lucky1001,user927@example.com,mobile_ios,US,2024-07-01 03:22:01,0,2024-12-27 02:18:36
928,Player1469,user928@example.com,google_home,US,2024-05-22 07:07:32,0,2024-11-21 08:13:20
929,Cool3285,user929@example.com,google_home,Canada,2024-02-14 18:38:01,0,2024-12-07 15:47:02
930,Cool2523,user930@example.com,mobile_ios,US,2024-01-29 13:08:45,0,2024-11-06 10:47:16
931,Super5856,user931@example.com,alexa,US,2024-01-07 10:21:49,0,2024-12-28 05:02:16
932,Epic7349,user932@example.com,alexa,Germany,2024-04-20 16:10:24,0,2024-10-08 13:20:17
933,Trivia9720,user933@example.com,google_home,US,2024-08-05 15:04:49,0,2024-12-15 08:38:03
934,Voice9777,user934@example.com,mobile_ios,US,2024-09-25 12:12:43,0,2024-12-07 19:10:52
935,Brain9206,user935@example.com,google_home,UK,2024-05-19 15:05:31,0,2024-12-18 09:38:37
936,Cool4842,user936@example.com,google_home,US,2024-04-12 06:46:20,0,2024-12-25 20:18:17
937,Master9263,user937@example.com,mobile_ios,US,2024-10-26 11:03:54,0,2024-12-28 17:24:26
938,Happy7842,user938@example.com,alexa,Canada,2024-03-19 09:33:49,0,2024-07-23 20:01:16
939,Quick566,user939@example.com,alexa,US,2024-04-01 17:54:32,0,2024-12-20 14:39:16
940,Super9620,user940@example.com,google_home,US,2024-02-04 21:48:17,0,2024-12-26 23:09:22
941,Super8497,user941@example.com,mobile_ios,US,2024-08-31 04:21:14,0,2024-12-10 22:00:05
942,Trivia5337,user942@example.com,google_home,Canada,2024-10-24 02:07:49,0,2024-12-14 18:26:22
943,Super6973,user943@example.com,mobile_ios,Brazil,2024-01-28 09:55:39,1,2024-12-15 23:58:27
944,Voice8519,user944@example.com,alexa,Canada,2024-05-29 19:16:57,0,2024-12-30 18:37:55
945,Lucky5280,user945@example.com,mobile_ios,Canada,2024-11-02 06:05:06,0,2024-12-28 11:20:24
946,Super2454,user946@example.com,alexa,UK,2024-07-04 03:29:21,0,2024-12-25 12:43:55
947,Lucky2771,user947@example.com,alexa,US,2024-09-05 15:00:00,0,2024-12-27 06:35:18
948,Quiz6937,user948@example.com,google_home,US,2024-04-06 20:20:24,0,2024-11-16 22:52:32
949,Super5204,user949@example.com,mobile_ios,US,2024-01-09 17:27:31,0,2024-11-28 09:33:46
950,Lucky2921,user950@example.com,mobile_ios,US,2024-11-01 19:02:46,0,2024-12-29 14:27:04
951,Trivia3812,user951@example.com,alexa,US,2024-04-23 04:41:10,0,2024-12-22 00:04:57
952,Voice408,user952@example.com,mobile_ios,Australia,2024-08-05 04:04:03,1,
953,Gamer7785,user953@example.com,alexa,US,2024-02-25 01:11:38,1,2024-12-13 14:22:29
954,Quiz9959,user954@example.com,alexa,India,2024-01-06 03:30:48,0,2024-03-16 02:38:22
955,Voice2484,user955@example.com,mobile_ios,Japan,2024-06-28 01:03:55,0,2024-11-16 09:52:10
956,Brain8302,user956@example.com,mobile_ios,Canada,2024-06-27 12:49:23,0,2024-12-10 13:09:44
957,Player8764,user957@example.com,alexa,US,2024-02-04 03:36:29,0,2024-10-29 14:49:11
958,Quiz3606,user958@example.com,mobile_android,France,2024-10-02 00:09:27,0,2024-11-25 03:28:41
959,Pro1858,user959@example.com,alexa,US,2024-10-28 06:44:24,0,2024-12-27 00:43:32
960,Quick6777,user960@example.com,alexa,Mexico,2024-04-19 18:43:23,1,2024-12-19 01:49:07
961,Trivia8223,user961@example.com,mobile_ios,Australia,2024-02-26 18:55:21,0,2024-12-26 11:00:18
962,Lucky8188,user962@example.com,alexa,US,2024-01-21 02:59:40,0,2024-05-18 02:23:02
963,Quick9175,user963@example.com,google_home,Mexico,2024-06-08 16:09:50,0,2024-07-30 22:29:21
964,Super3037,user964@example.com,alexa,Canada,2024-02-05 17:19:07,0,2024-12-17 07:27:34
965,Voice2053,user965@example.com,alexa,US,2024-07-21 15:56:57,0,2024-12-01 20:51:45
966,Voice6059,user966@example.com,mobile_android,US,2024-02-22 06:08:34,0,2024-12-29 23:49:56
967,Quick7058,user967@example.com,mobile_ios,US,2024-07-25 04:28:10,0,2024-11-23 12:01:22
968,Fun6657,user968@example.com,google_home,Canada,2024-10-24 21:36:50,0,2024-12-31 04:40:47
969,Fun2514,user969@example.com,mobile_ios,US,2024-09-05 18:37:12,0,2024-12-31 14:32:47
970,Trivia586,user970@example.com,alexa,US,2024-09-11 08:24:14,1,2024-12-30 15:07:32
971,Cool5456,user971@example.com,alexa,Canada,2024-01-14 06:31:14,1,2024-12-27 00:30:05
972,Master7735,user972@example.com,alexa,Canada,2024-02-09 18:55:50,0,2024-11-28 16:06:36
973,Lucky8956,user973@example.com,google_home,Brazil,2024-05-13 19:44:58,1,2024-10-22 17:01:45
974,Cool7474,user974@example.com,alexa,US,2024-08-08 04:20:15,0,2024-12-29 18:25:54
975,Happy2789,user975@example.com,google_home,US,2024-01-17 06:26:22,0,2024-12-08 02:23:32
976,Master9173,user976@example.com,mobile_ios,UK,2024-09-06 03:58:56,0,2024-11-30 20:35:43
977,Gamer6512,user977@example.com,alexa,UK,2024-03-21 18:26:52,0,2024-10-18 11:52:49
978,Lucky1106,user978@example.com,alexa,US,2024-06-29 10:21:21,0,2024-12-13 01:00:02
979,Player5691,user979@example.com,google_home,US,2024-06-27 21:15:41,0,2024-12-31 21:48:15
980,Gamer4101,user980@example.com,alexa,Canada,2024-07-29 12:47:21,0,2024-12-30 17:03:44
981,Quiz5631,user981@example.com,alexa,UK,2024-02-03 11:06:05,1,2024-12-18 10:23:46
982,Epic4468,user982@example.com,alexa,UK,2024-08-04 20:40:55,1,2024-12-28 20:44:05
983,Cool5382,user983@example.com,google_home,Germany,2024-06-11 13:45:10,1,2024-08-07 13:28:47
984,Master8337,user984@example.com,mobile_ios,Canada,2024-04-15 12:13:55,0,2024-09-30 14:26:12
985,Epic3405,user985@example.com,google_home,France,2024-06-02 13:13:42,0,2024-12-17 21:59:19
986,Happy4444,user986@example.com,alexa,Mexico,2024-10-01 07:47:39,0,2024-12-22 16:13:36
987,Voice9573,user987@example.com,alexa,US,2024-04-25 22:44:23,1,2024-10-05 12:21:00
988,Epic3536,user988@example.com,alexa,US,2024-09-28 17:18:14,0,2024-12-21 03:11:04
989,Epic8946,user989@example.com,alexa,US,2024-09-15 10:55:09,0,2024-12-27 17:50:59
990,Brain404,user990@example.com,mobile_ios,UK,2024-09-20 16:30:05,0,2024-12-24 06:08:36
991,Pro4489,user991@example.com,mobile_android,UK,2024-09-12 07:45:12,0,2024-12-26 18:56:40
992,Gamer8656,user992@example.com,alexa,UK,2024-08-10 20:36:42,0,2024-11-20 21:58:11
993,Epic5320,user993@example.com,mobile_android,India,2024-06-02 15:51:07,0,2024-11-22 13:39:01
994,Happy2731,user994@example.com,alexa,Canada,2024-07-30 09:43:07,0,2024-12-27 08:59:04
995,Smart553,user995@example.com,alexa,Germany,2024-02-28 05:27:35,0,2024-12-29 08:32:21
996,Epic706,user996@example.com,alexa,US,2024-10-13 15:52:44,1,2024-12-30 21:29:24
997,Brain791,user997@example.com,mobile_android,UK,2024-05-22 23:58:53,1,2024-12-25 10:52:43
998,Happy1141,user998@example.com,mobile_android,US,2024-02-12 11:25:44,0,2024-12-04 07:52:21
999,Trivia3967,user999@example.com,alexa,Australia,2024-02-16 14:27:01,0,2024-12-15 09:02:34
1000,Fun8233,user1000@example.com,mobile_android,US,2024-09-24 21:07:56,1,2024-12-24 11:24:02
1001,Cool3965,user1001@example.com,mobile_android,US,2024-06-09 11:59:20,1,2024-12-20 13:21:11
1002,Pro6790,user1002@example.com,alexa,UK,2024-04-19 09:59:45,0,2024-12-25 13:01:56
1003,Lucky9041,user1003@example.com,google_home,Canada,2024-07-10 04:06:46,0,2024-12-13 23:39:46
1004,Master6125,user1004@example.com,mobile_ios,US,2024-03-15 13:12:58,0,2024-09-03 17:29:32
1005,Gamer4026,user1005@example.com,alexa,US,2024-11-06 01:16:02,0,2024-12-28 14:13:07
1006,Quick7348,user1006@example.com,google_home,India,2024-07-04 04:26:37,0,2024-12-16 23:39:25
1007,Voice3957,user1007@example.com,alexa,France,2024-05-10 10:57:18,0,2024-12-26 23:28:14
1008,Lucky6756,user1008@example.com,mobile_ios,US,2024-08-12 22:59:12,1,2024-12-22 20:10:16
1009,Epic5551,user1009@example.com,mobile_ios,France,2024-09-08 17:09:06,0,2024-12-04 15:43:52
1010,Voice5864,user1010@example.com,google_home,Australia,2024-03-23 09:30:05,0,2024-07-07 11:34:34
1011,Player953,user1011@example.com,mobile_ios,US,2024-06-16 16:30:09,0,2024-11-15 17:27:17
1012,Player6664,user1012@example.com,alexa,US,2024-11-24 04:57:17,0,2024-12-29 04:48:22
1013,Quick8560,user1013@example.com,mobile_ios,Australia,2024-02-26 05:44:46,0,2024-12-27 10:17:30
1014,Epic5333,user1014@example.com,google_home,France,2024-03-07 21:37:38,1,2024-10-17 01:30:51
1015,Lucky4716,user1015@example.com,alexa,US,2024-03-29 21:35:28,0,2024-12-02 06:29:24
1016,Quick439,user1016@example.com,mobile_android,Japan,2024-07-12 20:46:02,0,2024-12-28 18:21:17
1017,Voice7676,user1017@example.com,alexa,Australia,2024-11-16 08:19:37,0,2024-12-18 03:12:41
1018,Epic9936,user1018@example.com,alexa,US,2024-07-24 22:30:03,0,2024-12-21 14:38:31
1019,Player8715,user1019@example.com,google_home,India,2024-10-17 04:16:21,0,2024-12-31 02:05:07
1020,Quick3428,user1020@example.com,alexa,France,2024-09-10 04:18:53,0,2024-12-14 08:41:16
1021,Cool2233,user1021@example.com,google_home,US,2024-05-27 17:59:31,0,2024-09-18 15:13:11
1022,Epic3055,user1022@example.com,google_home,US,2024-05-24 06:53:40,0,2024-12-06 08:32:28
1023,Pro4168,user1023@example.com,google_home,Canada,2024-05-14 08:34:25,0,2024-12-14 21:34:26
1024,Trivia5396,user1024@example.com,mobile_android,US,2024-01-06 17:04:17,0,2024-12-30 05:18:26
1025,Fun1296,user1025@example.com,alexa,US,2024-07-15 15:24:41,0,2024-10-17 21:56:56
1026,Super9901,user1026@example.com,mobile_ios,Germany,2024-04-30 17:08:46,1,2024-11-27 05:47:14
1027,Cool5056,user1027@example.com,mobile_android,Canada,2024-09-15 22:33:39,1,2024-12-27 16:38:26
1028,Brain4364,user1028@example.com,alexa,UK,2024-10-13 01:29:50,0,2024-12-30 04:18:16
1029,Voice5298,user1029@example.com,mobile_ios,US,2024-08-27 04:48:10,0,2024-12-15 00:09:15
1030,Trivia8279,user1030@example.com,mobile_android,France,2024-06-09 01:36:28,0,2024-12-21 13:45:43
1031,Fun4421,user1031@example.com,google_home,US,2024-08-08 10:18:03,0,2024-11-14 00:57:33
1032,Pro971,user1032@example.com,alexa,US,2024-09-08 05:30:26,0,2024-12-18 11:20:35
1033,Brain7753,user1033@example.com,google_home,Mexico,2024-08-28 09:28:28,0,2024-10-15 03:33:02
1034,Super9289,user1034@example.com,google_home,UK,2024-01-21 16:04:30,0,2024-05-21 20:50:25
1035,Super1633,user1035@example.com,alexa,US,2024-03-16 04:30:07,0,2024-12-08 09:43:49
1036,Smart9660,user1036@example.com,mobile_android,US,2024-09-17 09:55:55,0,2024-12-27 19:42:36
1037,Voice4133,user1037@example.com,mobile_ios,Canada,2024-04-02 15:09:40,0,2024-08-18 08:34:09
1038,Quiz6558,user1038@example.com,google_home,Japan,2024-01-14 10:21:01,1,2024-12-14 21:56:09
1039,Player1428,user1039@example.com,google_home,Australia,2024-06-14 05:35:55,0,2024-12-21 07:33:13
1040,Player5497,user1040@example.com,mobile_android,Canada,2024-11-17 09:48:20,0,2024-12-15 03:43:27
1041,Trivia3563,user1041@example.com,mobile_android,Germany,2024-06-15 20:43:20,0,2024-10-29 14:50:25
1042,Cool1616,user1042@example.com,google_home,US,2024-01-29 02:34:29,0,2024-12-20 03:10:29
1043,Player3511,user1043@example.com,alexa,Australia,2024-07-23 03:14:50,0,2024-10-22 23:19:54
1044,Quiz4991,user1044@example.com,google_home,US,2024-11-30 05:36:42,0,2024-12-29 15:49:19
1045,Trivia5982,user1045@example.com,mobile_ios,France,2024-06-07 21:58:23,0,2024-12-31 04:21:56
1046,Cool7905,user1046@example.com,alexa,Canada,2024-09-07 16:13:05,1,2024-12-29 22:54:12
1047,Brain7212,user1047@example.com,mobile_ios,US,2024-08-04 13:24:25,0,2024-10-12 13:43:54
1048,Trivia8215,user1048@example.com,google_home,Canada,2024-08-25 08:09:50,1,2024-12-28 15:55:45
1049,Voice7925,user1049@example.com,alexa,Mexico,2024-08-27 15:55:25,0,2024-12-30 22:19:00
1050,Epic4941,user1050@example.com,google_home,UK,2024-06-02 09:03:11,0,2024-11-16 19:59:39
1051,Epic6866,user1051@example.com,alexa,Canada,2024-09-19 03:55:07,0,2024-12-30 14:44:11
1052,Fun9693,user1052@example.com,alexa,UK,2024-05-09 12:56:30,1,2024-11-21 19:28:43
1053,Brain6538,user1053@example.com,alexa,US,2024-08-24 06:32:14,0,2024-11-23 07:58:20
1054,Pro7471,user1054@example.com,mobile_ios,US,2024-06-09 21:22:46,0,2024-12-31 19:11:14
1055,Brain1381,user1055@example.com,mobile_ios,Canada,2024-04-05 07:41:05,0,2024-12-20 02:40:50
1056,Player195,user1056@example.com,google_home,US,2024-02-24 15:47:38,0,2024-12-26 02:45:23
1057,Master5061,user1057@example.com,mobile_ios,Brazil,2024-08-23 14:44:56,0,2024-10-17 07:34:41
1058,Voice2149,user1058@example.com,alexa,US,2024-07-21 11:01:09,0,2024-11-22 04:01:02
1059,Smart7982,user1059@example.com,mobile_ios,Canada,2024-04-06 00:58:34,0,2024-09-25 03:41:58
1060,Smart1510,user1060@example.com,alexa,UK,2024-11-16 19:36:33,0,2024-12-28 08:39:55
1061,Brain2597,user1061@example.com,mobile_ios,US,2024-01-12 04:14:24,0,2024-06-28 11:57:34
1062,Quick3398,user1062@example.com,alexa,Germany,2024-01-11 16:21:58,0,2024-07-11 01:36:22
1063,Quiz7174,user1063@example.com,mobile_android,France,2024-06-19 00:17:12,0,2024-12-28 21:23:47
1064,Happy706,user1064@example.com,google_home,UK,2024-11-01 20:10:53,0,2024-12-31 16:05:24
1065,Quick1094,user1065@example.com,google_home,US,2024-11-09 17:45:50,0,2024-12-27 14:03:37
1066,Epic7855,user1066@example.com,alexa,Canada,2024-02-02 09:45:07,0,2024-10-16 07:39:30
1067,Player2743,user1067@example.com,alexa,US,2024-08-17 15:52:57,0,2024-11-04 12:59:56
1068,Quick9728,user1068@example.com,mobile_android,US,2024-04-28 18:28:56,0,2024-12-29 11:47:13
1069,Happy6495,user1069@example.com,mobile_android,France,2024-08-27 04:46:31,0,2024-12-26 07:17:18
1070,Brain3494,user1070@example.com,alexa,Australia,2024-07-03 17:11:48,0,2024-12-08 03:40:41
1071,Smart2661,user1071@example.com,mobile_ios,US,2024-03-07 06:18:33,0,2024-11-01 08:46:03
1072,Quick3531,user1072@example.com,google_home,Mexico,2024-09-09 11:03:20,0,2024-12-22 04:42:23
1073,Brain2962,user1073@example.com,mobile_ios,India,2024-05-13 12:59:58,1,2024-11-18 22:09:09
1074,Epic1967,user1074@example.com,mobile_ios,US,2024-02-02 12:17:47,0,2024-06-22 14:23:15
1075,Super864,user1075@example.com,mobile_ios,UK,2024-05-12 12:23:26,0,2024-12-25 11:28:03
1076,Quiz926,user1076@example.com,mobile_android,US,2024-09-20 22:00:05,0,2024-12-25 13:27:30
1077,Quiz9315,user1077@example.com,alexa,US,2024-02-26 03:51:19,0,2024-12-18 08:41:49
1078,Brain4886,user1078@example.com,mobile_ios,Australia,2024-04-15 13:10:00,0,2024-12-07 12:00:02
1079,Super5582,user1079@example.com,mobile_ios,US,2024-02-20 05:37:03,0,2024-12-31 04:00:25
1080,Quick7860,user1080@example.com,alexa,UK,2024-07-31 00:14:23,1,2024-12-21 23:31:52
1081,Super4121,user1081@example.com,alexa,Australia,2024-07-09 15:06:36,0,2024-12-28 14:25:57
1082,Epic6873,user1082@example.com,mobile_android,India,2024-04-26 05:01:27,0,2024-12-29 01:23:45
1083,Player7351,user1083@example.com,alexa,US,2024-09-21 13:10:18,0,2024-12-31 05:37:31
1084,Lucky5257,user1084@example.com,google_home,Australia,2024-02-05 03:05:12,0,2024-11-30 10:03:40
1085,Trivia9513,user1085@example.com,alexa,Canada,2024-07-20 01:21:01,0,2024-12-28 15:22:07
1086,Epic6686,user1086@example.com,mobile_android,Australia,2024-09-23 10:46:01,0,2024-11-28 17:20:47
1087,Player4683,user1087@example.com,mobile_android,Canada,2024-06-09 12:31:49,1,2024-12-05 18:39:14
1088,Smart9019,user1088@example.com,mobile_ios,Canada,2024-07-25 16:14:42,0,2024-12-26 20:09:40
1089,Cool3332,user1089@example.com,mobile_android,US,2024-06-25 23:37:13,0,2024-12-28 05:10:07
1090,Happy3601,user1090@example.com,alexa,UK,2024-07-18 04:35:15,0,2024-12-09 18:25:48
1091,Player556,user1091@example.com,mobile_android,UK,2024-11-21 05:49:35,0,2024-12-25 04:47:12
1092,Quiz1082,user1092@example.com,mobile_ios,US,2024-06-04 15:23:30,0,2024-12-30 02:09:38
1093,Quiz7452,user1093@example.com,alexa,Australia,2024-03-04 01:44:16,0,2024-12-25 10:51:49
1094,Quick5839,user1094@example.com,alexa,Canada,2024-04-30 21:10:30,0,2024-12-03 14:44:53
1095,Cool8614,user1095@example.com,mobile_ios,US,2024-10-20 05:05:46,0,2024-12-24 14:43:06
1096,Pro1705,user1096@example.com,alexa,US,2024-04-08 13:09:12,0,2024-12-24 00:16:22
1097,Epic2230,user1097@example.com,google_home,US,2024-02-17 02:15:51,0,2024-10-13 02:39:04
1098,Cool4420,user1098@example.com,google_home,Canada,2024-09-26 14:39:49,0,2024-12-23 08:55:58
1099,Brain2464,user1099@example.com,google_home,UK,2024-09-07 15:10:46,0,2024-11-29 03:06:10
1100,Quiz3583,user1100@example.com,google_home,US,2024-09-19 19:15:55,0,2024-11-25 00:10:41
1101,Quiz9956,user1101@example.com,mobile_android,US,2024-10-13 13:26:49,0,2024-12-29 12:27:12
1102,Trivia2029,user1102@example.com,google_home,Mexico,2024-05-28 01:27:59,0,2024-12-21 09:51:55
1103,Trivia2428,user1103@example.com,mobile_ios,US,2024-09-05 01:01:07,0,2024-12-15 07:09:15
1104,Smart3099,user1104@example.com,mobile_ios,UK,2024-06-05 10:19:16,1,2024-10-25 10:55:19
1105,Gamer6941,user1105@example.com,google_home,US,2024-06-27 02:27:35,0,2024-12-24 15:06:26
1106,Master2275,user1106@example.com,mobile_ios,UK,2024-06-21 13:44:14,0,2024-12-13 17:12:59
1107,Trivia5428,user1107@example.com,alexa,Canada,2024-08-18 16:21:01,0,2024-12-16 23:02:44
1108,Cool5654,user1108@example.com,google_home,Brazil,2024-07-17 08:28:36,0,2024-12-28 16:23:59
1109,Voice2813,user1109@example.com,mobile_ios,UK,2024-05-22 23:31:01,0,2024-12-27 15:05:45
1110,Quiz9264,user1110@example.com,alexa,Brazil,2024-06-07 20:25:37,0,2024-11-13 10:12:24
1111,Smart7896,user1111@example.com,google_home,US,2024-01-28 20:45:43,0,2024-12-21 02:59:47
1112,Player4604,user1112@example.com,mobile_ios,US,2024-09-29 06:32:39,0,2024-12-21 05:31:12
1113,Voice8841,user1113@example.com,mobile_ios,US,2024-10-23 16:10:26,1,2024-12-25 14:25:36
1114,Epic3057,user1114@example.com,google_home,France,2024-01-12 12:22:38,0,2024-09-06 09:55:39
1115,Quiz1727,user1115@example.com,google_home,US,2024-05-11 03:18:50,0,2024-12-21 03:38:07
1116,Happy6772,user1116@example.com,mobile_ios,US,2024-02-15 05:36:54,0,2024-12-30 10:48:11
1117,Gamer4982,user1117@example.com,google_home,US,2024-04-02 00:59:21,0,2024-11-19 19:32:28
1118,Cool2081,user1118@example.com,alexa,US,2024-06-14 09:23:27,0,2024-11-10 22:39:16
1119,Cool1985,user1119@example.com,alexa,US,2024-05-01 17:56:55,0,2024-12-30 01:22:41
1120,Player6776,user1120@example.com,mobile_ios,India,2024-02-03 17:37:41,1,2024-11-20 12:46:38
1121,Quiz4135,user1121@example.com,mobile_ios,Canada,2024-10-10 21:20:30,1,2024-12-30 22:29:56
1122,Pro1474,user1122@example.com,mobile_ios,UK,2024-10-17 14:48:33,0,2024-12-30 05:14:34
1123,Brain4116,user1123@example.com,google_home,US,2024-03-13 13:35:29,0,2024-12-26 15:56:39
1124,Player7712,user1124@example.com,mobile_android,Canada,2024-08-19 01:31:17,0,2024-11-24 09:57:29
1125,Gamer8000,user1125@example.com,alexa,US,2024-03-26 00:01:11,0,2024-09-09 08:45:45
1126,Smart9687,user1126@example.com,mobile_ios,US,2024-06-28 23:01:04,0,2024-11-18 16:35:38
1127,Voice5025,user1127@example.com,alexa,Canada,2024-09-30 20:30:04,0,2024-12-29 03:55:55
1128,Epic3554,user1128@example.com,mobile_ios,Brazil,2024-10-11 10:10:29,0,2024-11-20 01:08:18
1129,Fun7517,user1129@example.com,alexa,Canada,2024-06-24 23:07:32,0,2024-12-28 16:23:15
1130,Lucky360,user1130@example.com,mobile_android,US,2024-04-17 16:44:26,0,2024-12-02 02:45:07
1131,Player256,user1131@example.com,mobile_ios,US,2024-11-07 17:20:59,0,2024-12-31 13:09:56
1132,Voice1370,user1132@example.com,google_home,India,2024-09-07 14:18:03,0,2024-12-29 12:54:57
1133,Super6266,user1133@example.com,mobile_ios,US,2024-08-15 04:29:36,0,2024-12-22 23:38:32
1134,Pro6169,user1134@example.com,mobile_android,US,2024-01-05 04:32:33,0,2024-12-30 00:05:25
1135,Super3237,user1135@example.com,alexa,Canada,2024-01-11 10:14:08,0,2024-11-05 03:34:41
1136,Master6047,user1136@example.com,alexa,UK,2024-04-23 08:31:44,0,2024-12-23 13:01:49
1137,Player3312,user1137@example.com,mobile_android,Canada,2024-11-06 07:36:45,1,2024-12-13 04:30:20
1138,Master2893,user1138@example.com,google_home,Canada,2024-05-22 20:43:13,0,2024-12-29 21:38:28
1139,Brain1170,user1139@example.com,google_home,Australia,2024-11-04 20:34:34,1,2024-11-20 23:53:55
1140,Fun3243,user1140@example.com,mobile_ios,US,2024-10-18 08:17:59,0,2024-12-30 16:25:10
1141,Fun9276,user1141@example.com,mobile_android,US,2024-09-29 22:22:18,0,2024-12-26 13:30:25
1142,Lucky7186,user1142@example.com,mobile_ios,US,2024-11-28 01:53:17,1,2024-12-27 13:19:31
1143,Master6022,user1143@example.com,google_home,US,2024-09-22 16:59:16,0,2024-12-22 14:10:49
1144,Epic8823,user1144@example.com,google_home,US,2024-01-25 10:07:09,0,2024-11-16 12:08:39
1145,Player3796,user1145@example.com,mobile_android,US,2024-02-11 20:49:09,1,2024-12-25 08:22:26
1146,Brain5494,user1146@example.com,alexa,Canada,2024-05-07 07:10:05,1,2024-10-30 19:49:05
1147,Player9808,user1147@example.com,mobile_ios,Japan,2024-09-02 15:43:36,0,2024-11-06 09:25:25
1148,Master4005,user1148@example.com,mobile_android,France,2024-05-06 03:55:34,0,2024-12-25 04:59:31
1149,Voice9929,user1149@example.com,mobile_ios,Australia,2024-09-23 08:37:10,0,2024-12-28 20:26:50
1150,Voice1094,user1150@example.com,mobile_android,US,2024-10-23 04:32:41,0,2024-12-12 04:25:49
1151,Gamer7340,user1151@example.com,alexa,Canada,2024-02-03 04:38:36,0,2024-10-28 07:59:20
1152,Gamer4931,user1152@example.com,mobile_ios,US,2024-02-22 02:01:52,0,2024-12-16 03:43:07
1153,Player7528,user1153@example.com,google_home,Germany,2024-07-29 08:29:14,0,2024-12-21 14:16:55
1154,Lucky525,user1154@example.com,google_home,US,2024-11-13 03:41:14,0,2024-12-26 16:33:58
1155,Voice9813,user1155@example.com,mobile_ios,US,2024-02-22 00:26:50,0,2024-12-26 04:33:15
1156,Fun5922,user1156@example.com,google_home,Australia,2024-11-22 18:31:42,0,2024-12-26 12:25:35
1157,Gamer1091,user1157@example.com,alexa,UK,2024-05-04 05:00:45,0,2024-12-14 11:13:43
1158,Happy9662,user1158@example.com,mobile_android,Australia,2024-11-29 13:01:30,1,2024-12-18 08:17:35
1159,Lucky4868,user1159@example.com,google_home,US,2024-06-07 21:57:59,0,2024-09-22 00:59:42
1160,Quick8408,user1160@example.com,mobile_ios,UK,2024-03-15 02:05:12,1,2024-08-07 10:08:09
1161,Smart3397,user1161@example.com,mobile_ios,US,2024-06-25 07:06:52,0,2024-11-20 23:14:37
1162,Lucky9576,user1162@example.com,google_home,US,2024-08-27 21:50:12,0,2024-12-23 12:52:47
1163,Quiz7543,user1163@example.com,mobile_android,India,2024-06-17 05:54:30,0,2024-09-19 13:38:16
1164,Quick3872,user1164@example.com,google_home,US,2024-01-02 23:15:24,0,2024-10-31 07:49:28
1165,Smart6658,user1165@example.com,alexa,Mexico,2024-06-18 13:41:11,0,2024-12-23 17:10:07
1166,Player9188,user1166@example.com,alexa,US,2024-02-07 13:01:48,0,2024-12-20 17:08:42
1167,Gamer586,user1167@example.com,alexa,US,2024-10-26 13:06:14,0,2024-12-15 22:00:19
1168,Lucky9185,user1168@example.com,alexa,US,2024-05-14 06:20:43,0,2024-12-28 13:53:58
1169,Player2348,user1169@example.com,google_home,Germany,2024-05-14 03:41:03,1,2024-12-23 11:39:55
1170,Pro4034,user1170@example.com,google_home,US,2024-04-17 11:06:26,0,2024-08-18 08:29:31
1171,Epic1171,user1171@example.com,alexa,India,2024-09-26 22:41:24,1,2024-12-22 10:59:42
1172,Cool6231,user1172@example.com,alexa,US,2024-04-07 06:58:44,0,2024-11-26 15:36:19
1173,Smart8873,user1173@example.com,alexa,US,2024-01-24 22:25:44,0,2024-12-18 05:57:21
1174,Trivia8427,user1174@example.com,mobile_android,India,2024-11-18 10:11:49,0,2024-12-29 21:48:18
1175,Voice2843,user1175@example.com,google_home,Australia,2024-02-11 17:08:11,0,2024-11-23 23:41:44
1176,Master8601,user1176@example.com,google_home,US,2024-09-17 13:37:35,0,2024-12-16 01:27:42
1177,Master4496,user1177@example.com,google_home,Canada,2024-09-04 18:00:53,0,2024-12-28 20:29:14
1178,Smart3696,user1178@example.com,mobile_android,UK,2024-11-28 01:19:57,0,2024-12-29 11:36:53
1179,Epic6278,user1179@example.com,google_home,Japan,2024-04-21 11:08:27,0,2024-12-17 03:25:10
1180,Trivia1476,user1180@example.com,alexa,UK,2024-10-08 03:05:09,0,2024-12-31 02:17:18
1181,Lucky7081,user1181@example.com,google_home,US,2024-01-22 16:56:21,0,2024-12-19 16:21:57
1182,Fun6364,user1182@example.com,alexa,US,2024-09-11 11:32:32,0,
1183,Voice4925,user1183@example.com,mobile_ios,UK,2024-02-08 13:04:27,0,2024-10-11 15:48:26
1184,Quiz2042,user1184@example.com,alexa,US,2024-05-21 08:17:30,0,2024-08-21 22:22:50
1185,Fun5059,user1185@example.com,mobile_ios,Australia,2024-04-10 11:59:14,0,2024-12-13 16:19:07
1186,Trivia8998,user1186@example.com,mobile_android,US,2024-04-07 21:59:31,0,2024-12-16 19:25:58
1187,Cool9601,user1187@example.com,mobile_ios,US,2024-06-26 14:42:08,0,2024-12-03 00:23:58
1188,Quick3817,user1188@example.com,mobile_ios,US,2024-03-17 14:28:21,0,2024-10-28 04:14:41
1189,Pro7659,user1189@example.com,alexa,US,2024-10-27 20:07:12,0,2024-12-30 07:34:32
1190,Smart7287,user1190@example.com,google_home,UK,2024-08-07 15:12:27,0,2024-10-12 00:46:47
1191,Happy258,user1191@example.com,google_home,Canada,2024-10-22 04:40:22,0,2024-12-27 06:10:10
1192,Epic6708,user1192@example.com,mobile_ios,Canada,2024-04-25 15:15:38,0,2024-12-23 11:27:08
1193,Gamer2379,user1193@example.com,alexa,Brazil,2024-10-27 00:50:46,0,2024-12-30 01:11:53
1194,Cool6347,user1194@example.com,alexa,US,2024-11-18 21:57:16,0,2024-12-27 17:23:40
1195,Quiz5487,user1195@example.com,google_home,UK,2024-04-06 17:17:10,0,2024-12-03 15:46:23
1196,Quiz9158,user1196@example.com,alexa,Germany,2024-02-17 06:14:28,0,2024-12-24 17:40:33
1197,Smart1238,user1197@example.com,mobile_android,US,2024-01-14 06:47:50,0,2024-11-09 09:25:30
1198,Voice7549,user1198@example.com,alexa,UK,2024-05-29 19:05:33,0,2024-12-31 08:27:40
1199,Brain1914,user1199@example.com,alexa,US,2024-07-29 14:14:22,0,2024-12-14 04:21:15
1200,Trivia3469,user1200@example.com,alexa,Germany,2024-07-18 07:31:03,0,2024-12-28 20:08:12
1201,Happy9725,user1201@example.com,alexa,Australia,2024-03-22 21:58:49,0,2024-09-26 00:52:47
1202,Trivia7402,user1202@example.com,alexa,US,2024-04-13 00:16:15,0,2024-12-15 05:52:40
1203,Master7639,user1203@example.com,google_home,US,2024-09-26 11:58:28,1,2024-11-03 19:09:20
1204,Super4973,user1204@example.com,google_home,Germany,2024-11-26 16:36:49,0,2024-12-19 07:31:30
1205,Brain7179,user1205@example.com,google_home,India,2024-07-31 09:04:14,0,2024-12-28 11:08:14
1206,Cool815,user1206@example.com,alexa,France,2024-10-18 03:28:41,0,2024-12-10 16:59:37
1207,Happy1193,user1207@example.com,mobile_ios,Australia,2024-11-17 19:34:42,0,2024-12-26 03:06:20
1208,Quiz6141,user1208@example.com,alexa,US,2024-09-09 14:58:27,0,2024-12-23 06:25:34
1209,Pro2800,user1209@example.com,alexa,UK,2024-06-15 14:55:52,0,2024-12-24 06:02:07
1210,Pro6344,user1210@example.com,alexa,US,2024-02-07 23:15:37,0,2024-12-22 10:27:16
1211,Fun1978,user1211@example.com,mobile_ios,US,2024-01-20 00:23:27,0,2024-12-10 12:09:18
1212,Pro1217,user1212@example.com,alexa,Canada,2024-08-25 17:38:58,0,2024-12-18 13:49:29
1213,Master4673,user1213@example.com,mobile_ios,US,2024-08-12 05:06:23,1,2024-12-06 12:55:34
1214,Happy2134,user1214@example.com,google_home,US,2024-02-21 06:27:10,1,2024-12-23 03:04:25
1215,Trivia7319,user1215@example.com,google_home,US,2024-01-06 09:56:55,1,2024-09-11 16:02:13
1216,Pro882,user1216@example.com,mobile_ios,Germany,2024-09-29 07:52:13,0,2024-12-19 00:33:02
1217,Happy7374,user1217@example.com,alexa,US,2024-02-22 14:13:19,0,2024-12-31 12:13:27
1218,Super4008,user1218@example.com,alexa,US,2024-04-13 09:05:28,1,2024-09-28 06:41:59
1219,Smart1135,user1219@example.com,alexa,India,2024-01-08 12:16:26,0,2024-08-19 03:17:51
1220,Gamer6910,user1220@example.com,google_home,Germany,2024-03-26 06:04:55,0,2024-12-30 21:58:23
1221,Smart8975,user1221@example.com,google_home,US,2024-11-16 06:54:04,0,2024-12-31 05:38:36
1222,Lucky2944,user1222@example.com,alexa,Canada,2024-02-24 12:58:57,1,2024-12-31 05:28:37
1223,Quick1181,user1223@example.com,mobile_ios,US,2024-04-18 16:42:12,0,2024-12-03 10:04:30
1224,Smart6835,user1224@example.com,alexa,UK,2024-01-23 02:27:05,0,2024-11-28 12:54:21
1225,Brain4227,user1225@example.com,mobile_android,UK,2024-02-22 19:31:18,0,2024-05-30 18:38:45
1226,Lucky2972,user1226@example.com,mobile_ios,India,2024-07-17 04:50:23,0,2024-12-05 23:55:14
1227,Lucky389,user1227@example.com,mobile_ios,UK,2024-09-03 02:27:29,0,2024-12-26 00:54:33
1228,Player3911,user1228@example.com,alexa,Australia,2024-11-23 08:27:44,1,2024-12-27 08:05:52
1229,Quick1400,user1229@example.com,alexa,US,2024-05-01 15:36:04,0,2024-12-30 14:41:13
1230,Smart721,user1230@example.com,alexa,Australia,2024-03-18 13:40:50,0,2024-11-14 11:12:11
1231,Trivia4656,user1231@example.com,alexa,Germany,2024-08-15 11:58:02,1,2024-12-13 23:18:15
1232,Happy488,user1232@example.com,alexa,Australia,2024-07-31 23:35:40,0,2024-12-09 10:36:23
1233,Gamer4168,user1233@example.com,mobile_ios,Canada,2024-04-15 19:38:08,0,2024-12-15 16:15:39
1234,Lucky3107,user1234@example.com,google_home,US,2024-07-14 18:59:10,0,2024-12-26 16:46:12
1235,Gamer2418,user1235@example.com,mobile_android,US,2024-02-05 07:00:26,0,2024-07-15 23:40:34
1236,Quick8413,user1236@example.com,alexa,Australia,2024-10-08 07:26:27,0,2024-12-28 18:52:49
1237,Epic2990,user1237@example.com,mobile_ios,US,2024-04-11 08:55:02,0,2024-11-04 12:54:59
1238,Fun7983,user1238@example.com,alexa,Brazil,2024-11-21 07:19:58,0,2024-12-29 23:56:00
1239,Pro7025,user1239@example.com,google_home,Australia,2024-03-26 17:08:17,0,2024-12-28 11:49:20
1240,Cool7102,user1240@example.com,mobile_android,Australia,2024-09-03 00:43:16,0,2024-12-25 18:55:18
1241,Trivia9157,user1241@example.com,mobile_ios,US,2024-10-31 19:33:31,0,2024-12-24 22:46:02
1242,Cool9310,user1242@example.com,mobile_ios,US,2024-08-20 10:18:42,1,2024-12-31 04:14:30
1243,Trivia3206,user1243@example.com,alexa,France,2024-08-28 07:07:32,0,2024-12-27 23:52:47
1244,Cool6912,user1244@example.com,mobile_android,Brazil,2024-07-10 17:53:35,0,2024-12-25 02:58:35
1245,Voice6797,user1245@example.com,mobile_android,Mexico,2024-09-07 11:12:25,1,2024-11-06 17:22:19
1246,Smart7248,user1246@example.com,mobile_android,Australia,2024-10-16 05:54:41,0,2024-12-31 04:37:31
1247,Master6132,user1247@example.com,mobile_ios,Canada,2024-06-27 18:33:15,0,2024-12-19 15:15:24
1248,Master665,user1248@example.com,mobile_android,US,2024-05-06 08:49:25,0,2024-06-12 03:53:33
1249,Trivia4381,user1249@example.com,mobile_ios,Japan,2024-01-15 23:29:45,1,2024-12-27 23:42:01
1250,Brain302,user1250@example.com,alexa,US,2024-05-06 21:55:24,0,2024-11-24 17:30:10
1251,Voice8595,user1251@example.com,mobile_android,France,2024-07-15 14:28:42,0,2024-12-29 06:28:31
1252,Happy8302,user1252@example.com,mobile_android,Canada,2024-08-06 09:12:24,0,2024-12-27 19:09:44
1253,Voice1890,user1253@example.com,mobile_ios,Australia,2024-06-06 14:59:10,0,2024-12-22 06:51:40
1254,Smart6620,user1254@example.com,mobile_ios,US,2024-03-14 09:47:41,0,2024-12-23 12:01:38
1255,Quiz1244,user1255@example.com,mobile_ios,US,2024-09-08 00:03:26,0,2024-12-22 02:23:57
1256,Brain2990,user1256@example.com,google_home,Australia,2024-05-27 15:41:25,0,2024-12-14 05:53:57
1257,Quiz7483,user1257@example.com,google_home,US,2024-04-03 18:17:58,0,2024-12-30 16:30:04
1258,Fun6797,user1258@example.com,google_home,India,2024-04-03 06:59:10,1,2024-12-20 06:27:33
1259,Voice4902,user1259@example.com,alexa,US,2024-11-21 06:02:54,1,2024-12-17 03:04:04
1260,Quick7929,user1260@example.com,google_home,Australia,2024-01-16 21:19:21,1,2024-09-20 03:38:55
1261,Gamer1686,user1261@example.com,alexa,Germany,2024-05-16 00:15:47,0,2024-12-23 22:51:58
1262,Master7853,user1262@example.com,mobile_ios,Canada,2024-09-23 09:40:43,0,2024-12-30 10:15:06
1263,Quick6018,user1263@example.com,mobile_ios,US,2024-06-24 11:28:37,1,2024-11-26 06:15:34
1264,Quiz150,user1264@example.com,google_home,Canada,2024-07-01 12:01:27,0,2024-12-27 04:13:26
1265,Quiz8793,user1265@example.com,alexa,Canada,2024-03-12 00:56:05,0,2024-12-28 06:01:31
1266,Master8536,user1266@example.com,google_home,US,2024-07-07 16:27:13,0,2024-12-25 03:20:45
1267,Super849,user1267@example.com,mobile_android,Australia,2024-06-13 00:36:19,0,2024-12-17 19:37:23
1268,Master6656,user1268@example.com,mobile_ios,Germany,2024-04-29 22:05:29,0,2024-10-15 08:30:40
1269,Quiz6405,user1269@example.com,alexa,US,2024-08-31 23:58:09,1,2024-12-24 06:30:03
1270,Gamer2194,user1270@example.com,google_home,US,2024-09-23 20:49:19,0,2024-12-25 13:28:03
1271,Brain7411,user1271@example.com,mobile_android,UK,2024-10-07 16:59:44,0,2024-12-31 04:17:05
1272,Brain1565,user1272@example.com,alexa,Mexico,2024-05-04 07:42:20,1,2024-11-28 10:41:53
1273,Fun3710,user1273@example.com,mobile_ios,Canada,2024-06-16 13:57:44,0,2024-12-18 16:18:59
1274,Master1581,user1274@example.com,mobile_ios,US,2024-03-04 04:56:33,0,2024-12-16 10:27:06
1275,Voice5723,user1275@example.com,google_home,Australia,2024-10-21 21:52:12,0,2024-12-18 05:37:58
1276,Epic3923,user1276@example.com,alexa,US,2024-07-14 23:48:30,1,2024-07-20 10:11:40
1277,Smart2002,user1277@example.com,google_home,US,2024-02-15 12:23:15,0,2024-12-21 03:58:47
1278,Player5192,user1278@example.com,alexa,UK,2024-07-13 21:00:17,0,2024-12-30 20:51:48
1279,Super2169,user1279@example.com,google_home,Canada,2024-08-04 11:38:16,0,2024-12-23 13:01:51
1280,Pro5276,user1280@example.com,alexa,Japan,2024-07-21 00:20:04,0,2024-12-17 06:54:35
1281,Trivia9954,user1281@example.com,alexa,Australia,2024-09-12 16:35:40,0,2024-12-30 10:10:50
1282,Lucky5160,user1282@example.com,google_home,Canada,2024-01-18 21:48:16,0,2024-12-31 14:24:27
1283,Smart8210,user1283@example.com,alexa,Brazil,2024-10-20 17:24:49,1,2024-12-19 13:17:36
1284,Smart3787,user1284@example.com,mobile_ios,US,2024-06-19 05:33:34,0,2024-12-14 21:59:48
1285,Cool5000,user1285@example.com,mobile_android,Canada,2024-04-01 17:44:58,0,2024-12-31 08:05:41
1286,Cool5628,user1286@example.com,google_home,UK,2024-01-12 19:56:59,0,
1287,Voice8748,user1287@example.com,mobile_ios,US,2024-07-19 14:14:17,0,2024-12-28 06:03:39
1288,Quiz2244,user1288@example.com,alexa,Germany,2024-10-07 14:20:12,0,2024-12-30 18:02:54
1289,Pro2781,user1289@example.com,google_home,US,2024-01-28 11:04:15,0,2024-11-01 21:24:42
1290,Smart3305,user1290@example.com,mobile_ios,US,2024-03-15 07:38:14,0,2024-12-30 15:00:21
1291,Trivia6269,user1291@example.com,mobile_android,US,2024-10-21 03:42:42,0,2024-12-17 01:02:38
1292,Super7863,user1292@example.com,alexa,US,2024-01-29 03:29:49,0,2024-07-18 21:16:05
1293,Epic2534,user1293@example.com,mobile_ios,US,2024-11-28 12:19:26,1,2024-12-28 16:23:08
1294,Master5059,user1294@example.com,mobile_ios,Brazil,2024-05-03 14:26:29,0,2024-11-30 20:49:31
1295,Voice7696,user1295@example.com,mobile_android,Canada,2024-07-11 23:58:33,0,2024-12-29 11:26:22
1296,Super290,user1296@example.com,alexa,US,2024-11-30 16:12:22,0,2024-12-31 13:18:52
1297,Player9714,user1297@example.com,google_home,UK,2024-09-17 08:11:22,0,2024-12-30 04:49:26
1298,Brain6390,user1298@example.com,google_home,Canada,2024-02-18 21:35:09,0,2024-10-27 20:24:43
1299,Quiz5428,user1299@example.com,alexa,India,2024-10-19 04:33:34,0,2024-12-29 01:59:25
1300,Player6551,user1300@example.com,google_home,UK,2024-04-04 14:45:27,0,2024-12-25 11:04:42
1301,Quiz3499,user1301@example.com,mobile_android,India,2024-09-07 02:19:39,0,2024-12-15 12:39:19
1302,Player9188,user1302@example.com,google_home,US,2024-11-02 06:33:04,1,2024-12-31 00:24:31
1303,Brain1538,user1303@example.com,google_home,France,2024-10-21 07:30:30,1,2024-12-30 19:55:05
1304,Happy6056,user1304@example.com,mobile_android,US,2024-03-04 18:25:41,0,2024-12-28 13:37:35
1305,Happy856,user1305@example.com,mobile_android,UK,2024-01-01 09:02:30,0,2024-11-16 10:07:47
1306,Trivia9554,user1306@example.com,google_home,US,2024-09-30 16:11:56,0,2024-12-28 15:28:39
1307,Smart1722,user1307@example.com,mobile_ios,US,2024-06-29 22:04:12,1,2024-12-30 01:49:06
1308,Smart2298,user1308@example.com,mobile_ios,US,2024-03-13 10:54:43,0,2024-12-24 13:49:51
1309,Epic1318,user1309@example.com,google_home,US,2024-03-06 22:39:27,0,2024-12-30 23:53:42
1310,Pro1464,user1310@example.com,mobile_android,Canada,2024-03-24 14:33:56,0,2024-12-30 16:56:42
1311,Smart1256,user1311@example.com,mobile_ios,US,2024-03-14 19:30:42,0,2024-11-20 18:26:35
1312,Super9334,user1312@example.com,mobile_ios,Germany,2024-11-26 07:00:48,0,2024-12-11 02:29:01
1313,Lucky7204,user1313@example.com,google_home,Brazil,2024-08-02 05:35:18,0,2024-11-18 14:01:09
1314,Quiz9084,user1314@example.com,google_home,US,2024-05-18 04:32:14,1,2024-09-23 08:35:15
1315,Trivia3798,user1315@example.com,alexa,US,2024-06-19 09:56:55,0,2024-12-26 08:48:35
1316,Quiz2123,user1316@example.com,alexa,Australia,2024-04-23 13:47:08,0,2024-12-31 05:02:30
1317,Super9474,user1317@example.com,mobile_android,UK,2024-09-07 03:28:42,0,
1318,Lucky6482,user1318@example.com,alexa,Germany,2024-01-25 06:13:00,0,2024-10-07 20:20:36
1319,Cool7912,user1319@example.com,google_home,US,2024-09-29 20:05:08,0,2024-12-29 13:02:43
1320,Trivia2437,user1320@example.com,google_home,Australia,2024-03-20 23:56:28,1,2024-12-03 02:42:27
1321,Quick6952,user1321@example.com,mobile_ios,US,2024-11-23 13:28:36,0,2024-12-26 06:12:43
1322,Happy4619,user1322@example.com,mobile_android,UK,2024-08-27 18:17:08,0,2024-11-05 06:55:42
1323,Voice5107,user1323@example.com,google_home,US,2024-04-27 11:06:41,1,2024-12-22 04:22:28
1324,Quick1634,user1324@example.com,alexa,US,2024-02-10 02:47:32,0,2024-08-24 10:56:45
1325,Player7046,user1325@example.com,mobile_ios,Japan,2024-10-10 17:56:38,1,2024-12-28 13:01:00
1326,Quiz6743,user1326@example.com,alexa,US,2024-09-11 18:45:03,0,2024-12-30 15:14:29
1327,Super4101,user1327@example.com,mobile_android,Canada,2024-01-04 15:28:22,0,2024-12-14 04:39:10
1328,Gamer7450,user1328@example.com,mobile_android,Canada,2024-09-27 22:10:48,0,2024-12-29 17:49:46
1329,Brain1330,user1329@example.com,google_home,US,2024-09-25 08:11:40,0,2024-12-29 03:59:28
1330,Master6311,user1330@example.com,alexa,Brazil,2024-01-27 15:23:27,0,2024-10-24 23:27:49
1331,Quiz4852,user1331@example.com,alexa,US,2024-05-07 19:37:43,0,2024-12-16 12:45:05
1332,Cool3662,user1332@example.com,mobile_android,Japan,2024-11-19 20:42:39,0,2024-12-26 23:58:47
1333,Pro8099,user1333@example.com,alexa,US,2024-09-20 01:17:23,0,2024-12-30 01:25:41
1334,Quiz184,user1334@example.com,alexa,Australia,2024-06-01 12:53:05,0,2024-12-19 22:57:35
1335,Epic8161,user1335@example.com,alexa,UK,2024-01-05 03:41:22,0,2024-02-29 00:44:48
1336,Master213,user1336@example.com,alexa,Canada,2024-07-29 04:30:32,0,2024-12-27 10:48:21
1337,Happy6071,user1337@example.com,google_home,US,2024-07-21 13:37:41,0,2024-12-12 18:39:03
1338,Pro2751,user1338@example.com,alexa,Australia,2024-02-25 15:58:04,1,2024-12-21 09:46:54
1339,Smart4767,user1339@example.com,alexa,US,2024-04-11 04:01:45,0,2024-11-30 23:04:21
1340,Smart7952,user1340@example.com,mobile_android,Mexico,2024-01-17 05:50:12,1,2024-11-19 00:34:01
1341,Master2187,user1341@example.com,alexa,Australia,2024-09-07 20:01:45,0,2024-12-28 14:57:10
1342,Trivia1897,user1342@example.com,mobile_android,Germany,2024-09-13 14:09:27,1,2024-12-15 09:40:18
1343,Player3974,user1343@example.com,alexa,Germany,2024-06-25 18:12:16,0,2024-12-04 21:09:24
1344,Epic7967,user1344@example.com,alexa,UK,2024-11-01 00:17:32,0,2024-12-30 02:32:25
1345,Trivia8476,user1345@example.com,alexa,US,2024-05-06 22:29:11,1,2024-12-03 10:22:39
1346,Epic3350,user1346@example.com,google_home,Germany,2024-05-14 09:00:21,1,2024-12-02 09:23:59
1347,Brain3191,user1347@example.com,mobile_android,UK,2024-09-14 22:14:58,0,2024-12-31 02:11:08
1348,Trivia6674,user1348@example.com,alexa,Mexico,2024-04-27 04:23:09,0,2024-08-04 14:52:49
1349,Smart1589,user1349@example.com,mobile_android,US,2024-08-06 00:38:34,0,2024-12-20 18:33:07
1350,Quick5607,user1350@example.com,google_home,US,2024-11-20 08:25:33,0,2024-12-29 19:07:37
1351,Quiz4511,user1351@example.com,google_home,Japan,2024-01-27 11:04:43,0,2024-12-04 19:16:20
1352,Gamer3077,user1352@example.com,alexa,US,2024-05-06 11:38:42,0,2024-12-18 22:09:48
1353,Master4690,user1353@example.com,mobile_android,US,2024-04-18 10:23:17,0,2024-10-30 19:33:07
1354,Lucky5086,user1354@example.com,alexa,Canada,2024-09-08 13:14:15,0,2024-12-27 03:50:35
1355,Super6020,user1355@example.com,mobile_ios,UK,2024-03-07 12:03:32,0,2024-10-07 15:21:22
1356,Fun3541,user1356@example.com,google_home,US,2024-05-01 23:40:29,1,2024-12-25 06:16:16
1357,Quiz772,user1357@example.com,google_home,India,2024-11-18 21:54:43,0,2024-12-31 20:48:22
1358,Pro1716,user1358@example.com,alexa,UK,2024-04-07 07:01:27,0,2024-10-24 07:24:09
1359,Trivia817,user1359@example.com,alexa,US,2024-08-30 07:21:16,0,2024-12-21 13:41:33
1360,Super7447,user1360@example.com,mobile_ios,US,2024-10-13 12:38:46,0,2024-12-30 06:33:15
1361,Player2835,user1361@example.com,google_home,Canada,2024-09-04 15:15:19,1,2024-11-16 21:28:09
1362,Gamer3216,user1362@example.com,mobile_ios,US,2024-01-24 20:36:49,0,2024-12-12 22:57:47
1363,Brain7272,user1363@example.com,mobile_ios,US,2024-09-19 02:43:48,0,2024-12-29 07:04:55
1364,Fun3490,user1364@example.com,alexa,US,2024-07-24 22:06:29,0,2024-12-26 15:50:13
1365,Pro8354,user1365@example.com,mobile_ios,UK,2024-01-05 18:40:13,0,2024-12-20 05:47:08
1366,Fun9146,user1366@example.com,alexa,US,2024-04-22 10:47:24,0,2024-10-18 19:00:57
1367,Trivia4650,user1367@example.com,mobile_android,US,2024-05-29 01:25:23,0,2024-10-07 20:42:41
1368,Smart8858,user1368@example.com,alexa,Canada,2024-11-24 09:03:57,0,2024-12-26 20:00:32
1369,Voice9099,user1369@example.com,alexa,US,2024-07-07 11:49:00,0,2024-11-20 20:30:58
1370,Gamer270,user1370@example.com,mobile_ios,US,2024-05-30 11:49:10,0,2024-12-30 04:30:56
1371,Player8904,user1371@example.com,mobile_ios,France,2024-03-31 09:19:12,0,2024-12-19 20:49:19
1372,Cool4316,user1372@example.com,mobile_android,Canada,2024-10-25 03:52:31,0,2024-12-25 00:12:21
1373,Lucky4503,user1373@example.com,alexa,Canada,2024-08-14 08:01:59,0,2024-11-23 13:27:36
1374,Pro3896,user1374@example.com,mobile_ios,US,2024-07-21 05:40:00,1,2024-12-24 05:25:08
1375,Master3073,user1375@example.com,google_home,Germany,2024-09-02 03:24:40,0,2024-12-30 07:46:45
1376,Brain4721,user1376@example.com,alexa,US,2024-10-18 17:51:33,0,2024-12-30 19:07:52
1377,Smart1237,user1377@example.com,alexa,US,2024-07-20 22:07:48,0,2024-12-23 14:30:28
1378,Quiz8730,user1378@example.com,alexa,Australia,2024-11-26 14:39:17,1,2024-12-28 19:30:45
1379,Cool439,user1379@example.com,alexa,US,2024-02-21 13:45:28,0,2024-12-29 00:11:44
1380,Quick1469,user1380@example.com,alexa,Japan,2024-01-23 04:48:44,0,2024-12-22 12:21:11
1381,Lucky1492,user1381@example.com,alexa,UK,2024-01-05 03:52:18,0,2024-10-07 18:28:41
1382,Happy5535,user1382@example.com,google_home,US,2024-08-15 05:56:23,0,2024-12-28 22:48:03
1383,Quiz447,user1383@example.com,mobile_ios,US,2024-05-16 22:50:45,0,2024-12-23 13:33:16
1384,Trivia119,user1384@example.com,mobile_android,US,2024-09-18 15:07:12,0,2024-12-13 01:52:04
1385,Happy3800,user1385@example.com,mobile_android,Canada,2024-03-16 12:51:49,0,2024-07-20 09:55:33
1386,Brain1904,user1386@example.com,alexa,Brazil,2024-02-27 17:54:23,0,2024-12-29 17:03:46
1387,Lucky2039,user1387@example.com,google_home,Japan,2024-02-09 22:25:00,1,2024-12-11 14:38:42
1388,Trivia3017,user1388@example.com,google_home,US,2024-01-23 22:00:33,0,2024-12-31 15:38:07
1389,Happy4802,user1389@example.com,alexa,US,2024-08-05 05:28:09,0,2024-12-14 03:19:50
1390,Voice135,user1390@example.com,mobile_android,Brazil,2024-07-07 09:39:46,0,2024-11-21 17:34:08
1391,Trivia6499,user1391@example.com,google_home,Germany,2024-03-16 11:39:36,0,2024-12-24 18:26:22
1392,Epic4662,user1392@example.com,alexa,US,2024-02-04 04:07:12,1,2024-10-29 20:31:49
1393,Lucky8197,user1393@example.com,google_home,Canada,2024-07-16 12:50:17,0,2024-08-11 12:42:59
1394,Trivia4128,user1394@example.com,google_home,UK,2024-11-21 12:08:27,0,2024-12-20 21:38:06
1395,Quick6401,user1395@example.com,alexa,Australia,2024-09-09 19:23:12,0,2024-12-23 05:24:47
1396,Quick6026,user1396@example.com,alexa,Mexico,2024-04-22 03:10:36,1,2024-11-21 11:12:38
1397,Trivia1904,user1397@example.com,alexa,US,2024-10-12 17:15:18,0,2024-11-07 17:32:40
1398,Pro2461,user1398@example.com,mobile_ios,UK,2024-03-12 10:43:46,0,2024-12-06 00:40:53
1399,Smart3779,user1399@example.com,alexa,US,2024-08-03 08:49:44,0,2024-12-23 03:09:16
1400,Player7058,user1400@example.com,google_home,Australia,2024-03-14 13:44:34,0,2024-12-26 20:22:33
1401,Brain594,user1401@example.com,alexa,US,2024-02-07 17:21:38,0,2024-10-01 04:41:25
1402,Epic2552,user1402@example.com,mobile_ios,UK,2024-01-07 20:43:23,1,2024-11-23 10:55:18
1403,Master6842,user1403@example.com,mobile_ios,US,2024-09-27 10:54:17,0,2024-12-24 23:20:17
1404,Quiz2654,user1404@example.com,alexa,Canada,2024-01-07 10:26:27,0,2024-11-01 16:01:40
1405,Brain278,user1405@example.com,google_home,US,2024-03-29 18:19:27,0,2024-12-08 04:34:23
1406,Fun9472,user1406@example.com,google_home,Australia,2024-08-20 20:10:34,0,2024-12-19 01:26:53
1407,Voice8644,user1407@example.com,google_home,Brazil,2024-03-21 09:53:48,0,2024-11-27 17:42:37
1408,Gamer3686,user1408@example.com,google_home,Germany,2024-07-24 22:32:19,0,2024-12-30 15:57:15
1409,Pro7921,user1409@example.com,alexa,Canada,2024-11-05 02:48:39,0,2024-11-05 12:11:19
1410,Super7050,user1410@example.com,alexa,US,2024-03-25 01:59:25,1,2024-09-12 02:05:57
1411,Player4024,user1411@example.com,alexa,UK,2024-11-04 12:12:50,1,2024-12-29 09:13:32
1412,Happy3175,user1412@example.com,google_home,Canada,2024-11-01 00:23:58,1,2024-12-30 18:44:10
1413,Gamer9336,user1413@example.com,mobile_android,UK,2024-05-17 03:05:46,1,2024-10-31 22:50:17
1414,Player5943,user1414@example.com,mobile_ios,Brazil,2024-02-17 11:14:09,0,2024-12-13 09:01:02
1415,Super2222,user1415@example.com,mobile_ios,US,2024-06-10 14:13:22,0,2024-10-11 21:55:18
1416,Trivia488,user1416@example.com,google_home,US,2024-09-14 03:40:38,0,2024-12-30 22:45:45
1417,Brain2582,user1417@example.com,mobile_ios,US,2024-01-20 10:33:46,0,2024-12-07 10:24:48
1418,Trivia2738,user1418@example.com,mobile_android,UK,2024-04-28 07:51:05,0,2024-12-03 01:12:36
1419,Lucky7431,user1419@example.com,mobile_ios,US,2024-11-07 23:42:59,0,2024-12-30 01:43:52
1420,Cool4017,user1420@example.com,alexa,Canada,2024-08-08 01:27:24,1,2024-12-20 00:20:27
1421,Master1695,user1421@example.com,mobile_ios,US,2024-03-19 20:38:24,0,2024-12-11 00:47:19
1422,Master1641,user1422@example.com,google_home,US,2024-10-07 03:10:25,0,2024-12-28 13:53:03
1423,Super5889,user1423@example.com,alexa,US,2024-02-04 10:11:55,0,2024-10-30 10:31:44
1424,Fun7342,user1424@example.com,mobile_ios,US,2024-05-12 17:13:51,1,2024-10-19 04:09:07
1425,Gamer6055,user1425@example.com,mobile_android,US,2024-10-18 17:46:37,0,2024-12-27 06:33:49
1426,Super8496,user1426@example.com,mobile_ios,Brazil,2024-03-07 16:03:00,0,2024-11-01 00:21:19
1427,Pro4406,user1427@example.com,mobile_android,Mexico,2024-07-30 18:25:14,1,2024-12-31 17:18:24
1428,Quick9288,user1428@example.com,alexa,France,2024-11-25 02:04:38,0,2024-12-29 17:49:44
1429,Cool1295,user1429@example.com,alexa,France,2024-03-22 20:45:28,0,2024-12-15 00:44:47
1430,Pro8867,user1430@example.com,mobile_android,UK,2024-06-27 16:57:43,1,2024-12-25 17:37:38
1431,Epic3368,user1431@example.com,google_home,US,2024-02-25 14:27:08,0,2024-09-20 07:25:55
1432,Smart7902,user1432@example.com,alexa,UK,2024-11-05 17:42:19,0,2024-12-29 12:39:46
1433,Smart5345,user1433@example.com,google_home,Mexico,2024-08-28 05:17:52,0,2024-12-27 17:53:45
1434,Epic7856,user1434@example.com,alexa,US,2024-02-01 13:09:41,1,2024-12-28 10:11:26
1435,Fun2985,user1435@example.com,alexa,US,2024-08-04 09:49:29,0,2024-12-30 22:09:29
1436,Epic8697,user1436@example.com,alexa,India,2024-06-01 16:26:08,0,2024-12-28 05:41:44
1437,Epic5703,user1437@example.com,mobile_android,US,2024-01-28 03:21:56,0,2024-12-08 14:24:53
1438,Master8873,user1438@example.com,mobile_ios,US,2024-08-02 17:32:07,0,2024-12-29 03:30:32
1439,Cool262,user1439@example.com,google_home,India,2024-06-30 20:45:52,0,2024-12-15 20:38:39
1440,Trivia5404,user1440@example.com,mobile_ios,Germany,2024-10-23 22:26:47,0,2024-12-23 02:14:15
1441,Trivia7614,user1441@example.com,mobile_android,UK,2024-06-11 00:30:59,0,2024-12-12 10:40:36
1442,Player7481,user1442@example.com,mobile_android,France,2024-07-27 09:34:06,0,2024-11-13 12:47:14
1443,Quiz697,user1443@example.com,alexa,Brazil,2024-11-23 21:03:29,0,2024-12-28 22:22:32
1444,Cool3641,user1444@example.com,alexa,Brazil,2024-10-06 06:02:51,0,2024-12-10 19:46:51
1445,Super6060,user1445@example.com,alexa,India,2024-10-22 00:31:23,0,2024-12-21 21:21:46
1446,Pro6883,user1446@example.com,google_home,US,2024-03-04 18:10:22,0,2024-12-26 03:08:29
1447,Quiz2980,user1447@example.com,google_home,US,2024-09-24 12:13:37,0,2024-12-28 11:24:34
1448,Epic6351,user1448@example.com,alexa,Canada,2024-03-24 19:45:41,0,2024-12-25 23:20:06
1449,Quiz1535,user1449@example.com,mobile_ios,US,2024-11-20 10:18:45,0,2024-12-27 00:29:09
1450,Quiz8233,user1450@example.com,mobile_ios,Canada,2024-11-11 14:58:27,0,
1451,Gamer4849,user1451@example.com,mobile_android,US,2024-11-20 16:10:09,0,2024-12-30 14:14:59
1452,Quiz3304,user1452@example.com,mobile_android,Brazil,2024-10-09 13:52:28,0,2024-12-23 12:00:45
1453,Cool224,user1453@example.com,mobile_android,Germany,2024-08-25 15:02:04,0,2024-11-21 10:11:40
1454,Fun5136,user1454@example.com,mobile_ios,Germany,2024-05-17 23:58:54,0,2024-12-28 10:44:23
1455,Epic635,user1455@example.com,alexa,US,2024-05-03 00:09:04,0,2024-12-29 22:47:00
1456,Lucky5590,user1456@example.com,alexa,UK,2024-09-22 21:50:36,0,2024-12-26 18:23:45
1457,Smart6544,user1457@example.com,mobile_ios,Germany,2024-10-11 14:14:56,0,2024-12-30 20:36:09
1458,Cool2946,user1458@example.com,google_home,US,2024-03-06 23:09:57,0,2024-12-30 09:29:49
1459,Trivia8361,user1459@example.com,alexa,UK,2024-04-28 03:37:31,0,2024-12-27 12:32:11
1460,Brain5382,user1460@example.com,alexa,US,2024-11-17 09:28:28,0,2024-12-18 01:23:00
1461,Trivia555,user1461@example.com,mobile_ios,UK,2024-11-17 21:36:03,0,2024-12-14 16:59:10
1462,Player2238,user1462@example.com,mobile_android,Canada,2024-10-19 13:55:22,0,2024-11-17 05:36:39
1463,Quick4964,user1463@example.com,alexa,France,2024-04-05 08:43:40,0,2024-12-14 15:32:43
1464,Gamer4605,user1464@example.com,alexa,US,2024-07-12 09:29:01,1,2024-11-25 11:32:39
1465,Quiz7622,user1465@example.com,mobile_android,US,2024-10-23 03:45:55,1,2024-12-26 07:39:12
1466,Voice1367,user1466@example.com,google_home,US,2024-05-14 06:34:35,0,2024-12-30 04:01:26
1467,Master459,user1467@example.com,google_home,UK,2024-07-19 03:39:55,0,2024-12-25 22:21:12
1468,Cool5237,user1468@example.com,mobile_ios,UK,2024-04-17 15:17:18,0,2024-12-27 02:32:50
1469,Brain9394,user1469@example.com,mobile_ios,France,2024-06-01 00:22:09,1,2024-12-05 13:26:07
1470,Master9930,user1470@example.com,google_home,US,2024-06-24 12:37:33,0,2024-12-27 05:20:29
1471,Player8881,user1471@example.com,alexa,UK,2024-03-03 07:01:16,0,2024-12-22 11:59:56
1472,Smart583,user1472@example.com,alexa,US,2024-07-05 04:10:45,0,2024-11-12 16:25:24
1473,Fun7990,user1473@example.com,alexa,US,2024-03-05 09:44:33,0,2024-12-27 08:14:37
1474,Pro8223,user1474@example.com,google_home,Japan,2024-11-29 10:42:57,0,2024-12-30 11:57:15
1475,Smart4705,user1475@example.com,mobile_android,US,2024-05-08 06:17:50,0,2024-12-29 09:15:50
1476,Brain3472,user1476@example.com,mobile_android,UK,2024-10-27 11:20:40,0,2024-12-18 08:24:09
1477,Fun5322,user1477@example.com,mobile_ios,Canada,2024-08-04 21:42:42,0,2024-12-25 10:47:30
1478,Super1152,user1478@example.com,google_home,India,2024-10-17 12:50:57,0,2024-12-26 07:25:06
1479,Epic4908,user1479@example.com,mobile_ios,France,2024-05-09 21:22:02,0,2024-12-19 22:33:37
1480,Cool590,user1480@example.com,alexa,Germany,2024-09-28 12:49:30,0,2024-12-29 20:52:59
1481,Quick1290,user1481@example.com,alexa,US,2024-04-05 13:01:30,1,2024-12-18 23:49:47
1482,Player5319,user1482@example.com,mobile_ios,Australia,2024-06-09 04:27:10,0,2024-12-14 21:15:55
1483,Quick9301,user1483@example.com,alexa,US,2024-10-17 11:42:27,0,2024-12-25 00:50:52
1484,Fun1325,user1484@example.com,google_home,Canada,2024-04-21 03:44:49,0,2024-08-22 11:07:07
1485,Lucky3346,user1485@example.com,alexa,Germany,2024-08-10 11:34:12,0,2024-12-09 15:50:43
1486,Quiz2133,user1486@example.com,google_home,Canada,2024-05-20 15:20:12,0,2024-12-26 01:42:23
1487,Player4770,user1487@example.com,alexa,Germany,2024-05-01 20:59:11,0,2024-12-29 22:20:27
1488,Happy2247,user1488@example.com,mobile_ios,US,2024-01-03 16:48:45,0,2024-12-21 15:55:45
1489,Lucky366,user1489@example.com,alexa,US,2024-09-27 01:25:27,0,2024-12-30 19:03:37
1490,Lucky5765,user1490@example.com,google_home,UK,2024-06-03 10:00:02,0,2024-11-28 07:07:21
1491,Cool4989,user1491@example.com,mobile_ios,UK,2024-11-09 01:42:49,0,2024-12-26 19:33:22
1492,Quiz579,user1492@example.com,alexa,Germany,2024-03-03 13:36:48,1,2024-12-21 21:26:04
1493,Quick2888,user1493@example.com,alexa,Australia,2024-06-14 15:51:45,0,2024-12-30 23:48:25
1494,Gamer4354,user1494@example.com,mobile_android,US,2024-10-02 00:10:47,1,2024-12-13 05:20:29
1495,Fun5495,user1495@example.com,mobile_ios,Germany,2024-06-04 02:43:55,0,2024-12-07 18:31:09
1496,Pro2064,user1496@example.com,alexa,France,2024-03-28 05:00:56,0,2024-12-24 16:11:07
1497,Pro2104,user1497@example.com,google_home,US,2024-07-30 23:11:20,0,2024-12-29 05:03:35
1498,Lucky8008,user1498@example.com,alexa,US,2024-09-07 10:12:51,0,2024-12-31 09:02:55
1499,Quick3473,user1499@example.com,mobile_ios,US,2024-02-12 12:51:09,0,2024-12-28 07:20:30
1500,Smart7770,user1500@example.com,mobile_ios,US,2024-04-18 00:28:40,1,2024-12-23 18:21:30
1501,Lucky5208,user1501@example.com,mobile_ios,Canada,2024-04-16 21:30:01,0,2024-10-23 09:00:07
1502,Quick6057,user1502@example.com,google_home,UK,2024-02-24 04:44:07,0,2024-12-20 23:42:47
1503,Smart1224,user1503@example.com,alexa,US,2024-04-13 14:34:15,0,2024-12-27 14:23:27
1504,Quiz2513,user1504@example.com,google_home,US,2024-10-22 23:36:24,1,2024-11-12 03:25:04
1505,Brain4470,user1505@example.com,alexa,Canada,2024-01-09 16:46:44,0,2024-12-25 10:27:17
1506,Voice5906,user1506@example.com,google_home,US,2024-05-15 04:18:29,0,2024-11-23 03:09:51
1507,Gamer7330,user1507@example.com,alexa,US,2024-09-17 12:09:03,0,2024-12-19 09:20:48
1508,Happy3203,user1508@example.com,google_home,UK,2024-08-04 07:03:39,0,2024-12-28 13:58:58
1509,Epic1888,user1509@example.com,mobile_ios,Canada,2024-09-09 18:52:56,0,2024-09-16 10:58:33
1510,Gamer684,user1510@example.com,google_home,US,2024-04-22 04:11:37,0,2024-11-15 17:50:16
1511,Cool6521,user1511@example.com,google_home,US,2024-05-21 08:14:43,0,2024-12-28 04:35:27
1512,Smart2902,user1512@example.com,mobile_ios,US,2024-05-17 18:01:43,0,2024-12-25 19:23:00
1513,Player1644,user1513@example.com,alexa,India,2024-11-01 10:29:05,0,2024-12-26 04:23:33
1514,Brain5262,user1514@example.com,mobile_ios,US,2024-06-05 08:41:16,0,2024-12-21 00:34:47
1515,Player7875,user1515@example.com,google_home,US,2024-08-21 05:09:50,0,2024-12-27 08:04:18
1516,Player9832,user1516@example.com,google_home,UK,2024-02-09 06:12:57,1,2024-10-02 11:55:11
1517,Quiz840,user1517@example.com,mobile_ios,UK,2024-05-06 17:12:20,0,2024-11-15 04:42:51
1518,Brain2501,user1518@example.com,mobile_ios,US,2024-04-26 19:07:28,0,2024-12-28 18:47:53
1519,Master5847,user1519@example.com,mobile_android,US,2024-06-20 16:28:45,0,2024-08-30 07:29:02
1520,Player5877,user1520@example.com,alexa,US,2024-07-05 16:42:09,0,2024-12-31 10:42:18
1521,Quiz4522,user1521@example.com,mobile_ios,Australia,2024-11-01 17:38:05,1,2024-12-30 13:06:51
1522,Trivia5952,user1522@example.com,google_home,US,2024-07-29 08:01:09,0,2024-11-21 17:57:17
1523,Smart1562,user1523@example.com,alexa,Brazil,2024-08-08 13:05:09,0,2024-12-30 23:30:54
1524,Pro8732,user1524@example.com,alexa,India,2024-05-20 22:49:27,0,2024-09-13 11:46:06
1525,Epic4626,user1525@example.com,alexa,US,2024-06-18 14:14:12,0,2024-12-31 08:26:42
1526,Quiz7201,user1526@example.com,mobile_ios,UK,2024-06-24 22:17:44,0,2024-11-06 01:40:59
1527,Quiz236,user1527@example.com,google_home,Canada,2024-06-26 10:30:02,0,2024-12-05 21:24:31
1528,Happy9244,user1528@example.com,mobile_ios,US,2024-03-17 19:02:55,0,2024-12-23 06:45:54
1529,Pro770,user1529@example.com,alexa,Germany,2024-05-30 00:34:03,1,2024-12-14 14:23:05
1530,Player7150,user1530@example.com,google_home,France,2024-09-07 11:08:04,1,2024-11-03 09:00:24
1531,Happy8324,user1531@example.com,mobile_ios,Australia,2024-03-11 12:45:03,0,2024-09-29 18:14:28
1532,Trivia3323,user1532@example.com,google_home,India,2024-02-14 09:51:17,0,2024-11-01 02:08:59
1533,Super4175,user1533@example.com,mobile_ios,Canada,2024-01-17 17:13:40,0,2024-11-13 22:01:49
1534,Happy9881,user1534@example.com,alexa,UK,2024-02-20 09:30:43,0,2024-03-02 09:53:45
1535,Trivia3368,user1535@example.com,alexa,US,2024-06-14 21:03:01,0,2024-12-16 22:36:46
1536,Happy9384,user1536@example.com,mobile_android,UK,2024-06-05 03:06:59,0,2024-12-13 05:04:12
1537,Trivia8727,user1537@example.com,google_home,US,2024-08-11 03:29:48,0,2024-12-17 16:07:45
1538,Super7106,user1538@example.com,google_home,Brazil,2024-07-02 17:03:11,0,2024-12-29 18:28:43
1539,Epic1548,user1539@example.com,mobile_ios,Canada,2024-10-13 00:57:43,0,2024-12-15 18:09:17
1540,Super2185,user1540@example.com,mobile_ios,India,2024-05-04 21:07:44,0,2024-12-24 18:11:28
1541,Trivia6701,user1541@example.com,mobile_ios,UK,2024-01-28 14:17:46,0,2024-11-12 05:24:24
1542,Gamer1487,user1542@example.com,alexa,Germany,2024-09-22 16:45:22,0,2024-11-12 07:50:54
1543,Quiz4860,user1543@example.com,google_home,Canada,2024-06-19 21:38:21,0,2024-12-06 22:07:36
1544,Gamer3459,user1544@example.com,google_home,UK,2024-03-03 21:17:06,0,2024-10-13 17:48:11
1545,Trivia5029,user1545@example.com,mobile_ios,Australia,2024-03-10 08:08:20,0,2024-11-06 15:42:39
1546,Smart1979,user1546@example.com,alexa,US,2024-09-05 22:42:24,0,2024-12-03 15:36:48
1547,Quick3447,user1547@example.com,alexa,US,2024-09-23 03:31:36,0,2024-12-05 06:53:53
1548,Quiz5013,user1548@example.com,google_home,Mexico,2024-07-19 02:01:34,0,2024-08-28 00:02:56
1549,Pro2118,user1549@example.com,google_home,Canada,2024-10-06 09:28:34,0,2024-12-01 17:26:30
1550,Smart7901,user1550@example.com,google_home,US,2024-05-03 06:13:03,1,2024-12-03 19:27:37
1551,Super4608,user1551@example.com,google_home,Canada,2024-10-28 17:56:53,1,2024-12-10 15:00:04
1552,Trivia558,user1552@example.com,alexa,US,2024-08-01 15:28:03,0,2024-12-14 21:55:00
1553,Gamer7382,user1553@example.com,alexa,India,2024-10-24 11:01:23,0,2024-11-29 00:24:37
1554,Fun249,user1554@example.com,mobile_android,US,2024-08-27 16:41:16,0,2024-11-25 06:36:27
1555,Super8702,user1555@example.com,google_home,US,2024-09-14 07:40:27,0,2024-12-22 09:37:10
1556,Lucky7628,user1556@example.com,mobile_ios,Germany,2024-06-29 23:52:54,0,2024-11-30 18:57:48
1557,Voice8025,user1557@example.com,google_home,UK,2024-06-04 14:20:33,0,2024-12-30 18:45:29
1558,Fun2220,user1558@example.com,mobile_ios,UK,2024-10-21 18:27:30,0,2024-12-15 01:04:37
1559,Cool1207,user1559@example.com,alexa,France,2024-10-26 22:28:53,0,2024-12-18 11:08:42
1560,Master7905,user1560@example.com,alexa,US,2024-02-19 03:52:02,0,2024-06-29 08:53:11
1561,Brain6392,user1561@example.com,mobile_ios,US,2024-05-01 03:50:19,1,2024-07-11 15:36:13
1562,Quiz713,user1562@example.com,mobile_ios,US,2024-11-09 09:07:11,0,2024-12-30 08:38:43
1563,Player2951,user1563@example.com,alexa,Canada,2024-11-06 22:59:04,0,2024-12-31 11:32:25
1564,Smart3306,user1564@example.com,alexa,US,2024-11-22 20:53:26,0,2024-12-16 12:38:26
1565,Epic8759,user1565@example.com,mobile_ios,US,2024-04-13 05:54:05,0,2024-10-18 18:12:53
1566,Smart644,user1566@example.com,mobile_ios,India,2024-11-18 03:30:09,0,2024-12-28 00:24:46
1567,Voice5682,user1567@example.com,alexa,Australia,2024-07-27 20:41:27,0,2024-12-28 16:13:33
1568,Master3215,user1568@example.com,mobile_ios,UK,2024-11-24 19:13:46,0,2024-12-30 18:37:18
1569,Trivia1200,user1569@example.com,google_home,Canada,2024-06-29 12:58:45,0,2024-12-24 21:06:45
1570,Trivia8574,user1570@example.com,alexa,US,2024-10-18 02:50:42,0,2024-12-11 09:34:03
1571,Lucky469,user1571@example.com,alexa,Japan,2024-11-03 19:40:49,0,2024-12-22 18:28:19
1572,Super1213,user1572@example.com,mobile_android,US,2024-05-08 14:12:53,0,2024-12-27 03:34:11
1573,Quick8582,user1573@example.com,mobile_android,UK,2024-09-30 20:56:53,0,2024-12-26 06:56:12
1574,Quiz9648,user1574@example.com,google_home,India,2024-01-30 19:52:37,0,2024-12-20 05:41:04
1575,Lucky7004,user1575@example.com,alexa,US,2024-01-16 01:10:30,0,2024-12-14 22:07:39
1576,Lucky1121,user1576@example.com,alexa,US,2024-03-12 07:26:09,0,2024-12-20 22:16:26
1577,Super1259,user1577@example.com,mobile_android,UK,2024-11-08 01:17:14,0,2024-12-16 05:30:58
1578,Master2221,user1578@example.com,alexa,US,2024-02-11 20:04:36,1,2024-12-21 04:10:55
1579,Super7169,user1579@example.com,google_home,Germany,2024-09-16 08:12:03,0,2024-12-21 21:44:29
1580,Gamer531,user1580@example.com,mobile_ios,Germany,2024-04-26 00:46:50,0,2024-12-18 15:05:58
1581,Master954,user1581@example.com,google_home,US,2024-07-13 00:39:31,1,2024-12-10 17:27:21
1582,Trivia1993,user1582@example.com,google_home,India,2024-08-06 20:00:29,0,2024-12-09 10:24:28
1583,Smart5721,user1583@example.com,google_home,US,2024-07-07 12:48:29,0,2024-12-30 22:24:14
1584,Quick6867,user1584@example.com,mobile_ios,India,2024-10-28 00:21:57,0,2024-12-22 17:23:42
1585,Player4194,user1585@example.com,mobile_ios,US,2024-10-17 01:40:00,1,2024-12-09 23:15:18
1586,Gamer5246,user1586@example.com,alexa,Canada,2024-04-02 10:17:20,0,2024-07-19 06:08:29
1587,Cool7943,user1587@example.com,mobile_ios,Canada,2024-05-29 04:43:22,1,2024-12-28 12:23:03
1588,Master5948,user1588@example.com,mobile_android,France,2024-10-05 07:29:42,0,2024-12-10 08:45:53
1589,Happy4101,user1589@example.com,google_home,US,2024-06-03 13:21:34,0,2024-12-17 15:44:30
1590,Gamer5779,user1590@example.com,mobile_android,Australia,2024-09-14 03:48:01,0,2024-12-25 15:51:37
1591,Smart2346,user1591@example.com,mobile_ios,UK,2024-05-23 02:51:22,0,2024-10-11 23:22:37
1592,Quiz6201,user1592@example.com,mobile_ios,Germany,2024-10-10 07:40:25,1,2024-12-10 13:40:22
1593,Pro1971,user1593@example.com,alexa,France,2024-04-30 16:01:48,0,2024-12-26 02:55:37
1594,Happy1484,user1594@example.com,alexa,France,2024-10-28 13:59:14,0,2024-11-14 17:07:21
1595,Cool7374,user1595@example.com,alexa,US,2024-01-10 13:55:46,0,2024-11-16 11:23:33
1596,Gamer5099,user1596@example.com,alexa,Australia,2024-08-08 19:23:14,0,2024-12-25 14:30:41
1597,Fun9782,user1597@example.com,alexa,US,2024-11-07 12:14:28,0,2024-12-29 12:47:43
1598,Epic1035,user1598@example.com,mobile_ios,UK,2024-11-14 15:48:15,0,2024-12-28 18:30:21
1599,Pro7044,user1599@example.com,google_home,UK,2024-05-27 19:28:12,0,2024-12-18 10:47:17
1600,Pro4003,user1600@example.com,alexa,US,2024-03-24 13:52:56,0,2024-12-30 15:38:21
1601,Quick8993,user1601@example.com,alexa,UK,2024-05-20 03:06:51,1,2024-12-26 05:36:37
1602,Fun4204,user1602@example.com,mobile_ios,Germany,2024-05-20 13:10:08,0,2024-11-22 14:08:10
1603,Lucky4433,user1603@example.com,mobile_ios,US,2024-03-04 11:10:25,1,2024-10-05 15:52:37
1604,Gamer5977,user1604@example.com,google_home,France,2024-01-05 16:58:57,0,2024-11-24 03:31:28
1605,Voice4629,user1605@example.com,mobile_android,UK,2024-01-30 21:06:05,0,2024-09-03 19:48:15
1606,Fun4624,user1606@example.com,alexa,UK,2024-08-13 06:32:47,0,2024-11-22 12:07:27
1607,Gamer3912,user1607@example.com,alexa,US,2024-03-30 05:20:54,0,2024-12-15 03:07:22
1608,Lucky787,user1608@example.com,google_home,US,2024-08-13 21:06:47,0,2024-12-31 08:25:08
1609,Player5889,user1609@example.com,google_home,US,2024-05-12 09:22:23,0,2024-11-09 04:22:47
1610,Pro1954,user1610@example.com,google_home,US,2024-02-25 02:49:15,0,2024-11-15 05:45:41
1611,Voice7087,user1611@example.com,mobile_android,US,2024-07-09 15:08:41,0,2024-10-14 10:25:18
1612,Epic6239,user1612@example.com,google_home,Brazil,2024-07-03 12:11:47,0,2024-12-30 00:35:39
1613,Gamer4865,user1613@example.com,mobile_android,India,2024-03-23 13:24:34,1,2024-12-03 01:50:06
1614,Lucky8468,user1614@example.com,mobile_ios,Australia,2024-11-07 07:41:59,0,2024-12-29 12:06:13
1615,Cool9646,user1615@example.com,alexa,Australia,2024-06-25 07:49:23,0,2024-12-27 18:41:54
1616,Voice3779,user1616@example.com,google_home,Mexico,2024-11-28 02:51:21,0,2024-12-29 15:11:33
1617,Quiz8746,user1617@example.com,mobile_ios,Canada,2024-08-02 19:37:23,0,2024-12-23 18:27:20
1618,Lucky4510,user1618@example.com,alexa,UK,2024-09-23 16:03:25,0,2024-12-02 14:25:02
1619,Super3882,user1619@example.com,google_home,Australia,2024-06-17 08:51:00,1,
1620,Epic6029,user1620@example.com,alexa,UK,2024-05-03 16:12:08,1,
1621,Master3874,user1621@example.com,google_home,US,2024-07-04 23:47:13,0,2024-12-18 12:49:42
1622,Quick6778,user1622@example.com,mobile_ios,Canada,2024-03-05 19:34:26,0,2024-12-05 10:21:10
1623,Lucky2032,user1623@example.com,alexa,US,2024-05-26 12:26:10,0,2024-12-08 14:23:36
1624,Smart3047,user1624@example.com,mobile_android,US,2024-10-21 17:59:35,1,2024-12-31 12:35:03
1625,Master1754,user1625@example.com,alexa,US,2024-05-14 20:11:29,0,2024-10-19 12:39:21
1626,Trivia8536,user1626@example.com,mobile_android,India,2024-03-26 02:39:30,0,2024-12-04 04:33:17
1627,Cool9224,user1627@example.com,alexa,US,2024-06-30 04:38:25,0,2024-12-26 15:32:46
1628,Quiz841,user1628@example.com,alexa,Japan,2024-06-21 21:32:06,0,2024-12-23 08:50:24
1629,Pro7238,user1629@example.com,alexa,UK,2024-07-28 22:58:04,1,2024-11-14 08:28:39
1630,Voice2594,user1630@example.com,mobile_android,UK,2024-04-03 21:27:54,0,2024-12-23 12:39:12
1631,Cool5350,user1631@example.com,google_home,UK,2024-11-28 16:30:44,0,2024-12-31 04:15:11
1632,Happy8182,user1632@example.com,alexa,UK,2024-02-19 08:27:23,0,2024-11-07 00:01:59
1633,Epic4773,user1633@example.com,alexa,US,2024-10-23 18:30:14,0,2024-12-28 17:24:38
1634,Smart7153,user1634@example.com,google_home,UK,2024-03-14 01:31:36,0,2024-11-03 04:23:48
1635,Happy2813,user1635@example.com,alexa,US,2024-02-20 12:38:47,0,2024-10-13 08:19:25
1636,Fun1838,user1636@example.com,mobile_android,Canada,2024-03-27 10:30:11,1,2024-12-02 08:56:53
1637,Brain548,user1637@example.com,google_home,US,2024-04-15 20:06:13,0,2024-12-12 01:00:01
1638,Player8101,user1638@example.com,mobile_ios,US,2024-10-02 07:06:16,0,2024-12-29 20:44:31
1639,Pro8634,user1639@example.com,alexa,UK,2024-10-19 15:31:42,0,2024-12-19 12:16:12
1640,Epic8181,user1640@example.com,alexa,France,2024-03-02 16:10:49,0,2024-12-29 05:27:05
1641,Voice3744,user1641@example.com,mobile_ios,US,2024-02-29 12:52:42,0,2024-12-16 17:19:01
1642,Voice5257,user1642@example.com,mobile_android,US,2024-05-21 16:30:36,1,2024-12-13 13:23:20
1643,Smart9245,user1643@example.com,mobile_ios,France,2024-09-23 11:33:38,1,2024-12-01 09:04:56
1644,Player4129,user1644@example.com,alexa,US,2024-11-20 22:50:19,0,2024-12-28 05:06:50
1645,Master2581,user1645@example.com,google_home,US,2024-04-10 09:39:31,0,2024-12-30 20:33:10
1646,Voice8559,user1646@example.com,mobile_android,Australia,2024-03-08 07:13:47,1,2024-12-16 08:59:00
1647,Smart3018,user1647@example.com,alexa,Canada,2024-02-04 17:51:55,0,2024-11-20 13:46:24
1648,Quick5813,user1648@example.com,google_home,Canada,2024-11-19 21:15:32,0,2024-12-31 07:22:59
1649,Happy8047,user1649@example.com,google_home,Canada,2024-06-02 08:26:34,0,2024-12-19 02:36:36
1650,Happy1681,user1650@example.com,alexa,Brazil,2024-10-05 17:30:40,0,2024-12-17 22:56:17
1651,Pro5431,user1651@example.com,alexa,US,2024-05-27 15:16:37,0,2024-11-23 21:46:31
1652,Super6622,user1652@example.com,mobile_ios,Australia,2024-06-12 04:08:01,0,2024-12-26 15:44:47
1653,Epic3947,user1653@example.com,alexa,US,2024-09-07 21:53:01,0,2024-12-30 04:32:19
1654,Lucky4386,user1654@example.com,mobile_ios,US,2024-07-28 02:12:49,0,2024-12-22 23:49:52
1655,Fun995,user1655@example.com,alexa,Australia,2024-08-05 14:30:55,0,2024-12-20 16:25:28
1656,Pro6814,user1656@example.com,alexa,France,2024-01-24 11:13:57,0,2024-09-23 08:32:56
1657,Lucky2217,user1657@example.com,mobile_ios,US,2024-11-16 04:00:59,0,2024-12-17 09:23:24
1658,Lucky5878,user1658@example.com,mobile_ios,UK,2024-07-13 03:17:09,0,2024-11-14 03:22:42
1659,Super8873,user1659@example.com,alexa,US,2024-09-22 07:39:45,0,2024-11-11 14:30:31
1660,Brain6225,user1660@example.com,alexa,US,2024-04-27 10:33:55,0,2024-12-30 10:22:52
1661,Player8727,user1661@example.com,alexa,US,2024-01-07 01:18:48,0,2024-12-25 16:28:39
1662,Happy497,user1662@example.com,alexa,Australia,2024-03-21 10:18:25,0,2024-12-28 03:46:25
1663,Cool6665,user1663@example.com,alexa,Australia,2024-05-19 04:30:06,0,2024-11-29 15:35:03
1664,Voice8365,user1664@example.com,mobile_ios,Australia,2024-02-13 02:47:10,0,2024-11-10 15:08:21
1665,Trivia1665,user1665@example.com,mobile_ios,Germany,2024-01-08 19:43:21,0,2024-12-27 13:34:36
1666,Lucky7065,user1666@example.com,google_home,US,2024-11-06 11:21:59,0,2024-12-26 19:55:29
1667,Fun9540,user1667@example.com,google_home,US,2024-04-13 03:37:45,1,2024-11-09 23:34:00
1668,Fun8019,user1668@example.com,alexa,Australia,2024-07-27 20:25:30,0,2024-12-24 09:59:28
1669,Master6549,user1669@example.com,mobile_android,Australia,2024-07-14 00:37:36,0,2024-12-20 17:01:53
1670,Player6610,user1670@example.com,mobile_ios,US,2024-08-19 08:09:28,0,2024-12-28 12:14:53
1671,Happy5546,user1671@example.com,alexa,Canada,2024-02-25 23:24:15,1,2024-12-18 23:34:12
1672,Smart8125,user1672@example.com,google_home,US,2024-10-14 06:09:44,0,2024-11-18 17:36:45
1673,Quick1065,user1673@example.com,mobile_ios,US,2024-08-30 19:03:23,0,2024-12-26 12:35:16
1674,Gamer5366,user1674@example.com,mobile_ios,UK,2024-06-21 05:29:01,0,2024-11-09 03:28:36
1675,Master9038,user1675@example.com,google_home,Brazil,2024-05-17 07:37:03,0,2024-12-24 22:20:32
1676,Voice1821,user1676@example.com,google_home,US,2024-08-24 17:35:07,1,2024-12-28 17:04:04
1677,Quiz2822,user1677@example.com,alexa,France,2024-01-07 05:54:05,1,2024-12-19 18:29:05
1678,Brain8694,user1678@example.com,google_home,Australia,2024-08-05 18:01:44,0,2024-12-29 07:16:31
1679,Happy2026,user1679@example.com,google_home,US,2024-07-23 00:20:13,0,2024-12-30 12:18:12
1680,Lucky6188,user1680@example.com,google_home,US,2024-05-18 19:01:22,0,2024-12-14 00:50:23
1681,Super8609,user1681@example.com,mobile_ios,UK,2024-04-14 22:21:18,0,2024-12-24 09:07:41
1682,Brain8691,user1682@example.com,mobile_ios,UK,2024-06-18 04:55:39,0,2024-12-25 03:22:05
1683,Master1198,user1683@example.com,mobile_android,US,2024-04-01 05:28:26,0,2024-06-18 03:04:30
1684,Pro5523,user1684@example.com,alexa,Canada,2024-04-12 03:25:00,0,2024-11-03 12:58:38
1685,Quick5751,user1685@example.com,mobile_ios,Japan,2024-02-04 12:45:34,0,2024-12-29 02:29:00
1686,Happy6117,user1686@example.com,mobile_ios,US,2024-08-06 21:16:47,0,2024-12-30 09:36:04
1687,Smart1369,user1687@example.com,google_home,US,2024-10-04 23:21:35,0,2024-12-30 17:42:37
1688,Quiz2175,user1688@example.com,mobile_ios,UK,2024-04-01 09:34:23,0,2024-12-27 00:26:31
1689,Fun7856,user1689@example.com,alexa,US,2024-06-18 20:57:32,0,2024-12-29 03:35:07
1690,Trivia2448,user1690@example.com,alexa,France,2024-04-20 03:19:31,0,2024-12-29 07:17:08
1691,Pro7069,user1691@example.com,mobile_ios,US,2024-01-27 04:59:13,0,2024-11-07 06:41:39
1692,Cool6281,user1692@example.com,mobile_ios,Australia,2024-03-01 08:45:58,0,2024-10-06 12:09:44
1693,Voice3604,user1693@example.com,mobile_android,Japan,2024-09-24 11:32:26,0,2024-12-29 13:27:47
1694,Pro8129,user1694@example.com,mobile_ios,US,2024-03-14 15:55:10,1,2024-12-03 12:37:15
1695,Super3016,user1695@example.com,alexa,US,2024-08-10 23:44:31,0,2024-11-06 18:00:11
1696,Smart9271,user1696@example.com,mobile_android,Japan,2024-06-26 15:26:24,0,2024-12-24 04:03:57
1697,Player3308,user1697@example.com,google_home,UK,2024-07-10 06:31:02,1,2024-08-29 14:57:17
1698,Quiz6143,user1698@example.com,mobile_android,UK,2024-06-07 11:57:30,1,2024-12-30 00:02:17
1699,Fun7943,user1699@example.com,google_home,Mexico,2024-05-19 01:13:14,0,2024-10-07 11:43:51
1700,Gamer9474,user1700@example.com,mobile_ios,France,2024-05-20 22:45:55,0,2024-11-01 20:40:31
1701,Pro8133,user1701@example.com,alexa,Australia,2024-11-07 23:01:08,0,2024-12-24 10:50:35
1702,Gamer6154,user1702@example.com,alexa,India,2024-10-06 03:46:56,0,2024-12-29 14:48:01
1703,Voice6974,user1703@example.com,mobile_ios,US,2024-03-31 04:47:35,0,2024-11-09 00:38:18
1704,Quiz9014,user1704@example.com,alexa,France,2024-02-01 11:26:27,0,2024-11-10 21:40:45
1705,Lucky2872,user1705@example.com,mobile_android,UK,2024-01-09 12:06:43,0,2024-12-23 07:25:27
1706,Cool6921,user1706@example.com,mobile_ios,Canada,2024-09-21 00:30:57,1,2024-12-28 13:37:16
1707,Fun1475,user1707@example.com,alexa,US,2024-09-13 05:22:14,0,2024-12-27 03:36:15
1708,Brain152,user1708@example.com,alexa,UK,2024-09-15 14:54:01,1,2024-12-26 08:58:14
1709,Voice9376,user1709@example.com,mobile_android,US,2024-08-26 20:41:11,0,2024-12-23 00:02:03
1710,Brain5301,user1710@example.com,google_home,Brazil,2024-04-03 03:08:46,0,2024-11-30 11:17:15
1711,Super7642,user1711@example.com,alexa,Australia,2024-01-06 07:55:11,0,2024-12-25 19:11:39
1712,Trivia5187,user1712@example.com,alexa,Australia,2024-11-24 06:57:26,0,2024-12-22 00:24:24
1713,Lucky6882,user1713@example.com,alexa,US,2024-03-12 20:34:20,0,2024-12-04 01:52:35
1714,Fun7302,user1714@example.com,alexa,UK,2024-03-31 10:44:17,0,2024-12-16 22:24:45
1715,Pro2893,user1715@example.com,alexa,France,2024-06-27 23:22:05,0,2024-12-30 15:53:18
1716,Smart7208,user1716@example.com,alexa,Germany,2024-10-02 20:42:22,0,2024-10-24 17:01:50
1717,Fun1586,user1717@example.com,google_home,US,2024-04-16 12:27:30,0,2024-12-12 12:47:30
1718,Quiz8571,user1718@example.com,mobile_ios,US,2024-05-13 01:08:41,1,2024-08-28 12:32:50
1719,Super9336,user1719@example.com,google_home,UK,2024-10-27 11:45:35,1,2024-12-29 12:42:12
1720,Super229,user1720@example.com,alexa,UK,2024-02-23 22:55:06,0,2024-12-24 16:48:26
1721,Super5118,user1721@example.com,alexa,UK,2024-02-21 06:48:45,0,2024-12-15 05:14:04
1722,Pro9825,user1722@example.com,google_home,US,2024-08-12 22:27:00,0,2024-12-25 05:05:12
1723,Super9945,user1723@example.com,alexa,Canada,2024-05-04 09:11:45,0,2024-12-31 02:25:49
1724,Quiz6997,user1724@example.com,google_home,US,2024-04-29 18:27:28,0,2024-12-18 18:56:30
1725,Brain8491,user1725@example.com,alexa,US,2024-10-30 01:02:22,0,2024-12-25 18:45:31
1726,Trivia2228,user1726@example.com,mobile_ios,Germany,2024-09-25 07:13:32,1,2024-12-29 17:46:25
1727,Trivia5770,user1727@example.com,google_home,US,2024-02-16 11:15:37,1,2024-12-14 06:21:54
1728,Brain5036,user1728@example.com,alexa,US,2024-03-16 07:17:47,0,2024-08-14 08:40:03
1729,Quick2625,user1729@example.com,mobile_ios,France,2024-08-11 03:16:58,0,2024-12-20 22:23:08
1730,Super1736,user1730@example.com,google_home,Canada,2024-09-01 05:48:03,0,2024-12-30 15:19:17
1731,Pro4077,user1731@example.com,mobile_ios,US,2024-08-29 13:42:01,1,2024-11-23 15:47:58
1732,Lucky4739,user1732@example.com,mobile_ios,Australia,2024-03-09 14:33:33,0,2024-08-27 05:53:33
1733,Voice5783,user1733@example.com,google_home,Australia,2024-07-20 19:26:47,0,2024-12-31 00:57:57
1734,Brain3952,user1734@example.com,google_home,US,2024-04-23 22:09:20,0,2024-12-30 01:00:21
1735,Cool1365,user1735@example.com,mobile_ios,US,2024-11-08 21:48:54,0,2024-12-31 05:27:12
1736,Epic1621,user1736@example.com,alexa,Canada,2024-04-18 10:59:35,0,2024-08-05 09:33:36
1737,Cool7975,user1737@example.com,alexa,Brazil,2024-05-25 11:19:35,0,2024-12-07 09:05:46
1738,Quiz7717,user1738@example.com,mobile_ios,US,2024-03-24 14:29:54,0,2024-12-24 19:39:45
1739,Player2735,user1739@example.com,alexa,UK,2024-12-01 14:43:35,0,2024-12-31 04:51:31
1740,Master6681,user1740@example.com,google_home,US,2024-08-20 00:25:18,0,2024-12-27 03:41:27
1741,Pro8325,user1741@example.com,google_home,UK,2024-11-20 04:13:18,0,2024-12-29 13:41:09
1742,Quiz3030,user1742@example.com,mobile_android,UK,2024-09-30 13:17:03,0,2024-12-27 11:11:39
1743,Player5623,user1743@example.com,mobile_android,Australia,2024-02-10 05:28:31,0,2024-12-21 11:24:37
1744,Pro7225,user1744@example.com,alexa,US,2024-09-20 22:22:26,1,2024-12-31 04:49:46
1745,Super920,user1745@example.com,mobile_android,Canada,2024-09-07 16:45:25,0,2024-12-29 09:16:14
1746,Player8992,user1746@example.com,alexa,US,2024-06-21 10:46:56,0,2024-12-20 07:26:12
1747,Happy683,user1747@example.com,google_home,US,2024-08-16 11:49:10,1,2024-12-30 18:48:03
1748,Brain1477,user1748@example.com,google_home,US,2024-07-21 09:03:08,1,2024-12-31 03:16:57
1749,Fun5758,user1749@example.com,mobile_android,Canada,2024-09-09 15:41:45,0,
1750,Pro765,user1750@example.com,alexa,US,2024-09-25 20:43:08,1,2024-12-29 02:50:47
1751,Cool8498,user1751@example.com,mobile_android,US,2024-11-22 03:40:54,0,2024-12-29 22:25:17
1752,Cool466,user1752@example.com,alexa,Australia,2024-06-03 15:23:01,0,2024-12-31 04:41:34
1753,Quiz3239,user1753@example.com,google_home,Mexico,2024-02-10 15:46:51,0,2024-12-15 17:13:14
1754,Gamer6231,user1754@example.com,google_home,US,2024-10-03 08:52:29,0,2024-12-29 09:31:37
1755,Fun8317,user1755@example.com,mobile_ios,Canada,2024-05-20 06:45:41,0,2024-12-23 17:00:04
1756,Player6771,user1756@example.com,alexa,Germany,2024-05-25 09:55:40,0,2024-12-21 03:45:56
1757,Pro9915,user1757@example.com,mobile_ios,Canada,2024-05-20 09:43:23,1,2024-12-15 04:27:27
1758,Lucky3721,user1758@example.com,alexa,US,2024-04-25 00:39:28,0,2024-12-12 19:00:40
1759,Epic9852,user1759@example.com,alexa,US,2024-08-23 21:24:19,0,2024-12-26 00:44:11
1760,Lucky5337,user1760@example.com,alexa,US,2024-01-07 12:29:11,0,2024-11-27 15:55:27
1761,Brain6490,user1761@example.com,alexa,US,2024-09-12 07:40:08,0,2024-12-31 00:06:54
1762,Master9296,user1762@example.com,mobile_android,US,2024-02-10 22:59:16,0,2024-12-21 04:33:06
1763,Happy4881,user1763@example.com,mobile_ios,UK,2024-09-28 13:26:30,0,2024-12-30 05:41:42
1764,Brain5861,user1764@example.com,google_home,US,2024-03-20 22:45:02,0,2024-09-26 01:25:33
1765,Master3945,user1765@example.com,google_home,UK,2024-05-25 20:15:33,0,2024-11-28 05:09:04
1766,Cool3676,user1766@example.com,alexa,US,2024-03-04 03:31:51,0,2024-10-12 03:44:12
1767,Epic5867,user1767@example.com,mobile_ios,US,2024-03-22 14:36:15,0,2024-12-29 08:20:15
1768,Quiz5306,user1768@example.com,google_home,UK,2024-06-12 13:13:22,0,2024-12-30 03:17:00
1769,Pro4790,user1769@example.com,mobile_ios,US,2024-07-25 18:00:58,0,2024-12-31 06:53:34
1770,Happy154,user1770@example.com,google_home,US,2024-03-31 14:33:55,0,2024-12-22 00:45:34
1771,Cool9605,user1771@example.com,mobile_ios,Brazil,2024-03-29 03:34:47,0,2024-12-24 13:14:02
1772,Quick2370,user1772@example.com,mobile_ios,UK,2024-11-21 01:03:26,1,2024-12-12 22:25:14
1773,Player5425,user1773@example.com,mobile_ios,US,2024-10-19 14:52:58,0,2024-11-20 13:28:48
1774,Player9952,user1774@example.com,mobile_android,Canada,2024-02-16 13:28:55,0,2024-12-30 07:40:13
1775,Pro6146,user1775@example.com,mobile_ios,US,2024-04-08 05:52:32,0,2024-12-25 20:45:37
1776,Trivia4900,user1776@example.com,alexa,US,2024-04-12 11:45:00,0,2024-08-22 07:48:19
1777,Pro4063,user1777@example.com,mobile_ios,Brazil,2024-08-23 08:55:18,0,2024-11-19 10:29:47
1778,Lucky2709,user1778@example.com,alexa,Australia,2024-02-26 21:59:28,1,2024-11-29 08:04:49
1779,Master6413,user1779@example.com,alexa,US,2024-01-17 14:47:40,0,2024-12-15 03:21:35
1780,Player7284,user1780@example.com,google_home,Australia,2024-10-02 04:24:17,0,2024-12-29 19:04:14
1781,Super6644,user1781@example.com,mobile_ios,UK,2024-07-22 01:27:10,0,2024-12-31 01:00:04
1782,Quiz2491,user1782@example.com,mobile_ios,Australia,2024-08-07 04:31:00,0,2024-12-30 04:12:24
1783,Super6864,user1783@example.com,mobile_ios,US,2024-02-27 06:09:05,0,2024-11-26 01:48:10
1784,Fun1691,user1784@example.com,alexa,Canada,2024-09-04 07:38:56,0,2024-12-23 18:37:45
1785,Fun5710,user1785@example.com,alexa,US,2024-09-08 08:54:37,0,2024-12-06 18:37:23
1786,Fun9839,user1786@example.com,alexa,US,2024-05-12 20:41:19,0,2024-05-13 03:18:35
1787,Super9333,user1787@example.com,google_home,US,2024-01-14 08:02:49,0,2024-12-26 10:16:20
1788,Happy7887,user1788@example.com,mobile_ios,Canada,2024-03-22 20:40:01,0,2024-12-15 09:33:59
1789,Happy6395,user1789@example.com,alexa,US,2024-03-06 05:20:05,0,2024-12-25 02:02:49
1790,Trivia9672,user1790@example.com,alexa,US,2024-10-25 11:01:49,0,2024-12-30 02:38:31
1791,Master2891,user1791@example.com,mobile_android,Canada,2024-09-21 14:46:34,0,2024-12-22 05:55:46
1792,Super6292,user1792@example.com,mobile_android,UK,2024-09-13 11:26:35,0,2024-12-31 08:27:38
1793,Brain8029,user1793@example.com,mobile_android,US,2024-09-25 17:33:03,0,2024-12-27 21:21:10
1794,Happy3482,user1794@example.com,alexa,US,2024-06-24 08:11:08,0,2024-12-29 06:17:25
1795,Smart5940,user1795@example.com,google_home,UK,2024-03-02 23:39:56,0,
1796,Quick3418,user1796@example.com,google_home,US,2024-01-07 19:04:57,0,2024-12-26 13:31:38
1797,Voice4547,user1797@example.com,google_home,UK,2024-06-17 18:28:28,0,2024-12-31 17:18:25
1798,Pro9384,user1798@example.com,google_home,US,2024-02-10 02:02:16,0,2024-06-22 12:58:03
1799,Quick3841,user1799@example.com,mobile_ios,UK,2024-04-03 23:41:42,1,2024-12-26 23:36:07
1800,Fun1596,user1800@example.com,mobile_ios,Australia,2024-11-07 09:40:34,0,2024-12-30 02:30:28
1801,Happy1097,user1801@example.com,alexa,US,2024-03-08 19:01:32,0,2024-12-21 04:05:08
1802,Quiz8897,user1802@example.com,mobile_android,US,2024-09-01 16:54:12,0,2024-12-30 15:27:56
1803,Master2007,user1803@example.com,google_home,UK,2024-02-07 07:09:05,1,2024-12-26 15:01:28
1804,Master5014,user1804@example.com,google_home,UK,2024-10-28 07:49:39,0,2024-12-16 05:06:29
1805,Smart9749,user1805@example.com,mobile_ios,Canada,2024-02-27 16:06:57,0,2024-12-31 15:57:51
1806,Epic9952,user1806@example.com,alexa,Canada,2024-01-01 09:09:57,0,2024-12-03 11:34:00
1807,Happy5009,user1807@example.com,alexa,UK,2024-09-04 18:43:17,0,2024-12-13 21:39:34
1808,Happy7309,user1808@example.com,alexa,Australia,2024-10-14 18:18:57,0,2024-12-29 04:15:42
1809,Master8222,user1809@example.com,alexa,US,2024-01-04 11:37:19,0,2024-12-30 23:33:14
1810,Pro5710,user1810@example.com,mobile_ios,UK,2024-06-04 03:26:35,0,2024-12-02 11:34:37
1811,Smart5133,user1811@example.com,google_home,US,2024-02-25 08:26:22,0,2024-11-19 01:31:10
1812,Smart9455,user1812@example.com,mobile_ios,US,2024-02-22 10:55:29,0,2024-11-27 13:55:03
1813,Brain2674,user1813@example.com,alexa,UK,2024-07-21 06:15:15,0,2024-12-10 08:48:47
1814,Fun3847,user1814@example.com,mobile_android,UK,2024-10-31 15:10:45,0,2024-12-31 14:06:54
1815,Trivia5117,user1815@example.com,alexa,US,2024-06-04 13:30:00,0,2024-12-26 03:19:41
1816,Epic9328,user1816@example.com,google_home,US,2024-08-18 11:12:52,0,2024-11-15 02:32:40
1817,Epic5893,user1817@example.com,mobile_ios,US,2024-07-25 02:00:49,0,2024-12-21 00:21:07
1818,Smart3517,user1818@example.com,mobile_ios,US,2024-05-20 00:42:33,0,2024-12-11 08:26:16
1819,Epic6365,user1819@example.com,alexa,UK,2024-01-13 11:43:04,0,2024-12-03 22:09:10
1820,Pro4588,user1820@example.com,alexa,US,2024-04-20 22:29:04,0,2024-12-31 09:15:50
1821,Master853,user1821@example.com,mobile_ios,US,2024-09-02 21:35:17,0,2024-12-23 21:27:35
1822,Fun9702,user1822@example.com,google_home,US,2024-09-06 09:05:47,0,2024-12-31 02:30:58
1823,Super7278,user1823@example.com,mobile_android,US,2024-05-21 19:35:03,1,2024-12-22 13:13:42
1824,Epic2586,user1824@example.com,mobile_android,UK,2024-02-07 11:48:58,0,2024-12-29 15:59:26
1825,Pro4117,user1825@example.com,alexa,UK,2024-10-14 03:12:15,0,2024-12-27 04:40:51
1826,Happy458,user1826@example.com,alexa,Australia,2024-10-12 19:20:02,0,2024-12-30 09:36:46
1827,Pro3619,user1827@example.com,alexa,UK,2024-06-09 13:09:07,0,2024-12-16 16:32:23
1828,Fun4283,user1828@example.com,mobile_ios,Japan,2024-06-19 07:14:41,1,2024-12-25 12:47:05
1829,Epic6593,user1829@example.com,mobile_ios,Germany,2024-11-24 14:57:21,0,2024-12-16 04:35:26
1830,Super365,user1830@example.com,google_home,Mexico,2024-01-31 18:39:03,0,2024-12-12 23:55:15
1831,Master4730,user1831@example.com,google_home,Canada,2024-06-16 19:37:02,0,2024-12-20 13:03:19
1832,Quiz8812,user1832@example.com,alexa,UK,2024-10-16 03:21:17,0,2024-12-23 16:56:29
1833,Smart1297,user1833@example.com,mobile_ios,US,2024-10-20 17:03:20,0,2024-12-23 10:46:55
1834,Lucky1296,user1834@example.com,alexa,UK,2024-08-19 05:32:29,0,2024-11-20 04:09:49
1835,Cool9516,user1835@example.com,alexa,Canada,2024-08-09 00:46:55,0,2024-12-06 15:08:01
1836,Lucky7098,user1836@example.com,alexa,France,2024-01-05 08:12:01,0,2024-11-18 02:51:46
1837,Pro3382,user1837@example.com,mobile_ios,UK,2024-06-16 19:22:58,0,2024-12-31 02:18:33
1838,Smart2529,user1838@example.com,alexa,US,2024-10-22 05:33:22,1,2024-12-31 01:58:31
1839,Trivia8948,user1839@example.com,alexa,US,2024-11-04 01:26:11,0,2024-12-28 17:16:06
1840,Smart3404,user1840@example.com,alexa,US,2024-04-27 23:57:47,0,2024-12-27 08:16:22
1841,Player2349,user1841@example.com,mobile_android,Japan,2024-04-21 12:56:15,1,2024-12-30 03:36:47
1842,Pro3517,user1842@example.com,google_home,US,2024-07-11 00:55:32,0,2024-10-06 09:59:23
1843,Quiz1621,user1843@example.com,mobile_android,UK,2024-04-15 13:51:13,0,2024-11-08 07:08:18
1844,Brain3534,user1844@example.com,alexa,UK,2024-09-21 04:25:51,0,2024-12-19 14:28:28
1845,Smart3546,user1845@example.com,mobile_android,Germany,2024-06-11 15:06:51,0,2024-12-10 16:57:09
1846,Quiz7586,user1846@example.com,alexa,US,2024-05-10 18:31:20,0,2024-12-27 07:05:20
1847,Super5178,user1847@example.com,mobile_ios,US,2024-02-21 12:54:48,0,2024-12-27 00:31:29
1848,Voice6484,user1848@example.com,mobile_android,US,2024-06-02 08:21:02,0,2024-12-28 01:39:59
1849,Gamer2405,user1849@example.com,mobile_ios,US,2024-11-27 11:46:11,1,2024-12-31 07:18:41
1850,Trivia7797,user1850@example.com,mobile_ios,US,2024-09-22 05:40:15,0,2024-12-26 05:53:26
1851,Epic2680,user1851@example.com,google_home,US,2024-05-30 13:31:59,0,2024-10-03 01:13:55
1852,Super1892,user1852@example.com,mobile_ios,US,2024-03-18 06:36:44,0,2024-12-20 10:43:31
1853,Super4444,user1853@example.com,mobile_ios,US,2024-07-25 22:46:00,1,2024-12-27 23:40:37
1854,Gamer2464,user1854@example.com,mobile_android,US,2024-01-15 17:07:49,0,2024-06-23 15:28:30
1855,Brain2691,user1855@example.com,alexa,US,2024-11-02 19:07:19,0,2024-12-19 00:44:21
1856,Quiz7893,user1856@example.com,google_home,US,2024-08-02 02:24:53,0,2024-11-27 10:31:20
1857,Player5202,user1857@example.com,google_home,India,2024-08-13 04:53:36,0,2024-11-05 13:30:50
1858,Super1679,user1858@example.com,google_home,Australia,2024-06-14 23:53:52,0,2024-12-20 12:56:56
1859,Quick8533,user1859@example.com,alexa,Japan,2024-04-10 04:34:53,0,2024-08-24 14:10:15
1860,Cool4725,user1860@example.com,mobile_android,US,2024-02-12 03:27:04,0,2024-11-29 16:52:47
1861,Lucky7671,user1861@example.com,mobile_ios,UK,2024-04-04 10:57:46,0,2024-12-15 19:25:01
1862,Lucky7014,user1862@example.com,google_home,US,2024-05-16 04:47:43,0,2024-12-14 15:24:09
1863,Gamer3342,user1863@example.com,mobile_android,US,2024-01-18 14:01:06,0,2024-07-22 19:47:17
1864,Cool5384,user1864@example.com,alexa,UK,2024-05-01 05:53:38,0,2024-12-08 16:38:58
1865,Cool7507,user1865@example.com,mobile_android,UK,2024-04-06 22:53:26,0,2024-08-15 04:37:51
1866,Fun8529,user1866@example.com,mobile_android,US,2024-08-13 04:17:22,0,2024-10-21 01:14:57
1867,Master9093,user1867@example.com,google_home,US,2024-05-10 12:24:53,0,2024-12-26 12:05:40
1868,Voice6087,user1868@example.com,google_home,US,2024-09-22 09:34:14,0,2024-12-30 23:08:31
1869,Pro1920,user1869@example.com,alexa,Australia,2024-02-18 08:16:09,1,2024-12-22 18:37:27
1870,Pro7246,user1870@example.com,google_home,Japan,2024-06-26 11:10:43,0,2024-11-29 20:54:14
1871,Cool8470,user1871@example.com,alexa,France,2024-09-15 06:38:55,0,2024-12-17 19:34:49
1872,Super8711,user1872@example.com,mobile_ios,US,2024-01-09 07:14:01,0,2024-12-04 07:12:11
1873,Super8938,user1873@example.com,alexa,Japan,2024-09-25 01:42:39,0,2024-12-27 16:24:20
1874,Quiz2813,user1874@example.com,mobile_ios,France,2024-07-10 05:46:47,0,2024-12-17 10:30:05
1875,Epic3412,user1875@example.com,alexa,Brazil,2024-03-18 19:41:26,0,2024-12-10 04:05:38
1876,Epic7907,user1876@example.com,google_home,US,2024-05-31 14:11:28,0,2024-11-28 10:35:51
1877,Fun9205,user1877@example.com,mobile_ios,US,2024-01-01 02:43:33,0,2024-12-30 00:20:53
1878,Gamer6823,user1878@example.com,alexa,UK,2024-10-31 02:25:57,0,2024-12-29 20:35:55
1879,Brain6965,user1879@example.com,google_home,US,2024-05-04 14:14:40,0,2024-07-18 22:25:30
1880,Fun2400,user1880@example.com,mobile_android,US,2024-02-06 08:14:22,0,2024-12-16 01:54:21
1881,Pro2433,user1881@example.com,mobile_ios,Australia,2024-03-18 07:29:38,1,2024-11-07 03:34:47
1882,Happy8689,user1882@example.com,alexa,Canada,2024-03-01 18:57:18,0,2024-05-17 08:51:00
1883,Quiz8967,user1883@example.com,mobile_ios,UK,2024-08-12 10:52:47,1,2024-12-29 09:39:36
1884,Gamer6350,user1884@example.com,mobile_ios,US,2024-06-23 09:54:25,0,2024-11-29 12:20:40
1885,Brain8083,user1885@example.com,mobile_ios,US,2024-08-06 21:17:54,1,2024-12-17 04:26:05
1886,Super4053,user1886@example.com,mobile_android,Canada,2024-11-04 21:48:38,0,2024-12-16 14:52:17
1887,Gamer1823,user1887@example.com,mobile_android,US,2024-08-09 15:21:09,0,2024-10-21 07:01:12
1888,Lucky6975,user1888@example.com,mobile_ios,US,2024-05-21 09:09:46,0,2024-12-28 19:46:57
1889,Master4077,user1889@example.com,google_home,US,2024-01-07 03:40:55,0,2024-12-26 03:14:02
1890,Master9286,user1890@example.com,mobile_ios,UK,2024-05-16 03:47:06,0,2024-11-26 07:42:03
1891,Quiz9772,user1891@example.com,mobile_ios,Canada,2024-07-14 01:31:58,1,2024-12-28 11:11:40
1892,Quick6009,user1892@example.com,google_home,Australia,2024-02-18 04:16:37,0,2024-08-19 21:19:32
1893,Super7312,user1893@example.com,mobile_android,UK,2024-07-20 01:27:05,0,2024-12-03 09:51:22
1894,Epic520,user1894@example.com,alexa,US,2024-07-23 22:52:08,0,2024-12-30 00:19:39
1895,Happy6852,user1895@example.com,mobile_ios,Australia,2024-06-17 03:35:50,0,2024-12-21 17:45:40
1896,Super5873,user1896@example.com,mobile_android,US,2024-05-09 13:03:20,0,2024-12-16 15:52:48
1897,Pro4411,user1897@example.com,mobile_ios,US,2024-01-25 11:48:54,0,2024-12-16 13:41:31
1898,Lucky6675,user1898@example.com,mobile_ios,Germany,2024-10-07 23:36:12,0,2024-12-26 05:40:16
1899,Lucky5863,user1899@example.com,mobile_ios,Australia,2024-09-12 03:14:08,0,2024-12-28 00:08:31
1900,Happy1759,user1900@example.com,mobile_android,US,2024-04-26 11:31:28,0,2024-07-06 12:44:35
1901,Brain6370,user1901@example.com,alexa,France,2024-11-14 18:06:08,0,2024-12-30 07:46:53
1902,Super2708,user1902@example.com,mobile_android,US,2024-06-21 15:56:19,1,2024-10-22 02:29:13
1903,Happy9273,user1903@example.com,google_home,US,2024-10-24 11:18:21,0,2024-12-15 05:12:21
1904,Voice9897,user1904@example.com,mobile_android,Canada,2024-04-11 03:23:57,0,2024-12-14 03:34:48
1905,Super6600,user1905@example.com,alexa,US,2024-03-15 12:23:05,0,2024-12-16 22:54:12
1906,Voice5405,user1906@example.com,mobile_android,US,2024-05-30 22:20:02,1,2024-12-24 00:13:20
1907,Fun531,user1907@example.com,google_home,France,2024-10-07 05:38:37,0,2024-12-29 20:04:24
1908,Pro3638,user1908@example.com,alexa,US,2024-05-05 08:13:20,0,2024-12-16 02:57:46
1909,Pro6891,user1909@example.com,google_home,Mexico,2024-11-09 17:35:43,0,2024-11-11 21:56:28
1910,Cool9528,user1910@example.com,mobile_android,Brazil,2024-04-05 18:52:50,0,2024-11-18 00:47:30
1911,Epic6165,user1911@example.com,google_home,Japan,2024-07-05 09:35:44,0,2024-12-18 10:23:20
1912,Voice2303,user1912@example.com,alexa,Germany,2024-10-03 13:00:02,0,2024-12-23 08:17:48
1913,Trivia1683,user1913@example.com,mobile_android,Germany,2024-10-02 21:04:45,0,2024-12-09 05:33:15
1914,Lucky1817,user1914@example.com,mobile_ios,Canada,2024-08-31 19:29:30,0,2024-11-05 09:26:33
1915,Quick7723,user1915@example.com,alexa,France,2024-11-26 20:10:23,0,2024-12-30 02:06:56
1916,Epic1159,user1916@example.com,mobile_android,US,2024-08-12 18:06:00,0,2024-12-26 05:23:16
1917,Gamer5795,user1917@example.com,google_home,Australia,2024-10-13 23:40:33,1,2024-12-16 11:05:44
1918,Fun9434,user1918@example.com,alexa,India,2024-06-30 02:22:53,1,2024-09-16 06:13:06
1919,Epic2284,user1919@example.com,mobile_android,US,2024-11-02 17:52:11,0,2024-12-31 02:16:33
1920,Lucky3910,user1920@example.com,google_home,France,2024-10-02 11:05:32,0,2024-10-14 07:39:26
1921,Lucky211,user1921@example.com,mobile_android,US,2024-03-14 19:38:48,0,2024-10-21 14:50:34
1922,Voice1142,user1922@example.com,google_home,Australia,2024-10-27 04:21:27,0,2024-11-04 05:57:11
1923,Brain3069,user1923@example.com,alexa,Japan,2024-05-07 21:54:03,0,2024-11-20 18:21:43
1924,Quiz6711,user1924@example.com,google_home,Japan,2024-06-18 03:14:39,0,2024-12-25 09:04:50
1925,Master2369,user1925@example.com,mobile_ios,US,2024-07-27 13:52:56,0,2024-11-27 06:59:10
1926,Fun8286,user1926@example.com,alexa,US,2024-03-31 15:40:08,0,2024-11-22 05:51:43
1927,Voice5665,user1927@example.com,google_home,US,2024-06-28 23:33:53,0,2024-12-28 13:02:30
1928,Gamer6213,user1928@example.com,alexa,US,2024-11-06 02:13:02,0,2024-12-30 21:59:44
1929,Lucky6403,user1929@example.com,alexa,Germany,2024-01-07 00:10:10,0,2024-12-21 10:32:02
1930,Brain3188,user1930@example.com,mobile_ios,UK,2024-07-10 02:31:34,0,2024-11-21 08:42:12
1931,Trivia9925,user1931@example.com,google_home,US,2024-06-25 03:31:49,0,2024-12-30 22:32:25
1932,Trivia7392,user1932@example.com,alexa,US,2024-03-31 18:28:16,0,2024-12-25 07:54:13
1933,Happy1865,user1933@example.com,alexa,US,2024-03-02 11:20:50,0,2024-12-19 19:13:11
1934,Smart9987,user1934@example.com,alexa,Canada,2024-02-21 18:07:08,0,2024-12-31 02:03:44
1935,Cool7438,user1935@example.com,mobile_android,Canada,2024-08-20 23:58:29,1,2024-12-30 22:07:14
1936,Trivia4023,user1936@example.com,mobile_android,UK,2024-05-06 13:18:52,0,2024-12-19 13:55:34
1937,Gamer7971,user1937@example.com,mobile_ios,India,2024-01-22 13:02:45,0,
1938,Voice5351,user1938@example.com,mobile_android,UK,2024-10-29 03:35:47,0,2024-12-27 11:49:26
1939,Smart4729,user1939@example.com,alexa,US,2024-09-24 14:21:06,0,2024-12-30 03:39:48
1940,Cool7229,user1940@example.com,google_home,UK,2024-11-16 15:31:18,0,2024-12-23 22:48:22
1941,Master6470,user1941@example.com,alexa,Mexico,2024-06-13 20:26:04,0,2024-12-27 07:43:26
1942,Gamer3181,user1942@example.com,mobile_android,US,2024-01-29 19:12:27,0,2024-11-27 22:20:01
1943,Brain5238,user1943@example.com,mobile_ios,UK,2024-10-19 19:45:44,1,2024-12-26 06:10:40
1944,Smart5863,user1944@example.com,mobile_android,US,2024-06-04 14:00:49,0,2024-12-28 05:04:51
1945,Brain8435,user1945@example.com,google_home,Canada,2024-08-10 18:30:33,0,2024-12-19 00:20:28
1946,Brain3730,user1946@example.com,mobile_ios,US,2024-02-20 16:38:50,0,2024-12-29 16:30:38
1947,Player841,user1947@example.com,mobile_android,US,2024-04-15 20:47:41,0,2024-12-24 02:02:15
1948,Quick5519,user1948@example.com,mobile_android,Mexico,2024-05-28 00:10:21,0,2024-11-25 22:54:05
1949,Gamer2654,user1949@example.com,alexa,US,2024-07-09 14:38:05,0,2024-11-11 12:25:23
1950,Happy3456,user1950@example.com,mobile_android,Canada,2024-08-04 20:46:21,0,2024-12-27 02:13:05
1951,Epic6877,user1951@example.com,google_home,France,2024-07-28 00:22:20,0,2024-12-20 07:07:34
1952,Player6579,user1952@example.com,alexa,Australia,2024-09-06 09:13:36,1,2024-11-01 01:35:55
1953,Quiz1988,user1953@example.com,alexa,Germany,2024-04-24 02:34:03,1,2024-12-08 17:29:00
1954,Brain4302,user1954@example.com,mobile_android,Australia,2024-10-01 11:55:10,0,2024-12-08 08:43:17
1955,Happy4764,user1955@example.com,mobile_android,US,2024-05-25 19:31:28,0,2024-10-31 13:50:01
1956,Voice9189,user1956@example.com,mobile_ios,US,2024-07-21 07:21:33,0,2024-12-15 12:54:21
1957,Master1891,user1957@example.com,alexa,US,2024-01-19 17:04:27,0,2024-12-29 14:44:09
1958,Quick7242,user1958@example.com,mobile_ios,US,2024-02-12 02:27:14,1,2024-07-15 22:13:27
1959,Smart3547,user1959@example.com,mobile_ios,US,2024-11-01 01:29:40,1,2024-12-30 13:35:59
1960,Fun2975,user1960@example.com,google_home,US,2024-03-19 12:25:41,0,2024-12-15 02:34:45
1961,Trivia4880,user1961@example.com,google_home,US,2024-07-19 13:50:11,0,2024-12-29 15:29:04
1962,Pro514,user1962@example.com,mobile_android,US,2024-06-20 23:57:26,0,2024-11-27 08:52:31
1963,Brain2448,user1963@example.com,google_home,US,2024-09-27 10:28:43,1,2024-11-24 13:11:31
1964,Player2883,user1964@example.com,mobile_ios,US,2024-02-03 14:55:29,1,2024-12-19 18:56:09
1965,Player6345,user1965@example.com,alexa,US,2024-02-23 08:30:26,0,2024-08-01 11:57:54
1966,Quick676,user1966@example.com,google_home,US,2024-10-17 04:21:21,0,2024-12-30 23:27:22
1967,Cool4727,user1967@example.com,mobile_ios,US,2024-08-31 20:48:26,0,2024-12-08 08:59:43
1968,Fun5754,user1968@example.com,mobile_android,Canada,2024-05-01 17:51:38,0,2024-10-25 23:55:36
1969,Super3767,user1969@example.com,alexa,Canada,2024-03-19 16:32:15,0,2024-10-10 16:56:05
1970,Brain6130,user1970@example.com,mobile_ios,US,2024-07-17 09:21:53,0,2024-10-31 13:10:46
1971,Epic8971,user1971@example.com,mobile_android,Mexico,2024-01-22 16:44:44,1,2024-12-06 10:05:36
1972,Smart6748,user1972@example.com,google_home,US,2024-11-16 12:51:00,0,2024-12-30 13:40:57
1973,Pro6056,user1973@example.com,alexa,Canada,2024-08-15 14:08:33,1,2024-11-07 03:33:16
1974,Quick3654,user1974@example.com,mobile_ios,UK,2024-09-28 07:29:49,0,2024-12-24 03:14:42
1975,Pro9081,user1975@example.com,mobile_android,Germany,2024-11-12 13:13:53,0,2024-12-30 22:18:48
1976,Cool2415,user1976@example.com,google_home,UK,2024-06-06 07:46:25,0,2024-12-01 02:40:48
1977,Gamer3367,user1977@example.com,alexa,UK,2024-11-15 15:00:17,0,2024-12-30 18:10:11
1978,Epic3054,user1978@example.com,mobile_android,US,2024-07-15 18:50:29,0,2024-11-13 08:30:11
1979,Fun9330,user1979@example.com,mobile_ios,Canada,2024-10-17 06:16:29,0,2024-12-16 22:30:16
1980,Epic5285,user1980@example.com,google_home,France,2024-04-11 05:29:10,1,2024-12-01 02:09:45
1981,Gamer1690,user1981@example.com,mobile_ios,US,2024-09-06 11:30:46,1,2024-12-28 16:31:26
1982,Voice5233,user1982@example.com,mobile_android,US,2024-01-28 12:04:11,0,2024-12-13 18:00:46
1983,Voice6046,user1983@example.com,mobile_ios,US,2024-04-19 11:11:52,0,2024-12-05 22:14:13
1984,Lucky2970,user1984@example.com,alexa,US,2024-08-16 17:17:50,0,2024-12-20 10:05:26
1985,Epic2040,user1985@example.com,google_home,Canada,2024-03-18 05:56:38,0,2024-11-18 08:55:03
1986,Master4707,user1986@example.com,mobile_ios,India,2024-10-09 22:53:22,0,2024-12-23 14:08:46
1987,Quiz745,user1987@example.com,alexa,US,2024-03-16 16:11:54,0,2024-12-01 19:30:40
1988,Super7324,user1988@example.com,google_home,US,2024-03-28 00:43:35,0,2024-12-12 18:42:19
1989,Super5666,user1989@example.com,mobile_android,India,2024-09-08 20:38:09,1,2024-12-10 15:20:52
1990,Happy6549,user1990@example.com,mobile_android,US,2024-03-10 22:43:13,0,2024-12-31 02:37:13
1991,Lucky4889,user1991@example.com,mobile_ios,Japan,2024-04-10 23:05:28,1,2024-12-12 18:18:16
1992,Player9771,user1992@example.com,google_home,US,2024-11-04 18:00:47,0,2024-12-29 07:38:45
1993,Fun8626,user1993@example.com,mobile_android,US,2024-04-08 18:41:35,0,2024-12-27 12:00:28
1994,Quick5123,user1994@example.com,alexa,Mexico,2024-03-26 01:53:37,0,2024-12-29 12:50:14
1995,Pro1414,user1995@example.com,alexa,US,2024-05-19 23:54:34,0,2024-12-14 03:38:26
1996,Player5059,user1996@example.com,google_home,India,2024-11-15 00:23:19,0,2024-12-29 20:33:46
1997,Cool5599,user1997@example.com,google_home,UK,2024-01-19 09:50:26,0,2024-10-14 11:55:29
1998,Lucky2268,user1998@example.com,mobile_android,Australia,2024-08-05 14:49:31,0,2024-12-22 23:00:53
1999,Fun1464,user1999@example.com,mobile_android,India,2024-09-07 10:15:15,1,2024-12-16 15:28:02
2000,Quiz476,user2000@example.com,mobile_ios,Germany,2024-06-12 18:31:28,1,2024-12-23 14:39:32
2001,Super1164,user2001@example.com,alexa,Germany,2024-02-08 06:26:53,0,2024-11-04 11:51:05
2002,Player5689,user2002@example.com,mobile_android,Canada,2024-02-08 00:21:04,0,2024-12-27 09:13:03
2003,Lucky1833,user2003@example.com,mobile_ios,US,2024-11-16 16:46:33,1,2024-12-30 22:55:32
2004,Voice1600,user2004@example.com,alexa,Germany,2024-02-11 06:45:23,0,2024-11-12 11:41:56
2005,Cool5349,user2005@example.com,mobile_ios,US,2024-01-26 02:53:28,0,2024-12-25 23:35:32
2006,Brain7787,user2006@example.com,alexa,Canada,2024-09-10 22:02:38,0,2024-11-30 04:26:12
2007,Brain8416,user2007@example.com,alexa,US,2024-02-01 16:06:41,0,2024-11-12 13:54:33
2008,Smart2131,user2008@example.com,mobile_ios,US,2024-03-14 19:44:00,0,2024-12-28 03:13:05
2009,Brain6566,user2009@example.com,mobile_ios,UK,2024-06-13 08:17:27,0,2024-08-25 19:10:07
2010,Happy3675,user2010@example.com,google_home,Germany,2024-09-16 23:19:24,0,2024-12-03 11:29:56
2011,Fun4711,user2011@example.com,mobile_ios,US,2024-09-28 00:15:15,1,2024-12-29 17:23:52
2012,Epic1409,user2012@example.com,mobile_ios,India,2024-06-25 02:11:57,0,2024-11-02 20:15:42
2013,Super1179,user2013@example.com,google_home,Australia,2024-02-15 11:35:33,0,2024-11-07 04:43:43
2014,Super8287,user2014@example.com,alexa,UK,2024-07-02 17:29:33,0,2024-12-17 00:16:39
2015,Brain799,user2015@example.com,mobile_ios,US,2024-04-07 08:18:19,0,2024-12-22 06:59:01
2016,Pro7708,user2016@example.com,google_home,US,2024-06-15 14:40:53,0,2024-11-29 09:27:32
2017,Trivia5289,user2017@example.com,google_home,France,2024-08-02 00:53:28,1,2024-12-09 08:43:54
2018,Epic2930,user2018@example.com,alexa,Japan,2024-07-06 00:30:28,0,2024-12-29 13:11:39
2019,Master2555,user2019@example.com,alexa,US,2024-01-09 14:14:47,0,2024-12-27 11:06:47
2020,Fun3831,user2020@example.com,alexa,Canada,2024-03-22 11:03:03,0,2024-08-26 23:29:37
2021,Master1079,user2021@example.com,google_home,US,2024-08-10 05:49:08,0,2024-10-08 18:06:07
2022,Happy2417,user2022@example.com,alexa,Japan,2024-09-01 22:07:47,0,2024-11-29 20:56:11
2023,Player5146,user2023@example.com,mobile_ios,US,2024-08-01 17:51:31,0,2024-12-25 20:57:26
2024,Quiz9915,user2024@example.com,alexa,US,2024-11-12 15:37:09,0,2024-12-28 02:54:32
2025,Master1134,user2025@example.com,alexa,US,2024-03-06 13:27:19,0,2024-12-29 17:09:14
2026,Lucky7901,user2026@example.com,mobile_ios,UK,2024-06-16 08:29:57,0,2024-11-10 23:48:46
2027,Trivia5372,user2027@example.com,mobile_ios,UK,2024-06-18 07:04:37,0,2024-12-17 08:40:05
2028,Quick4181,user2028@example.com,google_home,UK,2024-10-30 22:11:13,1,2024-12-31 10:35:22
2029,Cool2530,user2029@example.com,mobile_ios,US,2024-09-18 03:28:48,0,2024-12-29 14:12:43
2030,Voice7464,user2030@example.com,google_home,US,2024-11-04 09:41:06,0,2024-12-17 21:42:46
2031,Gamer7861,user2031@example.com,alexa,Canada,2024-03-14 13:14:41,0,
2032,Trivia4568,user2032@example.com,mobile_android,UK,2024-11-13 17:34:09,0,2024-12-24 08:47:21
2033,Smart9890,user2033@example.com,mobile_ios,US,2024-10-01 07:17:02,1,2024-12-03 07:35:46
2034,Happy4166,user2034@example.com,mobile_ios,US,2024-04-09 19:03:36,0,2024-11-20 10:45:10
2035,Fun3446,user2035@example.com,alexa,US,2024-01-06 10:51:22,0,2024-12-16 16:08:45
2036,Super7717,user2036@example.com,mobile_ios,Mexico,2024-08-03 02:51:56,0,2024-11-28 02:01:09
2037,Brain9829,user2037@example.com,google_home,US,2024-07-14 20:12:59,0,2024-12-10 14:02:06
2038,Smart7527,user2038@example.com,alexa,UK,2024-08-21 10:02:49,0,2024-10-11 06:50:34
2039,Gamer5449,user2039@example.com,google_home,US,2024-01-09 04:30:41,0,2024-12-13 19:18:54
2040,Player7214,user2040@example.com,mobile_ios,US,2024-07-11 20:01:46,0,2024-12-31 14:16:38
2041,Happy5408,user2041@example.com,google_home,UK,2024-01-18 23:26:00,0,2024-08-30 17:50:32
2042,Master1146,user2042@example.com,mobile_android,US,2024-01-29 04:48:04,1,2024-05-05 00:32:15
2043,Voice6003,user2043@example.com,mobile_android,US,2024-03-24 08:33:23,0,2024-08-01 06:42:09
2044,Cool9031,user2044@example.com,alexa,US,2024-02-05 17:55:47,0,2024-12-30 09:04:27
2045,Voice3495,user2045@example.com,google_home,US,2024-03-20 19:57:20,0,2024-12-06 21:59:14
2046,Quick1025,user2046@example.com,mobile_ios,UK,2024-05-13 08:16:45,1,2024-12-20 00:50:07
2047,Gamer791,user2047@example.com,alexa,US,2024-04-25 17:25:43,0,2024-12-15 11:19:59
2048,Lucky5391,user2048@example.com,google_home,Canada,2024-03-11 18:13:32,0,2024-11-12 02:59:38
2049,Master485,user2049@example.com,mobile_ios,Canada,2024-09-18 10:32:43,0,2024-12-19 14:52:32
2050,Gamer3521,user2050@example.com,alexa,UK,2024-01-21 07:17:10,0,2024-11-12 15:15:39
2051,Super8441,user2051@example.com,mobile_android,US,2024-02-11 21:10:29,0,2024-12-30 11:39:19
2052,Happy4452,user2052@example.com,google_home,UK,2024-10-01 00:16:03,0,2024-12-29 07:13:09
2053,Fun5580,user2053@example.com,alexa,India,2024-04-13 22:07:21,0,2024-12-28 12:03:55
2054,Pro572,user2054@example.com,google_home,Brazil,2024-11-29 10:23:25,0,2024-12-29 06:26:51
2055,Brain1946,user2055@example.com,alexa,Germany,2024-07-26 07:26:56,0,2024-12-09 09:45:07
2056,Happy3611,user2056@example.com,mobile_android,Germany,2024-04-15 07:17:13,0,2024-12-06 16:24:38
2057,Quick9387,user2057@example.com,mobile_android,France,2024-01-28 23:35:12,0,2024-07-25 04:21:31
2058,Player3645,user2058@example.com,mobile_ios,France,2024-01-13 11:16:59,0,2024-11-18 15:58:58
2059,Pro6502,user2059@example.com,mobile_ios,US,2024-07-17 11:55:07,0,2024-12-24 10:21:23
2060,Happy4171,user2060@example.com,alexa,US,2024-10-14 21:43:35,1,2024-12-31 08:15:48
2061,Gamer283,user2061@example.com,mobile_android,Japan,2024-01-16 22:32:49,0,2024-12-31 14:03:14
2062,Brain1693,user2062@example.com,alexa,US,2024-07-14 20:41:03,0,2024-11-26 01:56:25
2063,Voice4687,user2063@example.com,google_home,US,2024-08-04 13:34:26,0,2024-12-30 10:47:06
2064,Trivia4404,user2064@example.com,google_home,Japan,2024-03-02 10:59:50,0,2024-12-29 12:47:58
2065,Player7907,user2065@example.com,alexa,US,2024-04-14 04:22:51,0,2024-12-13 14:59:55
2066,Fun4524,user2066@example.com,alexa,UK,2024-08-21 21:06:32,1,2024-12-25 12:59:54
2067,Voice6613,user2067@example.com,mobile_ios,US,2024-03-19 07:50:42,0,2024-12-30 19:49:35
2068,Brain317,user2068@example.com,google_home,US,2024-08-26 15:00:57,1,
2069,Master3421,user2069@example.com,mobile_ios,US,2024-05-23 10:15:05,0,2024-12-25 01:50:22
2070,Pro131,user2070@example.com,mobile_android,US,2024-04-06 08:32:58,0,2024-12-28 00:51:23
2071,Master3893,user2071@example.com,mobile_ios,Australia,2024-08-10 20:21:01,0,2024-12-20 19:59:45
2072,Super7575,user2072@example.com,mobile_ios,UK,2024-02-15 21:46:27,0,2024-03-25 12:19:28
2073,Trivia5354,user2073@example.com,mobile_ios,US,2024-07-09 20:03:43,0,2024-12-30 04:33:10
2074,Pro5792,user2074@example.com,mobile_ios,US,2024-07-24 13:32:53,0,2024-12-30 04:51:51
2075,Epic6003,user2075@example.com,mobile_android,US,2024-09-10 19:44:36,0,2024-12-23 07:41:25
2076,Super7744,user2076@example.com,google_home,UK,2024-03-11 12:07:01,0,2024-12-25 18:33:38
2077,Trivia9910,user2077@example.com,alexa,Canada,2024-01-22 12:30:17,0,2024-12-30 14:58:38
2078,Smart6593,user2078@example.com,alexa,US,2024-10-20 05:04:47,1,2024-11-26 16:59:05
2079,Gamer8612,user2079@example.com,alexa,US,2024-09-13 19:48:22,0,2024-11-06 11:23:49
2080,Lucky8114,user2080@example.com,alexa,Australia,2024-03-25 08:15:24,0,2024-12-28 00:14:34
2081,Cool3689,user2081@example.com,google_home,Australia,2024-10-07 14:22:48,0,2024-10-31 09:19:50
2082,Pro2651,user2082@example.com,mobile_ios,India,2024-02-24 08:13:17,0,2024-11-29 15:10:49
2083,Quiz8213,user2083@example.com,alexa,US,2024-01-01 18:22:07,0,2024-11-18 02:00:26
2084,Happy3528,user2084@example.com,google_home,US,2024-05-03 14:47:10,0,2024-12-09 19:13:30
2085,Player4946,user2085@example.com,alexa,US,2024-01-13 00:35:25,0,2024-12-02 08:32:28
2086,Fun7515,user2086@example.com,mobile_android,US,2024-02-06 02:26:24,0,2024-11-26 20:20:51
2087,Happy5722,user2087@example.com,google_home,US,2024-07-25 00:23:05,0,2024-12-07 18:24:27
2088,Gamer8150,user2088@example.com,mobile_android,UK,2024-10-28 17:25:10,0,2024-12-31 06:54:31
2089,Cool8931,user2089@example.com,mobile_ios,US,2024-05-10 17:14:35,0,2024-12-01 10:20:01
2090,Player6325,user2090@example.com,alexa,UK,2024-06-28 17:51:05,0,2024-12-27 17:20:19
2091,Voice1459,user2091@example.com,alexa,France,2024-08-31 09:10:50,0,2024-12-31 00:20:25
2092,Cool5627,user2092@example.com,alexa,Mexico,2024-02-18 16:33:16,1,2024-12-07 13:01:14
2093,Pro3648,user2093@example.com,mobile_ios,US,2024-06-07 20:07:13,0,2024-11-15 12:18:37
2094,Pro1232,user2094@example.com,google_home,UK,2024-10-30 01:01:40,0,2024-12-13 21:42:56
2095,Gamer4248,user2095@example.com,google_home,Canada,2024-07-17 19:30:10,0,2024-12-23 20:29:54
2096,Brain752,user2096@example.com,alexa,US,2024-08-19 10:40:55,1,2024-12-29 20:48:08
2097,Smart7999,user2097@example.com,google_home,US,2024-03-20 02:47:49,0,2024-12-20 20:02:14
2098,Cool818,user2098@example.com,alexa,US,2024-11-30 06:25:51,0,2024-12-29 03:31:37
2099,Quick7385,user2099@example.com,mobile_ios,Japan,2024-10-25 17:57:44,1,2024-12-30 06:45:09
2100,Trivia9320,user2100@example.com,alexa,UK,2024-03-25 05:04:05,0,2024-12-05 23:37:50
2101,Super9004,user2101@example.com,alexa,UK,2024-08-08 00:44:51,0,2024-12-19 12:09:49
2102,Voice1167,user2102@example.com,alexa,France,2024-10-12 15:22:25,0,2024-12-04 02:16:24
2103,Quick2353,user2103@example.com,alexa,US,2024-08-31 14:36:42,0,2024-12-06 14:22:08
2104,Super9231,user2104@example.com,alexa,US,2024-04-10 16:14:31,0,2024-12-05 15:23:18
2105,Epic1998,user2105@example.com,google_home,US,2024-04-04 21:11:39,1,2024-08-15 07:52:13
2106,Player6192,user2106@example.com,alexa,Germany,2024-03-09 14:13:31,1,2024-12-23 12:27:29
2107,Player5069,user2107@example.com,mobile_android,US,2024-05-16 21:19:12,0,2024-12-23 01:13:30
2108,Smart7878,user2108@example.com,google_home,US,2024-09-02 07:46:31,0,2024-09-26 14:34:55
2109,Voice2493,user2109@example.com,mobile_ios,France,2024-10-10 23:03:40,1,2024-12-20 13:12:34
2110,Voice9375,user2110@example.com,alexa,Canada,2024-02-04 17:23:31,0,2024-12-31 14:54:42
2111,Quick4400,user2111@example.com,google_home,Australia,2024-11-16 13:10:11,1,2024-12-31 04:40:40
2112,Player3255,user2112@example.com,mobile_ios,Japan,2024-06-13 14:22:04,0,2024-10-26 00:16:57
2113,Trivia7953,user2113@example.com,mobile_ios,Germany,2024-11-06 08:10:54,0,2024-12-31 00:46:09
2114,Brain4054,user2114@example.com,google_home,US,2024-11-26 23:07:55,0,2024-12-31 21:28:48
2115,Player6937,user2115@example.com,alexa,US,2024-08-09 21:50:19,0,2024-12-30 02:21:00
2116,Gamer6154,user2116@example.com,alexa,US,2024-03-15 23:21:09,0,2024-12-30 22:26:27
2117,Lucky5148,user2117@example.com,mobile_android,UK,2024-06-23 11:02:59,0,2024-12-30 04:57:21
2118,Trivia7789,user2118@example.com,alexa,Canada,2024-10-28 20:23:44,0,2024-12-28 22:09:00
2119,Voice4222,user2119@example.com,mobile_ios,Japan,2024-09-29 18:49:23,0,2024-11-27 15:52:29
2120,Quick5229,user2120@example.com,mobile_android,US,2024-10-31 18:41:47,0,2024-12-26 05:57:03
2121,Happy3243,user2121@example.com,mobile_ios,UK,2024-04-07 12:41:20,0,2024-10-29 05:55:20
2122,Epic3185,user2122@example.com,mobile_ios,India,2024-05-15 21:45:49,1,2024-12-22 16:45:12
2123,Super8992,user2123@example.com,google_home,US,2024-05-31 06:54:59,0,2024-12-25 10:45:35
2124,Quiz4875,user2124@example.com,mobile_ios,US,2024-09-23 06:18:49,0,2024-12-28 10:40:13
2125,Master6243,user2125@example.com,alexa,UK,2024-06-21 06:39:56,0,2024-12-28 10:37:17
2126,Lucky2497,user2126@example.com,alexa,US,2024-10-17 16:42:52,1,2024-12-23 07:06:41
2127,Cool153,user2127@example.com,alexa,Germany,2024-07-11 20:02:59,0,2024-12-29 17:33:29
2128,Fun8474,user2128@example.com,google_home,US,2024-09-10 16:33:26,1,2024-12-22 11:09:08
2129,Master9852,user2129@example.com,alexa,US,2024-08-06 22:52:07,0,2024-12-10 22:31:45
2130,Quiz6020,user2130@example.com,mobile_ios,Mexico,2024-03-12 06:35:37,1,2024-12-27 05:26:29
2131,Quiz9086,user2131@example.com,google_home,US,2024-02-05 10:05:53,1,2024-12-30 11:06:26
2132,Gamer9382,user2132@example.com,alexa,US,2024-08-04 07:27:35,0,2024-12-07 20:20:51
2133,Epic4043,user2133@example.com,alexa,Canada,2024-05-21 10:20:49,0,2024-10-27 20:58:11
2134,Super3972,user2134@example.com,alexa,UK,2024-05-16 20:07:12,0,2024-12-28 17:51:46
2135,Cool3428,user2135@example.com,google_home,US,2024-04-22 06:15:23,0,2024-11-16 15:11:59
2136,Fun8066,user2136@example.com,alexa,US,2024-10-19 22:21:35,0,2024-12-31 03:37:16
2137,Brain2943,user2137@example.com,mobile_android,US,2024-05-03 16:43:48,1,2024-12-25 04:58:55
2138,Cool7409,user2138@example.com,alexa,US,2024-06-06 15:50:41,1,2024-12-30 07:50:47
2139,Trivia6399,user2139@example.com,mobile_android,Australia,2024-08-15 16:06:42,1,2024-12-25 08:22:29
2140,Master7254,user2140@example.com,mobile_ios,UK,2024-05-19 07:28:06,0,2024-12-11 18:35:57
2141,Cool7344,user2141@example.com,mobile_ios,US,2024-09-12 18:28:46,0,2024-12-28 19:27:36
2142,Brain6719,user2142@example.com,alexa,US,2024-11-03 13:45:01,0,2024-12-23 23:48:59
2143,Quick6316,user2143@example.com,mobile_ios,UK,2024-05-07 10:34:59,1,2024-12-22 10:40:28
2144,Voice7509,user2144@example.com,mobile_ios,US,2024-10-15 08:53:11,0,2024-12-27 01:22:40
2145,Player8143,user2145@example.com,google_home,US,2024-07-03 13:52:14,0,2024-11-18 05:05:39
2146,Super3844,user2146@example.com,alexa,India,2024-08-11 09:16:53,0,2024-12-21 05:00:24
2147,Quick9692,user2147@example.com,mobile_ios,UK,2024-03-21 06:08:11,0,2024-12-24 12:16:38
2148,Super886,user2148@example.com,mobile_ios,US,2024-01-19 13:53:16,0,2024-08-12 09:33:47
2149,Gamer4202,user2149@example.com,alexa,Japan,2024-02-17 22:24:28,0,2024-12-30 19:49:40
2150,Epic4663,user2150@example.com,mobile_android,US,2024-05-30 05:09:24,0,2024-12-30 01:11:08
2151,Voice3898,user2151@example.com,mobile_android,Canada,2024-03-26 18:57:04,0,2024-12-26 15:02:55
2152,Master7034,user2152@example.com,mobile_android,US,2024-03-31 10:29:40,0,2024-12-31 09:22:12
2153,Voice1203,user2153@example.com,mobile_ios,US,2024-04-10 21:56:28,0,2024-11-22 06:54:44
2154,Pro9167,user2154@example.com,mobile_ios,Australia,2024-09-30 04:31:10,0,2024-12-24 22:03:23
2155,Player5432,user2155@example.com,mobile_android,Australia,2024-04-05 08:56:37,0,2024-12-31 07:51:47
2156,Gamer6552,user2156@example.com,alexa,US,2024-01-11 18:14:15,0,2024-12-27 21:15:45
2157,Super9502,user2157@example.com,mobile_ios,UK,2024-03-08 08:48:29,0,2024-12-23 22:39:23
2158,Brain792,user2158@example.com,alexa,US,2024-02-26 09:02:14,1,2024-12-25 18:20:51
2159,Master6571,user2159@example.com,google_home,Australia,2024-08-23 19:15:23,0,2024-12-22 16:04:33
2160,Super9561,user2160@example.com,mobile_ios,Australia,2024-08-26 23:34:09,0,2024-12-13 06:32:29
2161,Brain8343,user2161@example.com,mobile_android,US,2024-09-25 14:50:35,1,2024-12-15 05:20:33
2162,Super4989,user2162@example.com,alexa,India,2024-02-07 21:50:16,0,2024-11-10 12:11:35
2163,Player5253,user2163@example.com,google_home,Australia,2024-06-02 13:36:11,0,2024-12-21 14:23:00
2164,Pro9773,user2164@example.com,mobile_ios,Australia,2024-11-22 05:21:29,0,2024-12-27 04:40:41
2165,Quick2431,user2165@example.com,alexa,US,2024-06-03 14:25:51,0,2024-12-29 12:45:40
2166,Pro7721,user2166@example.com,google_home,US,2024-09-06 14:32:09,1,2024-11-05 19:50:29
2167,Trivia1759,user2167@example.com,alexa,US,2024-01-27 08:56:00,0,2024-12-18 04:04:58
2168,Epic1379,user2168@example.com,google_home,US,2024-07-16 23:47:26,0,2024-07-29 11:51:33
2169,Master1210,user2169@example.com,google_home,US,2024-09-01 01:28:31,0,2024-09-13 16:17:12
2170,Quiz2491,user2170@example.com,mobile_ios,UK,2024-03-25 00:24:09,1,2024-12-22 14:42:41
2171,Super495,user2171@example.com,google_home,US,2024-09-17 07:57:44,0,2024-12-06 19:08:17
2172,Lucky4768,user2172@example.com,google_home,Germany,2024-06-26 22:38:16,0,2024-12-27 05:10:12
2173,Epic8520,user2173@example.com,alexa,Australia,2024-08-12 17:44:59,0,2024-11-23 01:52:04
2174,Voice2612,user2174@example.com,mobile_android,US,2024-10-16 18:25:15,0,2024-12-25 10:04:45
2175,Fun2458,user2175@example.com,alexa,India,2024-08-13 23:07:37,1,2024-12-11 02:45:47
2176,Cool3708,user2176@example.com,alexa,US,2024-07-15 10:02:24,0,2024-12-31 09:16:32
2177,Smart6941,user2177@example.com,mobile_ios,India,2024-04-09 15:13:57,0,2024-12-17 12:37:03
2178,Smart109,user2178@example.com,mobile_android,US,2024-10-17 09:17:22,1,2024-12-25 19:55:15
2179,Quick7772,user2179@example.com,mobile_android,US,2024-09-04 02:24:22,0,2024-12-11 11:48:02
2180,Pro5715,user2180@example.com,mobile_ios,Brazil,2024-02-28 02:54:41,0,2024-12-19 23:00:13
2181,Lucky5449,user2181@example.com,google_home,Canada,2024-05-12 21:00:34,0,2024-11-03 15:08:10
2182,Fun9829,user2182@example.com,mobile_ios,US,2024-10-28 18:56:03,0,2024-12-29 17:27:17
2183,Fun5476,user2183@example.com,mobile_android,US,2024-08-10 17:35:59,0,2024-12-30 08:14:16
2184,Happy4321,user2184@example.com,alexa,US,2024-07-26 01:52:02,0,2024-11-28 16:38:20
2185,Pro2610,user2185@example.com,mobile_android,Canada,2024-04-22 09:03:22,0,2024-05-27 09:34:54
2186,Epic9382,user2186@example.com,alexa,US,2024-07-30 14:33:29,0,2024-11-24 14:10:42
2187,Lucky1032,user2187@example.com,google_home,Germany,2024-09-03 02:24:52,0,2024-12-15 18:48:05
2188,Lucky6168,user2188@example.com,alexa,US,2024-08-30 01:06:50,0,2024-10-25 08:56:03
2189,Smart6740,user2189@example.com,google_home,US,2024-09-08 14:25:49,0,2024-12-30 20:05:09
2190,Brain9897,user2190@example.com,alexa,US,2024-03-25 12:14:14,1,2024-11-19 08:24:02
2191,Player2558,user2191@example.com,google_home,UK,2024-02-12 02:59:48,1,2024-12-20 23:40:45
2192,Gamer134,user2192@example.com,google_home,US,2024-11-27 05:31:48,0,2024-12-27 07:41:49
2193,Voice762,user2193@example.com,alexa,US,2024-07-06 13:00:25,1,2024-12-27 07:05:04
2194,Gamer103,user2194@example.com,mobile_ios,US,2024-10-25 02:59:53,0,2024-12-30 00:54:48
2195,Quiz4479,user2195@example.com,google_home,Canada,2024-07-19 17:51:12,0,2024-12-29 08:52:37
2196,Trivia1164,user2196@example.com,google_home,France,2024-11-09 10:21:22,0,2024-12-24 02:44:29
2197,Master3766,user2197@example.com,mobile_ios,US,2024-09-20 03:29:58,0,2024-12-29 06:52:22
2198,Pro5977,user2198@example.com,mobile_android,US,2024-03-24 17:12:32,0,
2199,Quick5167,user2199@example.com,mobile_ios,US,2024-07-24 15:13:04,0,2024-12-23 14:22:01
2200,Voice1062,user2200@example.com,google_home,US,2024-03-20 01:20:23,1,2024-12-21 04:54:15
2201,Trivia1303,user2201@example.com,alexa,US,2024-08-17 04:35:29,0,2024-12-29 11:19:30
2202,Epic6815,user2202@example.com,alexa,Canada,2024-05-02 17:32:03,0,2024-12-29 17:01:12
2203,Happy3536,user2203@example.com,mobile_android,Canada,2024-10-09 21:23:47,0,2024-12-31 05:26:16
2204,Super1182,user2204@example.com,alexa,France,2024-07-19 06:58:18,0,2024-12-22 00:12:27
2205,Master7694,user2205@example.com,mobile_ios,US,2024-07-18 06:47:33,0,2024-12-17 09:22:07
2206,Trivia5456,user2206@example.com,mobile_ios,Australia,2024-06-14 16:22:11,0,2024-12-30 21:31:41
2207,Player2789,user2207@example.com,mobile_android,US,2024-10-17 06:41:52,0,2024-12-29 20:49:58
2208,Gamer2399,user2208@example.com,alexa,Canada,2024-06-20 05:23:40,0,2024-12-29 23:49:28
2209,Epic729,user2209@example.com,mobile_ios,Canada,2024-04-13 06:34:20,0,2024-08-23 17:33:09
2210,Lucky144,user2210@example.com,alexa,Australia,2024-11-10 13:34:52,0,2024-12-31 12:49:02
2211,Trivia5547,user2211@example.com,mobile_ios,France,2024-04-13 07:41:04,0,2024-11-18 01:15:31
2212,Cool8762,user2212@example.com,mobile_android,Canada,2024-05-20 19:19:42,0,2024-10-01 02:26:45
2213,Pro9782,user2213@example.com,google_home,UK,2024-08-10 01:26:07,0,2024-12-25 04:08:10
2214,Lucky393,user2214@example.com,google_home,Canada,2024-01-23 10:21:28,0,2024-12-04 12:31:14
2215,Pro9469,user2215@example.com,alexa,US,2024-08-30 15:11:29,0,2024-12-17 19:35:38
2216,Happy734,user2216@example.com,mobile_ios,Canada,2024-08-18 09:38:14,0,2024-12-16 10:36:54
2217,Player8795,user2217@example.com,alexa,US,2024-07-21 09:39:42,0,2024-12-27 20:02:24
2218,Player7145,user2218@example.com,alexa,US,2024-05-02 14:27:12,0,2024-12-23 07:30:42
2219,Epic367,user2219@example.com,google_home,Brazil,2024-10-01 19:53:56,0,2024-12-29 22:03:09
2220,Gamer8236,user2220@example.com,mobile_android,US,2024-11-23 11:08:54,0,2024-12-30 21:19:31
2221,Quick6473,user2221@example.com,google_home,US,2024-05-27 04:13:07,0,2024-12-01 06:17:14
2222,Epic1405,user2222@example.com,alexa,US,2024-04-12 00:31:02,0,2024-12-29 11:13:11
2223,Fun2869,user2223@example.com,mobile_ios,Canada,2024-02-20 04:43:43,0,2024-08-27 02:32:44
2224,Brain6021,user2224@example.com,alexa,Japan,2024-08-06 07:25:50,0,2024-12-26 01:43:57
2225,Voice1348,user2225@example.com,mobile_android,France,2024-10-04 19:58:36,0,2024-12-29 22:04:23
2226,Voice4524,user2226@example.com,mobile_android,US,2024-01-02 08:43:18,0,2024-12-24 02:53:25
2227,Pro8468,user2227@example.com,alexa,Canada,2024-03-03 18:13:16,0,2024-12-17 00:06:19
2228,Voice5887,user2228@example.com,alexa,Germany,2024-02-12 12:58:15,0,2024-12-13 07:38:20
2229,Voice1139,user2229@example.com,alexa,US,2024-05-08 00:39:49,0,2024-12-20 22:32:05
2230,Master5857,user2230@example.com,alexa,France,2024-09-30 07:04:10,0,2024-12-09 18:12:26
2231,Cool3579,user2231@example.com,alexa,Canada,2024-08-09 03:46:15,0,2024-12-20 11:37:52
2232,Quick8199,user2232@example.com,google_home,UK,2024-10-27 02:26:08,0,2024-12-28 02:36:22
2233,Gamer696,user2233@example.com,google_home,US,2024-07-07 07:14:58,0,2024-10-24 08:08:43
2234,Lucky6908,user2234@example.com,mobile_ios,US,2024-07-09 23:37:08,0,2024-12-23 07:16:07
2235,Trivia1672,user2235@example.com,google_home,UK,2024-08-25 03:06:10,1,2024-12-22 20:46:03
2236,Master9169,user2236@example.com,mobile_android,Australia,2024-03-10 17:14:13,0,2024-03-22 01:08:52
2237,Lucky4131,user2237@example.com,alexa,Germany,2024-11-15 01:10:57,0,2024-12-29 08:30:22
2238,Happy2343,user2238@example.com,mobile_ios,Germany,2024-02-24 01:59:57,0,2024-10-30 18:58:40
2239,Epic1318,user2239@example.com,mobile_android,US,2024-05-23 12:22:36,0,2024-12-13 00:35:15
2240,Player528,user2240@example.com,mobile_android,US,2024-06-02 14:48:49,0,2024-12-19 05:36:05
2241,Quiz6039,user2241@example.com,alexa,Brazil,2024-03-11 19:06:46,0,2024-12-16 14:23:42
2242,Brain9543,user2242@example.com,alexa,Germany,2024-06-11 04:30:17,0,2024-09-11 22:45:56
2243,Voice9093,user2243@example.com,mobile_android,France,2024-05-21 11:20:27,0,2024-12-09 06:00:28
2244,Happy1745,user2244@example.com,mobile_android,Australia,2024-10-09 23:57:12,1,2024-12-30 01:46:33
2245,Lucky4508,user2245@example.com,mobile_ios,US,2024-08-03 03:23:05,1,2024-11-21 05:13:44
2246,Quiz7914,user2246@example.com,alexa,Germany,2024-10-28 00:08:45,0,2024-12-30 08:11:39
2247,Brain9780,user2247@example.com,mobile_android,India,2024-02-24 09:37:20,0,2024-11-24 17:23:10
2248,Brain9422,user2248@example.com,mobile_ios,US,2024-06-20 06:07:49,0,2024-12-28 23:03:16
2249,Trivia2874,user2249@example.com,mobile_ios,Germany,2024-08-28 07:57:08,0,2024-12-20 08:54:05
2250,Player8668,user2250@example.com,mobile_android,UK,2024-05-02 14:51:05,0,2024-12-25 21:19:24
2251,Quick1072,user2251@example.com,google_home,Canada,2024-04-06 17:56:12,0,2024-12-26 01:58:30
2252,Super2331,user2252@example.com,google_home,UK,2024-09-27 10:39:25,0,2024-12-31 07:51:47
2253,Quick2142,user2253@example.com,mobile_ios,US,2024-05-27 09:48:25,0,2024-12-13 14:28:34
2254,Cool9778,user2254@example.com,alexa,US,2024-01-01 04:10:22,1,2024-12-28 15:00:16
2255,Quiz4176,user2255@example.com,alexa,US,2024-04-04 23:19:53,0,2024-12-24 15:22:04
2256,Cool2278,user2256@example.com,mobile_android,US,2024-01-24 02:37:43,1,2024-12-29 05:52:00
2257,Smart1914,user2257@example.com,mobile_ios,US,2024-01-02 23:43:59,1,2024-10-12 21:20:59
2258,Trivia2508,user2258@example.com,mobile_ios,Germany,2024-04-15 16:16:38,0,2024-10-07 21:54:04
2259,Cool8601,user2259@example.com,mobile_ios,US,2024-06-15 14:58:07,0,2024-12-26 05:17:05
2260,Smart6476,user2260@example.com,google_home,France,2024-11-21 05:18:45,0,2024-12-28 13:29:16
2261,Master4587,user2261@example.com,google_home,US,2024-05-04 17:50:13,0,2024-12-26 20:47:22
2262,Gamer7616,user2262@example.com,google_home,US,2024-03-22 02:14:08,1,2024-11-27 14:43:25
2263,Happy4676,user2263@example.com,alexa,Australia,2024-05-27 05:07:21,0,2024-12-28 06:43:24
2264,Pro5799,user2264@example.com,alexa,US,2024-09-28 02:22:38,0,2024-12-24 10:04:13
2265,Cool4517,user2265@example.com,alexa,US,2024-05-21 17:21:39,0,2024-11-12 00:42:51
2266,Master6400,user2266@example.com,alexa,Japan,2024-01-09 08:32:06,0,2024-12-26 16:15:39
2267,Fun6175,user2267@example.com,google_home,Canada,2024-03-15 03:59:54,0,2024-12-22 18:14:37
2268,Cool432,user2268@example.com,alexa,Brazil,2024-09-21 11:17:40,1,2024-10-02 21:42:15
2269,Quick9208,user2269@example.com,mobile_android,UK,2024-05-24 09:10:43,0,2024-12-27 06:49:13
2270,Master8756,user2270@example.com,alexa,Brazil,2024-04-03 22:50:50,0,2024-12-25 14:13:05
2271,Lucky123,user2271@example.com,google_home,US,2024-10-10 15:16:54,0,2024-12-28 18:06:33
2272,Fun9704,user2272@example.com,alexa,US,2024-08-05 09:08:41,0,2024-12-18 17:07:44
2273,Super1674,user2273@example.com,google_home,Canada,2024-11-04 20:34:43,0,2024-12-30 22:30:54
2274,Lucky5947,user2274@example.com,google_home,US,2024-06-15 01:40:03,0,2024-12-06 22:06:44
2275,Player1349,user2275@example.com,alexa,India,2024-04-26 15:41:08,0,2024-12-17 01:06:17
2276,Pro6856,user2276@example.com,google_home,Australia,2024-01-23 07:27:44,1,2024-12-24 14:10:13
2277,Trivia3716,user2277@example.com,mobile_ios,US,2024-10-07 16:03:59,1,2024-12-31 01:57:36
2278,Epic2070,user2278@example.com,mobile_android,Canada,2024-05-11 00:25:33,0,2024-12-29 06:40:40
2279,Lucky3978,user2279@example.com,mobile_ios,US,2024-04-17 03:24:12,0,2024-12-27 12:52:45
2280,Quick823,user2280@example.com,google_home,US,2024-11-02 19:32:51,0,2024-12-27 15:06:27
2281,Smart6847,user2281@example.com,mobile_android,US,2024-01-04 17:49:26,0,2024-12-10 11:46:58
2282,Fun101,user2282@example.com,google_home,US,2024-04-27 20:57:34,0,2024-12-25 05:04:59
2283,Brain540,user2283@example.com,mobile_ios,Mexico,2024-08-19 20:15:13,0,2024-12-18 21:19:52
2284,Brain2671,user2284@example.com,alexa,US,2024-05-20 07:00:37,0,2024-12-29 00:18:54
2285,Trivia4933,user2285@example.com,google_home,Canada,2024-04-17 07:11:45,0,2024-11-15 11:50:19
2286,Quiz3445,user2286@example.com,google_home,Australia,2024-03-09 01:08:47,0,2024-08-27 19:39:35
2287,Voice2706,user2287@example.com,google_home,US,2024-08-09 05:36:15,0,2024-12-11 06:25:32
2288,Epic1878,user2288@example.com,alexa,US,2024-09-29 06:22:30,1,2024-11-29 14:36:29
2289,Epic3856,user2289@example.com,mobile_ios,US,2024-07-31 03:56:53,0,2024-12-27 15:35:06
2290,Lucky7522,user2290@example.com,alexa,Mexico,2024-10-11 19:19:41,0,2024-12-28 19:19:46
2291,Pro7061,user2291@example.com,alexa,France,2024-10-17 07:50:57,0,2024-12-16 05:36:18
2292,Smart428,user2292@example.com,alexa,US,2024-06-10 09:28:28,0,2024-12-25 03:19:14
2293,Quiz2177,user2293@example.com,mobile_android,US,2024-08-26 03:18:50,0,2024-12-31 00:46:34
2294,Master6565,user2294@example.com,mobile_android,UK,2024-02-27 20:23:28,0,2024-11-21 07:06:38
2295,Brain8931,user2295@example.com,mobile_android,Germany,2024-03-10 01:55:24,0,2024-12-25 18:14:51
2296,Voice4056,user2296@example.com,google_home,US,2024-01-26 18:30:39,0,2024-12-31 01:20:47
2297,Fun5540,user2297@example.com,google_home,Germany,2024-02-17 09:27:13,1,2024-12-29 01:00:43
2298,Trivia3712,user2298@example.com,mobile_ios,US,2024-09-08 07:28:29,1,2024-12-24 08:06:27
2299,Epic9057,user2299@example.com,alexa,Australia,2024-08-14 02:36:03,0,2024-11-24 18:46:14
2300,Player642,user2300@example.com,mobile_ios,Germany,2024-05-21 12:17:40,0,2024-12-30 11:32:05
2301,Voice5383,user2301@example.com,alexa,Australia,2024-01-13 01:06:17,0,2024-12-29 04:13:08
2302,Smart7977,user2302@example.com,mobile_android,US,2024-02-11 03:00:30,0,2024-12-26 04:05:01
2303,Super1037,user2303@example.com,mobile_ios,Australia,2024-10-02 23:34:35,0,2024-11-25 09:50:23
2304,Lucky6310,user2304@example.com,mobile_ios,Germany,2024-03-17 12:51:52,0,2024-12-06 21:28:38
2305,Fun2709,user2305@example.com,alexa,Germany,2024-05-28 10:38:11,0,2024-10-03 05:21:21
2306,Master4805,user2306@example.com,google_home,India,2024-10-22 19:39:40,1,2024-12-23 17:07:45
2307,Gamer5246,user2307@example.com,google_home,US,2024-03-30 10:31:16,0,2024-12-12 00:25:42
2308,Gamer145,user2308@example.com,mobile_ios,India,2024-01-14 01:36:26,0,2024-11-16 04:47:39
2309,Voice6022,user2309@example.com,mobile_ios,US,2024-11-21 12:25:59,1,2024-12-31 03:22:45
2310,Quiz3963,user2310@example.com,google_home,Germany,2024-07-12 20:29:53,0,2024-11-27 00:49:52
2311,Gamer6099,user2311@example.com,alexa,US,2024-06-13 13:27:19,0,2024-10-20 17:25:55
2312,Gamer7796,user2312@example.com,alexa,US,2024-01-22 20:07:02,0,2024-11-19 20:28:30
2313,Pro5917,user2313@example.com,mobile_ios,US,2024-11-10 20:19:32,0,2024-12-31 11:59:49
2314,Brain2160,user2314@example.com,alexa,US,2024-11-21 19:08:40,1,2024-12-27 19:33:11
2315,Fun8760,user2315@example.com,alexa,UK,2024-03-03 14:15:37,0,2024-12-12 12:00:07
2316,Fun3007,user2316@example.com,google_home,UK,2024-01-03 09:31:29,0,2024-12-30 22:33:24
2317,Smart6294,user2317@example.com,mobile_ios,US,2024-05-07 18:46:29,0,2024-05-10 16:15:54
2318,Quick2637,user2318@example.com,mobile_ios,US,2024-07-23 09:45:01,0,2024-12-26 02:15:39
2319,Happy6778,user2319@example.com,alexa,US,2024-05-31 06:13:16,0,2024-12-26 09:12:00
2320,Epic3604,user2320@example.com,alexa,Brazil,2024-03-07 13:24:28,0,2024-12-22 04:22:58
2321,Cool4877,user2321@example.com,mobile_android,Canada,2024-08-24 01:29:04,0,2024-12-29 08:25:19
2322,Gamer3157,user2322@example.com,google_home,US,2024-07-10 10:34:51,0,2024-12-30 02:57:28
2323,Brain4914,user2323@example.com,alexa,France,2024-06-23 19:47:13,0,2024-09-28 19:23:09
2324,Cool5141,user2324@example.com,google_home,US,2024-02-13 17:06:21,0,2024-12-03 02:04:56
2325,Player3800,user2325@example.com,mobile_ios,US,2024-10-21 19:18:34,0,2024-12-31 02:56:56
2326,Brain4612,user2326@example.com,alexa,Brazil,2024-09-13 18:53:13,0,2024-12-18 11:56:12
2327,Gamer4846,user2327@example.com,mobile_ios,US,2024-02-01 12:22:35,0,2024-11-28 23:20:06
2328,Smart3523,user2328@example.com,mobile_android,Germany,2024-05-02 07:27:02,0,2024-12-15 12:23:44
2329,Lucky2101,user2329@example.com,google_home,US,2024-09-26 09:22:59,1,2024-12-28 10:20:52
2330,Quiz9928,user2330@example.com,google_home,UK,2024-02-22 03:16:44,0,2024-12-30 19:52:51
2331,Gamer3354,user2331@example.com,alexa,US,2024-03-04 19:49:12,0,2024-12-23 11:03:05
2332,Trivia6735,user2332@example.com,mobile_ios,Mexico,2024-09-09 07:53:34,1,2024-12-31 01:40:48
2333,Voice1474,user2333@example.com,mobile_android,Canada,2024-07-27 01:15:55,0,2024-12-17 07:28:12
2334,Quiz7664,user2334@example.com,mobile_android,France,2024-06-16 14:10:31,0,2024-12-31 13:02:34
2335,Player3128,user2335@example.com,alexa,US,2024-09-25 00:18:18,0,2024-12-29 07:04:22
2336,Lucky6899,user2336@example.com,alexa,US,2024-10-27 03:53:11,0,2024-11-26 02:20:49
2337,Cool5569,user2337@example.com,google_home,Australia,2024-01-07 08:53:52,0,2024-04-08 16:42:43
2338,Quiz6907,user2338@example.com,mobile_android,India,2024-05-25 21:42:08,0,2024-12-27 22:45:52
2339,Super2294,user2339@example.com,mobile_android,US,2024-07-19 13:23:42,0,2024-10-16 07:46:50
2340,Happy1883,user2340@example.com,google_home,US,2024-03-04 19:08:58,0,2024-10-24 15:35:54
2341,Player9710,user2341@example.com,alexa,Mexico,2024-09-01 12:29:11,0,2024-12-14 17:42:19
2342,Trivia1304,user2342@example.com,alexa,US,2024-03-21 07:50:57,0,2024-12-29 09:45:07
2343,Fun697,user2343@example.com,mobile_ios,France,2024-02-09 03:21:28,0,2024-12-25 16:26:18
2344,Epic802,user2344@example.com,mobile_ios,Canada,2024-09-23 19:31:08,0,2024-12-31 12:52:08
2345,Master6579,user2345@example.com,google_home,Brazil,2024-06-21 08:39:09,0,2024-12-29 00:10:51
2346,Quiz2210,user2346@example.com,google_home,France,2024-09-22 03:29:40,0,2024-10-29 23:22:48
2347,Smart6019,user2347@example.com,google_home,India,2024-04-08 02:00:59,1,2024-07-30 18:12:47
2348,Trivia7565,user2348@example.com,alexa,Japan,2024-01-14 14:03:51,0,2024-07-31 18:56:21
2349,Fun5679,user2349@example.com,google_home,Germany,2024-03-30 07:57:32,0,2024-12-14 15:05:30
2350,Quiz8052,user2350@example.com,mobile_ios,UK,2024-04-03 15:52:58,0,2024-12-26 06:34:16
2351,Smart8693,user2351@example.com,mobile_ios,US,2024-11-25 05:11:30,0,2024-12-30 03:56:26
2352,Happy9185,user2352@example.com,alexa,UK,2024-02-29 08:48:52,0,2024-12-21 08:38:47
2353,Happy3989,user2353@example.com,google_home,Canada,2024-04-09 12:28:26,0,2024-11-10 05:24:38
2354,Epic855,user2354@example.com,alexa,Canada,2024-09-27 04:58:10,0,2024-11-24 02:30:04
2355,Quiz6171,user2355@example.com,google_home,Canada,2024-03-04 01:56:39,0,2024-12-09 17:20:05
2356,Super9348,user2356@example.com,google_home,US,2024-01-25 18:28:25,0,2024-12-31 12:52:31
2357,Player7523,user2357@example.com,mobile_android,UK,2024-10-20 06:37:06,0,2024-12-28 02:59:43
2358,Epic9483,user2358@example.com,mobile_ios,France,2024-11-02 20:51:16,0,2024-12-13 13:33:31
2359,Pro1568,user2359@example.com,mobile_android,US,2024-10-09 23:21:55,0,2024-12-27 17:10:47
2360,Cool9418,user2360@example.com,alexa,US,2024-07-06 21:05:27,1,2024-12-07 00:05:56
2361,Happy9430,user2361@example.com,mobile_ios,Brazil,2024-01-11 18:13:13,0,2024-12-26 21:07:03
2362,Quiz3130,user2362@example.com,mobile_ios,Germany,2024-03-30 06:55:52,0,2024-12-12 15:26:27
2363,Cool9339,user2363@example.com,google_home,Japan,2024-03-13 15:39:04,0,2024-12-11 00:09:18
2364,Master2639,user2364@example.com,google_home,US,2024-01-12 20:18:46,0,2024-12-04 00:48:43
2365,Pro2949,user2365@example.com,mobile_ios,US,2024-01-16 23:22:19,0,2024-12-01 19:36:17
2366,Quick5437,user2366@example.com,mobile_ios,Canada,2024-04-26 18:55:56,0,2024-10-11 11:21:54
2367,Trivia9293,user2367@example.com,mobile_ios,France,2024-05-04 18:56:24,0,2024-12-28 06:07:16
2368,Epic2030,user2368@example.com,mobile_android,India,2024-01-02 12:32:58,0,2024-12-31 07:41:22
2369,Player9098,user2369@example.com,mobile_ios,Germany,2024-08-10 12:25:40,0,2024-12-17 13:19:35
2370,Trivia7213,user2370@example.com,mobile_ios,US,2024-07-02 19:49:28,0,2024-12-07 08:33:44
2371,Super6767,user2371@example.com,mobile_ios,Japan,2024-10-20 13:46:24,0,2024-12-20 05:16:10
2372,Epic1709,user2372@example.com,mobile_ios,Canada,2024-10-14 17:32:47,1,2024-12-31 03:07:15
2373,Lucky9463,user2373@example.com,alexa,Japan,2024-04-07 19:14:32,1,2024-12-25 06:41:29
2374,Cool8971,user2374@example.com,alexa,UK,2024-04-08 09:43:22,0,2024-12-30 08:44:16
2375,Gamer582,user2375@example.com,mobile_ios,US,2024-09-17 09:53:58,0,2024-12-30 19:30:30
2376,Epic9936,user2376@example.com,google_home,India,2024-01-01 00:14:13,1,2024-12-30 16:13:59
2377,Cool8355,user2377@example.com,alexa,US,2024-01-29 04:15:07,0,2024-10-01 11:56:15
2378,Player885,user2378@example.com,mobile_android,US,2024-11-09 12:11:28,1,2024-11-11 21:23:10
2379,Voice4901,user2379@example.com,mobile_ios,US,2024-11-27 10:10:01,0,2024-12-30 10:55:01
2380,Epic3003,user2380@example.com,mobile_android,UK,2024-01-28 16:29:53,0,2024-12-04 11:47:25
2381,Epic2453,user2381@example.com,alexa,US,2024-08-14 23:22:37,0,2024-12-29 13:35:36
2382,Master7319,user2382@example.com,google_home,US,2024-05-18 00:36:44,0,2024-12-24 22:33:24
2383,Cool6844,user2383@example.com,mobile_ios,UK,2024-08-17 05:05:14,0,2024-12-24 19:46:31
2384,Master7868,user2384@example.com,mobile_android,Japan,2024-10-11 03:21:07,0,2024-10-26 08:01:25
2385,Voice4417,user2385@example.com,alexa,Japan,2024-10-16 21:54:38,0,2024-12-29 22:51:35
2386,Smart3351,user2386@example.com,alexa,US,2024-05-14 02:26:42,0,2024-12-29 09:39:20
2387,Brain3419,user2387@example.com,alexa,Brazil,2024-06-09 13:01:47,1,2024-12-14 11:45:59
2388,Pro274,user2388@example.com,alexa,Mexico,2024-10-05 02:52:54,0,2024-10-21 12:47:59
2389,Brain107,user2389@example.com,google_home,US,2024-02-22 02:51:41,0,2024-12-07 15:34:03
2390,Trivia7763,user2390@example.com,google_home,UK,2024-09-19 11:34:08,0,2024-12-22 03:33:15
2391,Smart7431,user2391@example.com,alexa,Canada,2024-03-03 06:55:54,0,2024-11-12 00:25:02
2392,Gamer2863,user2392@example.com,mobile_android,US,2024-05-15 21:34:27,1,2024-10-16 10:07:53
2393,Gamer1648,user2393@example.com,google_home,US,2024-07-21 10:42:17,1,2024-12-29 23:25:20
2394,Fun1764,user2394@example.com,google_home,UK,2024-08-19 07:27:35,0,2024-12-30 02:39:50
2395,Brain3158,user2395@example.com,alexa,France,2024-08-25 18:11:31,0,2024-12-29 06:21:13
2396,Brain1776,user2396@example.com,mobile_ios,US,2024-09-08 21:26:40,0,2024-12-26 11:34:25
2397,Lucky8149,user2397@example.com,mobile_ios,Canada,2024-08-02 06:14:54,0,2024-10-09 11:46:40
2398,Quick1983,user2398@example.com,mobile_ios,US,2024-08-06 08:26:00,0,2024-12-31 01:45:15
2399,Player5645,user2399@example.com,alexa,Australia,2024-06-12 14:52:13,0,2024-11-14 07:19:50
2400,Epic6699,user2400@example.com,mobile_ios,Mexico,2024-01-12 17:56:35,0,2024-12-28 19:36:40
2401,Master3965,user2401@example.com,mobile_android,UK,2024-02-01 14:39:37,0,2024-07-26 18:36:57
2402,Player6262,user2402@example.com,google_home,US,2024-01-08 13:17:32,0,2024-09-30 06:02:06
2403,Super5472,user2403@example.com,mobile_ios,US,2024-04-02 08:09:08,0,2024-12-30 18:29:08
2404,Lucky8932,user2404@example.com,mobile_android,Japan,2024-07-06 00:32:24,0,2024-12-24 10:22:14
2405,Trivia1293,user2405@example.com,google_home,Australia,2024-07-26 20:43:56,0,2024-12-30 04:08:44
2406,Lucky9403,user2406@example.com,google_home,UK,2024-10-19 05:03:05,0,2024-12-27 08:15:45
2407,Fun3953,user2407@example.com,google_home,Canada,2024-01-21 20:17:56,0,2024-12-10 18:34:36
2408,Brain2178,user2408@example.com,mobile_android,US,2024-10-06 00:35:18,0,2024-12-28 11:27:41
2409,Quick8984,user2409@example.com,google_home,Australia,2024-01-18 22:02:00,0,2024-12-30 21:03:38
2410,Happy2229,user2410@example.com,alexa,Canada,2024-05-08 18:28:20,0,2024-11-30 18:42:45
2411,Voice1476,user2411@example.com,alexa,UK,2024-11-08 18:38:55,0,2024-12-27 13:03:42
2412,Pro1601,user2412@example.com,google_home,US,2024-08-22 01:18:12,0,2024-12-23 02:12:26
2413,Cool7925,user2413@example.com,alexa,Australia,2024-07-24 16:17:45,0,2024-12-28 21:42:55
2414,Pro4603,user2414@example.com,google_home,US,2024-01-14 22:24:45,0,2024-10-02 23:14:39
2415,Master8819,user2415@example.com,google_home,UK,2024-11-17 16:47:57,0,2024-12-30 23:48:17
2416,Master2621,user2416@example.com,mobile_ios,US,2024-10-21 15:53:28,0,2024-12-31 03:58:29
2417,Gamer8818,user2417@example.com,alexa,UK,2024-04-10 17:58:57,0,2024-08-16 17:16:29
2418,Quick6140,user2418@example.com,alexa,US,2024-04-05 22:45:46,1,2024-12-26 20:39:14
2419,Cool5537,user2419@example.com,mobile_ios,UK,2024-07-03 14:12:18,1,
2420,Fun8976,user2420@example.com,alexa,Australia,2024-03-04 06:06:49,0,2024-11-03 19:49:33
2421,Brain8678,user2421@example.com,google_home,UK,2024-05-17 09:08:46,0,2024-11-30 23:42:12
2422,Happy3142,user2422@example.com,mobile_ios,Canada,2024-06-29 22:15:35,1,2024-11-20 05:41:56
2423,Fun6512,user2423@example.com,mobile_ios,US,2024-09-29 20:58:24,0,
2424,Quiz5673,user2424@example.com,google_home,US,2024-10-06 20:50:51,0,2024-11-20 09:02:58
2425,Lucky8018,user2425@example.com,alexa,Japan,2024-06-16 06:47:38,0,
2426,Cool9752,user2426@example.com,alexa,Canada,2024-10-21 06:15:25,0,2024-12-27 07:47:06
2427,Quiz3762,user2427@example.com,mobile_android,Japan,2024-11-07 13:28:23,1,2024-11-30 06:41:38
2428,Super520,user2428@example.com,mobile_android,UK,2024-07-19 13:26:35,0,2024-12-26 14:37:03
2429,Lucky356,user2429@example.com,mobile_ios,Australia,2024-07-16 20:20:27,0,2024-12-31 01:23:34
2430,Quick224,user2430@example.com,alexa,Canada,2024-05-27 09:31:42,1,2024-10-23 04:31:49
2431,Voice1954,user2431@example.com,mobile_android,UK,2024-09-19 21:00:23,0,2024-11-04 06:44:18
2432,Lucky9635,user2432@example.com,alexa,Germany,2024-04-11 18:59:19,1,2024-12-15 17:39:07
2433,Cool5139,user2433@example.com,alexa,US,2024-07-05 07:39:09,1,2024-09-15 22:04:31
2434,Quiz3648,user2434@example.com,mobile_ios,US,2024-06-16 07:21:55,0,2024-12-17 14:44:24
2435,Quiz4001,user2435@example.com,mobile_ios,US,2024-08-02 17:19:31,0,2024-11-22 23:19:31
2436,Fun2552,user2436@example.com,mobile_ios,Canada,2024-01-09 22:36:05,1,2024-12-28 01:22:58
2437,Super3005,user2437@example.com,google_home,Canada,2024-02-14 01:16:52,0,2024-12-21 02:46:42
2438,Master9299,user2438@example.com,alexa,Australia,2024-03-03 21:32:39,1,2024-12-31 09:09:09
2439,Fun6014,user2439@example.com,alexa,France,2024-09-01 00:14:41,0,2024-11-08 00:13:46
2440,Brain2342,user2440@example.com,mobile_android,UK,2024-06-27 14:38:36,0,2024-12-17 21:55:14
2441,Gamer5415,user2441@example.com,mobile_android,UK,2024-08-07 15:08:56,0,2024-12-30 13:45:05
2442,Pro4679,user2442@example.com,alexa,US,2024-08-18 19:37:16,0,2024-12-04 21:56:54
2443,Lucky4681,user2443@example.com,google_home,US,2024-06-21 18:34:34,0,2024-12-17 07:32:08
2444,Happy3012,user2444@example.com,google_home,US,2024-07-05 11:33:12,0,2024-12-15 17:48:33
2445,Epic5544,user2445@example.com,alexa,Japan,2024-03-01 03:01:16,1,2024-12-22 09:42:41
2446,Trivia5127,user2446@example.com,google_home,US,2024-01-21 01:33:39,0,2024-11-05 19:01:53
2447,Quick2248,user2447@example.com,mobile_ios,Germany,2024-04-28 02:38:55,0,2024-12-07 00:59:54
2448,Lucky1234,user2448@example.com,alexa,US,2024-02-29 11:52:06,0,2024-06-17 09:54:22
2449,Epic9202,user2449@example.com,mobile_ios,Canada,2024-09-24 07:25:50,0,2024-12-28 14:26:12
2450,Cool6421,user2450@example.com,google_home,Mexico,2024-05-25 18:55:32,0,2024-12-30 14:32:13
2451,Epic7456,user2451@example.com,mobile_android,Germany,2024-09-12 08:05:09,0,2024-12-30 09:55:38
2452,Epic2552,user2452@example.com,mobile_ios,US,2024-05-29 23:24:58,0,2024-11-12 09:45:32
2453,Happy3526,user2453@example.com,mobile_android,US,2024-03-26 13:25:43,0,2024-12-31 13:33:58
2454,Quiz2290,user2454@example.com,alexa,US,2024-03-29 19:46:59,0,2024-10-07 21:08:15
2455,Player5094,user2455@example.com,mobile_ios,US,2024-03-14 23:29:20,0,2024-10-17 03:36:12
2456,Quick6905,user2456@example.com,alexa,US,2024-02-16 18:55:03,0,2024-12-28 00:22:15
2457,Player8824,user2457@example.com,alexa,UK,2024-08-25 12:33:40,0,2024-12-26 22:11:16
2458,Brain3060,user2458@example.com,mobile_android,UK,2024-02-14 16:36:12,0,2024-10-04 08:42:37
2459,Fun8027,user2459@example.com,alexa,US,2024-07-04 20:27:47,0,2024-12-31 03:42:54
2460,Trivia1578,user2460@example.com,google_home,Australia,2024-01-17 11:50:55,0,2024-12-26 05:35:56
2461,Quick1775,user2461@example.com,google_home,UK,2024-08-20 13:55:23,0,2024-12-24 17:52:35
2462,Master2976,user2462@example.com,alexa,Canada,2024-08-13 04:24:10,0,2024-12-09 04:16:41
2463,Brain579,user2463@example.com,alexa,US,2024-04-21 20:33:08,0,2024-12-24 11:43:10
2464,Smart6849,user2464@example.com,mobile_android,Brazil,2024-10-17 22:23:04,0,2024-12-29 11:05:45
2465,Voice5067,user2465@example.com,alexa,UK,2024-06-16 23:55:46,0,2024-12-24 20:47:08
2466,Super4106,user2466@example.com,mobile_ios,France,2024-03-26 11:50:11,0,2024-12-23 19:53:22
2467,Happy4470,user2467@example.com,google_home,UK,2024-06-12 20:14:28,0,2024-11-13 06:06:01
2468,Brain6540,user2468@example.com,alexa,Japan,2024-09-09 07:58:07,0,2024-12-30 03:22:02
2469,Master2008,user2469@example.com,alexa,US,2024-05-13 09:14:38,0,2024-09-30 18:31:33
2470,Player3160,user2470@example.com,google_home,US,2024-10-25 15:58:33,0,2024-12-31 15:33:48
2471,Pro8734,user2471@example.com,mobile_android,Australia,2024-06-18 08:58:27,0,2024-12-24 05:09:41
2472,Quick2240,user2472@example.com,alexa,Germany,2024-06-16 05:02:04,0,2024-12-12 15:16:46
2473,Super6606,user2473@example.com,mobile_ios,Australia,2024-02-20 04:54:17,1,2024-12-30 19:51:36
2474,Gamer828,user2474@example.com,alexa,UK,2024-04-06 06:18:30,0,2024-11-17 12:51:09
2475,Pro5823,user2475@example.com,mobile_ios,Canada,2024-08-26 18:52:57,0,2024-11-28 11:15:03
2476,Super3125,user2476@example.com,alexa,UK,2024-07-09 18:43:34,0,2024-11-21 10:53:14
2477,Player4656,user2477@example.com,mobile_android,US,2024-01-21 07:21:15,0,2024-08-08 06:36:02
2478,Lucky1893,user2478@example.com,google_home,US,2024-02-11 20:51:00,0,2024-12-28 10:48:41
2479,Voice474,user2479@example.com,mobile_ios,Canada,2024-04-17 20:46:18,0,2024-09-09 15:21:30
2480,Player1615,user2480@example.com,alexa,UK,2024-10-27 12:40:45,0,2024-12-30 08:50:46
2481,Gamer3316,user2481@example.com,mobile_android,UK,2024-09-18 07:01:17,0,2024-12-26 06:37:19
2482,Master1622,user2482@example.com,mobile_ios,US,2024-02-12 07:39:39,0,2024-12-20 16:32:11
2483,Trivia1993,user2483@example.com,alexa,US,2024-11-20 05:29:42,0,2024-12-29 22:34:33
2484,Pro2387,user2484@example.com,alexa,Canada,2024-08-23 14:55:54,0,2024-12-30 07:10:55
2485,Quiz6368,user2485@example.com,google_home,US,2024-02-15 04:13:15,0,2024-12-17 11:30:04
2486,Gamer7415,user2486@example.com,alexa,US,2024-03-02 22:28:58,0,2024-12-29 06:47:56
2487,Quick3343,user2487@example.com,mobile_android,Australia,2024-09-27 15:56:01,0,2024-12-29 05:42:55
2488,Smart7168,user2488@example.com,google_home,US,2024-05-30 20:49:17,1,2024-12-28 09:20:07
2489,Happy8635,user2489@example.com,alexa,Australia,2024-04-01 16:34:42,0,2024-09-22 20:42:06
2490,Happy472,user2490@example.com,mobile_ios,Canada,2024-02-21 03:16:49,0,2024-11-24 07:15:27
2491,Player9544,user2491@example.com,mobile_ios,Mexico,2024-03-12 12:16:31,0,2024-12-30 19:16:38
2492,Trivia380,user2492@example.com,mobile_ios,UK,2024-05-26 13:40:27,0,2024-12-15 18:54:56
2493,Cool1181,user2493@example.com,mobile_ios,Australia,2024-07-06 12:44:31,1,2024-12-04 02:38:28
2494,Super2200,user2494@example.com,mobile_ios,UK,2024-04-19 20:42:42,0,2024-12-28 13:26:12
2495,Pro2043,user2495@example.com,alexa,US,2024-02-19 08:19:57,0,2024-11-20 15:47:19
2496,Super6446,user2496@example.com,alexa,Japan,2024-10-08 11:53:33,0,2024-12-29 16:43:51
2497,Voice2658,user2497@example.com,alexa,Mexico,2024-01-14 09:26:34,0,2024-10-08 20:02:54
2498,Super2753,user2498@example.com,google_home,UK,2024-08-04 04:28:56,0,
2499,Gamer7359,user2499@example.com,mobile_ios,Brazil,2024-03-26 21:48:40,0,2024-11-06 12:06:39
2500,Epic3838,user2500@example.com,alexa,France,2024-10-29 00:48:53,0,2024-12-29 10:03:24
2501,Lucky4377,user2501@example.com,mobile_android,US,2024-02-24 12:27:57,0,2024-11-26 19:12:41
2502,Player3734,user2502@example.com,mobile_ios,France,2024-11-19 23:22:33,1,2024-12-29 08:21:23
2503,Player6050,user2503@example.com,mobile_android,US,2024-01-31 04:32:23,0,2024-10-11 16:26:12
2504,Super7033,user2504@example.com,mobile_android,US,2024-11-23 16:26:15,1,2024-12-29 01:13:35
2505,Super6194,user2505@example.com,alexa,France,2024-08-14 21:29:08,0,2024-12-18 14:52:46
2506,Quiz2342,user2506@example.com,mobile_ios,US,2024-05-08 17:27:38,0,2024-12-11 10:33:46
2507,Gamer2041,user2507@example.com,mobile_ios,UK,2024-02-26 01:36:23,1,2024-12-09 10:18:37
2508,Quick1744,user2508@example.com,google_home,US,2024-01-14 15:01:16,0,2024-12-27 16:11:04
2509,Epic8558,user2509@example.com,alexa,US,2024-09-07 05:53:37,1,2024-12-14 18:49:15
2510,Quiz2526,user2510@example.com,google_home,France,2024-07-06 16:18:08,1,2024-12-18 12:53:37
2511,Pro1483,user2511@example.com,alexa,US,2024-06-24 02:12:49,0,2024-11-09 12:19:40
2512,Pro3855,user2512@example.com,alexa,Brazil,2024-05-06 01:57:42,0,2024-07-11 03:40:43
2513,Fun8161,user2513@example.com,alexa,Germany,2024-05-27 13:08:52,0,2024-12-06 06:08:02
2514,Player9359,user2514@example.com,google_home,US,2024-04-10 00:54:09,0,2024-12-28 03:23:46
2515,Epic7136,user2515@example.com,google_home,UK,2024-06-30 16:16:05,0,2024-12-27 17:02:14
2516,Lucky3359,user2516@example.com,mobile_android,Germany,2024-10-14 00:11:56,0,2024-12-28 12:53:16
2517,Brain7300,user2517@example.com,mobile_android,France,2024-11-06 14:39:26,0,2024-12-25 15:07:53
2518,Voice5887,user2518@example.com,google_home,UK,2024-08-11 05:25:18,0,2024-12-19 08:20:31
2519,Gamer1043,user2519@example.com,mobile_android,US,2024-08-31 00:41:27,0,2024-12-28 08:52:04
2520,Player1211,user2520@example.com,mobile_ios,US,2024-06-08 12:01:37,0,2024-12-30 05:40:33
2521,Fun711,user2521@example.com,alexa,Canada,2024-08-27 04:31:35,0,2024-12-06 04:49:19
2522,Voice9322,user2522@example.com,mobile_ios,France,2024-10-05 20:05:56,0,2024-12-31 16:41:32
2523,Player5261,user2523@example.com,alexa,Mexico,2024-05-18 20:54:17,1,2024-12-27 14:31:44
2524,Fun8322,user2524@example.com,alexa,UK,2024-03-29 01:32:23,0,2024-12-02 16:08:49
2525,Cool8770,user2525@example.com,mobile_android,Canada,2024-11-02 18:05:30,0,2024-12-28 21:56:54
2526,Pro2070,user2526@example.com,mobile_ios,US,2024-04-11 16:51:58,0,2024-08-21 06:19:50
2527,Epic6358,user2527@example.com,mobile_android,US,2024-05-29 03:42:56,0,2024-12-19 07:08:09
2528,Master9455,user2528@example.com,alexa,US,2024-01-26 17:39:32,0,2024-08-09 19:20:59
2529,Brain3555,user2529@example.com,mobile_ios,Brazil,2024-06-14 15:54:24,0,2024-12-27 23:02:54
2530,Quiz7408,user2530@example.com,mobile_ios,US,2024-10-31 10:31:33,0,2024-12-29 01:04:00
2531,Epic2386,user2531@example.com,alexa,UK,2024-05-15 06:00:45,0,2024-12-26 06:52:22
2532,Quiz1558,user2532@example.com,google_home,France,2024-10-03 06:14:42,0,2024-12-30 14:40:58
2533,Fun1657,user2533@example.com,mobile_ios,India,2024-01-15 22:58:03,0,2024-12-28 10:39:46
2534,Super9464,user2534@example.com,google_home,UK,2024-02-12 08:33:49,0,2024-11-23 10:17:24
2535,Trivia1934,user2535@example.com,alexa,US,2024-10-26 16:19:56,1,2024-12-11 17:00:36
2536,Happy8426,user2536@example.com,alexa,Germany,2024-10-02 18:20:14,1,2024-12-13 01:14:02
2537,Fun5082,user2537@example.com,google_home,US,2024-10-06 14:31:37,1,2024-12-27 16:56:19
2538,Quick9456,user2538@example.com,mobile_android,Brazil,2024-07-01 19:00:12,0,2024-12-20 06:33:21
2539,Brain1111,user2539@example.com,mobile_ios,US,2024-01-06 19:37:40,1,2024-12-29 18:19:03
2540,Master1635,user2540@example.com,mobile_ios,US,2024-08-30 11:39:29,0,2024-12-22 05:08:49
2541,Happy9859,user2541@example.com,google_home,Australia,2024-10-15 03:05:57,0,2024-12-30 17:50:06
2542,Master9773,user2542@example.com,alexa,US,2024-03-21 18:36:04,0,2024-09-27 06:15:12
2543,Trivia7691,user2543@example.com,mobile_ios,US,2024-10-13 18:22:30,0,2024-12-28 00:47:44
2544,Gamer4476,user2544@example.com,alexa,US,2024-09-01 23:08:01,0,2024-11-07 00:56:55
2545,Epic1943,user2545@example.com,google_home,US,2024-05-12 03:13:11,0,2024-10-05 17:00:19
2546,Brain8087,user2546@example.com,alexa,India,2024-11-24 09:02:00,0,2024-12-31 06:53:24
2547,Lucky6283,user2547@example.com,google_home,Australia,2024-10-12 08:09:37,0,2024-12-31 02:48:58
2548,Brain4898,user2548@example.com,mobile_ios,India,2024-11-24 14:29:47,0,2024-12-17 02:58:15
2549,Cool6387,user2549@example.com,google_home,Australia,2024-11-23 10:18:18,0,2024-12-29 01:48:28
2550,Fun7522,user2550@example.com,google_home,US,2024-08-07 00:55:58,0,2024-10-11 15:51:29
2551,Lucky1774,user2551@example.com,google_home,US,2024-03-19 20:25:09,0,2024-07-21 04:40:01
2552,Epic4609,user2552@example.com,google_home,US,2024-10-23 08:51:11,0,2024-12-25 13:35:35
2553,Fun8859,user2553@example.com,google_home,Canada,2024-10-20 08:04:58,0,2024-12-10 05:34:39
2554,Trivia4335,user2554@example.com,google_home,US,2024-01-22 15:52:15,0,2024-12-26 05:57:44
2555,Voice7061,user2555@example.com,alexa,France,2024-09-26 16:12:29,1,2024-12-27 00:58:58
2556,Quiz9709,user2556@example.com,mobile_android,Mexico,2024-02-07 07:48:28,0,2024-10-03 19:33:59
2557,Brain3451,user2557@example.com,mobile_ios,US,2024-11-03 23:18:18,0,2024-12-31 15:48:29
2558,Lucky3156,user2558@example.com,mobile_android,US,2024-07-27 00:00:55,0,2024-12-09 06:56:25
2559,Quiz6663,user2559@example.com,alexa,France,2024-10-11 18:36:23,1,2024-11-10 23:53:15
2560,Fun5049,user2560@example.com,google_home,US,2024-03-25 13:07:07,0,2024-12-25 18:22:25
2561,Gamer3266,user2561@example.com,mobile_ios,US,2024-08-07 11:34:25,0,2024-12-05 18:22:12
2562,Voice7801,user2562@example.com,mobile_ios,UK,2024-08-01 14:38:19,0,2024-12-25 03:02:34
2563,Trivia4338,user2563@example.com,google_home,UK,2024-02-03 18:46:45,0,2024-12-25 14:25:30
2564,Player6665,user2564@example.com,google_home,UK,2024-01-22 19:54:17,1,2024-12-06 06:25:27
2565,Fun6878,user2565@example.com,google_home,Mexico,2024-02-10 16:07:25,0,2024-12-19 20:49:57
2566,Brain6563,user2566@example.com,mobile_ios,Japan,2024-06-16 22:39:58,0,2024-12-23 03:11:12
2567,Quick9631,user2567@example.com,google_home,Canada,2024-11-11 19:36:09,0,2024-12-07 00:05:42
2568,Happy1579,user2568@example.com,alexa,UK,2024-09-16 13:52:39,0,2024-12-14 16:21:17
2569,Quiz2308,user2569@example.com,mobile_ios,Canada,2024-01-26 04:01:42,1,2024-10-30 06:50:13
2570,Quick6350,user2570@example.com,mobile_android,US,2024-09-01 13:09:18,1,2024-12-09 21:14:46
2571,Epic1113,user2571@example.com,alexa,UK,2024-08-30 02:51:43,0,2024-12-29 17:02:46
2572,Smart7001,user2572@example.com,alexa,US,2024-10-11 14:22:38,0,2024-12-28 23:37:56
2573,Fun5468,user2573@example.com,google_home,US,2024-03-05 03:38:28,0,2024-04-12 03:31:12
2574,Happy2326,user2574@example.com,alexa,Brazil,2024-01-26 00:54:07,0,2024-09-07 14:27:03
2575,Cool6244,user2575@example.com,mobile_ios,US,2024-01-25 10:40:45,0,2024-12-01 22:53:42
2576,Epic7167,user2576@example.com,google_home,US,2024-10-12 22:19:58,0,2024-12-21 19:54:40
2577,Player5191,user2577@example.com,alexa,France,2024-05-14 05:53:31,0,2024-12-18 18:00:59
2578,Player9458,user2578@example.com,google_home,Brazil,2024-08-14 12:22:33,0,2024-12-27 01:02:41
2579,Player7065,user2579@example.com,alexa,France,2024-04-23 07:00:03,0,2024-10-20 09:44:03
2580,Trivia3119,user2580@example.com,mobile_ios,US,2024-07-26 13:52:52,0,2024-12-31 11:41:55
2581,Lucky9990,user2581@example.com,mobile_ios,US,2024-02-25 14:26:08,1,2024-12-22 11:10:02
2582,Brain2040,user2582@example.com,alexa,US,2024-08-05 05:50:06,0,2024-12-28 22:37:01
2583,Master7865,user2583@example.com,alexa,US,2024-08-19 15:35:22,0,2024-12-27 07:49:12
2584,Player1798,user2584@example.com,alexa,US,2024-02-04 14:12:16,0,2024-12-27 02:53:52
2585,Fun8839,user2585@example.com,mobile_ios,Canada,2024-02-17 13:33:45,0,2024-12-19 02:06:01
2586,Player1875,user2586@example.com,google_home,UK,2024-01-04 19:32:46,0,2024-12-29 08:08:06
2587,Trivia3309,user2587@example.com,mobile_android,US,2024-09-10 20:20:46,0,2024-12-30 05:49:21
2588,Player4576,user2588@example.com,google_home,Mexico,2024-07-02 16:10:07,0,2024-12-21 15:11:52
2589,Epic1347,user2589@example.com,alexa,US,2024-05-14 05:58:30,0,2024-12-25 18:22:11
2590,Fun3848,user2590@example.com,mobile_ios,India,2024-04-14 19:15:05,0,2024-12-31 00:39:45
2591,Cool8821,user2591@example.com,alexa,UK,2024-08-08 12:35:14,0,2024-12-30 20:26:00
2592,Super4437,user2592@example.com,mobile_android,US,2024-11-21 06:08:45,1,2024-12-30 03:15:59
2593,Lucky4248,user2593@example.com,google_home,Australia,2024-10-12 08:28:02,0,2024-12-31 00:06:02
2594,Epic4269,user2594@example.com,alexa,US,2024-01-25 01:08:40,0,2024-12-24 10:21:14
2595,Smart1356,user2595@example.com,alexa,Japan,2024-06-22 05:18:09,0,2024-12-23 09:36:23
2596,Master1490,user2596@example.com,google_home,India,2024-08-17 10:23:36,0,2024-12-11 17:10:38
2597,Happy2825,user2597@example.com,google_home,US,2024-04-15 08:50:36,0,2024-12-08 11:20:47
2598,Cool2880,user2598@example.com,mobile_ios,India,2024-10-11 19:37:14,0,2024-12-29 08:28:24
2599,Gamer1202,user2599@example.com,mobile_ios,US,2024-01-07 23:50:59,0,2024-11-17 00:18:17
2600,Lucky3284,user2600@example.com,alexa,Canada,2024-01-22 09:16:54,0,2024-08-18 22:09:24
2601,Trivia4470,user2601@example.com,mobile_ios,US,2024-04-27 11:49:58,0,2024-09-08 17:44:26
2602,Gamer1801,user2602@example.com,google_home,Australia,2024-06-05 00:25:48,0,2024-12-15 20:16:52
2603,Happy8524,user2603@example.com,mobile_android,France,2024-08-30 18:23:31,0,2024-12-27 10:36:03
2604,Fun4267,user2604@example.com,mobile_android,Brazil,2024-03-29 10:09:09,0,2024-12-25 07:16:40
2605,Smart8866,user2605@example.com,mobile_android,Canada,2024-08-06 01:56:50,0,2024-12-17 04:47:46
2606,Pro9151,user2606@example.com,alexa,Canada,2024-11-13 07:55:00,0,2024-12-29 21:58:51
2607,Quiz2509,user2607@example.com,google_home,Brazil,2024-06-13 08:46:18,0,2024-12-24 17:27:41
2608,Cool9404,user2608@example.com,google_home,Mexico,2024-05-10 19:37:10,0,2024-12-20 14:28:42
2609,Gamer5114,user2609@example.com,mobile_android,US,2024-03-20 21:48:12,0,2024-11-15 12:17:04
2610,Quiz4593,user2610@example.com,mobile_ios,Canada,2024-03-09 17:27:08,0,2024-12-23 01:15:20
2611,Voice9901,user2611@example.com,google_home,Brazil,2024-04-29 01:19:34,0,2024-11-03 04:07:17
2612,Trivia3437,user2612@example.com,mobile_ios,Canada,2024-03-30 09:45:01,0,2024-06-21 11:56:38
2613,Quick4003,user2613@example.com,google_home,US,2024-03-24 18:59:09,0,2024-12-04 10:53:59
2614,Master592,user2614@example.com,google_home,Germany,2024-11-26 20:00:51,0,2024-12-22 03:46:58
2615,Brain8571,user2615@example.com,mobile_android,Japan,2024-10-17 07:38:56,0,2024-12-10 17:49:34
2616,Brain2487,user2616@example.com,alexa,Germany,2024-10-12 07:43:19,1,2024-12-29 19:30:12
2617,Player366,user2617@example.com,alexa,UK,2024-04-27 06:23:53,0,2024-12-19 16:21:48
2618,Gamer588,user2618@example.com,google_home,Canada,2024-07-13 04:10:22,0,2024-12-22 21:40:16
2619,Cool2093,user2619@example.com,alexa,US,2024-10-12 17:30:25,0,2024-12-30 06:55:29
2620,Voice4831,user2620@example.com,alexa,Australia,2024-07-09 13:58:14,0,2024-12-30 06:24:48
2621,Quick1493,user2621@example.com,google_home,Australia,2024-05-28 11:37:34,0,2024-12-07 02:48:12
2622,Trivia3294,user2622@example.com,alexa,US,2024-05-21 15:19:59,0,2024-10-17 08:38:24
2623,Gamer159,user2623@example.com,alexa,Australia,2024-06-10 03:33:20,1,2024-12-14 06:29:01
2624,Player6163,user2624@example.com,mobile_ios,US,2024-07-25 06:38:24,0,2024-11-25 11:19:01
2625,Pro1321,user2625@example.com,alexa,India,2024-10-28 13:48:21,1,2024-11-23 17:51:17
2626,Epic4501,user2626@example.com,alexa,US,2024-08-09 14:11:49,0,2024-11-22 12:29:35
2627,Voice1579,user2627@example.com,mobile_ios,India,2024-07-08 10:53:22,0,2024-12-28 05:08:16
2628,Pro8974,user2628@example.com,alexa,US,2024-05-24 00:03:27,0,2024-12-19 21:56:18
2629,Master787,user2629@example.com,google_home,US,2024-10-29 09:47:20,0,2024-12-30 13:15:36
2630,Epic9082,user2630@example.com,alexa,UK,2024-04-09 15:39:07,0,2024-12-31 02:28:44
2631,Cool2710,user2631@example.com,google_home,UK,2024-10-17 20:33:23,1,2024-12-31 06:02:01
2632,Epic9242,user2632@example.com,google_home,India,2024-04-29 19:39:30,0,2024-11-01 01:41:08
2633,Master1290,user2633@example.com,google_home,US,2024-08-29 19:15:55,0,2024-12-21 09:12:21
2634,Pro1370,user2634@example.com,google_home,India,2024-04-02 13:13:01,1,2024-12-26 20:16:39
2635,Trivia464,user2635@example.com,mobile_android,US,2024-10-31 08:37:10,0,2024-12-30 23:52:58
2636,Brain6328,user2636@example.com,alexa,Brazil,2024-07-02 16:32:59,0,2024-12-18 15:36:36
2637,Super2380,user2637@example.com,mobile_android,Germany,2024-01-03 20:48:45,0,2024-12-31 01:18:56
2638,Quiz7645,user2638@example.com,google_home,US,2024-09-18 11:26:43,1,2024-12-28 23:44:50
2639,Happy6409,user2639@example.com,mobile_ios,Germany,2024-03-11 17:46:39,1,2024-12-30 00:49:29
2640,Trivia4692,user2640@example.com,alexa,Australia,2024-11-26 20:04:36,0,2024-12-29 09:25:51
2641,Fun3000,user2641@example.com,alexa,Canada,2024-03-11 15:51:53,0,2024-12-16 15:39:36
2642,Voice7460,user2642@example.com,alexa,Australia,2024-09-19 21:23:42,0,2024-12-13 10:52:26
2643,Fun2260,user2643@example.com,alexa,UK,2024-05-15 13:20:30,0,2024-12-23 02:06:42
2644,Gamer5325,user2644@example.com,google_home,UK,2024-07-09 17:41:54,1,2024-12-09 08:40:44
2645,Trivia6115,user2645@example.com,google_home,US,2024-10-22 05:09:11,0,2024-12-30 13:37:28
2646,Cool3697,user2646@example.com,mobile_android,India,2024-01-26 02:18:25,0,2024-12-09 00:15:26
2647,Brain3561,user2647@example.com,mobile_ios,US,2024-01-28 16:43:28,0,2024-12-10 03:01:19
2648,Brain9274,user2648@example.com,mobile_ios,India,2024-03-31 18:19:02,0,2024-12-05 22:51:14
2649,Gamer1557,user2649@example.com,google_home,Canada,2024-05-23 00:11:02,0,2024-12-25 04:52:17
2650,Brain4389,user2650@example.com,mobile_ios,US,2024-09-21 06:39:15,1,2024-12-23 04:20:07
2651,Cool8984,user2651@example.com,mobile_android,Germany,2024-08-02 02:38:21,0,2024-11-05 20:42:50
2652,Gamer5857,user2652@example.com,mobile_android,Canada,2024-09-03 02:23:59,0,2024-12-30 01:14:40
2653,Quiz9510,user2653@example.com,google_home,US,2024-01-31 03:19:48,0,2024-12-12 14:16:11
2654,Voice5260,user2654@example.com,alexa,US,2024-08-25 03:58:34,0,2024-12-25 04:31:12
2655,Pro972,user2655@example.com,mobile_ios,US,2024-07-04 08:16:47,1,2024-12-22 01:53:57
2656,Epic9826,user2656@example.com,alexa,US,2024-08-24 02:34:50,0,2024-12-17 07:33:28
2657,Voice8360,user2657@example.com,google_home,US,2024-05-11 23:47:54,0,2024-12-29 00:33:43
2658,Trivia9397,user2658@example.com,google_home,US,2024-05-30 08:15:53,0,2024-12-24 09:30:57
2659,Super2254,user2659@example.com,google_home,US,2024-04-19 15:00:18,0,2024-11-25 02:46:40
2660,Voice8532,user2660@example.com,mobile_android,Brazil,2024-02-29 15:03:07,0,2024-12-27 21:34:58
2661,Voice3593,user2661@example.com,mobile_android,Australia,2024-06-08 19:36:11,1,2024-12-30 15:36:39
2662,Gamer2618,user2662@example.com,google_home,UK,2024-05-12 12:05:53,0,2024-12-17 15:46:18
2663,Voice7772,user2663@example.com,mobile_android,US,2024-04-23 06:40:09,0,2024-12-29 19:33:33
2664,Fun8685,user2664@example.com,mobile_ios,Germany,2024-07-03 15:56:29,0,2024-11-24 13:25:06
2665,Gamer6745,user2665@example.com,mobile_android,Brazil,2024-03-18 15:18:58,0,2024-12-25 17:51:42
2666,Smart9738,user2666@example.com,google_home,Mexico,2024-08-07 16:18:14,0,2024-12-24 17:26:37
2667,Smart9064,user2667@example.com,alexa,US,2024-06-02 19:43:53,0,2024-12-13 18:26:59
2668,Happy6750,user2668@example.com,mobile_android,UK,2024-07-14 22:57:36,0,2024-12-30 00:04:12
2669,Pro4633,user2669@example.com,mobile_ios,US,2024-01-28 16:13:14,0,2024-12-29 16:24:30
2670,Voice6067,user2670@example.com,mobile_android,US,2024-06-20 12:49:54,0,2024-12-05 12:23:28
2671,Gamer8961,user2671@example.com,mobile_android,India,2024-01-05 21:37:45,0,2024-07-22 19:23:11
2672,Happy551,user2672@example.com,mobile_ios,Canada,2024-01-22 17:57:48,0,2024-11-29 02:22:56
2673,Quiz7680,user2673@example.com,mobile_ios,Japan,2024-02-21 03:02:02,1,2024-12-20 05:42:15
2674,Lucky4932,user2674@example.com,mobile_ios,US,2024-01-10 05:10:54,0,2024-12-16 19:32:35
2675,Player6753,user2675@example.com,mobile_ios,US,2024-03-31 06:07:25,0,2024-12-16 12:07:12
2676,Brain110,user2676@example.com,mobile_android,Canada,2024-05-17 03:01:39,0,2024-11-02 01:28:47
2677,Super1075,user2677@example.com,alexa,France,2024-06-09 20:36:12,0,2024-12-31 05:49:21
2678,Lucky1918,user2678@example.com,alexa,France,2024-01-26 02:52:26,0,2024-12-29 07:58:14
2679,Fun7311,user2679@example.com,mobile_ios,Canada,2024-06-26 23:50:09,1,2024-12-28 13:32:31
2680,Master1736,user2680@example.com,mobile_ios,Australia,2024-05-24 01:35:44,0,2024-12-22 20:54:01
2681,Gamer5897,user2681@example.com,mobile_ios,UK,2024-08-25 21:39:42,0,2024-12-17 06:30:03
2682,Voice888,user2682@example.com,alexa,US,2024-01-15 08:23:45,0,2024-12-27 23:39:19
2683,Happy299,user2683@example.com,alexa,India,2024-11-14 07:52:21,1,2024-12-30 00:55:23
2684,Trivia614,user2684@example.com,mobile_android,US,2024-05-22 12:40:40,0,2024-12-30 16:20:46
2685,Voice8992,user2685@example.com,alexa,Canada,2024-05-25 02:20:42,1,2024-12-26 15:40:09
2686,Lucky2955,user2686@example.com,mobile_android,US,2024-04-23 23:48:33,0,2024-12-18 20:12:27
2687,Lucky2500,user2687@example.com,alexa,US,2024-05-04 13:36:34,1,2024-07-02 16:04:48
2688,Player414,user2688@example.com,google_home,US,2024-07-27 17:43:38,0,2024-11-20 08:18:18
2689,Voice9057,user2689@example.com,google_home,US,2024-10-07 02:08:25,0,2024-11-11 07:02:59
2690,Fun2153,user2690@example.com,mobile_ios,Brazil,2024-05-03 17:26:21,0,2024-12-08 18:54:31
2691,Happy9619,user2691@example.com,mobile_ios,Mexico,2024-10-18 10:31:16,0,2024-12-25 06:47:43
2692,Cool8140,user2692@example.com,google_home,Australia,2024-01-11 00:06:04,0,2024-12-15 16:27:15
2693,Player3671,user2693@example.com,alexa,US,2024-06-20 11:56:43,1,2024-12-08 18:24:56
2694,Cool5229,user2694@example.com,alexa,India,2024-09-09 07:44:14,0,2024-10-28 18:06:35
2695,Fun3110,user2695@example.com,google_home,Canada,2024-02-24 16:43:31,0,2024-12-27 20:13:34
2696,Quick3726,user2696@example.com,alexa,France,2024-10-20 05:26:28,1,2024-12-25 22:13:02
2697,Gamer7010,user2697@example.com,mobile_ios,US,2024-01-17 20:48:03,0,2024-12-30 07:04:34
2698,Epic8462,user2698@example.com,alexa,US,2024-11-22 19:41:51,0,2024-12-26 23:13:12
2699,Cool6532,user2699@example.com,google_home,Germany,2024-02-29 03:13:04,0,2024-08-19 10:30:58
2700,Lucky7579,user2700@example.com,alexa,France,2024-01-04 10:15:08,0,2024-12-02 02:42:46
2701,Lucky9366,user2701@example.com,mobile_android,US,2024-10-05 16:25:32,0,2024-12-17 04:45:34
2702,Happy2844,user2702@example.com,google_home,US,2024-10-30 15:25:08,0,2024-12-28 13:52:18
2703,Player2417,user2703@example.com,google_home,US,2024-08-02 06:31:25,0,2024-12-25 12:31:35
2704,Pro504,user2704@example.com,mobile_ios,US,2024-05-10 16:49:07,0,2024-12-31 00:25:24
2705,Super2755,user2705@example.com,alexa,Australia,2024-02-28 03:18:25,1,2024-12-03 07:16:03
2706,Brain1721,user2706@example.com,mobile_ios,Canada,2024-04-06 15:42:30,0,2024-12-31 07:56:46
2707,Quiz8656,user2707@example.com,google_home,UK,2024-02-04 12:50:12,1,2024-11-29 11:22:51
2708,Quiz7206,user2708@example.com,alexa,US,2024-07-06 20:35:26,0,2024-10-18 02:48:34
2709,Lucky9115,user2709@example.com,google_home,Australia,2024-10-01 13:31:23,0,2024-12-03 09:59:22
2710,Master2843,user2710@example.com,mobile_ios,US,2024-10-18 16:53:04,0,2024-12-17 13:47:23
2711,Lucky3972,user2711@example.com,google_home,Australia,2024-01-23 01:49:58,0,2024-07-29 23:11:04
2712,Cool2632,user2712@example.com,google_home,UK,2024-04-20 02:26:43,0,2024-12-11 19:20:12
2713,Lucky5195,user2713@example.com,mobile_android,Canada,2024-09-17 10:03:10,0,2024-12-12 21:18:19
2714,Master2762,user2714@example.com,alexa,US,2024-03-11 06:07:16,0,2024-11-19 18:36:22
2715,Trivia3846,user2715@example.com,alexa,Japan,2024-05-30 19:32:20,1,2024-12-20 23:01:05
2716,Fun8083,user2716@example.com,mobile_android,Canada,2024-02-15 10:06:02,0,2024-12-17 12:39:03
2717,Voice7005,user2717@example.com,mobile_android,Brazil,2024-09-25 03:59:39,0,2024-12-15 17:16:27
2718,Trivia313,user2718@example.com,alexa,Canada,2024-04-10 00:22:17,0,2024-12-29 14:53:01
2719,Quick2249,user2719@example.com,alexa,US,2024-05-21 05:26:04,0,2024-12-30 03:28:20
2720,Quick6210,user2720@example.com,mobile_ios,US,2024-03-06 03:45:31,0,2024-12-03 04:35:47
2721,Voice6947,user2721@example.com,alexa,US,2024-03-07 18:19:33,0,2024-12-17 14:57:06
2722,Gamer5743,user2722@example.com,mobile_ios,UK,2024-04-10 00:06:18,0,2024-12-29 14:32:21
2723,Pro5930,user2723@example.com,google_home,UK,2024-08-13 16:38:09,0,2024-12-28 21:07:25
2724,Voice475,user2724@example.com,mobile_ios,Mexico,2024-04-24 04:48:24,1,2024-12-27 21:55:01
2725,Happy6295,user2725@example.com,mobile_android,US,2024-02-07 17:06:01,0,2024-12-27 09:30:59
2726,Smart2055,user2726@example.com,mobile_android,US,2024-10-25 19:19:44,0,2024-12-29 10:50:02
2727,Voice6442,user2727@example.com,google_home,US,2024-10-04 10:02:43,1,2024-12-20 04:08:22
2728,Epic8076,user2728@example.com,alexa,US,2024-04-13 04:18:54,0,2024-12-01 19:23:29
2729,Cool7644,user2729@example.com,mobile_android,France,2024-07-07 15:12:26,1,2024-12-27 19:57:24
2730,Trivia1478,user2730@example.com,google_home,Germany,2024-04-29 14:20:42,0,2024-12-09 10:50:41
2731,Happy4273,user2731@example.com,alexa,US,2024-01-31 11:02:20,0,2024-12-30 06:32:29
2732,Happy3189,user2732@example.com,mobile_ios,UK,2024-07-19 07:08:55,0,2024-12-18 02:52:06
2733,Cool2840,user2733@example.com,google_home,US,2024-06-03 23:33:52,0,2024-12-24 13:02:27
2734,Quiz1549,user2734@example.com,alexa,US,2024-03-09 15:47:44,0,2024-12-22 12:32:49
2735,Lucky9189,user2735@example.com,mobile_ios,US,2024-07-29 05:00:15,0,2024-12-29 03:42:43
2736,Gamer8845,user2736@example.com,mobile_ios,Japan,2024-09-20 18:41:11,0,2024-12-27 11:34:12
2737,Epic2516,user2737@example.com,mobile_ios,Australia,2024-11-12 03:34:16,0,2024-12-17 19:01:32
2738,Cool4419,user2738@example.com,alexa,UK,2024-02-13 23:57:27,0,2024-11-09 08:37:16
2739,Pro3158,user2739@example.com,mobile_android,Canada,2024-03-09 10:15:27,0,2024-12-03 10:24:48
2740,Quick4371,user2740@example.com,mobile_android,Japan,2024-04-30 08:11:19,1,2024-06-10 10:40:42
2741,Voice6093,user2741@example.com,mobile_ios,UK,2024-05-03 02:49:24,0,2024-10-04 17:45:29
2742,Super7749,user2742@example.com,mobile_ios,US,2024-07-10 09:43:26,0,2024-12-17 09:29:26
2743,Lucky7530,user2743@example.com,google_home,Australia,2024-05-17 18:10:54,0,2024-12-01 21:50:56
2744,Lucky3366,user2744@example.com,google_home,US,2024-05-17 23:08:46,0,2024-12-06 02:41:53
2745,Cool6435,user2745@example.com,mobile_android,UK,2024-08-29 09:51:41,0,2024-12-24 07:26:48
2746,Smart4693,user2746@example.com,alexa,US,2024-02-02 15:41:19,0,2024-10-27 17:59:33
2747,Player9482,user2747@example.com,alexa,France,2024-01-12 19:29:47,0,2024-09-22 05:13:11
2748,Voice5698,user2748@example.com,alexa,US,2024-06-05 18:29:50,1,2024-12-16 08:02:33
2749,Cool6605,user2749@example.com,alexa,US,2024-07-09 20:57:40,1,2024-12-20 14:37:36
2750,Pro4624,user2750@example.com,alexa,US,2024-05-02 00:29:35,0,2024-12-30 23:17:25
2751,Brain6404,user2751@example.com,alexa,Germany,2024-03-01 09:40:25,1,2024-11-21 02:04:37
2752,Smart4160,user2752@example.com,mobile_ios,US,2024-05-15 23:41:23,0,2024-10-01 10:24:09
2753,Lucky5161,user2753@example.com,alexa,Germany,2024-02-29 10:57:32,0,2024-11-24 14:56:40
2754,Pro3802,user2754@example.com,alexa,India,2024-07-30 08:00:37,0,2024-12-24 10:07:43
2755,Quiz8221,user2755@example.com,mobile_android,Germany,2024-01-16 19:26:53,0,2024-12-27 17:15:49
2756,Voice6135,user2756@example.com,mobile_ios,US,2024-03-13 04:22:41,0,2024-12-06 02:05:07
2757,Lucky2662,user2757@example.com,alexa,Germany,2024-10-12 10:13:31,0,2024-12-29 17:54:59
2758,Pro4355,user2758@example.com,alexa,Canada,2024-03-31 15:45:47,0,2024-10-20 17:04:57
2759,Quiz8246,user2759@example.com,alexa,Brazil,2024-09-12 01:46:11,0,2024-12-30 16:12:00
2760,Epic5694,user2760@example.com,mobile_android,Germany,2024-01-13 19:15:41,0,2024-11-07 22:44:43
2761,Pro2263,user2761@example.com,google_home,US,2024-08-15 16:51:00,0,2024-12-06 14:17:17
2762,Pro155,user2762@example.com,alexa,India,2024-04-06 07:05:56,0,2024-11-30 08:03:18
2763,Super2598,user2763@example.com,mobile_ios,Japan,2024-01-24 22:54:43,1,2024-12-28 03:34:48
2764,Gamer695,user2764@example.com,alexa,US,2024-07-07 11:51:01,0,2024-12-29 09:08:07
2765,Voice5165,user2765@example.com,alexa,UK,2024-04-01 04:39:40,0,2024-12-19 21:13:28
2766,Epic533,user2766@example.com,mobile_ios,US,2024-04-09 04:21:57,0,2024-11-04 03:25:00
2767,Cool8768,user2767@example.com,mobile_ios,Canada,2024-03-04 07:55:23,0,2024-08-14 06:18:19
2768,Smart2092,user2768@example.com,alexa,Canada,2024-03-25 01:16:38,0,2024-12-03 07:05:30
2769,Cool2983,user2769@example.com,mobile_android,US,2024-03-19 18:51:48,0,2024-12-14 11:08:11
2770,Master4132,user2770@example.com,alexa,Australia,2024-10-21 22:58:48,0,2024-12-29 02:48:36
2771,Quick2530,user2771@example.com,alexa,Canada,2024-06-29 07:45:45,0,2024-12-29 14:28:28
2772,Smart8655,user2772@example.com,mobile_ios,US,2024-08-14 08:15:32,0,2024-12-30 02:48:13
2773,Super3794,user2773@example.com,alexa,US,2024-08-30 08:05:05,1,
2774,Master6606,user2774@example.com,alexa,US,2024-06-28 01:15:55,0,2024-12-28 05:33:38
2775,Brain6474,user2775@example.com,mobile_ios,Germany,2024-01-24 18:37:16,1,2024-12-02 01:23:13
2776,Smart6344,user2776@example.com,alexa,US,2024-09-15 05:46:01,1,2024-11-21 00:56:24
2777,Super9170,user2777@example.com,alexa,Brazil,2024-07-21 03:37:57,0,2024-12-07 19:07:43
2778,Voice8177,user2778@example.com,mobile_ios,France,2024-11-19 06:39:31,0,2024-12-16 16:13:13
2779,Fun6695,user2779@example.com,google_home,US,2024-05-14 19:26:49,0,2024-12-11 09:49:37
2780,Smart3650,user2780@example.com,mobile_android,Mexico,2024-03-08 05:17:04,1,2024-12-19 08:30:39
2781,Player1838,user2781@example.com,mobile_ios,US,2024-03-23 18:30:31,0,2024-12-26 20:03:36
2782,Trivia3116,user2782@example.com,alexa,Brazil,2024-06-26 20:23:48,0,2024-12-10 12:55:10
2783,Lucky3558,user2783@example.com,google_home,US,2024-07-12 06:39:51,0,2024-11-17 10:31:52
2784,Quick1192,user2784@example.com,mobile_android,US,2024-11-21 17:25:55,1,2024-12-31 17:18:34
2785,Fun1812,user2785@example.com,mobile_ios,US,2024-07-22 17:54:18,0,2024-12-31 11:22:07
2786,Happy2099,user2786@example.com,mobile_ios,US,2024-04-27 20:20:54,1,2024-06-06 10:06:30
2787,Cool2959,user2787@example.com,google_home,US,2024-02-06 08:00:03,0,2024-11-28 13:10:38
2788,Master6086,user2788@example.com,google_home,US,2024-07-23 08:20:46,0,2024-12-09 20:36:13
2789,Super5317,user2789@example.com,alexa,US,2024-08-31 01:38:22,0,2024-12-26 06:52:10
2790,Super1516,user2790@example.com,google_home,Australia,2024-11-16 02:27:00,1,2024-12-30 19:53:22
2791,Lucky7116,user2791@example.com,alexa,UK,2024-10-16 12:27:35,0,2024-12-17 08:59:18
2792,Smart9781,user2792@example.com,alexa,UK,2024-10-22 13:41:19,0,2024-12-30 17:41:19
2793,Master108,user2793@example.com,mobile_ios,US,2024-04-04 02:11:30,0,2024-12-09 19:23:35
2794,Voice8228,user2794@example.com,alexa,Australia,2024-03-22 00:32:34,1,2024-12-14 06:11:27
2795,Smart9464,user2795@example.com,alexa,Australia,2024-06-06 02:40:06,0,2024-08-25 06:35:54
2796,Pro8815,user2796@example.com,google_home,UK,2024-11-13 14:41:31,1,2024-12-31 09:37:41
2797,Smart1315,user2797@example.com,alexa,UK,2024-09-24 17:16:42,0,2024-12-28 11:24:04
2798,Brain2260,user2798@example.com,google_home,US,2024-02-10 21:54:57,0,2024-12-15 10:21:45
2799,Master9024,user2799@example.com,google_home,US,2024-08-23 12:20:48,0,2024-12-28 04:46:45
2800,Happy3426,user2800@example.com,alexa,US,2024-04-16 22:58:21,0,2024-12-03 11:42:50
2801,Smart605,user2801@example.com,mobile_android,Canada,2024-06-17 11:14:30,0,2024-07-02 02:42:55
2802,Brain3920,user2802@example.com,alexa,US,2024-11-22 12:11:32,1,2024-12-02 13:15:33
2803,Player5819,user2803@example.com,google_home,US,2024-02-05 12:48:53,0,2024-12-31 01:54:10
2804,Pro4754,user2804@example.com,google_home,Australia,2024-10-15 23:18:17,1,2024-12-31 20:16:03
2805,Pro6582,user2805@example.com,alexa,UK,2024-08-03 20:26:05,0,2024-12-07 08:17:40
2806,Happy9478,user2806@example.com,google_home,UK,2024-09-11 14:35:48,0,2024-11-26 17:12:29
2807,Smart6418,user2807@example.com,mobile_android,US,2024-02-15 15:17:02,0,2024-12-25 15:47:26
2808,Gamer477,user2808@example.com,google_home,US,2024-05-11 12:02:15,0,2024-10-07 22:58:17
2809,Gamer9747,user2809@example.com,mobile_ios,Brazil,2024-08-28 07:15:06,0,2024-12-30 13:15:09
2810,Pro7331,user2810@example.com,alexa,India,2024-11-11 06:47:21,0,2024-12-29 19:56:21
2811,Cool3749,user2811@example.com,alexa,US,2024-07-02 05:00:03,0,2024-12-26 03:40:18
2812,Brain6129,user2812@example.com,alexa,US,2024-08-26 00:17:22,0,2024-12-30 12:18:46
2813,Epic5010,user2813@example.com,alexa,US,2024-07-30 07:30:49,0,2024-11-21 17:29:31
2814,Lucky6546,user2814@example.com,alexa,US,2024-05-28 19:05:49,0,2024-12-27 19:02:42
2815,Lucky4388,user2815@example.com,mobile_android,Japan,2024-05-06 10:52:09,0,2024-12-18 02:48:32
2816,Fun1295,user2816@example.com,mobile_ios,US,2024-04-23 11:11:30,1,2024-12-08 17:11:56
2817,Quick4072,user2817@example.com,mobile_ios,Japan,2024-10-18 21:58:19,0,2024-12-29 09:24:25
2818,Happy3809,user2818@example.com,google_home,US,2024-10-23 16:24:59,0,2024-12-18 10:29:34
2819,Brain2493,user2819@example.com,alexa,UK,2024-01-09 19:08:40,0,2024-03-29 04:31:12
2820,Master3680,user2820@example.com,mobile_android,Canada,2024-03-06 22:02:36,0,2024-12-24 23:59:04
2821,Fun1734,user2821@example.com,alexa,US,2024-09-24 21:12:47,1,2024-12-31 13:50:04
2822,Trivia1102,user2822@example.com,mobile_ios,US,2024-10-19 16:13:18,0,2024-12-31 14:55:26
2823,Lucky5037,user2823@example.com,mobile_android,UK,2024-01-23 17:26:14,0,2024-12-01 16:40:04
2824,Super5616,user2824@example.com,google_home,UK,2024-11-18 15:01:46,0,2024-12-29 15:40:59
2825,Quick266,user2825@example.com,alexa,US,2024-03-05 01:21:27,0,2024-12-29 12:41:45
2826,Voice2531,user2826@example.com,mobile_ios,US,2024-06-04 13:53:24,1,2024-10-31 18:48:39
2827,Super1847,user2827@example.com,alexa,US,2024-01-15 05:08:58,0,2024-10-16 12:24:48
2828,Cool5936,user2828@example.com,google_home,UK,2024-08-24 12:08:08,0,2024-12-19 19:34:25
2829,Master137,user2829@example.com,google_home,US,2024-10-25 12:17:01,0,2024-12-07 13:53:18
2830,Smart1226,user2830@example.com,alexa,US,2024-10-20 22:11:26,0,2024-10-25 12:18:06
2831,Cool6455,user2831@example.com,alexa,US,2024-05-12 11:54:54,0,2024-12-31 01:20:00
2832,Gamer3453,user2832@example.com,alexa,US,2024-10-08 13:30:25,0,2024-12-13 00:16:57
2833,Gamer4174,user2833@example.com,alexa,UK,2024-03-21 04:56:30,0,2024-12-29 00:18:13
2834,Quiz406,user2834@example.com,alexa,Canada,2024-07-27 07:34:11,0,2024-09-30 22:31:01
2835,Cool8951,user2835@example.com,mobile_ios,US,2024-07-31 18:21:57,0,2024-11-13 04:47:11
2836,Trivia9423,user2836@example.com,mobile_android,US,2024-11-29 11:25:29,0,2024-12-30 11:51:33
2837,Voice8083,user2837@example.com,google_home,US,2024-01-26 05:34:12,0,2024-12-24 14:18:38
2838,Happy3505,user2838@example.com,mobile_ios,US,2024-04-06 01:22:00,0,2024-12-09 10:46:30
2839,Brain2753,user2839@example.com,mobile_ios,Canada,2024-07-06 01:42:31,0,2024-12-27 18:15:56
2840,Brain7447,user2840@example.com,mobile_ios,Australia,2024-07-19 12:19:06,0,2024-12-30 06:54:58
2841,Smart2286,user2841@example.com,google_home,US,2024-03-22 07:14:39,0,2024-11-16 00:06:33
2842,Player2302,user2842@example.com,alexa,UK,2024-01-05 04:57:44,1,2024-11-09 19:44:15
2843,Quick459,user2843@example.com,alexa,US,2024-04-14 00:21:45,0,2024-07-27 15:36:01
2844,Epic7575,user2844@example.com,google_home,Germany,2024-02-04 04:28:22,0,2024-06-09 17:47:30
2845,Master5791,user2845@example.com,mobile_ios,US,2024-08-06 05:10:11,0,
2846,Fun6165,user2846@example.com,alexa,US,2024-01-30 06:19:08,0,2024-12-29 23:06:07
2847,Fun8089,user2847@example.com,alexa,US,2024-04-28 21:10:47,0,2024-12-04 04:09:34
2848,Trivia8950,user2848@example.com,alexa,US,2024-03-08 01:41:56,0,2024-12-17 16:35:17
2849,Voice7541,user2849@example.com,mobile_ios,Brazil,2024-10-24 00:35:47,0,2024-12-18 02:57:04
2850,Gamer6216,user2850@example.com,alexa,Germany,2024-03-08 10:39:21,0,2024-12-22 13:21:06
2851,Pro1764,user2851@example.com,mobile_ios,UK,2024-05-12 19:53:46,0,2024-11-07 07:27:47
2852,Fun6881,user2852@example.com,alexa,Germany,2024-09-10 11:41:29,0,2024-12-10 12:33:30
2853,Gamer6429,user2853@example.com,google_home,UK,2024-04-03 09:36:04,0,2024-12-07 16:53:12
2854,Master2530,user2854@example.com,alexa,France,2024-08-13 05:36:36,1,2024-12-16 03:09:49
2855,Gamer9683,user2855@example.com,mobile_ios,US,2024-03-20 11:31:44,0,2024-11-24 10:06:20
2856,Fun8408,user2856@example.com,mobile_ios,US,2024-09-30 10:15:29,0,2024-12-22 19:15:53
2857,Smart7495,user2857@example.com,google_home,Japan,2024-05-07 22:50:08,0,2024-12-24 04:16:55
2858,Voice1508,user2858@example.com,mobile_android,US,2024-02-21 04:43:58,0,2024-08-06 13:16:09
2859,Quick5779,user2859@example.com,mobile_android,UK,2024-09-19 01:31:40,0,2024-12-14 11:31:38
2860,Voice7545,user2860@example.com,mobile_android,France,2024-11-10 01:49:13,0,2024-12-29 10:47:39
2861,Quick9901,user2861@example.com,alexa,US,2024-01-19 22:54:40,0,2024-12-16 08:18:39
2862,Super3019,user2862@example.com,google_home,Australia,2024-11-12 09:10:06,0,2024-12-23 09:38:18
2863,Quiz2928,user2863@example.com,alexa,India,2024-02-26 17:59:08,0,2024-10-21 16:19:53
2864,Quick9235,user2864@example.com,google_home,US,2024-05-10 09:05:38,0,2024-12-30 12:34:16
2865,Trivia1951,user2865@example.com,google_home,US,2024-05-28 05:26:55,0,2024-12-26 13:25:21
2866,Cool3251,user2866@example.com,mobile_android,Australia,2024-05-13 21:31:17,1,2024-12-28 04:23:07
2867,Smart4849,user2867@example.com,alexa,US,2024-10-03 07:07:04,0,2024-12-29 13:54:49
2868,Master8432,user2868@example.com,google_home,Japan,2024-01-10 11:05:41,1,2024-12-29 11:33:04
2869,Brain269,user2869@example.com,mobile_android,Canada,2024-08-25 00:45:27,0,2024-12-22 04:06:03
2870,Voice5231,user2870@example.com,alexa,Canada,2024-09-16 12:43:11,0,2024-12-27 10:10:29
2871,Cool7098,user2871@example.com,mobile_ios,US,2024-11-15 06:36:50,0,2024-12-08 08:02:25
2872,Epic3920,user2872@example.com,alexa,UK,2024-11-02 11:31:28,0,2024-12-28 20:20:44
2873,Brain5976,user2873@example.com,google_home,US,2024-06-12 06:12:27,1,2024-10-08 01:47:24
2874,Voice2422,user2874@example.com,mobile_ios,US,2024-07-23 12:43:02,0,2024-12-18 03:06:08
2875,Trivia9807,user2875@example.com,alexa,US,2024-10-20 05:44:25,0,2024-12-30 04:18:14
2876,Gamer2584,user2876@example.com,google_home,US,2024-07-29 07:57:01,0,2024-12-22 12:11:17
2877,Quick7241,user2877@example.com,alexa,Canada,2024-10-24 14:38:40,0,2024-12-04 05:38:26
2878,Brain4960,user2878@example.com,mobile_ios,Brazil,2024-11-26 14:52:36,1,2024-12-25 10:18:34
2879,Lucky4346,user2879@example.com,mobile_ios,US,2024-07-12 02:46:01,0,2024-12-14 06:26:33
2880,Smart3454,user2880@example.com,mobile_ios,US,2024-06-22 03:32:06,0,2024-11-10 13:20:09
2881,Fun9502,user2881@example.com,google_home,France,2024-01-21 01:35:15,0,2024-12-12 07:12:26
2882,Voice2996,user2882@example.com,mobile_android,US,2024-03-21 02:20:19,0,2024-12-27 13:33:21
2883,Happy8478,user2883@example.com,mobile_ios,India,2024-02-09 13:32:53,0,2024-12-25 23:08:02
2884,Epic9003,user2884@example.com,google_home,UK,2024-10-02 05:35:39,0,2024-12-03 16:47:19
2885,Quiz8797,user2885@example.com,alexa,UK,2024-01-05 03:47:09,1,2024-11-22 19:09:31
2886,Trivia115,user2886@example.com,alexa,US,2024-06-07 11:07:34,0,2024-12-09 14:54:14
2887,Pro8692,user2887@example.com,google_home,France,2024-09-14 18:07:31,0,2024-12-28 18:09:24
2888,Cool4716,user2888@example.com,mobile_android,US,2024-07-17 23:13:18,0,2024-12-18 21:00:46
2889,Epic2218,user2889@example.com,alexa,Canada,2024-03-01 21:41:31,1,2024-12-24 18:22:51
2890,Trivia3033,user2890@example.com,alexa,US,2024-03-13 15:52:42,0,2024-12-25 00:38:38
2891,Happy2772,user2891@example.com,mobile_ios,UK,2024-02-02 01:39:20,0,2024-06-18 16:27:58
2892,Master8473,user2892@example.com,mobile_android,UK,2024-02-27 10:14:44,0,2024-03-01 10:26:28
2893,Master7415,user2893@example.com,alexa,Australia,2024-02-27 03:16:42,0,2024-12-01 05:24:21
2894,Fun9526,user2894@example.com,mobile_ios,US,2024-10-31 22:19:02,0,2024-12-30 09:34:17
2895,Player1034,user2895@example.com,alexa,US,2024-04-11 04:02:15,0,2024-11-06 03:14:09
2896,Gamer188,user2896@example.com,alexa,US,2024-03-27 00:04:39,0,2024-11-06 12:41:51
2897,Cool3189,user2897@example.com,mobile_android,US,2024-06-21 07:02:28,0,2024-12-31 07:02:45
2898,Fun4102,user2898@example.com,mobile_android,India,2024-06-16 06:32:02,0,2024-12-24 14:45:17
2899,Brain6947,user2899@example.com,mobile_ios,Canada,2024-01-01 12:56:07,0,2024-12-23 20:45:32
2900,Gamer1077,user2900@example.com,google_home,UK,2024-10-16 22:15:45,0,2024-12-22 11:03:45
2901,Quick3821,user2901@example.com,alexa,UK,2024-08-22 15:52:46,0,2024-12-04 03:52:05
2902,Cool3439,user2902@example.com,alexa,UK,2024-09-13 22:11:17,0,2024-12-28 05:20:58
2903,Lucky1968,user2903@example.com,mobile_android,Brazil,2024-02-12 18:24:37,0,
2904,Cool7552,user2904@example.com,alexa,US,2024-07-25 06:26:44,0,2024-11-15 21:23:17
2905,Voice3210,user2905@example.com,alexa,UK,2024-02-25 00:01:47,0,2024-12-26 02:50:12
2906,Trivia1724,user2906@example.com,mobile_ios,France,2024-04-25 22:09:53,0,2024-12-18 19:07:36
2907,Brain7654,user2907@example.com,mobile_ios,Australia,2024-04-24 12:43:07,1,2024-12-23 09:28:27
2908,Player6752,user2908@example.com,mobile_android,UK,2024-09-01 11:50:46,0,2024-12-30 07:09:27
2909,Epic6165,user2909@example.com,mobile_ios,US,2024-11-29 01:34:54,0,2024-12-29 15:02:30
2910,Quiz4464,user2910@example.com,alexa,US,2024-10-02 19:01:44,1,2024-12-29 13:18:38
2911,Epic2013,user2911@example.com,google_home,UK,2024-11-06 16:11:13,1,2024-12-19 12:44:58
2912,Quick8964,user2912@example.com,mobile_ios,US,2024-10-30 15:15:19,0,2024-12-30 15:56:44
2913,Cool6274,user2913@example.com,google_home,Brazil,2024-01-09 05:29:09,0,2024-12-29 13:11:47
2914,Super9516,user2914@example.com,mobile_ios,US,2024-07-15 06:13:09,0,2024-12-27 09:16:51
2915,Brain5726,user2915@example.com,alexa,Canada,2024-06-06 22:27:17,0,2024-12-28 23:24:35
2916,Player7380,user2916@example.com,mobile_ios,India,2024-11-17 23:10:22,0,2024-12-31 05:04:52
2917,Pro4492,user2917@example.com,mobile_ios,US,2024-11-07 00:49:05,0,2024-12-30 22:55:24
2918,Happy1131,user2918@example.com,mobile_ios,UK,2024-08-04 21:29:27,0,2024-12-25 17:49:46
2919,Player9164,user2919@example.com,mobile_ios,UK,2024-01-12 20:28:39,0,2024-12-27 18:35:44
2920,Super9454,user2920@example.com,alexa,US,2024-09-11 09:16:51,0,2024-12-29 14:09:34
2921,Happy1943,user2921@example.com,google_home,US,2024-04-09 22:08:46,0,2024-09-26 16:32:18
2922,Lucky3479,user2922@example.com,google_home,UK,2024-09-22 22:56:04,0,2024-12-31 20:39:35
2923,Happy9672,user2923@example.com,google_home,US,2024-02-24 13:51:54,0,2024-11-27 00:15:08
2924,Cool262,user2924@example.com,alexa,US,2024-11-05 06:04:05,0,2024-12-29 19:49:29
2925,Cool2386,user2925@example.com,mobile_android,US,2024-01-17 05:58:19,0,2024-12-30 13:56:32
2926,Gamer396,user2926@example.com,mobile_ios,US,2024-10-10 21:54:42,0,2024-12-26 17:30:44
2927,Quiz3728,user2927@example.com,alexa,France,2024-05-09 13:03:18,0,2024-12-27 14:35:45
2928,Lucky8004,user2928@example.com,alexa,Germany,2024-04-07 01:29:53,0,2024-11-24 10:16:47
2929,Master4391,user2929@example.com,mobile_ios,Australia,2024-11-12 21:39:48,1,2024-12-28 16:56:08
2930,Quick338,user2930@example.com,alexa,Brazil,2024-06-26 15:08:45,0,2024-12-11 23:10:43
2931,Player3587,user2931@example.com,alexa,US,2024-01-07 01:43:12,0,2024-12-09 17:17:21
2932,Super3430,user2932@example.com,alexa,Brazil,2024-07-25 03:42:26,0,2024-12-26 19:38:14
2933,Fun9362,user2933@example.com,alexa,US,2024-05-29 03:32:05,0,2024-11-18 09:31:31
2934,Pro9430,user2934@example.com,alexa,Australia,2024-05-30 15:43:42,0,2024-12-15 07:31:44
2935,Quiz8796,user2935@example.com,google_home,US,2024-01-10 23:47:52,0,2024-07-31 14:47:35
2936,Quiz3443,user2936@example.com,google_home,India,2024-01-18 01:08:13,1,2024-12-11 06:50:09
2937,Happy5064,user2937@example.com,mobile_android,US,2024-04-28 09:52:50,0,2024-12-30 08:23:04
2938,Master4593,user2938@example.com,mobile_ios,Brazil,2024-01-23 14:19:23,0,2024-12-29 18:14:12
2939,Brain5029,user2939@example.com,mobile_android,US,2024-07-24 13:37:30,0,2024-11-01 19:09:28
2940,Lucky5739,user2940@example.com,mobile_ios,US,2024-03-05 04:15:13,0,2024-10-25 20:54:46
2941,Brain3118,user2941@example.com,mobile_android,US,2024-06-10 15:29:27,0,2024-12-04 22:14:30
2942,Smart4931,user2942@example.com,google_home,US,2024-06-18 08:35:21,0,2024-12-30 16:08:34
2943,Happy8966,user2943@example.com,alexa,Germany,2024-09-02 14:09:20,0,2024-12-31 06:45:12
2944,Epic5445,user2944@example.com,alexa,France,2024-04-24 21:52:25,0,
2945,Lucky200,user2945@example.com,google_home,US,2024-09-30 08:12:00,1,2024-12-30 13:30:21
2946,Smart1765,user2946@example.com,alexa,Germany,2024-06-19 12:39:33,0,2024-12-25 07:58:13
2947,Quick6561,user2947@example.com,alexa,US,2024-01-29 00:07:15,1,2024-08-13 16:06:04
2948,Quick2445,user2948@example.com,mobile_ios,UK,2024-02-04 17:11:45,0,2024-12-25 01:25:37
2949,Quick5777,user2949@example.com,google_home,Australia,2024-05-18 19:31:03,0,2024-12-29 19:55:22
2950,Brain9675,user2950@example.com,mobile_ios,US,2024-06-15 06:13:29,0,2024-12-14 03:28:20
2951,Quiz6753,user2951@example.com,alexa,UK,2024-03-12 11:22:56,0,2024-11-09 11:39:33
2952,Pro1190,user2952@example.com,alexa,India,2024-11-10 03:03:34,0,2024-12-29 15:31:13
2953,Super5154,user2953@example.com,google_home,US,2024-11-22 01:43:01,0,2024-12-31 00:15:01
2954,Quick6098,user2954@example.com,mobile_ios,US,2024-05-17 17:10:15,1,2024-12-26 16:17:47
2955,Happy1937,user2955@example.com,mobile_ios,France,2024-08-12 19:15:27,1,2024-12-20 19:43:39
2956,Pro3367,user2956@example.com,alexa,France,2024-10-24 10:55:58,0,2024-12-26 17:21:38
2957,Quick8100,user2957@example.com,google_home,US,2024-01-19 12:08:15,0,2024-09-12 16:28:20
2958,Epic1462,user2958@example.com,mobile_android,US,2024-09-28 07:55:43,0,2024-12-28 01:15:28
2959,Brain7097,user2959@example.com,mobile_android,UK,2024-11-25 18:58:30,0,2024-12-31 18:23:12
2960,Voice5877,user2960@example.com,mobile_ios,UK,2024-03-30 20:16:23,0,2024-12-08 14:38:03
2961,Epic3113,user2961@example.com,alexa,US,2024-01-05 10:23:07,0,2024-12-30 02:05:00
2962,Epic5452,user2962@example.com,mobile_ios,US,2024-08-15 11:07:52,0,2024-08-16 01:12:25
2963,Gamer1763,user2963@example.com,google_home,France,2024-04-25 17:34:19,0,2024-12-30 20:53:26
2964,Happy4674,user2964@example.com,mobile_android,UK,2024-09-01 06:50:40,0,2024-12-15 21:19:26
2965,Brain9807,user2965@example.com,mobile_ios,UK,2024-08-14 13:47:43,1,2024-12-23 17:28:18
2966,Smart6588,user2966@example.com,alexa,Canada,2024-06-07 08:10:23,0,2024-07-25 06:53:09
2967,Epic4392,user2967@example.com,mobile_android,US,2024-07-11 22:54:18,0,2024-12-09 04:31:41
2968,Player705,user2968@example.com,alexa,UK,2024-10-21 21:19:46,0,2024-12-23 08:30:07
2969,Player8804,user2969@example.com,mobile_android,France,2024-09-02 08:17:48,0,
2970,Quiz1492,user2970@example.com,google_home,US,2024-06-23 05:57:39,0,2024-12-25 10:16:50
2971,Happy6487,user2971@example.com,alexa,Japan,2024-05-27 06:11:48,0,2024-11-19 16:42:25
2972,Pro9649,user2972@example.com,google_home,US,2024-06-01 22:32:46,0,2024-12-10 08:54:27
2973,Lucky9455,user2973@example.com,alexa,UK,2024-07-08 17:51:01,0,2024-12-30 22:27:41
2974,Gamer3035,user2974@example.com,alexa,US,2024-02-26 21:33:58,0,2024-12-13 08:20:18
2975,Voice2355,user2975@example.com,alexa,UK,2024-10-02 22:10:49,0,2024-11-20 19:06:11
2976,Pro335,user2976@example.com,mobile_android,Australia,2024-08-19 02:59:01,0,2024-09-22 17:55:54
2977,Quiz4456,user2977@example.com,mobile_ios,US,2024-05-14 11:58:07,0,2024-11-20 17:34:07
2978,Cool8674,user2978@example.com,alexa,US,2024-03-22 19:02:40,0,2024-12-17 23:44:12
2979,Lucky7217,user2979@example.com,mobile_ios,US,2024-01-16 07:38:34,1,2024-12-09 11:25:54
2980,Master8927,user2980@example.com,alexa,Japan,2024-05-05 22:12:01,0,2024-08-05 10:21:40
2981,Brain1826,user2981@example.com,google_home,UK,2024-01-06 00:49:30,0,2024-07-25 12:13:38
2982,Epic7029,user2982@example.com,google_home,US,2024-03-16 20:23:56,0,2024-12-18 17:19:24
2983,Lucky8367,user2983@example.com,google_home,US,2024-02-15 22:51:53,0,2024-12-28 17:09:49
2984,Smart2173,user2984@example.com,mobile_ios,US,2024-01-07 11:35:35,0,2024-12-08 03:04:17
2985,Quick9676,user2985@example.com,alexa,US,2024-03-03 20:57:34,0,2024-11-23 20:43:33
2986,Master5136,user2986@example.com,alexa,France,2024-03-05 20:52:50,0,2024-11-12 05:02:26
2987,Gamer9503,user2987@example.com,alexa,UK,2024-05-04 15:31:54,0,2024-10-10 16:33:13
2988,Quiz799,user2988@example.com,alexa,US,2024-02-21 18:17:15,1,2024-12-29 11:22:13
2989,Smart6661,user2989@example.com,alexa,US,2024-04-18 16:47:09,0,2024-12-20 22:36:39
2990,Smart6311,user2990@example.com,mobile_ios,US,2024-09-28 18:03:56,0,2024-12-31 14:41:38
2991,Cool9411,user2991@example.com,alexa,US,2024-04-21 12:41:42,0,2024-12-13 15:04:11
2992,Lucky9021,user2992@example.com,alexa,France,2024-01-31 00:15:32,0,2024-12-13 21:43:10
2993,Super4882,user2993@example.com,google_home,US,2024-08-08 03:17:22,0,2024-12-10 14:09:19
2994,Quick9681,user2994@example.com,google_home,US,2024-07-16 13:40:27,0,2024-12-19 12:43:54
2995,Cool4854,user2995@example.com,alexa,Brazil,2024-02-29 03:41:12,0,2024-11-08 08:04:50
2996,Quick7825,user2996@example.com,google_home,UK,2024-03-09 18:29:52,0,2024-12-29 14:44:10
2997,Epic6296,user2997@example.com,google_home,US,2024-10-05 21:38:42,0,2024-12-29 19:24:11
2998,Voice6288,user2998@example.com,mobile_ios,US,2024-03-31 18:58:39,0,2024-11-28 01:59:39
2999,Gamer1817,user2999@example.com,mobile_ios,Canada,2024-07-30 02:47:12,0,2024-12-21 22:51:05
3000,Smart5584,user3000@example.com,google_home,Germany,2024-06-14 23:06:19,0,2024-12-28 22:26:19
