id,user_id,url,upload_ts
1,183,https://nextagram.com/photos/183/57319709.jpg,2024-04-26 02:47:22
2,333,https://nextagram.com/photos/333/46850196.jpg,2024-06-03 10:50:09
3,347,https://nextagram.com/photos/347/17698469.jpg,2024-06-03 06:01:25
4,38,https://nextagram.com/photos/38/64520614.jpg,2024-05-10 01:37:17
5,193,https://nextagram.com/photos/193/14179623.jpg,2024-04-04 10:42:52
6,76,https://nextagram.com/photos/76/14670638.jpg,2024-06-16 06:59:56
7,67,https://nextagram.com/photos/67/96592295.jpg,2024-04-18 19:29:41
8,194,https://nextagram.com/photos/194/86134287.jpg,2024-05-11 19:05:01
9,16,https://nextagram.com/photos/16/70387584.jpg,2024-02-17 20:18:02
10,477,https://nextagram.com/photos/477/69584522.jpg,2024-05-09 17:25:39
11,391,https://nextagram.com/photos/391/28481124.jpg,2024-05-20 20:06:12
12,290,https://nextagram.com/photos/290/52196099.jpg,2024-05-09 18:38:53
13,355,https://nextagram.com/photos/355/25226815.jpg,2024-05-10 00:28:54
14,12,https://nextagram.com/photos/12/76980546.jpg,2024-02-07 10:19:59
15,280,https://nextagram.com/photos/280/85386435.jpg,2024-06-26 06:13:55
16,64,https://nextagram.com/photos/64/69897763.jpg,2024-05-29 09:14:21
17,105,https://nextagram.com/photos/105/48329479.jpg,2024-06-25 01:45:29
18,367,https://nextagram.com/photos/367/36867482.jpg,2024-05-19 21:01:25
19,67,https://nextagram.com/photos/67/70672142.jpg,2024-03-18 08:47:03
20,82,https://nextagram.com/photos/82/21783073.jpg,2024-05-10 02:32:01
21,419,https://nextagram.com/photos/419/99635939.jpg,2024-06-08 22:42:26
22,180,https://nextagram.com/photos/180/83819367.jpg,2024-03-31 17:31:58
23,298,https://nextagram.com/photos/298/31139996.jpg,2024-04-03 14:20:03
24,377,https://nextagram.com/photos/377/95590648.jpg,2024-06-05 07:43:43
25,82,https://nextagram.com/photos/82/78284040.jpg,2024-04-23 20:50:27
26,111,https://nextagram.com/photos/111/28639738.jpg,2024-05-31 15:33:37
27,119,https://nextagram.com/photos/119/13527782.jpg,2024-04-17 00:23:12
28,191,https://nextagram.com/photos/191/59514418.jpg,2024-06-16 14:02:57
29,250,https://nextagram.com/photos/250/92134318.jpg,2024-05-22 12:33:56
30,448,https://nextagram.com/photos/448/51512297.jpg,2024-04-05 23:19:06
31,210,https://nextagram.com/photos/210/74245343.jpg,2024-05-28 05:31:26
32,287,https://nextagram.com/photos/287/87161840.jpg,2024-06-12 05:05:25
33,38,https://nextagram.com/photos/38/96213226.jpg,2024-03-08 20:03:13
34,38,https://nextagram.com/photos/38/79438885.jpg,2024-04-06 17:32:16
35,177,https://nextagram.com/photos/177/83994695.jpg,2024-06-24 21:13:07
36,347,https://nextagram.com/photos/347/27318510.jpg,2024-02-05 21:28:45
37,230,https://nextagram.com/photos/230/26664623.jpg,2024-04-16 15:33:15
38,281,https://nextagram.com/photos/281/32099899.jpg,2024-05-19 11:05:53
39,82,https://nextagram.com/photos/82/56442431.jpg,2024-03-28 10:55:58
40,476,https://nextagram.com/photos/476/48124318.jpg,2024-06-02 17:18:30
41,435,https://nextagram.com/photos/435/36347197.jpg,2024-06-06 05:09:34
42,344,https://nextagram.com/photos/344/46836194.jpg,2024-06-07 09:26:50
43,67,https://nextagram.com/photos/67/92467167.jpg,2024-05-01 18:56:29
44,292,https://nextagram.com/photos/292/96031876.jpg,2024-05-13 10:00:16
45,82,https://nextagram.com/photos/82/30695604.jpg,2024-06-05 10:10:26
46,82,https://nextagram.com/photos/82/91220369.jpg,2024-06-13 22:26:57
47,172,https://nextagram.com/photos/172/13808225.jpg,2024-05-12 04:58:01
48,41,https://nextagram.com/photos/41/87412924.jpg,2024-06-14 21:18:08
49,132,https://nextagram.com/photos/132/86790955.jpg,2024-02-25 01:30:48
50,222,https://nextagram.com/photos/222/14064904.jpg,2024-06-01 07:21:05
51,268,https://nextagram.com/photos/268/83226170.jpg,2024-06-01 21:21:09
52,139,https://nextagram.com/photos/139/74819756.jpg,2024-06-05 08:40:50
53,120,https://nextagram.com/photos/120/64504816.jpg,2024-06-18 03:17:44
54,143,https://nextagram.com/photos/143/18041391.jpg,2024-03-09 22:09:29
55,82,https://nextagram.com/photos/82/74995086.jpg,2024-05-04 09:06:10
56,247,https://nextagram.com/photos/247/91424562.jpg,2024-04-18 22:11:49
57,76,https://nextagram.com/photos/76/56354851.jpg,2024-05-24 05:05:16
58,486,https://nextagram.com/photos/486/59733063.jpg,2024-03-17 08:10:29
59,278,https://nextagram.com/photos/278/52831009.jpg,2024-05-12 03:35:16
60,120,https://nextagram.com/photos/120/45899440.jpg,2024-02-29 22:00:01
61,240,https://nextagram.com/photos/240/22993840.jpg,2024-04-18 23:32:52
62,23,https://nextagram.com/photos/23/92594562.jpg,2024-06-04 12:06:34
63,223,https://nextagram.com/photos/223/53947691.jpg,2024-05-04 01:54:27
64,468,https://nextagram.com/photos/468/35479101.jpg,2024-06-01 05:50:42
65,391,https://nextagram.com/photos/391/79085198.jpg,2024-05-13 11:48:42
66,249,https://nextagram.com/photos/249/51411602.jpg,2024-06-25 09:03:17
67,267,https://nextagram.com/photos/267/62780072.jpg,2024-02-17 02:48:44
68,272,https://nextagram.com/photos/272/38876195.jpg,2024-05-31 05:15:23
69,315,https://nextagram.com/photos/315/16783418.jpg,2024-03-11 18:19:24
70,135,https://nextagram.com/photos/135/97813295.jpg,2024-06-05 06:54:46
71,360,https://nextagram.com/photos/360/82033413.jpg,2024-03-20 16:12:50
72,7,https://nextagram.com/photos/7/67838146.jpg,2024-03-07 02:15:03
73,71,https://nextagram.com/photos/71/59093843.jpg,2024-06-04 00:04:10
74,392,https://nextagram.com/photos/392/16072331.jpg,2024-04-04 16:16:41
75,211,https://nextagram.com/photos/211/85405783.jpg,2024-06-23 02:35:44
76,92,https://nextagram.com/photos/92/19869264.jpg,2024-05-15 03:01:05
77,203,https://nextagram.com/photos/203/83800569.jpg,2024-06-23 23:03:10
78,135,https://nextagram.com/photos/135/92012822.jpg,2024-06-07 18:51:05
79,64,https://nextagram.com/photos/64/62868861.jpg,2024-05-13 12:00:16
80,197,https://nextagram.com/photos/197/84870921.jpg,2024-04-09 16:16:41
81,471,https://nextagram.com/photos/471/29363237.jpg,2024-06-27 21:38:31
82,96,https://nextagram.com/photos/96/63873262.jpg,2024-06-29 05:26:51
83,269,https://nextagram.com/photos/269/15222944.jpg,2024-04-23 22:51:11
84,73,https://nextagram.com/photos/73/73584863.jpg,2024-03-30 03:10:06
85,282,https://nextagram.com/photos/282/91370909.jpg,2024-04-06 09:12:01
86,454,https://nextagram.com/photos/454/54018830.jpg,2024-03-26 20:24:55
87,468,https://nextagram.com/photos/468/31810655.jpg,2024-06-01 19:23:43
88,208,https://nextagram.com/photos/208/50162553.jpg,2024-06-24 19:49:56
89,321,https://nextagram.com/photos/321/78412668.jpg,2024-04-28 01:44:41
90,292,https://nextagram.com/photos/292/85554415.jpg,2024-06-02 10:24:27
91,146,https://nextagram.com/photos/146/12232974.jpg,2024-06-26 09:12:33
92,194,https://nextagram.com/photos/194/65907088.jpg,2024-03-19 17:38:50
93,315,https://nextagram.com/photos/315/90115852.jpg,2024-03-07 11:44:41
94,256,https://nextagram.com/photos/256/87641510.jpg,2024-06-02 16:40:50
95,312,https://nextagram.com/photos/312/16892773.jpg,2024-06-20 13:02:00
96,315,https://nextagram.com/photos/315/80361272.jpg,2024-04-04 10:12:13
97,341,https://nextagram.com/photos/341/61028283.jpg,2024-06-28 16:21:11
98,80,https://nextagram.com/photos/80/14237322.jpg,2024-04-29 13:59:00
99,309,https://nextagram.com/photos/309/35606639.jpg,2024-03-21 20:10:24
100,11,https://nextagram.com/photos/11/66207740.jpg,2024-04-27 17:25:20
101,82,https://nextagram.com/photos/82/37365878.jpg,2024-06-26 18:07:47
102,216,https://nextagram.com/photos/216/18359252.jpg,2024-06-22 05:22:19
103,374,https://nextagram.com/photos/374/37828932.jpg,2024-06-22 15:55:50
104,305,https://nextagram.com/photos/305/74205866.jpg,2024-06-05 18:51:17
105,287,https://nextagram.com/photos/287/33244151.jpg,2024-06-02 22:08:15
106,245,https://nextagram.com/photos/245/83319550.jpg,2024-05-27 21:08:24
107,186,https://nextagram.com/photos/186/96343485.jpg,2024-06-19 21:25:09
108,416,https://nextagram.com/photos/416/91883092.jpg,2024-06-12 11:18:12
109,261,https://nextagram.com/photos/261/47447604.jpg,2024-05-09 18:29:48
110,305,https://nextagram.com/photos/305/49945150.jpg,2024-04-24 07:43:57
111,394,https://nextagram.com/photos/394/37820354.jpg,2024-06-16 16:10:19
112,366,https://nextagram.com/photos/366/52552488.jpg,2024-05-23 14:43:06
113,260,https://nextagram.com/photos/260/48626436.jpg,2024-05-06 18:15:38
114,66,https://nextagram.com/photos/66/82905845.jpg,2024-06-17 17:16:16
115,200,https://nextagram.com/photos/200/56323191.jpg,2024-04-27 11:10:36
116,480,https://nextagram.com/photos/480/48983895.jpg,2024-03-13 07:04:07
117,17,https://nextagram.com/photos/17/56488123.jpg,2024-03-26 02:16:07
118,468,https://nextagram.com/photos/468/74300930.jpg,2024-05-26 18:43:27
119,105,https://nextagram.com/photos/105/46390817.jpg,2024-06-21 12:21:30
120,468,https://nextagram.com/photos/468/28424464.jpg,2024-05-28 06:05:26
121,61,https://nextagram.com/photos/61/88763056.jpg,2024-06-24 18:09:19
122,120,https://nextagram.com/photos/120/99903592.jpg,2024-02-15 23:35:27
123,460,https://nextagram.com/photos/460/95623471.jpg,2024-06-04 14:20:04
124,117,https://nextagram.com/photos/117/65472370.jpg,2024-01-30 05:38:10
125,167,https://nextagram.com/photos/167/23494908.jpg,2024-05-23 13:57:59
126,364,https://nextagram.com/photos/364/10695441.jpg,2024-05-09 12:22:27
127,483,https://nextagram.com/photos/483/64614193.jpg,2024-02-03 09:55:27
128,356,https://nextagram.com/photos/356/74082055.jpg,2024-05-01 08:15:42
129,355,https://nextagram.com/photos/355/48553376.jpg,2024-06-28 04:14:41
130,160,https://nextagram.com/photos/160/17940667.jpg,2024-05-25 10:09:18
131,462,https://nextagram.com/photos/462/97550053.jpg,2024-06-04 00:26:38
132,310,https://nextagram.com/photos/310/15006085.jpg,2024-06-08 11:21:57
133,466,https://nextagram.com/photos/466/66087572.jpg,2024-06-06 13:38:16
134,447,https://nextagram.com/photos/447/14877451.jpg,2024-05-10 08:19:35
135,499,https://nextagram.com/photos/499/76489301.jpg,2024-06-03 13:22:57
136,88,https://nextagram.com/photos/88/15028625.jpg,2024-06-07 01:10:08
137,7,https://nextagram.com/photos/7/90904160.jpg,2024-06-04 12:10:20
138,61,https://nextagram.com/photos/61/48193218.jpg,2024-06-05 01:18:26
139,242,https://nextagram.com/photos/242/82920556.jpg,2024-06-28 20:06:44
140,286,https://nextagram.com/photos/286/77674279.jpg,2024-02-16 14:15:49
141,250,https://nextagram.com/photos/250/25119192.jpg,2024-05-28 15:27:36
142,167,https://nextagram.com/photos/167/97011385.jpg,2024-05-20 23:06:04
143,128,https://nextagram.com/photos/128/11890348.jpg,2024-05-28 03:37:59
144,390,https://nextagram.com/photos/390/86206305.jpg,2024-05-15 08:00:18
145,360,https://nextagram.com/photos/360/33554528.jpg,2024-03-02 16:43:36
146,331,https://nextagram.com/photos/331/64423996.jpg,2024-06-03 19:43:05
147,431,https://nextagram.com/photos/431/54013571.jpg,2024-06-13 14:48:40
148,46,https://nextagram.com/photos/46/22802372.jpg,2024-06-27 12:50:50
149,87,https://nextagram.com/photos/87/74082804.jpg,2024-04-23 12:47:25
150,162,https://nextagram.com/photos/162/10916723.jpg,2024-06-06 14:48:51
151,130,https://nextagram.com/photos/130/69959826.jpg,2024-06-02 08:06:26
152,390,https://nextagram.com/photos/390/50526484.jpg,2024-05-18 16:37:53
153,315,https://nextagram.com/photos/315/11534878.jpg,2024-06-21 13:21:43
154,130,https://nextagram.com/photos/130/41715995.jpg,2024-06-14 09:07:12
155,31,https://nextagram.com/photos/31/72464258.jpg,2024-02-06 20:43:38
156,150,https://nextagram.com/photos/150/77447155.jpg,2024-04-14 04:02:31
157,468,https://nextagram.com/photos/468/25759274.jpg,2024-06-01 01:47:52
158,347,https://nextagram.com/photos/347/59330907.jpg,2024-02-27 20:26:40
159,333,https://nextagram.com/photos/333/27927298.jpg,2024-05-23 23:23:48
160,258,https://nextagram.com/photos/258/91300905.jpg,2024-05-31 22:55:41
161,198,https://nextagram.com/photos/198/73193474.jpg,2024-06-14 03:08:46
162,390,https://nextagram.com/photos/390/39314711.jpg,2024-06-20 04:00:03
163,390,https://nextagram.com/photos/390/89968863.jpg,2024-06-21 17:51:37
164,441,https://nextagram.com/photos/441/80532309.jpg,2024-03-29 17:25:44
165,239,https://nextagram.com/photos/239/20482769.jpg,2024-05-31 00:41:16
166,467,https://nextagram.com/photos/467/18289024.jpg,2024-02-18 09:22:05
167,431,https://nextagram.com/photos/431/37133023.jpg,2024-06-13 03:24:03
168,309,https://nextagram.com/photos/309/32083803.jpg,2024-03-29 14:23:09
169,165,https://nextagram.com/photos/165/69302835.jpg,2024-06-14 14:03:49
170,64,https://nextagram.com/photos/64/88268756.jpg,2024-05-24 01:20:25
171,263,https://nextagram.com/photos/263/69791674.jpg,2024-06-03 08:08:07
172,419,https://nextagram.com/photos/419/27709269.jpg,2024-06-21 22:35:15
173,277,https://nextagram.com/photos/277/85686878.jpg,2024-04-13 12:00:15
174,27,https://nextagram.com/photos/27/51361818.jpg,2024-05-12 23:27:52
175,382,https://nextagram.com/photos/382/44152669.jpg,2024-05-05 22:31:07
176,424,https://nextagram.com/photos/424/39246218.jpg,2024-06-25 12:45:26
177,313,https://nextagram.com/photos/313/66867700.jpg,2024-03-09 09:01:56
178,177,https://nextagram.com/photos/177/82633735.jpg,2024-01-18 18:46:13
179,496,https://nextagram.com/photos/496/73360324.jpg,2024-02-02 07:36:00
180,16,https://nextagram.com/photos/16/34156684.jpg,2024-04-07 10:41:05
181,393,https://nextagram.com/photos/393/96688655.jpg,2024-06-29 13:24:32
182,483,https://nextagram.com/photos/483/61335545.jpg,2024-03-16 10:58:47
183,240,https://nextagram.com/photos/240/60418290.jpg,2024-06-03 22:16:15
184,40,https://nextagram.com/photos/40/82383656.jpg,2024-06-23 10:20:20
185,70,https://nextagram.com/photos/70/25922674.jpg,2024-05-23 23:26:14
186,83,https://nextagram.com/photos/83/62755436.jpg,2024-04-18 10:49:57
187,290,https://nextagram.com/photos/290/10466177.jpg,2024-04-05 17:29:11
188,390,https://nextagram.com/photos/390/72143331.jpg,2024-05-15 15:47:06
189,360,https://nextagram.com/photos/360/66925500.jpg,2024-05-09 21:49:45
190,291,https://nextagram.com/photos/291/43220503.jpg,2024-06-10 14:40:06
191,246,https://nextagram.com/photos/246/46997080.jpg,2024-05-30 05:22:20
192,89,https://nextagram.com/photos/89/25145751.jpg,2024-06-24 03:26:25
193,16,https://nextagram.com/photos/16/66269520.jpg,2024-05-26 05:58:16
194,333,https://nextagram.com/photos/333/12099943.jpg,2024-06-27 18:53:23
195,120,https://nextagram.com/photos/120/23542127.jpg,2024-02-19 04:36:19
196,321,https://nextagram.com/photos/321/90233330.jpg,2024-04-16 06:03:06
197,360,https://nextagram.com/photos/360/42847661.jpg,2024-02-03 15:22:41
198,390,https://nextagram.com/photos/390/68916591.jpg,2024-05-25 17:53:42
199,118,https://nextagram.com/photos/118/17575790.jpg,2024-04-28 18:43:35
200,73,https://nextagram.com/photos/73/41428626.jpg,2024-03-21 15:09:06
201,423,https://nextagram.com/photos/423/87324220.jpg,2024-06-22 04:40:07
202,159,https://nextagram.com/photos/159/53038943.jpg,2024-06-10 12:17:08
203,119,https://nextagram.com/photos/119/98612211.jpg,2024-02-08 21:43:11
204,283,https://nextagram.com/photos/283/50332555.jpg,2024-06-17 15:34:40
205,134,https://nextagram.com/photos/134/89412216.jpg,2024-05-02 08:54:50
206,445,https://nextagram.com/photos/445/94019376.jpg,2024-05-15 09:31:38
207,362,https://nextagram.com/photos/362/76521096.jpg,2024-06-09 20:12:39
208,21,https://nextagram.com/photos/21/96344420.jpg,2024-05-03 20:23:56
209,360,https://nextagram.com/photos/360/80392240.jpg,2024-06-25 18:38:41
210,159,https://nextagram.com/photos/159/64795619.jpg,2024-06-01 16:42:52
211,81,https://nextagram.com/photos/81/34679818.jpg,2024-05-04 06:17:36
212,390,https://nextagram.com/photos/390/42342202.jpg,2024-06-01 15:55:39
213,435,https://nextagram.com/photos/435/29374563.jpg,2024-06-08 15:33:59
214,417,https://nextagram.com/photos/417/85482164.jpg,2024-03-14 00:21:21
215,218,https://nextagram.com/photos/218/84797762.jpg,2024-06-12 11:23:31
216,291,https://nextagram.com/photos/291/42595918.jpg,2024-06-18 07:37:53
217,127,https://nextagram.com/photos/127/96799390.jpg,2024-04-24 19:23:35
218,40,https://nextagram.com/photos/40/59805178.jpg,2024-06-02 20:19:47
219,51,https://nextagram.com/photos/51/35566010.jpg,2024-06-20 19:22:46
220,23,https://nextagram.com/photos/23/91197624.jpg,2024-06-04 03:58:30
221,325,https://nextagram.com/photos/325/35254849.jpg,2024-04-24 13:26:21
222,416,https://nextagram.com/photos/416/85007641.jpg,2024-06-28 03:53:01
223,108,https://nextagram.com/photos/108/54689713.jpg,2024-03-13 13:45:29
224,147,https://nextagram.com/photos/147/38428357.jpg,2024-01-13 21:12:00
225,471,https://nextagram.com/photos/471/25745913.jpg,2024-06-27 05:55:30
226,390,https://nextagram.com/photos/390/74279671.jpg,2024-06-28 22:16:00
227,466,https://nextagram.com/photos/466/37449289.jpg,2024-06-27 09:51:05
228,210,https://nextagram.com/photos/210/84098828.jpg,2024-02-25 11:44:04
229,160,https://nextagram.com/photos/160/61091554.jpg,2024-03-15 23:12:15
230,249,https://nextagram.com/photos/249/58219001.jpg,2024-05-11 15:31:33
231,151,https://nextagram.com/photos/151/78829070.jpg,2024-04-30 18:08:06
232,447,https://nextagram.com/photos/447/23234972.jpg,2024-06-07 12:34:38
233,416,https://nextagram.com/photos/416/52980983.jpg,2024-06-22 10:17:42
234,466,https://nextagram.com/photos/466/51999682.jpg,2024-06-16 01:34:31
235,220,https://nextagram.com/photos/220/39698906.jpg,2024-04-29 00:35:22
236,390,https://nextagram.com/photos/390/45000508.jpg,2024-04-18 06:20:38
237,303,https://nextagram.com/photos/303/49620038.jpg,2024-06-09 01:08:49
238,82,https://nextagram.com/photos/82/40872577.jpg,2024-04-17 17:26:56
239,200,https://nextagram.com/photos/200/77015110.jpg,2024-03-29 13:42:25
240,301,https://nextagram.com/photos/301/55307111.jpg,2024-05-14 23:55:26
241,128,https://nextagram.com/photos/128/75581613.jpg,2024-06-27 23:55:10
242,483,https://nextagram.com/photos/483/75846624.jpg,2024-05-07 08:22:42
243,246,https://nextagram.com/photos/246/57268285.jpg,2024-06-27 06:23:03
244,82,https://nextagram.com/photos/82/75540707.jpg,2024-05-29 19:15:20
245,87,https://nextagram.com/photos/87/96142207.jpg,2024-06-01 12:24:41
246,481,https://nextagram.com/photos/481/19976458.jpg,2024-05-14 06:46:32
247,475,https://nextagram.com/photos/475/10856822.jpg,2024-03-21 12:06:46
248,218,https://nextagram.com/photos/218/19122502.jpg,2024-05-07 12:52:57
249,374,https://nextagram.com/photos/374/39356057.jpg,2024-05-04 04:36:44
250,272,https://nextagram.com/photos/272/18113477.jpg,2024-06-06 15:35:51
251,334,https://nextagram.com/photos/334/92747827.jpg,2024-06-07 11:36:48
252,466,https://nextagram.com/photos/466/12111482.jpg,2024-06-21 18:03:51
253,6,https://nextagram.com/photos/6/65208920.jpg,2024-04-22 22:42:37
254,7,https://nextagram.com/photos/7/46875077.jpg,2024-05-28 00:32:36
255,294,https://nextagram.com/photos/294/12300840.jpg,2024-03-13 12:56:37
256,270,https://nextagram.com/photos/270/34060788.jpg,2024-06-18 20:39:29
257,61,https://nextagram.com/photos/61/80381817.jpg,2024-05-24 11:10:07
258,80,https://nextagram.com/photos/80/93185576.jpg,2024-04-19 19:44:01
259,288,https://nextagram.com/photos/288/45879718.jpg,2024-04-08 13:48:19
260,409,https://nextagram.com/photos/409/60070135.jpg,2024-04-30 07:46:00
261,481,https://nextagram.com/photos/481/85833309.jpg,2024-06-24 13:30:10
262,120,https://nextagram.com/photos/120/40314047.jpg,2024-06-20 12:21:49
263,146,https://nextagram.com/photos/146/20820219.jpg,2024-06-27 13:54:04
264,357,https://nextagram.com/photos/357/97227356.jpg,2024-06-29 13:23:06
265,390,https://nextagram.com/photos/390/64395532.jpg,2024-04-25 18:25:15
266,200,https://nextagram.com/photos/200/73888323.jpg,2024-05-28 04:17:51
267,27,https://nextagram.com/photos/27/33002714.jpg,2024-03-30 00:03:55
268,43,https://nextagram.com/photos/43/96557984.jpg,2024-04-22 00:59:42
269,402,https://nextagram.com/photos/402/22799248.jpg,2024-06-11 00:37:22
270,454,https://nextagram.com/photos/454/40838737.jpg,2024-03-07 23:17:40
271,103,https://nextagram.com/photos/103/86072480.jpg,2024-06-02 11:34:55
272,257,https://nextagram.com/photos/257/19978827.jpg,2024-01-19 20:20:16
273,365,https://nextagram.com/photos/365/82884346.jpg,2024-06-05 06:50:03
274,306,https://nextagram.com/photos/306/34072553.jpg,2024-04-08 13:03:35
275,468,https://nextagram.com/photos/468/12101593.jpg,2024-06-01 09:58:08
276,483,https://nextagram.com/photos/483/29353063.jpg,2024-04-26 17:39:07
277,390,https://nextagram.com/photos/390/63458386.jpg,2024-06-24 21:17:12
278,468,https://nextagram.com/photos/468/31803703.jpg,2024-05-30 22:31:56
279,306,https://nextagram.com/photos/306/62231715.jpg,2024-05-30 08:53:24
280,361,https://nextagram.com/photos/361/54524025.jpg,2024-06-13 01:22:15
281,202,https://nextagram.com/photos/202/28783850.jpg,2024-06-11 03:43:59
282,407,https://nextagram.com/photos/407/77215278.jpg,2024-03-08 03:36:51
283,390,https://nextagram.com/photos/390/17207013.jpg,2024-05-20 06:27:35
284,55,https://nextagram.com/photos/55/20202996.jpg,2024-02-17 08:22:29
285,175,https://nextagram.com/photos/175/53805532.jpg,2024-06-12 02:54:23
286,15,https://nextagram.com/photos/15/70471823.jpg,2024-06-10 13:35:21
287,265,https://nextagram.com/photos/265/84227466.jpg,2024-06-10 03:29:48
288,473,https://nextagram.com/photos/473/34929311.jpg,2024-06-13 13:56:31
289,363,https://nextagram.com/photos/363/61012496.jpg,2024-06-09 01:43:46
290,45,https://nextagram.com/photos/45/49645162.jpg,2024-06-13 18:17:44
291,411,https://nextagram.com/photos/411/19865900.jpg,2024-06-12 07:51:27
292,42,https://nextagram.com/photos/42/61002735.jpg,2024-04-16 19:29:59
293,377,https://nextagram.com/photos/377/30706693.jpg,2024-05-23 10:39:46
294,390,https://nextagram.com/photos/390/58412365.jpg,2024-05-17 10:27:45
295,60,https://nextagram.com/photos/60/51374957.jpg,2024-03-29 15:36:40
296,238,https://nextagram.com/photos/238/23721268.jpg,2024-04-26 16:13:17
297,70,https://nextagram.com/photos/70/67845091.jpg,2024-05-08 09:43:45
298,240,https://nextagram.com/photos/240/23863742.jpg,2024-06-09 20:38:03
299,12,https://nextagram.com/photos/12/84386123.jpg,2024-03-11 00:38:47
300,51,https://nextagram.com/photos/51/53544301.jpg,2024-05-27 05:39:21
301,440,https://nextagram.com/photos/440/49171088.jpg,2024-01-14 08:02:45
302,219,https://nextagram.com/photos/219/21368176.jpg,2024-06-21 23:58:54
303,382,https://nextagram.com/photos/382/42580349.jpg,2024-06-06 16:53:35
304,309,https://nextagram.com/photos/309/61100987.jpg,2024-04-02 10:20:13
305,82,https://nextagram.com/photos/82/50417154.jpg,2024-04-05 21:25:06
306,133,https://nextagram.com/photos/133/18491573.jpg,2024-05-14 19:51:52
307,82,https://nextagram.com/photos/82/66519399.jpg,2024-04-07 06:14:26
308,146,https://nextagram.com/photos/146/20324210.jpg,2024-06-23 04:07:19
309,191,https://nextagram.com/photos/191/93890601.jpg,2024-05-31 18:35:45
310,267,https://nextagram.com/photos/267/36246038.jpg,2024-05-29 09:02:16
311,244,https://nextagram.com/photos/244/50890504.jpg,2024-03-25 08:03:45
312,6,https://nextagram.com/photos/6/54589439.jpg,2024-03-23 15:55:23
313,435,https://nextagram.com/photos/435/54230340.jpg,2024-06-12 11:47:13
314,235,https://nextagram.com/photos/235/97380687.jpg,2024-05-08 13:34:24
315,486,https://nextagram.com/photos/486/50323741.jpg,2024-03-18 09:08:47
316,159,https://nextagram.com/photos/159/36957830.jpg,2024-06-27 11:19:15
317,259,https://nextagram.com/photos/259/63450811.jpg,2024-04-08 00:03:40
318,483,https://nextagram.com/photos/483/94946730.jpg,2024-02-29 08:06:44
319,265,https://nextagram.com/photos/265/53739710.jpg,2024-05-30 03:17:10
320,199,https://nextagram.com/photos/199/62738860.jpg,2024-06-07 16:01:54
321,193,https://nextagram.com/photos/193/36816708.jpg,2024-06-21 20:51:22
322,320,https://nextagram.com/photos/320/34149421.jpg,2024-06-03 21:23:34
323,364,https://nextagram.com/photos/364/13612618.jpg,2024-06-18 13:52:36
324,479,https://nextagram.com/photos/479/38138531.jpg,2024-04-14 07:14:08
325,234,https://nextagram.com/photos/234/19282319.jpg,2024-04-28 16:39:22
326,426,https://nextagram.com/photos/426/64914054.jpg,2024-06-17 10:59:58
327,360,https://nextagram.com/photos/360/95004924.jpg,2024-02-21 05:09:06
328,147,https://nextagram.com/photos/147/98404247.jpg,2024-02-28 23:19:19
329,82,https://nextagram.com/photos/82/60598851.jpg,2024-05-05 20:05:04
330,38,https://nextagram.com/photos/38/74321792.jpg,2024-05-02 09:10:17
331,315,https://nextagram.com/photos/315/77996397.jpg,2024-06-14 01:53:33
332,468,https://nextagram.com/photos/468/82966824.jpg,2024-06-11 11:52:40
333,16,https://nextagram.com/photos/16/82062301.jpg,2024-03-28 20:45:20
334,321,https://nextagram.com/photos/321/24679315.jpg,2024-02-06 01:31:48
335,393,https://nextagram.com/photos/393/32325574.jpg,2024-06-01 17:46:40
336,353,https://nextagram.com/photos/353/85594147.jpg,2024-05-05 17:12:00
337,489,https://nextagram.com/photos/489/96804457.jpg,2024-05-16 10:52:15
338,211,https://nextagram.com/photos/211/67774765.jpg,2024-05-30 22:25:09
339,60,https://nextagram.com/photos/60/44727276.jpg,2024-04-07 17:16:31
340,110,https://nextagram.com/photos/110/84892608.jpg,2024-06-05 04:07:49
341,314,https://nextagram.com/photos/314/39666377.jpg,2024-05-15 04:05:17
342,239,https://nextagram.com/photos/239/72151291.jpg,2024-06-05 17:27:56
343,395,https://nextagram.com/photos/395/77171380.jpg,2024-04-26 23:45:19
344,82,https://nextagram.com/photos/82/74796438.jpg,2024-02-18 10:38:07
345,58,https://nextagram.com/photos/58/21523236.jpg,2024-06-13 21:23:28
346,64,https://nextagram.com/photos/64/56751880.jpg,2024-05-17 20:50:50
347,153,https://nextagram.com/photos/153/37765262.jpg,2024-04-20 04:22:25
348,283,https://nextagram.com/photos/283/73909453.jpg,2024-06-11 07:30:40
349,55,https://nextagram.com/photos/55/70726434.jpg,2024-05-22 11:14:27
350,159,https://nextagram.com/photos/159/15997257.jpg,2024-05-27 01:29:38
351,419,https://nextagram.com/photos/419/13031322.jpg,2024-05-20 02:10:55
352,435,https://nextagram.com/photos/435/24678410.jpg,2024-06-25 12:07:22
353,361,https://nextagram.com/photos/361/42737441.jpg,2024-04-01 00:06:47
354,279,https://nextagram.com/photos/279/31493051.jpg,2024-06-11 05:10:36
355,167,https://nextagram.com/photos/167/72015859.jpg,2024-05-14 15:25:48
356,117,https://nextagram.com/photos/117/94524999.jpg,2024-03-29 10:20:16
357,87,https://nextagram.com/photos/87/98222374.jpg,2024-06-11 01:33:54
358,229,https://nextagram.com/photos/229/92424037.jpg,2024-05-06 16:44:25
359,447,https://nextagram.com/photos/447/89484162.jpg,2024-06-05 22:17:41
360,228,https://nextagram.com/photos/228/38829445.jpg,2024-02-21 05:39:31
361,101,https://nextagram.com/photos/101/87490324.jpg,2024-03-07 06:40:57
362,57,https://nextagram.com/photos/57/35093324.jpg,2024-06-20 21:51:54
363,193,https://nextagram.com/photos/193/71411378.jpg,2024-04-11 15:33:18
364,63,https://nextagram.com/photos/63/75697427.jpg,2024-05-30 22:36:19
365,289,https://nextagram.com/photos/289/52064387.jpg,2024-06-22 13:20:57
366,324,https://nextagram.com/photos/324/62686364.jpg,2024-06-21 00:17:13
367,317,https://nextagram.com/photos/317/57242616.jpg,2024-04-13 13:18:24
368,435,https://nextagram.com/photos/435/33156250.jpg,2024-06-24 00:27:46
369,422,https://nextagram.com/photos/422/49922369.jpg,2024-06-05 14:52:37
370,468,https://nextagram.com/photos/468/21375216.jpg,2024-06-28 04:21:31
371,360,https://nextagram.com/photos/360/25819123.jpg,2024-03-26 00:04:52
372,120,https://nextagram.com/photos/120/34567819.jpg,2024-02-28 20:01:42
373,197,https://nextagram.com/photos/197/78561753.jpg,2024-03-02 06:48:16
374,205,https://nextagram.com/photos/205/87149161.jpg,2024-05-21 08:43:15
375,201,https://nextagram.com/photos/201/75319770.jpg,2024-05-15 21:05:06
376,344,https://nextagram.com/photos/344/33251181.jpg,2024-06-25 17:28:12
377,305,https://nextagram.com/photos/305/48766747.jpg,2024-05-20 00:42:11
378,73,https://nextagram.com/photos/73/70532325.jpg,2024-03-26 13:08:07
379,334,https://nextagram.com/photos/334/11286267.jpg,2024-04-08 17:33:17
380,261,https://nextagram.com/photos/261/61532114.jpg,2024-04-29 18:59:56
381,483,https://nextagram.com/photos/483/97653539.jpg,2024-04-10 21:22:38
382,267,https://nextagram.com/photos/267/75998330.jpg,2024-06-11 14:04:14
383,221,https://nextagram.com/photos/221/75592138.jpg,2024-04-19 19:04:15
384,82,https://nextagram.com/photos/82/14142053.jpg,2024-06-02 11:06:36
385,409,https://nextagram.com/photos/409/49203644.jpg,2024-05-14 01:30:34
386,16,https://nextagram.com/photos/16/82156607.jpg,2024-03-02 17:04:23
387,139,https://nextagram.com/photos/139/85920319.jpg,2024-06-20 10:23:10
388,390,https://nextagram.com/photos/390/83782999.jpg,2024-06-03 18:42:45
389,276,https://nextagram.com/photos/276/45955440.jpg,2024-04-09 05:47:06
390,396,https://nextagram.com/photos/396/59239353.jpg,2024-06-27 00:09:43
391,298,https://nextagram.com/photos/298/69239219.jpg,2024-02-13 10:21:14
392,299,https://nextagram.com/photos/299/23746101.jpg,2024-05-28 16:27:30
393,390,https://nextagram.com/photos/390/43223132.jpg,2024-06-19 03:42:51
394,144,https://nextagram.com/photos/144/70362053.jpg,2024-05-20 22:51:58
395,131,https://nextagram.com/photos/131/21674661.jpg,2024-06-21 12:53:29
396,235,https://nextagram.com/photos/235/41802361.jpg,2024-03-08 17:48:53
397,103,https://nextagram.com/photos/103/88909809.jpg,2024-06-11 06:48:47
398,365,https://nextagram.com/photos/365/91907952.jpg,2024-06-26 04:15:52
399,343,https://nextagram.com/photos/343/92698414.jpg,2024-03-13 14:53:31
400,73,https://nextagram.com/photos/73/37775381.jpg,2024-03-05 14:00:13
401,417,https://nextagram.com/photos/417/57085656.jpg,2024-06-21 12:32:52
402,291,https://nextagram.com/photos/291/82312290.jpg,2024-06-28 10:28:48
403,82,https://nextagram.com/photos/82/49276764.jpg,2024-06-29 09:17:37
404,139,https://nextagram.com/photos/139/79043610.jpg,2024-06-01 23:42:17
405,491,https://nextagram.com/photos/491/28198434.jpg,2024-05-15 01:10:09
406,483,https://nextagram.com/photos/483/65243509.jpg,2024-06-04 07:27:04
407,468,https://nextagram.com/photos/468/98032908.jpg,2024-05-28 19:22:38
408,67,https://nextagram.com/photos/67/43511112.jpg,2024-03-29 18:03:39
409,79,https://nextagram.com/photos/79/43226234.jpg,2024-05-20 01:31:05
410,390,https://nextagram.com/photos/390/62707402.jpg,2024-06-21 08:17:22
411,264,https://nextagram.com/photos/264/94879557.jpg,2024-06-04 16:56:55
412,133,https://nextagram.com/photos/133/60354777.jpg,2024-06-09 21:01:33
413,242,https://nextagram.com/photos/242/22494970.jpg,2024-06-28 11:09:32
414,212,https://nextagram.com/photos/212/47342819.jpg,2024-06-10 06:33:33
415,367,https://nextagram.com/photos/367/71028216.jpg,2024-04-26 03:51:40
416,479,https://nextagram.com/photos/479/88108751.jpg,2024-03-19 05:11:55
417,2,https://nextagram.com/photos/2/71532017.jpg,2024-03-06 16:21:00
418,343,https://nextagram.com/photos/343/58079840.jpg,2024-06-24 18:57:49
419,435,https://nextagram.com/photos/435/63380520.jpg,2024-06-19 23:49:58
420,108,https://nextagram.com/photos/108/38434222.jpg,2024-04-25 10:32:47
421,267,https://nextagram.com/photos/267/48063218.jpg,2024-04-02 07:48:49
422,172,https://nextagram.com/photos/172/85986307.jpg,2024-05-20 21:17:02
423,435,https://nextagram.com/photos/435/16497381.jpg,2024-06-10 17:40:08
424,20,https://nextagram.com/photos/20/12185246.jpg,2024-06-11 18:54:15
425,67,https://nextagram.com/photos/67/69228397.jpg,2024-04-03 15:55:59
426,243,https://nextagram.com/photos/243/37154689.jpg,2024-05-14 04:43:52
427,498,https://nextagram.com/photos/498/97241147.jpg,2024-04-07 16:47:54
428,147,https://nextagram.com/photos/147/46778269.jpg,2024-06-28 16:50:53
429,52,https://nextagram.com/photos/52/43606680.jpg,2024-05-30 20:20:34
430,43,https://nextagram.com/photos/43/97095388.jpg,2024-06-05 19:39:54
431,82,https://nextagram.com/photos/82/93967184.jpg,2024-04-30 15:15:03
432,149,https://nextagram.com/photos/149/41426254.jpg,2024-05-16 13:09:24
433,228,https://nextagram.com/photos/228/22775337.jpg,2024-03-09 01:56:20
434,1,https://nextagram.com/photos/1/20460758.jpg,2024-04-07 11:38:19
435,70,https://nextagram.com/photos/70/79718627.jpg,2024-05-12 04:08:15
436,363,https://nextagram.com/photos/363/11082139.jpg,2024-04-06 19:53:33
437,368,https://nextagram.com/photos/368/66682016.jpg,2024-05-05 18:11:41
438,367,https://nextagram.com/photos/367/19506414.jpg,2024-05-17 06:06:34
439,115,https://nextagram.com/photos/115/23747542.jpg,2024-05-27 05:51:42
440,57,https://nextagram.com/photos/57/50165370.jpg,2024-06-12 16:35:04
441,73,https://nextagram.com/photos/73/27870584.jpg,2024-06-23 15:40:24
442,349,https://nextagram.com/photos/349/19182050.jpg,2024-03-25 08:06:36
443,291,https://nextagram.com/photos/291/91915661.jpg,2024-05-30 20:57:51
444,355,https://nextagram.com/photos/355/57135617.jpg,2024-05-28 12:21:01
445,382,https://nextagram.com/photos/382/30317091.jpg,2024-06-20 00:19:44
446,468,https://nextagram.com/photos/468/39158087.jpg,2024-06-13 19:59:44
447,46,https://nextagram.com/photos/46/28792245.jpg,2024-05-03 07:28:07
448,390,https://nextagram.com/photos/390/61543890.jpg,2024-06-12 22:21:20
449,183,https://nextagram.com/photos/183/52211967.jpg,2024-06-02 16:38:35
450,407,https://nextagram.com/photos/407/47173969.jpg,2024-04-10 00:52:58
451,351,https://nextagram.com/photos/351/84275638.jpg,2024-05-28 14:17:41
452,325,https://nextagram.com/photos/325/91549765.jpg,2024-06-26 12:18:35
453,137,https://nextagram.com/photos/137/13600310.jpg,2024-06-13 18:00:18
454,435,https://nextagram.com/photos/435/50486688.jpg,2024-06-26 00:16:52
455,101,https://nextagram.com/photos/101/78386961.jpg,2024-06-20 23:35:55
456,89,https://nextagram.com/photos/89/49666982.jpg,2024-05-22 18:51:29
457,352,https://nextagram.com/photos/352/42123815.jpg,2024-06-20 13:38:27
458,267,https://nextagram.com/photos/267/42357445.jpg,2024-02-21 12:34:35
459,269,https://nextagram.com/photos/269/19531069.jpg,2024-06-16 05:14:43
460,289,https://nextagram.com/photos/289/58465780.jpg,2024-05-23 02:47:34
461,468,https://nextagram.com/photos/468/61920550.jpg,2024-05-14 16:42:32
462,440,https://nextagram.com/photos/440/66487347.jpg,2024-05-01 07:22:44
463,193,https://nextagram.com/photos/193/73218512.jpg,2024-04-06 22:17:25
464,480,https://nextagram.com/photos/480/12240013.jpg,2024-02-28 00:36:25
465,317,https://nextagram.com/photos/317/45189912.jpg,2024-02-08 16:08:33
466,106,https://nextagram.com/photos/106/63415303.jpg,2024-03-31 16:49:55
467,273,https://nextagram.com/photos/273/77249653.jpg,2024-06-02 21:33:20
468,393,https://nextagram.com/photos/393/63992760.jpg,2024-06-08 09:32:57
469,43,https://nextagram.com/photos/43/82162880.jpg,2024-05-11 23:24:10
470,333,https://nextagram.com/photos/333/21220209.jpg,2024-05-26 19:22:01
471,152,https://nextagram.com/photos/152/30854365.jpg,2024-05-02 13:08:03
472,295,https://nextagram.com/photos/295/88710263.jpg,2024-05-08 05:10:07
473,343,https://nextagram.com/photos/343/96322745.jpg,2024-06-15 13:50:00
474,34,https://nextagram.com/photos/34/42029368.jpg,2024-06-07 16:13:22
475,27,https://nextagram.com/photos/27/68315400.jpg,2024-04-06 10:56:07
476,63,https://nextagram.com/photos/63/91716102.jpg,2024-05-19 14:25:12
477,25,https://nextagram.com/photos/25/26031369.jpg,2024-03-31 08:12:53
478,7,https://nextagram.com/photos/7/11523452.jpg,2024-03-12 20:43:53
479,82,https://nextagram.com/photos/82/80196591.jpg,2024-04-20 23:55:41
480,280,https://nextagram.com/photos/280/44795538.jpg,2024-06-21 20:10:04
481,82,https://nextagram.com/photos/82/46072958.jpg,2024-03-09 07:42:17
482,388,https://nextagram.com/photos/388/13940129.jpg,2024-05-12 22:42:28
483,171,https://nextagram.com/photos/171/46504617.jpg,2024-05-07 14:28:09
484,286,https://nextagram.com/photos/286/87396877.jpg,2024-03-12 14:16:51
485,341,https://nextagram.com/photos/341/71095611.jpg,2024-06-04 16:23:24
486,276,https://nextagram.com/photos/276/77056519.jpg,2024-03-28 19:54:30
487,439,https://nextagram.com/photos/439/59350218.jpg,2024-02-08 01:37:39
488,82,https://nextagram.com/photos/82/87029205.jpg,2024-03-04 15:44:12
489,360,https://nextagram.com/photos/360/40655922.jpg,2024-02-16 14:01:24
490,390,https://nextagram.com/photos/390/15910667.jpg,2024-04-16 22:32:02
491,438,https://nextagram.com/photos/438/42823140.jpg,2024-02-04 17:34:56
492,21,https://nextagram.com/photos/21/61402634.jpg,2024-05-07 15:33:47
493,468,https://nextagram.com/photos/468/14746418.jpg,2024-05-19 06:10:33
494,303,https://nextagram.com/photos/303/40133935.jpg,2024-06-09 09:29:41
495,160,https://nextagram.com/photos/160/52940967.jpg,2024-04-10 19:56:56
496,134,https://nextagram.com/photos/134/86710258.jpg,2024-01-30 09:23:58
497,197,https://nextagram.com/photos/197/17069536.jpg,2024-05-11 07:42:23
498,84,https://nextagram.com/photos/84/16164431.jpg,2024-05-24 21:05:37
499,480,https://nextagram.com/photos/480/72423883.jpg,2024-02-27 05:39:39
500,440,https://nextagram.com/photos/440/51701149.jpg,2024-06-10 03:26:01
501,165,https://nextagram.com/photos/165/71303434.jpg,2024-06-20 22:41:20
502,7,https://nextagram.com/photos/7/49137230.jpg,2024-03-25 04:28:25
503,306,https://nextagram.com/photos/306/93579731.jpg,2024-05-04 20:33:11
504,120,https://nextagram.com/photos/120/89415412.jpg,2024-04-17 15:17:11
505,484,https://nextagram.com/photos/484/36229153.jpg,2024-06-23 01:36:13
506,388,https://nextagram.com/photos/388/42900372.jpg,2024-06-23 13:11:28
507,82,https://nextagram.com/photos/82/13209180.jpg,2024-05-03 07:04:19
508,117,https://nextagram.com/photos/117/95354668.jpg,2024-03-18 01:07:53
509,435,https://nextagram.com/photos/435/54965270.jpg,2024-05-25 12:21:43
510,1,https://nextagram.com/photos/1/60502752.jpg,2024-05-12 12:48:58
511,435,https://nextagram.com/photos/435/51273379.jpg,2024-06-29 08:27:00
512,58,https://nextagram.com/photos/58/41966313.jpg,2024-06-24 22:39:20
513,225,https://nextagram.com/photos/225/29109045.jpg,2024-05-22 14:50:32
514,377,https://nextagram.com/photos/377/15892193.jpg,2024-02-08 10:00:22
515,468,https://nextagram.com/photos/468/65439545.jpg,2024-06-21 08:17:36
516,371,https://nextagram.com/photos/371/71533194.jpg,2024-04-16 09:23:10
517,486,https://nextagram.com/photos/486/87949714.jpg,2024-03-08 10:26:04
518,53,https://nextagram.com/photos/53/95525640.jpg,2024-04-10 01:41:39
519,427,https://nextagram.com/photos/427/89442904.jpg,2024-03-21 07:32:41
520,309,https://nextagram.com/photos/309/98911718.jpg,2024-05-23 23:11:25
521,483,https://nextagram.com/photos/483/49148093.jpg,2024-02-18 17:18:06
522,130,https://nextagram.com/photos/130/62741214.jpg,2024-06-10 01:19:37
523,371,https://nextagram.com/photos/371/53788744.jpg,2024-06-25 20:26:25
524,158,https://nextagram.com/photos/158/41354768.jpg,2024-03-01 14:19:46
525,38,https://nextagram.com/photos/38/28268622.jpg,2024-02-15 15:18:25
526,399,https://nextagram.com/photos/399/24626086.jpg,2024-06-19 06:06:37
527,82,https://nextagram.com/photos/82/70339827.jpg,2024-03-16 14:12:29
528,248,https://nextagram.com/photos/248/26205010.jpg,2024-05-11 23:27:22
529,295,https://nextagram.com/photos/295/37868462.jpg,2024-06-14 01:42:47
530,242,https://nextagram.com/photos/242/45568761.jpg,2024-06-20 04:46:01
531,435,https://nextagram.com/photos/435/31154777.jpg,2024-05-29 10:31:52
532,419,https://nextagram.com/photos/419/90973889.jpg,2024-06-07 10:53:10
533,16,https://nextagram.com/photos/16/53995720.jpg,2024-06-29 08:55:07
534,80,https://nextagram.com/photos/80/57746984.jpg,2024-04-30 18:02:56
535,210,https://nextagram.com/photos/210/50109721.jpg,2024-01-19 12:29:52
536,130,https://nextagram.com/photos/130/14171767.jpg,2024-05-27 08:26:39
537,479,https://nextagram.com/photos/479/70693413.jpg,2024-06-29 14:39:03
538,305,https://nextagram.com/photos/305/43534652.jpg,2024-05-25 21:37:44
539,53,https://nextagram.com/photos/53/28762704.jpg,2024-04-03 22:23:50
540,66,https://nextagram.com/photos/66/39835008.jpg,2024-04-19 00:19:36
541,69,https://nextagram.com/photos/69/59961172.jpg,2024-05-04 07:46:30
542,365,https://nextagram.com/photos/365/21279580.jpg,2024-06-22 23:17:18
543,315,https://nextagram.com/photos/315/20064609.jpg,2024-04-21 13:45:05
544,11,https://nextagram.com/photos/11/36541600.jpg,2024-04-03 12:41:47
545,458,https://nextagram.com/photos/458/27286109.jpg,2024-06-19 21:50:34
546,50,https://nextagram.com/photos/50/54499873.jpg,2024-06-27 09:41:22
547,67,https://nextagram.com/photos/67/16796477.jpg,2024-06-01 12:04:07
548,82,https://nextagram.com/photos/82/68137264.jpg,2024-06-04 02:39:34
549,428,https://nextagram.com/photos/428/76588957.jpg,2024-06-02 22:14:01
550,14,https://nextagram.com/photos/14/33193791.jpg,2024-05-16 20:22:21
551,186,https://nextagram.com/photos/186/35118997.jpg,2024-06-26 12:14:14
552,134,https://nextagram.com/photos/134/29948970.jpg,2024-04-10 20:59:00
553,16,https://nextagram.com/photos/16/92809273.jpg,2024-05-18 06:47:55
554,120,https://nextagram.com/photos/120/76960098.jpg,2024-04-03 10:17:48
555,218,https://nextagram.com/photos/218/18184472.jpg,2024-06-24 14:46:14
556,48,https://nextagram.com/photos/48/28419506.jpg,2024-04-11 06:39:11
557,224,https://nextagram.com/photos/224/80573568.jpg,2024-06-26 21:27:52
558,122,https://nextagram.com/photos/122/61338023.jpg,2024-03-23 05:44:47
559,400,https://nextagram.com/photos/400/74382155.jpg,2024-05-02 20:50:09
560,299,https://nextagram.com/photos/299/56175477.jpg,2024-06-09 05:51:50
561,466,https://nextagram.com/photos/466/53165014.jpg,2024-06-22 11:00:12
562,205,https://nextagram.com/photos/205/13498112.jpg,2024-05-25 10:28:05
563,159,https://nextagram.com/photos/159/13933043.jpg,2024-05-23 02:50:17
564,455,https://nextagram.com/photos/455/47706144.jpg,2024-06-18 11:02:18
565,28,https://nextagram.com/photos/28/81059199.jpg,2024-05-03 05:13:52
566,188,https://nextagram.com/photos/188/31424479.jpg,2024-04-25 23:08:42
567,56,https://nextagram.com/photos/56/42366980.jpg,2024-05-29 20:03:35
568,133,https://nextagram.com/photos/133/39448924.jpg,2024-05-06 02:05:17
569,312,https://nextagram.com/photos/312/62133188.jpg,2024-06-24 05:34:07
570,186,https://nextagram.com/photos/186/33315234.jpg,2024-06-23 03:45:03
571,82,https://nextagram.com/photos/82/52681823.jpg,2024-06-07 17:30:22
572,417,https://nextagram.com/photos/417/89398174.jpg,2024-05-11 11:51:34
573,14,https://nextagram.com/photos/14/86188876.jpg,2024-05-02 06:55:54
574,306,https://nextagram.com/photos/306/35264294.jpg,2024-05-30 00:31:54
575,433,https://nextagram.com/photos/433/76065552.jpg,2024-06-19 16:36:24
576,298,https://nextagram.com/photos/298/75825262.jpg,2024-03-10 10:35:19
577,16,https://nextagram.com/photos/16/41222178.jpg,2024-01-29 22:59:19
578,325,https://nextagram.com/photos/325/80658723.jpg,2024-04-19 10:16:30
579,258,https://nextagram.com/photos/258/92427773.jpg,2024-05-08 00:33:58
580,98,https://nextagram.com/photos/98/55735904.jpg,2024-05-27 18:45:08
581,379,https://nextagram.com/photos/379/17993466.jpg,2024-04-28 20:13:31
582,11,https://nextagram.com/photos/11/29012298.jpg,2024-05-24 05:21:51
583,396,https://nextagram.com/photos/396/58974686.jpg,2024-04-30 08:05:52
584,482,https://nextagram.com/photos/482/98870866.jpg,2024-05-23 14:41:40
585,210,https://nextagram.com/photos/210/55172462.jpg,2024-01-29 15:12:55
586,147,https://nextagram.com/photos/147/31139813.jpg,2024-02-06 09:39:03
587,388,https://nextagram.com/photos/388/95800828.jpg,2024-06-12 21:35:34
588,482,https://nextagram.com/photos/482/33381086.jpg,2024-05-12 16:16:59
589,374,https://nextagram.com/photos/374/92370625.jpg,2024-06-26 20:48:47
590,404,https://nextagram.com/photos/404/99326148.jpg,2024-06-04 19:03:55
591,318,https://nextagram.com/photos/318/60785855.jpg,2024-05-31 23:26:47
592,150,https://nextagram.com/photos/150/49529438.jpg,2024-06-08 03:17:56
593,67,https://nextagram.com/photos/67/86884584.jpg,2024-03-04 08:03:19
594,208,https://nextagram.com/photos/208/14346338.jpg,2024-06-22 10:43:21
595,86,https://nextagram.com/photos/86/92058189.jpg,2024-06-02 11:39:06
596,109,https://nextagram.com/photos/109/76596831.jpg,2024-04-06 01:41:09
597,74,https://nextagram.com/photos/74/20443030.jpg,2024-06-13 16:45:08
598,119,https://nextagram.com/photos/119/32533467.jpg,2024-03-14 03:08:33
599,345,https://nextagram.com/photos/345/99929175.jpg,2024-02-17 18:25:55
600,347,https://nextagram.com/photos/347/55063530.jpg,2024-06-21 17:34:28
601,239,https://nextagram.com/photos/239/38143348.jpg,2024-05-12 06:37:40
602,122,https://nextagram.com/photos/122/57040785.jpg,2024-04-01 14:40:36
603,128,https://nextagram.com/photos/128/10171954.jpg,2024-05-24 08:33:53
604,21,https://nextagram.com/photos/21/66324902.jpg,2024-05-22 01:33:48
605,483,https://nextagram.com/photos/483/65568711.jpg,2024-06-23 12:10:35
606,266,https://nextagram.com/photos/266/57141449.jpg,2024-03-20 14:32:18
607,299,https://nextagram.com/photos/299/74355957.jpg,2024-03-26 19:47:06
608,406,https://nextagram.com/photos/406/97371655.jpg,2024-06-27 06:52:01
609,390,https://nextagram.com/photos/390/31831387.jpg,2024-05-08 14:11:41
610,242,https://nextagram.com/photos/242/49581964.jpg,2024-05-30 07:51:28
611,11,https://nextagram.com/photos/11/24055958.jpg,2024-04-22 14:56:14
612,38,https://nextagram.com/photos/38/60393104.jpg,2024-02-09 07:20:43
613,82,https://nextagram.com/photos/82/83423305.jpg,2024-02-28 05:42:06
614,474,https://nextagram.com/photos/474/55358959.jpg,2024-02-13 18:48:30
615,321,https://nextagram.com/photos/321/74791834.jpg,2024-05-18 17:16:38
616,373,https://nextagram.com/photos/373/97729428.jpg,2024-04-29 00:54:46
617,82,https://nextagram.com/photos/82/31086112.jpg,2024-05-07 23:41:08
618,24,https://nextagram.com/photos/24/37588517.jpg,2024-06-09 14:12:59
619,486,https://nextagram.com/photos/486/84371711.jpg,2024-05-10 10:08:34
620,382,https://nextagram.com/photos/382/45603234.jpg,2024-06-02 22:25:51
621,359,https://nextagram.com/photos/359/41883191.jpg,2024-05-19 10:41:26
622,53,https://nextagram.com/photos/53/86741644.jpg,2024-05-30 10:31:54
623,300,https://nextagram.com/photos/300/30614492.jpg,2024-06-09 00:44:57
624,25,https://nextagram.com/photos/25/67392300.jpg,2024-02-26 23:25:38
625,47,https://nextagram.com/photos/47/36799898.jpg,2024-06-19 20:50:01
626,54,https://nextagram.com/photos/54/32928708.jpg,2024-05-02 21:05:12
627,346,https://nextagram.com/photos/346/73561576.jpg,2024-04-25 04:23:42
628,435,https://nextagram.com/photos/435/63347164.jpg,2024-06-09 00:26:27
629,253,https://nextagram.com/photos/253/98723294.jpg,2024-06-28 01:06:13
630,132,https://nextagram.com/photos/132/83031359.jpg,2024-05-18 18:23:21
631,204,https://nextagram.com/photos/204/61196706.jpg,2024-05-07 22:44:51
632,195,https://nextagram.com/photos/195/15988382.jpg,2024-05-03 20:30:10
633,131,https://nextagram.com/photos/131/45353058.jpg,2024-05-13 23:29:03
634,113,https://nextagram.com/photos/113/85731895.jpg,2024-03-23 05:59:41
635,30,https://nextagram.com/photos/30/99586100.jpg,2024-06-21 20:08:12
636,54,https://nextagram.com/photos/54/56142898.jpg,2024-06-16 15:43:59
637,419,https://nextagram.com/photos/419/89151743.jpg,2024-06-18 02:40:21
638,114,https://nextagram.com/photos/114/61956500.jpg,2024-02-24 03:45:51
639,426,https://nextagram.com/photos/426/81875527.jpg,2024-05-11 20:28:05
640,365,https://nextagram.com/photos/365/86868410.jpg,2024-06-14 17:23:11
641,447,https://nextagram.com/photos/447/50111251.jpg,2024-06-08 12:28:50
642,40,https://nextagram.com/photos/40/14661179.jpg,2024-06-28 12:42:12
643,270,https://nextagram.com/photos/270/86703472.jpg,2024-06-23 01:08:24
644,361,https://nextagram.com/photos/361/29790089.jpg,2024-06-28 12:50:59
645,65,https://nextagram.com/photos/65/33203422.jpg,2024-06-08 20:14:29
646,478,https://nextagram.com/photos/478/38439415.jpg,2024-04-08 06:34:17
647,419,https://nextagram.com/photos/419/15727862.jpg,2024-05-21 04:02:54
648,225,https://nextagram.com/photos/225/68437492.jpg,2024-06-21 20:57:29
649,99,https://nextagram.com/photos/99/29847882.jpg,2024-06-07 18:31:24
650,431,https://nextagram.com/photos/431/52916049.jpg,2024-06-01 02:55:30
651,466,https://nextagram.com/photos/466/21680625.jpg,2024-06-01 07:44:50
652,204,https://nextagram.com/photos/204/84095459.jpg,2024-05-10 12:06:41
653,164,https://nextagram.com/photos/164/79751366.jpg,2024-02-28 11:42:06
654,244,https://nextagram.com/photos/244/93625419.jpg,2024-03-01 10:15:18
655,317,https://nextagram.com/photos/317/25102023.jpg,2024-04-27 11:18:34
656,220,https://nextagram.com/photos/220/86046949.jpg,2024-02-08 13:41:43
657,317,https://nextagram.com/photos/317/24178065.jpg,2024-02-25 10:50:42
658,305,https://nextagram.com/photos/305/48398732.jpg,2024-04-12 07:04:45
659,440,https://nextagram.com/photos/440/65148727.jpg,2024-03-18 17:04:51
660,132,https://nextagram.com/photos/132/75174087.jpg,2024-05-21 06:36:25
661,309,https://nextagram.com/photos/309/15028557.jpg,2024-05-31 08:34:49
662,82,https://nextagram.com/photos/82/29307578.jpg,2024-05-01 22:09:36
663,334,https://nextagram.com/photos/334/63917932.jpg,2024-06-10 05:07:44
664,16,https://nextagram.com/photos/16/41887353.jpg,2024-03-23 10:06:04
665,22,https://nextagram.com/photos/22/46048781.jpg,2024-06-11 13:01:06
666,456,https://nextagram.com/photos/456/55347617.jpg,2024-03-19 00:34:42
667,425,https://nextagram.com/photos/425/51734908.jpg,2024-06-05 14:40:16
668,135,https://nextagram.com/photos/135/23182514.jpg,2024-05-26 00:08:56
669,485,https://nextagram.com/photos/485/28036919.jpg,2024-06-01 19:47:12
670,146,https://nextagram.com/photos/146/69473299.jpg,2024-06-19 09:22:42
671,396,https://nextagram.com/photos/396/46160937.jpg,2024-03-21 10:44:27
672,384,https://nextagram.com/photos/384/96644900.jpg,2024-04-27 17:46:16
673,48,https://nextagram.com/photos/48/38372352.jpg,2024-04-22 16:13:15
674,466,https://nextagram.com/photos/466/75023164.jpg,2024-06-17 20:03:38
675,390,https://nextagram.com/photos/390/17543817.jpg,2024-05-22 23:49:22
676,278,https://nextagram.com/photos/278/18806960.jpg,2024-05-17 06:35:38
677,153,https://nextagram.com/photos/153/64141437.jpg,2024-04-30 04:12:25
678,72,https://nextagram.com/photos/72/86325904.jpg,2024-06-22 04:30:01
679,14,https://nextagram.com/photos/14/36941091.jpg,2024-04-01 10:19:00
680,434,https://nextagram.com/photos/434/14438720.jpg,2024-05-25 01:12:37
681,243,https://nextagram.com/photos/243/36724061.jpg,2024-05-07 15:37:17
682,134,https://nextagram.com/photos/134/72306347.jpg,2024-06-23 04:14:12
683,272,https://nextagram.com/photos/272/26625933.jpg,2024-06-19 09:05:35
684,364,https://nextagram.com/photos/364/59991642.jpg,2024-05-19 15:48:33
685,263,https://nextagram.com/photos/263/33834879.jpg,2024-05-28 02:22:15
686,482,https://nextagram.com/photos/482/88769733.jpg,2024-06-12 05:20:56
687,302,https://nextagram.com/photos/302/31946425.jpg,2024-03-24 12:18:06
688,434,https://nextagram.com/photos/434/22132198.jpg,2024-05-25 11:53:37
689,138,https://nextagram.com/photos/138/16664050.jpg,2024-06-04 10:06:54
690,82,https://nextagram.com/photos/82/38765353.jpg,2024-06-03 19:04:52
691,437,https://nextagram.com/photos/437/40214026.jpg,2024-06-17 03:37:16
692,361,https://nextagram.com/photos/361/97454571.jpg,2024-04-21 08:11:16
693,216,https://nextagram.com/photos/216/11194267.jpg,2024-05-09 09:10:37
694,256,https://nextagram.com/photos/256/96888739.jpg,2024-02-22 02:02:01
695,82,https://nextagram.com/photos/82/40033905.jpg,2024-02-15 07:36:32
696,125,https://nextagram.com/photos/125/96267144.jpg,2024-05-20 18:16:29
697,134,https://nextagram.com/photos/134/56802956.jpg,2024-03-28 08:55:19
698,245,https://nextagram.com/photos/245/72639147.jpg,2024-05-03 18:42:30
699,147,https://nextagram.com/photos/147/93698993.jpg,2024-04-21 00:05:18
700,210,https://nextagram.com/photos/210/10986174.jpg,2024-01-29 21:10:49
701,276,https://nextagram.com/photos/276/85357498.jpg,2024-05-29 17:34:50
702,353,https://nextagram.com/photos/353/47940248.jpg,2024-06-29 13:10:15
703,144,https://nextagram.com/photos/144/74657836.jpg,2024-05-24 15:15:57
704,32,https://nextagram.com/photos/32/95979171.jpg,2024-03-27 23:04:09
705,164,https://nextagram.com/photos/164/45050544.jpg,2024-02-28 14:53:24
706,357,https://nextagram.com/photos/357/50103064.jpg,2024-05-20 09:50:51
707,89,https://nextagram.com/photos/89/42252798.jpg,2024-06-03 23:23:37
708,457,https://nextagram.com/photos/457/64237172.jpg,2024-06-18 21:59:47
709,359,https://nextagram.com/photos/359/28781020.jpg,2024-06-25 15:58:22
710,382,https://nextagram.com/photos/382/76756250.jpg,2024-06-25 07:39:06
711,499,https://nextagram.com/photos/499/66178935.jpg,2024-05-27 21:06:14
712,213,https://nextagram.com/photos/213/88252116.jpg,2024-04-25 06:07:12
713,375,https://nextagram.com/photos/375/35489981.jpg,2024-05-26 20:21:44
714,176,https://nextagram.com/photos/176/81757508.jpg,2024-06-02 13:55:39
715,346,https://nextagram.com/photos/346/58116670.jpg,2024-06-02 10:00:49
716,274,https://nextagram.com/photos/274/98263548.jpg,2024-05-08 21:57:49
717,443,https://nextagram.com/photos/443/49431028.jpg,2024-05-07 12:29:34
718,55,https://nextagram.com/photos/55/44715663.jpg,2024-01-28 02:46:05
719,382,https://nextagram.com/photos/382/34571018.jpg,2024-06-06 14:32:24
720,475,https://nextagram.com/photos/475/97836731.jpg,2024-05-16 06:10:48
721,48,https://nextagram.com/photos/48/39974566.jpg,2024-04-05 21:24:47
722,390,https://nextagram.com/photos/390/66434872.jpg,2024-05-16 12:06:33
723,405,https://nextagram.com/photos/405/59886371.jpg,2024-04-28 00:27:21
724,130,https://nextagram.com/photos/130/72244897.jpg,2024-06-08 00:29:30
725,435,https://nextagram.com/photos/435/17204398.jpg,2024-06-16 21:23:53
726,440,https://nextagram.com/photos/440/87888306.jpg,2024-05-04 06:11:21
727,475,https://nextagram.com/photos/475/73380252.jpg,2024-03-25 21:54:31
728,452,https://nextagram.com/photos/452/26081422.jpg,2024-06-04 07:33:12
729,440,https://nextagram.com/photos/440/81113720.jpg,2024-03-26 01:14:30
730,144,https://nextagram.com/photos/144/30237141.jpg,2024-05-22 00:18:06
731,73,https://nextagram.com/photos/73/55992373.jpg,2024-03-04 08:32:10
732,216,https://nextagram.com/photos/216/29223220.jpg,2024-06-20 20:40:13
733,157,https://nextagram.com/photos/157/34207075.jpg,2024-05-27 03:11:35
734,399,https://nextagram.com/photos/399/54644768.jpg,2024-05-31 09:27:53
735,342,https://nextagram.com/photos/342/52065724.jpg,2024-06-01 08:04:52
736,343,https://nextagram.com/photos/343/70673557.jpg,2024-02-11 07:19:41
737,134,https://nextagram.com/photos/134/32629881.jpg,2024-06-11 01:50:14
738,312,https://nextagram.com/photos/312/75709924.jpg,2024-05-24 05:07:54
739,402,https://nextagram.com/photos/402/27368573.jpg,2024-04-25 15:13:57
740,333,https://nextagram.com/photos/333/67634397.jpg,2024-06-13 02:09:36
741,212,https://nextagram.com/photos/212/61447859.jpg,2024-05-14 19:48:58
742,4,https://nextagram.com/photos/4/36764927.jpg,2024-06-18 18:39:48
743,386,https://nextagram.com/photos/386/53246714.jpg,2024-02-09 04:48:06
744,390,https://nextagram.com/photos/390/35578773.jpg,2024-06-07 05:56:50
745,11,https://nextagram.com/photos/11/94112495.jpg,2024-03-28 16:04:30
746,388,https://nextagram.com/photos/388/56217844.jpg,2024-05-23 10:51:11
747,154,https://nextagram.com/photos/154/61479273.jpg,2024-02-18 22:17:53
748,270,https://nextagram.com/photos/270/32417070.jpg,2024-06-12 19:39:14
749,33,https://nextagram.com/photos/33/50024028.jpg,2024-02-26 10:57:51
750,477,https://nextagram.com/photos/477/79831928.jpg,2024-05-17 20:57:32
751,323,https://nextagram.com/photos/323/68205561.jpg,2024-06-02 22:12:42
752,451,https://nextagram.com/photos/451/56000822.jpg,2024-04-08 19:21:42
753,498,https://nextagram.com/photos/498/58217837.jpg,2024-06-16 06:26:13
754,390,https://nextagram.com/photos/390/64142310.jpg,2024-05-02 16:45:19
755,11,https://nextagram.com/photos/11/27610141.jpg,2024-04-19 01:10:20
756,103,https://nextagram.com/photos/103/89147232.jpg,2024-01-24 07:24:38
757,272,https://nextagram.com/photos/272/59203071.jpg,2024-05-25 12:16:52
758,376,https://nextagram.com/photos/376/60357475.jpg,2024-03-13 00:27:20
759,443,https://nextagram.com/photos/443/81770706.jpg,2024-05-14 18:26:52
760,337,https://nextagram.com/photos/337/16437132.jpg,2024-06-24 10:35:18
761,359,https://nextagram.com/photos/359/12649695.jpg,2024-06-23 00:37:11
762,21,https://nextagram.com/photos/21/65938669.jpg,2024-03-20 10:55:45
763,238,https://nextagram.com/photos/238/83454998.jpg,2024-03-29 07:00:49
764,125,https://nextagram.com/photos/125/37581060.jpg,2024-04-21 04:21:12
765,367,https://nextagram.com/photos/367/11248835.jpg,2024-06-15 21:19:43
766,147,https://nextagram.com/photos/147/23553285.jpg,2024-05-18 09:19:13
767,359,https://nextagram.com/photos/359/93590502.jpg,2024-05-16 18:47:21
768,327,https://nextagram.com/photos/327/66213840.jpg,2024-04-18 16:16:28
769,431,https://nextagram.com/photos/431/78663747.jpg,2024-05-24 16:41:59
770,379,https://nextagram.com/photos/379/47944260.jpg,2024-03-19 20:52:30
771,63,https://nextagram.com/photos/63/76805406.jpg,2024-02-11 08:08:06
772,96,https://nextagram.com/photos/96/45298445.jpg,2024-05-30 04:33:21
773,431,https://nextagram.com/photos/431/58039455.jpg,2024-05-29 09:25:55
774,372,https://nextagram.com/photos/372/31524980.jpg,2024-06-04 05:28:20
775,16,https://nextagram.com/photos/16/37876214.jpg,2024-04-24 10:24:27
776,365,https://nextagram.com/photos/365/54372866.jpg,2024-06-15 00:11:24
777,118,https://nextagram.com/photos/118/21945758.jpg,2024-04-08 22:09:38
778,461,https://nextagram.com/photos/461/99794603.jpg,2024-06-21 14:41:25
779,267,https://nextagram.com/photos/267/78679929.jpg,2024-02-17 02:58:07
780,38,https://nextagram.com/photos/38/23594977.jpg,2024-05-26 18:42:27
781,460,https://nextagram.com/photos/460/41025808.jpg,2024-06-24 22:06:53
782,243,https://nextagram.com/photos/243/45450260.jpg,2024-05-01 09:40:06
783,247,https://nextagram.com/photos/247/33448079.jpg,2024-03-03 05:55:40
784,442,https://nextagram.com/photos/442/58347193.jpg,2024-04-13 21:11:01
785,415,https://nextagram.com/photos/415/67176108.jpg,2024-05-21 10:25:49
786,390,https://nextagram.com/photos/390/16159129.jpg,2024-04-25 21:54:40
787,7,https://nextagram.com/photos/7/99034004.jpg,2024-03-13 02:14:35
788,353,https://nextagram.com/photos/353/57986515.jpg,2024-06-02 07:48:59
789,454,https://nextagram.com/photos/454/46011877.jpg,2024-06-28 10:49:10
790,445,https://nextagram.com/photos/445/60012498.jpg,2024-05-07 10:01:47
791,422,https://nextagram.com/photos/422/25278272.jpg,2024-02-25 00:57:57
792,211,https://nextagram.com/photos/211/46484819.jpg,2024-06-12 01:33:19
793,433,https://nextagram.com/photos/433/74188958.jpg,2024-05-27 07:02:31
794,413,https://nextagram.com/photos/413/25174194.jpg,2024-04-15 16:10:16
795,70,https://nextagram.com/photos/70/17871385.jpg,2024-06-29 17:44:07
796,488,https://nextagram.com/photos/488/23920137.jpg,2024-05-26 13:23:03
797,222,https://nextagram.com/photos/222/74783521.jpg,2024-05-27 14:56:31
798,415,https://nextagram.com/photos/415/68809216.jpg,2024-06-25 22:32:26
799,85,https://nextagram.com/photos/85/58130331.jpg,2024-03-16 04:16:42
800,331,https://nextagram.com/photos/331/27536261.jpg,2024-06-25 13:19:35
801,261,https://nextagram.com/photos/261/25158211.jpg,2024-06-25 16:27:05
802,450,https://nextagram.com/photos/450/16170301.jpg,2024-05-28 23:12:32
803,32,https://nextagram.com/photos/32/52176303.jpg,2024-06-09 10:57:43
804,7,https://nextagram.com/photos/7/80439867.jpg,2024-06-25 20:39:21
805,393,https://nextagram.com/photos/393/85834657.jpg,2024-06-23 06:14:13
806,111,https://nextagram.com/photos/111/55405943.jpg,2024-06-23 09:49:35
807,282,https://nextagram.com/photos/282/68095862.jpg,2024-03-26 22:56:49
808,359,https://nextagram.com/photos/359/74683506.jpg,2024-05-14 16:55:23
809,178,https://nextagram.com/photos/178/96087848.jpg,2024-06-15 00:57:06
810,202,https://nextagram.com/photos/202/84939694.jpg,2024-06-20 19:05:26
811,453,https://nextagram.com/photos/453/17323740.jpg,2024-06-12 20:11:25
812,7,https://nextagram.com/photos/7/77856130.jpg,2024-03-16 16:36:46
813,435,https://nextagram.com/photos/435/32200132.jpg,2024-06-18 02:52:22
814,38,https://nextagram.com/photos/38/53034742.jpg,2024-04-11 17:50:36
815,120,https://nextagram.com/photos/120/16757958.jpg,2024-03-31 03:18:47
816,274,https://nextagram.com/photos/274/96344588.jpg,2024-06-14 20:36:49
817,199,https://nextagram.com/photos/199/41541166.jpg,2024-06-07 18:52:08
818,40,https://nextagram.com/photos/40/86911446.jpg,2024-06-02 07:17:08
819,240,https://nextagram.com/photos/240/70004467.jpg,2024-06-27 09:59:04
820,157,https://nextagram.com/photos/157/97694240.jpg,2024-04-14 17:51:51
821,11,https://nextagram.com/photos/11/65343143.jpg,2024-05-06 10:32:54
822,16,https://nextagram.com/photos/16/10022778.jpg,2024-05-04 16:12:46
823,431,https://nextagram.com/photos/431/91094790.jpg,2024-06-27 00:57:36
824,483,https://nextagram.com/photos/483/50882445.jpg,2024-05-06 13:00:30
825,452,https://nextagram.com/photos/452/37763104.jpg,2024-06-16 07:49:10
826,357,https://nextagram.com/photos/357/55748676.jpg,2024-04-12 11:52:36
827,193,https://nextagram.com/photos/193/39919562.jpg,2024-03-14 22:03:47
828,435,https://nextagram.com/photos/435/85182173.jpg,2024-06-10 03:57:34
829,393,https://nextagram.com/photos/393/73502927.jpg,2024-06-25 12:32:06
830,379,https://nextagram.com/photos/379/70737878.jpg,2024-05-06 13:16:03
831,63,https://nextagram.com/photos/63/98437437.jpg,2024-06-17 03:35:51
832,110,https://nextagram.com/photos/110/57665946.jpg,2024-05-01 17:11:49
833,431,https://nextagram.com/photos/431/49189370.jpg,2024-06-27 10:25:54
834,300,https://nextagram.com/photos/300/24270328.jpg,2024-06-03 08:22:00
835,20,https://nextagram.com/photos/20/76091781.jpg,2024-04-15 10:07:03
836,73,https://nextagram.com/photos/73/64923338.jpg,2024-06-12 15:52:40
837,61,https://nextagram.com/photos/61/36296134.jpg,2024-06-18 10:38:56
838,88,https://nextagram.com/photos/88/38935933.jpg,2024-06-17 02:10:38
839,243,https://nextagram.com/photos/243/35579048.jpg,2024-06-17 12:43:41
840,379,https://nextagram.com/photos/379/65629268.jpg,2024-03-17 22:25:01
841,21,https://nextagram.com/photos/21/89028889.jpg,2024-06-28 22:25:27
842,67,https://nextagram.com/photos/67/71389561.jpg,2024-05-30 11:10:48
843,359,https://nextagram.com/photos/359/28070539.jpg,2024-06-08 12:33:44
844,483,https://nextagram.com/photos/483/81184297.jpg,2024-01-04 14:04:49
845,390,https://nextagram.com/photos/390/68090825.jpg,2024-06-09 09:39:34
846,435,https://nextagram.com/photos/435/78227286.jpg,2024-06-17 11:50:23
847,400,https://nextagram.com/photos/400/87652255.jpg,2024-03-28 13:04:31
848,82,https://nextagram.com/photos/82/23898777.jpg,2024-03-09 14:28:03
849,204,https://nextagram.com/photos/204/91357521.jpg,2024-05-30 05:34:51
850,447,https://nextagram.com/photos/447/61628545.jpg,2024-06-11 05:22:15
851,224,https://nextagram.com/photos/224/43318046.jpg,2024-06-25 06:14:56
852,134,https://nextagram.com/photos/134/49483304.jpg,2024-03-21 20:15:26
853,242,https://nextagram.com/photos/242/28546206.jpg,2024-06-04 04:19:07
854,218,https://nextagram.com/photos/218/83525272.jpg,2024-05-20 15:21:39
855,440,https://nextagram.com/photos/440/84300459.jpg,2024-05-29 04:06:33
856,343,https://nextagram.com/photos/343/38147161.jpg,2024-03-20 09:34:21
857,337,https://nextagram.com/photos/337/56344519.jpg,2024-05-25 23:44:39
858,468,https://nextagram.com/photos/468/97253117.jpg,2024-05-14 18:18:51
859,486,https://nextagram.com/photos/486/77631432.jpg,2024-03-26 11:25:40
860,299,https://nextagram.com/photos/299/25489430.jpg,2024-05-08 17:30:00
861,390,https://nextagram.com/photos/390/74474159.jpg,2024-06-10 06:45:24
862,315,https://nextagram.com/photos/315/81659221.jpg,2024-05-22 09:08:53
863,139,https://nextagram.com/photos/139/11714029.jpg,2024-06-17 00:58:54
864,284,https://nextagram.com/photos/284/61119548.jpg,2024-04-10 17:50:11
865,78,https://nextagram.com/photos/78/17597364.jpg,2024-06-18 06:02:33
866,97,https://nextagram.com/photos/97/31600382.jpg,2024-06-13 19:46:33
867,489,https://nextagram.com/photos/489/43629729.jpg,2024-05-17 14:27:10
868,79,https://nextagram.com/photos/79/49613096.jpg,2024-03-30 13:31:57
869,100,https://nextagram.com/photos/100/14336089.jpg,2024-05-12 08:20:29
870,189,https://nextagram.com/photos/189/23754633.jpg,2024-06-21 23:11:36
871,333,https://nextagram.com/photos/333/85414925.jpg,2024-06-15 03:08:18
872,440,https://nextagram.com/photos/440/96854901.jpg,2024-06-04 02:25:42
873,305,https://nextagram.com/photos/305/78574830.jpg,2024-04-25 13:23:31
874,402,https://nextagram.com/photos/402/48606206.jpg,2024-06-23 16:10:42
875,367,https://nextagram.com/photos/367/61215153.jpg,2024-02-23 14:48:25
876,204,https://nextagram.com/photos/204/51963706.jpg,2024-06-17 10:38:24
877,483,https://nextagram.com/photos/483/11740164.jpg,2024-01-14 04:36:07
878,390,https://nextagram.com/photos/390/93290380.jpg,2024-05-06 09:46:35
879,440,https://nextagram.com/photos/440/69467023.jpg,2024-06-27 00:29:51
880,431,https://nextagram.com/photos/431/96923747.jpg,2024-06-19 08:52:58
881,194,https://nextagram.com/photos/194/83365441.jpg,2024-06-20 16:55:38
882,390,https://nextagram.com/photos/390/35970823.jpg,2024-05-05 18:21:18
883,141,https://nextagram.com/photos/141/19995059.jpg,2024-03-01 13:42:23
884,88,https://nextagram.com/photos/88/78967357.jpg,2024-05-26 19:38:03
885,65,https://nextagram.com/photos/65/67513345.jpg,2024-03-21 12:56:02
886,135,https://nextagram.com/photos/135/27457234.jpg,2024-05-03 22:18:58
887,82,https://nextagram.com/photos/82/10757677.jpg,2024-04-03 04:37:36
888,167,https://nextagram.com/photos/167/15360735.jpg,2024-03-22 21:51:05
889,82,https://nextagram.com/photos/82/90111922.jpg,2024-04-16 07:43:48
890,23,https://nextagram.com/photos/23/92625597.jpg,2024-06-16 05:08:50
891,435,https://nextagram.com/photos/435/75840632.jpg,2024-06-08 16:03:14
892,407,https://nextagram.com/photos/407/58061434.jpg,2024-06-07 18:02:49
893,38,https://nextagram.com/photos/38/52662313.jpg,2024-05-23 16:37:58
894,287,https://nextagram.com/photos/287/79874593.jpg,2024-05-21 07:29:13
895,35,https://nextagram.com/photos/35/31390345.jpg,2024-06-07 04:35:53
896,221,https://nextagram.com/photos/221/64145722.jpg,2024-05-07 21:20:27
897,50,https://nextagram.com/photos/50/38635863.jpg,2024-03-05 06:51:34
898,359,https://nextagram.com/photos/359/58425464.jpg,2024-05-22 17:08:16
899,141,https://nextagram.com/photos/141/92984217.jpg,2024-06-21 06:28:18
900,291,https://nextagram.com/photos/291/97147586.jpg,2024-06-26 17:05:34
901,7,https://nextagram.com/photos/7/56440312.jpg,2024-06-24 02:45:27
902,239,https://nextagram.com/photos/239/15352233.jpg,2024-05-08 02:57:54
903,365,https://nextagram.com/photos/365/61186964.jpg,2024-06-07 06:05:41
904,466,https://nextagram.com/photos/466/61791391.jpg,2024-06-03 13:45:47
905,128,https://nextagram.com/photos/128/47960665.jpg,2024-06-23 06:11:17
906,12,https://nextagram.com/photos/12/60326016.jpg,2024-04-11 16:03:54
907,278,https://nextagram.com/photos/278/69801634.jpg,2024-06-20 05:36:04
908,262,https://nextagram.com/photos/262/97446634.jpg,2024-04-30 03:31:47
909,91,https://nextagram.com/photos/91/21052218.jpg,2024-05-27 00:22:19
910,477,https://nextagram.com/photos/477/82205759.jpg,2024-04-19 20:37:54
911,292,https://nextagram.com/photos/292/18787479.jpg,2024-05-25 11:47:02
912,103,https://nextagram.com/photos/103/38611881.jpg,2024-05-21 07:02:15
913,440,https://nextagram.com/photos/440/23948820.jpg,2024-04-03 07:29:37
914,101,https://nextagram.com/photos/101/96779969.jpg,2024-05-18 15:28:09
915,424,https://nextagram.com/photos/424/30636590.jpg,2024-05-23 19:51:31
916,12,https://nextagram.com/photos/12/54522084.jpg,2024-05-20 12:08:05
917,16,https://nextagram.com/photos/16/17283737.jpg,2024-02-02 06:35:15
918,83,https://nextagram.com/photos/83/84904794.jpg,2024-02-23 01:00:10
919,36,https://nextagram.com/photos/36/40554079.jpg,2024-06-21 20:47:22
920,466,https://nextagram.com/photos/466/62080854.jpg,2024-06-17 20:35:57
921,242,https://nextagram.com/photos/242/68119636.jpg,2024-06-17 08:08:42
922,157,https://nextagram.com/photos/157/25878730.jpg,2024-03-24 19:08:47
923,293,https://nextagram.com/photos/293/92993446.jpg,2024-06-25 17:03:36
924,32,https://nextagram.com/photos/32/88598977.jpg,2024-06-27 02:56:51
925,20,https://nextagram.com/photos/20/58009699.jpg,2024-03-28 15:23:21
926,468,https://nextagram.com/photos/468/48901209.jpg,2024-05-12 04:28:49
927,403,https://nextagram.com/photos/403/91411889.jpg,2024-04-05 13:42:16
928,46,https://nextagram.com/photos/46/61192463.jpg,2024-06-05 01:13:38
929,209,https://nextagram.com/photos/209/73617549.jpg,2024-03-07 07:17:13
930,82,https://nextagram.com/photos/82/28304809.jpg,2024-03-27 08:48:49
931,390,https://nextagram.com/photos/390/49591339.jpg,2024-06-08 16:10:44
932,482,https://nextagram.com/photos/482/50004466.jpg,2024-04-09 01:04:33
933,361,https://nextagram.com/photos/361/11496555.jpg,2024-05-11 13:04:54
934,304,https://nextagram.com/photos/304/28974879.jpg,2024-06-23 05:00:23
935,67,https://nextagram.com/photos/67/86868988.jpg,2024-03-04 23:07:02
936,324,https://nextagram.com/photos/324/83487621.jpg,2024-06-06 14:41:35
937,475,https://nextagram.com/photos/475/38192821.jpg,2024-05-10 05:58:59
938,390,https://nextagram.com/photos/390/56150987.jpg,2024-06-26 04:06:19
939,104,https://nextagram.com/photos/104/78793658.jpg,2024-06-16 17:27:06
940,76,https://nextagram.com/photos/76/39633659.jpg,2024-04-27 22:26:01
941,334,https://nextagram.com/photos/334/36082023.jpg,2024-03-19 02:10:23
942,63,https://nextagram.com/photos/63/86140729.jpg,2024-05-30 23:53:38
943,435,https://nextagram.com/photos/435/71909967.jpg,2024-06-20 16:38:28
944,351,https://nextagram.com/photos/351/49010740.jpg,2024-05-20 02:22:44
945,360,https://nextagram.com/photos/360/23180503.jpg,2024-03-13 20:49:08
946,95,https://nextagram.com/photos/95/75389589.jpg,2024-05-27 02:22:42
947,479,https://nextagram.com/photos/479/27208745.jpg,2024-03-25 00:18:20
948,360,https://nextagram.com/photos/360/23427820.jpg,2024-03-10 17:31:56
949,138,https://nextagram.com/photos/138/35970938.jpg,2024-05-20 01:04:00
950,158,https://nextagram.com/photos/158/54069864.jpg,2024-04-05 07:05:08
951,333,https://nextagram.com/photos/333/88405961.jpg,2024-05-28 04:13:52
952,82,https://nextagram.com/photos/82/58921480.jpg,2024-06-02 17:55:59
953,419,https://nextagram.com/photos/419/32634412.jpg,2024-06-19 12:02:32
954,4,https://nextagram.com/photos/4/39732676.jpg,2024-06-04 19:34:35
955,377,https://nextagram.com/photos/377/68535581.jpg,2024-05-24 18:59:40
956,134,https://nextagram.com/photos/134/28026223.jpg,2024-03-25 01:44:44
957,363,https://nextagram.com/photos/363/74418331.jpg,2024-05-08 02:51:00
958,246,https://nextagram.com/photos/246/50999730.jpg,2024-06-09 02:36:25
959,262,https://nextagram.com/photos/262/33591471.jpg,2024-04-11 22:23:13
960,351,https://nextagram.com/photos/351/47663633.jpg,2024-05-20 12:39:56
961,438,https://nextagram.com/photos/438/82292089.jpg,2024-02-29 12:46:15
962,94,https://nextagram.com/photos/94/20120010.jpg,2024-03-24 16:29:11
963,453,https://nextagram.com/photos/453/78072320.jpg,2024-06-24 07:56:05
964,342,https://nextagram.com/photos/342/87698748.jpg,2024-06-21 00:01:03
965,213,https://nextagram.com/photos/213/38556255.jpg,2024-06-18 02:42:18
966,461,https://nextagram.com/photos/461/44979330.jpg,2024-06-20 12:24:26
967,299,https://nextagram.com/photos/299/73364719.jpg,2024-06-19 22:10:17
968,357,https://nextagram.com/photos/357/59099345.jpg,2024-02-12 18:28:25
969,208,https://nextagram.com/photos/208/49057246.jpg,2024-06-23 12:29:30
970,71,https://nextagram.com/photos/71/78506338.jpg,2024-06-15 11:47:13
971,49,https://nextagram.com/photos/49/77399750.jpg,2024-03-29 08:24:17
972,7,https://nextagram.com/photos/7/92414513.jpg,2024-04-01 14:32:36
973,365,https://nextagram.com/photos/365/79006257.jpg,2024-06-28 10:23:06
974,73,https://nextagram.com/photos/73/34044459.jpg,2024-02-25 09:06:59
975,308,https://nextagram.com/photos/308/74894729.jpg,2024-04-16 22:58:58
976,471,https://nextagram.com/photos/471/39369404.jpg,2024-05-24 05:08:11
977,390,https://nextagram.com/photos/390/18437082.jpg,2024-05-09 04:33:55
978,132,https://nextagram.com/photos/132/15745651.jpg,2024-02-29 13:40:52
979,360,https://nextagram.com/photos/360/58486337.jpg,2024-05-04 18:03:00
980,204,https://nextagram.com/photos/204/16232730.jpg,2024-05-16 01:36:11
981,16,https://nextagram.com/photos/16/53496088.jpg,2024-05-23 23:34:16
982,57,https://nextagram.com/photos/57/95035920.jpg,2024-06-20 03:47:15
983,431,https://nextagram.com/photos/431/45341684.jpg,2024-06-29 03:09:45
984,313,https://nextagram.com/photos/313/33333727.jpg,2024-06-19 07:06:20
985,199,https://nextagram.com/photos/199/59029303.jpg,2024-03-14 14:54:56
986,317,https://nextagram.com/photos/317/79345320.jpg,2024-02-21 02:36:34
987,124,https://nextagram.com/photos/124/79306247.jpg,2024-02-21 00:59:42
988,213,https://nextagram.com/photos/213/75345452.jpg,2024-05-25 07:48:15
989,408,https://nextagram.com/photos/408/10885526.jpg,2024-06-19 08:35:58
990,270,https://nextagram.com/photos/270/69042204.jpg,2024-06-04 16:54:50
991,82,https://nextagram.com/photos/82/79060560.jpg,2024-02-28 15:25:20
992,350,https://nextagram.com/photos/350/30164926.jpg,2024-04-07 01:24:25
993,88,https://nextagram.com/photos/88/90801793.jpg,2024-06-14 02:42:10
994,379,https://nextagram.com/photos/379/98732634.jpg,2024-03-19 23:39:03
995,116,https://nextagram.com/photos/116/25212062.jpg,2024-06-10 07:33:30
996,260,https://nextagram.com/photos/260/74293132.jpg,2024-06-15 15:17:38
997,103,https://nextagram.com/photos/103/96873663.jpg,2024-02-20 08:44:58
998,431,https://nextagram.com/photos/431/42704875.jpg,2024-05-20 16:37:02
999,18,https://nextagram.com/photos/18/89503557.jpg,2024-06-11 18:23:50
1000,82,https://nextagram.com/photos/82/78805754.jpg,2024-06-14 22:02:10
1001,16,https://nextagram.com/photos/16/29711900.jpg,2024-05-09 04:11:42
1002,26,https://nextagram.com/photos/26/34164229.jpg,2024-03-10 19:16:39
1003,279,https://nextagram.com/photos/279/90444404.jpg,2024-06-04 02:32:44
1004,483,https://nextagram.com/photos/483/12499138.jpg,2024-05-06 13:24:09
1005,445,https://nextagram.com/photos/445/21508969.jpg,2024-05-25 21:56:04
1006,107,https://nextagram.com/photos/107/73272042.jpg,2024-06-08 07:44:59
1007,440,https://nextagram.com/photos/440/39442512.jpg,2024-02-14 01:25:59
1008,431,https://nextagram.com/photos/431/29154498.jpg,2024-06-17 18:29:37
1009,409,https://nextagram.com/photos/409/93646063.jpg,2024-05-10 07:27:33
1010,359,https://nextagram.com/photos/359/32511225.jpg,2024-05-16 06:04:29
1011,382,https://nextagram.com/photos/382/70863732.jpg,2024-04-25 14:13:39
1012,324,https://nextagram.com/photos/324/40845084.jpg,2024-03-07 16:12:52
1013,199,https://nextagram.com/photos/199/24572034.jpg,2024-01-26 19:02:59
1014,10,https://nextagram.com/photos/10/77693989.jpg,2024-06-05 14:37:00
1015,365,https://nextagram.com/photos/365/91270313.jpg,2024-05-29 22:25:39
1016,54,https://nextagram.com/photos/54/92510102.jpg,2024-05-28 23:42:25
1017,325,https://nextagram.com/photos/325/77555702.jpg,2024-06-08 02:09:39
1018,390,https://nextagram.com/photos/390/74725282.jpg,2024-04-25 17:41:50
1019,359,https://nextagram.com/photos/359/82381739.jpg,2024-06-18 03:53:41
1020,431,https://nextagram.com/photos/431/97138408.jpg,2024-06-26 05:15:19
1021,229,https://nextagram.com/photos/229/59711219.jpg,2024-06-13 16:58:56
1022,443,https://nextagram.com/photos/443/81110769.jpg,2024-06-26 16:02:29
1023,228,https://nextagram.com/photos/228/61168696.jpg,2024-05-23 23:46:41
1024,182,https://nextagram.com/photos/182/87325627.jpg,2024-06-26 11:18:25
1025,55,https://nextagram.com/photos/55/44160831.jpg,2024-01-29 06:26:44
1026,258,https://nextagram.com/photos/258/21249805.jpg,2024-04-18 18:09:44
1027,137,https://nextagram.com/photos/137/64847632.jpg,2024-05-16 06:07:24
1028,128,https://nextagram.com/photos/128/10954835.jpg,2024-05-19 09:04:04
1029,313,https://nextagram.com/photos/313/79761254.jpg,2024-03-23 11:05:15
1030,6,https://nextagram.com/photos/6/37570830.jpg,2024-05-12 22:16:15
1031,365,https://nextagram.com/photos/365/64874257.jpg,2024-06-07 00:13:41
1032,192,https://nextagram.com/photos/192/67186360.jpg,2024-03-31 03:41:28
1033,355,https://nextagram.com/photos/355/45071480.jpg,2024-05-10 09:51:05
1034,436,https://nextagram.com/photos/436/85788756.jpg,2024-04-11 09:43:04
1035,193,https://nextagram.com/photos/193/63345392.jpg,2024-04-26 21:19:39
1036,390,https://nextagram.com/photos/390/84102271.jpg,2024-05-26 19:26:25
1037,402,https://nextagram.com/photos/402/33987338.jpg,2024-06-02 22:18:45
1038,196,https://nextagram.com/photos/196/44061458.jpg,2024-06-16 14:25:50
1039,492,https://nextagram.com/photos/492/56218720.jpg,2024-05-26 06:40:05
1040,396,https://nextagram.com/photos/396/28531242.jpg,2024-04-05 10:48:18
1041,436,https://nextagram.com/photos/436/25983420.jpg,2024-05-27 04:15:31
1042,390,https://nextagram.com/photos/390/31715773.jpg,2024-05-30 01:11:25
1043,56,https://nextagram.com/photos/56/63762374.jpg,2024-04-30 23:54:08
1044,403,https://nextagram.com/photos/403/92413089.jpg,2024-05-23 23:10:47
1045,369,https://nextagram.com/photos/369/31573890.jpg,2024-05-15 15:21:03
1046,205,https://nextagram.com/photos/205/22225702.jpg,2024-05-08 11:47:42
1047,429,https://nextagram.com/photos/429/90563579.jpg,2024-06-04 10:21:41
1048,233,https://nextagram.com/photos/233/45311610.jpg,2024-02-28 00:27:20
1049,110,https://nextagram.com/photos/110/91742470.jpg,2024-03-11 23:22:10
1050,16,https://nextagram.com/photos/16/63773642.jpg,2024-04-02 16:18:57
1051,333,https://nextagram.com/photos/333/48449249.jpg,2024-06-07 15:06:32
1052,376,https://nextagram.com/photos/376/17712557.jpg,2024-06-29 18:45:12
1053,475,https://nextagram.com/photos/475/95938445.jpg,2024-04-15 02:50:31
1054,267,https://nextagram.com/photos/267/37072687.jpg,2024-02-01 17:04:01
1055,435,https://nextagram.com/photos/435/48387144.jpg,2024-06-19 04:52:32
1056,92,https://nextagram.com/photos/92/79231333.jpg,2024-06-27 05:21:43
1057,370,https://nextagram.com/photos/370/32747608.jpg,2024-05-07 07:29:10
1058,360,https://nextagram.com/photos/360/42112480.jpg,2024-04-04 01:02:23
1059,357,https://nextagram.com/photos/357/21655844.jpg,2024-02-14 11:32:22
1060,498,https://nextagram.com/photos/498/57395992.jpg,2024-05-29 15:32:05
1061,360,https://nextagram.com/photos/360/88662348.jpg,2024-04-12 22:04:06
1062,97,https://nextagram.com/photos/97/19209640.jpg,2024-01-23 03:16:24
1063,468,https://nextagram.com/photos/468/48184109.jpg,2024-06-24 05:48:37
1064,382,https://nextagram.com/photos/382/88239864.jpg,2024-06-06 14:55:24
1065,180,https://nextagram.com/photos/180/47112255.jpg,2024-06-26 22:50:12
1066,113,https://nextagram.com/photos/113/71036720.jpg,2024-03-08 20:57:30
1067,468,https://nextagram.com/photos/468/10624307.jpg,2024-06-26 16:47:47
1068,130,https://nextagram.com/photos/130/77946127.jpg,2024-06-18 23:59:43
1069,60,https://nextagram.com/photos/60/77534222.jpg,2024-04-05 04:10:37
1070,141,https://nextagram.com/photos/141/78892172.jpg,2024-02-18 20:08:36
1071,481,https://nextagram.com/photos/481/69427400.jpg,2024-06-04 06:49:56
1072,483,https://nextagram.com/photos/483/74911705.jpg,2024-04-22 02:25:17
1073,394,https://nextagram.com/photos/394/55588495.jpg,2024-06-26 21:10:36
1074,483,https://nextagram.com/photos/483/71836850.jpg,2024-04-01 20:15:15
1075,456,https://nextagram.com/photos/456/74688940.jpg,2024-03-20 09:44:59
1076,64,https://nextagram.com/photos/64/61361533.jpg,2024-05-10 16:07:59
1077,343,https://nextagram.com/photos/343/40860700.jpg,2024-03-24 04:25:03
1078,413,https://nextagram.com/photos/413/57391778.jpg,2024-06-02 08:58:13
1079,279,https://nextagram.com/photos/279/45346197.jpg,2024-05-15 21:28:59
1080,121,https://nextagram.com/photos/121/63543563.jpg,2024-02-01 07:10:33
1081,360,https://nextagram.com/photos/360/20204415.jpg,2024-03-31 14:19:56
1082,304,https://nextagram.com/photos/304/73962190.jpg,2024-06-04 22:15:15
1083,155,https://nextagram.com/photos/155/87002404.jpg,2024-04-24 04:15:47
1084,133,https://nextagram.com/photos/133/76974557.jpg,2024-05-19 02:56:02
1085,390,https://nextagram.com/photos/390/42488275.jpg,2024-05-09 11:48:55
1086,441,https://nextagram.com/photos/441/40763714.jpg,2024-04-22 23:32:38
1087,99,https://nextagram.com/photos/99/93026670.jpg,2024-03-26 11:06:09
1088,188,https://nextagram.com/photos/188/26089818.jpg,2024-04-01 11:36:11
1089,468,https://nextagram.com/photos/468/92386462.jpg,2024-06-18 17:09:32
1090,6,https://nextagram.com/photos/6/82675403.jpg,2024-06-21 06:11:26
1091,481,https://nextagram.com/photos/481/59821155.jpg,2024-06-26 19:46:57
1092,335,https://nextagram.com/photos/335/87110685.jpg,2024-04-22 04:26:38
1093,440,https://nextagram.com/photos/440/34544645.jpg,2024-04-16 05:51:11
1094,490,https://nextagram.com/photos/490/47616749.jpg,2024-06-11 23:40:31
1095,210,https://nextagram.com/photos/210/87398691.jpg,2024-06-03 16:24:50
1096,67,https://nextagram.com/photos/67/66797703.jpg,2024-06-14 01:46:53
1097,258,https://nextagram.com/photos/258/14370484.jpg,2024-06-17 14:44:06
1098,270,https://nextagram.com/photos/270/33461307.jpg,2024-06-17 01:43:03
1099,244,https://nextagram.com/photos/244/79552316.jpg,2024-03-22 09:35:30
1100,245,https://nextagram.com/photos/245/11586450.jpg,2024-03-24 01:00:50
1101,360,https://nextagram.com/photos/360/87981603.jpg,2024-04-07 20:47:33
1102,56,https://nextagram.com/photos/56/92245683.jpg,2024-04-02 12:02:19
1103,440,https://nextagram.com/photos/440/83626933.jpg,2024-02-17 06:43:40
1104,131,https://nextagram.com/photos/131/73262903.jpg,2024-04-24 23:35:15
1105,481,https://nextagram.com/photos/481/59113508.jpg,2024-06-13 07:25:59
1106,87,https://nextagram.com/photos/87/38257191.jpg,2024-05-21 00:59:58
1107,224,https://nextagram.com/photos/224/58999937.jpg,2024-06-13 18:29:31
1108,435,https://nextagram.com/photos/435/70495821.jpg,2024-06-07 14:58:31
1109,84,https://nextagram.com/photos/84/87295013.jpg,2024-03-11 04:33:54
1110,365,https://nextagram.com/photos/365/46231955.jpg,2024-05-27 12:31:58
1111,416,https://nextagram.com/photos/416/68011418.jpg,2024-06-26 14:19:01
1112,437,https://nextagram.com/photos/437/29574814.jpg,2024-05-26 05:47:56
1113,413,https://nextagram.com/photos/413/73483243.jpg,2024-04-12 07:52:14
1114,417,https://nextagram.com/photos/417/66575546.jpg,2024-04-06 02:51:30
1115,269,https://nextagram.com/photos/269/79391501.jpg,2024-06-19 18:48:51
1116,292,https://nextagram.com/photos/292/75313057.jpg,2024-04-25 06:37:19
1117,146,https://nextagram.com/photos/146/86213459.jpg,2024-06-01 18:15:15
1118,21,https://nextagram.com/photos/21/31923376.jpg,2024-03-17 04:33:56
1119,29,https://nextagram.com/photos/29/73960038.jpg,2024-03-31 02:26:56
1120,435,https://nextagram.com/photos/435/70378491.jpg,2024-05-29 17:22:59
1121,390,https://nextagram.com/photos/390/58447502.jpg,2024-05-11 21:51:17
1122,191,https://nextagram.com/photos/191/44589898.jpg,2024-06-15 20:49:20
1123,177,https://nextagram.com/photos/177/26272220.jpg,2024-03-26 08:34:21
1124,183,https://nextagram.com/photos/183/91279039.jpg,2024-06-26 23:38:41
1125,96,https://nextagram.com/photos/96/48199537.jpg,2024-05-27 17:48:39
1126,187,https://nextagram.com/photos/187/78510704.jpg,2024-06-24 20:10:15
1127,262,https://nextagram.com/photos/262/69985944.jpg,2024-06-11 21:01:08
1128,452,https://nextagram.com/photos/452/92364557.jpg,2024-05-12 03:04:45
1129,139,https://nextagram.com/photos/139/32491607.jpg,2024-05-21 02:16:16
1130,348,https://nextagram.com/photos/348/55283492.jpg,2024-06-27 23:33:38
1131,225,https://nextagram.com/photos/225/86723896.jpg,2024-06-18 10:27:08
1132,213,https://nextagram.com/photos/213/20618223.jpg,2024-04-28 18:03:52
1133,82,https://nextagram.com/photos/82/52074850.jpg,2024-03-28 23:44:16
1134,158,https://nextagram.com/photos/158/45899536.jpg,2024-03-05 08:44:32
1135,327,https://nextagram.com/photos/327/46406303.jpg,2024-05-13 18:08:16
1136,450,https://nextagram.com/photos/450/88775038.jpg,2024-05-21 10:34:02
1137,283,https://nextagram.com/photos/283/65564671.jpg,2024-06-21 05:09:41
1138,82,https://nextagram.com/photos/82/26782572.jpg,2024-02-18 03:49:27
1139,383,https://nextagram.com/photos/383/20746107.jpg,2024-06-11 06:31:27
1140,103,https://nextagram.com/photos/103/23825676.jpg,2024-04-06 03:39:14
1141,53,https://nextagram.com/photos/53/83609531.jpg,2024-06-15 00:40:49
1142,25,https://nextagram.com/photos/25/80327779.jpg,2024-05-13 07:51:28
1143,393,https://nextagram.com/photos/393/23949034.jpg,2024-05-06 08:32:12
1144,131,https://nextagram.com/photos/131/21316066.jpg,2024-04-13 21:38:10
1145,357,https://nextagram.com/photos/357/51523026.jpg,2024-03-30 14:36:32
1146,116,https://nextagram.com/photos/116/69479985.jpg,2024-06-08 01:54:24
1147,340,https://nextagram.com/photos/340/80698159.jpg,2024-03-24 06:33:41
1148,435,https://nextagram.com/photos/435/14718421.jpg,2024-05-26 10:28:16
1149,360,https://nextagram.com/photos/360/73908407.jpg,2024-03-28 08:04:40
1150,250,https://nextagram.com/photos/250/83624500.jpg,2024-06-05 08:56:54
1151,238,https://nextagram.com/photos/238/33761455.jpg,2024-06-18 00:16:52
1152,319,https://nextagram.com/photos/319/94697764.jpg,2024-06-11 21:43:20
1153,390,https://nextagram.com/photos/390/68381674.jpg,2024-06-10 10:43:40
1154,285,https://nextagram.com/photos/285/81643293.jpg,2024-05-06 16:22:50
1155,152,https://nextagram.com/photos/152/74646194.jpg,2024-05-30 12:05:12
1156,297,https://nextagram.com/photos/297/22019737.jpg,2024-06-10 20:57:42
1157,237,https://nextagram.com/photos/237/65325058.jpg,2024-03-24 13:00:06
1158,129,https://nextagram.com/photos/129/11416778.jpg,2024-04-20 13:36:20
1159,1,https://nextagram.com/photos/1/28293937.jpg,2024-06-12 05:30:12
1160,177,https://nextagram.com/photos/177/81819757.jpg,2024-04-06 12:14:55
1161,7,https://nextagram.com/photos/7/74030858.jpg,2024-05-20 17:50:45
1162,145,https://nextagram.com/photos/145/67772049.jpg,2024-06-19 17:16:15
1163,411,https://nextagram.com/photos/411/41033204.jpg,2024-06-01 01:18:50
1164,410,https://nextagram.com/photos/410/60149632.jpg,2024-05-15 08:21:31
1165,89,https://nextagram.com/photos/89/68667423.jpg,2024-06-08 04:11:54
1166,209,https://nextagram.com/photos/209/96703417.jpg,2024-04-02 00:33:01
1167,206,https://nextagram.com/photos/206/39607414.jpg,2024-05-16 20:49:06
1168,131,https://nextagram.com/photos/131/93929434.jpg,2024-05-09 19:42:35
1169,120,https://nextagram.com/photos/120/46489118.jpg,2024-06-04 04:48:05
1170,137,https://nextagram.com/photos/137/81396350.jpg,2024-06-23 22:26:36
1171,419,https://nextagram.com/photos/419/35233016.jpg,2024-06-18 00:08:58
1172,435,https://nextagram.com/photos/435/28337367.jpg,2024-06-02 21:42:11
1173,139,https://nextagram.com/photos/139/92910238.jpg,2024-06-20 05:46:35
1174,242,https://nextagram.com/photos/242/76034587.jpg,2024-06-27 22:29:23
1175,88,https://nextagram.com/photos/88/30421134.jpg,2024-05-11 19:51:24
1176,22,https://nextagram.com/photos/22/12970357.jpg,2024-06-23 03:29:07
1177,88,https://nextagram.com/photos/88/47864772.jpg,2024-05-19 20:58:36
1178,134,https://nextagram.com/photos/134/68843284.jpg,2024-06-02 03:28:26
1179,382,https://nextagram.com/photos/382/22106034.jpg,2024-04-04 06:14:22
1180,82,https://nextagram.com/photos/82/39150491.jpg,2024-05-19 12:24:45
1181,175,https://nextagram.com/photos/175/76893545.jpg,2024-06-03 20:32:51
1182,499,https://nextagram.com/photos/499/14259684.jpg,2024-06-06 19:04:55
1183,167,https://nextagram.com/photos/167/17521339.jpg,2024-03-21 05:13:24
1184,133,https://nextagram.com/photos/133/19581091.jpg,2024-06-07 18:13:14
1185,299,https://nextagram.com/photos/299/35795612.jpg,2024-04-11 09:25:43
1186,455,https://nextagram.com/photos/455/61214452.jpg,2024-04-28 03:38:24
1187,431,https://nextagram.com/photos/431/43415162.jpg,2024-05-25 12:33:40
1188,202,https://nextagram.com/photos/202/43173547.jpg,2024-05-13 08:10:32
1189,390,https://nextagram.com/photos/390/36733470.jpg,2024-04-19 22:38:00
1190,246,https://nextagram.com/photos/246/22611138.jpg,2024-06-29 02:55:05
1191,283,https://nextagram.com/photos/283/73461570.jpg,2024-05-28 17:37:47
1192,205,https://nextagram.com/photos/205/53360807.jpg,2024-06-07 06:44:04
1193,82,https://nextagram.com/photos/82/83763371.jpg,2024-02-21 20:45:57
1194,283,https://nextagram.com/photos/283/74589542.jpg,2024-06-02 02:10:27
1195,347,https://nextagram.com/photos/347/58375646.jpg,2024-02-09 03:35:20
1196,450,https://nextagram.com/photos/450/39231043.jpg,2024-06-19 21:50:36
1197,486,https://nextagram.com/photos/486/94947603.jpg,2024-04-06 18:26:27
1198,232,https://nextagram.com/photos/232/32462726.jpg,2024-01-19 00:19:08
1199,409,https://nextagram.com/photos/409/26059096.jpg,2024-06-18 10:04:51
1200,210,https://nextagram.com/photos/210/11198544.jpg,2024-02-26 05:14:59
1201,483,https://nextagram.com/photos/483/73789750.jpg,2024-04-25 13:52:50
1202,365,https://nextagram.com/photos/365/59848284.jpg,2024-05-30 04:45:17
1203,394,https://nextagram.com/photos/394/31165928.jpg,2024-03-20 02:13:31
1204,269,https://nextagram.com/photos/269/93033107.jpg,2024-06-25 03:39:19
1205,173,https://nextagram.com/photos/173/18022882.jpg,2024-03-16 10:40:32
1206,187,https://nextagram.com/photos/187/81988124.jpg,2024-05-30 15:10:20
1207,407,https://nextagram.com/photos/407/75477163.jpg,2024-03-17 08:30:47
1208,117,https://nextagram.com/photos/117/96522918.jpg,2024-04-28 04:46:53
1209,390,https://nextagram.com/photos/390/35899364.jpg,2024-05-29 06:50:16
1210,11,https://nextagram.com/photos/11/58072427.jpg,2024-05-03 22:43:52
1211,382,https://nextagram.com/photos/382/15300062.jpg,2024-04-07 17:35:34
1212,261,https://nextagram.com/photos/261/85031037.jpg,2024-06-15 20:31:56
1213,142,https://nextagram.com/photos/142/75779034.jpg,2024-06-05 04:15:18
1214,90,https://nextagram.com/photos/90/82963514.jpg,2024-05-09 01:07:31
1215,180,https://nextagram.com/photos/180/72866875.jpg,2024-06-04 12:50:06
1216,134,https://nextagram.com/photos/134/90353461.jpg,2024-06-24 16:47:21
1217,466,https://nextagram.com/photos/466/31520928.jpg,2024-06-24 23:44:08
1218,35,https://nextagram.com/photos/35/70315326.jpg,2024-05-21 04:41:04
1219,143,https://nextagram.com/photos/143/82693120.jpg,2024-04-15 21:22:32
1220,194,https://nextagram.com/photos/194/95634408.jpg,2024-02-27 14:12:27
1221,273,https://nextagram.com/photos/273/34901990.jpg,2024-06-23 07:17:48
1222,447,https://nextagram.com/photos/447/58865345.jpg,2024-06-22 10:47:43
1223,396,https://nextagram.com/photos/396/53042832.jpg,2024-03-05 12:12:43
1224,381,https://nextagram.com/photos/381/82337519.jpg,2024-06-01 06:34:03
1225,426,https://nextagram.com/photos/426/80339453.jpg,2024-04-19 15:24:45
1226,365,https://nextagram.com/photos/365/84016756.jpg,2024-06-28 20:19:15
1227,82,https://nextagram.com/photos/82/53298644.jpg,2024-04-08 15:38:32
1228,216,https://nextagram.com/photos/216/24826245.jpg,2024-06-07 16:49:19
1229,54,https://nextagram.com/photos/54/18949617.jpg,2024-06-15 18:10:43
1230,18,https://nextagram.com/photos/18/33976493.jpg,2024-03-17 14:32:53
1231,442,https://nextagram.com/photos/442/24368701.jpg,2024-03-27 16:47:56
1232,261,https://nextagram.com/photos/261/14270425.jpg,2024-04-11 01:51:34
1233,309,https://nextagram.com/photos/309/98304696.jpg,2024-05-14 23:01:30
1234,264,https://nextagram.com/photos/264/89228847.jpg,2024-06-13 17:51:50
1235,128,https://nextagram.com/photos/128/39624910.jpg,2024-06-05 21:31:44
1236,328,https://nextagram.com/photos/328/11756387.jpg,2024-04-28 09:28:52
1237,468,https://nextagram.com/photos/468/98013189.jpg,2024-05-22 03:33:42
1238,265,https://nextagram.com/photos/265/72821834.jpg,2024-05-14 08:42:34
1239,414,https://nextagram.com/photos/414/58442674.jpg,2024-02-18 11:04:01
1240,305,https://nextagram.com/photos/305/65828293.jpg,2024-06-27 22:36:29
1241,428,https://nextagram.com/photos/428/92803389.jpg,2024-03-29 13:06:15
1242,132,https://nextagram.com/photos/132/19447334.jpg,2024-01-23 00:31:57
1243,431,https://nextagram.com/photos/431/38977615.jpg,2024-05-23 09:16:01
1244,482,https://nextagram.com/photos/482/23586205.jpg,2024-03-30 22:14:37
1245,382,https://nextagram.com/photos/382/61718263.jpg,2024-06-01 06:59:02
1246,89,https://nextagram.com/photos/89/98164473.jpg,2024-06-04 20:07:42
1247,122,https://nextagram.com/photos/122/84950330.jpg,2024-04-23 04:27:17
1248,390,https://nextagram.com/photos/390/24161873.jpg,2024-05-26 23:59:56
1249,393,https://nextagram.com/photos/393/58045029.jpg,2024-06-23 06:02:17
1250,360,https://nextagram.com/photos/360/99287317.jpg,2024-06-09 14:39:08
1251,228,https://nextagram.com/photos/228/32388767.jpg,2024-03-11 14:04:20
1252,407,https://nextagram.com/photos/407/63896091.jpg,2024-06-07 17:08:22
1253,272,https://nextagram.com/photos/272/31230084.jpg,2024-06-20 10:52:02
1254,292,https://nextagram.com/photos/292/69460086.jpg,2024-05-22 20:49:44
1255,468,https://nextagram.com/photos/468/83830667.jpg,2024-06-01 11:31:51
1256,494,https://nextagram.com/photos/494/59891348.jpg,2024-03-31 05:24:21
1257,218,https://nextagram.com/photos/218/53412847.jpg,2024-06-15 05:00:38
1258,330,https://nextagram.com/photos/330/83232714.jpg,2024-05-25 04:38:29
1259,105,https://nextagram.com/photos/105/44103265.jpg,2024-06-22 01:56:39
1260,191,https://nextagram.com/photos/191/70062404.jpg,2024-06-10 18:23:09
1261,482,https://nextagram.com/photos/482/14652375.jpg,2024-03-12 02:32:49
1262,489,https://nextagram.com/photos/489/12188077.jpg,2024-04-30 14:04:44
1263,280,https://nextagram.com/photos/280/50512501.jpg,2024-06-25 03:10:52
1264,6,https://nextagram.com/photos/6/38833029.jpg,2024-02-18 21:55:55
1265,436,https://nextagram.com/photos/436/47038339.jpg,2024-01-24 08:54:49
1266,468,https://nextagram.com/photos/468/84668420.jpg,2024-06-20 12:30:56
1267,309,https://nextagram.com/photos/309/30765467.jpg,2024-06-19 11:55:39
1268,53,https://nextagram.com/photos/53/57735307.jpg,2024-06-12 12:57:12
1269,82,https://nextagram.com/photos/82/59269031.jpg,2024-04-05 03:05:58
1270,452,https://nextagram.com/photos/452/41271945.jpg,2024-04-16 15:34:38
1271,128,https://nextagram.com/photos/128/22335296.jpg,2024-06-02 16:34:23
1272,309,https://nextagram.com/photos/309/39183937.jpg,2024-06-19 00:03:29
1273,389,https://nextagram.com/photos/389/53579429.jpg,2024-05-30 13:39:27
1274,408,https://nextagram.com/photos/408/75535348.jpg,2024-05-29 10:05:19
1275,431,https://nextagram.com/photos/431/87340611.jpg,2024-06-22 01:54:08
1276,426,https://nextagram.com/photos/426/89890579.jpg,2024-04-10 11:11:56
1277,349,https://nextagram.com/photos/349/87347488.jpg,2024-03-04 20:31:51
1278,200,https://nextagram.com/photos/200/54881018.jpg,2024-02-21 17:08:27
1279,180,https://nextagram.com/photos/180/68291349.jpg,2024-06-12 18:17:31
1280,222,https://nextagram.com/photos/222/26178675.jpg,2024-06-23 12:35:13
1281,440,https://nextagram.com/photos/440/97614538.jpg,2024-02-24 23:06:55
1282,435,https://nextagram.com/photos/435/95078886.jpg,2024-05-25 14:30:19
1283,398,https://nextagram.com/photos/398/17264930.jpg,2024-04-14 05:04:32
1284,148,https://nextagram.com/photos/148/52857940.jpg,2024-03-31 06:55:45
1285,297,https://nextagram.com/photos/297/53866598.jpg,2024-02-04 15:50:42
1286,270,https://nextagram.com/photos/270/30561818.jpg,2024-06-08 16:15:05
1287,23,https://nextagram.com/photos/23/62731823.jpg,2024-06-21 08:53:35
1288,484,https://nextagram.com/photos/484/89877290.jpg,2024-06-19 05:27:16
1289,311,https://nextagram.com/photos/311/39807828.jpg,2024-04-10 03:48:30
1290,229,https://nextagram.com/photos/229/29865888.jpg,2024-06-11 03:33:19
1291,70,https://nextagram.com/photos/70/73868130.jpg,2024-04-28 05:25:07
1292,309,https://nextagram.com/photos/309/83571770.jpg,2024-03-10 01:49:46
1293,211,https://nextagram.com/photos/211/63489393.jpg,2024-05-06 23:59:29
1294,270,https://nextagram.com/photos/270/28102047.jpg,2024-06-04 06:54:08
1295,260,https://nextagram.com/photos/260/75479608.jpg,2024-04-22 03:06:31
1296,209,https://nextagram.com/photos/209/36320002.jpg,2024-06-20 06:15:12
1297,305,https://nextagram.com/photos/305/80363346.jpg,2024-06-12 21:59:04
1298,120,https://nextagram.com/photos/120/45736421.jpg,2024-02-20 00:53:31
1299,397,https://nextagram.com/photos/397/87311859.jpg,2024-05-01 01:06:23
1300,48,https://nextagram.com/photos/48/65510043.jpg,2024-06-06 08:14:34
1301,225,https://nextagram.com/photos/225/35567100.jpg,2024-06-05 14:52:03
1302,159,https://nextagram.com/photos/159/97967622.jpg,2024-06-10 07:34:41
1303,12,https://nextagram.com/photos/12/32717056.jpg,2024-03-01 11:50:42
1304,492,https://nextagram.com/photos/492/69352435.jpg,2024-05-30 00:32:32
1305,337,https://nextagram.com/photos/337/16023362.jpg,2024-06-09 12:59:57
1306,468,https://nextagram.com/photos/468/36801295.jpg,2024-05-24 13:14:12
1307,365,https://nextagram.com/photos/365/21517819.jpg,2024-05-30 05:55:08
1308,61,https://nextagram.com/photos/61/42621391.jpg,2024-05-22 10:29:47
1309,477,https://nextagram.com/photos/477/48612439.jpg,2024-04-17 22:41:10
1310,7,https://nextagram.com/photos/7/24935479.jpg,2024-06-28 22:35:54
1311,148,https://nextagram.com/photos/148/13053200.jpg,2024-06-22 18:54:43
1312,168,https://nextagram.com/photos/168/82209870.jpg,2024-06-13 17:28:20
1313,104,https://nextagram.com/photos/104/80231557.jpg,2024-06-07 01:34:58
1314,390,https://nextagram.com/photos/390/74830696.jpg,2024-06-08 23:20:44
1315,337,https://nextagram.com/photos/337/99692417.jpg,2024-05-11 12:00:30
1316,11,https://nextagram.com/photos/11/99057266.jpg,2024-05-23 20:57:56
1317,288,https://nextagram.com/photos/288/32859916.jpg,2024-03-20 08:30:11
1318,29,https://nextagram.com/photos/29/92941828.jpg,2024-03-20 16:41:05
1319,134,https://nextagram.com/photos/134/97880113.jpg,2024-04-14 13:17:38
1320,475,https://nextagram.com/photos/475/62163068.jpg,2024-03-25 00:23:15
1321,359,https://nextagram.com/photos/359/98597172.jpg,2024-06-23 22:33:22
1322,191,https://nextagram.com/photos/191/12560649.jpg,2024-05-25 01:00:01
1323,140,https://nextagram.com/photos/140/41026926.jpg,2024-06-16 06:07:56
1324,488,https://nextagram.com/photos/488/23368583.jpg,2024-06-29 10:57:03
1325,460,https://nextagram.com/photos/460/90142265.jpg,2024-06-17 04:04:49
1326,291,https://nextagram.com/photos/291/36692577.jpg,2024-06-08 12:16:57
1327,269,https://nextagram.com/photos/269/85254207.jpg,2024-06-03 00:28:26
1328,468,https://nextagram.com/photos/468/15335477.jpg,2024-05-03 23:14:18
1329,121,https://nextagram.com/photos/121/50926679.jpg,2024-04-26 00:58:29
1330,169,https://nextagram.com/photos/169/31072888.jpg,2024-05-09 15:15:44
1331,11,https://nextagram.com/photos/11/57232974.jpg,2024-06-02 17:01:36
1332,187,https://nextagram.com/photos/187/41702866.jpg,2024-06-06 20:04:48
1333,498,https://nextagram.com/photos/498/47027755.jpg,2024-06-18 10:02:24
1334,420,https://nextagram.com/photos/420/44585138.jpg,2024-06-05 23:36:01
1335,445,https://nextagram.com/photos/445/84482698.jpg,2024-05-01 06:05:52
1336,478,https://nextagram.com/photos/478/30361927.jpg,2024-04-19 14:49:07
1337,175,https://nextagram.com/photos/175/98171888.jpg,2024-06-11 17:55:13
1338,73,https://nextagram.com/photos/73/61298971.jpg,2024-06-15 04:37:07
1339,283,https://nextagram.com/photos/283/66013532.jpg,2024-05-30 13:51:30
1340,120,https://nextagram.com/photos/120/67239162.jpg,2024-03-06 18:52:10
1341,483,https://nextagram.com/photos/483/91251236.jpg,2024-06-28 09:32:23
1342,166,https://nextagram.com/photos/166/37750491.jpg,2024-05-22 22:02:40
1343,356,https://nextagram.com/photos/356/82659280.jpg,2024-05-21 19:08:24
1344,365,https://nextagram.com/photos/365/28536762.jpg,2024-06-01 11:53:04
1345,151,https://nextagram.com/photos/151/80303981.jpg,2024-06-03 07:11:21
1346,464,https://nextagram.com/photos/464/29482024.jpg,2024-04-30 11:19:26
1347,358,https://nextagram.com/photos/358/31212832.jpg,2024-06-18 10:56:23
1348,158,https://nextagram.com/photos/158/81532887.jpg,2024-04-26 00:19:02
1349,477,https://nextagram.com/photos/477/34714210.jpg,2024-04-15 02:26:09
1350,158,https://nextagram.com/photos/158/29531743.jpg,2024-06-27 14:20:02
1351,382,https://nextagram.com/photos/382/65571528.jpg,2024-04-20 22:27:18
1352,483,https://nextagram.com/photos/483/69459055.jpg,2024-03-02 15:34:12
1353,390,https://nextagram.com/photos/390/46748299.jpg,2024-06-17 12:30:39
1354,82,https://nextagram.com/photos/82/24330619.jpg,2024-03-21 03:59:57
1355,69,https://nextagram.com/photos/69/92138779.jpg,2024-02-21 15:01:16
1356,334,https://nextagram.com/photos/334/86107235.jpg,2024-05-26 14:37:57
1357,332,https://nextagram.com/photos/332/40992534.jpg,2024-05-02 22:28:51
1358,365,https://nextagram.com/photos/365/20667011.jpg,2024-06-09 02:44:45
1359,365,https://nextagram.com/photos/365/27996802.jpg,2024-06-14 19:27:28
1360,270,https://nextagram.com/photos/270/72916371.jpg,2024-06-27 07:32:39
1361,377,https://nextagram.com/photos/377/34692904.jpg,2024-04-02 23:14:51
1362,435,https://nextagram.com/photos/435/73598657.jpg,2024-06-17 21:45:32
1363,73,https://nextagram.com/photos/73/40369856.jpg,2024-03-02 23:44:32
1364,16,https://nextagram.com/photos/16/12015179.jpg,2024-06-15 12:14:10
1365,468,https://nextagram.com/photos/468/39870720.jpg,2024-06-10 23:37:44
1366,390,https://nextagram.com/photos/390/37455861.jpg,2024-05-06 09:11:07
1367,34,https://nextagram.com/photos/34/92820305.jpg,2024-06-08 00:36:27
1368,264,https://nextagram.com/photos/264/71410640.jpg,2024-04-16 16:04:27
1369,450,https://nextagram.com/photos/450/64340297.jpg,2024-05-27 16:36:32
1370,397,https://nextagram.com/photos/397/61052956.jpg,2024-05-28 16:04:56
1371,381,https://nextagram.com/photos/381/92074794.jpg,2024-05-06 15:04:47
1372,471,https://nextagram.com/photos/471/89699265.jpg,2024-06-19 00:23:44
1373,295,https://nextagram.com/photos/295/15168989.jpg,2024-06-01 13:15:15
1374,283,https://nextagram.com/photos/283/71324136.jpg,2024-06-21 08:14:21
1375,431,https://nextagram.com/photos/431/42980201.jpg,2024-05-21 15:53:02
1376,281,https://nextagram.com/photos/281/15268263.jpg,2024-05-28 08:16:39
1377,305,https://nextagram.com/photos/305/94644215.jpg,2024-05-22 14:25:00
1378,483,https://nextagram.com/photos/483/49081432.jpg,2024-02-09 14:37:56
1379,235,https://nextagram.com/photos/235/48374806.jpg,2024-04-14 02:04:53
1380,246,https://nextagram.com/photos/246/49516346.jpg,2024-06-12 04:50:48
1381,332,https://nextagram.com/photos/332/79386491.jpg,2024-03-29 10:38:16
1382,460,https://nextagram.com/photos/460/96718276.jpg,2024-06-16 03:31:00
1383,242,https://nextagram.com/photos/242/25189633.jpg,2024-06-22 00:14:15
1384,84,https://nextagram.com/photos/84/83337520.jpg,2024-06-07 09:47:46
1385,72,https://nextagram.com/photos/72/53414191.jpg,2024-06-16 19:29:39
1386,242,https://nextagram.com/photos/242/70891997.jpg,2024-06-06 09:20:16
1387,319,https://nextagram.com/photos/319/37102854.jpg,2024-06-24 08:05:24
1388,447,https://nextagram.com/photos/447/43565477.jpg,2024-05-02 00:50:34
1389,162,https://nextagram.com/photos/162/32010905.jpg,2024-06-26 01:27:53
1390,379,https://nextagram.com/photos/379/22239481.jpg,2024-03-20 23:57:00
1391,63,https://nextagram.com/photos/63/95103759.jpg,2024-04-17 23:15:31
1392,192,https://nextagram.com/photos/192/61551334.jpg,2024-06-10 19:32:11
1393,382,https://nextagram.com/photos/382/92150984.jpg,2024-05-28 09:48:08
1394,478,https://nextagram.com/photos/478/83866174.jpg,2024-05-19 08:17:51
1395,200,https://nextagram.com/photos/200/54988861.jpg,2024-03-15 00:54:14
1396,307,https://nextagram.com/photos/307/30144703.jpg,2024-05-26 04:17:38
1397,82,https://nextagram.com/photos/82/34007090.jpg,2024-03-12 18:05:04
1398,394,https://nextagram.com/photos/394/66315301.jpg,2024-02-10 18:13:11
1399,151,https://nextagram.com/photos/151/69895766.jpg,2024-06-05 17:30:09
1400,139,https://nextagram.com/photos/139/25777827.jpg,2024-05-24 13:48:09
1401,457,https://nextagram.com/photos/457/10474177.jpg,2024-05-11 08:29:46
1402,337,https://nextagram.com/photos/337/11638498.jpg,2024-05-22 08:26:10
1403,244,https://nextagram.com/photos/244/82947490.jpg,2024-06-03 20:28:36
1404,419,https://nextagram.com/photos/419/41927492.jpg,2024-06-25 19:52:29
1405,107,https://nextagram.com/photos/107/73848982.jpg,2024-06-18 14:29:25
1406,242,https://nextagram.com/photos/242/20657547.jpg,2024-06-19 03:45:04
1407,325,https://nextagram.com/photos/325/42844845.jpg,2024-04-18 03:09:20
1408,447,https://nextagram.com/photos/447/93183589.jpg,2024-05-20 06:45:33
1409,341,https://nextagram.com/photos/341/16565770.jpg,2024-04-09 15:50:10
1410,87,https://nextagram.com/photos/87/97681338.jpg,2024-04-15 05:26:57
1411,181,https://nextagram.com/photos/181/14352961.jpg,2024-03-30 04:20:09
1412,360,https://nextagram.com/photos/360/50056146.jpg,2024-05-21 08:02:38
1413,167,https://nextagram.com/photos/167/16580878.jpg,2024-03-09 21:07:43
1414,61,https://nextagram.com/photos/61/31654047.jpg,2024-05-28 10:37:45
1415,360,https://nextagram.com/photos/360/98707799.jpg,2024-05-22 20:24:52
1416,366,https://nextagram.com/photos/366/86810468.jpg,2024-06-13 04:33:19
1417,404,https://nextagram.com/photos/404/71114408.jpg,2024-06-02 13:41:01
1418,390,https://nextagram.com/photos/390/14810369.jpg,2024-05-21 15:50:57
1419,51,https://nextagram.com/photos/51/53328415.jpg,2024-03-30 05:23:00
1420,194,https://nextagram.com/photos/194/19082067.jpg,2024-05-11 00:50:18
1421,390,https://nextagram.com/photos/390/18714202.jpg,2024-06-09 03:14:22
1422,140,https://nextagram.com/photos/140/26377680.jpg,2024-05-22 18:58:56
1423,367,https://nextagram.com/photos/367/54185620.jpg,2024-04-07 18:44:53
1424,288,https://nextagram.com/photos/288/38164968.jpg,2024-05-11 15:01:07
1425,368,https://nextagram.com/photos/368/17809403.jpg,2024-06-22 11:22:46
1426,61,https://nextagram.com/photos/61/94420078.jpg,2024-06-24 05:09:01
1427,290,https://nextagram.com/photos/290/74916146.jpg,2024-03-10 12:14:44
1428,382,https://nextagram.com/photos/382/48545627.jpg,2024-06-15 11:44:01
1429,228,https://nextagram.com/photos/228/44850980.jpg,2024-04-21 19:51:48
1430,287,https://nextagram.com/photos/287/27409802.jpg,2024-06-06 19:34:44
1431,333,https://nextagram.com/photos/333/79753731.jpg,2024-06-06 10:26:16
1432,384,https://nextagram.com/photos/384/76102828.jpg,2024-04-06 22:00:21
1433,419,https://nextagram.com/photos/419/48988647.jpg,2024-05-31 12:17:40
1434,487,https://nextagram.com/photos/487/25865493.jpg,2024-05-04 04:32:19
1435,12,https://nextagram.com/photos/12/25827722.jpg,2024-05-02 18:08:40
1436,390,https://nextagram.com/photos/390/92585240.jpg,2024-05-06 19:39:53
1437,500,https://nextagram.com/photos/500/16105858.jpg,2024-06-03 06:59:23
1438,169,https://nextagram.com/photos/169/95564277.jpg,2024-05-25 20:26:13
1439,104,https://nextagram.com/photos/104/37002880.jpg,2024-06-16 05:04:15
1440,365,https://nextagram.com/photos/365/19104802.jpg,2024-06-04 00:35:38
1441,151,https://nextagram.com/photos/151/83818891.jpg,2024-05-15 00:46:29
1442,162,https://nextagram.com/photos/162/25278911.jpg,2024-05-25 20:57:43
1443,365,https://nextagram.com/photos/365/63156840.jpg,2024-06-08 05:53:28
1444,382,https://nextagram.com/photos/382/13908068.jpg,2024-06-17 16:00:03
1445,431,https://nextagram.com/photos/431/54360949.jpg,2024-05-29 00:30:37
1446,431,https://nextagram.com/photos/431/74304823.jpg,2024-06-21 05:57:13
1447,467,https://nextagram.com/photos/467/96657974.jpg,2024-02-03 12:09:02
1448,72,https://nextagram.com/photos/72/94181424.jpg,2024-06-04 06:42:03
1449,246,https://nextagram.com/photos/246/54977656.jpg,2024-06-17 18:15:19
1450,246,https://nextagram.com/photos/246/17519183.jpg,2024-06-11 18:55:58
1451,432,https://nextagram.com/photos/432/85825317.jpg,2024-05-14 03:50:19
1452,382,https://nextagram.com/photos/382/84514623.jpg,2024-04-20 07:36:49
1453,295,https://nextagram.com/photos/295/87496999.jpg,2024-04-20 11:59:06
1454,365,https://nextagram.com/photos/365/18886963.jpg,2024-06-08 20:08:41
1455,483,https://nextagram.com/photos/483/14183991.jpg,2024-02-27 04:54:14
1456,173,https://nextagram.com/photos/173/94088862.jpg,2024-05-16 15:33:36
1457,293,https://nextagram.com/photos/293/86635858.jpg,2024-03-25 09:17:14
1458,327,https://nextagram.com/photos/327/89885300.jpg,2024-04-23 13:17:05
1459,64,https://nextagram.com/photos/64/52211394.jpg,2024-06-03 01:04:04
1460,375,https://nextagram.com/photos/375/65548633.jpg,2024-04-27 16:02:30
1461,46,https://nextagram.com/photos/46/59873103.jpg,2024-05-16 15:06:52
1462,242,https://nextagram.com/photos/242/39009803.jpg,2024-06-12 09:31:01
1463,287,https://nextagram.com/photos/287/25063426.jpg,2024-05-20 10:51:01
1464,198,https://nextagram.com/photos/198/37125189.jpg,2024-03-06 17:48:05
1465,466,https://nextagram.com/photos/466/77913458.jpg,2024-06-19 14:42:25
1466,12,https://nextagram.com/photos/12/77116153.jpg,2024-04-05 00:39:35
1467,82,https://nextagram.com/photos/82/74890505.jpg,2024-04-19 17:13:12
1468,388,https://nextagram.com/photos/388/51655640.jpg,2024-06-21 07:45:26
1469,396,https://nextagram.com/photos/396/23187101.jpg,2024-02-15 23:11:21
1470,429,https://nextagram.com/photos/429/27812995.jpg,2024-06-13 01:38:38
1471,101,https://nextagram.com/photos/101/71655384.jpg,2024-03-02 05:27:41
1472,204,https://nextagram.com/photos/204/80107942.jpg,2024-06-24 21:21:39
1473,63,https://nextagram.com/photos/63/15909601.jpg,2024-03-22 02:11:17
1474,365,https://nextagram.com/photos/365/21687128.jpg,2024-06-20 12:34:16
1475,169,https://nextagram.com/photos/169/16192775.jpg,2024-06-26 18:31:39
1476,57,https://nextagram.com/photos/57/51940463.jpg,2024-06-26 20:06:59
1477,11,https://nextagram.com/photos/11/51895110.jpg,2024-06-09 21:53:04
1478,347,https://nextagram.com/photos/347/53067834.jpg,2024-02-11 07:25:17
1479,97,https://nextagram.com/photos/97/47131272.jpg,2024-03-15 19:09:39
1480,291,https://nextagram.com/photos/291/25790828.jpg,2024-06-20 21:01:39
1481,134,https://nextagram.com/photos/134/46726921.jpg,2024-02-14 20:24:14
1482,63,https://nextagram.com/photos/63/85111698.jpg,2024-05-21 16:02:39
1483,278,https://nextagram.com/photos/278/82816971.jpg,2024-05-21 21:31:17
1484,182,https://nextagram.com/photos/182/46379997.jpg,2024-05-10 06:31:40
1485,75,https://nextagram.com/photos/75/87052108.jpg,2024-04-16 12:22:35
1486,120,https://nextagram.com/photos/120/51792388.jpg,2024-02-19 23:01:22
1487,332,https://nextagram.com/photos/332/82555030.jpg,2024-05-23 15:04:10
1488,237,https://nextagram.com/photos/237/13891332.jpg,2024-02-07 18:31:00
1489,253,https://nextagram.com/photos/253/16772091.jpg,2024-05-16 10:42:42
1490,60,https://nextagram.com/photos/60/21558774.jpg,2024-04-03 08:52:06
1491,227,https://nextagram.com/photos/227/90010054.jpg,2024-06-02 03:12:56
1492,452,https://nextagram.com/photos/452/69839130.jpg,2024-06-29 08:42:20
1493,333,https://nextagram.com/photos/333/54604858.jpg,2024-05-28 12:06:48
1494,425,https://nextagram.com/photos/425/20542212.jpg,2024-06-27 23:36:42
1495,486,https://nextagram.com/photos/486/86207390.jpg,2024-05-21 09:03:29
1496,69,https://nextagram.com/photos/69/23054418.jpg,2024-05-17 11:15:09
1497,242,https://nextagram.com/photos/242/72464469.jpg,2024-06-28 23:43:52
1498,253,https://nextagram.com/photos/253/29289997.jpg,2024-02-18 17:37:48
1499,440,https://nextagram.com/photos/440/44635255.jpg,2024-05-10 17:41:34
1500,466,https://nextagram.com/photos/466/34609232.jpg,2024-06-17 02:28:31
1501,371,https://nextagram.com/photos/371/54335867.jpg,2024-06-12 05:24:50
1502,406,https://nextagram.com/photos/406/70838623.jpg,2024-05-09 02:25:46
1503,262,https://nextagram.com/photos/262/73798298.jpg,2024-04-07 17:06:02
1504,62,https://nextagram.com/photos/62/71906810.jpg,2024-06-20 05:40:16
1505,435,https://nextagram.com/photos/435/56790372.jpg,2024-06-07 18:02:13
1506,326,https://nextagram.com/photos/326/78175850.jpg,2024-02-19 07:12:14
1507,57,https://nextagram.com/photos/57/24358786.jpg,2024-06-29 12:31:57
1508,164,https://nextagram.com/photos/164/19519256.jpg,2024-05-10 23:10:32
1509,407,https://nextagram.com/photos/407/71870997.jpg,2024-06-04 08:53:20
1510,211,https://nextagram.com/photos/211/42021033.jpg,2024-06-07 21:07:57
1511,335,https://nextagram.com/photos/335/31343341.jpg,2024-05-02 23:35:57
1512,486,https://nextagram.com/photos/486/18866414.jpg,2024-05-05 11:28:29
1513,175,https://nextagram.com/photos/175/68432185.jpg,2024-06-15 11:10:12
1514,308,https://nextagram.com/photos/308/83085160.jpg,2024-05-25 00:25:02
1515,367,https://nextagram.com/photos/367/98934311.jpg,2024-03-19 02:30:06
1516,360,https://nextagram.com/photos/360/87066247.jpg,2024-06-16 18:13:48
1517,433,https://nextagram.com/photos/433/89478790.jpg,2024-02-05 12:38:48
1518,323,https://nextagram.com/photos/323/84502610.jpg,2024-06-02 07:41:53
1519,55,https://nextagram.com/photos/55/33645674.jpg,2024-03-29 17:21:47
1520,151,https://nextagram.com/photos/151/19342578.jpg,2024-05-05 05:40:13
1521,325,https://nextagram.com/photos/325/90048179.jpg,2024-06-23 01:11:25
1522,394,https://nextagram.com/photos/394/53943990.jpg,2024-04-14 08:56:55
1523,267,https://nextagram.com/photos/267/18252004.jpg,2024-06-06 19:44:37
1524,49,https://nextagram.com/photos/49/28645088.jpg,2024-06-25 08:19:15
1525,450,https://nextagram.com/photos/450/95380301.jpg,2024-06-28 11:34:57
1526,419,https://nextagram.com/photos/419/98701999.jpg,2024-05-23 03:54:31
1527,81,https://nextagram.com/photos/81/49124904.jpg,2024-05-19 06:59:36
1528,206,https://nextagram.com/photos/206/70016768.jpg,2024-06-05 05:51:29
1529,93,https://nextagram.com/photos/93/52493026.jpg,2024-05-31 04:49:43
1530,146,https://nextagram.com/photos/146/50876026.jpg,2024-06-24 07:20:18
1531,468,https://nextagram.com/photos/468/56206415.jpg,2024-06-13 02:09:14
1532,493,https://nextagram.com/photos/493/92072899.jpg,2024-05-06 21:35:39
1533,492,https://nextagram.com/photos/492/27120235.jpg,2024-05-09 10:29:29
1534,435,https://nextagram.com/photos/435/59556257.jpg,2024-05-28 01:53:48
1535,458,https://nextagram.com/photos/458/10113187.jpg,2024-05-13 00:22:07
1536,372,https://nextagram.com/photos/372/24723458.jpg,2024-06-10 10:21:17
1537,440,https://nextagram.com/photos/440/14185545.jpg,2024-06-28 00:53:38
1538,118,https://nextagram.com/photos/118/89210454.jpg,2024-06-14 20:44:53
1539,209,https://nextagram.com/photos/209/61377152.jpg,2024-05-02 02:14:24
1540,213,https://nextagram.com/photos/213/83164605.jpg,2024-06-03 01:53:13
1541,103,https://nextagram.com/photos/103/73736162.jpg,2024-02-22 17:26:13
1542,73,https://nextagram.com/photos/73/61619474.jpg,2024-05-12 07:32:18
1543,435,https://nextagram.com/photos/435/66000400.jpg,2024-06-11 12:56:56
1544,82,https://nextagram.com/photos/82/26850922.jpg,2024-06-22 18:53:58
1545,71,https://nextagram.com/photos/71/97025331.jpg,2024-05-25 15:31:35
1546,9,https://nextagram.com/photos/9/75323947.jpg,2024-06-23 02:18:51
1547,359,https://nextagram.com/photos/359/21363335.jpg,2024-05-03 18:04:38
1548,73,https://nextagram.com/photos/73/65815175.jpg,2024-06-29 23:02:47
1549,439,https://nextagram.com/photos/439/91125155.jpg,2024-06-28 04:18:00
1550,468,https://nextagram.com/photos/468/70987778.jpg,2024-05-19 08:07:29
1551,276,https://nextagram.com/photos/276/61635535.jpg,2024-06-13 10:54:32
1552,187,https://nextagram.com/photos/187/67011913.jpg,2024-06-01 04:18:24
1553,326,https://nextagram.com/photos/326/76861495.jpg,2024-05-16 18:53:37
1554,435,https://nextagram.com/photos/435/77340900.jpg,2024-06-05 13:01:01
1555,134,https://nextagram.com/photos/134/87356703.jpg,2024-04-30 07:44:19
1556,194,https://nextagram.com/photos/194/86255745.jpg,2024-03-05 19:19:00
1557,261,https://nextagram.com/photos/261/25188664.jpg,2024-06-02 11:20:06
1558,313,https://nextagram.com/photos/313/29070658.jpg,2024-03-16 03:05:16
1559,385,https://nextagram.com/photos/385/47503167.jpg,2024-05-20 20:35:06
1560,247,https://nextagram.com/photos/247/80243759.jpg,2024-02-28 01:23:03
1561,452,https://nextagram.com/photos/452/42914388.jpg,2024-03-16 07:20:58
1562,254,https://nextagram.com/photos/254/99753695.jpg,2024-06-23 01:52:34
1563,40,https://nextagram.com/photos/40/82369824.jpg,2024-06-20 16:50:59
1564,411,https://nextagram.com/photos/411/92280717.jpg,2024-05-04 10:22:17
1565,24,https://nextagram.com/photos/24/81810948.jpg,2024-06-10 19:13:51
1566,399,https://nextagram.com/photos/399/70939515.jpg,2024-05-27 18:15:37
1567,277,https://nextagram.com/photos/277/87036318.jpg,2024-04-15 21:57:02
1568,389,https://nextagram.com/photos/389/57367387.jpg,2024-04-01 19:36:19
1569,482,https://nextagram.com/photos/482/48816900.jpg,2024-05-08 06:39:15
1570,82,https://nextagram.com/photos/82/90213415.jpg,2024-06-27 15:20:18
1571,390,https://nextagram.com/photos/390/85659375.jpg,2024-06-26 06:30:56
1572,130,https://nextagram.com/photos/130/87596783.jpg,2024-06-25 09:50:49
1573,82,https://nextagram.com/photos/82/98089763.jpg,2024-02-23 16:43:52
1574,493,https://nextagram.com/photos/493/48495745.jpg,2024-05-08 18:17:02
1575,261,https://nextagram.com/photos/261/77859961.jpg,2024-04-16 12:39:52
1576,39,https://nextagram.com/photos/39/43829709.jpg,2024-04-15 23:37:55
1577,70,https://nextagram.com/photos/70/46939015.jpg,2024-05-17 11:47:12
1578,438,https://nextagram.com/photos/438/24971907.jpg,2024-02-05 02:30:23
1579,326,https://nextagram.com/photos/326/30285078.jpg,2024-05-19 11:21:13
1580,359,https://nextagram.com/photos/359/33541704.jpg,2024-05-26 11:18:57
1581,130,https://nextagram.com/photos/130/75084661.jpg,2024-06-02 09:40:45
1582,85,https://nextagram.com/photos/85/14441335.jpg,2024-04-13 20:19:18
1583,176,https://nextagram.com/photos/176/29470999.jpg,2024-05-20 04:27:12
1584,323,https://nextagram.com/photos/323/30689702.jpg,2024-06-26 09:58:58
1585,434,https://nextagram.com/photos/434/65424925.jpg,2024-06-18 11:33:48
1586,394,https://nextagram.com/photos/394/98673262.jpg,2024-03-18 00:00:39
1587,235,https://nextagram.com/photos/235/32452379.jpg,2024-06-17 18:04:10
1588,103,https://nextagram.com/photos/103/56315279.jpg,2024-06-10 15:39:29
1589,25,https://nextagram.com/photos/25/25568500.jpg,2024-04-17 13:49:04
1590,24,https://nextagram.com/photos/24/63518621.jpg,2024-06-22 11:56:36
1591,258,https://nextagram.com/photos/258/81473736.jpg,2024-06-05 02:08:07
1592,118,https://nextagram.com/photos/118/62354374.jpg,2024-06-13 01:08:46
1593,256,https://nextagram.com/photos/256/81194737.jpg,2024-02-24 13:51:09
1594,440,https://nextagram.com/photos/440/48761035.jpg,2024-01-14 05:49:12
1595,468,https://nextagram.com/photos/468/61271721.jpg,2024-06-14 10:59:40
1596,362,https://nextagram.com/photos/362/15505291.jpg,2024-06-04 20:55:09
1597,54,https://nextagram.com/photos/54/95553621.jpg,2024-06-03 08:51:16
1598,186,https://nextagram.com/photos/186/67953319.jpg,2024-06-23 09:35:46
1599,330,https://nextagram.com/photos/330/46586490.jpg,2024-06-11 11:02:39
1600,171,https://nextagram.com/photos/171/23190487.jpg,2024-04-06 02:23:27
1601,127,https://nextagram.com/photos/127/62499769.jpg,2024-06-13 02:43:02
1602,246,https://nextagram.com/photos/246/42453439.jpg,2024-06-24 11:24:50
1603,389,https://nextagram.com/photos/389/36162482.jpg,2024-05-04 09:10:55
1604,282,https://nextagram.com/photos/282/52046364.jpg,2024-04-12 09:33:32
1605,300,https://nextagram.com/photos/300/11137651.jpg,2024-06-17 20:37:26
1606,431,https://nextagram.com/photos/431/65196875.jpg,2024-05-20 04:24:06
1607,55,https://nextagram.com/photos/55/69853349.jpg,2024-01-23 10:44:53
1608,183,https://nextagram.com/photos/183/43808923.jpg,2024-05-19 12:13:29
1609,91,https://nextagram.com/photos/91/93134088.jpg,2024-02-21 19:54:04
1610,50,https://nextagram.com/photos/50/98128100.jpg,2024-05-16 16:53:18
1611,454,https://nextagram.com/photos/454/90448089.jpg,2024-04-10 19:27:55
1612,346,https://nextagram.com/photos/346/26103055.jpg,2024-06-24 23:24:17
1613,46,https://nextagram.com/photos/46/27435856.jpg,2024-06-21 06:23:17
1614,199,https://nextagram.com/photos/199/96960449.jpg,2024-05-28 10:43:36
1615,307,https://nextagram.com/photos/307/24877375.jpg,2024-02-23 23:44:38
1616,368,https://nextagram.com/photos/368/49536330.jpg,2024-05-18 15:30:22
1617,249,https://nextagram.com/photos/249/95735668.jpg,2024-01-21 09:07:08
1618,242,https://nextagram.com/photos/242/67308741.jpg,2024-06-11 02:56:21
1619,366,https://nextagram.com/photos/366/53406567.jpg,2024-06-27 06:56:36
1620,128,https://nextagram.com/photos/128/19931717.jpg,2024-06-26 00:18:48
1621,134,https://nextagram.com/photos/134/61378412.jpg,2024-01-27 09:09:56
1622,205,https://nextagram.com/photos/205/44660198.jpg,2024-05-13 19:24:49
1623,480,https://nextagram.com/photos/480/33881291.jpg,2024-04-05 05:52:05
1624,235,https://nextagram.com/photos/235/36933352.jpg,2024-05-20 10:20:45
1625,330,https://nextagram.com/photos/330/96635285.jpg,2024-03-11 11:47:51
1626,266,https://nextagram.com/photos/266/82562419.jpg,2024-02-04 00:06:17
1627,393,https://nextagram.com/photos/393/92405160.jpg,2024-05-19 11:25:29
1628,350,https://nextagram.com/photos/350/44761889.jpg,2024-05-21 17:35:08
1629,58,https://nextagram.com/photos/58/19450582.jpg,2024-05-11 14:00:47
1630,309,https://nextagram.com/photos/309/69845276.jpg,2024-04-18 03:53:13
1631,11,https://nextagram.com/photos/11/29978882.jpg,2024-05-15 14:11:38
1632,356,https://nextagram.com/photos/356/15078212.jpg,2024-01-30 03:23:03
1633,360,https://nextagram.com/photos/360/30348410.jpg,2024-03-16 22:12:50
1634,371,https://nextagram.com/photos/371/87126909.jpg,2024-04-20 01:10:46
1635,3,https://nextagram.com/photos/3/75857881.jpg,2024-06-26 09:37:29
1636,258,https://nextagram.com/photos/258/19408620.jpg,2024-05-22 00:56:37
1637,297,https://nextagram.com/photos/297/61596498.jpg,2024-01-07 06:09:54
1638,480,https://nextagram.com/photos/480/26267678.jpg,2024-05-17 11:01:57
1639,308,https://nextagram.com/photos/308/54753520.jpg,2024-05-28 06:19:35
1640,364,https://nextagram.com/photos/364/17408103.jpg,2024-06-04 01:33:10
1641,342,https://nextagram.com/photos/342/22169115.jpg,2024-06-24 03:57:44
1642,193,https://nextagram.com/photos/193/20798726.jpg,2024-05-09 09:55:47
1643,435,https://nextagram.com/photos/435/96945247.jpg,2024-06-08 03:00:34
1644,100,https://nextagram.com/photos/100/15278941.jpg,2024-05-14 22:20:22
1645,483,https://nextagram.com/photos/483/35636010.jpg,2024-05-11 01:06:34
1646,145,https://nextagram.com/photos/145/24330160.jpg,2024-06-01 11:28:24
1647,342,https://nextagram.com/photos/342/75297400.jpg,2024-06-10 04:38:08
1648,45,https://nextagram.com/photos/45/68785183.jpg,2024-06-15 03:19:35
1649,390,https://nextagram.com/photos/390/14791343.jpg,2024-04-30 06:38:22
1650,91,https://nextagram.com/photos/91/42008932.jpg,2024-06-11 08:46:30
1651,264,https://nextagram.com/photos/264/82551667.jpg,2024-02-25 19:31:03
1652,350,https://nextagram.com/photos/350/81664219.jpg,2024-06-02 00:21:45
1653,483,https://nextagram.com/photos/483/70305001.jpg,2024-06-09 09:01:32
1654,483,https://nextagram.com/photos/483/14971784.jpg,2024-01-06 22:22:49
1655,174,https://nextagram.com/photos/174/15746469.jpg,2024-06-15 14:26:02
1656,213,https://nextagram.com/photos/213/97758252.jpg,2024-05-12 09:04:00
1657,360,https://nextagram.com/photos/360/82016051.jpg,2024-04-23 04:41:26
1658,80,https://nextagram.com/photos/80/19668169.jpg,2024-04-27 19:03:26
1659,16,https://nextagram.com/photos/16/75618337.jpg,2024-02-15 13:05:10
1660,357,https://nextagram.com/photos/357/92996496.jpg,2024-04-15 09:50:11
1661,20,https://nextagram.com/photos/20/11928065.jpg,2024-04-08 21:26:52
1662,82,https://nextagram.com/photos/82/51250118.jpg,2024-02-23 08:59:11
1663,427,https://nextagram.com/photos/427/71228059.jpg,2024-03-25 16:13:26
1664,331,https://nextagram.com/photos/331/89328380.jpg,2024-06-22 21:53:26
1665,32,https://nextagram.com/photos/32/25324937.jpg,2024-02-23 22:06:11
1666,267,https://nextagram.com/photos/267/39604743.jpg,2024-05-29 04:11:23
1667,32,https://nextagram.com/photos/32/67205134.jpg,2024-03-13 14:56:24
1668,172,https://nextagram.com/photos/172/53518077.jpg,2024-06-16 05:43:31
1669,66,https://nextagram.com/photos/66/87304983.jpg,2024-06-18 10:40:07
1670,299,https://nextagram.com/photos/299/38619492.jpg,2024-05-08 13:48:40
1671,393,https://nextagram.com/photos/393/33279749.jpg,2024-06-24 20:32:10
1672,171,https://nextagram.com/photos/171/46761344.jpg,2024-03-08 16:23:11
1673,74,https://nextagram.com/photos/74/32555403.jpg,2024-05-12 15:21:21
1674,369,https://nextagram.com/photos/369/68876111.jpg,2024-05-26 14:33:04
1675,120,https://nextagram.com/photos/120/15462513.jpg,2024-05-29 03:15:26
1676,71,https://nextagram.com/photos/71/94851724.jpg,2024-06-29 13:34:44
1677,332,https://nextagram.com/photos/332/12097866.jpg,2024-04-18 11:37:02
1678,445,https://nextagram.com/photos/445/10852226.jpg,2024-05-06 05:32:05
1679,6,https://nextagram.com/photos/6/97477181.jpg,2024-01-24 03:17:35
1680,321,https://nextagram.com/photos/321/65864403.jpg,2024-03-15 15:46:13
1681,367,https://nextagram.com/photos/367/27031212.jpg,2024-05-16 22:14:38
1682,102,https://nextagram.com/photos/102/46366259.jpg,2024-05-18 22:07:22
1683,285,https://nextagram.com/photos/285/42112095.jpg,2024-03-23 12:10:05
1684,471,https://nextagram.com/photos/471/15049433.jpg,2024-06-20 21:22:19
1685,323,https://nextagram.com/photos/323/77093782.jpg,2024-06-21 08:12:08
1686,332,https://nextagram.com/photos/332/94180238.jpg,2024-04-04 22:38:25
1687,431,https://nextagram.com/photos/431/56688115.jpg,2024-06-03 05:23:20
1688,224,https://nextagram.com/photos/224/41626932.jpg,2024-06-22 18:29:58
1689,90,https://nextagram.com/photos/90/22842469.jpg,2024-06-11 09:42:24
1690,334,https://nextagram.com/photos/334/82440371.jpg,2024-06-25 19:25:32
1691,274,https://nextagram.com/photos/274/94082607.jpg,2024-06-06 11:34:04
1692,359,https://nextagram.com/photos/359/17122803.jpg,2024-05-17 09:49:03
1693,91,https://nextagram.com/photos/91/73674613.jpg,2024-03-17 04:51:09
1694,267,https://nextagram.com/photos/267/99945021.jpg,2024-03-01 15:41:12
1695,468,https://nextagram.com/photos/468/96551756.jpg,2024-05-07 03:03:36
1696,193,https://nextagram.com/photos/193/68340640.jpg,2024-04-14 01:52:53
1697,124,https://nextagram.com/photos/124/70820445.jpg,2024-05-07 12:47:45
1698,18,https://nextagram.com/photos/18/82123324.jpg,2024-03-02 14:13:18
1699,82,https://nextagram.com/photos/82/75103838.jpg,2024-02-19 07:37:08
1700,278,https://nextagram.com/photos/278/41581408.jpg,2024-05-08 17:16:33
1701,382,https://nextagram.com/photos/382/87814308.jpg,2024-06-13 03:28:37
1702,164,https://nextagram.com/photos/164/53712695.jpg,2024-02-13 10:45:41
1703,116,https://nextagram.com/photos/116/53772726.jpg,2024-05-30 15:07:57
1704,114,https://nextagram.com/photos/114/65377624.jpg,2024-03-29 08:36:39
1705,440,https://nextagram.com/photos/440/39616854.jpg,2024-03-24 20:38:31
1706,38,https://nextagram.com/photos/38/75016103.jpg,2024-04-29 21:19:31
1707,25,https://nextagram.com/photos/25/29453688.jpg,2024-05-20 20:55:26
1708,107,https://nextagram.com/photos/107/71067841.jpg,2024-06-08 21:18:02
1709,83,https://nextagram.com/photos/83/28307917.jpg,2024-03-17 15:35:35
1710,244,https://nextagram.com/photos/244/94828438.jpg,2024-04-05 17:27:47
1711,189,https://nextagram.com/photos/189/37140286.jpg,2024-06-04 05:00:20
1712,171,https://nextagram.com/photos/171/86325036.jpg,2024-02-20 11:14:35
1713,29,https://nextagram.com/photos/29/24912833.jpg,2024-03-08 05:30:59
1714,435,https://nextagram.com/photos/435/66133052.jpg,2024-06-16 07:27:59
1715,82,https://nextagram.com/photos/82/39508245.jpg,2024-04-20 09:20:43
1716,449,https://nextagram.com/photos/449/95630804.jpg,2024-05-24 18:02:44
1717,479,https://nextagram.com/photos/479/87594146.jpg,2024-02-17 15:52:37
1718,483,https://nextagram.com/photos/483/40830120.jpg,2024-06-17 18:28:23
1719,46,https://nextagram.com/photos/46/75661110.jpg,2024-06-13 05:10:38
1720,440,https://nextagram.com/photos/440/89400640.jpg,2024-02-22 23:13:48
1721,255,https://nextagram.com/photos/255/47469681.jpg,2024-04-16 04:51:17
1722,8,https://nextagram.com/photos/8/43105363.jpg,2024-03-29 07:48:19
1723,121,https://nextagram.com/photos/121/87774748.jpg,2024-04-07 13:27:58
1724,110,https://nextagram.com/photos/110/29994374.jpg,2024-06-19 08:12:47
1725,466,https://nextagram.com/photos/466/66072388.jpg,2024-05-29 07:35:18
1726,488,https://nextagram.com/photos/488/73169926.jpg,2024-05-14 23:18:34
1727,388,https://nextagram.com/photos/388/14512474.jpg,2024-06-19 10:31:30
1728,227,https://nextagram.com/photos/227/74326441.jpg,2024-06-12 14:06:05
1729,419,https://nextagram.com/photos/419/70725652.jpg,2024-05-18 10:22:06
1730,267,https://nextagram.com/photos/267/84958851.jpg,2024-02-15 18:23:15
1731,390,https://nextagram.com/photos/390/64575354.jpg,2024-06-22 23:43:42
1732,478,https://nextagram.com/photos/478/58104396.jpg,2024-04-01 14:00:35
1733,143,https://nextagram.com/photos/143/22177508.jpg,2024-06-29 12:18:04
1734,9,https://nextagram.com/photos/9/50914476.jpg,2024-06-20 13:22:33
1735,82,https://nextagram.com/photos/82/86555214.jpg,2024-05-12 20:34:42
1736,390,https://nextagram.com/photos/390/71047698.jpg,2024-04-19 01:26:11
1737,247,https://nextagram.com/photos/247/64406548.jpg,2024-03-10 18:49:08
1738,88,https://nextagram.com/photos/88/94129142.jpg,2024-06-14 21:48:16
1739,247,https://nextagram.com/photos/247/10183025.jpg,2024-06-14 20:39:12
1740,439,https://nextagram.com/photos/439/61657620.jpg,2024-01-20 09:22:59
1741,454,https://nextagram.com/photos/454/81258920.jpg,2024-05-03 08:26:38
1742,16,https://nextagram.com/photos/16/46210517.jpg,2024-04-10 18:04:31
1743,370,https://nextagram.com/photos/370/82804407.jpg,2024-05-06 18:57:20
1744,311,https://nextagram.com/photos/311/20866138.jpg,2024-05-02 21:21:49
1745,335,https://nextagram.com/photos/335/17356698.jpg,2024-03-22 18:25:20
1746,278,https://nextagram.com/photos/278/16920612.jpg,2024-06-06 04:19:14
1747,61,https://nextagram.com/photos/61/72458605.jpg,2024-06-06 12:53:57
1748,334,https://nextagram.com/photos/334/59181804.jpg,2024-04-09 23:59:46
1749,82,https://nextagram.com/photos/82/18993381.jpg,2024-06-01 04:19:03
1750,305,https://nextagram.com/photos/305/37476059.jpg,2024-06-16 14:18:57
1751,73,https://nextagram.com/photos/73/42028739.jpg,2024-03-30 11:58:18
1752,297,https://nextagram.com/photos/297/74222305.jpg,2024-05-11 15:29:23
1753,390,https://nextagram.com/photos/390/87862305.jpg,2024-06-28 17:28:54
1754,440,https://nextagram.com/photos/440/38158070.jpg,2024-05-27 10:01:23
1755,390,https://nextagram.com/photos/390/40257672.jpg,2024-06-29 13:32:29
1756,159,https://nextagram.com/photos/159/45884163.jpg,2024-06-25 01:49:44
1757,271,https://nextagram.com/photos/271/47197817.jpg,2024-06-07 18:09:38
1758,25,https://nextagram.com/photos/25/56335527.jpg,2024-05-08 15:05:01
1759,242,https://nextagram.com/photos/242/80690141.jpg,2024-06-22 01:09:39
1760,431,https://nextagram.com/photos/431/81391010.jpg,2024-06-11 10:14:47
1761,362,https://nextagram.com/photos/362/49227057.jpg,2024-06-05 09:02:44
1762,242,https://nextagram.com/photos/242/18808386.jpg,2024-06-15 13:51:00
1763,89,https://nextagram.com/photos/89/21718382.jpg,2024-05-29 04:56:10
1764,40,https://nextagram.com/photos/40/48704726.jpg,2024-05-07 12:54:44
1765,481,https://nextagram.com/photos/481/24678711.jpg,2024-05-18 11:15:38
1766,82,https://nextagram.com/photos/82/29858055.jpg,2024-03-06 10:14:15
1767,267,https://nextagram.com/photos/267/79885511.jpg,2024-03-10 07:03:20
1768,479,https://nextagram.com/photos/479/49348536.jpg,2024-01-20 01:39:52
1769,222,https://nextagram.com/photos/222/82670169.jpg,2024-06-05 12:30:33
1770,468,https://nextagram.com/photos/468/56533319.jpg,2024-06-16 21:26:42
1771,225,https://nextagram.com/photos/225/96528081.jpg,2024-06-24 12:33:10
1772,11,https://nextagram.com/photos/11/18448940.jpg,2024-04-15 15:00:32
1773,11,https://nextagram.com/photos/11/41182544.jpg,2024-06-14 03:14:09
1774,432,https://nextagram.com/photos/432/96526415.jpg,2024-06-04 13:07:14
1775,171,https://nextagram.com/photos/171/56008827.jpg,2024-06-05 14:37:50
1776,357,https://nextagram.com/photos/357/53796105.jpg,2024-06-15 16:39:40
1777,262,https://nextagram.com/photos/262/81157706.jpg,2024-06-05 00:20:38
1778,435,https://nextagram.com/photos/435/71472671.jpg,2024-06-15 15:56:40
1779,148,https://nextagram.com/photos/148/51137063.jpg,2024-04-17 21:57:26
1780,82,https://nextagram.com/photos/82/40438156.jpg,2024-04-04 03:53:16
1781,261,https://nextagram.com/photos/261/16351040.jpg,2024-05-17 20:29:36
1782,80,https://nextagram.com/photos/80/71193423.jpg,2024-05-07 18:34:54
1783,481,https://nextagram.com/photos/481/81848989.jpg,2024-05-26 14:37:41
1784,138,https://nextagram.com/photos/138/99436783.jpg,2024-05-25 04:02:31
1785,409,https://nextagram.com/photos/409/41931112.jpg,2024-05-08 07:23:21
1786,64,https://nextagram.com/photos/64/87111463.jpg,2024-06-03 20:30:43
1787,67,https://nextagram.com/photos/67/59616555.jpg,2024-04-23 13:15:43
1788,87,https://nextagram.com/photos/87/14655890.jpg,2024-06-03 11:49:52
1789,360,https://nextagram.com/photos/360/29856736.jpg,2024-03-31 22:58:23
1790,197,https://nextagram.com/photos/197/31823481.jpg,2024-05-18 15:59:12
1791,292,https://nextagram.com/photos/292/13345404.jpg,2024-04-06 10:00:59
1792,213,https://nextagram.com/photos/213/29513094.jpg,2024-06-09 07:32:47
1793,476,https://nextagram.com/photos/476/30945115.jpg,2024-04-25 03:23:35
1794,4,https://nextagram.com/photos/4/83302419.jpg,2024-06-28 17:10:14
1795,486,https://nextagram.com/photos/486/96871612.jpg,2024-04-25 06:38:24
1796,374,https://nextagram.com/photos/374/48899945.jpg,2024-06-18 07:36:10
1797,483,https://nextagram.com/photos/483/87004412.jpg,2024-05-29 04:30:48
1798,360,https://nextagram.com/photos/360/85864089.jpg,2024-06-28 10:49:30
1799,384,https://nextagram.com/photos/384/69338400.jpg,2024-06-28 08:33:24
1800,173,https://nextagram.com/photos/173/74287772.jpg,2024-03-26 14:14:24
1801,458,https://nextagram.com/photos/458/83948598.jpg,2024-05-21 09:27:10
1802,64,https://nextagram.com/photos/64/63905855.jpg,2024-05-06 12:29:53
1803,334,https://nextagram.com/photos/334/69857441.jpg,2024-03-12 19:17:07
1804,188,https://nextagram.com/photos/188/17386489.jpg,2024-05-14 03:22:22
1805,330,https://nextagram.com/photos/330/88306842.jpg,2024-03-14 17:39:38
1806,288,https://nextagram.com/photos/288/47302753.jpg,2024-06-27 16:54:45
1807,93,https://nextagram.com/photos/93/82264474.jpg,2024-02-05 02:17:08
1808,435,https://nextagram.com/photos/435/21727533.jpg,2024-06-26 22:01:09
1809,486,https://nextagram.com/photos/486/36098642.jpg,2024-05-07 12:54:28
1810,265,https://nextagram.com/photos/265/17522583.jpg,2024-06-25 06:24:29
1811,463,https://nextagram.com/photos/463/63359331.jpg,2024-05-18 13:37:07
1812,80,https://nextagram.com/photos/80/59610894.jpg,2024-06-04 14:12:52
1813,203,https://nextagram.com/photos/203/48205125.jpg,2024-05-12 10:03:27
1814,177,https://nextagram.com/photos/177/69804203.jpg,2024-03-06 05:24:34
1815,443,https://nextagram.com/photos/443/38950113.jpg,2024-04-28 10:32:07
1816,383,https://nextagram.com/photos/383/65782199.jpg,2024-06-20 14:53:18
1817,416,https://nextagram.com/photos/416/31983567.jpg,2024-06-13 15:34:55
1818,417,https://nextagram.com/photos/417/65592149.jpg,2024-05-24 03:00:36
1819,73,https://nextagram.com/photos/73/90253572.jpg,2024-05-18 11:32:37
1820,46,https://nextagram.com/photos/46/50698994.jpg,2024-05-13 17:32:21
1821,256,https://nextagram.com/photos/256/55018873.jpg,2024-05-08 09:29:08
1822,34,https://nextagram.com/photos/34/21871327.jpg,2024-05-26 16:36:59
1823,6,https://nextagram.com/photos/6/46685578.jpg,2024-05-09 20:55:00
1824,220,https://nextagram.com/photos/220/72024691.jpg,2024-04-27 17:18:52
1825,375,https://nextagram.com/photos/375/28378036.jpg,2024-06-13 15:15:08
1826,96,https://nextagram.com/photos/96/48851088.jpg,2024-06-16 20:41:36
1827,304,https://nextagram.com/photos/304/50532800.jpg,2024-05-29 07:30:29
1828,431,https://nextagram.com/photos/431/76317044.jpg,2024-06-03 08:33:06
1829,305,https://nextagram.com/photos/305/40134594.jpg,2024-05-17 11:40:31
1830,13,https://nextagram.com/photos/13/30672747.jpg,2024-05-15 17:24:57
1831,131,https://nextagram.com/photos/131/95437748.jpg,2024-05-31 00:25:21
1832,254,https://nextagram.com/photos/254/99377391.jpg,2024-06-22 02:45:06
1833,453,https://nextagram.com/photos/453/34074943.jpg,2024-06-03 08:07:00
1834,266,https://nextagram.com/photos/266/96541691.jpg,2024-05-19 15:11:29
1835,120,https://nextagram.com/photos/120/47207440.jpg,2024-02-29 07:14:23
1836,266,https://nextagram.com/photos/266/90381832.jpg,2024-01-20 00:34:12
1837,390,https://nextagram.com/photos/390/74489726.jpg,2024-06-12 02:31:48
1838,307,https://nextagram.com/photos/307/94288202.jpg,2024-03-09 04:36:53
1839,365,https://nextagram.com/photos/365/26050250.jpg,2024-06-25 09:01:48
1840,197,https://nextagram.com/photos/197/87210585.jpg,2024-06-25 03:51:16
1841,11,https://nextagram.com/photos/11/31856985.jpg,2024-04-22 11:13:52
1842,314,https://nextagram.com/photos/314/52906872.jpg,2024-02-21 20:20:43
1843,246,https://nextagram.com/photos/246/28186152.jpg,2024-06-25 08:22:33
1844,188,https://nextagram.com/photos/188/46597195.jpg,2024-03-22 00:52:20
1845,191,https://nextagram.com/photos/191/57779407.jpg,2024-06-19 16:34:45
1846,21,https://nextagram.com/photos/21/81083363.jpg,2024-04-23 14:33:46
1847,347,https://nextagram.com/photos/347/78969993.jpg,2024-01-16 11:30:28
1848,91,https://nextagram.com/photos/91/34595062.jpg,2024-06-18 04:16:51
1849,393,https://nextagram.com/photos/393/32432603.jpg,2024-06-25 09:45:54
1850,299,https://nextagram.com/photos/299/50409241.jpg,2024-05-07 12:44:28
1851,134,https://nextagram.com/photos/134/58656970.jpg,2024-05-29 19:11:01
1852,53,https://nextagram.com/photos/53/29289438.jpg,2024-05-22 10:11:10
1853,7,https://nextagram.com/photos/7/47771252.jpg,2024-05-25 20:07:44
1854,197,https://nextagram.com/photos/197/65296966.jpg,2024-05-07 23:49:09
1855,174,https://nextagram.com/photos/174/23746292.jpg,2024-06-07 02:54:21
1856,108,https://nextagram.com/photos/108/39677351.jpg,2024-05-09 18:11:55
1857,431,https://nextagram.com/photos/431/84981433.jpg,2024-06-27 04:49:56
1858,332,https://nextagram.com/photos/332/81416669.jpg,2024-06-28 22:09:05
1859,377,https://nextagram.com/photos/377/25296356.jpg,2024-06-05 17:15:43
1860,222,https://nextagram.com/photos/222/20254278.jpg,2024-06-28 04:54:05
1861,64,https://nextagram.com/photos/64/12332623.jpg,2024-05-16 20:30:48
1862,259,https://nextagram.com/photos/259/58663129.jpg,2024-05-04 00:14:57
1863,73,https://nextagram.com/photos/73/90215042.jpg,2024-04-20 06:39:58
1864,285,https://nextagram.com/photos/285/33113253.jpg,2024-03-09 22:00:32
1865,375,https://nextagram.com/photos/375/25917805.jpg,2024-04-04 02:25:17
1866,110,https://nextagram.com/photos/110/40410305.jpg,2024-03-24 01:48:00
1867,150,https://nextagram.com/photos/150/27477597.jpg,2024-03-07 04:35:36
1868,488,https://nextagram.com/photos/488/24995099.jpg,2024-06-21 07:50:01
1869,40,https://nextagram.com/photos/40/67881056.jpg,2024-06-06 04:38:46
1870,17,https://nextagram.com/photos/17/14401363.jpg,2024-03-31 16:25:49
1871,408,https://nextagram.com/photos/408/89614758.jpg,2024-06-14 22:53:21
1872,28,https://nextagram.com/photos/28/43958759.jpg,2024-02-24 17:14:25
1873,18,https://nextagram.com/photos/18/99601933.jpg,2024-04-19 23:31:39
1874,7,https://nextagram.com/photos/7/26615289.jpg,2024-03-04 23:01:03
1875,468,https://nextagram.com/photos/468/88866745.jpg,2024-05-21 19:47:10
1876,458,https://nextagram.com/photos/458/57182050.jpg,2024-05-25 19:08:45
1877,14,https://nextagram.com/photos/14/47228730.jpg,2024-03-23 06:19:07
1878,477,https://nextagram.com/photos/477/57271923.jpg,2024-05-07 09:05:29
1879,82,https://nextagram.com/photos/82/92269619.jpg,2024-05-20 21:17:26
1880,120,https://nextagram.com/photos/120/19172042.jpg,2024-05-26 20:29:46
1881,55,https://nextagram.com/photos/55/11876942.jpg,2024-04-24 12:48:12
1882,290,https://nextagram.com/photos/290/47830178.jpg,2024-03-30 16:21:04
1883,82,https://nextagram.com/photos/82/10581018.jpg,2024-05-27 23:21:22
1884,486,https://nextagram.com/photos/486/38724658.jpg,2024-03-11 02:40:09
1885,468,https://nextagram.com/photos/468/59185834.jpg,2024-06-16 23:20:02
1886,370,https://nextagram.com/photos/370/69010948.jpg,2024-02-13 19:14:30
1887,360,https://nextagram.com/photos/360/34273079.jpg,2024-02-15 00:41:54
1888,432,https://nextagram.com/photos/432/66920644.jpg,2024-05-21 22:53:03
1889,105,https://nextagram.com/photos/105/64704189.jpg,2024-06-06 09:59:22
1890,62,https://nextagram.com/photos/62/26591378.jpg,2024-06-12 06:09:51
1891,248,https://nextagram.com/photos/248/28241849.jpg,2024-06-02 23:04:35
1892,267,https://nextagram.com/photos/267/48691113.jpg,2024-04-09 18:42:07
1893,305,https://nextagram.com/photos/305/21039132.jpg,2024-04-06 10:22:45
1894,165,https://nextagram.com/photos/165/61644447.jpg,2024-03-28 00:24:10
1895,137,https://nextagram.com/photos/137/51876858.jpg,2024-05-27 06:10:16
1896,365,https://nextagram.com/photos/365/40316218.jpg,2024-06-13 05:25:19
1897,304,https://nextagram.com/photos/304/67440042.jpg,2024-06-10 08:51:51
1898,89,https://nextagram.com/photos/89/73844258.jpg,2024-04-21 12:12:47
1899,471,https://nextagram.com/photos/471/34064874.jpg,2024-06-09 02:08:38
1900,7,https://nextagram.com/photos/7/75987927.jpg,2024-06-25 03:05:11
1901,360,https://nextagram.com/photos/360/68795196.jpg,2024-04-11 03:44:49
1902,284,https://nextagram.com/photos/284/21409300.jpg,2024-06-12 23:21:02
1903,64,https://nextagram.com/photos/64/63770881.jpg,2024-06-11 10:41:51
1904,367,https://nextagram.com/photos/367/32645646.jpg,2024-03-05 05:55:28
1905,32,https://nextagram.com/photos/32/55450370.jpg,2024-03-12 22:22:25
1906,97,https://nextagram.com/photos/97/26476859.jpg,2024-04-07 15:47:01
1907,117,https://nextagram.com/photos/117/76989425.jpg,2024-04-02 05:56:42
1908,134,https://nextagram.com/photos/134/88103795.jpg,2024-06-01 19:32:29
1909,321,https://nextagram.com/photos/321/96413557.jpg,2024-06-15 10:06:45
1910,474,https://nextagram.com/photos/474/73864322.jpg,2024-04-04 20:26:34
1911,360,https://nextagram.com/photos/360/75032899.jpg,2024-04-12 17:22:25
1912,276,https://nextagram.com/photos/276/71020042.jpg,2024-04-15 16:21:24
1913,61,https://nextagram.com/photos/61/75678288.jpg,2024-05-31 23:01:47
1914,267,https://nextagram.com/photos/267/28066831.jpg,2024-05-31 15:34:27
1915,15,https://nextagram.com/photos/15/19157497.jpg,2024-05-30 20:43:04
1916,268,https://nextagram.com/photos/268/34037816.jpg,2024-04-04 14:17:01
1917,201,https://nextagram.com/photos/201/30499966.jpg,2024-05-29 14:06:36
1918,147,https://nextagram.com/photos/147/22929680.jpg,2024-05-10 22:12:52
1919,390,https://nextagram.com/photos/390/79786361.jpg,2024-06-19 20:58:42
1920,393,https://nextagram.com/photos/393/37102821.jpg,2024-06-12 12:27:25
1921,141,https://nextagram.com/photos/141/75800289.jpg,2024-05-02 19:13:10
1922,272,https://nextagram.com/photos/272/56119311.jpg,2024-06-14 20:46:24
1923,419,https://nextagram.com/photos/419/14241081.jpg,2024-05-10 15:11:19
1924,494,https://nextagram.com/photos/494/61489930.jpg,2024-02-20 07:36:47
1925,241,https://nextagram.com/photos/241/69398880.jpg,2024-05-29 23:56:05
1926,245,https://nextagram.com/photos/245/33738978.jpg,2024-03-28 18:55:05
1927,305,https://nextagram.com/photos/305/50673953.jpg,2024-06-25 00:32:24
1928,448,https://nextagram.com/photos/448/75965276.jpg,2024-04-15 12:35:52
1929,229,https://nextagram.com/photos/229/62221499.jpg,2024-06-03 04:48:04
1930,262,https://nextagram.com/photos/262/86350455.jpg,2024-04-11 23:40:01
1931,360,https://nextagram.com/photos/360/84327616.jpg,2024-06-01 08:43:09
1932,365,https://nextagram.com/photos/365/73057955.jpg,2024-06-19 10:50:57
1933,257,https://nextagram.com/photos/257/30979701.jpg,2024-06-24 16:54:35
1934,273,https://nextagram.com/photos/273/45351739.jpg,2024-04-17 20:11:21
1935,267,https://nextagram.com/photos/267/92804241.jpg,2024-04-12 23:49:04
1936,360,https://nextagram.com/photos/360/48176560.jpg,2024-06-22 00:32:33
1937,159,https://nextagram.com/photos/159/89250658.jpg,2024-05-13 20:27:17
1938,20,https://nextagram.com/photos/20/56825449.jpg,2024-05-24 16:41:34
1939,419,https://nextagram.com/photos/419/93906615.jpg,2024-05-11 12:41:42
1940,175,https://nextagram.com/photos/175/67465077.jpg,2024-05-14 01:21:48
1941,177,https://nextagram.com/photos/177/65288255.jpg,2024-03-15 19:04:27
1942,183,https://nextagram.com/photos/183/42779846.jpg,2024-06-25 04:53:45
1943,121,https://nextagram.com/photos/121/51889289.jpg,2024-05-19 02:00:19
1944,320,https://nextagram.com/photos/320/18791292.jpg,2024-06-17 17:07:15
1945,440,https://nextagram.com/photos/440/55311134.jpg,2024-02-03 04:00:33
1946,82,https://nextagram.com/photos/82/53770661.jpg,2024-05-28 05:22:10
1947,16,https://nextagram.com/photos/16/66703371.jpg,2024-05-25 18:38:49
1948,309,https://nextagram.com/photos/309/45784981.jpg,2024-05-21 06:49:48
1949,11,https://nextagram.com/photos/11/88918579.jpg,2024-05-12 20:56:45
1950,11,https://nextagram.com/photos/11/60699081.jpg,2024-04-27 23:59:51
1951,309,https://nextagram.com/photos/309/86844836.jpg,2024-05-02 02:36:56
1952,55,https://nextagram.com/photos/55/23429380.jpg,2024-04-07 02:25:17
1953,366,https://nextagram.com/photos/366/55092789.jpg,2024-03-29 15:24:04
1954,267,https://nextagram.com/photos/267/99575241.jpg,2024-06-27 03:51:48
1955,174,https://nextagram.com/photos/174/50201014.jpg,2024-06-29 01:17:23
1956,193,https://nextagram.com/photos/193/37079584.jpg,2024-05-28 00:59:18
1957,267,https://nextagram.com/photos/267/81918425.jpg,2024-02-14 06:10:30
1958,105,https://nextagram.com/photos/105/16379551.jpg,2024-06-08 05:47:52
1959,143,https://nextagram.com/photos/143/63959197.jpg,2024-06-15 02:52:45
1960,416,https://nextagram.com/photos/416/22342371.jpg,2024-06-29 22:58:43
1961,379,https://nextagram.com/photos/379/22714930.jpg,2024-06-17 06:46:05
1962,319,https://nextagram.com/photos/319/19028796.jpg,2024-06-03 00:18:14
1963,308,https://nextagram.com/photos/308/67325182.jpg,2024-06-19 20:33:25
1964,103,https://nextagram.com/photos/103/20289344.jpg,2024-06-22 13:17:36
1965,355,https://nextagram.com/photos/355/77731571.jpg,2024-05-15 02:11:56
1966,416,https://nextagram.com/photos/416/99047650.jpg,2024-06-20 15:40:35
1967,297,https://nextagram.com/photos/297/65608317.jpg,2024-02-14 11:10:40
1968,211,https://nextagram.com/photos/211/79171687.jpg,2024-06-28 10:00:51
1969,242,https://nextagram.com/photos/242/34239835.jpg,2024-06-24 06:53:08
1970,446,https://nextagram.com/photos/446/79286427.jpg,2024-06-12 04:07:44
1971,440,https://nextagram.com/photos/440/77001977.jpg,2024-05-02 22:49:08
1972,105,https://nextagram.com/photos/105/45961754.jpg,2024-06-18 01:18:29
1973,471,https://nextagram.com/photos/471/92466364.jpg,2024-06-17 02:42:24
1974,435,https://nextagram.com/photos/435/85982862.jpg,2024-06-15 02:30:32
1975,382,https://nextagram.com/photos/382/80097837.jpg,2024-03-01 16:19:57
1976,97,https://nextagram.com/photos/97/29829822.jpg,2024-04-18 23:00:16
1977,120,https://nextagram.com/photos/120/50302318.jpg,2024-06-18 04:46:02
1978,435,https://nextagram.com/photos/435/52768905.jpg,2024-06-13 23:10:16
1979,439,https://nextagram.com/photos/439/95084307.jpg,2024-01-19 04:09:28
1980,100,https://nextagram.com/photos/100/45827376.jpg,2024-04-17 08:23:55
1981,429,https://nextagram.com/photos/429/44419684.jpg,2024-04-05 00:36:12
1982,365,https://nextagram.com/photos/365/64474404.jpg,2024-06-03 03:17:14
1983,120,https://nextagram.com/photos/120/35758531.jpg,2024-03-06 05:52:54
1984,14,https://nextagram.com/photos/14/72298460.jpg,2024-04-24 07:11:53
1985,261,https://nextagram.com/photos/261/66642448.jpg,2024-06-15 14:09:40
1986,352,https://nextagram.com/photos/352/37110707.jpg,2024-05-15 07:33:29
1987,82,https://nextagram.com/photos/82/13911355.jpg,2024-03-11 03:58:41
1988,128,https://nextagram.com/photos/128/47281925.jpg,2024-06-27 02:53:07
1989,359,https://nextagram.com/photos/359/96475652.jpg,2024-05-07 15:46:20
1990,435,https://nextagram.com/photos/435/75208604.jpg,2024-06-29 02:55:35
1991,400,https://nextagram.com/photos/400/21264832.jpg,2024-03-04 21:05:45
1992,155,https://nextagram.com/photos/155/18533790.jpg,2024-05-09 14:21:16
1993,458,https://nextagram.com/photos/458/58779318.jpg,2024-06-16 08:58:03
1994,360,https://nextagram.com/photos/360/63270351.jpg,2024-02-11 17:23:16
1995,474,https://nextagram.com/photos/474/28865664.jpg,2024-06-15 08:05:10
1996,118,https://nextagram.com/photos/118/77142220.jpg,2024-06-02 02:55:00
1997,468,https://nextagram.com/photos/468/99149714.jpg,2024-06-21 13:24:57
1998,431,https://nextagram.com/photos/431/80499222.jpg,2024-06-26 05:32:28
1999,124,https://nextagram.com/photos/124/22112987.jpg,2024-06-28 12:34:49
2000,119,https://nextagram.com/photos/119/52065222.jpg,2024-02-04 19:55:44
