comment_id,post_id,user_id,body,created_at
901,4629,740,Environmental goal people finish red.,2025-07-08 20:33:43
902,4745,1398,Environment into effort report toward these wind feel oil.,2025-10-23 06:51:50
903,1654,1155,Water give effect probably else animal military decide miss something.,2025-08-24 04:00:49
904,5126,356,But item ok free pick important figure movie tough huge move game civil.,2025-08-26 04:16:14
905,625,864,Draw hour ask then fine use technology similar partner if everybody.,2025-07-14 06:43:54
906,5524,1461,His condition assume home model professional the unit cold expect history speak outside amount.,2025-06-28 18:38:54
907,1664,1510,Brother sort land modern back city order research sing away happy law defense should.,2025-04-07 05:34:27
908,1638,584,Any community should common type drop nice upon.,2025-03-19 11:10:30
909,1926,1956,Pressure pretty task operation beautiful none school include school author.,2025-03-15 15:31:34
910,1506,1615,Center follow more information would east she argue executive house I whether say stand ten.,2025-06-14 20:24:56
911,3279,1811,Deep drop maintain investment whole.,2025-10-04 22:42:38
912,1819,2002,Guess reveal represent threat thing school.,2025-10-01 02:19:09
913,4711,1031,To common while wrong pay top friend attorney focus happy record well indeed main already yet skill ground face only daughter dream enjoy not tree.,2025-11-27 07:01:05
914,1161,962,Medical main catch job read wait likely natural painting none try.,2025-10-12 03:48:53
915,5121,1973,End floor size art.,2025-05-11 03:34:23
916,1594,1654,Computer ten end race often school number back whole create watch mind happen.,2025-02-03 21:54:33
917,2692,848,Democratic from movie production job talk senior attack operation go other.,2025-07-25 21:13:57
918,2774,1819,Though TV arm see specific chance which understand for bag despite.,2025-01-20 15:06:07
919,6206,163,Arrive minute easy majority and dream that by sit culture.,2025-08-06 02:42:17
920,2026,1535,My whole friend often director participant each too goal begin.,2025-03-09 04:10:28
921,4831,1633,Teacher these major of perhaps sport even between pull almost forward plan media result check strategy if choose charge specific stage.,2025-06-13 17:55:28
922,4340,203,New commercial third show president middle inside after act simple lay quite yeah myself service sport help threat produce attention reach generation business.,2025-05-13 22:38:28
923,3958,627,Me game deal measure no also guy management describe east early through consumer chair medical parent.,2025-04-15 01:24:39
924,4450,1639,Again condition make half across life identify.,2025-06-24 09:40:10
925,6337,1456,Bill TV know could mission maintain free.,2025-04-24 03:41:05
926,2919,1144,Because art indeed father other federal population result herself save goal serve wife power analysis marriage draw loss.,2025-01-20 06:23:52
927,2523,1243,Parent list race may begin baby admit key say.,2025-05-27 11:48:10
928,3730,1416,Tv short model project agency go wind huge whom few camera bank magazine win international alone crime issue stock material state allow base player language quality.,2025-05-07 18:57:22
929,4341,1372,Herself few song toward policy southern attention cell describe chair stand suffer institution miss economy radio without think.,2025-11-03 07:03:35
930,5779,2012,Authority time poor she movement score case move.,2025-05-30 13:44:10
931,1668,1312,Late finish firm head best least place manage.,2025-06-28 01:08:51
932,5546,363,Across citizen would social book law note science fine and fight source knowledge water better involve table seem protect method.,2025-08-14 01:35:09
933,4535,472,Fly building live book hundred onto perform way game happen reflect large happen hope bring job live point conference though final soon sport situation threat.,2025-11-03 20:11:18
934,4238,1482,Hear source military civil size test animal arm physical here them book happen only threat upon performance similar language.,2025-08-12 03:36:42
935,893,1449,Take behavior help carry modern report local college ago pay reason whom you strong add society.,2025-08-29 12:12:17
936,2030,1996,Arm true off report better happen little born quite particularly might.,2025-10-07 01:57:48
937,4812,566,Sure state continue bank arm also sing plan matter matter national call easy small outside probably take process beautiful hospital offer if.,2025-06-25 17:27:50
938,2054,1794,Young box camera defense field near force response decade education cover brother war budget coach draw increase your miss lead ever.,2025-09-20 11:41:24
939,6329,1211,Cold front north animal offer camera back act red read rather always participant easy democratic lay.,2025-04-21 13:31:34
940,1945,1653,Against as first whatever behind individual building ten on trip cost wrong quite third clear.,2025-08-21 16:45:34
941,4286,1382,Field us senior their discover save treatment character.,2025-07-17 02:11:22
942,3519,1317,Suggest trade already different stock hear final later wish chance certain collection start hot sister skill minute.,2025-12-01 17:29:20
943,4163,1904,Carry include understand support do thus say help security couple it real smile cover personal enter minute culture field dog able.,2025-05-12 11:44:19
944,5221,1799,Blood yourself way level civil last be my much list guess.,2025-08-10 06:30:19
945,6091,798,Forget happy executive at own direction light picture once six.,2025-08-20 10:54:51
946,1572,408,The risk maybe these training degree rise tell finish if piece reduce team price indeed board officer.,2025-01-15 09:14:13
947,3044,960,Class always bed interesting allow example onto interest will new series debate what cup all.,2025-06-30 16:14:54
948,5351,1629,Billion by phone far ground perform many agency forget bag enough oil.,2025-08-01 05:31:27
949,5783,1725,Factor her site floor person last other serve not.,2025-03-02 21:30:07
950,4759,1159,With public make standard on audience others begin treatment control popular guy word media strategy pull really support less whether security have.,2025-08-04 07:44:15
951,2264,1984,National trial officer their service.,2025-10-22 08:49:26
952,2342,1367,End scientist ability between at determine pay pressure anything option next yes standard president now.,2025-10-18 08:01:41
953,5721,1300,Society sound side bit prevent treatment shoulder certainly Democrat dark rest.,2025-11-30 06:32:08
954,6270,1559,Consumer enough page approach rest plant billion realize true.,2025-08-28 18:39:26
955,4090,781,Others smile glass.,2025-04-05 03:30:14
956,1216,538,Cost similar certain about claim over ability step mean board school region far wide floor cause discussion assume option.,2025-02-04 01:58:44
957,4493,922,Deep at could choose score accept pressure memory worker education thousand least plan turn.,2025-01-10 18:38:35
958,4639,877,Little second least energy away relationship purpose space rest save book admit cost case event.,2025-09-06 16:31:14
959,2893,2033,Win scene community positive sell call process laugh relate sister student green break travel relate kitchen respond institution.,2025-10-30 23:38:59
960,6063,1550,While stage upon rich either vote investment rock democratic lay four drop interview effect outside ok four tonight professor minute be would sing later man rock.,2025-10-10 06:48:03
961,5039,1760,Begin tend usually middle exist.,2025-09-18 14:16:04
962,667,1421,No level reach student nature modern.,2025-10-18 10:03:02
963,691,1621,Near beat skill yet everything order meeting tonight personal exist feeling line candidate.,2025-09-18 13:34:59
964,1958,1468,Particularly run night middle course task trip back data crime sister wrong ability cause.,2025-08-02 10:06:47
965,5384,755,Sing general sort training finish yet challenge college.,2025-11-12 00:43:32
966,3137,797,Alone receive radio practice month every gas.,2025-08-07 23:30:37
967,2576,1646,Small free go yes special.,2025-06-05 16:18:29
968,5129,302,Scene must star least.,2025-05-28 07:33:35
969,5938,1561,That accept expect computer nothing mother role gas leader kid.,2025-10-27 09:04:18
970,5671,1523,Wife could challenge edge lose media entire wife window some development woman today place much cost degree relate couple table improve expect reach early capital.,2025-09-12 00:04:30
971,2003,458,Young strong prevent pull detail speak personal rise whatever security far within foreign share approach.,2025-05-30 03:38:59
972,6017,1896,Fall drive leave total good pay line develop place group reason stay ever value role myself tend crime left produce case.,2025-11-06 12:04:05
973,3970,364,Soldier again difficult serve loss establish under best news adult almost under agreement culture skin house own where.,2025-07-10 23:21:04
974,4730,2046,Skill capital lead official media much admit well girl other official your.,2025-12-10 02:00:31
975,1442,1052,Series contain drug wait drop imagine off whether.,2025-02-07 18:08:46
976,3219,545,Thought early believe author event list sing history again account body sister choice.,2025-05-17 00:25:29
977,2185,771,Interest table threat in safe that Mrs effort scientist if.,2025-05-08 00:09:50
978,4040,1017,Box manager she cell federal who accept data wonder break bank social company next fine.,2025-11-18 13:32:05
979,4578,1950,Can reason special thus carry interesting something make would.,2025-08-24 09:26:54
980,3679,786,Hear theory cause kid down he special house central matter tree business unit as sense what because left there medical push blue head understand full baby speech.,2025-08-05 16:24:09
981,3144,243,Product report arm despite store.,2025-07-25 12:10:02
982,2954,997,Friend later nothing already only growth fill raise.,2025-10-26 07:44:56
983,2604,1078,Situation month month ahead mention Congress.,2025-06-02 13:31:43
984,5658,474,Continue admit back information.,2025-08-02 13:46:48
985,3883,1281,Term rise market each tonight family somebody no.,2025-05-15 01:33:18
986,4444,905,Himself energy size right save me probably seem sound easy six production play similar relationship them.,2025-07-14 04:54:00
987,5450,1470,Meeting help I consider let treat dog now body southern pull fill lot factor read entire.,2025-11-09 14:33:36
988,4388,1939,Any great realize worry best.,2025-08-09 02:13:34
989,4264,449,Cup build energy today describe activity face same action serve why design ready company enter with agreement plant reveal.,2025-12-13 00:02:05
990,2387,1125,American child boy industry TV concern special bank else once can.,2025-03-20 08:00:57
991,914,1651,Mouth nor memory property candidate put through center support expert war answer market second.,2025-06-11 18:18:24
992,3670,1979,Team painting vote take read full the despite suddenly draw.,2025-03-13 15:17:25
993,6359,768,Value represent employee conference lot yet place minute writer size money until.,2025-05-25 02:13:15
994,6461,1103,Rest modern mouth nation teach chance energy know light issue treatment east trouble million.,2025-03-19 11:46:04
995,3123,2086,Year executive thing certain could.,2025-03-04 01:04:01
996,954,1171,Loss picture game impact me staff air hope majority age.,2025-05-06 15:16:37
997,5845,1045,Billion rest design within best marriage fly no wife anything listen house capital hundred those use special without much contain answer live.,2025-06-22 10:16:43
998,2696,1635,Clear question turn within shoulder push image.,2025-07-06 06:01:29
999,2003,634,Director weight six surface trial sit.,2025-05-31 14:01:59
1000,5877,585,Medical easy outside operation dog.,2025-07-26 02:55:00
1001,5195,2071,Them and scene line daughter traditional form my trade people anything phone suffer system.,2025-08-26 13:48:49
1002,3235,624,Adult easy among sound true care within coach ok.,2025-11-08 13:26:26
1003,5253,1295,Improve wish since risk large field town determine hold because know.,2025-07-19 10:50:22
1004,1022,790,Dream suddenly class subject wear address audience democratic most option someone evidence avoid enough.,2025-09-23 01:25:55
1005,3785,227,Think outside anyone consumer message country find forward but common process such total.,2025-06-10 17:46:59
1006,2146,1996,Price subject policy own nothing national usually rest when.,2025-08-30 14:49:13
1007,941,897,Six deep man writer eat somebody back since find hair believe parent continue gun down.,2025-05-30 22:34:01
1008,963,1883,Although provide level step.,2025-06-29 19:07:40
1009,2962,322,Create kind bit place more field.,2025-05-10 00:17:03
1010,2176,1668,Medical even expert suggest worker section cost despite property often special notice police.,2025-04-14 11:20:38
1011,6135,1394,Nor important claim third truth lay site herself trouble democratic strong put city paper rock.,2025-11-19 01:56:26
1012,5451,428,Bill memory hundred president boy whom break easy skin best the fill general notice finally place.,2025-03-29 17:25:23
1013,5650,1743,Level avoid shake road next parent yes radio popular wall response.,2025-11-17 21:15:46
1014,5258,1003,Be stand why win be sense clear until energy produce professional summer they set detail assume draw just fast west party.,2025-10-26 21:56:09
1015,4341,839,Base skill green wide citizen special medical leave risk job instead create hand I film risk.,2025-11-03 05:34:35
1016,4734,1678,Smile admit report production song fish general.,2025-12-12 08:41:33
1017,4385,1521,Year information better feeling black expert however option everybody fire song seven bed others.,2025-08-31 00:51:48
1018,5489,297,Sport party author carry message evening quite he require still cultural Republican speak other high about.,2025-09-22 09:13:12
1019,2896,2095,Project enter service over when admit politics amount top skill including until American instead pass herself break mean agreement hospital conference design sense.,2025-03-13 00:56:44
1020,578,1276,Among consider hit get behind stay green sister hand.,2025-10-06 23:57:29
1021,2277,315,Career campaign perhaps before discuss get red discussion office.,2025-08-15 03:49:18
1022,1555,500,Tough scene opportunity hear official dream western as produce collection imagine population both top much accept near we position yourself voice later there better usually.,2025-08-06 01:36:05
1023,2645,232,Provide six sell authority environmental sister bag quickly bring task security and strategy.,2025-09-06 16:19:57
1024,4060,1198,Strong save bed hold improve age word agree could local.,2025-06-27 15:56:07
1025,1121,272,Reality guess take bed performance bag service strong contain indeed authority.,2025-02-01 11:05:26
1026,5477,645,Body certain everyone interview music may upon.,2025-09-09 06:10:00
1027,6238,230,Rather continue serve say president hit most executive of.,2025-06-23 10:58:37
1028,3889,993,Poor because contain history seven process look include door entire next government fill we anything sound.,2025-03-17 23:57:34
1029,3253,418,Wonder eye suffer market your attention wind build most year billion field young.,2025-07-24 18:43:43
1030,6175,366,Attention avoid trade executive here general true crime religious yard piece student thus memory want industry idea.,2025-08-18 15:07:08
1031,5058,1881,How coach interest use wish wind forget lot than though like yard toward onto through able with.,2025-01-15 21:35:28
1032,2098,410,When another fall almost teach kid arrive reality hear threat tough song.,2025-04-03 19:51:42
1033,4981,464,Coach girl oil mouth baby across another adult position something lead.,2025-11-29 21:45:53
1034,2430,1213,Three culture give each buy trip necessary water purpose significant hit would general at agreement hand town paper relationship music fine.,2025-08-25 22:44:14
1035,4819,868,Successful top long act head thought involve why performance simple religious tend method analysis continue.,2025-11-30 20:09:20
1036,3374,1429,Project speech project significant wide matter management successful police along single strategy region cause particularly everything yard crime.,2025-06-04 18:07:07
1037,2961,941,Sit medical reduce fact operation finish whose condition machine case.,2025-09-11 19:55:17
1038,4587,1485,White somebody task base available bad fine attack the machine science employee poor produce own race computer represent after.,2025-11-13 15:29:06
1039,3130,410,Keep short increase building teacher hair alone ask college chance.,2025-07-05 23:06:16
1040,1342,2077,Worker whose others until near himself physical camera teach contain he.,2025-10-25 00:24:54
1041,5011,1502,Finally talk surface report.,2025-09-30 20:23:12
1042,4812,1206,Card treat money manage off seek free form responsibility send about poor idea thing together develop ago shake position never economic star high nature.,2025-06-26 14:24:50
1043,3090,1777,Beyond sister second community two fine act occur to hard base consider establish without.,2025-04-09 12:10:11
1044,710,1212,Quickly society wonder three usually age soldier different director behavior yes.,2025-05-16 11:38:13
1045,5829,122,Choose compare language doctor several rise.,2025-06-19 21:15:31
1046,513,1239,Writer stay the beat clearly thousand them improve unit part occur bit.,2025-11-21 18:03:20
1047,4486,2079,Lawyer night run use car message citizen few increase democratic thus on suggest.,2025-10-30 19:44:41
1048,2578,1305,Enjoy management talk require world system current every.,2025-07-10 20:47:37
1049,4159,1595,Recent black story play us a take station oil simply a whether security east break strategy.,2025-11-13 16:22:30
1050,3588,1710,Scientist act will help despite industry whatever organization step laugh billion recognize last may role.,2025-07-11 15:30:12
1051,3684,2017,Well rich debate treat office conference next hospital score agent trouble.,2025-06-01 01:37:42
1052,2417,1007,Newspaper herself my attorney sort return industry wear look same laugh learn of.,2025-05-10 16:55:37
1053,5203,507,Administration pick social protect crime management subject watch movement particular realize floor several far do.,2025-09-29 04:26:21
1054,5229,420,Often feel commercial no social number that magazine try phone.,2025-03-12 10:17:03
1055,1895,1995,Involve especially toward party.,2025-11-14 11:48:09
1056,3326,1094,Night explain dark police go need serve actually meeting go stock half but.,2025-09-03 10:14:32
1057,2194,1122,Industry field sign begin moment take water herself experience.,2025-11-15 16:05:06
1058,2862,762,Draw east deep their concern organization continue travel.,2025-07-18 18:35:46
1059,1445,755,Star watch election most management.,2025-06-11 05:45:23
1060,2569,954,Enter discussion million benefit.,2025-06-14 10:34:01
1061,5615,1414,Style our describe one measure camera according recognize provide per technology score even have film trade film build last make after character stage discussion.,2025-03-06 20:51:38
1062,1843,828,According today high writer reason wall PM fund into candidate less my go among gas business ago.,2025-11-05 00:44:03
1063,4194,874,Financial story trouble time bag smile.,2025-04-26 17:31:21
1064,5187,2017,Side effect wish manage hard parent song under environmental clear end society ten good best left fine reality art.,2025-07-24 20:56:38
1065,5257,291,Art return such wife responsibility do food phone something evening enjoy management Republican chance attorney run side big sister mother give less wife everyone nice.,2025-11-08 20:25:16
1066,2942,575,In go seem model wall for relate run candidate upon system class international instead age find item page most.,2025-09-30 01:58:47
1067,4071,1004,Professor who agency clear why gas stop class half smile bed final.,2025-07-05 02:21:34
1068,4793,1137,Beat person child evening speak class understand close energy us outside level turn focus nice employee source ground.,2025-08-07 22:29:26
1069,5863,339,Administration treat many could use standard local then plant there seat society picture.,2025-11-11 05:48:23
1070,1428,1197,Affect second if anyone together person parent meeting place skill group apply environmental modern.,2025-09-02 14:23:08
1071,2650,1581,Deal parent doctor conference town American parent different ready skill man blue.,2025-12-13 20:13:35
1072,1029,1830,Same help job trial however outside project center against administration visit respond.,2025-02-06 15:33:39
1073,1984,1078,Direction purpose foot place home future likely guy foot safe exactly rich hold realize effort case story rate each carry actually across mission draw spring writer exactly.,2025-02-19 05:39:04
1074,4460,1412,Color late shake manage high seem score speak attack opportunity experience miss television.,2025-08-21 18:16:16
1075,1151,662,Spring fact character shoulder civil central behavior well number push field such hard allow western power service exist Congress new big.,2025-02-01 05:17:16
1076,4141,1769,Lead avoid right they.,2025-10-07 11:38:15
1077,5586,1649,Country explain avoid money law start during what return lose draw local street where its.,2025-09-11 23:54:37
1078,3221,1883,Friend star much bill specific test certainly all system.,2025-10-29 11:12:17
1079,1540,1318,Memory finally town place model past star.,2025-03-27 19:53:19
1080,5737,223,Actually court piece war hand successful figure idea save paper consider set toward administration time central focus.,2025-02-26 22:53:32
1081,5327,819,Person some to much manager.,2025-10-04 07:23:01
1082,4090,1228,Interest follow factor family bill stand down son thank much forward however almost popular quality quite example.,2025-04-05 04:10:14
1083,2830,1262,West type mouth yes dinner seven environmental away.,2025-11-02 20:22:16
1084,5183,1996,Make itself maintain dark shoulder listen others party note spend.,2025-04-20 00:35:17
1085,2880,1447,Say race perform entire enjoy raise another say anyone final each exist decide focus rule smile reality ok Congress act.,2025-10-28 13:45:13
1086,1345,1350,Summer year various such clear single wear.,2025-11-23 19:47:08
1087,2524,214,Around adult ball he hair single industry feel set fine explain fear turn return inside also entire will class forward range.,2025-03-13 14:51:38
1088,3255,1897,Street door attorney until something than deep.,2025-09-16 19:05:56
1089,6347,743,State bit behind energy once push.,2025-10-26 12:01:48
1090,5173,421,News on quickly interesting project where enjoy him.,2025-11-20 00:41:09
1091,6483,927,Career assume main popular imagine.,2025-04-23 20:42:10
1092,4804,1665,Sound particularly onto lose new serious important his expect individual everything enjoy political pick mouth off with measure financial identify.,2025-10-11 23:46:49
1093,5685,1861,Kitchen lot since should story gas work.,2025-09-14 22:24:20
1094,6248,1053,Bank nearly dark safe artist certainly local build read loss just research art study agent together argue mention cost.,2025-11-11 10:16:58
1095,2528,1061,Series along week here war figure recognize power ask something gas trip value pattern.,2025-05-30 01:02:43
1096,2299,1156,Difficult yourself major feeling run for cold represent address contain also turn.,2025-09-11 07:27:28
1097,4083,156,Each figure he report machine hope Democrat series me news wait store sea.,2025-09-15 07:31:43
1098,5885,1131,Into book law especially according often pressure shoulder once fast late among change or.,2025-02-26 01:49:12
1099,3245,1902,Stand several onto room hold professional fill.,2025-09-04 17:59:03
1100,6121,846,Decide state majority book which phone assume fish.,2025-02-01 13:55:57
1101,4135,919,Score decision sure pick technology within.,2025-05-27 11:21:26
1102,5496,2089,Compare popular Democrat thing challenge.,2025-06-29 12:07:45
1103,6122,1005,Reduce good more exactly by action beautiful degree choose writer director up truth special prove benefit.,2025-07-18 00:01:18
1104,6322,929,City explain show local girl recognize like ball live member then.,2025-08-28 21:09:15
1105,1711,808,Movement win lead three job Congress south anything perhaps like.,2025-10-22 22:22:52
1106,3661,1373,Meet fear into six class whom man major water scene certain adult here hold tax activity prevent these dinner.,2025-11-01 00:24:21
1107,5995,972,How blue try consumer memory pressure themselves true get Mrs simply process all Democrat turn spring law agreement require phone future operation job.,2025-10-27 16:45:04
1108,1492,755,Surface cause century name western gas wonder statement new.,2025-12-03 18:42:11
1109,5285,2061,Trial tend particularly wind garden to enough himself west child southern sure well.,2025-04-28 03:50:19
1110,1849,747,Certainly book time scene expert.,2025-08-10 08:52:29
1111,6372,1834,Type name human reach challenge easy development central center add enough police speech work imagine pick beat whom concern.,2025-09-25 12:23:25
1112,5994,1475,Probably mother bit what fill her environment improve show.,2025-05-08 18:22:35
1113,559,746,Owner understand what whatever he doctor child assume interesting.,2025-06-14 11:52:28
1114,6159,847,Begin six I economic not example sense include movement seem military research daughter.,2025-07-30 22:48:41
1115,3711,1078,Left actually person model record simply.,2025-10-16 02:27:36
1116,4084,1369,Ok ball number fill sure reach building memory send successful suddenly trip movement case attention specific city.,2025-08-12 16:59:42
1117,773,1530,Policy late evening discover product hand.,2025-05-31 04:25:04
1118,3361,1846,Meet you none risk three.,2025-05-11 02:01:30
1119,3849,473,Tv feel chance reason here several later.,2025-01-21 08:58:42
1120,1553,895,President attention also always show themselves area item letter.,2025-02-28 03:05:31
1121,5029,1796,Argue beautiful fact player within over allow rich party after still south.,2025-10-22 20:29:21
1122,4461,2019,Field agree skill minute check spring management ok break development price too huge.,2025-09-01 09:31:55
1123,2339,1768,Discover idea politics attention middle themselves culture.,2025-11-17 22:05:59
1124,1415,1275,Cold arm meet study say marriage shake moment wear.,2025-07-06 05:40:06
1125,3041,312,Pass direction name meet third hair also myself they third push include nice reflect.,2025-07-13 15:44:15
1126,2478,973,Enough wish under best thus activity idea.,2025-08-13 12:32:55
1127,5140,862,Others effort result here million since what wrong.,2025-07-27 20:57:27
1128,774,1500,Leave speech middle recent indeed employee people public group be leader.,2025-09-08 15:25:49
1129,3983,1157,Light grow building well political painting usually product middle type.,2025-03-07 12:20:43
1130,3969,1198,Four bag door actually partner treat training history reason in camera threat draw part main inside energy.,2025-07-30 13:01:23
1131,3987,195,Hand change edge without bit many network certain none alone degree look service leave past let arrive lot century gas watch.,2025-09-12 05:01:39
1132,4390,817,Future fill teacher get tough raise challenge rock three doctor mother visit including society bank other issue let fine respond news.,2025-03-27 00:48:09
1133,4178,1972,Back light successful do hope quite beat evening century pay nothing money power first make he certain kitchen.,2025-07-09 12:52:13
1134,2881,753,Raise student religious within bad first career employee present safe able bad adult gas phone stop matter thing bag build question hope example worker out surface.,2025-03-19 16:25:16
1135,4444,825,Well hold push answer.,2025-07-14 09:37:00
1136,2906,1510,Enter method shoulder sit.,2025-08-23 21:31:03
1137,712,756,Shoulder it every focus according almost rather society include people hundred mention eat pattern offer both evening mother project.,2025-08-25 23:09:29
1138,4831,802,Argue state try guy teach employee card charge visit social official operation before arrive even audience friend pull simple nor nice class among value.,2025-06-13 19:26:28
1139,4628,1707,Catch phone want beyond pay mouth open community arrive deal crime people perform fish risk view coach next improve product research over course.,2025-11-14 23:14:37
1140,5656,144,Choose because personal system new suddenly.,2025-07-29 00:03:34
1141,2861,1725,North national on option trade easy easy never exist wish people affect discuss defense both word establish.,2025-03-19 07:26:08
1142,1202,1057,Son former six follow beat security kind difficult among newspaper woman million million important painting color continue.,2025-10-30 11:50:10
1143,5251,877,Gas smile food decide impact unit.,2025-11-18 00:44:29
1144,4785,1670,Campaign series spend over into stop.,2025-05-21 13:07:54
1145,1205,1390,Page former own must school ahead my education life situation item career up receive send son politics listen measure when contain baby hotel.,2025-06-24 05:12:30
1146,4078,683,Sister raise his serious once because.,2025-08-17 02:24:46
1147,6273,1441,Push miss meeting economy decision visit pretty sport let nation down recognize charge realize catch about early meet lose.,2025-11-02 06:45:58
1148,869,1799,Pick mother reflect within color staff any three ten these.,2025-11-12 22:46:23
1149,3251,2044,End girl behavior fact travel once indeed involve unit give.,2025-07-18 16:59:56
1150,1566,932,Effort my start ground theory catch yes.,2025-02-01 07:48:12
1151,5832,1718,Send fall know really heavy bed military expert wide popular.,2025-08-11 15:23:31
1152,5611,1430,According language something goal fish picture night pick happen brother picture leave table spend relate hundred box place positive include.,2025-10-06 05:31:02
1153,6202,1789,Former carry Congress each their.,2025-07-14 23:55:25
1154,6053,907,Shake security total stuff what least type human fact head long.,2025-07-29 06:10:58
1155,5108,1098,Move evidence share hand door student senior offer determine.,2025-12-10 15:54:22
1156,1850,1680,Discuss best lead else left play.,2025-01-20 01:17:27
1157,4470,553,Laugh near hold simple hundred example give.,2025-10-28 15:30:49
1158,3363,1683,Clearly clear yeah tell let move news century treatment other development name no best whatever lead none cultural.,2025-02-25 05:39:26
1159,5767,658,Sell from scene whether last beautiful leave turn door same reveal shoulder clearly necessary recognize world stay west tonight reason lawyer these tax.,2025-08-19 04:06:08
1160,3789,1345,Present reality apply truth along talk room hundred.,2025-09-29 19:35:03
1161,833,832,Task along tax security yet fall blood today ability film whose.,2025-03-20 10:13:11
1162,5348,1224,Artist quickly office.,2025-11-13 06:10:36
1163,2739,1948,Ground fact consider leg buy herself wind happy will lead reason a more thank child.,2025-07-24 18:18:16
1164,4562,748,Cost ask father clear research really fill.,2025-07-15 10:10:44
1165,2971,872,Phone decade entire student drop hope.,2025-04-30 17:57:06
1166,4085,1129,Human increase support find yet understand strong respond economic small unit pull agreement shoulder red voice.,2025-02-23 21:57:24
1167,2227,129,Least few into price will wish.,2025-10-13 17:01:37
1168,3761,1966,Stage medical rule agreement determine available off special film suddenly.,2025-08-15 08:38:56
1169,2326,1858,So recently miss be argue price table themselves lawyer big heavy money stay yet side.,2025-09-26 17:47:52
1170,3611,470,Ability care born believe hope street may race.,2025-09-26 23:19:01
1171,3489,617,Adult tax development probably reach type evidence pattern week.,2025-02-13 19:02:48
1172,2640,415,Serve receive commercial nice music begin happen issue them father remain reflect.,2025-12-06 08:43:57
1173,4098,1874,Maintain professional form able him fall reveal yes carry sure heart position east meeting say material hear guy crime.,2025-09-21 21:22:21
1174,2295,1004,Have feel network institution surface fear mean environment draw stage agreement.,2025-08-28 17:37:53
1175,5362,453,Beyond service American floor red crime remain health middle station continue.,2025-04-01 11:35:01
1176,5285,1722,Case health reality you however environmental spring something administration stock.,2025-04-27 09:32:19
1177,4501,1238,Matter although six ready financial inside.,2025-08-01 16:25:50
1178,5669,1364,Beyond interesting second they stage name region indeed tend just outside point attention never dinner hair remain then total.,2025-06-17 04:26:06
1179,1481,1436,Soldier end compare director box choose another.,2025-04-08 18:21:10
1180,1234,1116,Lay nor large class collection similar.,2025-06-25 12:26:10
1181,3976,454,Bed energy interest dinner tonight wall indeed arrive cold scene yes full.,2025-03-07 15:00:37
1182,1176,1677,Rather let camera character lay leg church heavy eye concern store main us you those rock will evening.,2025-11-02 18:35:20
1183,4169,782,Involve notice scene happy pass learn fact step.,2025-04-06 10:29:22
1184,2671,858,Enter project necessary tax travel perhaps good land relationship according day bag.,2025-12-14 17:36:39
1185,4024,1498,Paper month reality forward current clearly cause tough poor report whom.,2025-04-22 17:40:20
1186,5412,1613,Program father big however hotel member analysis skill simply business federal student sure budget cost hold item.,2025-09-18 15:28:23
1187,6468,277,Seem clearly marriage relationship easy.,2025-11-25 09:40:04
1188,2296,1049,Work account together response.,2025-11-08 12:57:32
1189,2584,1797,Ground interview sense represent chance right whether this floor when improve result style stock sure.,2025-07-08 10:03:01
1190,1607,1761,Picture between beyond with threat always still road prove before indeed until.,2025-03-22 13:38:21
1191,4140,2007,Represent beautiful them yet use personal think truth piece sense check director run room significant occur none choose.,2025-03-17 17:56:49
1192,1850,1773,Professor lot cause onto bill instead music region lose painting professional sound today defense difficult natural left image task window light to coach station product will today hold.,2025-01-20 01:08:27
1193,5990,1742,Bill skill nature southern score kitchen whose region them born magazine ago science.,2025-09-25 05:49:34
1194,2805,737,Answer skin organization hand current small class think one fact support best control condition leader type of their real rest state.,2025-07-05 08:34:49
1195,2643,654,Space create hospital hair fine.,2025-10-17 19:59:19
1196,1896,490,Record stand write boy voice market offer create oil mother including hospital section their.,2025-11-27 07:33:24
1197,2067,824,Law couple peace since sit control wish nearly character before capital seem cut sell her action movement rest day.,2025-11-06 12:14:57
1198,3658,394,Culture final rate American anything memory defense game former rule nor visit energy series food together any campaign pass but answer follow statement.,2025-07-26 10:27:05
1199,6398,526,State wait each amount piece region amount change.,2025-06-07 04:08:06
1200,1507,806,Difficult number clearly source into three military however.,2025-05-19 21:03:22
1201,573,660,Minute around class someone large painting environmental surface note.,2025-11-17 05:17:02
1202,5649,1875,However outside thought nor nothing good in once almost dark local consider name final.,2025-04-27 12:43:32
1203,3280,1949,Test word attack still media cultural.,2025-05-06 09:33:25
1204,4683,1896,Evidence project project government term high popular eight see most so list.,2025-06-11 16:49:00
1205,6211,1065,Edge throughout season by lose southern.,2025-10-25 13:42:29
1206,1740,729,Daughter true gun sure answer.,2025-06-25 22:22:51
1207,6172,1367,Check feeling out blood attack too.,2025-10-03 16:57:24
1208,4504,1602,Always that now chance everyone staff follow manage past join common teacher have.,2025-10-31 15:03:41
1209,1741,1025,Toward worker story use spend these finish television generation create allow in establish.,2025-09-10 13:54:25
1210,2498,357,Go play improve institution ever describe provide interesting meeting sometimes collection drive education.,2025-10-16 14:43:17
1211,4164,1000,Talk treat door foot television create focus call.,2025-05-04 08:41:45
1212,4059,1967,Consumer once for need society wind into never street.,2025-05-07 12:18:11
1213,5257,1662,Stage and nice religious region game director machine these kitchen tree election player seat.,2025-11-10 07:08:16
1214,4903,1547,Letter but increase security quality design probably room point leg admit heart suddenly a entire heart laugh woman information available address.,2025-09-22 13:55:45
1215,2911,2099,Good actually see wide somebody church degree result recently.,2025-07-19 19:00:36
1216,2700,1713,Let evidence with no charge some style such easy.,2025-08-24 22:30:18
1217,2149,1405,Old reflect stock example eat low but prevent single later their rise know sure church available second goal decision always.,2025-07-18 15:53:01
1218,1787,1591,Decade individual move power way decide black while also want share research.,2025-02-02 11:55:02
1219,3850,1770,And room look say.,2025-05-31 01:06:31
1220,6126,1430,Mother job daughter project main would election someone kid present five white even training pass door hundred page determine power team affect along.,2025-11-15 07:56:09
1221,4098,1664,Safe lose collection decision upon special address happy food nearly list.,2025-09-23 06:26:21
1222,761,353,Piece air sign blue may quickly spend benefit five learn.,2025-10-22 01:44:12
1223,1380,131,Though prepare unit affect true live question remain rather smile travel class important leader.,2025-02-24 01:03:18
1224,2494,525,Start upon across our moment focus talk hit set property worker money toward season member.,2025-09-05 07:15:21
1225,2052,754,End president interest international nothing while traditional affect.,2025-09-25 21:30:00
1226,4696,925,Shake threat size fire partner even store long project term town first store team send teach piece lead.,2025-04-09 21:55:46
1227,4929,612,Easy television job could cell message big until contain catch necessary issue believe above especially apply itself life his could less receive phone know long.,2025-12-14 00:49:22
1228,1608,345,Adult affect arrive which training listen item her young someone understand.,2025-12-06 19:58:33
1229,4603,1611,Save nation life risk hope be environment administration too Republican short worry plant role capital song like environment.,2025-08-01 22:13:00
1230,2089,666,Challenge special land seven Congress half sport prevent more drop company provide.,2025-11-18 16:43:38
1231,5116,294,Job support front trade suggest defense possible actually few within end both body station hope prevent prevent alone quite weight.,2025-09-05 20:58:51
1232,4471,278,Language job nature sure available well other rise center describe situation weight different last leader baby fly probably pay pattern.,2025-05-30 03:30:49
1233,5250,1480,Some common doctor source democratic offer kid finish late often south high class age country choose fight stock difference enough purpose local read.,2025-07-13 20:44:07
1234,3993,1833,Lose late occur prepare cup institution care.,2025-12-11 06:22:15
1235,2431,223,Upon account likely change interview Mr able rise rest.,2025-07-03 21:54:12
1236,3754,941,Field game head into least democratic about probably style find support career phone.,2025-10-10 11:58:19
1237,1676,1231,Common thus statement including very tough describe next.,2025-08-17 01:13:44
1238,1685,315,Citizen onto effort woman former audience here where cover no activity.,2025-06-21 08:05:27
1239,3992,2031,Medical lose behavior probably big what whole quickly court cup page recent.,2025-12-11 13:52:09
1240,3264,357,Among news government discover sport only marriage north.,2025-09-19 00:18:44
1241,995,259,Leave onto focus stage article discuss source often language population like office contain.,2025-08-14 11:19:48
1242,4433,1292,Offer I wide kid third politics management child special walk good huge thought.,2025-05-15 17:13:33
1243,5838,1553,Attention want day form.,2025-06-09 09:49:37
1244,805,1079,Show church include machine strong general feeling born mean floor raise likely design story modern could back toward.,2025-12-14 05:40:19
1245,2007,1188,Machine class detail crime system eight this life magazine pull meet tend director whole such pick whether wide response.,2025-07-28 04:41:14
1246,3928,1193,Address try energy trade financial state allow national while give.,2025-10-26 14:43:37
1247,3931,902,Reduce explain measure by section drug health detail party mind.,2025-03-18 05:11:46
1248,1432,2054,Rate woman man trial against not fall little fall reduce billion both.,2025-06-15 19:06:43
1249,4359,1177,Lawyer dark service believe that summer front themselves space space see if gun trouble little phone nothing political language concern will always.,2025-01-30 19:19:50
1250,1178,505,Job site strategy.,2025-08-03 07:09:21
1251,2098,1931,Natural final wear lay continue a possible mean daughter check.,2025-04-05 08:47:42
1252,715,1832,Part it keep lay defense decision country face community box himself itself significant ok president production others huge.,2025-03-04 01:48:15
1253,1951,1088,Spring from do.,2025-10-02 06:56:53
1254,5682,2017,Whom truth will wait camera able effort kid very bag as point change.,2025-04-27 03:41:08
1255,4535,769,Blood again real only mention building case exist improve bill president state different strong wrong least several finally friend reach happy continue firm least with management.,2025-11-03 05:14:18
1256,5610,1827,Since event beautiful three pattern record dark fill color myself really seem.,2025-08-26 16:08:44
1257,1018,568,Someone discover save out toward.,2025-03-25 00:34:17
1258,3205,1321,Response management work college crime power rest lay.,2025-02-09 20:42:19
1259,1917,1474,Road against site follow onto computer bit shoulder boy inside standard your even.,2025-10-17 02:51:30
1260,3187,708,Sometimes role son manage may design no difficult serious.,2025-11-11 16:24:22
1261,5012,1929,Improve ready likely everything force research laugh owner thousand fire possible bag approach rich catch ever.,2025-08-19 10:52:58
1262,4509,698,Wait sea lead recently level network sell strategy teacher car.,2025-04-12 23:37:46
1263,5751,923,Must available relate word until make all continue he score challenge amount not provide.,2025-02-06 17:24:54
1264,3458,1219,Eight large create left.,2025-09-15 09:00:19
1265,971,1803,Top my away force great serve stuff try area lay evidence painting hit.,2025-03-15 20:15:54
1266,2709,919,Amount organization available kind address work grow organization mouth suddenly recently will study star should middle north color account voice into.,2025-08-06 15:09:25
1267,5405,1080,Often pressure themselves half recently give coach minute management card remember his control.,2025-06-03 02:50:52
1268,3445,849,About five difference under national dinner.,2025-11-19 06:13:37
1269,2795,1215,Center process order talk brother form attack citizen.,2025-12-09 07:32:07
1270,4921,128,Lot movement sport idea imagine ever first best sure along fire even again.,2025-01-06 23:14:20
1271,4308,1291,Four TV affect begin current moment interview.,2025-11-25 22:12:45
1272,6495,1717,Somebody others tax reduce to case step build.,2025-06-11 15:14:45
1273,1279,1726,Reality my though down nor set Mr group design wall a.,2025-07-01 10:45:54
1274,3471,1125,Affect cultural tax floor tend.,2025-04-23 17:55:15
1275,2817,326,Section change thought natural once raise marriage compare yes.,2025-07-27 21:49:01
1276,6016,642,Vote customer glass easy enough.,2025-01-20 02:56:40
1277,1447,931,Picture land word practice brother lose.,2025-08-11 02:59:05
1278,1243,510,Ground again worker world this college defense above too because a.,2025-05-10 23:38:11
1279,3178,2017,Animal improve need data player any state friend practice Republican bring.,2025-07-31 18:51:52
1280,1863,2091,Receive dog world question must suddenly me wide though per.,2025-03-03 11:32:23
1281,947,259,Difficult a once stand five capital side matter total indeed plant gas leader defense herself.,2025-11-19 05:19:37
1282,2764,917,Recently career recognize tax money might forget west mission environmental thus week.,2025-11-10 02:11:19
1283,2394,700,Region nature fly certainly address relate believe century.,2025-08-31 03:10:50
1284,5004,316,Think same probably upon.,2025-06-12 14:32:17
1285,1023,1020,Brother defense section feeling hotel mention though move reach operation.,2025-02-25 17:58:03
1286,5433,749,Part report after resource off some recently message prevent first able ahead senior better alone rise under government figure first town.,2025-11-30 04:25:42
1287,2549,326,Natural radio shoulder road run little its north business success building administration again.,2025-02-25 21:02:42
1288,737,1935,Production stand official attack body.,2025-03-04 05:19:58
1289,547,1767,Eight should none test own hospital bad end create ahead manage land call security not difference check none wear.,2025-11-04 06:29:24
1290,3884,1757,Such course arrive cost court where year politics least even somebody pay thing effort why view.,2025-12-05 03:57:35
1291,5724,955,Real past heavy race value become blood traditional small interview.,2025-07-26 12:12:20
1292,3489,1067,Whole result always message account own song police range list expect scientist receive.,2025-02-15 03:43:48
1293,2455,325,Until bit start theory company case smile so behind behind represent doctor public analysis develop.,2025-05-23 00:24:02
1294,5843,1543,Arm similar project whom small evening cup beyond himself.,2025-08-09 03:38:41
1295,4820,1081,View positive difficult image subject region find.,2025-06-20 04:00:59
1296,946,1621,Business just miss toward skill beyond time start sell professional experience real deep law.,2025-09-21 08:37:51
1297,678,444,Politics suddenly today than man theory.,2025-09-20 06:14:40
1298,3501,1009,Say forget difficult whose field affect point official series work reach.,2025-04-01 08:57:58
1299,1165,190,Book new condition campaign community dinner ahead about response sport job theory administration computer.,2025-07-03 14:50:40
1300,4357,493,Process report agree against seek sometimes assume move generation determine career allow.,2025-05-04 14:58:39
1301,1553,1498,Heavy large ok cause air generation dream decision authority contain number you special mission like must do director fact responsibility coach crime dark mean movie face.,2025-02-28 20:40:31
1302,6187,813,Few heavy serious rate law street.,2025-03-26 16:13:00
1303,3726,1180,Writer inside national edge force let in represent special language off owner machine under so success anything particularly family necessary learn more decision.,2025-08-28 10:35:37
1304,4782,1829,Early recent myself American.,2025-04-23 00:52:13
1305,3786,1866,Avoid control next building cover population political market.,2025-06-22 16:58:45
1306,1309,750,Bed image relate close voice total develop art a worker than.,2025-11-18 10:44:37
1307,1267,1582,No administration will nation production finish trade measure herself we everything leader police difficult only put east.,2025-10-12 22:53:18
1308,1451,1751,Hotel group investment reach support development right must yourself visit defense.,2025-09-27 13:37:45
1309,3485,1001,Technology study thing spend weight week act indicate little necessary ready series.,2025-12-17 08:11:16
1310,1110,518,Adult what unit beat chair save threat visit friend health life media raise phone very their body.,2025-08-07 02:39:05
1311,1110,1935,Since quickly table standard say agree information indeed Mr practice morning certain relate yard every.,2025-08-07 03:10:05
1312,1258,102,He thousand charge war trade heart painting mission certainly name value my social another if total them decide live person owner suggest.,2025-08-05 07:57:55
1313,3796,1953,Fish either evidence present next discuss alone garden actually single politics let well miss service resource true.,2025-12-14 05:42:58
1314,5863,1075,Dog situation compare baby thus each.,2025-11-08 19:42:23
1315,2074,351,Him task choice can.,2025-05-25 19:00:15
1316,4539,283,Body fact stop society prove specific these its success young others responsibility ahead compare few.,2025-10-26 05:52:07
1317,737,1432,Serve stuff instead however.,2025-03-03 13:54:58
1318,1429,1026,Remember partner network price a establish our next be customer court.,2025-08-23 15:18:28
1319,4861,1462,Whole husband stuff base late.,2025-05-24 04:53:18
1320,4228,2076,Region Republican explain country imagine happen both race authority turn face knowledge activity again decide seven guy thus edge.,2025-09-08 14:57:03
1321,4352,2056,Owner ball few suggest stay than condition help company heavy woman happen.,2025-08-28 19:28:31
1322,2627,1267,Glass forget product enter benefit treat she message mouth.,2025-06-17 20:31:19
1323,5954,2005,General safe rule spring represent hit might enter season to husband woman.,2025-09-08 22:35:09
1324,2882,917,Art financial base letter.,2025-07-31 07:33:59
1325,6314,1233,Letter thank share instead report onto.,2025-09-25 07:39:54
1326,2884,1882,Free see time represent everybody traditional practice ago than final.,2025-08-14 17:53:35
1327,2186,454,West what apply establish method party let although score people campaign someone travel letter activity order create recognize.,2025-03-23 07:31:21
1328,5914,243,Address item big contain age opportunity.,2025-09-19 11:33:15
1329,2577,750,After state quickly Mrs soldier property travel experience report safe.,2025-11-05 12:21:15
1330,5898,396,Image yeah exist coach consumer bank human box voice senior each.,2025-11-17 04:52:04
1331,4827,2051,Hair charge pay official thing low morning.,2025-02-25 02:41:20
1332,5778,702,Benefit five only nothing run attorney else popular in.,2025-05-03 19:13:05
1333,1101,1986,Mother travel young home view history same practice job travel spend.,2025-01-14 08:20:34
1334,3780,1753,Fish sport add both car message safe gas science he wear represent.,2025-07-26 01:04:46
1335,1302,1357,Heavy plan bring theory throw model big Republican to crime above.,2025-10-29 21:29:18
1336,2451,966,Each indicate six so evening sense only student I of window message step market.,2025-09-21 17:31:23
1337,3110,1644,Week candidate fast difficult crime stand teacher prove appear do alone culture simply thousand opportunity believe ago middle those network watch Mrs board education body against.,2025-08-07 02:20:47
1338,2849,486,Million inside piece though care on agency economy continue pull yes cause very me second.,2025-10-31 04:30:29
1339,1308,1874,Represent region least discussion student Mrs southern young local between sense form movie conference available.,2025-06-02 07:37:39
1340,5256,981,Ever research bank summer remain fast.,2025-02-10 14:53:59
1341,3151,312,Someone kid move result mission issue brother federal business second.,2025-09-08 11:45:49
1342,6161,2002,Team candidate market body maybe have yeah range.,2025-07-03 04:27:45
1343,2334,1413,Source eye ability share decision bad less cup agent body own size person only president subject when.,2025-09-08 15:50:11
1344,2484,1501,Middle as place soon fact east.,2025-05-01 22:10:53
1345,4567,1501,Win leave decade subject.,2025-06-25 16:25:08
1346,5735,1281,Son fund west respond travel center common floor return gun president home director whole information community long machine.,2025-05-30 12:04:15
1347,4210,329,Debate chair remain on college high small everything trade others say share.,2025-10-20 06:15:40
1348,613,1480,Must first someone peace civil herself star model enter measure number.,2025-10-01 21:25:44
1349,5694,1409,View never energy policy cause enjoy among thank hotel.,2025-04-14 02:50:26
1350,4502,593,Fear look food condition region hospital history north modern foot area while quickly mouth short cell.,2025-10-08 06:54:22
1351,2692,1441,Often save newspaper fight tough Mr force soon five house road know sell when important identify hit.,2025-07-26 19:47:57
1352,2537,1079,Myself include compare agency.,2025-06-20 20:55:25
1353,1269,1681,Foot small tax like let agency plant usually court.,2025-04-24 16:09:19
1354,1780,1814,Guy drug method moment group staff cut brother method person direction lay day and medical defense.,2025-07-15 13:36:40
1355,1127,1539,Republican black marriage sister century event difficult hear right record page part themselves air.,2025-07-22 04:23:04
1356,3120,1729,Ask situation commercial decide may into structure age hospital cell kid form.,2025-10-03 02:17:07
1357,4382,1632,Know painting those science image lay number project.,2025-11-12 12:26:35
1358,4747,1241,Eye example individual everything six condition person same ground skill stuff middle.,2025-10-20 23:07:51
1359,2701,1371,Note someone data eye many beautiful over traditional company today must probably hand first environmental home majority act free.,2025-12-14 03:40:33
1360,1886,1584,Money free involve worry who arrive this individual group woman really night likely similar understand development tough save later better.,2025-06-30 04:00:47
1361,767,1988,Sound at product Congress central some kid possible action.,2025-05-05 18:36:00
1362,4614,1016,Machine international how six visit choice worry.,2025-09-14 15:15:00
1363,3700,913,Sign board member change trip base task million reach hard beyond among street thought.,2025-07-02 14:40:36
1364,5468,453,Collection money southern especially value measure not education trip race me store.,2025-07-04 13:12:53
1365,1131,295,Field according serve science notice decision maintain order.,2025-08-16 07:32:58
1366,5390,173,Cover author stand fear sing five bed teach kitchen smile condition with lay ball go sound whose.,2025-02-11 06:56:02
1367,1955,1424,Blue soon boy us goal.,2025-02-15 22:21:42
1368,4683,1627,Beyond Republican down list candidate goal chance myself.,2025-06-11 22:55:00
1369,3726,283,Decade wind ready who measure strategy born position.,2025-08-26 14:27:37
1370,1730,342,Best piece size child power unit case suddenly keep doctor per information that edge music finally might technology hard cover prepare.,2025-10-06 06:44:24
1371,5273,1899,Assume theory travel often year even article TV unit world dream.,2025-12-09 03:38:31
1372,1813,480,Information service authority energy build card very beautiful law price performance experience those pick other first seek force argue.,2025-09-06 17:23:39
1373,3697,810,White visit smile service attack other.,2025-09-12 11:50:39
1374,6154,1164,Quite large rule catch know apply have head begin evening but.,2025-03-09 22:09:54
1375,4014,1512,Film window involve foot learn television face radio write each check seem return message cost individual season true including.,2025-11-25 21:12:23
1376,6229,289,Near south response choose partner one hear answer someone maybe.,2025-11-18 22:36:42
1377,2788,1437,Three middle toward product organization type personal activity style garden central me treatment exactly pay play feeling first street treat front his along cell.,2025-07-23 09:35:15
1378,2046,1433,After him ahead executive stock reflect government although fire theory agree yourself pick debate.,2025-12-07 23:11:27
1379,2405,621,Top talk forward yes cut all alone adult three firm area work.,2025-04-11 16:40:28
1380,1330,1580,Statement scientist job news reason lawyer finish.,2025-07-12 15:55:59
1381,598,172,Cultural fire many there trouble yet community already stand question once push.,2025-09-01 06:32:27
1382,5366,635,Sit could account happen organization hand activity particularly first business.,2025-03-28 14:46:13
1383,3528,235,Nothing improve structure own decide when they magazine reality.,2025-06-09 14:23:30
1384,1676,1457,Office doctor management outside official choose her rock world attention above forward live degree.,2025-08-17 03:37:44
1385,5142,1726,Kind his far character street guess inside trade song Republican catch identify.,2025-04-20 19:52:37
1386,2354,1413,Congress rock appear with new.,2025-12-10 12:36:13
1387,5208,1838,Oil test history describe natural own save resource myself include TV five coach education lead former summer site once thousand pressure station trial.,2025-03-30 04:10:01
1388,4550,1343,Would military occur charge quickly note not.,2025-08-02 08:43:48
1389,3739,474,Friend pass report section point use health they purpose exactly hot light still remain.,2025-10-14 05:55:24
1390,2228,1030,Cup participant behavior drop she strong.,2025-09-27 19:51:05
1391,2323,304,Oil statement think lay top power mission imagine apply war buy sport yet interview moment artist especially write.,2025-07-01 07:45:11
1392,6079,362,Meeting strong character throw second spend cause science mission have teach.,2025-09-24 23:56:40
1393,1197,309,Religious interview although property Mr produce difficult herself parent.,2025-05-30 02:14:31
1394,2461,319,Assume son tax.,2025-09-14 15:39:36
1395,4395,2037,Another trip candidate mean as.,2025-08-13 20:59:50
1396,1960,2096,Never debate seem it whose himself drug side participant phone throw power professor.,2025-10-02 08:41:10
1397,4804,691,Man budget ability president want rule grow worker step.,2025-10-13 07:07:49
1398,1897,1594,Item he wear rest face occur or.,2025-07-23 02:46:40
1399,1986,1957,Much determine sport some.,2025-09-15 21:29:26
1400,5069,1173,Population these determine team nor include special represent official hand wrong commercial decision training majority this among control.,2025-03-27 21:00:48
1401,6267,222,Learn fly tend view age material create usually significant light movement seek over interview little food marriage whether.,2025-03-25 20:28:13
1402,2198,315,Conference word social act environmental alone entire simple young old area.,2025-08-27 05:20:24
1403,4433,2097,Small in leader memory give need eight western concern stuff remember financial imagine room after focus but also short happy participant.,2025-05-13 07:50:33
1404,5103,521,Return set much center about campaign gas stop pass upon by coach though interview however art policy civil store of mind might according either take to city.,2025-11-26 22:10:22
1405,5563,2046,Dark executive discuss from apply.,2025-12-04 03:09:40
1406,3976,1235,Range blood loss world old image.,2025-03-09 21:30:37
1407,1652,1157,Certainly million image.,2025-10-28 09:37:40
1408,5557,529,You information purpose beautiful way laugh standard box young fact behind then.,2025-06-20 17:55:14
1409,1054,575,Pull room heavy finally.,2025-05-09 02:50:32
1410,4180,653,College color by themselves rock information upon some cost room then than some.,2025-10-07 06:44:06
1411,4927,1407,Call building wish field teacher white candidate bill off.,2025-08-12 22:18:06
1412,5825,1747,Matter themselves same smile recent responsibility like rest.,2025-04-05 18:21:17
1413,4955,1725,Magazine blue traditional eat a later Mrs.,2025-04-06 16:39:46
1414,4149,1278,Price him under enjoy least still majority something hot wait strong rise training computer say population.,2025-08-25 21:18:36
1415,3742,851,Drug company choose spend program above human notice message word street say think reach what hotel mission against success road.,2025-07-02 08:40:07
1416,3028,1100,Short wife political.,2025-07-01 13:08:02
1417,628,1981,Today condition item bill law past about themselves character network season million help thank early possible local anyone industry if provide.,2025-11-22 00:11:10
1418,3138,1163,Her prepare north born these scene so.,2025-07-12 13:27:21
1419,2175,1582,Base response economy third exactly appear down dinner make exist.,2025-09-07 12:24:34
1420,5966,157,Country pay think our cost avoid do push machine.,2025-05-29 02:06:14
1421,5126,1160,Soldier how run fund station old maybe usually soldier customer teach sense year become everyone paper focus often hair.,2025-08-26 13:58:14
1422,975,1594,Indicate realize fine fine government factor end south wide believe detail sister similar Mrs leader.,2025-09-09 04:24:24
1423,4532,1665,Argue experience natural tough fly note hope light simply action force ready Democrat.,2025-11-09 12:28:10
1424,3291,826,Unit recently development media ready despite individual explain book question suffer pass.,2025-09-10 22:26:25
1425,4306,973,Resource foreign nation write data idea affect west born eat walk clearly into population public between manage who.,2025-11-21 22:54:42
1426,1322,1753,Life charge cost message sit oil international doctor.,2025-11-18 22:15:40
1427,2273,1681,Onto Republican away this specific bring.,2025-06-14 09:09:37
1428,3624,1927,Significant air music very whose rather thank large large oil memory less half central direction report rule go language consider.,2025-11-08 15:20:55
1429,999,1530,Address alone well world foot me church call might woman audience than in study charge significant understand set nothing either director or bill.,2025-04-01 23:40:08
1430,2247,286,White not still movie scene give maintain.,2025-11-12 21:55:04
1431,5195,1572,Travel compare performance easy music green note authority campaign instead alone week.,2025-08-27 23:57:49
1432,6210,2073,Attorney market end front while enjoy age without financial yes election indicate.,2025-07-21 21:27:03
1433,3261,1319,Care simple if particular parent exist assume likely truth.,2025-10-31 21:58:44
1434,4515,1823,Decade sure hit argue add help sense say.,2025-06-27 02:15:54
1435,2595,1099,Improve near president anything vote room analysis indeed seven positive however him only lay matter owner certain if magazine argue political theory into out spend read in.,2025-07-25 13:42:40
1436,5602,118,Remain institution consider interest theory evidence quickly easy few study interest figure if either.,2025-11-02 14:03:16
1437,4479,533,Eye executive against boy.,2025-11-22 06:51:10
1438,3893,1290,Control oil learn environment success almost left so real foreign.,2025-07-09 17:59:05
1439,917,1984,Claim choice better behavior discussion clearly travel foot with onto.,2025-07-04 05:22:51
1440,4739,395,Home cut capital whose purpose stay up.,2025-10-15 16:13:57
1441,3705,1020,Blue movement herself information look reason carry on fact heavy share very.,2025-12-07 15:45:48
1442,1541,653,Take new program exactly possible bring anyone maybe kid this teacher discover open sport billion environment offer.,2025-10-19 22:37:44
1443,2498,1717,Answer record military number once myself future black service style public project both rate they she hit.,2025-10-16 15:13:17
1444,997,1810,Itself she blue off financial kind finish pressure north.,2025-04-06 19:38:20
1445,5215,787,Always nation particularly design trial represent police law choose garden position lot miss seven arrive arm.,2025-06-11 16:10:45
1446,3651,1379,After down follow pattern discover fill guy respond.,2025-06-22 04:29:18
1447,1560,426,Finish work create ready.,2025-04-30 22:31:52
1448,5591,1765,President raise fire.,2025-03-31 22:45:26
1449,2419,758,Point level response.,2025-01-15 05:04:44
1450,4901,1644,Couple so child as report pull tell each meet or oil create here daughter Mr.,2025-11-22 22:28:39
1451,4921,1631,Find somebody police white born plan cut book defense edge every opportunity test and weight right in.,2025-01-08 09:11:20
1452,2775,2049,No dream explain election improve computer whole section your movie next soldier billion order.,2025-03-10 00:49:02
1453,6211,263,Agent pattern around black within body early debate catch mention arm certain charge he agency game threat artist.,2025-10-27 12:21:29
1454,2659,169,Size will sport pretty provide pull build wait gun manage.,2025-08-05 03:28:24
1455,2633,841,Various different article once person cause for.,2025-02-14 00:34:16
1456,3531,768,Senior think subject character strategy human dinner reveal catch opportunity upon scene place second director throw amount suddenly page task above do mean card.,2025-09-07 07:10:00
1457,4468,120,Material statement opportunity out thank but state if financial.,2025-12-11 23:17:38
1458,898,1423,Son like listen almost they be specific act ask policy drive red much consumer produce work beautiful fill fill matter interview mind want ok everything there necessary.,2025-01-10 14:22:29
1459,3089,1492,Through exist dinner cause help respond sport among.,2025-07-12 23:44:53
1460,791,247,Economic blood medical stage become ready admit simple later personal program more may college.,2025-01-18 14:31:13
1461,2610,721,Bank matter law professional why pretty.,2025-06-11 23:58:40
1462,3360,207,Care especially man reason important range place nature white financial visit finish meet here television thought middle agency.,2025-11-08 20:07:13
1463,5662,248,Him value would today training reduce watch mouth one base.,2025-07-26 08:43:15
1464,2727,734,Us truth half call dog there within wife.,2025-07-05 05:42:33
1465,546,183,Its use fly human bed three look science son point.,2025-10-12 08:05:10
1466,807,945,Rate service note ago model board far case food yes remember player fly style.,2025-11-23 23:12:33
1467,3440,889,Specific particularly focus material third want reach none activity find second.,2025-03-13 07:40:16
1468,2923,1759,Condition leave beautiful especially exist heavy reveal visit stop population car experience finish establish push they anyone minute phone throw clear these likely possible together.,2025-07-29 17:53:47
1469,3376,139,High shoulder claim across forget decade artist risk available best idea.,2025-07-22 18:50:56
1470,5019,1861,Course my issue range us fall learn parent prove here have peace imagine learn operation reason would director.,2025-08-19 20:39:15
1471,3747,1009,Line east truth environmental already available pattern party from fund security staff.,2025-10-07 10:23:26
1472,996,1187,Factor family feel themselves data.,2025-03-22 18:31:23
1473,6208,1613,Do cold child commercial one.,2025-08-29 17:02:05
1474,1231,450,Represent soon organization character road method heart question like tend.,2025-06-02 08:09:42
1475,3647,1448,People occur simple subject cultural particularly tend much certainly expert energy you thus.,2025-04-26 21:03:50
1476,991,854,Table for agency American player technology soon company skin artist.,2025-02-01 17:54:48
1477,5429,323,Story myself size off long Republican common machine fire for.,2025-08-15 08:35:21
1478,677,2004,Never minute class ever.,2025-04-28 13:51:39
1479,4574,987,Or join catch how surface offer offer machine avoid seek partner population summer but do how.,2025-06-29 05:18:48
1480,4441,1855,Relate his civil read even coach management although today there message minute write money doctor its consumer head hold score successful lay.,2025-03-11 01:35:55
1481,2046,1769,Issue position so result me thank reach.,2025-12-10 02:44:27
1482,5627,569,Sign see type under water expert feeling quite make bill happen everything.,2025-05-26 16:24:25
1483,6240,1040,Note until wear help yourself agreement political science position morning which call song most easy rich middle late threat than.,2025-09-16 18:15:00
1484,4366,730,Young memory hear environmental senior outside who instead education hold long act positive relationship offer.,2025-01-23 23:44:10
1485,1317,1986,Until large interesting officer maybe born interesting necessary set if form.,2025-02-01 03:45:14
1486,2778,680,Open police stay protect four nice real manage thus prevent never evidence central public form yard four method which network officer.,2025-04-30 09:00:36
1487,5773,1655,Every exist player law resource respond fund movement all realize relate season.,2025-03-28 17:26:49
1488,2559,2029,House job include hand once plan better more listen beyond network development happen production just.,2025-06-09 15:31:12
1489,2018,238,Executive trade network service American voice any.,2025-07-26 13:18:04
1490,2484,361,Maintain throughout there beyond start walk feel beyond forward sing responsibility.,2025-05-02 19:02:53
1491,6094,1110,Society concern dream fast arrive take law American blood focus work reflect.,2025-09-22 16:47:58
1492,5238,765,Character high leg cover herself participant development.,2025-06-26 20:28:54
1493,6379,1809,Cultural store worker expert subject enter see development.,2025-10-09 23:35:15
1494,4844,727,They outside organization surface actually body.,2025-11-24 23:39:58
1495,541,888,Hold manager detail sea process adult senior quickly page easy work agency professor tend late material general politics area shoulder.,2025-11-05 21:04:30
1496,4960,581,Mrs enjoy similar determine accept dog daughter those television special.,2025-01-24 06:15:48
1497,5779,1619,Federal floor class middle carry check painting me mean car truth young yourself newspaper.,2025-06-01 08:24:10
1498,5089,1640,Bag try better yes subject choice fill record behavior for hold blue network stuff.,2025-05-09 00:11:40
1499,4420,1480,Girl TV various first first might every anyone PM follow blue degree simple of fine half song knowledge available meet home wall.,2025-10-24 14:11:09
1500,3925,1272,Ahead every force site article once meet development data allow only live rule set.,2025-02-24 17:19:53
1501,2186,759,Crime up moment through wife least key free there they late know issue hope hold.,2025-03-23 20:49:21
1502,2747,329,School ever own position where artist.,2025-12-12 07:18:40
1503,4908,360,Woman night rise at ahead born would former find summer paper a wide boy.,2025-09-01 11:27:19
1504,3012,1038,Recent statement image according international appear would movement energy idea idea box never.,2025-03-30 03:54:12
1505,3983,1644,Represent clearly base challenge white.,2025-03-07 04:57:43
1506,6170,347,Wife camera art simple degree talk effect.,2025-05-15 10:20:26
1507,3489,619,Marriage trip stock job two not build force sport hair.,2025-02-13 22:31:48
1508,3306,1352,Manager store often blue detail act body public meeting visit stock our former recently.,2025-11-17 07:01:04
1509,1428,1287,Partner visit social mention operation claim source responsibility wrong section middle short view scene painting set charge ball couple matter himself from kitchen this.,2025-09-01 07:39:08
1510,627,962,Occur sell teacher someone necessary play before policy method between author suggest.,2025-10-19 01:49:04
1511,3110,1387,Call responsibility unit know current rock central piece box major.,2025-08-08 06:27:47
1512,5847,536,Student cold hot five father nor say a under least lay.,2025-05-28 20:42:30
1513,4473,1853,View nearly accept step art mention environmental describe surface.,2025-06-26 00:59:03
1514,4149,1978,Fill few within write four deal day mother line budget.,2025-08-26 19:32:36
1515,2726,1023,American sign material green lay customer American table half cost feel camera single.,2025-03-03 11:50:32
1516,954,2049,Information important walk week decide particularly.,2025-05-05 02:28:37
1517,6212,2072,Indicate sport audience cell summer someone for personal break player.,2025-04-30 00:31:44
1518,2598,1411,Often top food career soon of approach a matter condition.,2025-07-12 08:00:43
1519,4255,859,Look news himself under interesting long stage writer accept position tell reason.,2025-03-12 04:12:49
1520,5661,2046,Cause treat fall during author mission radio get.,2025-09-20 17:41:00
1521,5003,1601,Realize table blood language popular must spring guy social growth store there education establish Congress popular.,2025-08-17 19:58:16
1522,6313,900,Section really improve eight power forget always these still strong between Congress teacher song course its religious political people three too home man star another.,2025-10-28 15:24:12
1523,2225,1513,Rather effect find soon month rise tend member benefit.,2025-11-07 15:46:17
1524,2006,784,Lose magazine interest participant.,2025-07-19 23:37:49
1525,5131,1699,Stock relate office out exactly fight.,2025-02-20 01:05:16
1526,6119,2002,Magazine interest another however hospital represent speech operation everyone particular spend wide experience reduce while mother yeah strategy issue.,2025-04-22 08:26:26
1527,1572,1525,Forget tree relationship stock through many range technology president song home.,2025-01-14 23:56:13
1528,4390,1477,Reach short upon key describe already own by prevent discover open treat.,2025-03-26 15:09:09
1529,994,1291,Hot turn while nor test west sell speak.,2025-11-09 06:28:10
1530,1791,974,Cup reason themselves language bank financial front civil purpose painting.,2025-09-06 20:26:07
1531,688,968,Firm many scientist deep.,2025-12-07 20:46:51
1532,5712,992,Three three business simple stand beautiful create church full would probably off student natural.,2025-10-21 04:20:43
1533,2665,1953,Push office on professor great college car score exist.,2025-01-26 19:09:48
1534,2111,216,Benefit upon green father attack without prevent respond drive very dog every smile per education continue military beat new sense necessary respond eye.,2025-04-15 20:59:58
1535,5442,311,Fish second discover miss skill up hotel task event service chair discuss.,2025-07-04 01:26:43
1536,3408,1884,Add course growth heavy describe wait much wish carry price cup fear some policy decade travel American.,2025-10-09 19:12:39
1537,6077,670,Discuss effort strong the prepare huge many tree pass play someone again several west learn while.,2025-07-30 14:03:24
1538,1370,1256,Federal head assume back send prepare room.,2025-01-23 07:15:11
1539,5304,2036,College respond her president available medical reflect report realize now easy push record tell toward ability inside.,2025-09-24 22:03:55
1540,5268,1813,Commercial see our never sound among last other away safe opportunity whom trouble color single kid be opportunity with.,2025-07-10 15:58:15
1541,1923,806,During property several bill listen determine partner.,2025-08-31 12:52:37
1542,1312,815,Seven situation size protect wind impact full series thank stage position example grow ready budget member movie ability.,2025-02-26 16:50:26
1543,5523,1084,On maybe media apply training what.,2025-11-01 09:25:55
1544,2206,195,Write training help open color.,2025-08-17 02:18:23
1545,4792,1645,Role pressure wall key list draw remain military network why.,2025-09-07 09:25:09
1546,5248,2040,Imagine physical sport base book weight stock water kid film old condition true notice nature.,2025-05-19 10:24:14
1547,2955,986,Language well instead deal follow bed result large live.,2025-05-09 13:59:33
1548,2784,1231,Less never above.,2025-09-15 03:34:43
1549,1240,1283,Small serious these wife loss list necessary such down various rest hair garden behavior study second say official.,2025-05-04 18:19:32
1550,5504,1421,Pick figure commercial position then all car way.,2025-03-19 15:45:45
1551,5189,1946,Travel name again three believe air age although.,2025-07-03 01:21:41
1552,823,1211,Project live explain first military structure thus real price public.,2025-09-02 06:30:46
1553,5033,1955,Fight matter a through work.,2025-09-12 22:20:31
1554,2656,1309,Hour individual day cell turn already understand key raise rise nearly black page no party then control article write support record street.,2025-06-23 16:02:47
1555,1286,398,Head soldier on two.,2025-05-01 16:36:57
1556,2045,1767,Everybody small talk sometimes.,2025-09-12 20:16:04
1557,3511,986,Performance rest smile material situation computer director guess worry easy coach growth win week able argue music call near scene.,2025-07-27 09:08:59
1558,5795,545,Person stop bill lot father onto wonder point land return matter require final lot.,2025-08-03 07:34:26
1559,2048,1577,Someone rather some effort spring quickly raise book data management piece professor table eight six indeed American Mrs with former that phone condition message others future.,2025-06-25 05:02:17
1560,3427,1628,Who eye financial enough like student return smile decide indeed through become technology gas training.,2025-11-24 11:32:32
1561,1803,889,Arrive impact worry specific last green bank.,2025-06-08 19:20:21
1562,4384,728,Admit population include rate remain give traditional boy medical spend indicate machine push bill able mention truth theory wife also.,2025-08-31 07:56:28
1563,940,1772,Central since gas no cover true hit after.,2025-11-09 00:19:36
1564,4175,1501,Assume that weight organization physical.,2025-01-31 22:22:50
1565,4219,253,Improve enter spend organization operation them staff man there game you.,2025-05-16 22:46:30
1566,1798,776,Show forward situation point degree boy main decade minute oil church short spring study smile if opportunity south soldier garden degree.,2025-10-02 11:28:14
1567,2121,1365,Avoid man relationship boy not at music.,2025-10-31 04:03:20
1568,2777,1398,Share carry sell star say white choice dog customer suddenly recent determine travel according nation ever.,2025-10-25 09:16:13
1569,6035,604,Democrat key help political food talk necessary same go office man reduce top material answer drug where off develop clearly center their still.,2025-10-25 13:29:16
1570,1677,1572,Name receive several issue mother turn huge drug room here prove.,2025-12-07 04:45:02
1571,6296,593,Middle gun write general best watch prevent scene just music consumer foot good reach.,2025-11-22 23:13:43
1572,5371,1852,Wish indeed within painting region plan cost player institution friend maintain politics must impact lead together.,2025-10-24 16:42:14
1573,4125,1084,Agent less arm true hour recognize court TV approach ahead once resource understand whole size.,2025-06-11 23:50:37
1574,4579,1983,Up machine yes visit yourself stage civil smile.,2025-02-11 11:26:14
1575,927,878,Tough education but financial series between similar product.,2025-10-17 22:24:53
1576,5390,2061,Ability evening feel prevent human modern wall team lot manage goal.,2025-02-11 10:18:02
1577,3069,677,Cold social receive challenge yet care program health position.,2025-05-19 05:42:53
1578,3095,1464,Prove religious appear gun.,2025-04-20 23:32:56
1579,1653,641,Be by expect rise left my high.,2025-02-08 01:51:13
1580,6271,1751,None several result memory official recent book.,2025-11-11 11:54:53
1581,5144,1689,Light social turn walk education western such response operation day new seek interesting father add.,2025-07-28 02:53:46
1582,2543,1035,Catch within strong arrive over ball what trial.,2025-10-02 13:14:15
1583,1975,1184,Network traditional I score close business.,2025-07-19 12:27:15
1584,2885,1740,Evidence event discover father who choice herself water nothing wide book.,2025-09-01 05:10:12
1585,3104,530,Physical us drug agency above true raise will cold old central something treatment.,2025-10-26 21:57:28
1586,2213,263,Newspaper camera other system herself majority.,2025-05-10 22:20:39
1587,1433,719,Case let occur receive between soon training control huge above might enough every TV film agree personal sit education whether door.,2025-06-12 09:30:50
1588,3742,2055,Again push feeling man soon.,2025-07-03 00:01:07
1589,2294,195,Something because image really peace drop no future.,2025-07-26 21:52:44
1590,5941,1262,Same their key power position certainly course after ability its.,2025-10-02 16:37:28
1591,1256,837,Young might low public most very section follow control try child though.,2025-09-24 15:24:45
1592,728,114,Number maintain degree player recent indeed collection daughter debate.,2025-04-03 00:25:27
1593,1350,1841,Rich focus read her decade strategy computer structure build everyone use may although public future.,2025-05-10 10:43:07
1594,2246,1808,What relationship may eye stay item face interview to on adult food security remain grow describe power pretty.,2025-07-07 17:53:52
1595,5691,1824,Trial street policy owner specific.,2025-09-12 17:55:11
1596,1301,1259,Senior ahead perhaps majority really term wonder alone.,2025-01-18 04:54:25
1597,3890,1737,Where lose south create other fill them option.,2025-06-20 12:33:25
1598,1805,1936,Course president hope after quite necessary ready son head enjoy Congress source.,2025-11-10 09:58:18
1599,628,259,Receive analysis miss practice defense over course.,2025-11-24 11:23:10
1600,4795,1834,Teacher matter appear notice speak thank although partner would site imagine tree successful relate anyone movie site pass stay.,2025-06-08 12:34:31
1601,3801,1432,World door share show student half TV ball because.,2025-08-26 13:31:46
1602,1197,612,Anyone way son bad situation activity miss once impact try.,2025-06-01 16:25:31
1603,4945,667,Once wrong show often degree process firm political you them poor sure growth want drug get lawyer bad some.,2025-08-04 11:19:00
1604,1184,1557,Travel author production.,2025-06-23 19:34:19
1605,767,208,Year staff skin tonight put.,2025-05-07 03:27:00
1606,3088,244,Same movement tax budget product agreement center.,2025-10-22 12:48:19
1607,5188,2081,Similar will life white politics city bed space card simply view leave investment try magazine factor firm third specific before section image.,2025-06-26 04:18:42
1608,977,1087,Buy address town soldier tough human anyone media score notice ready.,2025-06-14 21:12:34
1609,5419,1921,Raise news image marriage ball hour head yourself like.,2025-10-29 19:06:47
1610,4551,996,Item not blood first price dream there order hospital dog cold run now piece himself.,2025-05-19 08:02:06
1611,908,1970,Nature form high challenge consumer coach interest Mrs special.,2025-12-16 11:10:14
1612,3581,817,Born former direction various down.,2025-09-26 12:34:16
1613,2740,921,Your article she true tonight center suggest effort free may just.,2025-04-02 00:39:51
1614,967,640,Natural get car program treat certainly food still wonder reveal character for discover into.,2025-03-15 11:36:42
1615,1399,1108,School result assume general treatment walk marriage film degree suffer language heavy son break occur consumer argue available Mrs.,2025-06-28 16:40:39
1616,2613,1162,Picture agent apply it point people notice.,2025-11-08 11:22:08
1617,4585,1725,Yeah religious teacher amount cup.,2025-05-10 22:56:37
1618,2959,1716,Know mention just here air change site meeting common employee.,2025-05-07 19:33:19
1619,3635,144,Democratic lead down may.,2025-06-26 08:11:34
1620,5150,1868,Visit dream attorney year low special claim win think role month identify next around sister alone candidate brother.,2025-07-26 12:23:00
1621,3401,1241,Thus total form red across human radio newspaper lead more tree.,2025-03-31 05:31:13
1622,3790,882,Total a ball realize public sell now receive certainly so study citizen.,2025-05-03 11:27:16
1623,883,694,Owner finish recent cultural in same.,2025-01-09 16:13:10
1624,2950,1630,Sure family address over board main.,2025-09-22 03:51:50
1625,5613,1669,Meet region ten walk suggest.,2025-11-29 19:00:02
1626,3813,139,Yet move executive service point mother.,2025-07-06 21:10:52
1627,6235,233,Affect investment kitchen management offer test reveal north relate determine ability item behind defense avoid top lawyer yes difference.,2025-08-17 10:10:57
1628,1515,1149,Top phone community break yeah who but follow really term finally establish employee sense shake none.,2025-07-19 17:03:35
1629,1949,1898,Enjoy newspaper daughter despite affect company prove century president eight young contain action.,2025-08-13 11:21:21
1630,853,229,Effect century inside billion sense result large what form alone report scene democratic back garden skill drug ago article ahead economic out real area.,2025-03-10 19:29:42
1631,6445,339,Keep look fine because laugh situation training arrive girl of various wide.,2025-11-12 06:47:16
1632,1728,112,Health fish executive know heavy American pass Republican better above loss example fact material such item relate industry baby forward might provide boy.,2025-12-06 23:13:39
1633,3631,1000,Common director environmental garden.,2025-04-19 14:20:36
1634,862,1947,Structure pick land more deal address charge surface design out coach our.,2025-12-15 07:57:25
1635,2302,1068,Behavior onto former economic story political.,2025-02-13 16:22:38
1636,6003,1633,Power loss seven skill prepare where would total back almost more however crime everything.,2025-10-02 23:59:01
1637,3707,1500,Your score century program we trouble.,2025-05-15 01:20:26
1638,3064,1041,Total case area case hand watch.,2025-09-06 03:19:03
1639,3142,1113,Own final certain language sing their off feel explain heart school measure.,2025-05-24 16:58:23
1640,614,1884,Position forward step election government society hospital in financial suddenly director discover moment.,2025-07-12 18:07:57
1641,3350,1555,Identify other authority well perform.,2025-09-24 21:56:34
1642,545,1070,Whom pretty research leader share item investment practice usually ground sing goal certainly group know.,2025-11-06 03:34:10
1643,1967,843,Property through behavior learn chair institution where chance lead house because will against must carry.,2025-02-25 01:52:12
1644,4079,977,Tree should name voice always soldier stock start account over director pay describe lay minute gas similar say father only reality population modern step more.,2025-05-27 11:36:08
1645,4451,977,Change ask lay produce war political option side state hope many bar sing sound wife she party PM they.,2025-12-09 23:07:58
1646,1576,1588,Wonder window protect live staff total.,2025-11-13 11:20:03
1647,1949,714,Billion international service thank according water left almost.,2025-08-14 00:19:21
1648,2622,1313,Quite since case everything Republican admit center everything a box car relate.,2025-11-28 16:17:47
1649,1408,2050,Whom community he phone effect city under.,2025-10-18 00:17:55
1650,3479,555,Player chair wrong win drive form produce forward out.,2025-02-23 13:33:09
1651,3964,1967,Grow whom administration region another price establish share speech letter significant economy.,2025-05-15 17:21:49
1652,6138,1489,Past look budget his anything eight from work.,2025-01-19 22:37:19
1653,1898,808,Toward common build and thousand power century purpose such now entire ok control.,2025-11-06 05:51:19
1654,2848,1899,Manager sing clearly plan old test modern institution other would idea hotel smile economic start single go four where play.,2025-10-21 19:01:36
1655,5341,1863,Of fund significant grow central.,2025-10-19 23:02:00
1656,1243,439,Director glass compare style respond thank wear course trial whom.,2025-05-08 15:44:11
1657,3818,1190,Seem especially American product whole individual Congress her five make activity ground federal.,2025-11-19 16:48:09
1658,3900,1861,Recent bring section simply admit.,2025-06-22 00:06:57
1659,1719,1448,Offer personal already have alone.,2025-11-03 22:16:52
1660,1073,1430,Country short plant realize others direction.,2025-08-31 09:09:43
1661,6380,916,Box small rich mention billion reality far buy tree fear learn.,2025-10-17 15:49:25
1662,4250,862,Point vote win class southern money key interesting environmental majority Mr head until trip teacher window.,2025-12-12 01:41:39
1663,5572,1376,Prevent suffer film course pretty forget remember.,2025-09-29 11:53:18
1664,3106,1942,Bar exactly as statement house must no base artist remember should way.,2025-10-10 12:55:45
1665,1130,411,Soon customer get shake such college point small inside ball house mention every fact democratic find training be.,2025-10-26 16:22:14
1666,3345,1992,Water set attack significant part world expert.,2025-03-23 23:28:21
1667,3661,372,Artist pay Republican learn art risk early goal other prevent about organization president serve table put interview say deep country three.,2025-11-03 03:06:21
1668,2495,1152,Time enjoy drug hundred say low history during the lead increase evening dream participant over office office never matter check visit worker drug whatever still.,2025-08-25 22:32:10
1669,2041,225,Value pass above tree every us the.,2025-11-14 16:17:56
1670,1957,837,Prevent dog long office.,2025-11-21 07:47:51
1671,5003,141,Economy section water church physical control office past of firm memory newspaper community prepare series people day federal industry child.,2025-08-20 11:35:16
1672,5534,1000,Most camera organization air such among role movie cell leave three house well build rather discuss.,2025-10-18 06:44:05
1673,2174,1431,Turn foreign particular image special common amount allow head PM stay life PM address energy part different as explain.,2025-08-06 17:25:38
1674,1294,1974,Direction difference character let section long second talk up decision.,2025-06-20 01:53:37
1675,5711,341,Door reach listen trial.,2025-05-17 21:36:18
1676,917,898,Message have create imagine rate wait career small education half ball first why cultural economic fund management.,2025-07-03 06:31:51
1677,4923,2067,Nice close thousand view change green always fund edge.,2025-11-22 16:38:59
1678,6329,1255,Popular determine meet similar watch box player truth name level fine onto lawyer in administration.,2025-04-21 12:50:34
1679,724,982,Station food data hand.,2025-05-30 04:44:24
1680,2345,1814,Paper wish character protect positive own foot tend hundred main idea interview affect past four particularly he agency PM rock question leave low chance.,2025-10-28 17:24:38
1681,511,1527,With service goal guess ball after building modern huge six doctor push very fact bag.,2025-12-15 11:44:52
1682,813,1866,Only this what information perhaps forward or debate.,2025-05-20 09:27:02
1683,4353,111,Citizen little magazine paper effect hard beautiful window western.,2025-07-31 09:44:33
1684,2816,205,Create shake body occur pull community above car hear.,2025-02-22 21:17:13
1685,5043,639,Cut walk with season space increase court moment girl enjoy garden old short that home daughter shake arm ground benefit behind let may center particular institution decide staff.,2025-11-16 06:14:15
1686,621,1185,Bill message specific might decide a.,2025-06-02 18:23:00
1687,1810,639,Teacher very others no however per listen between note matter that five little.,2025-09-21 08:07:19
1688,1431,1505,Eight market mean vote seek performance hope.,2025-10-02 13:36:53
1689,3127,203,Bit by food better senior wish quickly.,2025-06-06 11:29:14
1690,5606,1976,Treatment discuss management once to rich rich letter expert myself friend yeah treat song doctor any identify someone.,2025-06-08 06:08:56
1691,3191,1950,Street customer might process same.,2025-09-13 05:24:12
1692,4940,730,Southern central opportunity.,2025-07-18 09:58:14
1693,3636,1127,Only ok three process two sound animal too party never brother seem.,2025-08-13 00:14:55
1694,522,745,Kind approach media consider eye loss play whatever face business much early example amount.,2025-11-12 01:10:57
1695,2006,387,Six three hotel page very style standard if close majority clearly hotel successful campaign agent rise dark.,2025-07-19 23:24:49
1696,1098,1940,Series southern science stand establish.,2025-10-09 20:30:52
1697,1460,618,Open buy certain if low country support actually life me top less energy lawyer until different society very order phone stay increase better.,2025-08-15 10:13:58
1698,1161,1233,Traditional school no with social less admit involve career light picture what.,2025-10-10 13:15:53
1699,6010,808,Evening child ask.,2025-01-28 18:27:28
1700,6395,1873,Situation reality sea small second ability population campaign.,2025-07-25 08:41:14
1701,4847,1151,Return over tonight tonight building garden.,2025-09-04 06:18:03
1702,3440,693,Civil rock management apply generation maybe second.,2025-03-15 02:03:16
1703,1542,2018,Attack wife perform available education life.,2025-10-30 13:36:32
1704,4536,186,Turn popular at ok enjoy make present into contain present those away around attack point participant.,2025-06-01 23:04:16
1705,3562,1289,Five yard use west traditional article can American.,2025-08-27 22:45:37
1706,2272,1069,Seem decade bad south magazine next we resource same writer building system no there party study with drop blood seven claim feeling.,2025-08-15 04:02:37
1707,6236,1686,Fly never second college include worry knowledge rest camera reveal put type church film general have able share size operation.,2025-08-13 00:46:53
1708,5102,1296,Them generation future beyond hope friend plan day director health keep particular region.,2025-08-05 20:44:04
1709,4171,1815,Friend level final college ground room month use affect ball soon different black ball seat.,2025-06-30 00:31:11
1710,845,1482,Various policy level shoulder eight point strong any management future win production base.,2025-08-31 06:07:55
1711,1960,200,Still campaign kind tough article mother company truth firm pretty far of do must young ok cost key recognize surface treatment peace.,2025-10-02 06:54:10
1712,920,943,Focus themselves hope enter together catch.,2025-10-09 00:34:56
1713,4096,1799,Glass behind girl girl throughout husband bar trade.,2025-08-04 00:30:18
1714,2168,1832,Laugh director blood region impact all fight road reason environment certain history.,2025-01-05 19:54:35
1715,5544,741,Power participant minute least by vote wall ground ever.,2025-11-23 21:46:28
1716,5149,898,Forward all future production movement from paper wrong conference really program Republican add thus police group.,2025-05-20 03:28:10
1717,2054,2083,Contain animal cold low near number blue term above appear real those.,2025-09-20 02:17:24
1718,3367,273,Increase sister concern feel treat responsibility less hot oil property service ball instead billion simple air Congress grow.,2025-04-20 07:25:08
1719,3082,2097,May find right apply source nearly serve another need ask or child analysis road song design save poor.,2025-08-29 06:03:47
1720,3555,1658,Research impact piece character check poor pretty number pattern whether.,2025-08-02 06:37:01
1721,3516,1296,According painting professional rest call her personal toward east few involve born continue set run.,2025-03-07 14:52:16
1722,1392,1537,Room feeling answer marriage fine of protect response executive size two business exactly drug minute.,2025-06-12 11:51:37
1723,5851,1194,Senior action charge suffer pattern term nation agree wide environmental whose nearly television white few how guess free ready finally clearly.,2025-11-05 09:09:18
1724,5558,1897,Spend well into difference month measure body miss rule attack mother need training morning speak goal trouble nor never candidate coach impact.,2025-09-03 04:33:50
1725,2370,1656,Second enter by result wall.,2025-07-07 04:44:02
1726,1555,419,This music certainly case physical wait.,2025-08-05 14:17:05
1727,2472,1162,Student skin time buy start tax operation point imagine material case low.,2025-08-15 05:03:21
1728,1350,109,Policy process suggest tax pretty bag already inside expect set tonight.,2025-05-10 06:23:07
1729,3158,1562,Worry every sing them stuff during you which population deal before push.,2025-07-13 23:05:28
1730,4561,150,Great apply trouble camera pretty decade story after north interesting trial garden attention cold TV my place deal.,2025-01-19 22:18:02
1731,2509,1978,Education reduce over remember support time north where here police bill they oil break quite worry design now sound.,2025-01-24 01:40:39
1732,3610,1058,Both forget mention high center car.,2025-10-19 19:37:26
1733,4594,188,College anyone after money heavy current get.,2025-10-10 12:52:39
1734,4302,1137,Seem what blue collection worry focus man surface it these worry know worker former miss.,2025-09-05 06:11:02
1735,3995,160,Wife young process institution carry year second treat teacher speak white lose more watch education house couple affect decision.,2025-07-03 16:49:24
1736,2181,497,Weight light meeting stop level main senior begin.,2025-07-22 15:03:55
1737,5045,513,Involve weight board age get yourself through second yard last she imagine response.,2025-10-31 18:44:56
1738,854,292,Out nature science guess our eight serious.,2025-06-23 02:20:37
1739,2914,1393,Remember major community summer training like for treat argue machine Congress begin language according information want part open water.,2025-08-07 19:33:56
1740,3465,1989,Test office discuss real movie reality yeah suggest less tax box sound.,2025-12-08 00:53:02
1741,1636,1139,Data many finally activity along PM tonight hand clear local manage bank among authority price charge or find teach present.,2025-10-14 12:43:05
1742,2042,2014,Make whom material wrong future movement window really thus again within however how.,2025-12-05 17:09:39
1743,4641,1901,Forget indeed many west party yard light you himself war clearly year whom help national himself.,2025-10-12 07:12:11
1744,4961,124,Unit feel term.,2025-12-14 07:19:01
1745,3600,918,Shoulder suggest industry machine economy relate street too.,2025-10-20 04:31:50
1746,1808,739,Hospital political simply describe feeling relationship adult.,2025-05-26 21:27:30
1747,3527,646,Everybody environment smile film imagine computer source building another spend benefit religious concern audience.,2025-09-27 10:12:58
1748,3143,965,Public south again heavy simple full chair.,2025-07-23 12:06:32
1749,6052,422,Who his bed hear radio way pretty late ever.,2025-07-26 13:56:12
1750,1327,1711,Leave boy individual she right realize yes cut order form fly pay sit.,2025-10-05 06:57:00
1751,5453,353,Follow right computer big.,2025-08-21 14:53:16
1752,5068,642,Staff necessary total.,2025-07-24 14:09:02
1753,5562,809,Population everybody example brother suggest popular drug player state administration party safe particularly bill onto.,2025-07-13 02:33:41
1754,2609,1229,Clearly such lead spend every create different.,2025-04-16 15:13:36
1755,2726,606,Voice machine modern ago still improve value collection.,2025-03-06 00:33:32
1756,2589,752,Popular sing able experience nothing goal deal cup finish specific soldier price magazine floor leave drive article.,2025-09-08 03:31:07
1757,6170,1400,State available blue major difficult choose special response including health meet.,2025-05-14 20:30:26
1758,3670,544,Car these wife most.,2025-03-10 23:29:25
1759,5989,161,Blue just half chair should local big other century small during door few truth before the computer.,2025-08-15 12:22:55
1760,6261,950,Management truth data safe network behavior brother buy great choose bank deal.,2025-10-27 18:24:12
1761,960,1341,Should message better main range their himself society radio prevent day main around full itself record feel health provide onto join.,2025-08-06 08:29:51
1762,5706,1412,Lay budget west finally.,2025-12-05 17:21:06
1763,4852,118,But edge early major identify age suddenly wish imagine reach yeah.,2025-06-05 01:10:55
1764,4147,2099,Authority really entire weight point and one including upon best data fly seek seven start beyond heart region concern action.,2025-03-03 16:03:20
1765,6284,999,Letter world away coach after personal member give than teacher.,2025-10-01 13:38:06
1766,1539,1891,Data range response run thousand method candidate card ten become choose pressure push air money visit wait thought determine final spend main instead pattern.,2025-05-25 15:17:35
1767,690,265,With realize wish happen least mean their computer beautiful begin coach country PM grow she paper.,2025-09-22 18:44:38
1768,3122,302,Prove those for position resource her simple consumer network remember accept Republican analysis pretty instead scientist.,2025-06-12 11:11:08
1769,5676,1564,Upon be young stuff use garden idea option author.,2025-10-25 16:24:12
1770,2825,1822,Nor them team mission black black traditional age security different safe compare song laugh life make security down pressure thing order away break writer two both.,2025-06-01 22:58:50
1771,5978,654,Skin from mean stay talk race total exactly get mean cold while back where image.,2025-10-04 10:00:08
1772,5368,617,Prove ok back risk his choice subject maybe man too a trade.,2025-06-24 08:59:58
1773,2109,2099,Cup build attack represent else seat single economic local series.,2025-01-24 22:10:21
1774,4183,180,So media many reality during and nothing good wait pass provide set of century institution model.,2025-09-09 04:24:19
1775,5819,937,Know leader himself stay individual however single machine arrive game thing all travel ten.,2025-11-03 22:15:19
1776,1605,1790,Fund range better mention cell skill.,2025-09-30 18:18:04
1777,4109,1975,Community radio suddenly worry media fly service foot evening someone.,2025-10-10 20:02:51
1778,2574,336,Sing apply hear later contain strategy surface gas wonder relationship then dream thus sea.,2025-11-22 01:42:30
1779,4123,2088,Year best suffer why whatever born certainly table box science old industry benefit heavy audience difference chair hear affect ask leave indeed address.,2025-09-01 15:44:36
1780,1638,1530,Item animal mean over which particularly student when agency international three past take cost return school area election then.,2025-03-19 08:15:30
1781,4687,976,Traditional goal out catch north different process meeting particularly somebody significant nor night stand life let perform measure executive.,2025-03-06 05:36:45
1782,5671,804,When key page month reflect serious vote anyone member our senior.,2025-09-09 10:29:30
1783,1727,1715,Stock onto list one responsibility medical rate run management her idea age add ready.,2025-04-27 17:14:46
1784,3793,466,Grow list environmental land food rest vote.,2025-04-05 19:19:05
1785,4295,961,Star on almost vote energy system vote miss meet happen character grow magazine American green attorney surface big discussion enter particularly blood stop know year simply.,2025-12-02 01:37:57
1786,5546,1465,Health air value behavior.,2025-08-14 05:46:09
1787,1311,633,Soon college someone help security political.,2025-11-07 08:56:30
1788,2366,1569,Line trip myself establish push back medical attention painting hair note.,2025-09-06 21:00:59
1789,5064,1177,Part step give month kind appear.,2025-04-07 17:25:02
1790,2439,516,Defense continue science design effect attention trouble moment idea free short too impact move room chance respond reason democratic professional.,2025-02-07 11:57:05
1791,1630,1905,Central cold green have should exactly road human perform network peace better guess support citizen likely goal.,2025-12-09 04:40:00
1792,3967,963,Charge low least need condition law will accept.,2025-09-21 03:49:54
1793,5113,278,Management color better board study debate operation expert.,2025-02-21 06:51:42
1794,2357,1119,Out pattern board true usually outside argue difficult buy test edge.,2025-07-24 13:10:24
1795,5755,1972,Brother hundred decision tend which while sign common son reach believe discuss significant two article participant my tax.,2025-03-23 21:41:33
1796,2145,263,Return north wide meet television more western source black.,2025-11-05 12:41:27
1797,5249,1086,Go her central recognize increase manager country myself social sign Congress.,2025-10-29 23:08:56
1798,5636,917,Us run message although team list hotel.,2025-09-29 13:26:59
1799,929,1784,Including professor realize skin challenge own board not increase try everyone start guess bag sign tough natural sell professional all light future range.,2025-04-21 11:38:26
1800,3880,900,Mother own quite would color knowledge.,2025-02-09 10:10:49
1801,5297,684,Research clearly race all discover candidate organization.,2025-02-13 02:41:27
1802,5142,114,Turn off others require.,2025-04-23 06:03:37
1803,5394,829,Wish message another agency could money itself born name others impact clear voice off half admit dark.,2025-09-29 00:50:06
1804,3031,2016,Main plan industry simply power example could rise growth entire agency drive.,2025-06-30 10:51:02
1805,818,1913,Happen above word direction instead century peace while word evening contain watch during leave half.,2025-01-18 00:46:19
1806,3778,1881,Audience force eat opportunity trouble month raise trouble minute look floor first state not wall serve natural set former strategy spend language similar eight decide.,2025-12-01 14:37:12
1807,6458,1433,Often water smile scientist option thought would himself sometimes dream campaign.,2025-05-15 17:37:12
1808,535,471,Result customer a get create result number state eat room kind.,2025-04-04 14:32:17
1809,3285,1269,Else available gun manage building feeling charge data happen shake skill tax show long chair body agent focus.,2025-08-05 13:30:22
1810,6124,216,Yard city other in response long enough ok must statement nor street tax speech similar table sometimes learn hit home.,2025-12-02 04:05:47
1811,2125,913,Far sort hot represent way control economy any could.,2025-09-26 21:11:21
1812,3776,194,Rock physical budget toward the alone through college stand to dark college try book budget either understand get.,2025-09-23 14:14:19
1813,985,1468,Class explain yard second there make knowledge goal its leg them late race fly guess table that woman.,2025-11-27 12:39:14
1814,1039,1114,Long middle enjoy situation stand four put kitchen six.,2025-11-12 08:37:37
1815,2249,102,Whom structure always very few fish.,2025-05-18 07:40:06
1816,3430,934,Should cup different tax keep western fall second wife stand treat air around effort act where.,2025-05-31 18:25:44
1817,1943,962,Will serious author career physical heavy entire.,2025-05-19 17:53:49
1818,2509,1424,Keep word different available again mention plant news pressure wear life.,2025-01-22 08:42:39
1819,6001,1980,Throw dinner name interesting film president including crime final why run bar.,2025-03-15 13:09:18
1820,6019,225,Song fear reality to whom base thousand also late heart pass.,2025-09-22 18:16:32
1821,2077,1105,Down trial particular same political more choose behavior else price late start former morning career hope probably.,2025-04-07 17:49:10
1822,1152,131,Positive federal catch season tree room off reason crime goal.,2025-01-14 02:25:30
1823,4665,1897,Together bill range rock of method white money oil director cup continue truth option order either.,2025-03-14 05:15:58
1824,2075,2054,Daughter own this economy one bank whatever purpose ever ball Mr site newspaper arrive improve sea road sit.,2025-10-01 20:22:30
1825,3313,1944,President military national without newspaper want for window per recent for left hard cut avoid father.,2025-08-31 13:08:16
1826,3093,484,Social hold itself scene summer appear participant miss.,2025-10-20 22:48:55
1827,2633,806,Hospital avoid purpose product police wonder up case indicate they address site off law number.,2025-02-15 20:37:16
1828,1841,1611,Enough own evening fund his remain cover theory team training different TV.,2025-11-05 18:15:57
1829,2372,303,New stuff provide responsibility capital former focus well along situation yeah crime Congress truth result.,2025-08-03 02:36:15
1830,2743,1965,Why modern fear individual blue west property low society management agreement year describe position finally.,2025-01-23 05:26:34
1831,5638,1336,Glass expect reason answer evidence guy forget marriage sometimes low your type feel finish pretty second writer citizen husband west any remain.,2025-11-12 06:56:22
1832,4252,1418,Will name majority scene kind social almost talk above occur agent anything kitchen recently among ask much quite life.,2025-09-26 18:17:10
1833,2362,2098,Either interesting maybe put different course speech.,2025-07-05 15:53:57
1834,5360,1491,Quickly focus else through hope test drive back notice air data.,2025-04-09 02:00:41
1835,4804,1975,Make close choose wear reduce mouth door his wear design this today near third half stay pretty develop owner certainly will boy part scene.,2025-10-11 19:13:49
1836,6179,1899,Court plan question.,2025-04-29 09:51:30
1837,2917,1068,Toward word must another able require government spend our education ball bit family listen family recently learn east college set performance teacher response scene bed.,2025-10-09 00:04:36
1838,1561,1666,Opportunity song scene what across decision knowledge leave center interesting cost mention later.,2025-05-16 04:08:22
1839,6394,1085,Fact energy thought control dream life official fill art candidate so.,2025-02-11 02:17:19
1840,4678,706,Never example space raise out.,2025-04-20 04:40:18
1841,5112,1023,Life newspaper bag ask boy.,2025-07-27 04:50:42
1842,679,1006,Chance this sort artist mission then left simple impact as PM degree ground end bank stay two than go.,2025-05-05 10:18:37
1843,2889,1141,Could possible mother office rich book change agreement rate often.,2025-10-03 18:52:25
1844,5243,877,Not week quickly animal sign among north themselves investment skin card choose impact father support.,2025-10-19 20:09:10
1845,1575,360,Manage direction program event knowledge and decision cover sense begin nor recently.,2025-06-28 18:46:57
1846,3413,1063,Hour cover practice half usually instead else.,2025-10-14 15:09:41
1847,1975,247,Security half bill study.,2025-07-19 02:36:15
1848,3305,1255,Possible trouble big wonder different stage hot field.,2025-05-14 05:58:47
1849,3463,1183,Treatment paper go control may learn day cup pressure.,2025-12-05 02:15:58
1850,2373,1928,Decision case area speech almost spring red race actually what if sound plan again our major face suggest.,2025-09-16 05:39:26
1851,3370,402,Detail require give program doctor prevent radio life agent.,2025-07-21 08:52:16
1852,2850,664,Box myself we war base travel population.,2025-07-27 16:11:27
1853,6372,155,Option style lawyer successful west opportunity.,2025-09-25 11:17:25
1854,3895,246,Other exactly box within treat relate once scientist.,2025-06-02 21:50:15
1855,5341,699,After develop hard court under agreement necessary important tax continue after very.,2025-10-18 11:09:00
1856,3144,1636,Draw phone just risk capital hope simple car level production list record development store.,2025-07-28 03:02:02
1857,3172,1068,Hear fish market upon executive table.,2025-02-13 09:47:55
1858,6161,420,To spring or live answer effect water way energy.,2025-07-02 14:04:45
1859,1101,247,Wall analysis manager while election popular race process his town if exist.,2025-01-13 18:43:34
1860,3724,294,Claim once network rest serve town want.,2025-03-08 19:40:18
1861,3117,1116,Under resource else among staff interesting phone which education stay.,2025-07-21 06:00:49
1862,4305,207,May decide score site six tend per home person loss voice collection challenge without him set picture test consumer daughter customer need economic challenge recently.,2025-12-06 05:06:28
1863,978,1010,Return film ask factor government.,2025-09-21 00:27:41
1864,5594,1578,Now PM final skill clearly.,2025-12-12 12:08:39
1865,5731,889,Gas gas author author likely person.,2025-06-22 13:40:05
1866,2020,2009,Tv discover purpose season east leader weight church center.,2025-03-18 18:43:35
1867,6348,1897,Child within tonight within real man prove hand year issue fine box sort.,2025-06-22 11:08:22
1868,1565,414,Recently upon determine material range.,2025-11-05 13:40:12
1869,4564,623,Eye seven when food road society movement really real them behavior leader worry strong wonder discover question.,2025-08-30 10:57:40
1870,829,1721,Bring hard forward not star yes environmental.,2025-09-19 02:15:33
1871,4113,1122,Culture side response account city ever experience concern behavior seat mention dark visit any event add fact do fill eat or every wonder position begin.,2025-04-18 23:29:46
1872,5936,2088,Mission recent couple good travel reason chance relate entire.,2025-07-03 22:28:09
1873,5582,1812,Full race sometimes crime position middle next official throughout people civil student represent try.,2025-09-23 20:11:55
1874,3686,1761,Face clearly chance example whose cover gas concern through arrive green his always operation perform to themselves win.,2025-07-13 06:06:50
1875,3466,1875,Fish light last three culture show benefit worker miss gas condition kind teach take base reflect.,2025-09-16 03:36:18
1876,4653,2093,Run wear call among adult among better family wear bag mother.,2025-12-15 16:36:50
1877,4820,401,Ok grow race.,2025-06-18 05:27:59
1878,1325,821,Heavy skill language plant well forward.,2025-08-29 17:27:28
1879,3087,743,Lead condition line because whom allow first record.,2025-10-23 09:46:39
1880,4446,1846,Mother personal according important society senior remember teacher back situation ago onto several detail performance bad although.,2025-07-28 13:51:05
1881,1310,1605,Activity special head total election key conference citizen class real popular spend.,2025-06-21 21:42:17
1882,2082,2099,Reveal former according movie direction whatever too song community firm under rather she.,2025-06-17 17:15:34
1883,5204,246,Who pattern low cup impact writer star short thing former ready edge medical.,2025-12-04 15:14:33
1884,5753,775,Best politics popular seem edge serve service number wrong itself watch story attorney face put time have tough through join.,2025-07-23 05:53:53
1885,1021,1635,Player employee wonder beautiful movement decision different happen with be.,2025-01-15 12:08:03
1886,4308,204,Any traditional class arrive help really through structure.,2025-11-23 16:13:45
1887,1423,142,Because least visit until yard worker level short.,2025-11-18 16:09:15
1888,1906,731,Newspaper along age still cause international less but scientist simple million way.,2025-03-03 00:28:49
1889,4775,1879,Recognize good sport without trial medical during mouth challenge drive performance region response hold without so set fish training above role type either.,2025-05-29 05:40:26
1890,963,348,Research understand range task eight make matter resource forget social how.,2025-07-01 01:00:40
1891,3168,1435,Wait point memory other look realize see.,2025-10-17 14:05:18
1892,5823,296,Trouble stay lawyer.,2025-07-26 01:27:52
1893,3211,1116,Why church our main stand chance operation energy development medical.,2025-10-06 12:26:44
1894,5400,1240,Mission help TV church almost ground customer career claim south force foreign anyone six prepare let.,2025-05-10 15:44:59
1895,5692,1501,Vote including sort laugh trade stay foreign write.,2025-11-02 06:15:42
1896,6308,688,Only news enjoy none religious help manage recently model measure end travel must policy lawyer full development affect there participant.,2025-06-21 11:49:35
1897,2035,1156,Century blood human also since save just seek executive seem action place design world tough forward everyone letter rule television back really expert.,2025-09-07 03:47:27
1898,3099,1630,Reach clearly price certainly truth until box nothing way response cultural challenge claim door.,2025-09-26 23:54:28
1899,1840,1725,South speak maybe plant school any factor hand new speech end.,2025-10-21 15:02:28
1900,4916,1445,Up cultural analysis story he control.,2025-09-22 01:09:36
1901,4142,495,Go ten crime more small each lead herself.,2025-11-05 01:27:05
1902,3044,615,East upon leader middle serious what travel former pass gun only soldier question evening turn ask task down.,2025-07-02 08:39:54
1903,1443,870,Pass your drive imagine charge actually month present coach many although knowledge training huge international find.,2025-03-16 20:01:36
1904,3086,2090,Control four computer management but bring way cover vote me receive sit now manage wish middle.,2025-07-03 16:07:06
1905,1941,515,Explain rich so hot particularly resource statement whole new million do government.,2025-11-16 04:21:53
1906,552,1568,All increase police radio space government particularly professional provide practice pressure.,2025-04-07 06:26:16
1907,4540,253,Window nation reveal but them week of candidate color around report should use many.,2025-06-29 18:55:19
1908,4191,1464,Example turn collection case interest reflect sport family hospital degree economic.,2025-06-28 06:29:48
1909,4825,1011,Fish grow say paper enough something simply.,2025-11-12 10:31:38
1910,3126,1210,Ready democratic later look thought away it executive.,2025-12-15 06:52:39
1911,3364,343,Drug some very share deep senior.,2025-05-12 15:25:01
1912,2069,990,Safe security particular election mother Democrat responsibility authority all well certainly write somebody though compare two it stop both walk relate bag quite much.,2025-04-17 14:06:42
1913,1570,828,Marriage tell study question star fight ahead carry.,2025-02-23 12:25:40
1914,2744,865,Guess response lay peace none here sound bit especially whose beat hear good mention.,2025-06-22 06:35:27
1915,4020,1369,Such respond record south call remember grow interesting woman fire own level.,2025-09-13 02:33:26
1916,3797,871,Consider rule peace event building.,2025-08-02 20:06:05
1917,1256,1568,Side forget another hold speech pull TV long international may meet.,2025-09-23 21:59:45
1918,2422,1675,Difficult rather big until evidence.,2025-11-04 07:38:42
1919,509,1440,Region evening sure stay student ten little however still impact food government threat since political performance word discuss born old.,2025-08-21 20:08:42
1920,3304,723,Accept base concern reach listen matter skin decade interesting team again million.,2025-08-13 08:43:45
1921,3533,1833,Condition spring best news do machine beat bill wall technology keep fear decision officer my close support call two trial.,2025-12-06 13:45:41
1922,3472,495,Too win get special agree gas heavy rate indicate magazine.,2025-02-24 01:23:01
1923,5317,2096,Budget shake finish they fund stop mouth thought treat do reflect opportunity too product wait.,2025-10-02 06:59:13
1924,1185,106,Grow professional reflect art radio perform become mind clear less as expect.,2025-10-28 11:42:50
1925,4757,1723,Good big sometimes activity tonight example.,2025-11-15 21:30:15
1926,2477,1705,Which rule key size understand by way field about four for past body design.,2025-03-26 06:00:59
1927,3992,341,Car despite discuss member parent side on different meet I or nature walk place enter current deep.,2025-12-10 19:57:09
1928,6259,1870,Always offer production practice list whether fish three quickly area same reveal trade account behind example pretty professional catch sound sense letter little matter.,2025-10-16 13:50:49
1929,1301,785,Nor help court market reduce shake particular recognize occur room.,2025-01-18 21:29:25
1930,4292,1719,Democratic town still.,2025-11-22 17:30:29
1931,3138,1890,Yet close majority skin treat politics strong eye purpose.,2025-07-11 03:51:21
1932,1851,2048,Public change gun bill machine last enough agent spring book opportunity star.,2025-05-16 14:59:18
1933,6311,1925,Nothing defense service hope that tonight maintain political serve decide hospital than.,2025-06-25 06:17:52
1934,1721,2014,Employee oil again everyone law director speak participant difference surface sell series language account feeling authority per.,2025-10-03 08:38:37
1935,1413,1081,Mean able behavior born seat service economy.,2025-09-08 01:21:29
1936,914,914,Material oil represent not always make perhaps.,2025-06-12 08:03:24
1937,2305,1042,Create level beyond century large travel bag.,2025-10-21 04:38:46
1938,3217,343,Before possible better ball meeting president.,2025-09-15 14:11:20
1939,4270,1411,Avoid blood drive often wind hand likely fall open explain parent plan environment industry mother rate phone know shoulder it western entire information line benefit find.,2025-11-17 08:53:59
1940,4130,516,Institution respond account later through check fund baby party suffer.,2025-03-08 11:07:20
1941,5370,945,Fall number rule one organization note price before big cost hot since development keep election house military bag gas information unit professional effort.,2025-10-21 20:03:21
1942,765,894,Travel medical above fill.,2025-01-21 08:23:43
1943,5002,961,Ten travel run measure partner now.,2025-06-12 22:28:54
1944,1719,2005,Argue cover surface full personal pass for would.,2025-11-03 13:19:52
1945,651,1104,Gun majority daughter brother theory participant he improve summer begin already may enough quality single certain trouble mouth.,2025-11-28 06:00:58
1946,6334,1254,Song perhaps policy front could human mission stuff.,2025-03-23 10:18:57
1947,2597,814,System five realize their party painting parent true serious itself author interview music reveal south.,2025-02-14 15:56:46
1948,4851,1507,Charge store despite yard by according party attack throughout look picture sport force human.,2025-09-27 11:55:18
1949,1950,1986,Run way run discussion above cost east when.,2025-08-21 07:51:08
1950,6202,1697,Simple lawyer realize friend daughter system.,2025-07-12 21:09:25
1951,5169,1942,Ahead herself central hour learn light official official world night charge couple.,2025-11-05 21:31:20
1952,2609,1310,Consumer leave this fine compare himself relationship line attention success newspaper mother others Republican.,2025-04-15 01:05:36
1953,631,1845,Or charge face give game agree film total debate simply actually resource main.,2025-05-15 21:53:52
1954,3652,1589,Process TV wind compare myself truth accept.,2025-10-17 06:40:59
1955,1038,1014,Up event cup clearly.,2025-05-01 05:52:46
1956,2770,1957,And director several key would trouble enjoy shoulder.,2025-11-11 14:25:18
1957,2907,732,Walk they clearly discussion wall expert inside interesting personal.,2025-08-17 20:14:50
1958,5749,961,Hot many trial opportunity teach card young audience do.,2025-07-11 17:45:38
1959,959,1411,Under far style other use expect section.,2025-09-21 16:48:31
1960,5939,1454,Among section measure join idea would nor himself.,2025-03-04 16:24:39
1961,3562,1409,Small bring me laugh interesting size value well perhaps beyond pay style able.,2025-08-30 11:44:37
1962,4344,1731,Instead amount middle general entire would population series despite also pick fear career.,2025-10-01 22:01:50
1963,1468,1352,School place decade again more view like second.,2025-08-06 00:27:03
1964,3487,253,Could move human red box memory herself pick story air consumer pay why.,2025-09-28 19:03:51
1965,3623,148,Live tax hand clear fund.,2025-01-04 05:03:38
1966,2760,199,Set popular room of go difficult hope even national back well answer Mr role catch chance.,2025-04-03 12:02:23
1967,4041,1326,Fine under fine significant when effort memory his team be arrive official share room.,2025-01-21 21:24:26
1968,992,1750,Pressure follow certainly course memory difference.,2025-07-25 13:39:53
1969,3192,557,Fly trip his total everybody art type natural myself person anything.,2025-09-22 09:48:00
1970,1776,1916,Size rule interview last within low town off.,2025-06-22 21:58:52
1971,6262,1375,Foreign pick leg final too reach bad side five song same bad.,2025-07-23 11:37:36
1972,4056,1322,Majority field new husband magazine.,2025-08-13 03:23:57
1973,673,973,Much mouth people discussion.,2025-10-29 03:32:47
1974,5747,1171,Area though majority financial purpose night message.,2025-08-06 05:42:25
1975,2888,979,Produce other money choice simply area force green loss several them finally help more but long year management.,2025-04-12 20:35:28
1976,6419,1077,Art establish similar night mention religious actually after score keep individual yard court draw hour involve crime list born shake eat spend girl take federal fear.,2025-05-01 10:39:47
1977,6111,670,Probably herself prevent place present close lay Democrat.,2025-06-08 13:19:37
1978,517,1061,Field cut station campaign dream station.,2025-12-05 15:45:59
1979,5064,1617,Kid possible risk human firm door fire level it go stop almost fact writer deal research help old foreign.,2025-04-09 20:12:02
1980,5042,124,Argue can then movie half kitchen growth conference per action same front.,2025-08-06 01:02:55
1981,5605,1558,Chance history music heart after themselves agency soldier old thank car dog quite to property chair grow.,2025-04-08 16:41:00
1982,6249,114,Number probably argue including.,2025-06-26 16:19:48
1983,2389,849,Two reduce represent traditional walk.,2025-02-23 15:28:51
1984,4760,1017,Center explain include something response assume television for drive while during air amount leg treat idea believe city sign.,2025-02-01 18:32:50
1985,5330,465,Seek himself put look especially industry one lay learn.,2025-10-17 19:03:39
1986,6122,1398,Face manage likely stock outside become shoulder through bad street lawyer force direction oil bed member trade none young card development hold always.,2025-07-18 06:21:18
1987,3936,1350,What agent deal citizen to social tell including.,2025-09-08 19:05:01
1988,5332,1870,Indicate forget fight per clearly reduce recognize especially.,2025-07-03 18:45:17
1989,1984,1327,Suggest those consumer moment physical firm.,2025-02-21 16:27:04
1990,1178,1864,Task exist however huge option alone red total important beat early society impact maybe truth soon west week.,2025-07-31 14:16:21
1991,2404,1376,Effect the foreign several argue better hold really call in toward.,2025-07-09 04:22:31
1992,1688,1096,Talk degree popular agent race watch boy appear well actually full purpose million become star raise cause need provide laugh easy especially also across toward.,2025-02-15 16:30:12
1993,950,727,Or they character young take wear talk leg do everybody.,2025-11-30 23:38:41
1994,3963,1364,Quickly tonight one day actually ago significant chair herself must tax event voice.,2025-08-22 22:51:54
1995,3538,670,Image spend choose teach remember lot participant between everyone service democratic direction theory.,2025-11-03 22:38:40
1996,4910,594,Something push successful eye.,2025-05-03 01:57:09
1997,1461,1857,Here production next fine find manager bad sense water here community.,2025-12-13 00:01:58
1998,4410,1695,Land special beat statement seat hair.,2025-03-11 12:33:45
1999,6007,2095,Minute final picture clearly enjoy until modern most actually between.,2025-11-07 21:36:28
2000,2227,1929,Able early outside try anyone clearly pick so concern wait score institution set.,2025-10-15 03:57:37
2001,3519,422,Do each home family meet age sense strategy state such data government nature local.,2025-12-02 05:54:20
2002,4355,1653,Food quality rather animal significant evening might according step seat lead.,2025-09-26 01:24:42
2003,5496,1048,Leave pull authority enjoy about matter company themselves close hard.,2025-06-27 23:28:45
2004,1867,1496,Look inside modern space sign feel toward foot analysis particular much mother.,2025-08-28 05:07:55
2005,1706,1531,We prepare mother suffer mouth moment strong.,2025-10-28 08:34:46
2006,1287,816,War speak father pass property other scientist too reflect recognize everything news on PM decision fall population.,2025-05-27 19:16:39
2007,5220,2032,Offer base personal successful imagine forward protect fact bank issue set.,2025-08-27 11:15:22
2008,1859,505,Support turn human create and him contain.,2025-11-04 08:19:40
2009,3563,1553,Condition seat serious do art country produce change during.,2025-06-29 13:33:16
2010,6159,1576,Center room all for early go.,2025-07-30 03:08:41
2011,2998,1356,Such himself give his group second alone protect radio effort size section these hospital executive source account matter.,2025-04-12 03:19:05
2012,842,1209,Once analysis away religious happen bag write air house.,2025-02-03 09:48:46
2013,4755,1605,White use paper financial charge of reveal last someone difficult voice style purpose south room picture force town least fall force.,2025-11-12 14:44:43
2014,4773,1281,Though high help force money half nor book four wish fact upon meeting.,2025-10-23 19:26:49
2015,4202,1896,World resource project early election eye save.,2025-10-10 15:06:54
2016,5662,1138,Different scene party least page method son security need loss baby here group.,2025-07-27 00:02:15
2017,6431,1173,Worry think here card.,2025-03-16 17:13:57
2018,3509,1793,List none example sense offer white eat federal quality.,2025-08-18 00:27:23
2019,3925,2020,Skin work such see project.,2025-02-22 14:37:53
2020,3849,1840,Inside low provide share.,2025-01-22 19:53:42
2021,1021,1842,Set bar military dinner toward deep start join appear.,2025-01-14 01:53:03
2022,5710,151,American send set writer many toward door significant fine course character successful southern one.,2025-06-09 17:17:03
2023,2964,1953,Resource ground agree remain unit image any start weight.,2025-01-05 23:02:58
2024,4136,1651,Eat mother foot of draw effort nothing last lose condition teach he this walk note view hospital bit write.,2025-11-12 14:35:53
2025,6218,1484,Future computer check white bill area because floor huge work along six care clear writer quality accept baby worker all action attention finish.,2025-09-26 05:37:51
2026,2233,585,Majority receive college answer president he agent quite social forget central such.,2025-05-09 09:13:41
2027,5335,117,Find rest find old property inside.,2025-02-20 22:18:30
2028,6155,609,Memory feel our role attack the voice record.,2025-02-03 14:42:16
2029,4921,1613,Make standard pull clearly recent.,2025-01-08 15:47:20
2030,1941,1704,Mission without image step knowledge cause admit something skin.,2025-11-16 11:20:53
2031,5899,1741,Person statement sometimes affect very concern Congress big sea fund really.,2025-12-05 00:38:21
2032,4211,1831,Southern difference hotel future deep media answer civil sort artist management property.,2025-11-18 15:23:22
2033,5786,897,Most work easy last wide money purpose hospital situation day any thing vote find.,2025-08-06 23:46:49
2034,2861,1383,Serious hard ahead truth specific final which star analysis north most strong green Congress today any ability discover.,2025-03-17 00:35:08
2035,3642,414,Situation certainly ahead son.,2025-10-26 14:19:07
2036,4938,521,Example growth Mr despite discover citizen win tonight once school room former six about if guess.,2025-06-24 06:41:05
2037,3842,651,Change population along wind often reveal.,2025-07-06 08:38:12
2038,5318,892,Tonight within industry well seat avoid sound discussion many.,2025-08-05 21:32:56
2039,2218,254,Want according nation toward source management government investment process on Congress.,2025-07-12 04:08:57
2040,864,1268,Win base character anything nature have central letter page sometimes show under study treatment.,2025-05-03 13:35:28
2041,5458,253,Church religious baby himself owner.,2025-06-20 05:43:32
2042,3649,509,Suddenly day education already however ten agreement down reality finally beautiful.,2025-11-10 16:25:01
2043,5550,399,Career attorney continue left live movement management reveal act poor before.,2025-10-07 23:37:22
2044,621,1093,Place project real out his bank big until boy exist back remain able laugh technology skill budget miss environmental argue.,2025-06-02 23:53:00
2045,6244,317,Today bad mission admit turn response best.,2025-09-29 23:42:07
2046,2511,1399,Themselves compare late.,2025-11-14 09:08:52
2047,3452,1434,Upon skill most teach body operation which reveal less direction finish cell health fish work off nice after address.,2025-10-05 14:38:14
2048,1944,1507,Somebody hotel democratic laugh successful draw allow long great scene second.,2025-04-27 08:09:50
2049,5526,539,National reach plan line his control drop every project fast environment purpose attention whole everyone inside visit main.,2025-09-28 15:39:22
2050,1878,1359,Carry pay cut.,2025-10-04 06:16:19
2051,6049,1922,While its get traditional financial like capital us mind practice.,2025-04-26 17:15:06
2052,755,1912,Already perhaps news.,2025-07-08 01:30:39
2053,4272,1625,Human relate simply occur listen good.,2025-10-17 18:24:33
2054,2174,601,Writer girl opportunity attention street section they act animal civil fish buy night probably per cause son pattern painting sea.,2025-08-06 06:29:38
2055,4689,784,Drive some green you fill action soon friend because.,2025-02-25 21:49:27
2056,2639,529,Tree thousand focus building entire wall model list race statement or parent different white hot concern walk anyone mission cold physical travel no couple modern machine woman.,2025-02-20 10:28:07
2057,1601,507,Wrong we good large activity month institution animal anyone value.,2025-08-21 03:28:30
2058,4036,1556,Visit tend similar card send boy relate no amount series the say approach why explain real never individual.,2025-11-20 23:44:55
2059,4562,1870,Understand consider special far maintain keep along action material ball guy material dinner or around.,2025-07-16 05:30:44
2060,1096,1501,Give without reason start more.,2025-11-19 14:54:31
2061,2994,709,After these stage light various seem institution tonight any when common government.,2025-06-23 03:20:00
2062,883,1268,Fill onto save by above head heart whether her school cold possible friend enjoy voice fill education last.,2025-01-11 10:57:10
2063,3199,1150,Decision indeed culture trade respond still realize build friend.,2025-02-03 05:27:25
2064,1947,1239,Above from no participant pick where huge short.,2025-07-06 21:41:56
2065,1039,1630,Activity develop myself parent pretty though business night it amount require least ok manage ability career across heavy leg Democrat become southern box sometimes rest next ten difficult.,2025-11-12 03:39:37
2066,2788,288,Campaign lead think decision main serious despite yet thought too.,2025-07-22 03:42:15
2067,1359,831,Campaign stage with writer you political something church offer actually believe there big history would best eat wrong.,2025-08-18 20:11:53
2068,3033,218,Month dark office fish knowledge section.,2025-08-27 20:22:54
2069,6121,248,Measure government in garden have reason play enough expect consumer too treatment.,2025-01-31 04:46:57
2070,4824,1639,Provide type everybody public enough.,2025-02-05 07:50:43
2071,3027,1880,Door only pressure usually program.,2025-06-19 21:04:07
2072,4547,1216,Employee whatever factor society data difference.,2025-08-24 12:39:09
2073,1151,1763,Approach if local however try the girl easy church drop he spend.,2025-02-02 06:24:16
2074,699,1856,Coach act agreement western chance certain theory also operation someone young morning method cost mother policy.,2025-03-03 14:14:11
2075,1454,1873,Effort discussion before pay statement early minute turn size southern anyone reflect source protect field note finish he phone prove per reduce seem born.,2025-10-23 12:36:01
2076,1872,1234,Agent by activity standard floor tell national.,2025-04-03 01:45:48
2077,580,299,Serve explain first wide industry product.,2025-08-19 09:15:10
2078,653,243,Reflect finally difference amount ask within vote field whole stage subject set year spend source exactly show.,2025-05-03 21:35:59
2079,5432,1652,Use nature or rather among consumer partner daughter film article strategy establish institution lot animal color machine financial.,2025-08-11 04:48:24
2080,1028,1406,Four stop fill before debate travel energy.,2025-06-25 06:13:35
2081,1779,137,Growth pick word able allow government.,2025-01-11 05:50:47
2082,2264,462,Sport in specific subject fund evening.,2025-10-22 03:04:26
2083,5135,1918,Between somebody guess tell choose.,2025-05-16 06:13:40
2084,5389,1873,Girl first national allow during bank who attention figure picture arrive picture any.,2025-03-20 08:51:37
2085,3680,1873,Boy mean glass middle change sound still west accept TV kitchen else.,2025-10-06 00:39:17
2086,3802,1115,Live across think room answer house character idea meet ahead into.,2025-12-13 12:33:03
2087,4522,1622,Process their go full bank audience rule help game many city special like you church her suggest.,2025-12-02 10:38:18
2088,3486,1271,May per establish education.,2025-06-08 19:05:12
2089,4055,520,Discover none management improve executive economic sense listen dark middle because.,2025-05-22 09:10:29
2090,2374,843,Level data throw him run.,2025-09-09 02:58:50
2091,1418,484,Full player care particular southern purpose another sense management reduce together traditional simple level.,2025-06-02 05:06:34
2092,1582,174,Man authority level if institution happy apply my share cover short high.,2025-06-03 05:34:04
2093,5221,1094,Investment see similar where need several generation owner.,2025-08-08 17:51:19
2094,791,1464,Term in couple ahead guy.,2025-01-18 10:53:13
2095,6474,524,However decision ball occur eat ago exactly public onto fact.,2025-01-13 09:56:19
2096,5887,911,Evidence teacher administration establish three city return continue forward wrong strong hospital easy later age southern network actually throughout.,2025-11-29 06:40:41
2097,2164,2014,Decision anything camera nice lead ago part personal.,2025-04-30 03:53:32
2098,2904,734,We network better shake because put.,2025-11-01 06:54:33
2099,5725,1262,Audience foreign factor partner next wait act read customer street born east interesting mind security media color your big it similar culture five.,2025-09-01 02:30:25
2100,3899,1254,Method commercial economic can money choice view.,2025-05-21 19:53:42
2101,2322,1454,Write heart notice seat government story fear build effort very ball catch almost happy society everything.,2025-07-13 16:22:48
2102,4437,1340,Season program they on design himself.,2025-08-06 19:06:03
2103,5318,140,Sell speak blue actually.,2025-08-04 23:18:56
2104,727,309,Player or garden affect myself particularly college man newspaper art customer both draw individual tough.,2025-05-03 12:40:07
2105,1661,839,Me director interview.,2025-10-27 18:22:15
2106,1258,1164,Shoulder from add Mr exist pay what fly against right.,2025-08-05 20:25:55
2107,5812,843,Born situation involve decade camera treat.,2025-10-18 17:14:49
2108,646,1674,Better rich option by music although support anyone much necessary.,2025-09-24 01:21:19
2109,3456,1588,Paper you material girl manage business answer be series dream prepare fear third simply pretty management somebody.,2025-07-01 13:07:39
2110,3683,1417,Themselves other do organization research nor month the two here ahead.,2025-06-11 12:15:36
2111,981,1663,Although important kid.,2025-06-10 18:57:36
2112,1651,295,Six indicate during environmental quality customer technology song whatever ten record everybody group color indeed despite my get outside land.,2025-08-22 22:49:49
2113,3352,1222,Response investment product education.,2025-01-03 01:02:48
2114,3826,1317,Move executive air ago media husband.,2025-09-12 19:44:41
2115,4487,1035,Sound modern may hope probably employee day nearly gas seven realize fish shake even modern partner.,2025-06-25 16:33:15
2116,1483,1285,Reality structure sing meeting data several television.,2025-10-28 04:05:18
2117,3694,1070,Boy summer little responsibility evidence weight data economy involve music wide relate learn east stand maybe learn next rate second write.,2025-03-14 15:01:43
2118,672,1914,At people pick rock behind hit student sit anything TV ever.,2025-11-22 00:55:43
2119,5805,1480,Within air mean entire interest sense pretty agent range material hard financial step.,2025-10-31 10:50:51
2120,2108,984,The go machine list identify through figure sound day last soon nature offer view apply know song change many.,2025-09-04 19:32:34
2121,3982,1883,Trouble focus forget onto recognize simple into anyone low what factor move project little ability little a Mrs change station small moment no.,2025-04-04 19:07:22
2122,1849,108,Single none whom according without market its off probably law southern community past.,2025-08-10 01:08:29
2123,5053,1923,Skin quickly share pull.,2025-09-26 00:53:47
2124,2363,796,Especially type necessary affect worry current religious usually hand.,2025-11-02 01:58:15
2125,2830,705,Design clear scientist economic actually decision recent.,2025-11-03 20:24:16
2126,2569,1580,Subject water cold family cup about move why require environmental young manage ever century movement page especially machine like surface finally.,2025-06-13 18:55:01
2127,1443,2017,Organization look six end economic upon successful worry do region career significant doctor smile professor wrong thought enjoy outside mission do summer upon age trade.,2025-03-17 04:02:36
2128,2921,1869,Behind community per still perhaps painting over amount quickly hand store hospital resource official also.,2025-11-02 20:29:00
2129,3477,132,Age finish along bag she.,2025-11-29 03:31:18
2130,908,1939,Run third investment among.,2025-12-14 05:33:14
2131,3995,725,Mouth page others attorney use yet program entire north somebody three those until have coach boy win stop coach beautiful protect yet.,2025-07-05 08:39:24
2132,2104,1967,Interest decide everything financial data size style anything.,2025-11-01 08:21:07
2133,1608,385,Sense want wind wear movement ground political design bar financial event.,2025-12-07 19:47:33
2134,2165,178,Deal amount vote various.,2025-03-09 09:50:46
2135,5133,635,Modern your indicate development most standard factor increase way person choice public side.,2025-05-14 13:30:03
2136,965,641,People consumer before room guy administration act our create nothing develop respond perform your sign medical teach avoid western.,2025-07-25 15:02:12
2137,5948,409,I modern range road month PM leave six participant.,2025-07-22 08:30:32
2138,3928,331,While somebody public herself miss PM turn everybody data wish hope last floor above father value born newspaper available.,2025-10-23 21:58:37
2139,986,443,Third machine girl player executive fund road a new step natural news.,2025-10-11 01:51:12
2140,3474,1960,Or task local attack artist over speech write production yourself work.,2025-03-17 16:53:13
2141,5913,622,Skin world for teacher discussion.,2025-07-24 22:57:17
2142,4188,1219,Method past entire to trip hit.,2025-10-12 19:45:04
2143,5219,242,Hard election recently simply go conference different budget hard break necessary all begin.,2025-08-02 09:22:32
2144,3531,298,Much through large rock brother lot today international yard recognize produce support run.,2025-09-04 21:30:00
2145,2527,1358,Bar history compare today find record scene economy.,2025-07-14 21:06:43
2146,3376,1236,Crime food newspaper difference development seat test owner certain between.,2025-07-24 16:41:56
2147,5036,1357,Walk have pressure appear carry early fact question.,2025-05-03 23:41:04
2148,2231,1622,Over garden just area peace group security show teach above tough bring fight knowledge thank.,2025-10-24 00:56:31
2149,5567,154,Paper tough this middle draw let.,2025-09-14 01:05:56
2150,5293,2099,Court thought age teacher society practice customer describe detail team.,2025-08-30 18:10:39
2151,4056,1764,Car them class.,2025-08-13 17:57:57
2152,3636,1577,Behind size alone drop as example everything stock major street whom speak recent car future perform common official eight perhaps article culture.,2025-08-13 05:21:55
2153,4429,1237,Her evening technology turn run education rather then Congress mouth sit particular hotel report you up wear.,2025-11-05 06:30:20
2154,3633,198,Become somebody kid far design box human.,2025-01-02 06:10:30
2155,3392,260,Public themselves need type wind bad table resource then run take four theory staff like center field window lead.,2025-10-21 23:54:33
2156,2531,2077,Way during pay recognize goal our take ball decade.,2025-10-10 03:17:57
2157,3418,1904,Use about tough quickly west produce stage.,2025-04-13 19:55:20
2158,4716,396,Apply direction public true marriage none find appear beautiful score benefit this range less house trade produce experience last huge sometimes.,2025-07-25 05:56:53
2159,5650,320,Several party good level national attorney pay about tax hope guy.,2025-11-15 19:20:46
2160,2454,414,Notice such grow call eat any process bill war throw.,2025-10-06 02:54:13
2161,6100,605,Might throughout sit it grow water test most teach wrong against recently.,2025-06-19 21:10:51
2162,6010,1660,Air never political mean force street room important cup despite wonder kitchen set herself draw their national simply structure become.,2025-01-29 04:12:28
2163,3264,1200,Experience relationship lay worker beat seat effort state dog too.,2025-09-21 06:59:44
2164,5111,173,Part itself election no peace despite cut lot husband card might sound state hot factor either brother conference wish election.,2025-06-03 15:27:05
2165,2022,1758,Control short night own hope wish staff.,2025-10-04 06:06:16
2166,3276,1102,So ground idea possible knowledge us approach.,2025-07-13 23:56:45
2167,623,561,Mrs including from analysis defense school himself.,2025-05-27 12:28:30
2168,2360,693,Popular a garden.,2025-08-05 17:26:28
2169,1357,1073,Interesting word any individual build more live someone hand special economy hotel mother people product minute it relate Democrat history writer nation write stage myself.,2025-06-13 22:49:12
2170,3792,1511,Nothing finally PM admit record attention again.,2025-11-05 01:26:41
2171,5266,1605,Himself some second least star.,2025-01-24 07:36:35
2172,3191,1905,Person Democrat lead approach save finally.,2025-09-12 20:42:12
2173,5241,825,Step draw southern market high choose practice study true best my else.,2025-05-30 01:40:47
2174,2903,728,Many day continue morning foot you property threat traditional news six south job type kid.,2025-01-12 10:54:34
2175,6289,994,Cause suddenly west guy listen arrive truth use increase car.,2025-11-03 02:06:12
2176,3035,1736,Current account Congress natural significant value front feel too customer series however among task relate so local hotel.,2025-01-02 04:45:25
2177,4357,726,Him it style relate society ten page see whatever walk address us education.,2025-05-04 18:18:39
2178,1454,1398,Bit late class hospital participant understand action continue scene free anything clear deep become institution trial stuff human face create.,2025-10-25 01:27:01
2179,3553,1346,Whether class create evening lead together change explain produce rich manager interview direction fly ball generation young feeling.,2025-03-14 17:07:21
2180,5411,435,Federal rather up soldier relationship never them subject six late gun perhaps door.,2025-10-04 12:05:02
2181,1976,437,Free rise especially gun wear road benefit try this else myself black end allow fight soon news set quite.,2025-10-02 17:29:26
2182,2290,2042,Push most work huge rise fund today bar.,2025-09-27 03:39:58
2183,4507,1486,Place news exactly buy leg lay.,2025-08-26 19:04:02
2184,5178,769,Rule very direction range market analysis record instead under three your among media consider so Mr test character present power recent pay.,2025-08-01 18:09:25
2185,3822,1751,Discussion middle per red particular policy once.,2025-10-08 23:17:52
2186,2676,732,Business behind than always father sign the stuff against section.,2025-06-09 15:08:30
2187,673,1162,May century that as glass probably second note.,2025-10-30 04:03:47
2188,1732,1139,East son provide cultural style create television major bill unit up remain business hard ready both doctor will anything manage have people poor allow interest.,2025-04-27 04:43:26
2189,3652,276,Protect arm and here forward good mention apply reason cut huge society boy bit several reality audience their.,2025-10-18 15:06:59
2190,774,1577,Debate job one thus product could apply hundred nice.,2025-09-10 15:00:49
2191,5277,116,Water trial money site second family gas approach skill.,2025-05-08 18:21:54
2192,6077,587,Soldier edge street book however short line knowledge do southern make cold boy cut then parent central consumer whatever may study treat.,2025-07-29 17:50:24
2193,2469,1455,Stop focus sure figure serious keep week coach paper across.,2025-06-30 18:47:02
2194,4289,238,Security surface fire deal well should or ground baby phone them so.,2025-10-26 15:57:26
2195,1117,495,Card age almost school poor billion it environment central product six ok he bed.,2025-11-08 12:24:18
2196,1115,1481,Training mind collection coach surface simple tonight could economic significant soldier fish front town trouble important thank thank make billion.,2025-04-13 17:08:48
2197,6364,1636,Thought charge agent standard land close send.,2025-09-12 14:53:41
2198,3892,1617,Close top bar much quality that cost reduce value leg until card reach threat girl what.,2025-11-05 18:34:32
2199,4279,450,Together she key.,2025-11-28 08:29:17
2200,4148,1204,Task probably put court decision foot go daughter little quality single firm send especially loss sister factor room specific audience subject because ability father.,2025-04-27 01:42:03
2201,2376,348,Billion decade adult like later pull authority also good this really actually outside management employee.,2025-10-14 14:27:11
2202,3152,2014,Response able figure standard part live year summer type development.,2025-07-03 02:40:11
2203,3002,498,Area total member color value anything responsibility development.,2025-10-03 20:33:35
2204,5841,1149,Window cold network use happy beyond against soldier project action method night themselves.,2025-07-18 23:57:16
2205,5354,574,Art practice threat second nature door into on energy society campaign its represent home professional national among plan star apply effect dark.,2025-03-05 20:19:45
2206,5720,1218,Subject responsibility offer throw subject fine usually region number song direction standard prove onto every head go.,2025-10-10 20:28:41
2207,2332,356,Example activity prepare among weight development its with.,2025-09-18 17:24:44
2208,4982,1139,Place ten just nearly than question.,2025-07-31 03:24:56
2209,3815,121,Democrat prepare dinner interview.,2025-04-20 00:31:30
2210,6053,1938,Effort travel increase former use shake director.,2025-07-31 04:45:58
2211,4664,1639,From argue then whose could image cold court billion at do.,2025-05-29 04:24:36
2212,2805,1752,Pull myself too rest together them.,2025-07-04 00:52:49
2213,5053,986,Analysis modern push piece grow.,2025-09-24 07:58:47
2214,4329,874,Fast himself beat health main rest.,2025-05-01 23:38:21
2215,4966,1756,Quite practice group those simple middle care chance let because successful voice go price real television again organization down little.,2025-09-09 20:09:14
2216,2152,500,Physical office remember teacher contain couple guy woman parent.,2025-10-18 14:40:33
2217,4730,1966,Individual still coach answer focus.,2025-12-10 00:26:31
2218,1743,1166,Laugh then become money every.,2025-05-20 06:36:30
2219,3003,570,Thousand operation look next building.,2025-09-29 23:35:42
2220,5761,571,Doctor store either source training issue local first east series particular garden family wrong water process risk.,2025-01-17 20:54:01
2221,5151,923,Specific expert old allow sell author sit politics current unit she view carry factor magazine all respond middle.,2025-11-04 12:23:51
2222,4515,479,Pay ten none fall community after possible get work high radio should idea improve worry produce usually claim white future.,2025-06-27 14:45:54
2223,2119,1237,Size everybody dream far myself deep.,2025-05-20 18:58:06
2224,2167,1592,Huge soldier something just month lot bar ago whether film series detail special attorney cell.,2025-06-11 04:06:31
2225,5817,431,And kid available word term end increase write modern few involve drop part movie chair customer under wife contain allow his find current music song.,2025-10-07 02:44:01
2226,6199,1244,Long describe sport out apply for push beat.,2025-07-17 02:48:55
2227,3481,1450,Later hard study subject movie keep both expect sure.,2025-06-10 07:50:01
2228,3491,611,Throughout some practice industry character trip should.,2025-08-13 09:07:01
2229,1933,1097,Condition city level tree.,2025-06-02 01:54:02
2230,3844,601,Success we early writer build person animal into piece have.,2025-06-21 12:14:52
2231,1096,1655,Hard foot at allow discussion shake article reveal purpose world low sit response everybody community suggest country will.,2025-11-20 09:20:31
2232,3807,1110,Instead truth sure direction learn race ten worker interesting agreement rather energy among about feel born bill.,2025-01-19 23:05:59
2233,5398,428,Name station argue teach hear future follow off us boy beat guy often exactly capital early partner almost the edge tough large.,2025-11-12 09:00:25
2234,6161,1143,Wife adult benefit former view son soon.,2025-07-02 10:30:45
2235,532,609,Car its sort pattern oil for.,2025-09-12 06:54:50
2236,3920,456,Brother trouble star both everybody spring Democrat project activity available tend often national full.,2025-05-08 13:23:16
2237,4140,1333,Not show spend whole international government possible box forget bring north card race why bill.,2025-03-18 22:45:49
2238,5696,219,Lawyer expert skin down interesting language imagine interview cultural writer central television.,2025-10-03 15:04:36
2239,2006,2056,Since fall mother activity rise by probably show possible economic.,2025-07-22 03:21:49
2240,2744,612,Institution charge board paper institution feel become management law for factor follow suffer current nothing.,2025-06-22 18:10:27
2241,2508,1309,Manage case opportunity available commercial relationship fact address wall information care.,2025-02-09 07:54:29
2242,2491,458,Put direction especially glass nice than impact hear.,2025-11-14 12:51:45
2243,4094,1768,Continue executive act attack add against can tree hot door personal approach.,2025-07-03 15:49:23
2244,1313,798,Stuff me light billion blood two candidate line cultural leader each forward cup politics to spring this technology western address sister.,2025-10-22 05:41:12
2245,6006,1642,Chair knowledge will certain from which similar write front season usually staff all.,2025-01-26 23:28:31
2246,2394,1524,Somebody skin above mean thank party big boy degree decision analysis space animal probably couple call about information.,2025-09-02 22:56:50
2247,4583,1491,Reveal capital everything affect human wall next none product almost.,2025-03-14 18:11:28
2248,3660,668,House those garden fast maybe step on.,2025-11-19 08:40:16
2249,1733,623,Central wrong shoulder cell within total politics you garden name society develop some still class should reason recognize.,2025-10-23 03:57:11
2250,4085,1870,Eye occur white address others large say never personal history pull.,2025-02-23 23:16:24
2251,805,1651,Respond over attorney do this phone car free everything morning road camera.,2025-12-15 19:13:19
2252,1550,730,Yes today color of evidence weight room event capital interesting black every voice job community.,2025-11-17 08:27:05
2253,3799,1019,Performance message agreement bank real mouth establish economic how room now public stay whose movie.,2025-01-30 13:49:21
2254,6256,554,Individual property despite remain mention also.,2025-05-31 11:56:37
2255,4204,152,Station understand since when let memory just finally father another figure affect since worker provide thought up as.,2025-08-05 02:32:58
2256,2043,1507,Then understand write consumer military part join else respond so occur more put such late on free might attorney.,2025-10-15 00:21:32
2257,5748,935,Various them professional mother nothing.,2025-11-25 10:18:41
2258,3996,698,Lay sea indicate office.,2025-06-17 23:30:06
2259,6219,615,Clearly boy theory small generation shake ability finish as relationship hear our.,2025-06-03 03:11:41
2260,3902,600,Few test environment political huge enjoy author arm peace possible your anything reduce draw democratic.,2025-04-06 13:40:22
2261,4397,861,Method soon billion by share three so yard right window scientist office government doctor article far actually notice clearly political good.,2025-06-29 00:36:01
2262,1202,658,Star computer finish key situation treat director might garden drive camera live war grow forward left chair become major.,2025-11-01 12:32:10
2263,2314,1087,Anyone reduce now eye determine wonder upon expect record hand low top lose study bit daughter sort four bad.,2025-09-27 07:18:19
2264,4798,1510,Card spend writer put way more lead nearly her alone sometimes responsibility involve product most probably.,2025-09-05 11:58:57
2265,3279,251,Enjoy claim son international blood foot candidate turn show.,2025-10-04 11:38:38
2266,4103,1895,Blood keep color middle less might social.,2025-09-16 10:10:33
2267,2058,873,Music present coach however factor.,2025-02-17 22:13:01
2268,2811,765,Crime blood travel.,2025-11-13 03:31:09
2269,1995,899,Smile debate week letter last far agency simple first mention camera wind course Mrs.,2025-09-28 09:06:15
2270,5747,1082,Evidence natural prove involve pass hope support five spring class low wrong situation.,2025-08-05 11:50:25
2271,5562,1238,From most until seven.,2025-07-12 07:16:41
2272,3761,107,Table money quality amount brother send defense idea food traditional prepare amount available along.,2025-08-14 13:50:56
2273,4090,1665,Message animal finally person suddenly cut statement author listen.,2025-04-06 20:03:14
2274,5326,1809,Administration where care water scene.,2025-03-10 20:23:50
2275,2991,285,Clearly job large hear turn street.,2025-09-08 04:33:04
2276,4081,1225,Environmental never growth general.,2025-09-02 00:14:12
2277,4699,754,Difference support important conference old minute.,2025-06-26 09:49:00
2278,625,1848,Require watch thank feel cover weight president understand.,2025-07-14 15:08:54
2279,5536,1980,Anyone of key sister much send.,2025-08-22 04:42:40
2280,4564,1129,Rather doctor line practice clear establish light ability.,2025-08-31 09:41:40
2281,5618,264,Leave market they owner inside pay he determine.,2025-09-28 01:57:35
2282,1548,441,Admit economic body carry back natural family visit space safe per marriage door.,2025-07-14 01:28:18
2283,3508,836,Among home arm agency call author trouble.,2025-08-05 06:09:48
2284,1041,865,Him already either for allow full position place majority black large war interview weight reality inside want either.,2025-04-29 10:51:43
2285,3486,718,Off authority success western wife past computer check catch top policy situation authority western provide upon red sort south.,2025-06-09 06:50:12
2286,2239,246,Visit report work sense fact threat.,2025-09-29 19:52:25
2287,6116,1472,Join home size analysis dream huge.,2025-03-21 11:52:10
2288,3293,1922,Everything involve discuss my actually public per some despite painting southern be plan.,2025-10-18 13:10:40
2289,3077,1569,Total next sound avoid section morning specific important improve through say life.,2025-09-02 13:49:49
2290,1449,114,Little else order difficult born.,2025-10-09 14:05:32
2291,4036,339,Read state force with trip yeah perhaps career organization science doctor away on usually.,2025-11-21 05:51:55
2292,6022,803,Interesting guy list amount shoulder real realize information.,2025-08-03 09:48:48
2293,1150,143,Special chance family information do treatment base Democrat receive leave support.,2025-10-03 01:42:41
2294,2903,872,Product control community carry doctor let next whole kind until hand new meeting happen interest anything heart commercial less Mr example son director I.,2025-01-09 22:29:34
2295,6254,274,Great choice inside impact through season any scene star go rule.,2025-04-12 18:32:22
2296,2245,1936,Investment laugh allow difference close Mrs probably seven wide source.,2025-05-06 12:23:38
2297,5578,1039,Step similar fight eat agreement happen away cultural high.,2025-08-19 22:31:10
2298,3466,135,Watch but involve around store ok region day whom list imagine sign talk anyone according same own action could tonight worker position.,2025-09-16 04:20:18
2299,5060,470,Past third face forget reason real receive attention animal model offer which build guy ahead field technology draw fight.,2025-06-08 02:06:51
2300,676,1884,Measure send either role look quite public structure.,2025-07-10 15:30:42
2301,5659,1306,Especially interesting ever travel accept century us back interest five century win fall black.,2025-10-20 21:31:13
2302,5321,203,Generation decision business hair plan movie fear citizen these.,2025-11-28 10:41:34
2303,4710,1160,Against scientist factor successful job happen message.,2025-07-29 23:31:21
2304,2863,141,Economy move tell goal at realize somebody wear happy still.,2025-04-12 13:55:51
2305,3933,1179,Occur not my answer purpose start Mr offer official pass every claim.,2025-04-04 07:30:58
2306,2631,1743,Scientist low rather attention far material guess in add thought then up reality.,2025-03-09 22:24:50
2307,1491,594,Class parent into hospital Mr charge beyond music evidence firm their population standard arm five nature energy notice social ask bar music point door support.,2025-07-01 03:43:07
2308,5518,424,Popular avoid cold hit black spend just social sound follow.,2025-04-07 00:04:31
2309,681,697,Should administration voice body decision star really think fact despite.,2025-02-03 02:03:44
2310,2265,1506,Kitchen tree lawyer foreign else sit.,2025-10-22 14:57:53
2311,1195,1841,Service successful establish often there bring public sense side class.,2025-02-02 03:28:49
2312,3207,1351,Paper whose expect grow gun.,2025-02-07 09:01:26
2313,836,922,Position possible town important writer front bill maintain sing next ability day cultural.,2025-05-16 09:47:24
2314,5064,218,Firm card director rate spend though pretty above significant road word adult Mr.,2025-04-08 00:06:02
2315,5749,814,Blood though case stand total difference opportunity perform these defense production soldier model sing future high health official church course treat describe general call.,2025-07-11 17:06:38
2316,4817,1530,Who but attention blue.,2025-09-26 21:45:07
2317,5804,2077,Consider star continue research range the.,2025-12-02 12:34:17
2318,2834,1095,Decade design join tree dinner occur she student operation message close young company study certain act man cut more line money child majority help.,2025-11-16 11:30:34
2319,4459,1342,Enter religious thus film onto wall move onto food last.,2025-11-13 05:52:17
2320,5252,514,It chair continue bit you sense fear total.,2025-05-25 17:42:14
2321,6395,1883,Outside professional strong everybody power test movie organization continue before knowledge guy fight single listen everything short outside across.,2025-07-27 13:45:14
2322,4428,1307,Leave special direction why condition yourself adult image manage would upon check six respond town seven kind late need.,2025-08-25 19:20:12
2323,4364,1025,Avoid spend type between eight information everyone have.,2025-04-21 10:18:17
2324,1583,727,Method per finally child myself near nearly government artist.,2025-11-13 14:51:20
2325,2663,435,Prove reveal consumer probably top throughout situation home figure admit suggest life Mrs.,2025-04-28 12:49:53
2326,2943,1609,Church page idea trip school hope perhaps environmental at place sort though.,2025-08-18 05:21:57
2327,3589,927,Alone beat wide reach member behind natural single big fly.,2025-02-05 18:52:07
2328,1492,893,Above spring hit action year prepare thought music animal commercial civil claim shoulder least offer system.,2025-12-03 23:38:11
2329,2709,974,Admit blue still everyone media authority site free system during while production reflect wind air sort run without indicate identify determine.,2025-08-06 16:29:25
2330,5436,1669,Instead city beyond smile pressure bank trade memory range really thousand worry model trip.,2025-10-19 03:47:31
2331,4746,1970,Picture ability fall people relate whether candidate bill maintain.,2025-10-29 09:36:06
2332,2934,591,Level international control anyone force human debate position produce fact movie hotel everything run after.,2025-01-25 02:19:05
2333,5285,1942,Agree language send fill think course from job investment test card high account analysis south want end.,2025-04-26 21:47:19
2334,5497,1718,Type wish forget ready scene response dinner many memory house participant car explain PM allow then couple class hand.,2025-08-22 01:54:23
2335,2634,1039,Skin network protect major system.,2025-01-08 10:07:17
2336,4209,659,Almost effort nearly population up issue professional could prevent new government develop answer protect sit beat responsibility hour.,2025-04-22 14:09:24
2337,6451,944,Close same hope popular suggest per reveal name officer.,2025-08-02 20:17:00
2338,999,1043,Wear collection strong ok base well experience.,2025-04-01 19:14:08
2339,5003,213,Technology same surface understand onto sound Democrat decade actually appear good bring view small most value nice out everything.,2025-08-18 12:34:16
2340,3102,1357,Serve religious various knowledge true common agree.,2025-08-11 19:09:47
2341,5505,882,Almost investment level term garden main.,2025-04-08 15:45:16
2342,2460,1245,Assume happen past like necessary back.,2025-03-17 04:34:04
2343,2371,2045,Here simply face may late.,2025-08-06 09:43:57
2344,6038,1436,Company level care gas reality media stock today stage parent size all usually kitchen movement cost.,2025-05-22 04:25:43
2345,4883,101,Third eight figure large fine director top worker together quality customer personal believe else.,2025-09-19 21:27:59
2346,3435,1280,Example civil last deep seven together full hair decide true become.,2025-01-13 11:03:07
2347,5421,907,Like control service pretty short draw by apply at week accept child begin data control fund final capital so piece sit.,2025-09-24 02:07:49
2348,5514,1517,Join player remember interest no agent policy but yard itself world analysis.,2025-08-03 15:07:41
2349,6042,602,Involve radio well head.,2025-08-22 06:32:10
2350,4426,1163,Effort half order look common open head parent during something finally them protect form like recent store ready space to only many.,2025-09-23 21:55:26
2351,1986,1001,Main analysis reduce apply white role he vote wonder reality apply whole building writer floor factor pass tend cup reach however protect scientist piece college.,2025-09-16 10:05:26
2352,1074,1730,Art no think sign big perhaps research region modern executive note start image.,2025-06-15 16:23:12
2353,5102,1194,Maintain be price never enter.,2025-08-05 04:36:04
2354,2481,392,Chair brother case allow society speak bag each after whole challenge town administration learn kid treatment feel state history fine.,2025-02-15 22:08:44
2355,1564,1360,Picture husband course try never debate politics ok control see statement forward different teach management house third employee husband.,2025-05-02 04:38:53
2356,2984,925,Wife happy each very line political mouth mother structure continue rise national already provide ball send lay.,2025-10-14 22:17:06
2357,3501,1262,Suffer appear knowledge worry difference give research another pressure direction enter billion poor likely explain skin.,2025-04-01 01:46:58
2358,4207,561,Wall skin husband fire yeah trouble his employee north wide evening special several beautiful.,2025-08-21 18:46:52
2359,2933,609,Day audience receive woman believe check seem game someone six cause rock experience yet resource.,2025-02-03 22:52:32
2360,5114,312,Again expect evidence yes clear goal main level base kitchen.,2025-08-05 13:10:11
2361,1393,449,Enter clearly travel could cultural well consider.,2025-09-04 14:16:10
2362,4931,257,Opportunity memory woman us bill perhaps position third try.,2025-09-09 16:51:42
2363,4851,622,Present reduce car technology more save employee.,2025-09-27 01:18:18
2364,4864,1718,Test plan class opportunity look argue environment accept half here.,2025-07-14 09:30:21
2365,654,890,Catch movie both single large must history international war get study capital guess stay form building push current drop trouble.,2025-08-18 21:47:08
2366,713,918,Allow crime tree check section think perhaps up we plant stand debate three wall kind approach sport major should.,2025-02-09 04:08:11
2367,5571,179,Officer newspaper follow learn state kitchen beautiful.,2025-07-03 18:57:12
2368,5425,486,Look help go particularly relationship federal interview matter.,2025-08-27 20:03:41
2369,3090,130,Expect ago even condition close police window brother yeah foot evidence table participant road.,2025-04-08 23:10:11
2370,1507,1035,Option huge newspaper within right leader particularly much hope evening assume gas agree fish letter require do law.,2025-05-20 03:20:22
2371,4711,1742,Course third arm local information window.,2025-11-29 00:50:05
2372,4287,2099,Cost room way wife poor level pull organization face.,2025-07-01 10:49:20
2373,5839,1020,Turn network vote himself huge attorney world color certainly response wear remain produce particular.,2025-09-14 18:20:01
2374,2479,774,Out woman prevent agree notice listen that how particular and civil answer.,2025-08-16 01:30:49
2375,5543,141,Could perhaps security officer sell event forget such response.,2025-03-19 18:23:36
2376,5018,757,Area audience tend without benefit seven back same ever manager including him training without cold hair hotel heavy they responsibility news certain.,2025-06-11 06:28:22
2377,3726,949,Pick certainly if professor television one successful century hot responsibility quality difficult.,2025-08-28 08:20:37
2378,5213,1565,Mr least generation character campaign certainly ability through international scene again hospital near.,2025-11-20 20:56:51
2379,935,234,Society business beyond.,2025-06-29 18:10:18
2380,2252,230,View such city activity effort probably best officer public president growth much method civil wide yard continue mouth nice eat.,2025-08-17 14:03:32
2381,2513,936,Article author party fight million idea enough election free usually also me particular dinner degree.,2025-12-08 03:30:01
2382,1652,977,Style ago for lead far per court long above option great avoid glass drop positive new amount message also size entire.,2025-10-28 01:14:40
2383,6244,677,Remain he body information crime resource before strong maybe music space.,2025-10-01 11:14:07
2384,1021,1739,Address cold data federal.,2025-01-14 03:23:03
2385,2306,675,Than hospital consider before if model positive common management maybe where citizen occur may school half world during of professor then employee.,2025-12-11 11:54:15
2386,4228,634,Want hour over much when general find ago.,2025-09-10 04:09:03
2387,6029,1333,Guy could act himself half sure officer population morning street.,2025-10-21 23:17:14
2388,6279,1333,More special be consumer street.,2025-02-03 09:50:26
2389,2959,784,Simply believe article hundred whole appear hope fast.,2025-05-08 06:33:19
2390,3283,637,Word total compare painting threat represent take.,2025-12-03 09:22:14
2391,3309,981,Have factor resource should continue stay anything.,2025-05-23 06:07:42
2392,4866,1751,Hospital draw firm state certainly send.,2025-04-21 02:44:53
2393,4568,274,Just available about however experience color him group significant human.,2025-02-22 02:56:12
2394,4652,1032,Yeah political know never without brother policy and much family opportunity science environment several generation sport dog quickly.,2025-11-22 20:21:42
2395,1098,627,Child account choice politics pick young.,2025-10-09 17:55:52
2396,4295,281,Mouth anything half interview best name PM fill out wish scene never reveal onto range those.,2025-12-03 14:31:57
2397,652,1198,Themselves sound anything positive remain ability.,2025-11-07 12:43:22
2398,5988,809,Describe raise cell national standard win threat know although open speak staff amount current movement coach.,2025-08-13 05:58:07
2399,2708,260,Animal TV recently real hear brother.,2025-07-10 16:09:23
2400,988,1456,Small throw sign oil play then chair consider concern service over ago serve right throw these human grow box phone Mrs.,2025-09-15 08:06:53
2401,1391,1579,Side matter respond century whether once relationship ok dinner.,2025-04-08 02:52:24
2402,5349,1001,Level doctor get well light edge turn present response understand.,2025-10-24 15:19:00
2403,3189,576,Hit want he difficult quality statement live them heart bring.,2025-08-05 16:55:18
2404,3086,734,Head rather next thought forget yourself same over young worker player article network.,2025-07-01 23:55:06
2405,5382,1927,Real win new first effort above.,2025-07-24 14:38:01
2406,4982,621,Election while wear more sometimes.,2025-07-29 10:14:56
2407,1002,1697,Itself most author born exactly wish participant cell person important behavior add condition toward remain.,2025-09-21 14:03:02
2408,1381,1995,Involve discover space risk production eat goal.,2025-07-01 01:07:46
2409,4369,131,Themselves thousand administration wide let north century executive theory offer town answer reduce son spring key we most.,2025-12-03 05:38:34
2410,6108,1840,Now draw serve if score soon series.,2025-10-26 03:38:48
2411,2466,1598,War skill put sense game whom collection open radio to.,2025-08-23 21:03:55
2412,2026,1903,Fact stock near fly baby me bring bed consumer image fish wide why might down.,2025-03-08 09:33:28
2413,1665,1496,Likely cover move clear international movie talk worry threat through or movie ok oil box president available oil place.,2025-12-09 21:40:21
2414,6309,2024,Attention child suddenly gun fill significant collection southern third test.,2025-04-23 18:19:58
2415,1710,1344,Spend church Republican reflect effect week detail cause tree large wear raise take.,2025-02-11 01:16:20
2416,3544,1602,Full improve table skin check response early fire question check page traditional standard.,2025-07-03 14:35:46
2417,4976,1760,Soldier another another provide left type again while product home activity in mention man.,2025-05-21 18:30:31
2418,5369,1683,Country cover brother create some career street marriage support capital stage wife first first likely no.,2025-07-21 05:08:38
2419,2201,1497,Find score crime moment loss sister situation among none article common old.,2025-10-12 14:27:35
2420,1151,1142,New yourself worker your activity very discover bad bring read room plan stop time already rise style leader final sort.,2025-02-03 22:17:16
2421,4145,1987,Place argue sign analysis guess summer security gun draw central lot.,2025-12-05 04:34:55
2422,4837,1491,Well wife line professional even stop degree animal catch health after few buy trade player.,2025-07-16 13:25:33
2423,4451,1801,Son finish local institution watch on effort she ability involve.,2025-12-07 23:35:58
2424,5448,125,She still bit character.,2025-10-09 04:55:32
2425,5095,1767,Director matter trip executive image up economy cultural same brother left early anything same pretty control once network suggest.,2025-09-29 23:35:33
2426,5671,1671,Both middle grow decade example gun support word in another probably blue everybody continue.,2025-09-10 21:26:30
2427,3812,1517,Series establish agent question save also road.,2025-08-10 15:31:33
2428,4194,1880,Four pick whole technology investment set lay hand the activity professional task decide on thing into east money company enjoy.,2025-04-28 11:26:21
2429,1790,1629,Watch individual keep news across recently space question class garden report participant society someone base try cause.,2025-01-25 03:45:16
2430,5746,529,Art all exactly discuss yard best.,2025-09-23 12:54:50
2431,4166,1754,Information word budget read Mrs of value something music form friend cup light two picture billion financial tax.,2025-10-19 00:10:45
2432,3422,773,Drop every attorney relationship official magazine.,2025-07-27 08:36:04
2433,5250,1461,Value site floor eight detail suggest door front.,2025-07-12 21:45:07
2434,784,1458,Than official writer exactly ability firm center else.,2025-06-23 12:51:29
2435,874,1932,Challenge energy message world industry area three.,2025-10-11 03:23:33
2436,4291,1290,Structure unit expert manage provide pick.,2025-09-16 07:00:23
2437,5684,1984,Fire bring you age share door store our lawyer north official walk about floor.,2025-07-07 01:13:22
2438,4433,1358,Air answer number prove force someone very Congress data decade home.,2025-05-16 06:29:33
2439,840,1727,Size rise view certain give coach guy include.,2025-01-14 22:13:32
2440,2703,583,Her letter reach day produce son meeting art effect glass.,2025-02-20 19:54:49
2441,5204,1209,Either current beautiful simply customer second.,2025-12-02 22:58:33
2442,1490,1651,Matter apply able manager analysis figure security marriage.,2025-08-11 13:19:58
2443,3757,1351,Stand day way huge single head.,2025-11-22 21:15:13
2444,3735,618,Theory citizen catch color state young big tree.,2025-02-01 21:49:11
2445,4052,1691,Above head work brother fear house kitchen energy next age catch car gas all cup property.,2025-05-26 16:34:30
2446,3901,1091,Here couple adult edge thought eye forget.,2025-09-06 08:54:12
2447,740,551,Employee strong bad message reach might production act doctor name.,2025-06-11 11:36:13
2448,1999,851,Ready film ahead so where bank over peace position recently.,2025-05-18 19:12:55
2449,6243,608,Young together remember organization move argue customer staff.,2025-06-24 09:30:44
2450,6109,1639,Follow operation alone company front animal economy Republican watch center wall thus appear.,2025-11-03 10:36:54
2451,594,1609,Worker black else television industry dream against above road out describe organization explain stock part model happen gas.,2025-10-23 07:49:24
2452,1156,554,Necessary employee what our way image class let water.,2025-11-19 03:27:34
2453,1243,2015,Suggest wall inside history letter risk.,2025-05-08 21:31:11
2454,987,705,Guess recognize stock add admit important education.,2025-07-03 02:34:24
2455,3640,1525,Knowledge court deep take pull player wear most service with skill necessary should hear note law.,2025-09-04 01:45:07
2456,2227,874,Bad there house.,2025-10-16 09:44:37
2457,2932,1459,Space garden strategy blood bring be forget wife change over hope top.,2025-09-13 15:18:03
2458,1290,535,Mean join campaign Congress marriage.,2025-11-14 15:23:21
2459,2964,617,Focus save data lead trouble base answer choice more do sell paper if building another Democrat plant.,2025-01-04 12:56:58
2460,4385,199,Force option design radio pick together exist out attention total.,2025-08-31 01:04:48
2461,1003,586,Realize spend benefit actually thank need although know know friend firm have Mrs however week television doctor significant part body participant.,2025-07-04 07:46:03
2462,4213,1367,Ready plant break effect necessary PM someone thousand form cell play sense.,2025-08-12 16:50:32
2463,1094,342,Easy when into main health rise issue.,2025-06-10 03:06:36
2464,992,1346,Short study action.,2025-07-24 09:47:53
2465,4627,1372,Eight them still behavior.,2025-09-17 15:37:24
2466,6451,1035,Often both benefit structure hour let.,2025-08-02 18:48:00
2467,3325,1053,Today world Mr street state eat smile board evidence use spring yourself gun political remember.,2025-05-28 12:16:12
2468,3212,1031,Attack to oil send paper set bar century executive local.,2025-10-02 04:28:07
2469,4186,562,Student simple road generation reveal once number capital democratic accept sure.,2025-09-05 05:50:06
2470,3765,1592,Real nature woman magazine simple sister down clear future.,2025-02-10 12:26:11
2471,5688,1987,Bit pick high question fact peace leg hotel wide travel few.,2025-07-20 11:37:06
2472,4508,1807,Your break method it talk.,2025-12-11 14:57:46
2473,5277,1368,Mind management hotel majority have safe book reduce person.,2025-05-10 17:16:54
2474,4458,1567,Whatever remain early three material style size summer office themselves model middle truth no view enjoy close fire same far should.,2025-07-16 17:10:50
2475,3077,189,Number pull language.,2025-09-01 19:05:49
2476,2868,497,Black writer name space red front community seven.,2025-03-24 18:31:15
2477,2237,1775,About less kitchen choice father modern sea remain everything.,2025-08-15 00:06:52
2478,714,167,Teach while interest measure.,2025-08-28 02:13:09
2479,693,1060,Clearly truth that major cover range they different sometimes how in speak main still.,2025-09-16 13:15:35
2480,3266,515,Always turn group put arrive write her idea paper cut report establish drop exactly last method employee Republican.,2025-04-12 00:39:45
2481,2881,2043,Keep attack late store room find involve important scene stuff prepare other military western method oil.,2025-03-21 17:30:16
2482,2228,266,Top your occur until focus population traditional together you identify.,2025-09-28 01:50:05
2483,4360,1780,Daughter age book this determine attention herself.,2025-08-09 05:23:19
2484,932,815,Believe will nation marriage least interview contain huge drive employee according two.,2025-11-25 01:48:36
2485,1236,896,Part field career should art outside court exist apply take evening skin nice attack.,2025-05-24 00:35:58
2486,6113,1215,Us television conference section.,2025-04-11 18:46:05
2487,2616,1767,Hospital especially read.,2025-11-19 08:56:00
2488,4885,1562,Several have whose hit later focus foreign yet mean sure up experience.,2025-11-05 07:28:10
2489,6191,1681,Free after lose this perform often once past hot.,2025-06-28 04:29:56
2490,4614,1538,Short next region even tell these carry surface young activity issue tell indicate else.,2025-09-14 14:17:00
2491,993,1496,These two church shake factor where true writer attack run stand their about base push require whatever certainly.,2025-04-30 07:38:02
2492,4463,374,Well college something summer know car week husband several drive describe great quality turn response pay nothing parent research today see.,2025-12-13 16:31:48
2493,1377,317,Billion meeting street teach painting per.,2025-03-11 18:56:34
2494,5126,2076,Thus appear report night continue program south model movement reason improve size office modern.,2025-08-26 02:50:14
2495,3905,1970,Bag long this rule enjoy friend sense example end ten mean design film sure.,2025-03-17 15:52:11
2496,1555,2009,Pressure whether nothing try growth more far special stand effect street stuff task half article key spring if.,2025-08-05 12:09:05
2497,4465,1025,Show store what place.,2025-08-09 02:17:03
2498,1096,114,Go effort contain continue under determine president you group society write baby you poor sense raise teacher feel official establish city section record.,2025-11-17 17:38:31
2499,4876,988,Approach for anything thus everyone image contain appear city expert strategy ahead than.,2025-08-25 15:47:08
2500,3934,730,Choose hot TV attack threat something entire sometimes hand say man.,2025-09-20 20:21:14
2501,2883,817,Wear eat standard compare paper data strong argue southern perhaps surface continue hold great husband sea area reduce.,2025-07-29 23:03:22
2502,4004,493,Can truth color have across be fine almost collection break least machine.,2025-10-09 04:46:06
2503,2891,454,The radio institution fill like bed art tonight again.,2025-10-09 16:28:22
2504,4264,1203,Visit then exactly citizen seem shoulder play example article available claim create kid team create economy wait strong.,2025-12-13 16:27:05
2505,6378,553,Treat industry through economic left safe more argue available break responsibility play company standard nor herself past might wide market.,2025-02-23 22:56:50
2506,1225,891,Over nearly contain hit.,2025-10-03 03:26:38
2507,2340,1433,Whether usually continue example tonight cold appear anything billion prepare eye energy challenge.,2025-02-20 21:21:48
2508,5879,162,Somebody else training huge them understand million green star.,2025-12-06 22:05:34
2509,2672,1907,More big cell project station Democrat tonight similar then writer.,2025-12-09 04:48:03
2510,6337,1491,Certainly establish teacher leader painting she guy character short decide time article every cover development argue affect when get reason turn.,2025-04-23 02:39:05
2511,5793,1420,Hundred front why different ever marriage.,2025-06-07 17:56:21
2512,5588,1592,Himself many dog officer reach painting international speak.,2025-05-27 20:03:18
2513,1654,729,Alone difficult would executive back speech word season debate police administration culture read actually spring indeed international skill list structure wall.,2025-08-22 16:11:49
2514,4525,1311,Page affect so within talk candidate move set task together offer.,2025-09-11 10:36:57
2515,1117,1408,Well say physical animal less population different play easy product in stage it any.,2025-11-09 04:31:18
2516,6126,571,Minute receive room brother here hot image financial window.,2025-11-16 16:25:09
2517,4638,906,Data we stand practice bar window vote.,2025-03-27 22:14:42
2518,6099,2092,Receive beautiful wall out news help.,2025-04-25 08:41:32
2519,4059,1665,Evening pay everyone open crime approach federal.,2025-05-05 04:44:11
2520,3129,937,Measure trial record side professor part after keep yard western performance same.,2025-05-28 21:10:11
2521,939,1961,Important PM anyone their huge coach direction fine.,2025-01-23 14:49:00
2522,719,1196,Spend student material run identify.,2025-10-28 20:42:34
2523,3379,1170,Wonder sport conference success region lawyer century close exist.,2025-08-10 15:55:47
2524,2655,1771,Dream plan foreign skill social force every produce rather reason the answer view professor same.,2025-03-17 04:35:11
2525,3838,1181,Choice event water second.,2025-07-28 20:09:30
2526,6173,1122,Citizen experience officer speech itself fine marriage ball well economy not floor claim sea wind that at pull gun lose.,2025-07-16 12:29:23
2527,5543,2079,His agent argue improve eat recognize already affect medical.,2025-03-20 23:02:36
2528,2830,1948,State eye why which hair that start collection ability research.,2025-11-03 19:54:16
2529,1271,894,Kind top a baby civil somebody PM their but plan news.,2025-08-09 16:46:38
2530,1273,1627,Near fear early let few page last art old sell message.,2025-03-09 15:28:24
2531,2478,686,Product research month week table friend create hospital training society and message add result plant.,2025-08-13 13:02:55
2532,2970,512,Begin figure stuff read no term road south however once fund.,2025-06-01 06:45:10
2533,3702,719,Meet everyone reduce rule better station activity wrong safe would hope city every wall say significant rule position affect tend tree director recently benefit.,2025-12-06 23:49:44
2534,699,453,Who food chance fear share himself learn way day mention site.,2025-03-04 07:53:11
2535,1354,1248,Key quality feel house.,2025-03-09 01:34:48
2536,5059,1178,Describe challenge business ten with method maintain drug trade sign value fire.,2025-06-09 05:38:03
2537,3594,1956,Someone us box painting could effect exist even stay middle star your president similar.,2025-06-07 16:17:03
2538,2329,484,Until field class very wind question which story wide everyone man how move have catch past hour decision along.,2025-09-13 16:59:07
2539,4770,1674,Home almost method open here tough arm especially growth how site court law about together politics nation both inside operation statement.,2025-06-09 16:00:26
2540,3723,645,Forward reflect account wonder music.,2025-08-05 12:11:56
2541,2599,1006,Drive ago trouble local Congress account individual brother over draw.,2025-11-01 16:15:59
2542,2641,972,Offer fund heavy on join voice decide perform station president maybe take fall.,2025-08-25 13:47:35
2543,6358,365,Describe actually store direction arrive this short heavy vote news newspaper wrong billion site like gun far.,2025-04-09 04:35:50
2544,3785,1157,Very else lose sister class than single close money around research little way wish behind writer between.,2025-06-12 21:10:59
2545,1441,237,For character opportunity arm gas score evidence leg camera bag student suffer church ten same compare Republican scientist should rest.,2025-07-13 19:00:48
2546,3537,607,Cost agent husband consumer compare wish around under want clearly owner.,2025-10-24 22:37:09
2547,6134,1234,Sister to body more cut cut card upon try wrong require their job exactly play movement.,2025-10-08 05:27:46
2548,3185,160,Your hit way family true cell bed myself station now during hour.,2025-06-01 19:40:02
2549,559,1750,Who drive identify democratic manager forward put development along others enjoy street.,2025-06-14 23:29:28
2550,2629,1179,Alone environmental pay.,2025-01-09 08:03:26
2551,4471,1196,Enjoy course billion author find company seek indeed I back identify firm simple notice century language loss.,2025-05-30 14:58:49
2552,4741,1218,Tend most she early help first fine exactly.,2025-03-05 17:54:49
2553,1475,196,Support protect game near score town find focus alone once main finish side interview white item.,2025-06-26 15:05:15
2554,4890,818,Dark cover foot under free old guess power special table contain.,2025-05-25 11:40:59
2555,4930,1890,Several often condition painting along people.,2025-02-13 02:40:57
2556,2599,1792,Help clear also south respond local employee turn bring three.,2025-10-31 00:54:59
2557,3670,488,Act father task poor situation everyone total take power serious performance claim wear example threat increase.,2025-03-13 10:05:25
2558,2535,969,Ago effort surface they team avoid conference knowledge recently site seek clearly energy bit budget.,2025-02-20 22:00:25
2559,3052,637,Series prove upon doctor section ago go affect.,2025-11-26 03:40:04
2560,1346,1444,Experience attorney item detail measure.,2025-11-08 12:48:36
2561,768,1480,Measure value can hotel must stuff other win point poor she question suffer truth sure author explain over million seat ahead matter guy no look.,2025-11-28 02:01:29
2562,2322,1494,Five run current medical although.,2025-07-12 19:50:48
2563,5656,1138,Set ok assume blood enjoy off including range score group or enough.,2025-07-29 01:06:34
2564,3068,1247,Fine wide experience.,2025-03-08 23:42:43
2565,6024,1073,Fly age hundred fire alone citizen amount move pass.,2025-04-22 18:26:04
2566,1610,1529,Remember of according way if common.,2025-09-18 07:29:58
2567,3136,793,Near simple else person create boy produce blue control time goal.,2025-07-06 12:28:34
2568,5429,297,Decade than nice require people administration finish military century will both how author.,2025-08-15 07:57:21
2569,2809,1964,Live notice international support operation her position effort it as federal resource network the Congress notice.,2025-03-03 01:15:05
2570,615,1446,Performance end quickly to control send close ago outside.,2025-07-03 13:01:25
2571,736,1650,Southern memory dinner four law scene measure.,2025-12-03 21:22:38
2572,1865,1866,Cell PM hotel heart second morning prepare although term ready decade how thank.,2025-05-30 18:31:31
2573,2642,1366,Week consumer late city low born within cut somebody information thousand decision large drug fire reach check.,2025-05-22 05:46:54
2574,3169,168,Key possible miss be according hold accept game.,2025-06-12 06:02:02
2575,6190,962,Five large occur husband none name edge.,2025-03-31 22:15:18
2576,3138,1411,Form partner no able arm such against certainly someone condition lose memory brother in often room guess back.,2025-07-11 01:21:21
2577,5048,1175,Congress million adult drive.,2025-02-04 18:33:30
2578,1882,889,Management something executive so marriage here apply picture also relate see office catch go military evidence adult.,2025-02-24 02:12:10
2579,3939,190,Cold religious peace beyond.,2025-08-20 01:01:06
2580,5042,1214,Onto both police easy field.,2025-08-05 20:56:55
2581,5982,1177,Threat institution area fear.,2025-04-28 21:53:04
2582,557,101,Find they list thus tend sing save enter federal five account hit year.,2025-01-21 13:41:18
2583,2099,1219,Purpose memory mother before nor result west major development than high standard.,2025-06-27 08:37:40
2584,4792,429,Particular network parent side let responsibility knowledge.,2025-09-09 07:52:09
2585,919,121,Reflect your any right fish window whose west add central institution chair possible he hair environmental name old day live I particular better.,2025-10-03 06:12:27
2586,1078,1211,Movie reflect ask she wall woman.,2025-02-03 22:24:33
2587,3975,2025,Player especially country kind baby develop.,2025-06-20 00:53:41
2588,2180,1058,Address term vote work sort scene charge simple item scene member subject hit what.,2025-12-09 22:33:02
2589,5805,851,Today movie policy record miss moment water wind environment people office financial before serious management reflect economic hour.,2025-10-31 22:48:51
2590,1067,239,Executive everybody school approach team reach month.,2025-10-21 06:42:32
2591,4149,1491,Explain author make with allow more grow analysis order.,2025-08-25 19:51:36
2592,4222,1459,Establish draw brother amount husband collection.,2025-08-15 14:30:25
2593,6190,1783,Painting minute yourself simple onto final in begin simply.,2025-04-01 01:40:18
2594,5925,781,Art magazine trial admit seat decision seem majority become age.,2025-04-24 03:28:18
2595,3010,1907,Soldier office her head series do require word country win red significant listen whose central me be game military involve.,2025-08-26 06:48:19
2596,2141,1935,Best also material include drop professor individual statement usually teach between movement have plant or dark citizen.,2025-10-15 17:57:19
2597,5783,764,Upon method international score cause plant population establish story pull minute.,2025-03-03 15:27:07
2598,5489,389,System pass anything service house dog drop create course total tonight remain town next.,2025-09-20 09:53:12
2599,2465,1175,Information notice health time model toward trouble actually from be bad know else president keep page pass garden create phone.,2025-04-15 11:07:42
2600,4232,1928,With huge serious total along line you recent mother rather your east line system.,2025-10-09 01:22:21
2601,2651,1427,Ten ask present success program.,2025-11-15 13:38:24
2602,4061,155,Note she simple life daughter talk style course dog bed sell administration great by rest.,2025-04-16 21:54:22
2603,3132,1100,Glass that great clearly parent begin short strategy trouble clear meeting image prevent sport industry recognize visit north this degree.,2025-10-10 05:02:22
2604,2204,407,Concern recent meet public wrong city guy he health stay compare shake particular set kid positive help last career truth product sure responsibility.,2025-08-08 22:03:22
2605,1207,1332,Sure southern environment image stop conference case.,2025-08-20 14:54:48
2606,6042,1349,Against project stay third audience American middle nation continue always.,2025-08-22 11:39:10
2607,1029,772,Ever down everyone protect exactly above mission professor into.,2025-02-04 19:54:39
2608,5842,1321,Return little very down win.,2025-10-06 16:19:30
2609,2752,1989,Candidate future court since forward hundred.,2025-10-14 23:04:47
2610,1082,2063,Garden sister manager cover investment.,2025-08-22 07:59:15
2611,4377,673,Animal former first people statement light work along technology PM born dark.,2025-10-30 08:47:03
2612,4728,1091,Fall white allow operation sing training impact like relate policy nearly collection base.,2025-07-08 11:19:12
2613,5308,191,Coach until prove which remember general trial.,2025-04-27 04:01:16
2614,3948,1698,For attention modern culture service detail side their prevent talk foreign.,2025-12-05 17:03:16
2615,3340,146,Audience once dinner three safe big book available begin among rest something nation.,2025-10-02 01:01:55
2616,5881,1797,Very hear than down market yourself head attention.,2025-12-01 23:41:17
2617,5067,829,Debate contain any idea bad enough development life face section cup central mention way.,2025-04-16 23:48:24
2618,670,1120,Care important order religious outside child south three.,2025-07-10 01:42:08
2619,2223,1461,Cultural citizen economic realize people language measure work current.,2025-02-16 01:45:49
2620,4157,1447,Policy office spring paper image exist.,2025-07-05 21:13:16
2621,3205,1953,Magazine enjoy across PM store bed the way get customer land move box which season generation Mrs lot light dark.,2025-02-07 15:25:19
2622,5713,1539,Side size certainly enter leave data may sure call east away guess or great build.,2025-11-23 16:36:08
2623,3977,128,Strong economy responsibility per.,2025-02-27 20:36:21
2624,1352,1252,Large year defense move partner trouble be finally.,2025-02-11 07:42:50
2625,1547,1856,Shoulder my might now executive place.,2025-11-17 02:19:04
2626,2739,1372,Order nor top window group anyone we power hear none husband international recently conference plant.,2025-07-24 18:41:16
2627,4461,378,Sing summer listen point energy practice father PM worker hard center film small similar.,2025-08-31 15:58:55
2628,1452,906,Hear one start every operation apply without throughout thank consumer respond join force.,2025-06-17 08:08:55
2629,1639,1700,Cover however it already scene young nice choice suddenly where teacher magazine system join sport themselves place pressure where turn type green capital.,2025-08-18 17:00:24
2630,915,1757,Carry shoulder participant door often company short outside including American scene join him personal building.,2025-05-20 21:23:31
2631,6146,1816,Yourself production start her from religious before born free ready capital case test watch alone if marriage knowledge.,2025-11-22 23:32:10
2632,4864,1039,Car suddenly cost lead could phone catch unit movie very number ago can other knowledge call center.,2025-07-15 09:47:21
2633,2490,2034,Thought camera prove citizen only reveal describe.,2025-11-17 08:10:59
2634,3231,1199,Central benefit thus.,2025-06-12 22:20:11
2635,5563,1482,Somebody worker pick son including.,2025-12-04 01:45:40
2636,803,956,Smile him almost product guess bar hour win wrong.,2025-12-01 04:40:12
2637,2688,1386,Security parent make medical fact vote conference wife.,2025-03-10 09:23:50
2638,4637,1922,Out reason unit report bed brother recognize.,2025-08-02 22:24:57
2639,874,499,Budget talk public star government.,2025-10-12 13:43:33
2640,3089,1077,Often defense upon conference positive lot cultural only such well politics whether machine catch turn born science push return receive evidence.,2025-07-13 16:42:53
2641,4242,1792,Brother south enough system fast section time book argue population produce national position figure sort type maintain find security drive foot about.,2025-07-14 00:59:45
2642,5049,484,Least data especially scientist away poor book central peace firm after carry break story road.,2025-09-07 17:28:15
2643,3598,838,Continue start few million teacher local your nice rule today fight space those day provide than person entire green.,2025-10-29 23:39:24
2644,3343,948,Find technology professional style result certainly their air wife quite small.,2025-07-18 00:51:01
2645,3648,151,Ago store key significant still case goal trip interview attorney remember beat series idea day rock.,2025-06-21 09:30:13
2646,3650,1077,I perform music can off whom order live too lead.,2025-07-21 04:32:10
2647,5890,2094,Level hit understand kind around person authority statement explain still everybody policy blue better cost morning if four south by.,2025-05-28 11:07:48
2648,1414,211,Protect perform check responsibility throw successful such president away western.,2025-06-06 02:13:20
2649,3314,1413,Available manager organization understand newspaper most economy she pick throw war.,2025-06-29 11:10:19
2650,3290,686,Human wish religious discussion wind well pattern behind assume material could spend.,2025-10-07 11:37:19
2651,5594,1299,Seem land section ready understand generation future market loss create we point wrong along themselves why.,2025-12-12 23:35:39
2652,5706,687,Reduce key maybe part blue decade social student her majority mother writer common a although down them voice line.,2025-12-05 12:39:06
2653,4229,343,Region near drug charge reflect art goal on child relate case right movie we drive others.,2025-05-13 21:25:02
2654,3547,1627,Matter final high letter thing magazine contain fish about though learn blue sit policy.,2025-09-25 12:07:07
2655,2237,183,Degree purpose radio stock grow sometimes growth friend miss its stop wait experience firm boy middle admit someone over.,2025-08-17 00:57:52
2656,5443,317,Hear interesting eat suddenly because beat.,2025-05-17 03:35:47
2657,4781,1428,Think wait necessary cost cost wonder attention tend field.,2025-08-09 03:08:06
2658,2121,1853,Someone give send unit television move teacher radio speech cost join argue somebody.,2025-11-01 05:03:20
2659,5866,1255,Style between leg eight full church report along letter plan might soldier offer stand.,2025-03-31 09:53:13
2660,1840,2024,Billion board model remember mention family.,2025-10-20 02:47:28
2661,5950,2007,Trip shake world money social figure.,2025-02-23 20:39:52
2662,2866,1359,Water begin across above born we development significant write lawyer great gun nature various gas article teach hot carry health matter.,2025-02-19 22:37:24
2663,4285,1165,Person task throw program bed.,2025-06-11 07:18:29
2664,1385,1005,To budget police some bad so I hair dinner better high off contain science.,2025-11-04 11:36:15
2665,2913,877,Least make foreign leg father seem employee.,2025-06-30 03:17:06
2666,2663,1874,Property off enter soon idea future reflect already could sign lot yard make understand.,2025-04-27 23:50:53
2667,5445,629,Month out someone day cell agreement skill shoulder according however.,2025-10-20 04:04:14
2668,6108,656,Better should owner surface late step on threat past moment what forget exist child tree begin sell pick.,2025-10-26 18:26:48
2669,2572,2086,Order authority to party here wrong statement bit which last evening group.,2025-09-19 08:22:40
2670,4432,1193,Stock brother see painting police nation pressure well usually seek.,2025-09-21 13:04:23
2671,6360,901,Painting and generation family political leader cell.,2025-10-27 21:32:10
2672,6240,1085,Authority degree involve really old century determine somebody professional movie door five type low act.,2025-09-19 03:20:00
2673,3639,748,Build debate word sound.,2025-09-02 17:05:41
2674,4921,1717,Behind kind road often effect magazine life possible many defense happen education above conference manage scene.,2025-01-06 06:17:20
2675,5698,238,Choice practice study nice system either maintain artist loss hotel bag health doctor.,2025-08-29 08:00:15
2676,5124,1715,Need administration become.,2025-03-24 03:02:48
2677,3132,375,Character early citizen without difference apply really character fine especially event training throughout nearly ok cold ago agree art.,2025-10-07 13:31:22
2678,663,1833,Vote drop view hear still name party friend late first development single continue change data Congress growth buy threat rock Republican benefit never.,2025-07-21 01:15:00
2679,2951,1387,Manage weight bring star onto couple get personal order begin age statement region.,2025-10-05 06:07:15
2680,3253,1662,Congress force again conference company society want go evidence data painting police add thought.,2025-07-25 01:07:43
2681,3969,1258,Prove late arm right hundred.,2025-07-31 01:12:23
2682,5747,286,Decade yes without control put want discover site go leave network coach own.,2025-08-05 15:16:25
2683,785,1024,All through fear simply top for call want her.,2025-04-14 17:56:34
2684,1395,1513,Road plant quite shake huge option recent name here audience TV opportunity condition.,2025-04-21 21:04:59
2685,3356,324,Business some finish require thousand any involve yet various yet meet.,2025-09-21 05:35:51
2686,2433,772,Medical impact into feeling political ask owner.,2025-06-25 00:50:03
2687,2154,1520,On story continue table member thus.,2025-09-16 00:19:53
2688,1984,1814,Position design top box region maybe bad suggest fly true unit glass focus entire situation customer word size information point sound also.,2025-02-19 02:43:04
2689,1136,885,Officer door forget prove home eight whom anything west dream board customer leg.,2025-05-17 11:04:56
2690,6230,526,Certain yeah management behavior certainly beautiful find adult how allow politics price during still another.,2025-09-24 20:20:34
2691,1342,1323,After dinner do industry down main leader hope.,2025-10-25 12:43:54
2692,4714,375,Woman site health test job while ball control development never out mean account particular event unit story speech.,2025-09-30 13:17:28
2693,6242,305,First politics pass something reason training section stage gun series discuss maintain others stop someone remember.,2025-04-17 22:16:48
2694,2601,366,Forget from share perhaps into box.,2025-08-21 02:13:03
2695,865,1700,Forward study team central natural majority break sense whether which property teach live society she paper south kid.,2025-12-13 15:25:19
2696,3678,661,Some chair experience become able fire senior operation reality risk owner direction create sure anything.,2025-10-14 22:00:47
2697,2201,105,Tax college respond poor attention close grow station movie without.,2025-10-12 20:16:35
2698,5822,1631,Six might outside dog space set car piece wonder pick loss use stand want side street PM history leave thus.,2025-07-21 20:09:01
2699,2205,916,Catch heavy why learn note point stay meet heavy cost eat officer child trial.,2025-08-02 05:10:41
2700,1105,468,Seek cup city thank which should challenge shoulder like interview season good up better source get reflect issue behavior hope for.,2025-03-29 08:45:14
2701,810,409,Loss change shoulder total realize star long.,2025-09-14 03:20:57
2702,3450,281,Call perhaps section year individual security military appear important start evidence interest age participant.,2025-03-18 20:13:09
2703,6055,567,Half certain amount manage ground detail government well well town like be think about country each foot.,2025-07-20 07:40:40
2704,1281,506,Show teach morning take say central well debate specific politics kind yet party war.,2025-09-16 21:27:53
2705,4657,1596,Hand cold doctor college behavior training speak condition language loss agent alone position bring mind much expert appear.,2025-10-21 00:59:33
2706,4891,206,Few land conference we ever many product.,2025-04-26 23:58:44
2707,6419,689,Throughout clearly Mr most scene and consider former unit attorney sure race blood better anything perhaps letter.,2025-05-03 17:54:47
2708,1760,173,Figure buy identify arm will age night example chair people.,2025-09-20 11:09:23
2709,6434,1766,Husband party student mother firm large green claim create job fish stand.,2025-03-10 08:04:47
2710,873,258,New interesting throughout tough serious development push company individual sit.,2025-08-22 11:52:09
2711,2349,646,Camera may fine material open send see can alone low sit reflect room just concern about yourself difference strong his.,2025-06-23 00:30:06
2712,5875,377,Fund energy box discussion bill shake maybe bed Congress report stage whether lot exactly organization specific cause five board today debate ever area.,2025-10-28 20:33:23
2713,3481,503,These state check quickly get what magazine science score answer opportunity bill upon today card some race security.,2025-06-12 05:47:01
2714,922,1641,She sometimes especially ok outside agency still open account yes record learn.,2025-08-18 14:04:30
2715,3932,1462,Century field whom stay something authority society among happen size might protect point stop create west.,2025-08-12 06:50:37
2716,2294,923,My family should machine lot reason scene.,2025-07-26 08:30:44
2717,4671,230,Always tree kind these computer page yet power into story office.,2025-06-06 22:20:28
2718,5060,1355,Catch government ball source power yeah much where significant return party him without she community clear prove.,2025-06-08 04:30:51
2719,2934,1288,Forget although laugh task.,2025-01-26 02:59:05
2720,859,837,Serve factor arrive walk support building family challenge consumer increase both relate.,2025-04-18 19:16:31
2721,6329,1869,Clear like stuff almost wind into back off range it.,2025-04-22 07:52:34
2722,4798,2094,Magazine shake road question box.,2025-09-04 22:29:57
2723,3827,1284,Truth manager long site green will stage significant ready social five start.,2025-01-17 21:23:51
2724,583,1912,Weight decision teach garden partner strategy buy fund respond seven feeling charge outside success feeling report shoulder fight.,2025-05-01 09:28:36
2725,715,745,Item design sound.,2025-03-01 13:18:15
2726,3230,903,Management nation medical down feel example personal sometimes staff need successful my bar away get.,2025-11-03 16:58:05
2727,3148,1354,Door message wide fall suddenly citizen.,2025-04-17 13:43:39
2728,5789,2012,Just author two threat home treat wait be week best growth whatever big concern hair age again yes measure simply question always.,2025-05-04 16:30:38
2729,5340,1634,Provide onto available off forget ability design eye nation child.,2025-01-06 23:03:58
2730,1842,473,Many about guy another.,2025-03-18 23:06:59
2731,2565,918,I prove serious decade dinner series threat sometimes.,2025-06-17 20:41:19
2732,6155,1877,Wife bad fear agreement himself.,2025-01-31 19:27:16
2733,4020,1817,Father five quickly identify deep many candidate them miss stage medical.,2025-09-12 17:59:26
2734,2518,797,Partner ability travel garden.,2025-03-23 13:14:09
2735,6003,1831,Billion happen fact never off cause anyone art into even owner travel work commercial teacher class sure throughout skin.,2025-10-02 11:26:01
2736,6388,2099,Line result despite crime minute research add shake popular remember either.,2025-11-08 21:37:22
2737,4986,1771,Thought item son good suffer office model.,2025-09-03 05:57:55
2738,2272,1492,Same upon whole near support bank list total.,2025-08-13 02:19:37
2739,2709,370,Admit into concern somebody religious tell after land win certainly.,2025-08-04 14:45:25
2740,3203,636,Debate want condition simple friend parent.,2025-06-02 05:05:44
2741,1900,405,What training win wife TV fear adult effort suffer throughout represent fight response.,2025-08-31 23:11:03
2742,6164,215,Item because old education stand anyone.,2025-02-12 22:52:51
2743,724,1017,Sure once treatment notice summer option nor hard.,2025-05-28 06:35:24
2744,4962,643,Per commercial attorney star start executive if common occur.,2025-10-19 14:11:48
2745,3228,1813,Wrong writer training respond government indicate country air we change late them world its they may language computer leg position answer significant.,2025-03-23 01:42:43
2746,5147,578,Capital detail result bed anyone coach sing agreement across.,2025-09-20 14:07:54
2747,2387,761,Prevent health get dark investment court somebody since hospital church onto water professional.,2025-03-21 20:11:57
2748,1455,942,Seem possible mission state later carry main professional they black however first.,2025-08-11 12:50:59
2749,5321,1527,Fire every myself last draw end between area deep final.,2025-11-28 01:42:34
2750,3842,870,Bag level summer care finally special director month what understand.,2025-07-06 00:46:12
2751,959,1644,Between also tree environment owner east baby worker between white without capital born finish writer friend concern production door old north morning someone year.,2025-09-22 22:40:31
2752,4255,542,Speech eight score hair baby identify agency operation up public true today especially lawyer bit recognize family.,2025-03-11 06:27:49
2753,1067,1231,Agency right dinner edge control television direction.,2025-10-23 07:58:32
2754,503,1324,Child pick fact court school.,2025-10-04 22:50:00
2755,3713,587,Cut enough home report nor win continue indeed day film charge discussion west.,2025-03-31 17:18:32
2756,949,1964,Watch such long international single should already instead.,2025-10-06 18:54:47
2757,6410,1063,Guy piece evidence present life those will point foot family.,2025-02-14 19:39:29
2758,3953,2010,Expert training officer sure per world charge gun.,2025-10-21 12:41:06
2759,4018,697,Day pull four thought check line impact wrong or move executive race week career better trial hair pattern blue.,2025-06-07 16:59:25
2760,5401,1064,Entire both suddenly show news hour guy act shake across measure environment economy nearly themselves energy middle language better rate.,2025-11-22 05:59:21
2761,4227,1619,Nor hour amount perhaps business usually feeling story quality seat.,2025-03-25 02:10:22
2762,6163,420,Soon quality star head painting nature painting leader young.,2025-12-02 22:46:42
2763,2789,428,Miss industry himself raise seat each sport for own significant material.,2025-10-17 07:36:18
2764,2025,1850,Program best south minute other list teach size industry try.,2025-04-16 05:47:41
2765,2113,270,Brother send benefit food out experience performance child different score north big risk.,2025-02-28 00:30:08
2766,4597,462,Tax report realize but surface what provide it network between imagine.,2025-04-10 09:45:15
2767,2282,889,Down occur section top white wonder adult year society party firm.,2025-07-09 10:09:16
2768,4476,1290,Dream national town just fight population outside during health near.,2025-08-30 17:39:06
2769,848,297,Before back three follow animal situation represent ten where almost reduce put in.,2025-02-09 14:05:15
2770,2952,794,Write add music size black writer country owner not bill several.,2025-09-22 02:43:15
2771,2020,616,Listen agency present good whose though social that general company see bank true picture thus popular.,2025-03-19 07:41:35
2772,3678,1170,Answer material rich order human laugh ready fall anyone model but.,2025-10-15 11:43:47
2773,5213,1891,Road unit production collection better so save reality put cell everyone national suggest guess front physical choice.,2025-11-20 08:55:51
2774,784,421,Different heart note tend piece campaign write food.,2025-06-22 19:53:29
2775,2111,671,Admit sea change answer open official guess before sure person.,2025-04-15 16:26:58
2776,3387,801,Treat first small although rule any TV.,2025-08-01 03:53:45
2777,2198,1142,Business when cover future tough article air interesting space person.,2025-08-27 16:55:24
2778,5613,1752,Suddenly concern increase ask.,2025-11-27 01:41:02
2779,3289,1287,Walk lot manager respond operation all imagine discuss drug almost four social cause let artist.,2025-05-23 23:16:21
2780,3288,1269,Majority reveal natural laugh step machine thing enough good vote question keep southern black peace break herself we public.,2025-01-15 06:44:39
2781,985,808,End feeling without into upon shake style back character news in positive very rock real energy would again care.,2025-11-27 01:07:14
2782,1558,1530,Peace writer former charge election machine game position glass local wife purpose decade billion.,2025-07-26 20:40:37
2783,615,1246,Bank result consider rest beautiful tonight call effort or little any forget bar call win indicate cover study then central guy call.,2025-06-30 21:01:25
2784,1074,1766,Draw together like second water style citizen we own office.,2025-06-16 05:47:12
2785,4621,1496,Growth just peace meeting camera star computer board form away watch strong nearly history question special suffer week region picture food space control avoid.,2025-10-05 07:07:15
2786,2836,1643,Pressure best less popular community they memory argue subject room produce style election require quite others left name.,2025-11-20 20:12:49
2787,1878,651,With result church decide seem career agreement hundred Democrat hospital exactly only bar stand able.,2025-10-04 22:48:19
2788,3505,1881,Half front watch several size truth remain several pay board federal.,2025-07-02 17:06:57
2789,839,881,Do dark apply assume page election sport voice.,2025-10-12 00:05:59
2790,5945,1830,Exist employee include item.,2025-10-29 06:11:37
2791,1915,1488,Debate imagine list again pretty support traditional hotel model reveal father much.,2025-10-14 05:48:25
2792,5704,1928,Method little candidate degree sport become good deep.,2025-03-08 13:12:47
2793,1406,1928,Movement meeting second before ask claim significant card debate senior close involve game property hand return.,2025-08-12 08:31:40
2794,3409,1439,Technology have kitchen education image run four yard listen cover tend high sometimes their voice.,2025-02-11 14:37:08
2795,1088,936,Similar agent save realize every reveal our and house wall at official determine play thing easy dark.,2025-08-21 15:28:14
2796,3948,154,Station record include stay heart travel fly imagine.,2025-12-08 01:37:16
2797,905,924,Dream manager administration organization detail oil ok paper key hour beautiful contain chance analysis home tree talk despite.,2025-06-12 00:52:42
2798,4464,969,Within term style treatment information manager myself drive perhaps first poor remember treat any.,2025-10-25 00:07:43
2799,1897,1669,Sea southern art attention take probably along investment seven no.,2025-07-25 05:47:40
2800,2127,149,Skin billion operation range trade east special machine rest next floor know idea.,2025-10-08 06:27:29
2801,3123,1601,Would use value as similar improve catch far anyone decade.,2025-03-02 10:20:01
2802,1649,238,Act now develop trial book me population government million to hundred Republican clearly might hear stand national there.,2025-09-06 19:06:23
2803,2308,1525,Man training particularly water choose executive site.,2025-08-12 00:06:01
2804,4420,1922,Part actually get nice Mrs describe six identify prepare painting the both arm ago relationship term.,2025-10-23 22:40:09
2805,2058,1347,Actually success science now bill coach.,2025-02-18 00:19:01
2806,3246,943,Hope investment sport plant laugh fine far move staff parent along born final yeah responsibility.,2025-04-28 17:48:30
2807,5830,1972,Feeling address wish about example them find store letter challenge skin standard.,2025-10-02 04:07:05
2808,2473,1631,Check join phone report specific money continue other.,2025-08-30 01:54:02
2809,1840,1611,Drive debate hit own financial local crime chance west four professional enter bag off.,2025-10-22 20:24:28
2810,2759,998,Fish huge push later hotel address his maybe my only chance door social stop herself two relationship fish forget present control draw.,2025-08-02 22:49:11
2811,1006,1383,Real worry line free response actually economy vote clearly step goal either rest.,2025-04-05 01:29:22
2812,2880,948,Town yeah build collection never report win return.,2025-10-28 04:22:13
2813,804,1610,Sport as ten.,2025-03-07 09:55:12
2814,4270,182,Reflect power remain talk including also.,2025-11-16 21:04:59
2815,801,1819,Able expect power final serve you break usually practice.,2025-02-06 23:36:38
2816,4791,903,Off couple wall spend difficult threat language trouble professor seven yes common beyond television happen fill agency perhaps.,2025-06-23 19:57:34
2817,1556,1143,Fear wall still yes interesting their again service student good certainly political.,2025-06-16 13:25:43
2818,3019,141,When now office.,2025-08-25 07:22:18
2819,2790,1793,Race owner sport cell particular official.,2025-08-06 03:08:33
2820,5890,227,Executive six across degree whatever tell window stand card dinner adult information leave reduce save.,2025-05-30 14:58:48
2821,1889,247,Line any charge five of before concern can understand.,2025-09-07 07:22:31
2822,5170,681,Usually recent kind party education more how unit coach somebody three none source body.,2025-03-02 13:36:27
2823,634,693,Name reality chance stay scientist artist floor citizen.,2025-08-01 06:06:05
2824,2671,221,Street reduce analysis life expert movement thank pick fight thousand join town impact.,2025-12-14 12:34:39
2825,829,1503,Place view system wide food could green case science talk course sure.,2025-09-19 18:53:33
2826,1115,859,Sport open we whatever rock staff.,2025-04-13 12:35:48
2827,2278,1170,Effect nearly knowledge course raise station travel future strong we site represent yard and manage top way goal whether usually fire class might.,2025-09-04 09:46:09
2828,5003,951,Job traditional single develop.,2025-08-17 22:01:16
2829,4028,833,Mission world decade not father shoulder value several.,2025-04-02 18:00:49
2830,2690,567,Without trial whatever sense fine actually parent west shoulder himself sit garden argue provide partner hard my.,2025-04-11 13:55:44
2831,1090,1261,Only forward difficult wife reflect option police indicate onto why admit campaign natural consumer require else.,2025-02-05 10:40:39
2832,1487,2008,Seem could young audience special whole defense medical raise nice pass.,2025-09-15 05:59:04
2833,4385,234,Force responsibility series billion small stop well vote sound especially learn.,2025-08-30 23:49:48
2834,2387,315,Ability decision so manage political other doctor wide skill brother bank score economic relate although act million plan.,2025-03-20 23:40:57
2835,1501,1553,Many value more stop history method fact rich or involve run letter personal exist.,2025-01-18 01:22:28
2836,1927,1833,Television address garden change specific particularly institution reflect build political.,2025-07-18 08:43:50
2837,2598,1363,Road Congress skin five score sometimes two approach general actually.,2025-07-11 01:21:43
2838,2657,316,Along together past provide whether administration blue without lot month month moment enter option majority they fight fill trade among laugh amount explain direction.,2025-04-12 21:09:43
2839,3168,2054,Others city program bit sing per environment exist past less claim camera line available.,2025-10-17 07:24:18
2840,2031,542,Not machine until only feeling our race early form degree.,2025-06-10 17:40:09
2841,6225,1123,After current laugh everybody should person list.,2025-02-03 21:50:22
2842,2032,398,According something pretty program west thing what whom tree rule everyone way sound local purpose player always.,2025-02-12 00:04:15
2843,761,758,Onto let father forward our several peace eye.,2025-10-23 02:38:12
2844,2963,1160,Shake simple green find section power behind agree Mr main option top movie hot alone tonight how increase student power dark night push.,2025-07-21 12:52:38
2845,6392,1349,Win five public for artist role person set message tonight market from memory store behind wear popular billion not possible.,2025-06-23 01:28:28
2846,6024,1669,Race commercial building half factor mention nothing instead trip.,2025-04-24 02:17:04
2847,2424,1477,Marriage green tough thousand agency sister realize.,2025-01-05 16:52:49
2848,5271,1278,Summer all easy sell dog fill treatment evening practice offer suffer view.,2025-02-17 11:33:26
2849,1110,302,Our section society sing second center rock attorney happen glass officer similar soldier where appear citizen.,2025-08-06 18:17:05
2850,983,1352,Expert sometimes stuff seven song message play their service.,2025-04-30 00:55:46
2851,1850,1379,Themselves which west others practice daughter view wish artist national unit.,2025-01-22 00:52:27
2852,6295,1303,Vote move history bit outside yourself game.,2025-11-08 21:41:03
2853,5922,1417,Receive fight young beyond indicate audience my cut subject accept.,2025-06-15 17:07:15
2854,4730,1941,Perform course become nature chance somebody detail consumer mean stand maybe lawyer yeah early later beyond staff natural.,2025-12-11 01:52:31
2855,1130,1869,Left garden garden step individual practice own third.,2025-10-26 07:33:14
2856,5601,643,So analysis trial sort rock avoid style office result Mr check save mouth could.,2025-04-15 12:47:53
2857,2941,191,On together agreement brother term camera he.,2025-07-05 07:37:54
2858,3820,456,Send fly quickly kid professor friend trial I anything season water expect look bar agent knowledge already fall expect half first.,2025-08-11 06:06:42
2859,2490,988,Miss one able memory against company every lawyer kitchen show method.,2025-11-15 18:52:59
2860,4083,229,Use close reflect require avoid bag with get away.,2025-09-15 11:40:43
2861,808,451,Accept story while what same glass action leave box area who enough.,2025-08-03 10:18:27
2862,6225,1778,Small small certain both unit popular single political cost career but fish consider form activity chance.,2025-02-06 08:47:22
2863,2049,1110,Few call forget so use only president base area employee fear campaign close owner already significant statement despite arrive.,2025-09-23 20:16:19
2864,4578,1459,Particular Democrat job cup force pass kind treat including teacher easy war important call college then can model face people economic develop.,2025-08-25 01:24:54
2865,4232,124,Partner contain national arrive his foot agency enough stock environment local say imagine personal recent.,2025-10-07 15:17:21
2866,525,376,We it require language community expert over drop music represent finish control inside take.,2025-11-22 12:59:15
2867,941,557,Show light book feeling employee add wife which claim act serious.,2025-05-31 13:20:01
2868,1182,1916,Wind wide money military moment meeting set.,2025-02-10 21:24:12
2869,2065,828,Can paper fall interesting focus easy generation start democratic partner knowledge surface these southern such sometimes.,2025-04-05 18:25:01
2870,5222,470,Soldier scene western computer however wait Mr impact ahead floor.,2025-07-15 02:06:52
2871,4042,1556,Behind away imagine instead accept receive everyone agree home few before mention message air politics need wait toward.,2025-03-05 11:16:53
2872,5767,1014,Glass rock century door anything.,2025-08-17 15:55:08
2873,5331,1603,Face fear dark require kid couple parent tax.,2025-06-21 19:36:16
2874,6065,1826,Sign tough top green stop exist wind almost someone player indicate seven election bed car change.,2025-11-15 04:00:13
2875,975,1977,Join financial instead short consumer body scene lawyer sit whether his drive take general participant statement by save international still.,2025-09-09 11:51:24
2876,5305,280,Hot go a degree control.,2025-09-20 17:09:27
2877,5044,591,Along buy receive.,2025-11-04 07:32:43
2878,5153,1476,Idea past take key sure cultural even rock buy foot skin now child long particular war indeed.,2025-10-19 05:47:04
2879,3704,1652,Wrong indicate player decide matter person adult end maintain cut.,2025-04-23 21:16:24
2880,670,569,Few move around sea case music whose reveal.,2025-07-12 01:11:08
2881,2291,1428,Agreement goal look water heavy day travel training international environmental edge treat.,2025-07-27 16:01:50
2882,861,929,Until sound response result full then while hundred leg everything political pressure factor challenge wide right almost tonight true go section.,2025-08-18 02:45:18
2883,4008,798,Necessary argue yourself act past thank budget performance father risk time man deep knowledge practice.,2025-08-22 22:04:23
2884,663,1429,Through center series.,2025-07-21 14:32:00
2885,3284,1491,Their term eat thing agency.,2025-05-17 01:38:15
2886,4993,1382,Individual federal top perform adult four drug.,2025-07-08 05:02:28
2887,3455,1310,You ability different.,2025-03-10 00:06:09
2888,3380,1926,Relationship social space bad ahead something positive seem whole heart moment learn say that ready natural radio street center rate wear population win dream.,2025-01-04 19:28:34
2889,2917,1299,Whether rise glass very letter training join pay senior respond successful look for address manager require.,2025-10-06 10:11:36
2890,1054,533,Present Mr drive structure behavior pass vote age PM easy grow they card painting skill report.,2025-05-10 20:27:32
2891,1040,127,Watch style response sport various while itself responsibility challenge order no five.,2025-06-10 07:49:14
2892,5385,1350,Say week boy.,2025-11-15 11:05:28
2893,4107,341,Pretty modern individual arrive paper laugh white strong view argue.,2025-06-14 21:21:06
2894,3044,532,Task real perhaps where summer along entire room history item force turn.,2025-07-01 09:54:54
2895,4542,130,Son floor wall against difficult other wait world try require country full tell science look.,2025-02-09 00:47:22
2896,1598,1022,Even need name stop can several page inside painting debate people condition money return event building.,2025-04-04 02:43:28
2897,2787,292,Travel against set world rather carry chance game game.,2025-05-10 01:54:26
2898,4418,861,Sport left life modern.,2025-10-02 17:52:38
2899,6178,184,Wear camera number politics help now middle stock develop plant organization value nothing field.,2025-11-09 17:02:12
2900,2043,1415,School sort green help baby show Congress arrive full.,2025-10-15 20:01:32
2901,1362,826,Seven clearly pull imagine medical others impact choice.,2025-05-10 21:39:46
2902,1953,1567,Child receive him me strong continue blood owner you.,2025-06-03 03:43:34
2903,5079,506,Identify billion interesting onto floor.,2025-08-22 14:09:21
2904,2245,1238,Oil popular water partner necessary box economy far employee light government think do role attack.,2025-05-07 00:57:38
2905,4122,911,Drop without shoulder record oil future do very many speech ready television suffer art science point night home resource water group answer everything once relate while.,2025-09-24 04:46:04
2906,3509,1728,Apply there voice in ten down of forward never fact most start.,2025-08-19 22:08:23
2907,1115,630,Artist design try direction hospital from push prove have enjoy town newspaper each word color fine mind.,2025-04-16 00:28:48
2908,2831,380,Religious base expect mind care either prove it end because find shoulder western pay provide with way where effect dog also individual task.,2025-06-19 06:20:03
2909,509,217,She charge trip choice very all rate probably story sort account performance increase author without money today loss no could.,2025-08-20 01:53:42
2910,4971,1565,Share father matter trouble discussion direction.,2025-10-11 00:28:39
2911,2200,1854,Somebody manage tend book sound surface.,2025-03-15 11:55:18
2912,1448,394,Resource safe several.,2025-11-03 17:41:56
2913,4619,627,Others floor draw dinner moment less.,2025-10-23 00:24:17
2914,3818,1359,Threat they card maybe study difficult.,2025-11-17 12:28:09
2915,5226,1543,Just training top along office place heart American ahead soon rock compare student situation candidate yourself eight thousand heavy song fight.,2025-09-30 16:01:10
2916,1433,273,Compare east perform.,2025-06-13 00:23:50
2917,4586,740,Arrive you tree blood who could protect tax movement more network.,2025-10-17 21:58:52
2918,5409,1706,Seat process great song sister hand machine quality feel around discover.,2025-11-26 23:19:40
2919,6001,917,Approach increase amount beat attack.,2025-03-16 16:57:18
2920,4057,357,Development about population his challenge ten call side ten drug beautiful pay.,2025-02-19 17:13:53
2921,4320,1010,Cost film despite president yet why majority guy student.,2025-09-11 06:37:32
2922,4036,651,Determine window nor.,2025-11-18 15:20:55
2923,1888,1628,Building staff maybe rate book no factor recent nothing.,2025-06-28 21:19:17
2924,4787,1729,Event I production case about example candidate I range tend dinner which practice.,2025-07-27 18:15:14
2925,3414,392,Heavy fall within brother kid me necessary effect.,2025-11-02 14:50:37
2926,6295,885,Conference require strategy full once back service relate nation series program.,2025-11-09 23:11:03
2927,2550,1280,Maintain great gas grow eight amount but somebody door source authority.,2025-01-06 21:37:43
2928,2073,663,Teacher clearly think fish artist history case hold enough their then contain eye establish common.,2025-05-01 17:17:30
2929,2059,1191,Threat hotel realize relate give.,2025-09-02 07:29:10
2930,1944,1240,Find whose report the weight almost usually me one talk child itself old baby consumer.,2025-04-27 05:25:50
2931,3864,723,Me miss audience thought administration issue floor here these theory senior.,2025-04-13 07:05:42
2932,2590,1836,End about resource interview behind pattern coach middle career artist happen day hit.,2025-09-16 04:43:49
2933,5986,1952,Again design factor article new positive page involve law again.,2025-05-10 23:43:42
2934,3595,176,Listen thought institution.,2025-05-01 18:10:40
2935,4696,557,Value himself bill tell program give because represent life grow white almost best week range car why recent similar care behavior no big serve firm.,2025-04-10 08:51:46
2936,5439,1644,Toward although cell because fight administration side event environment choose hotel better information.,2025-10-27 02:28:59
2937,1358,1440,Wide walk drop senior financial two onto green attorney nor enjoy instead account put.,2025-06-25 17:27:15
2938,1973,127,Car seek director red if term difference turn.,2025-05-26 18:08:56
2939,2839,1416,Paper send parent room step member benefit require statement theory those yet mouth sea growth effect seek practice central boy decision president large.,2025-09-06 14:13:11
2940,4901,422,Way argue remember market always seek.,2025-11-25 13:11:39
2941,2920,261,Adult sound week much trade key speak place phone specific allow history benefit shoulder research for.,2025-10-04 10:37:06
2942,1069,2066,Move challenge truth low wind well.,2025-07-21 17:29:21
2943,1413,1108,Task movement answer because soldier own wall thought to would respond share call mother certain as indeed worry outside air.,2025-09-09 13:45:29
2944,538,1347,Including politics along concern than light against campaign finally surface risk take they fact stock choose serve make gun onto practice memory decision.,2025-11-03 06:56:23
2945,863,2037,Environmental performance drive dream performance success different myself hour stage class court number sort.,2025-04-07 22:28:30
2946,3100,1013,Law shake imagine bit sea suddenly animal moment offer month defense.,2025-11-12 04:10:43
2947,6281,857,Past nature us away research director environmental size detail Congress drop north father environment together.,2025-06-18 22:58:22
2948,3454,1281,Weight group memory upon theory program themselves above person particular above those door daughter sea.,2025-10-28 04:33:37
2949,5062,1539,Conference as strong Republican look car same.,2025-11-04 15:54:32
2950,5645,704,Contain gas morning drug reveal range determine group traditional provide difficult customer like generation year TV his thing compare set.,2025-09-26 15:44:48
2951,646,1277,Employee receive step pattern beyond of matter theory finish include send sense career hard local reveal stay us old between black cultural will.,2025-09-25 15:01:19
2952,2087,507,Fall simply threat often cost high measure develop which.,2025-10-22 17:57:24
2953,3589,1335,Raise production keep or.,2025-02-06 07:48:07
2954,4786,703,Cold pressure partner story share could million threat radio accept whether officer statement space start true lawyer available significant pressure probably.,2025-08-26 22:40:50
2955,857,929,Entire audience item thing such song line health method strategy third daughter should fill may.,2025-11-29 23:30:38
2956,2345,1554,Rest need under dark foreign even pull watch stand if sound.,2025-10-27 02:39:38
2957,1129,513,Fear example station.,2025-10-16 19:28:38
2958,4428,1331,Huge play hospital anyone head customer difference.,2025-08-25 15:12:12
2959,5563,1545,Main recognize soon arrive sometimes of current try before thought defense audience agreement ok unit mother down before adult daughter people fish goal.,2025-12-03 23:13:40
2960,4731,256,Free education deal capital which me arrive red follow around husband education single may staff especially.,2025-04-30 05:38:52
2961,1009,1406,Indeed message attorney within hot money fine campaign measure market between structure modern office TV.,2025-05-21 02:23:24
2962,2456,1758,Section huge detail up relate loss left fine article despite everyone us effort debate real interesting outside despite same summer.,2025-04-23 11:01:48
2963,1078,406,Southern edge thank official meet major husband physical education call our structure end rock.,2025-02-04 01:03:33
2964,3344,1141,Need tough chance chair can hear want important financial face certainly finally.,2025-08-27 06:03:28
2965,2133,1167,Their thus growth part use order though trouble.,2025-11-19 18:14:33
2966,2993,1956,Situation matter citizen north detail job person everyone to.,2025-10-17 08:41:05
2967,1686,1038,Cut value much tree control off necessary common establish contain nearly fly official.,2025-10-30 23:43:22
2968,2322,194,Lay service book western all condition enter fear safe art character prevent.,2025-07-12 16:16:48
2969,5373,222,Up director tonight light campaign player.,2025-03-07 13:37:08
2970,4132,1015,Far education standard cold newspaper movie visit its dream writer too produce call very television federal.,2025-03-09 23:41:40
2971,3237,758,Impact student tree concern this loss generation majority gas truth so age situation notice international.,2025-11-29 13:30:33
2972,3111,1842,Town hundred without draw red others page worker current guess peace student dream choose mention hold.,2025-03-02 22:59:10
2973,6341,904,Might similar no him itself chair show stand seven two information Congress concern reach south song scene tax all measure.,2025-07-26 01:03:33
2974,2212,240,Draw race environmental that resource change friend table her even during authority professor adult movie wrong.,2025-11-07 01:54:14
2975,1981,676,Mission theory meeting provide identify cultural bill agent set.,2025-11-07 20:46:05
2976,3419,1802,Even brother teacher position it study catch dream current plan nearly power cut sound article upon participant bed.,2025-07-16 10:19:37
2977,2335,995,Agent ago soon hope candidate will read doctor discover traditional trial office sort have white color ever medical Mr.,2025-05-26 01:04:48
2978,6307,1142,Who treat technology around response address management really consider network more success like.,2025-10-31 19:50:56
2979,6230,954,Forget military now many even though what add structure drop like result year relate special stand.,2025-09-24 04:46:34
2980,4971,1181,Figure also big event long card stay where behind spend.,2025-10-11 10:04:39
2981,6197,1625,Stop answer voice claim toward go letter service not great yes establish instead American operation stuff per field investment skin side identify face appear prepare might.,2025-09-12 22:16:34
2982,4384,893,Contain pick board economy arm past plan turn.,2025-08-29 16:29:28
2983,2634,161,Else officer kitchen dark building reduce notice type million.,2025-01-09 23:21:17
2984,4536,277,Wrong force theory political hand task nothing him mention feel need defense analysis agency data fear.,2025-06-03 09:54:16
2985,3012,224,Message suggest particular occur sport assume.,2025-03-29 07:49:12
2986,6468,945,College clearly century decision skin medical firm account conference race blood pick draw about.,2025-11-23 21:44:04
2987,6045,1441,Test effort laugh simple free moment job strong seem else under bank lot land sport star require nature series product reflect.,2025-08-29 07:54:56
2988,1536,1382,Technology thank respond pressure beat bit keep sell early son cover town future again up keep.,2025-08-29 19:27:32
2989,4413,634,City because manager difference media.,2025-11-16 08:53:21
2990,1599,1661,Change easy man director important claim member million position work.,2025-10-02 05:59:17
2991,2820,496,Modern among call school same better miss play receive all close one involve eat establish administration past ago pass sit executive.,2025-03-27 12:28:30
2992,2733,1697,Worker rest class maintain travel.,2025-07-11 13:32:58
2993,4856,957,Create discover question learn why north provide close marriage case concern its manage source cultural technology blue.,2025-01-15 17:06:11
2994,5783,471,Outside recent authority mother against window team treatment party weight sister loss note.,2025-03-04 02:09:07
2995,5970,896,Data garden shake paper bit child whatever.,2025-09-18 23:06:56
2996,4222,799,Discover course six again personal court last another simple sea heavy contain.,2025-08-14 05:07:25
2997,614,1297,Opportunity player force every change unit apply training so more father.,2025-07-12 21:33:57
2998,5457,834,Store participant step film southern according other none on father enter avoid main citizen sea family.,2025-03-11 12:37:47
2999,2441,1387,Close Democrat wait close true life such family instead herself Mr.,2025-05-01 13:47:43
3000,1985,1285,Middle course light quickly really force word human future him find today teacher today.,2025-07-04 05:49:58
3001,4089,1914,Question eat foreign particularly per represent save during improve music rest suddenly lay.,2025-06-26 13:44:55
3002,4555,1133,School interest help ago other wide Democrat occur test red kitchen again.,2025-06-25 04:07:17
3003,5500,1550,Player blue risk person safe.,2025-06-26 09:36:15
3004,1058,1442,Forget really base no good real participant certain full wear reduce responsibility nothing difficult big sister make cover institution write professional successful company though.,2025-02-14 12:22:56
3005,3655,1343,Audience within kitchen movement standard economic value push common school.,2025-08-08 23:12:44
3006,4156,592,Mention option during smile point or experience room role visit reach past oil cultural evidence.,2025-07-08 10:32:44
3007,6421,1164,Development none hundred sit skin recently modern itself imagine job fight example yard any opportunity finally true edge main door.,2025-01-22 05:40:31
3008,1015,1676,Once country ready never church save test pattern suddenly return major go discover from almost.,2025-08-16 22:04:20
3009,2724,1694,Go cut each someone table control government box firm indeed risk question though quite thing accept way.,2025-07-24 03:15:03
3010,2341,1294,Model then strong cost break central speak machine team we human bed for bring quickly receive worker draw process majority scientist voice.,2025-09-22 16:57:53
3011,6373,737,Two cover official join ever talk wear these true yard phone heart five.,2025-09-17 23:09:17
3012,1948,420,Poor born level today best nice report ask south card mouth as image before different.,2025-09-01 04:35:54
3013,4888,1532,Ok old set expert might matter wonder thought certain box minute painting onto dog already become science operation sing Congress road lose ground.,2025-05-06 16:41:37
3014,4724,1583,Ever including policy sort security left reduce future.,2025-03-22 05:44:35
3015,4918,509,Gun part than return marriage bit economic cultural majority doctor visit per able executive present find nation some.,2025-09-21 14:40:22
3016,5884,730,Argue science speak long out him listen product order market least those perhaps main notice late form.,2025-08-02 00:25:38
3017,4313,1013,Whose important month standard owner raise as see win perform point who page go attention her leave economic glass party approach form run.,2025-07-15 22:03:17
3018,2086,275,Less owner such yeah amount by almost Democrat life role article professor especially knowledge tend sing per security safe chair.,2025-05-07 23:05:15
3019,3832,927,Try ball so decide order somebody few.,2025-07-19 04:46:30
3020,1033,875,Road exactly occur grow in not perhaps attention science plant perhaps leave billion strong himself something treatment go.,2025-09-09 21:54:05
3021,1203,1580,Thank culture almost should magazine politics recognize race purpose notice which owner few with draw power mention writer certainly good leave.,2025-02-06 03:33:31
3022,2118,1531,Fund figure better ready company here mind show no democratic step.,2025-01-01 13:39:50
3023,1118,341,Family international real walk service machine avoid child happen policy indicate.,2025-08-19 06:17:08
3024,3983,1572,Six indicate dark ok far everyone training security father.,2025-03-06 04:21:43
3025,3976,1482,Born hit rather surface yourself specific family entire process live morning without sport increase church.,2025-03-07 19:30:37
3026,5558,1581,Learn high home friend boy under pattern determine consider official child car.,2025-09-03 20:36:50
3027,4429,453,Air do really television.,2025-11-07 04:26:20
3028,4615,1052,Make style nothing education whom team pick including.,2025-11-29 00:10:37
3029,1532,1436,Guy effect just south maybe machine plan find need identify writer safe real save key address amount despite.,2025-10-26 03:00:17
3030,4105,1034,Boy board whose perhaps its necessary.,2025-09-18 02:17:10
3031,3715,1407,Do air air nor across issue grow Democrat cup bad PM imagine sense.,2025-10-12 07:02:18
3032,4751,1043,Where member fill sing event.,2025-08-27 04:23:41
3033,3236,1517,Police meet he feel majority hard data.,2025-05-19 18:04:17
3034,2076,1324,Pretty explain agree grow.,2025-03-10 18:56:50
3035,713,699,Another act control less drive tend above.,2025-02-10 22:58:11
3036,2325,615,Phone professional reduce light present know purpose term line indicate behind sing soon factor would fine.,2025-08-07 12:12:10
3037,2707,1080,Federal half ready weight than raise one.,2025-01-06 14:29:28
3038,1037,1161,Role glass loss show difficult explain choice pick above.,2025-04-17 09:43:14
3039,1981,332,Follow education major current body animal learn model arrive whatever national forget once turn.,2025-11-07 18:51:05
3040,1191,1337,Certainly on option.,2025-08-12 05:05:17
3041,4195,1035,Court season war pull treat evening computer enough north these ago sound something hit music type fish take model sell sea even conference game expect total.,2025-05-17 16:30:04
3042,5851,1341,Near again large economy gun language raise card part TV find cause each.,2025-11-03 12:45:18
3043,1459,1837,Believe billion care laugh home pretty three during only degree career.,2025-11-11 18:08:27
3044,2940,503,Dark population wait very another similar there.,2025-11-15 05:08:26
3045,3779,815,Huge bit yard clearly mind gas place whole serve still impact option politics necessary.,2025-06-20 08:04:44
3046,567,602,Choose piece computer life measure laugh course sit hear brother result family agreement trial.,2025-11-09 06:44:20
3047,6189,1584,Compare without sign opportunity beyond share matter foreign represent model.,2025-11-23 02:34:22
3048,1226,791,A end seven today first third individual a receive agree know hospital skin do analysis resource.,2025-10-22 11:11:45
3049,6219,1676,Reality finish seat land.,2025-06-03 02:56:41
3050,2894,1340,Opportunity simply research medical once article knowledge break should ask trial standard record citizen sister.,2025-12-01 07:56:57
3051,5177,1020,System group major same also traditional case history quickly off under position source campaign treat win peace develop.,2025-11-08 09:36:03
3052,847,1749,Likely recently challenge shoulder pretty manager long sure condition control world politics method wrong morning its executive.,2025-10-18 05:30:31
3053,516,1448,Mission suggest message white opportunity beautiful.,2025-02-21 21:47:26
3054,3529,185,Man that information bit sign action from try.,2025-08-01 22:59:12
3055,2678,776,Security probably rate other carry present much read it total prepare necessary time address growth.,2025-05-21 12:36:03
3056,3539,1870,Character kitchen whatever per special provide public matter five dog concern.,2025-10-21 13:09:07
3057,3745,1146,Every student west continue example against break significant step help son wind cover.,2025-10-25 00:26:42
3058,4080,959,Public level little door every loss kind choose huge.,2025-01-03 02:41:17
3059,5981,1939,Pull child treat skin couple those bank evening no Democrat.,2025-05-23 07:52:15
3060,749,2056,Record fish receive important build behavior concern with purpose politics.,2025-10-22 14:46:33
3061,1584,1019,East trial teach easy car artist big rather under Congress foot painting.,2025-11-22 15:23:35
3062,5125,873,General true rise my.,2025-10-08 17:37:53
3063,2751,704,Chair rate national cell method include drop age sing.,2025-09-08 16:48:29
3064,5547,1649,White type chance move half.,2025-08-01 23:38:44
3065,1234,646,Read matter take dog against people charge people thank industry expert meet leave respond mean full give water recently morning only interesting management find.,2025-06-24 22:48:10
3066,2652,1659,Read daughter be create clearly list require window apply surface sister while order church their.,2025-09-05 07:15:35
3067,911,1090,Owner heart rise positive place enter example Congress move personal maybe himself.,2025-03-03 19:25:34
3068,990,525,Behind story traditional experience rise small hundred degree do attention available project food identify ready room condition girl view rule all indeed.,2025-11-05 23:50:15
3069,1601,384,Describe investment example many the.,2025-08-21 10:41:30
3070,2266,1313,Describe fear the fear special day grow entire describe play.,2025-11-30 22:05:38
3071,5313,1903,Try west different generation.,2025-05-25 19:01:14
3072,1359,1700,Off program he bad song resource election eight clear cultural study wonder speech course.,2025-08-19 05:47:53
3073,5593,1104,Issue plant increase peace kid expert occur never message child recent character spring opportunity magazine exactly view record any.,2025-02-14 04:15:02
3074,1145,225,Street hospital wear scientist short our word bill he huge.,2025-09-02 16:19:28
3075,4702,179,Create civil position find reveal reduce wall office rise.,2025-08-03 19:41:53
3076,6459,113,Learn get hear until among road perform study born chance receive only what.,2025-01-30 20:21:35
3077,6089,1883,Mr long customer good world now effort hundred business town down enough value future carry although tell else.,2025-07-06 16:39:32
3078,4767,1536,Create article market three under for society your final his operation north ask minute.,2025-10-05 12:06:53
3079,1471,662,Training across off example grow around challenge serve north raise.,2025-11-20 04:28:13
3080,2469,833,Artist power choice threat nothing remember half table offer economy central mention day capital home serious grow even cup third song company school class doctor admit own.,2025-06-30 16:59:02
3081,2647,1607,Listen little center movie.,2025-08-21 04:01:22
3082,1481,645,Plant ten itself investment something manage light democratic against game else drug whom stand pull mouth.,2025-04-10 10:29:10
3083,5575,1425,Recognize fall I dinner human thank.,2025-04-08 11:56:59
3084,5235,1071,Summer artist boy everything today.,2025-03-01 12:42:18
3085,5386,1373,Throw bank heavy data require somebody spend.,2025-11-06 06:49:28
3086,5434,877,Rather figure this interesting heart process popular art study thought hotel unit company young young.,2025-12-11 06:05:09
3087,1039,750,Across work free we who cost too exactly stay serve.,2025-11-10 22:11:37
3088,649,855,Sure white customer public shake try analysis assume exist morning leg ever economy you parent sense try trip.,2025-07-25 15:19:43
3089,4941,915,Girl their us clear prepare goal.,2025-07-12 22:41:45
3090,5170,1899,Enter western bring either real oil clear ago.,2025-03-05 08:31:27
3091,3946,320,Sit strategy imagine factor Mr remain true institution.,2025-08-16 16:03:33
3092,3288,1456,Gas by career can whose big teach.,2025-01-16 13:13:39
3093,3911,698,Anyone until western who stand area friend morning.,2025-03-19 10:35:10
3094,5485,1830,Follow possible recently guy explain heavy he.,2025-08-26 09:52:29
3095,5868,1110,Paper far back move process suggest bill that many.,2025-09-09 18:52:47
3096,1534,1295,High loss bill man believe ten carry important high news include memory shoulder help hear kind society service customer off number maintain anyone worry.,2025-05-08 14:44:50
3097,774,503,Together seek audience man just name member event allow song night start claim resource.,2025-09-10 16:32:49
3098,2151,160,Learn cold accept instead a education seek different film process ready someone effort industry skill foot probably low risk several.,2025-03-29 15:50:08
3099,2306,805,Protect allow long debate eight score however huge or indeed own share already somebody fly blood learn.,2025-12-09 15:09:15
3100,1916,1249,Here several professional that.,2025-12-04 06:22:12
3101,2962,189,Firm book already two involve onto although require goal.,2025-05-10 14:16:03
3102,3874,1536,Better threat program peace travel third affect important country hold media.,2025-10-08 05:13:04
3103,3144,1500,Question article realize wall long group answer almost Congress around growth white particularly.,2025-07-25 22:34:02
3104,5171,1570,Quickly fish thought how high might throughout fire have compare onto.,2025-03-25 21:52:46
3105,759,1667,Glass himself could most friend century success stay book draw Mr health card order hospital able fast here.,2025-10-28 18:20:38
3106,6007,305,Red city your enter a north possible.,2025-11-07 19:59:28
3107,5745,508,Design away central audience build environment reality.,2025-10-22 23:51:36
3108,5635,1419,Large good generation visit fear.,2025-09-01 18:45:42
3109,6183,920,Meet term guess receive dream stage article structure eight prove front nice effect.,2025-09-04 05:13:39
3110,4110,1877,Program decade feeling relate child education bad example raise money financial part fight strong major man go write.,2025-07-22 02:34:51
3111,1772,1972,Have ability movement ever forward able alone within same wonder down offer significant edge large set nice.,2025-06-09 01:29:28
3112,6042,1187,Type him tell another third sense suggest coach.,2025-08-21 03:04:10
3113,2640,1342,Threat instead red never along project law side tough water month.,2025-12-05 11:31:57
3114,1683,1724,Amount even energy reason democratic film region.,2025-03-23 02:52:44
3115,3176,1206,Two include market case skill own voice push performance find doctor serve environmental may brother pretty true.,2025-12-14 12:31:59
3116,4466,1347,Remain staff far drive care who yet if.,2025-11-17 03:53:01
3117,2071,1027,Visit exist fight the down scientist apply fine ago try sister start actually benefit fact sort face environmental down live all beautiful himself.,2025-11-24 16:10:42
3118,2189,206,Stuff teach form list task thousand per happen tell instead.,2025-10-11 20:21:58
3119,5021,1261,Budget meeting education example word item seven exist most blood join garden less region on evidence.,2025-07-15 17:27:55
3120,4755,227,Light impact early song resource run special past blue number century almost really spend sea really fly its.,2025-11-12 13:05:43
3121,2565,260,Up each us strategy according goal bar local high.,2025-06-18 18:13:19
3122,2600,1314,Back significant election writer rich apply first worry water around hand.,2025-10-25 15:59:37
3123,6164,661,Food line win.,2025-02-14 11:07:51
3124,3117,1234,Example ask age old.,2025-07-21 00:15:49
3125,2489,892,Factor treatment foreign front media keep wear training.,2025-07-12 09:20:05
3126,4550,177,Image listen spring author machine she break wait.,2025-08-03 08:58:48
3127,4717,1592,Pretty chance easy meeting hit them room peace rich safe.,2025-04-02 17:16:14
3128,6429,377,Whole whom answer defense language show them number tonight.,2025-10-24 07:53:30
3129,5952,313,American green free.,2025-01-24 01:20:37
3130,6441,767,Special price total ago moment way federal view.,2025-10-17 08:51:21
3131,3108,1534,Traditional sometimes treat less church investment president particular among purpose information with.,2025-09-16 23:28:37
3132,1697,984,Property themselves tonight last account dinner such will.,2025-10-08 03:27:36
3133,2725,419,Thought top say partner because support moment movement through claim movement political because realize.,2025-10-29 23:45:33
3134,1002,220,Early affect stuff person cold government do thing remain court.,2025-09-20 06:46:02
3135,5918,399,From tough protect film strategy system watch such teacher.,2025-08-26 15:50:32
3136,1384,325,Make attention subject how challenge best word early live color.,2025-11-09 19:47:45
3137,1289,1155,Project operation although around current same receive.,2025-12-12 00:49:32
3138,1791,178,Shoulder out lawyer than leader yourself two year could country stock director science dream soldier exactly old moment industry tree effect.,2025-09-05 03:30:07
3139,3309,2008,Training several several summer rise work town green hotel social glass edge same memory member almost just read space father imagine different.,2025-05-24 08:23:42
3140,1126,1775,Letter think big as article find space choice still business support letter experience nor leg short gas major third heart successful himself.,2025-02-06 22:17:30
3141,6352,281,Bad try left style now but.,2025-10-30 05:44:03
3142,516,1554,Garden democratic brother his fight determine sometimes individual long about.,2025-02-21 09:23:26
3143,2297,352,Bill water adult during right dream ready economy black growth recognize read try wonder mention perhaps cause leader never.,2025-12-11 18:40:11
3144,4226,791,Edge issue kind development suggest scientist expert address stock reduce among establish professor both record smile front eye.,2025-03-16 06:38:32
3145,5626,1052,Give enjoy station change cause job approach until man land laugh.,2025-08-15 19:02:22
3146,2030,1426,Should choose throw whether hold appear worry lay heart situation.,2025-10-07 04:44:48
3147,3681,701,Structure glass sister result surface possible plan action.,2025-07-21 20:28:38
3148,3018,448,Measure above down try word get charge seek though.,2025-01-08 06:19:43
3149,4640,641,Pattern song agent turn tree.,2025-06-18 20:43:33
3150,3071,1481,Stock quality option keep drop pretty.,2025-03-12 18:54:38
3151,3308,116,Technology material simple star as family ground fill.,2025-08-01 00:07:35
3152,1826,993,Product fall their trial human new son myself.,2025-12-03 13:35:29
3153,3755,1108,Rock seven real employee long detail allow person decide game who door.,2025-08-06 13:30:01
3154,1203,1105,Although necessary explain voice choice decide church.,2025-02-05 21:32:31
3155,4325,351,Glass care government only else number that.,2025-04-16 00:51:56
3156,3554,2061,Past loss road tough Republican car serve plan window mean give morning compare everything again similar national suggest past alone.,2025-08-07 02:26:24
3157,4273,1143,Know pattern member kind.,2025-11-14 09:45:45
3158,3557,1231,Mrs once others nor experience memory rate avoid federal computer experience local trial evening talk industry wonder oil.,2025-09-03 08:18:53
3159,5358,854,At single half position price should beyond employee care continue than now.,2025-09-05 22:51:38
3160,5602,1384,Program treatment thank none activity nothing that hundred couple natural place stand administration rock.,2025-11-03 06:49:16
3161,1652,507,Music piece discover major between style eye four lay ground opportunity.,2025-10-27 23:04:40
3162,5020,1692,Wind increase week PM often staff nor child star market any vote federal new mother hard successful these sing within light remain.,2025-10-06 11:45:45
3163,5769,1196,Computer painting though half adult imagine marriage.,2025-01-06 15:58:07
3164,5933,418,Him measure nearly cause.,2025-04-11 20:17:09
3165,5772,887,International firm statement foot medical though various federal some create.,2025-04-16 16:47:42
3166,1372,1573,Tv mother memory it attorney clear what listen artist from over together option available bad.,2025-07-29 22:38:27
3167,1693,788,Successful imagine type onto along ask do community body material other itself boy.,2025-04-09 23:48:20
3168,4725,319,Look bed lead project memory art kitchen close senior response just wonder blue face word though live.,2025-03-13 23:17:51
3169,3473,878,Vote design plant specific old.,2025-08-24 16:31:54
3170,6412,548,Her hand few age.,2025-08-10 08:26:36
3171,1635,550,Participant before safe.,2025-10-03 06:51:43
3172,625,235,Become age store sit blood here catch range per value growth since travel thousand reality every.,2025-07-13 13:32:54
3173,3976,479,Agent success save type keep action begin person.,2025-03-07 23:02:37
3174,2811,1080,Power whatever image.,2025-11-13 06:55:09
3175,3542,1364,Mind set modern shake music purpose job area forget throw tell.,2025-05-11 23:49:58
3176,1591,149,Fund bank base also sign.,2025-05-22 02:22:39
3177,4002,1254,Knowledge us money mention sometimes heart compare including success price full concern age road reflect why fight specific describe foot member Congress generation person live.,2025-09-14 18:21:02
3178,3773,1069,Tax wide energy research never require region marriage best attention form city visit should analysis fund stay great get mother if rise behavior property week.,2025-11-20 10:44:55
3179,6201,1476,Right act surface on discuss product state no later traditional suggest way event century for my fill kind movement risk show stay knowledge while myself.,2025-08-02 09:29:15
3180,5809,231,Rule body learn idea front him film.,2025-08-10 18:21:22
3181,3349,1516,Case development suffer road wish Mr property add pattern very beautiful leader college skin base very its above old leader low.,2025-09-17 23:05:02
3182,2876,1026,Data region out operation range police four sister rise create.,2025-03-23 19:47:07
3183,6240,490,Mother purpose energy rule interest society in whether peace religious whatever talk central staff there.,2025-09-17 08:03:00
3184,5127,2037,Book interest every finally theory article wear scene.,2025-07-31 14:51:57
3185,4129,1362,After teach after magazine structure new in all as interesting turn that.,2025-07-18 17:39:24
3186,4589,2044,Government any herself near wear even physical him eye wall central wife campaign create.,2025-07-05 15:31:19
3187,5702,295,A accept near group.,2025-10-08 23:53:43
3188,1680,1804,Themselves same young Mrs personal building ground whether hospital interesting condition whom better little range mission point matter always what exist career ability everybody really under outside.,2025-10-27 11:46:26
3189,568,364,Especially culture woman stage bank expert reflect learn make only loss along weight thus.,2025-12-16 19:33:39
3190,5169,1430,Collection her mention avoid husband draw subject much behind able.,2025-11-05 22:42:20
3191,2223,1756,Value collection air popular Mr throughout ago lawyer according them western.,2025-02-15 07:08:49
3192,2403,1933,Situation news cause federal majority model.,2025-01-11 03:34:00
3193,4034,1867,Though TV age raise stop office understand office impact catch live finish not blue beyond thus water too.,2025-07-02 20:17:21
3194,3019,1898,Fast sort race modern three these rest miss life measure safe enjoy among throughout allow coach significant kitchen country.,2025-08-25 03:39:18
3195,5270,335,Research various rate art enough recent ask attack new soldier war.,2025-03-11 11:10:15
3196,5445,1570,Develop girl woman peace production establish population charge expert choose fly debate quite red many live.,2025-10-22 23:49:14
3197,1057,858,Peace while mission not people goal soon together remain reality maybe hit country four all yes deal dinner always market debate fill southern task traditional.,2025-07-07 02:54:56
3198,4966,592,Necessary rather enough customer table side current.,2025-09-11 12:29:14
3199,2116,1426,Use agency nearly happy prevent more water west explain because major compare truth enter appear fund meet food ground fall.,2025-08-07 14:46:18
3200,4726,924,Health close build door conference stop hit project.,2025-03-11 12:21:11
3201,1567,465,Team reach five fire several new board now sort.,2025-11-23 03:21:29
3202,3277,1578,Natural newspaper call civil cause country career increase he guess prevent fill open listen media stop race local.,2025-05-30 18:23:27
3203,6327,1843,Police film near claim scientist relate best government authority west.,2025-05-16 05:26:24
3204,4154,1046,Hundred man visit build simply yourself drop mind how election building prove.,2025-11-28 12:18:54
3205,3338,1473,Side eat allow rather police perform.,2025-04-27 04:27:08
3206,3425,1385,Tough air compare require full decade.,2025-02-04 01:25:59
3207,1053,1831,Admit actually follow collection tree establish realize sea field necessary worry view lose mother interesting accept leader exactly nearly speech.,2025-01-31 12:29:37
3208,4831,672,Knowledge common late company society.,2025-06-13 04:32:28
3209,996,1791,Student return little happen song late lose.,2025-03-22 19:50:23
3210,4670,666,Floor thus yes visit better them mind state interesting teacher light whether enjoy season.,2025-11-08 12:00:36
3211,2393,520,Public just expect bed address certain attack whatever mind beautiful wide learn speech make word personal personal.,2025-02-07 10:11:05
3212,3693,687,Step ten account crime executive sing provide may eye land seek join thank.,2025-10-08 16:43:08
3213,4914,1605,Maintain call ball yourself doctor one improve dinner stuff issue particularly again what account actually still draw successful give close value everything almost easy.,2025-07-10 14:52:31
3214,1457,256,My simple discuss dog thousand sound account may democratic alone continue account very.,2025-08-13 23:01:40
3215,1056,1104,Worry rock star visit their west full by establish lead fill.,2025-01-19 18:07:48
3216,5781,1013,Meeting partner cut political less trip against east instead soon professional interesting activity may up drug nothing country some yet scientist.,2025-09-11 20:37:01
3217,2862,2092,Them approach compare prove never perform trade and decide foot.,2025-07-17 07:00:46
3218,3572,1935,Guy machine rock though against nor low bed deal none wonder heavy everybody always piece with.,2025-04-14 05:08:42
3219,6166,1399,Lose wonder strategy television simple employee history sound coach.,2025-09-08 10:22:11
3220,5748,1951,Century use after wish recently alone whole model.,2025-11-26 12:54:41
3221,3103,1851,Face to here coach most dream generation beautiful actually mention sister movement.,2025-10-15 09:30:48
3222,1491,787,Ability according resource watch tree friend cover when tree hospital.,2025-06-30 19:37:07
3223,5644,821,Foreign oil charge more suggest live run bit relationship go site effect body need and agency.,2025-11-28 09:30:55
3224,5923,1405,Think wrong just grow minute.,2025-09-11 21:25:21
3225,6431,1573,Relationship break go reason dog friend term.,2025-03-17 11:02:57
3226,4401,214,Push identify Democrat message cold skin one poor message just road effect present expert threat sing write their.,2025-07-02 10:36:28
3227,5669,2084,Fire play thought response safe relate Mrs rock.,2025-06-17 11:15:06
3228,720,1094,East get field never whether nor.,2025-05-12 08:34:48
3229,1351,314,Group accept blood choose boy knowledge.,2025-12-15 19:35:25
3230,4357,1304,Nearly bill probably assume seek question marriage conference man return perhaps less.,2025-05-04 16:59:39
3231,1389,1383,Rich beyond no various none teacher relate whether room ok other color wait feeling build go allow information sign knowledge successful hotel.,2025-10-30 02:04:19
3232,3629,630,Tree memory party design realize speech.,2025-11-05 16:10:06
3233,3505,1423,Tend attorney use task religious eat sound official.,2025-06-30 12:32:57
3234,3175,1121,Real style food effort fear career group culture behind about pick bill impact very page fact performance eat until they democratic perhaps contain sound that.,2025-03-16 08:49:07
3235,2866,983,Campaign mouth develop direction remain strategy capital magazine to economic answer teacher movement.,2025-02-21 10:17:24
3236,1779,731,Assume ever phone model gun sure now make experience eight book deep.,2025-01-13 17:34:47
3237,2710,417,Mean thought quickly middle agent fall.,2025-09-06 03:27:01
3238,1761,206,Magazine effort top set information light meet assume arrive child range off may standard.,2025-10-25 11:19:45
3239,1097,1953,Admit free opportunity family look industry citizen study think dinner wrong decade employee American small better hope evening forget particular current get.,2025-09-22 11:32:40
3240,844,798,Federal memory difficult eight scene figure laugh can west.,2025-09-02 18:55:27
3241,6350,1895,Return the throw I.,2025-05-30 23:30:11
3242,6433,959,A government better vote quality director.,2025-07-29 22:38:56
3243,5603,1000,Agent not relate book professor organization action.,2025-08-30 04:00:56
3244,3564,589,Else Congress trouble matter street individual since.,2025-11-25 19:56:13
3245,1461,899,Magazine already perform admit instead nature gas prepare party require eye.,2025-12-14 18:41:58
3246,1970,103,Picture yet candidate management option scientist big tell federal pull its decide place world.,2025-12-03 16:01:26
3247,6467,1931,Kid land treat focus without those off talk sense media treatment very hundred identify agree marriage according always hot television contain.,2025-07-18 21:42:26
3248,5648,1673,Manage meet sing figure authority door understand interesting among special couple push amount store hot subject question throw.,2025-04-02 01:57:37
3249,4932,1472,Already small participant something face culture action management area.,2025-10-01 17:37:06
3250,1538,1289,Space mean down well hold big out writer pattern response close character able.,2025-01-23 16:43:21
3251,1092,156,Inside article provide eye single.,2025-07-31 02:36:49
3252,6050,1267,Debate tend material administration month travel policy without magazine trip across each free step it mention man sea glass agency generation.,2025-10-26 13:55:16
3253,4528,710,Old wait certain prepare voice show commercial fire.,2025-08-18 18:42:02
3254,3875,298,Amount finally actually true player because or quality report once almost national around measure throughout kitchen issue medical sing fill painting adult.,2025-10-16 22:52:42
3255,1482,1055,Avoid other defense care economy line fish up friend figure nation teacher walk season accept relate vote walk mention price.,2025-10-24 06:13:10
3256,1521,1309,Employee pick offer start make save art ground.,2025-09-07 09:35:01
3257,5224,1172,Whether building discuss occur land fund why tell bad campaign focus police theory speech watch young soon career leave.,2025-06-14 05:25:57
3258,3398,1491,Energy wear family do decision cup.,2025-05-15 15:17:45
3259,2716,168,Political trip property growth our group major key only rest opportunity surface situation strategy power commercial quality anything husband owner mean exist theory impact entire value.,2025-12-05 09:46:21
3260,883,262,Smile bar hit reason tree.,2025-01-11 22:40:10
3261,4231,394,Keep miss actually process education always suffer interest public similar fire improve young member pretty career.,2025-09-17 20:15:48
3262,2580,1883,Manage nice past rest among serious Democrat yard nature political south gun partner.,2025-06-19 10:32:31
3263,4651,920,Challenge company phone down whatever ok result front they physical much evidence bill Democrat after large store everyone leader bar several short people room technology.,2025-05-15 06:13:17
3264,2901,915,Culture threat risk true audience else until she.,2025-03-24 15:09:05
3265,1173,1916,Maybe across western establish range lose real million north employee song head voice no during number site accept factor a close officer power forget.,2025-10-11 16:08:08
3266,5970,2057,Model student compare can personal suddenly push happen tonight could media some land pattern.,2025-09-20 19:11:56
3267,4618,218,So draw summer establish amount forget home feel majority.,2025-01-26 11:02:13
3268,1351,168,Personal remain road nearly always what vote avoid Mrs choice foreign lot money.,2025-12-13 18:32:25
3269,1911,409,Clear can thus big yard it Mrs off special until soldier on.,2025-05-04 17:19:59
3270,4839,2077,Age available degree most computer ago task less hold.,2025-09-20 06:50:21
3271,1712,787,Certainly rule everything pull newspaper technology performance.,2025-07-13 17:58:42
3272,2710,1743,Mean several growth return.,2025-09-06 06:41:01
3273,3757,484,Rather avoid focus action fight question subject blood discuss general total future shoulder hotel ready.,2025-11-23 12:44:13
3274,2783,918,Pattern if head buy pretty vote and after easy standard daughter not condition.,2025-10-05 20:35:31
3275,3857,325,Near save employee product really myself general particularly.,2025-06-08 20:24:36
3276,3926,1623,Prove film season write various training visit start another figure various everything ready participant beyond glass.,2025-11-17 23:21:17
3277,3162,1057,House put build race sound leader its these happy which enjoy kitchen catch.,2025-06-21 08:49:26
3278,2109,1061,Blood believe buy.,2025-01-24 06:15:21
3279,1584,710,Realize important study ago center that happen pattern executive according theory turn then movie former effect future six.,2025-11-20 15:24:35
3280,1135,1799,Church thought what figure yourself.,2025-08-11 19:33:37
3281,3055,250,Situation media chair under yes.,2025-02-20 23:04:02
3282,1720,976,Either information blue serious deep wear provide alone investment economy street involve tax name notice himself.,2025-01-11 04:45:59
3283,2659,1633,Reason common present heart create paper around.,2025-08-05 03:54:24
3284,2673,1876,Catch similar stay leave season physical.,2025-05-05 14:34:57
3285,1868,1039,Knowledge represent computer yet together cause receive.,2025-01-10 08:28:50
3286,3205,947,Attention group nothing spend rise present weight on author.,2025-02-07 02:53:19
3287,2447,483,Single art help begin cost hard must fine until behavior current most strategy let natural.,2025-04-13 19:17:32
3288,3753,767,Recent free those subject where positive successful still professional church again key measure history life identify risk program section when.,2025-11-01 06:23:24
3289,579,1938,Report head cover thus lead dog present tree decade skill music television.,2025-06-22 22:16:55
3290,1208,165,Attack article floor the all process must we think him.,2025-12-06 21:16:46
3291,3124,582,Future theory help report ground discover allow fish keep fund think blood sport.,2025-09-05 17:13:35
3292,2025,1340,If tough picture avoid.,2025-04-15 00:45:41
3293,1446,1142,Special crime blood art although alone pattern later citizen stop personal consumer art foreign discover Congress add.,2025-11-30 10:47:25
3294,1435,1557,Wide for economy glass memory whatever near again society drug.,2025-10-05 02:09:27
3295,6084,2082,Back past brother alone while born area garden likely.,2025-10-19 17:00:33
3296,3822,1663,Along news dream PM chair.,2025-10-08 07:42:52
3297,1572,391,Girl parent sport order staff need she past four since.,2025-01-16 07:49:13
3298,2522,1231,They happen stand student any western clear me summer small cover together carry good.,2025-03-29 07:45:38
3299,3207,2080,Worry agent key hold happy actually high law test put administration support night himself message.,2025-02-07 05:53:26
3300,1210,1492,Market knowledge if tonight color or capital surface leg paper maintain close last catch light need federal hope focus crime argue.,2025-09-20 14:19:38
3301,1826,1868,Eat hard cultural mother property feeling general instead stay chair fill use.,2025-12-02 13:47:29
3302,4767,1867,Read many include station decade behind large best.,2025-10-08 00:48:53
3303,4072,1299,Money sound go exist religious investment four discuss half building look.,2025-10-15 08:12:10
3304,2425,198,Father anything clearly will away politics also between.,2025-10-27 09:54:39
3305,2094,904,Well yet to table nothing necessary contain hair big soldier.,2025-10-19 14:51:34
3306,3381,474,Toward receive understand she attorney response total camera necessary wife structure laugh whom half generation leg let.,2025-07-11 05:42:36
3307,3897,1420,Outside price nothing fish artist quite.,2025-10-02 13:44:38
3308,4941,1306,Travel school minute push recent late reach some away me.,2025-07-14 02:21:45
3309,3917,152,Agree stop choose hand task suggest line.,2025-09-17 07:23:31
3310,2028,847,Story body strong much moment.,2025-10-11 16:42:59
3311,5546,1450,Woman place rule receive concern.,2025-08-14 03:45:09
3312,2802,1368,Say spend cultural language reality next rest.,2025-08-22 00:08:32
3313,5091,555,Past sure fear produce score TV evening film first spring stock.,2025-12-03 14:39:44
3314,1213,329,Personal all program information current physical recognize glass win.,2025-10-03 19:45:38
3315,4369,462,Member baby necessary so prevent camera carry thought new may possible great Republican machine newspaper ability keep shoulder alone issue half price training.,2025-12-02 07:15:34
3316,5160,1393,Provide own human consumer condition you drug least defense without reality impact.,2025-09-23 22:09:44
3317,6114,1541,Color statement stop do black necessary ten cut trial hear help doctor spend sense.,2025-10-16 16:10:57
3318,5175,1122,Ready ten play else growth shoulder live mention few follow size method respond save material second ok most radio later tough family late room.,2025-07-28 06:32:31
3319,1532,1593,Green anyone method head nor leader world trouble community painting will my.,2025-10-27 08:21:17
3320,3738,2079,She the role country with might although firm painting music.,2025-07-26 14:06:54
3321,1658,1491,Factor simply news hundred thank summer support individual red can wind future fly agreement.,2025-04-13 11:23:47
3322,1925,276,Second power effect general position music step certainly manage.,2025-09-04 03:06:47
3323,5512,1964,Foot no by send behind power white trade Mrs sign impact matter cause I read.,2025-10-05 12:07:32
3324,1117,1308,Feel Republican source one five.,2025-11-09 00:09:18
3325,5414,228,In together team this interest scientist state world point appear.,2025-06-02 15:04:03
3326,660,907,Throughout low human three field like purpose suggest decade gas home worker.,2025-04-12 09:35:19
3327,4085,1693,Lawyer line to for reach party action our size anyone PM sport yard officer main structure.,2025-02-23 23:37:24
3328,3198,1092,Wish list senior any role commercial second ground design evidence energy defense mean commercial art little.,2025-07-24 21:48:06
3329,5434,1101,Its offer discover make history general never medical impact positive situation.,2025-12-09 02:14:09
3330,1597,1547,Effort develop benefit level environmental child billion seek two until manager interest create event series environmental factor military social compare nearly we fine.,2025-07-27 03:14:49
3331,1971,309,Leg sit crime election half toward figure fall station heart discover activity some here though notice.,2025-09-08 02:10:49
3332,3354,203,Home section reality media activity edge wind.,2025-11-20 12:59:45
3333,3715,485,Interesting base water food writer believe.,2025-10-11 11:34:18
3334,5143,620,Learn player ten adult small far focus minute edge choose start whole control hit affect most travel half beautiful find.,2025-10-18 00:39:07
3335,1292,909,Perform rest which thousand relate spring member of much should small learn price.,2025-11-09 03:20:42
3336,6254,241,Would official for easy friend wife front letter few picture special team herself.,2025-04-14 06:50:22
3337,535,1688,Trip dark wonder very space per will worry fill part where.,2025-04-03 05:23:17
3338,5357,318,Southern show thousand alone nature receive wall idea these bed technology kitchen.,2025-09-11 23:34:42
3339,2133,1766,Coach minute could worry force organization.,2025-11-19 01:06:33
3340,3294,1829,Left military growth try amount positive evidence special report adult again.,2025-05-06 23:20:04
3341,5755,1624,Suggest likely may information each right conference officer.,2025-03-23 23:31:33
3342,4424,292,Administration outside room tree call outside computer.,2025-06-12 22:06:32
3343,2239,1449,Teach Democrat from consider open charge.,2025-09-30 21:25:25
3344,4215,1275,Benefit couple blue follow head direction campaign.,2025-07-19 23:26:31
3345,5276,639,Agree try special ahead buy head reality specific position get draw produce life free rich court money degree we draw require only media.,2025-11-10 17:48:05
3346,3201,212,Participant history actually we industry activity part will huge radio go respond.,2025-01-26 04:21:54
3347,2281,1461,Idea central hit same reach six traditional how population adult save camera remain choose eye.,2025-08-28 14:18:44
3348,1019,1907,Music this leg available lawyer result among investment party admit if start baby at.,2025-05-24 11:45:49
3349,5816,1370,Shake pay edge some discussion along agent.,2025-05-18 01:19:30
3350,5391,945,Either size over remember budget enjoy simply garden despite must campaign technology choice pick major off next accept carry sense bring will poor food.,2025-05-03 12:47:21
3351,3826,383,Leave ask price north can history my stuff city.,2025-09-10 21:02:41
3352,3599,1272,Open song difference pull size or wall big mean weight.,2025-11-27 02:23:17
3353,6123,581,Involve under discover sell among other five agreement lot them increase top career although first three support very question eat friend similar statement whose above beautiful.,2025-11-21 11:14:51
3354,5962,504,Worker score during news audience usually trade decide you through bill.,2025-10-30 10:33:38
3355,1771,1845,Coach cover maybe work range society view ago ahead over once and herself stage ready possible recognize leg I trade.,2025-01-09 04:25:25
3356,1773,1119,These certain city create PM little sort never stock never ago Mrs possible catch eight maybe across effect drop girl moment doctor score process cup civil.,2025-11-27 10:36:23
3357,4346,1945,Increase vote everyone citizen cup individual image nearly foot least serious tonight set often responsibility.,2025-08-31 11:46:39
3358,1712,1857,Husband study face model between important tree.,2025-07-13 16:33:42
3359,6069,321,Trouble decade sell price suffer manager type or many let law force reflect television body guess stage off product get who soldier generation nor policy last cut.,2025-06-08 08:19:06
3360,2072,1469,Whether I business behavior.,2025-09-24 08:08:46
3361,2406,313,Experience focus none news second source land defense eat attorney own event community country would fly seven practice day from military argue.,2025-10-26 21:16:29
3362,3177,462,Father between life another no race imagine age hard water list claim part understand PM nearly.,2025-08-03 11:10:40
3363,4928,770,Analysis stop reality international see.,2025-01-12 01:31:56
3364,4647,445,Apply century reveal own until teach under indicate brother measure man from executive expert activity cold head finish employee available among serve teach race card style.,2025-04-02 14:03:05
3365,1329,525,Chance black wife western every office light anything floor state husband share ask up support charge play.,2025-03-17 20:09:20
3366,1218,1432,Degree interest something whatever allow light peace computer rest cultural arm.,2025-09-19 09:06:05
3367,6496,1552,Guy off again party process entire us film state affect by government fine start.,2025-03-17 03:51:49
3368,2345,2073,Away hospital admit quickly.,2025-10-26 23:32:38
3369,5460,2079,Itself movement care treatment bit information particularly yard term.,2025-04-15 07:18:01
3370,3619,501,Ever understand attack state end whose budget community local next note I control market prove action.,2025-08-01 03:27:13
3371,2640,1537,Various effort song window owner many kind charge probably less.,2025-12-04 12:24:57
3372,2634,598,Off church environment entire too fund.,2025-01-09 22:09:17
3373,3152,1741,Send view dinner past key move whether ground positive occur almost.,2025-06-30 18:21:11
3374,4961,1512,International democratic stage drive sing care owner physical green.,2025-12-12 21:04:01
3375,768,373,Improve billion rock institution late dark nor final guy information imagine avoid white.,2025-11-27 03:17:29
3376,3294,186,Dinner perhaps probably different the game more long.,2025-05-06 18:44:04
3377,4697,1044,He enter model gas physical fall three bank.,2025-10-03 06:11:49
3378,6024,2055,School explain important stop wear under include.,2025-04-23 22:33:04
3379,5122,2091,Board politics maybe letter share apply meet poor popular.,2025-12-11 08:59:50
3380,4000,2029,Line young tonight matter money travel field protect avoid behavior year response.,2025-04-09 01:10:24
3381,5390,1985,Painting game sell everyone just firm human million produce whether government kid eat both.,2025-02-12 06:45:02
3382,3140,794,According car process decade run enjoy subject impact cut.,2025-11-07 01:32:19
3383,2141,2080,Treatment air beautiful front magazine police here born dog guess all religious law never simple.,2025-10-14 15:41:19
3384,1410,1055,Kind likely whose more anything check name do black test way season forward suddenly accept responsibility lose deal question.,2025-08-18 23:19:41
3385,3663,980,Lay development audience.,2025-10-14 18:57:04
3386,3111,1028,Worry ever customer small perform fund.,2025-03-02 05:15:10
3387,4466,1522,A decision nation moment college toward administration material leg least issue however.,2025-11-18 01:31:01
3388,3634,1121,Cut break their assume how onto to citizen join gas.,2025-05-23 19:21:43
3389,4464,1642,Music marriage TV year stock part night score task television involve later executive.,2025-10-24 23:33:43
3390,2461,322,Lead think close carry look decade success business actually during under option share author our million school laugh finish go population at cause politics girl.,2025-09-15 05:47:36
3391,4831,720,Couple pay you degree.,2025-06-15 04:51:28
3392,5932,1677,Commercial science son race first whether past assume evidence voice eye arm.,2025-08-02 16:39:02
3393,1651,1015,Order culture game former alone peace art nor watch.,2025-08-25 15:16:49
3394,932,981,Surface politics bed brother pattern partner during say dog west kid hope north.,2025-11-25 04:32:36
3395,5521,1649,Sell Mr with week support forget require loss against.,2025-01-16 16:40:31
3396,5783,1231,Born he technology join need capital talk performance suddenly personal bit cost travel open line somebody American treatment recognize position reality common.,2025-03-02 14:16:07
3397,3069,1244,Difference physical final newspaper fire hard will citizen computer born.,2025-05-21 00:54:53
3398,6155,130,Defense board draw bed education agreement red step Congress.,2025-02-01 00:37:16
3399,5477,845,Medical themselves thus million return evidence special attention back ready pay seek but about.,2025-09-08 14:17:00
3400,2522,2096,Operation strategy individual pattern could worry young challenge worry mother life.,2025-03-30 14:09:38
3401,3173,901,Physical at operation decision tough window.,2025-10-02 07:52:20
3402,4060,580,Continue first nature debate difference region finally town big subject investment exactly home big about us some.,2025-06-25 16:47:07
3403,901,1055,Current life or majority give economy pass million dog evening talk.,2025-11-28 01:26:55
3404,3602,808,Fire those say ball would hair city itself manage above that.,2025-02-18 11:12:37
3405,3926,218,Expect decide like bad huge challenge value hear page.,2025-11-20 03:15:17
3406,1230,2013,Final difficult already.,2025-01-16 05:53:13
3407,5551,937,Like may much line provide.,2025-09-12 09:43:22
3408,2287,760,From time once eat go large turn sit suffer medical baby center a let.,2025-03-09 23:47:14
3409,4655,489,Region mean process administration information any hand college.,2025-05-02 15:27:38
3410,2222,976,Choose dark light foreign film hair generation improve response rather who be beyond material head early fill current hot data rule else.,2025-06-08 01:55:29
3411,4693,1861,Specific care girl area always left unit education back people help bar free here.,2025-10-21 22:46:14
3412,2161,1533,Bag as activity keep charge easy tend religious market into fire people begin production get create.,2025-11-22 13:06:52
3413,5560,1343,Appear test dinner team clear toward because suffer discover remember eat financial man season successful probably.,2025-06-07 05:17:17
3414,4319,842,Nature recent voice lot pay open often base where ask outside whole rule agreement push discuss model.,2025-10-06 00:35:29
3415,6264,404,Last nothing possible attention world shake everybody land.,2025-07-24 19:57:46
3416,3237,653,Talk significant well answer short skin win bad inside inside particularly help begin policy.,2025-12-01 10:25:33
3417,4496,963,Turn responsibility image sense few yet account woman today board close evidence ask believe outside finally member up.,2025-08-04 07:09:53
3418,1947,258,Describe miss table lot federal tonight treatment we better act allow future late wide present bit practice animal certainly boy here environment detail future.,2025-07-07 19:40:56
3419,1450,860,Notice sit to community identify product above indicate.,2025-11-16 07:46:01
3420,5718,782,Practice tend benefit cover lot some American reveal population.,2025-12-10 18:50:23
3421,2100,857,Sure research billion maintain risk spend.,2025-09-05 09:27:05
3422,3982,1361,Choice heart nation customer affect plant party relationship industry audience so evening would eye really either indeed people.,2025-04-05 05:53:22
3423,4617,1343,Whether dog section player language west year open you subject pattern protect authority when open past.,2025-08-12 02:47:30
3424,4909,1743,Knowledge bar tree loss.,2025-02-01 11:04:13
3425,5471,1542,Black because base available how successful break control report.,2025-10-15 22:14:06
3426,4765,1386,On population picture management institution set explain successful actually there claim.,2025-10-12 08:51:49
3427,1495,1536,Thousand fire exactly decide national against life gas action training behind nation somebody.,2025-09-24 19:10:18
3428,2297,1260,Our that significant major forward.,2025-12-09 01:36:11
3429,2658,830,Want fine dream listen edge American century bank.,2025-09-06 09:54:57
3430,3040,168,Fill past plant anything street we goal source society top letter writer citizen they vote.,2025-10-02 07:42:23
3431,4290,738,People different air should often maybe provide seem compare mouth standard.,2025-07-16 04:11:14
3432,5008,1113,Buy realize officer or particular stuff improve human hard almost recognize something offer.,2025-03-19 16:07:06
3433,771,858,Enough record draw near risk account well along.,2025-01-08 08:10:18
3434,5987,1515,Success trip increase before wife treat sometimes different leave get close trip certain likely fill operation audience example majority same bar action fall.,2025-06-05 07:25:36
3435,662,1987,Place community community share turn high save there movement state son.,2025-05-13 14:47:12
3436,4031,1739,Always name thus agreement carry south operation TV difference stand poor.,2025-04-06 09:57:34
3437,910,2076,My morning second see type stuff discover forward large sound through glass but writer stay up data technology now.,2025-08-31 18:09:09
3438,5173,757,Among skill field whatever from need rich.,2025-11-21 13:21:09
3439,5965,158,Her believe laugh tend carry attorney nature rise plant country protect look day purpose bring yes exactly not act staff serious.,2025-05-23 12:51:42
3440,6268,1774,Society as world letter it.,2025-06-18 08:11:59
3441,5591,1099,Church indeed throughout decision phone democratic moment couple north I catch.,2025-04-02 20:11:26
3442,2372,936,Month late create speech still little crime.,2025-08-03 08:32:15
3443,3471,343,Society management here field.,2025-04-22 17:27:15
3444,4589,1255,Teach hard audience stand north by collection with.,2025-07-05 06:58:19
3445,1640,1786,Treatment everything affect might likely above in during fine environment computer night at work character great design.,2025-05-18 17:47:38
3446,1222,1367,Congress maybe TV across.,2025-06-06 23:40:17
3447,536,829,Need offer movement ball soon.,2025-05-26 01:32:04
3448,1025,723,Evidence change despite book participant thing fast despite kitchen main day senior with indicate industry more court cost reason every than type kid mouth.,2025-10-15 22:27:06
3449,2604,1833,Market nation actually source can condition magazine woman clear without everything change could practice identify feel open major reveal.,2025-06-05 04:26:43
3450,1946,1551,International mission score weight head none real important dream note product only indeed really.,2025-11-25 02:44:37
3451,3533,1087,Day space various side determine score now just style what tonight care phone.,2025-12-06 05:19:41
3452,6188,1356,He step anything actually seem only far above wind even well in why son seek bad create little peace environment easy safe leave can.,2025-08-06 22:42:12
3453,3326,700,Campaign challenge else create account whatever will meet nation none general close indicate.,2025-09-04 10:50:32
3454,3587,681,Prove apply answer great trip memory view.,2025-12-10 01:31:16
3455,3631,1787,Time often career billion pay score maybe war me stand.,2025-04-18 03:28:36
3456,5699,730,Usually relationship voice indeed building including century within pass anyone will present pull term know way newspaper by film bad town those.,2025-09-29 01:12:45
3457,3307,187,Soldier it night speech response let consider fine.,2025-08-04 10:13:17
3458,6341,1722,Score know management friend.,2025-07-26 08:01:33
3459,5081,527,Various true newspaper dog many serve.,2025-07-17 17:32:54
3460,1463,931,Per fall important attorney protect enter culture raise notice perform between.,2025-12-07 18:30:25
3461,5919,1748,Lawyer type continue nor.,2025-02-06 06:22:03
3462,2150,1260,Wall three military similar radio spend treatment car put follow again discuss seem.,2025-10-20 06:27:50
3463,2882,2077,Question because of stuff president through fund white establish minute economy modern travel stop amount conference interesting do Democrat feel single suddenly stop week drug.,2025-07-31 13:51:59
3464,6094,1381,Popular time treatment office pass miss story reduce marriage mother or.,2025-09-21 22:54:58
3465,2171,1435,Art party other report process power time figure.,2025-11-13 06:12:47
3466,6306,1541,Natural stand some easy forget stay training either president day control pull son three debate interest detail project teach mean life big argue his.,2025-01-16 01:11:17
3467,1410,412,Staff just we writer fire cell player behind computer.,2025-08-18 02:45:41
3468,5625,289,Magazine she deep amount sea what second without network resource compare rule nothing science subject cup not out employee item to.,2025-04-05 05:30:15
3469,5994,1463,Thing nothing team let shake light start reason sit beautiful employee brother issue.,2025-05-08 18:17:35
3470,5162,238,Use happy country throw cause rock prove business no central tell key part think certain including movie teacher prevent instead significant leader.,2025-07-22 02:31:36
3471,4280,1168,Address stuff area same gas.,2025-09-11 08:43:15
3472,6031,1788,North what some some.,2025-05-28 10:49:22
3473,4957,225,Customer both whom serious agreement many myself involve senior tonight age.,2025-07-06 21:08:14
3474,2430,594,Loss leave event old cell close remain develop whatever while arrive.,2025-08-28 02:10:14
3475,5229,113,Away manager training let certainly will subject.,2025-03-11 16:06:03
3476,5990,1346,Why ago tonight lawyer fund reach soon it key.,2025-09-26 15:32:34
3477,2465,735,Sister property watch stuff land despite agency whole whatever maintain direction peace.,2025-04-17 00:40:42
3478,5902,1341,Church consumer very true million itself science pretty else business send land official sign participant.,2025-11-02 21:15:29
3479,3357,1025,Morning follow break level place character.,2025-09-09 21:36:35
3480,4788,1259,Their item miss bring write often skin reach return late all take old.,2025-08-29 02:35:26
3481,1832,1459,Throughout always hit continue plan million.,2025-09-30 18:54:45
3482,2397,2083,Them school law project east game sign.,2025-03-03 23:54:09
3483,972,1398,Guess ok evening suffer main eight itself what person perform seven inside organization prepare board drop life account.,2025-05-11 20:54:55
3484,5604,121,Officer specific nothing result house.,2025-09-02 11:45:30
3485,5428,492,Scene public remain phone history several do practice program kitchen bit.,2025-07-04 12:54:50
3486,4427,871,Brother guess per game find either safe relationship response just.,2025-03-11 03:33:25
3487,5537,2048,Throw toward product door hair process.,2025-09-22 06:38:20
3488,702,1085,Table take trip some among population usually painting certainly forward common.,2025-12-10 01:47:34
3489,2304,478,Southern model political yet president far result seem mission many music trial none body affect camera notice bed trade past energy future.,2025-06-21 04:35:22
3490,3646,1780,Few responsibility reveal throw development eight or by fund more behind remember.,2025-03-31 19:19:37
3491,2921,1860,Claim it coach almost book simple education child others race out across moment.,2025-11-03 14:28:00
3492,6171,902,Success life see garden understand range join foreign.,2025-03-26 03:55:32
3493,2429,1222,Nature turn easy phone impact new describe special Congress call think beautiful cultural thus exactly law sport health human beat stuff.,2025-08-03 18:57:27
3494,6436,156,Herself response painting nor town area season.,2025-08-02 05:49:58
3495,514,1400,Window husband while ago way win record decade establish together visit suddenly.,2025-07-27 14:07:24
3496,6059,732,If others service research student single series issue shoulder someone.,2025-08-25 20:49:03
3497,4525,1015,Pay military likely itself clearly vote feel sound series program out these some yeah second.,2025-09-12 16:51:57
3498,967,1591,List hope degree community stop respond quality which reality thought military this agency identify wide thus exist movement draw.,2025-03-15 09:31:42
3499,615,376,Toward too short time somebody charge product adult red.,2025-07-03 18:44:25
3500,1342,1035,Gas trip company government actually talk list beautiful allow partner trial bit material shoulder section much decide.,2025-10-24 19:53:54
3501,5541,806,Voice which and history after approach wonder time hit tonight father bad likely voice.,2025-01-11 22:40:07
3502,5638,594,Follow others senior buy happy cover old cost.,2025-11-10 22:21:22
3503,714,461,Painting measure fish general performance have.,2025-08-28 17:32:09
3504,6162,207,Develop inside green bad study attack available ready book just.,2025-08-18 20:23:16
3505,5743,1661,Campaign we allow central close.,2025-05-03 19:34:05
3506,949,1641,Open town sport federal for picture middle strategy pattern amount once interest from forget commercial military continue already somebody.,2025-10-09 13:40:47
3507,1912,1806,Point will weight pretty way remember night of red will vote investment from design talk store away matter response.,2025-06-04 11:52:09
3508,3177,2085,Structure wide every happy sure place event from boy.,2025-08-06 07:24:40
3509,1776,215,Example it worry determine direction position level PM.,2025-06-22 15:51:52
3510,4546,1678,She wrong difference difficult child year her why charge particularly simple.,2025-08-06 02:35:32
3511,2203,471,Ask into note politics hot really.,2025-07-17 07:08:24
3512,3359,980,Why major where even mean discussion join step color thing yourself low him for Congress community name.,2025-02-11 22:31:45
3513,4863,342,Read hard sure store determine allow under.,2025-07-17 14:09:00
3514,4507,303,Find research television risk check bad image heart water father lot push.,2025-08-25 03:02:02
3515,2254,1924,Minute then direction mention since perform on wide fund range central fight wrong in environmental understand.,2025-04-19 08:30:42
3516,5102,2040,Place improve time Democrat who baby attention particular according everything leader past explain those.,2025-08-04 16:25:04
3517,3760,427,Remember performance move expect conference paper believe page.,2025-10-07 06:20:21
3518,5252,2015,Plant camera process believe keep reality major into drop moment goal approach mother.,2025-05-26 20:39:14
3519,5401,1604,Former media create north bit subject grow step country no real reflect tend dog interesting.,2025-11-20 13:20:21
3520,2933,1121,Clear window poor everything drive individual road different race market age catch involve.,2025-02-03 16:20:32
3521,2205,1833,Agency environment speech perhaps main research structure bring four main than investment.,2025-08-04 00:14:41
3522,4202,1555,There career likely include around certainly.,2025-10-12 16:37:54
3523,3358,699,Human claim that life open career between nature ten charge visit give employee leader support.,2025-01-27 20:13:32
3524,4952,1120,Political kitchen less agree join citizen sign sing ask exactly west under first organization management house firm often civil realize surface never.,2025-10-17 07:01:27
3525,3922,1460,General law subject car office few author when note left head campaign Congress kitchen wall why right scene feel.,2025-06-06 23:52:32
3526,6046,110,Everyone off general treat meet term coach increase sit wonder activity near interesting yes issue.,2025-10-17 03:12:13
3527,1464,849,Foreign cold represent return.,2025-08-18 21:05:28
3528,3747,1686,Tough teacher senior action sure president stop between teach morning act ever reach quite late painting hour white cover pattern.,2025-10-07 14:49:26
3529,2795,304,Rather listen two well move affect guy ready good low minute four store couple smile rather of design day newspaper.,2025-12-09 10:15:07
3530,5300,1363,East receive property article feeling.,2025-05-23 14:52:24
3531,3215,106,Against may treat first happy answer Republican store bill future if go performance gun authority happy try.,2025-05-12 09:42:36
3532,1858,2061,When camera many military likely event take trip father goal apply newspaper reflect fire course report suffer leg million again run degree role yard statement sing subject.,2025-01-04 04:45:10
3533,5558,1594,Song involve pass couple care.,2025-09-02 10:57:50
3534,2953,1819,For center seat nearly.,2025-10-27 14:09:52
3535,6174,552,Street popular subject dinner increase over candidate represent enjoy close worker yes.,2025-10-20 17:04:37
3536,4634,706,Later although around party benefit impact often success.,2025-03-25 00:38:54
3537,3921,777,Song not enough officer now fish.,2025-10-11 16:33:17
3538,5659,1410,Spring make consumer civil certain more four involve machine space.,2025-10-22 01:47:13
3539,1979,478,They seven oil power find level someone term physical miss get especially.,2025-03-23 10:55:22
3540,5097,1774,Too agency fall approach step water section plan news standard body service although at way we he day.,2025-11-13 20:42:44
3541,2675,1900,Toward fly white language huge other national yeah learn specific.,2025-11-24 17:14:08
3542,4536,2059,Child raise help water order during manage there benefit personal.,2025-06-02 06:25:16
3543,2906,1309,Have character possible party bit fast and present hand family star machine million picture form third score fine and Mr main tree send beyond relate imagine.,2025-08-24 23:26:03
3544,5662,300,All red now peace him sometimes.,2025-07-25 11:49:15
3545,6013,665,Middle many language interview suggest interview create company south natural open image order hundred social enough deep.,2025-10-17 08:37:01
3546,5091,1219,Hand up into standard guess growth million arm each goal leave question sit.,2025-12-05 00:28:44
3547,2332,565,Student kid million deal notice member benefit baby actually policy sell standard something street soldier itself list lawyer star.,2025-09-20 01:17:44
3548,4598,1269,Floor image for each purpose.,2025-04-30 14:52:38
3549,4050,2034,Nice company accept system as situation above live move least top good.,2025-10-29 02:09:33
3550,5785,796,Always one food figure reality change north real would behavior standard.,2025-09-20 13:53:15
3551,1594,1436,Ago fish two increase man fact suddenly carry country pick since Mrs information company then stop.,2025-02-03 03:42:33
3552,1149,1271,Own manager war pressure door even report.,2025-10-28 02:58:16
3553,1039,1467,Page decide back old year challenge to dog join room budget woman play.,2025-11-11 04:16:37
3554,5212,230,Skin southern sense if sing hot whose any fly former order.,2025-11-18 08:50:51
3555,1152,967,Fine risk summer interview goal smile wonder wear child kitchen unit.,2025-01-14 08:37:30
3556,2220,1257,White line learn yourself.,2025-07-03 16:46:47
3557,941,678,Republican when former seem cold within capital news physical agree attack.,2025-05-30 19:30:01
3558,5458,1840,Right center both let represent avoid.,2025-06-20 20:02:32
3559,5567,1429,Represent itself environmental moment teacher focus look really clearly eat.,2025-09-14 03:56:56
3560,1005,842,Use cell perhaps offer fact player year fall his guess feel continue say outside she blue partner finish build.,2025-12-02 10:56:42
3561,3507,637,Choose might Republican first song way government friend brother boy event others way least natural follow.,2025-08-09 23:15:22
3562,3430,445,Film else offer from describe everyone investment.,2025-06-02 04:41:44
3563,635,135,Product do term none early different million day very positive student maybe investment off tax operation.,2025-08-22 08:01:14
3564,1236,1217,Special white himself dark ten operation state quite debate every treatment tend image success tough light sort.,2025-05-25 12:35:58
3565,3126,1807,Accept question consumer conference look especially bag star PM majority avoid top father among.,2025-12-13 19:57:39
3566,4983,774,They simple source require red tell.,2025-02-23 15:41:47
3567,6285,786,Out site per them some.,2025-06-20 02:34:30
3568,5467,1038,Cut should quality guy weight family decision college forget gas.,2025-02-18 23:25:52
3569,4168,1813,Director may bar store choice buy organization more throw face about attack discover successful wall low wide stock serious who tough prove pattern us.,2025-08-24 22:39:34
3570,5246,1949,Involve rock sound glass.,2025-06-18 22:53:53
3571,6086,1474,Activity begin social get three play Mr thousand probably task word rate matter future them bank.,2025-11-19 16:55:31
3572,5309,1658,Plant paper pressure raise able beautiful decade become away resource born success identify management cost today service on enjoy.,2025-11-17 22:23:38
3573,1324,638,Bed question reflect major benefit instead report.,2025-10-23 15:28:02
3574,3612,1691,Individual idea ready mind evening again center smile husband deal both outside term partner claim more cost.,2025-07-28 05:42:31
3575,5317,2086,Defense toward blue reality Republican away face.,2025-10-03 00:03:13
3576,4469,1520,Test clear stop tonight author cost any different child choose relationship us yourself strong clear you should one politics a.,2025-11-25 14:33:26
3577,5277,1915,Effect next society stock serious whatever watch key civil similar.,2025-05-10 03:39:54
3578,3907,327,Picture fight involve against camera maintain reduce see recent south generation child try whom also tough which citizen.,2025-06-05 06:45:40
3579,3684,1926,Military eat others various old lose artist its full well article public face join big travel.,2025-05-31 08:04:42
3580,5400,143,Many speech part popular meeting Congress west news even pass conference six.,2025-05-10 10:54:59
3581,4575,123,Skin option trouble hotel although usually mission red everything crime.,2025-07-18 17:51:17
3582,6330,258,Culture area poor seven director stay wear teach land administration hour.,2025-05-16 02:51:54
3583,723,1878,Appear once population manager inside staff region true size always staff end say word.,2025-07-31 10:41:26
3584,3494,1693,On memory newspaper section try economic great along generation arrive report understand win half especially you garden main fast speak.,2025-03-02 20:20:56
3585,5281,1062,Federal military opportunity executive consumer girl computer item choice.,2025-01-13 15:00:47
3586,6267,1904,Identify week exist run room identify six matter address blood.,2025-03-23 17:14:13
3587,5108,1453,However teach figure look stop late fear man animal international capital happen character property rock include relate record dark her feel range.,2025-12-10 22:16:22
3588,2142,1262,Quickly group color billion control laugh performance require action couple.,2025-07-21 03:49:21
3589,5352,1600,Involve today now million research whom probably southern Congress reason Congress structure reveal continue beautiful civil Mrs seven.,2025-06-20 19:32:56
3590,6290,106,Measure south national fall lead contain have article worry watch.,2025-11-15 03:15:32
3591,5098,1705,Itself group wonder change seat under far understand.,2025-12-09 14:18:32
3592,1483,1731,Him degree kid trip they support those color author focus can factor space these what pass economy stage plan sense experience part who deep.,2025-10-27 09:32:18
3593,5498,2018,Data strategy watch accept deep clear they appear really then quickly about.,2025-05-11 01:52:18
3594,2208,582,Purpose religious ten list painting radio war report fly space my form.,2025-11-05 19:39:35
3595,2757,1006,Method risk eat young get.,2025-07-10 03:04:29
3596,5982,1661,By nothing court with southern.,2025-04-27 08:46:04
3597,1685,1681,Lead production with probably course quickly current I play let increase.,2025-06-19 16:15:27
3598,2466,1094,Peace strategy although pay.,2025-08-22 01:55:55
3599,4700,1483,Data response spend this kind start.,2025-11-13 20:33:35
3600,1915,1140,Provide attorney security real authority begin history yeah three certainly town.,2025-10-15 19:33:25
3601,1984,678,Writer include place make such like boy forward nation Republican writer section realize pass something material mouth less.,2025-02-21 06:42:04
3602,5897,1865,Middle knowledge debate at cut suddenly issue defense item serve management list prevent away yeah late set condition society.,2025-09-10 02:29:31
3603,1420,1690,Employee language whether success left wife population when type.,2025-03-28 23:46:28
3604,3903,824,Full voice fire avoid reach list thing finish reach image any media reach level reality.,2025-07-30 05:31:40
3605,1413,1741,Heart left standard top avoid enjoy assume security thing there right give visit event foreign lot sport.,2025-09-09 18:20:29
3606,1657,1375,How analysis article common.,2025-08-11 15:12:23
3607,622,1395,Thing leader when yeah over left citizen standard west memory describe.,2025-01-19 21:28:57
3608,4688,664,Congress bad someone magazine summer former.,2025-08-18 07:10:32
3609,4585,1205,Half may serve modern south listen ever front.,2025-05-08 20:57:37
3610,5635,1113,Own yeah respond picture music seek per must true source among sell visit ten some political bring before.,2025-09-03 22:28:42
3611,6038,172,Near stop message if those who what strategy.,2025-05-19 21:06:43
3612,986,1468,Before art attention reveal upon well foreign black cell where travel let there list argue not old exist try effect market especially test research.,2025-10-11 07:38:12
3613,5202,1753,Our south forward Mr customer fill gas.,2025-07-02 15:30:09
3614,4580,1988,Stop surface better above arrive receive game forget score model leg this window blue read.,2025-06-05 14:03:04
3615,4765,1126,Ask wind campaign south commercial fly beyond.,2025-10-12 00:33:49
3616,1830,1900,Large control water act station stop throughout heavy perhaps contain simply able.,2025-06-12 14:32:39
3617,1778,1511,Green region behavior itself sure former deal name politics cultural share though eight read price two only summer fight marriage hotel once focus station.,2025-09-28 00:18:59
3618,5549,690,Type group southern finally grow understand majority even task world feeling who speak point assume on through behavior write through firm.,2025-02-25 02:31:42
3619,1940,2052,Describe order before government according state report street listen give civil worry enjoy ball significant listen memory.,2025-03-12 13:02:34
3620,572,437,Stop international back senior.,2025-11-15 09:26:40
3621,4712,1787,Main body large identify write reach without approach coach during.,2025-04-02 01:26:32
3622,2695,1688,Entire again husband war such view help beat write wrong make close arrive summer capital laugh many personal deep popular these anyone color.,2025-11-20 09:04:09
3623,4045,1403,Long figure must usually Republican lay recent value they away action such hear position standard dark provide point pass.,2025-10-31 07:36:26
3624,5971,413,Add enter trade all garden agree.,2025-08-15 14:37:06
3625,1453,1920,Letter offer past several same over practice author stand agency year radio daughter almost everyone.,2025-08-20 20:12:28
3626,860,315,Check minute later money four ten yourself choice line position.,2025-11-22 22:34:10
3627,2719,873,Back for yeah international north movie ground perhaps agree positive life participant above low language by leave.,2025-10-30 18:31:10
3628,722,1254,Report its public think race head cut major.,2025-09-27 13:54:06
3629,4815,2006,Once share he once unit foot tell local process anyone claim knowledge budget week.,2025-11-03 07:43:23
3630,3417,1578,Consider raise trial beyond realize parent wall knowledge stop son include about concern why art budget.,2025-07-24 05:45:23
3631,5365,704,Think fall spend first product poor pattern unit arrive computer save group poor fast charge than information.,2025-05-12 19:06:54
3632,1702,213,Federal nation feel energy people interesting evening break alone indicate list explain its end buy.,2025-11-14 00:56:18
3633,4510,728,Sure interest southern dinner difference media rather machine.,2025-05-01 06:57:39
3634,6062,839,Member since similar force TV appear Mrs executive sit PM strategy drop edge bag right participant debate gun record threat according rock official.,2025-08-14 03:22:58
3635,2392,104,Policy cut participant chance approach husband data cold today control drive investment sort.,2025-10-03 23:21:48
3636,3648,681,Two foot discover however kind article crime same dog tree above message reach television.,2025-06-19 09:02:13
3637,2619,1741,Account sport thought purpose early life vote teach minute employee require network pretty defense name doctor.,2025-08-19 21:51:17
3638,4474,1735,Opportunity even design perhaps decade red road least remain tough perhaps war fall challenge particular return.,2025-01-03 00:10:45
3639,3107,1541,Pressure politics heart same spend within increase weight yard yes role act sport.,2025-04-22 00:00:10
3640,2942,136,Conference century vote service parent operation suffer sense matter grow my everyone reality its child.,2025-09-29 16:07:47
3641,704,1075,Receive beat view left onto pressure though wait evening.,2025-05-16 02:20:52
3642,1772,301,Conference some between grow cover low sell market past compare help improve mother attack western.,2025-06-09 01:35:28
3643,4079,2043,Sort along board able officer affect board however spring care thousand practice suffer avoid since them.,2025-05-29 05:35:08
3644,3288,1361,Senior city across lose budget environmental identify rock site still hospital push.,2025-01-14 06:35:39
3645,4496,372,Economic writer here partner line watch generation memory start owner cause air.,2025-08-03 12:54:53
3646,1500,1812,Defense nearly business buy church economy mention history.,2025-11-29 19:14:30
3647,1838,750,Quality reveal sit will bank.,2025-10-01 04:05:14
3648,6371,1488,Less seven method together finally avoid describe heavy discover visit nation.,2025-08-17 11:18:16
3649,2754,690,Woman set him team because position know factor together music same because order management why go fund effort four present just note nothing.,2025-05-29 00:47:26
3650,1626,1853,Interest spring reach tough attention different close talk work television long care bank player system quality crime treatment present partner him for heart physical.,2025-02-06 22:41:24
3651,1698,1972,Part radio around but should young.,2025-07-30 11:26:05
3652,5409,1786,Speak money without lead everybody skill father good speech claim health walk have Congress item detail others.,2025-11-27 22:18:40
3653,904,1853,Artist dark nice truth answer different mean still activity enter movement entire behind during kitchen religious arm by interview upon lawyer.,2025-05-24 05:50:21
3654,2436,1979,Wall seven writer bill recognize simply several me money beautiful strong within along our soon develop cultural successful detail no despite great very baby student soon.,2025-03-17 04:48:13
3655,4236,427,Decision market middle third.,2025-02-12 20:58:15
3656,506,1185,Science never style tonight training everybody listen join environmental.,2025-11-21 02:26:03
3657,5745,1498,Five option same cell military actually.,2025-10-22 14:50:36
3658,3901,2041,Government her expert suggest professional government security wait including.,2025-09-07 09:47:12
3659,4821,1679,Wonder amount hotel want happen record lay away threat reality democratic drug dinner like chance last measure challenge this option.,2025-08-09 18:57:31
3660,1320,1172,Sound price physical tend quite green technology score level federal rock address.,2025-09-12 20:38:58
3661,4657,1285,Shake system everyone together between.,2025-10-21 19:27:33
3662,4824,1737,Around police four certainly whatever page group particular property beyond century require trouble which.,2025-02-05 08:06:43
3663,1986,1776,Education mention film receive nothing about soldier guess wish fast.,2025-09-16 23:50:26
3664,2838,105,Herself attorney image child however work it for information amount happy walk war particularly TV high light recognize once.,2025-04-14 16:26:36
3665,2591,1981,Catch job usually accept husband best commercial plant himself.,2025-10-13 21:02:14
3666,3281,501,Hold become impact available record market behavior civil sure face church.,2025-09-21 03:37:19
3667,2825,1559,Mention base make play exactly support husband.,2025-06-01 00:20:50
3668,5381,126,Voice hair person total page movie window city affect break want piece environment sport.,2025-12-07 16:58:26
3669,914,1258,Trouble find beautiful guess serve key land change success reduce.,2025-06-13 20:51:24
3670,2018,1688,Car everyone speak person line material address least.,2025-07-25 18:46:04
3671,5634,1840,Director avoid rise.,2025-10-09 18:32:04
3672,701,1495,Notice surface value dinner friend fill travel night another expert other research war section expect alone full but measure Mrs environment although.,2025-12-11 23:19:18
3673,2343,554,Why left end mention watch.,2025-09-24 12:24:55
3674,2904,1447,Mind wife never letter method only contain office executive side against rise campaign total hotel focus image tell bank yeah page.,2025-10-31 01:24:33
3675,1899,1130,Oil dream by base wish building many.,2025-08-07 01:47:27
3676,5193,1096,Generation audience window together sound institution direction although almost up.,2025-07-15 02:12:13
3677,1609,443,Force board last various first control stock offer those significant citizen book end director push century dinner create population specific spring author.,2025-07-27 22:02:52
3678,4562,2031,Concern one me officer message fish cover newspaper wall rich than nearly yourself however office still reveal major.,2025-07-15 08:51:44
3679,5417,401,Fly market late major group spring education father necessary stop ahead.,2025-11-05 21:07:35
3680,1414,1813,Ability home example consumer protect candidate system front particularly.,2025-06-07 04:42:20
3681,4357,696,Run those lead suffer ready market try field interview hotel since test.,2025-05-06 13:54:39
3682,1946,887,Executive international pass oil back poor economy remain.,2025-11-26 13:09:37
3683,3414,1207,Though goal option actually hand enjoy.,2025-10-31 21:10:37
3684,1199,1259,Star machine spend address oil wind send agent continue above Congress difficult rather table one newspaper media thus seat action.,2025-10-16 12:16:22
3685,4539,319,Face create could now mean beat control black fill when finally magazine usually huge job go read art reveal.,2025-10-26 14:16:07
3686,3824,216,Another authority by near front.,2025-10-21 15:48:32
3687,4882,666,Minute establish line feeling institution yet baby general all meeting listen wife.,2025-08-20 10:33:58
3688,671,997,Training start particular politics success machine right down country agree without call figure available high.,2025-07-04 11:33:16
3689,985,359,Collection ground buy ok most low music leader ball.,2025-11-26 02:51:14
3690,1298,1828,See somebody contain amount indicate development course mother by walk level still mission.,2025-09-27 15:38:14
3691,3514,140,Among without source property born work trip feeling out.,2025-09-06 00:20:35
3692,3662,1201,Window American bank wife alone candidate themselves network past become whom make agency address hour it pick.,2025-03-30 09:48:08
3693,4363,1300,Increase quite short coach produce your TV skill account whose building threat decision employee deal show tough if early stop.,2025-05-22 00:49:09
3694,5767,1857,Environment sure feel may any turn more pick kid spend term.,2025-08-17 18:07:08
3695,5734,1626,Produce available development six administration able among.,2025-11-09 22:21:18
3696,3500,896,Himself art quickly eight keep argue source bed rock board cup choose century.,2025-07-29 14:40:32
3697,889,457,Feeling figure soldier travel.,2025-08-20 13:33:12
3698,4891,497,Issue population drop stuff on drop father what school first store method street measure area four.,2025-04-26 14:00:44
3699,1599,292,Wait ready throughout commercial send should walk.,2025-10-02 10:36:17
3700,5381,165,Man suffer analysis already easy consider red include theory.,2025-12-08 13:17:26
3701,6399,880,Develop agent form job eight agent southern performance work lawyer.,2025-11-07 03:40:43
3702,2405,176,Heart contain remember cell great prove night include job enough like each here scientist them should land budget instead be series head.,2025-04-10 17:08:28
3703,4223,1581,Give rate page audience writer onto support site.,2025-04-06 14:36:16
3704,6042,413,Begin lead goal happen fast far because difficult stay respond rock few prove.,2025-08-20 13:35:10
3705,3171,1742,Hour enter wrong half go bit probably campaign week enter budget travel heavy card join TV white.,2025-09-26 09:32:33
3706,3258,1542,Travel alone serve whatever learn prevent picture Mrs situation difference customer.,2025-01-07 10:40:59
3707,4550,258,Cell discussion because allow daughter condition class fly guess even.,2025-08-01 11:49:48
3708,5431,825,Pull heavy cell hospital avoid.,2025-03-10 23:13:50
3709,2191,828,Cover coach specific truth teach image account wall draw red movie operation think body seem.,2025-08-26 16:02:07
3710,1799,1004,Fly court me certainly occur because tough sister successful case government.,2025-10-19 22:22:59
3711,2595,1876,Girl industry such range black line later computer stay couple really generation third mission fast spring democratic hair chance court that office field.,2025-07-24 15:56:40
3712,1530,1530,Charge service here occur hard drive others story prevent argue me whether author born from sure perhaps nice class politics have.,2025-10-05 03:50:08
3713,3694,1419,Color audience day the become would public hit quite rich industry instead I stage those current right like ready call pick.,2025-03-12 09:51:43
3714,5318,829,People draw apply specific admit him run newspaper investment instead discussion dinner follow bed human early walk huge.,2025-08-04 13:37:56
3715,1861,1583,Lay list financial half perform social rich great.,2025-12-07 10:30:39
3716,6170,1701,Mean hear physical yourself suffer only forward exactly final quality peace cause usually both right bit dinner or present all black.,2025-05-13 23:21:26
3717,2636,851,Assume how him early wear increase federal debate health history thought election how structure happen hope top fight most.,2025-11-12 07:46:21
3718,5451,869,Dark however heart agency tonight easy song business cut individual allow herself child me go career have.,2025-03-29 19:29:23
3719,2380,1825,Your skill value perform quality debate again woman forward ability business high majority story south light.,2025-09-21 12:44:45
3720,828,695,Short good room street improve eight my laugh leg shake either often lot vote remain imagine fine throw more news down well occur system other station.,2025-10-17 14:13:47
3721,2320,196,Learn his every kind green painting nation mission appear black.,2025-06-20 00:34:11
3722,3351,581,Democratic study state fund direction build or local serve base break matter contain give prepare key.,2025-07-07 00:59:16
3723,2017,1682,Police assume time until purpose light around same bar toward figure foreign letter case.,2025-08-12 07:02:38
3724,2794,110,Cover prove science forget.,2025-05-04 15:15:27
3725,3346,635,Read stay available compare foot mother federal.,2025-04-05 12:12:25
3726,5738,225,Assume itself public main big system letter yeah wife film write term individual down everything Congress learn.,2025-11-23 17:58:47
3727,4990,1149,Remain establish style strong cut season attention chance do explain.,2025-02-27 00:08:33
3728,3273,857,Less speak total base ground sure third total system society should parent require place organization former.,2025-03-29 18:12:04
3729,4618,975,Such I perhaps peace several into thus meet point system candidate.,2025-01-25 23:43:13
3730,3128,1019,Growth head song statement sense visit good give traditional bill hit.,2025-06-20 23:12:23
3731,5522,1681,A figure from bank mean lead example arrive suffer air financial sing chance become issue.,2025-05-30 21:59:24
3732,2630,699,Article event four ten receive sense draw television list even message.,2025-09-14 02:38:08
3733,5678,1598,Test single personal whose together heavy modern not yet late.,2025-10-07 20:28:46
3734,2245,1733,Left prepare performance then create man finish others rest hair staff for thank media development drop receive.,2025-05-06 21:49:38
3735,3176,1299,You human natural father wait blue role blood live fear suddenly huge across knowledge trouble range age this task charge data.,2025-12-13 02:57:59
3736,6005,1753,Ahead section she often right respond film experience loss each step not while voice eight per bit know.,2025-04-18 21:29:06
3737,4781,983,Always lot join view deal later serve social environmental car perform produce when provide seek enter free upon computer although rock evidence firm history tell case future.,2025-08-11 11:38:06
3738,1986,217,Fact new growth chair art white.,2025-09-17 17:33:26
3739,3233,1859,History budget wear attention also doctor success outside still answer according of keep process open because behind yourself might size explain chance since.,2025-05-16 01:37:45
3740,4097,1994,By here month especially positive economy issue they building budget hair.,2025-05-02 03:57:35
3741,3557,2055,History rest Congress address lot audience itself sing garden possible through skin.,2025-09-03 00:07:53
3742,6066,1746,Because finally truth short free natural position back rest spring kid gun another.,2025-06-29 13:50:26
3743,3882,1563,Job cost foot table message.,2025-06-04 02:24:35
3744,4303,1000,Make act blue determine development give actually.,2025-11-10 08:39:10
3745,667,401,Positive peace without himself church cold very political amount each owner like increase let century others arm expert issue indeed.,2025-10-20 21:04:02
3746,5518,752,Growth lawyer culture whether light.,2025-04-08 13:06:31
3747,5084,1027,Player knowledge cover couple.,2025-10-25 04:49:10
3748,3501,186,World their another laugh single town possible whatever region.,2025-03-30 01:40:58
3749,3583,1393,Evidence per low.,2025-11-06 00:16:09
3750,1034,935,Pm stay minute everything political four operation let return fire card sing group light be mother almost far.,2025-12-13 02:58:54
3751,1388,423,Positive close short anyone stop they size education exist offer myself then table party kind whom street shoulder.,2025-06-19 09:03:19
3752,1082,976,Oil church show various represent should beat sense how by wonder law day push feeling officer information identify million agree even foreign.,2025-08-22 16:33:15
3753,3188,894,Sport study prove might maintain those serious reveal throughout imagine positive.,2025-06-25 21:24:36
3754,1760,1684,Themselves account ten inside Democrat actually firm school.,2025-09-19 20:42:23
3755,827,1035,Life operation happen agreement seat series standard.,2025-07-10 04:54:37
3756,2054,609,Data gas surface affect skill father true really wish address try subject fly early show win resource affect young travel choose author kitchen thing.,2025-09-21 19:52:24
3757,730,1184,Difference she five carry trouble then activity travel hear religious him.,2025-11-07 01:12:17
3758,3876,217,Call minute task matter option serve hope can difference bit station pass maintain start business there.,2025-06-08 21:42:15
3759,4401,1075,On him left very training per different represent determine a reflect help among reveal his.,2025-07-02 01:09:28
3760,5719,1743,Probably seven office use program.,2025-03-22 11:09:19
3761,4166,1105,People available measure experience detail past task also growth hard beautiful skin.,2025-10-19 08:46:45
3762,3890,189,Such again pretty budget.,2025-06-23 00:46:25
3763,3775,1435,Bed watch magazine concern statement bag southern need past chance son civil early table life already.,2025-10-25 12:37:28
3764,4356,1318,Campaign others book kid woman to each suffer ability growth idea manage report white probably mind be.,2025-04-20 16:59:30
3765,951,371,Television official real ok factor light available within age together total write wide fire must back than total bar task popular.,2025-07-03 00:35:08
3766,5659,916,Past culture TV effect president herself maybe several ask value help despite machine owner people.,2025-10-22 05:36:13
3767,1085,293,Throughout help audience wide bad author.,2025-05-28 15:37:29
3768,4815,600,Agent moment develop job bar may deal forget community party create left room anything.,2025-11-05 13:56:23
3769,836,1799,A room single.,2025-05-15 09:29:24
3770,1322,1637,Foot difference behind smile American lot long race trip.,2025-11-18 10:30:40
3771,1585,1539,Discuss small strong future information represent language discuss physical when community age use political often grow young need half ten certain animal.,2025-06-06 20:07:08
3772,5085,2034,Ready cell head response.,2025-09-07 21:35:49
3773,3111,174,Not amount gas quite billion likely wear contain many.,2025-03-02 00:48:10
3774,1128,1219,Type team cover area early worry.,2025-10-08 12:03:34
3775,3604,651,Policy age vote military sort property consumer at.,2025-11-02 05:32:14
3776,543,1049,Campaign new air site night doctor level card hundred environment collection his summer develop among paper.,2025-09-27 18:24:25
3777,5547,1827,Or economic with section candidate answer become class team.,2025-08-01 16:00:44
3778,825,677,First similar property boy hour yet better him seek scene cover nature.,2025-11-07 04:57:25
3779,1151,2026,Many boy red use feel computer laugh memory lay foreign many plant without dog involve give music ahead stuff piece return senior.,2025-02-01 04:36:16
3780,2380,407,Light ground hear figure possible catch.,2025-09-22 20:40:45
3781,3473,627,At throw degree recent current concern pick kitchen figure.,2025-08-21 23:00:54
3782,5334,1393,Let crime quality Congress modern north investment call effect late play against stand person.,2025-11-26 00:20:29
3783,1496,323,Strategy scientist available so happen language cause cause.,2025-06-15 16:42:30
3784,4471,420,Answer theory base environment because physical wife pull stock shoulder plan imagine.,2025-05-29 21:29:49
3785,2575,1769,Season bar issue pattern Republican name mouth product goal drop enough sea guy kind anything cover safe deal experience perform skin land account.,2025-04-21 21:04:27
3786,3090,1547,Hour main picture organization prepare writer owner change just determine majority budget who center.,2025-04-09 06:01:11
3787,1784,1830,Could treat final nature order.,2025-11-17 15:14:59
3788,3168,1404,Town discover relate choose say I clearly.,2025-10-19 15:24:18
3789,3215,1366,Where bad expect final church artist figure reality health factor.,2025-05-13 11:35:36
3790,517,703,Here place PM trial machine long degree business.,2025-12-07 19:00:59
3791,2564,958,Choice safe prepare bar tax beautiful talk have run perform yard.,2025-07-22 23:19:20
3792,2508,566,Interest wind let cause light.,2025-02-09 19:39:29
3793,5903,689,Beyond drug interesting modern little sometimes owner green although value available do into compare trouble enter control ago at fast.,2025-12-02 22:42:03
3794,4578,1506,So group blood boy care building station need trial growth century them citizen myself can.,2025-08-26 07:04:54
3795,1759,921,Difference so study often ago everything board.,2025-01-26 09:04:30
3796,6155,1406,Information read mention voice several.,2025-02-01 00:12:16
3797,618,1174,Billion send western full consider identify education name again four few push best time hit guy fear any rather medical very break.,2025-07-13 02:40:20
3798,4184,1710,Get political history long owner call soon subject create light forget garden recent service best art may dinner morning.,2025-10-23 19:21:24
3799,2795,443,Professional a kind still skill wide sea whatever voice among economic or out.,2025-12-07 10:07:07
3800,4681,123,Time fire again eat discuss risk above each science lead policy case manage daughter.,2025-01-03 10:03:14
3801,2100,1987,Anyone speech well small computer rest past prove detail central.,2025-09-05 09:30:05
3802,5515,1530,Management trip maintain garden little thought trouble father current speak.,2025-08-16 17:06:41
3803,3920,1652,Federal owner general record them different I goal language relate bag rock type company.,2025-05-08 04:47:16
3804,1931,1396,Author leader anything property series campaign serious yeah network its girl necessary.,2025-06-03 17:54:10
3805,6309,2037,Bill happen defense right organization answer however take husband open exist such make two open bar several.,2025-04-24 16:24:58
3806,5497,1406,Participant him people.,2025-08-23 11:34:23
3807,2606,352,Of during garden image address color only goal force and trip base yet future affect.,2025-09-16 03:52:24
3808,2940,772,Chair what measure political camera single bad responsibility reality happy level exactly easy.,2025-11-17 02:11:26
3809,3128,643,Road arrive upon member accept walk might themselves opportunity decision difference drive around take tonight federal also central.,2025-06-22 06:31:23
3810,3835,1569,Discuss daughter thousand popular top level image on machine much western.,2025-02-15 14:07:03
3811,2509,1397,First store set direction southern short exist miss report help grow benefit health it.,2025-01-23 18:03:39
3812,1412,443,College couple do charge resource project raise early tonight eat media cultural test third spend.,2025-06-17 06:35:37
3813,4613,1402,Only daughter history religious go recognize something move small receive total wrong unit.,2025-10-18 16:56:01
3814,4770,1677,Young effect land inside human rise red true suddenly event.,2025-06-12 03:47:26
3815,1697,456,Certainly during old population power do million evidence whatever go door.,2025-10-10 10:53:36
3816,3594,627,Line cost top health into sister for nearly choose arm whatever.,2025-06-08 08:07:03
3817,1550,1674,Draw through organization chair question his off add oil girl safe measure officer wrong treat imagine half friend.,2025-11-18 01:18:05
3818,4010,1387,Education alone themselves accept place hear head environmental quality leg her too point above.,2025-09-16 08:28:38
3819,5806,1595,Defense blood go first.,2025-11-16 03:15:05
3820,6399,306,Seem around ground morning ready respond current place speech option painting everybody above source positive.,2025-11-07 02:12:43
3821,2415,1650,Herself election building show suffer drop magazine recent single night weight yourself.,2025-06-11 04:50:06
3822,3442,1235,Operation difference help ok just TV for.,2025-03-21 07:03:26
3823,2262,726,Among piece impact few give ground one meeting forward should third onto suggest how effort perform practice share education.,2025-05-26 14:44:31
3824,6425,894,Alone respond fine open increase fact somebody sell letter government standard assume school field.,2025-09-03 06:52:58
3825,4717,1686,School age against gun history player friend east we structure into after site energy plant water rather performance different executive main piece.,2025-04-02 16:05:14
3826,3489,855,Feel painting research check cut series ever but huge dog kind window because bit treat mother line item.,2025-02-15 20:20:48
3827,5455,1461,Manage more performance house write every.,2025-11-30 11:22:11
3828,2312,1221,Over Republican him.,2025-12-11 19:31:50
3829,1427,1402,Foreign that million born game little indeed pay wish market support mission share.,2025-03-30 20:48:59
3830,5734,1353,Child pressure same it where gas forget.,2025-11-08 09:06:18
3831,3494,2089,Meet more soon free poor.,2025-03-01 15:05:56
3832,1314,283,Safe available girl party usually.,2025-10-08 03:32:34
3833,1148,1183,Nature rule off black assume TV discussion care.,2025-08-04 06:49:37
3834,5716,534,Economy may brother role evidence surface trade.,2025-01-18 00:02:58
3835,3398,429,Issue worry quality want rock arm doctor.,2025-05-15 15:17:45
3836,1427,1893,Policy peace main arrive budget goal number send school me feel teacher finally could population deal evidence economy case democratic.,2025-03-31 03:26:59
3837,3268,232,Black model management hotel room name hot traditional any owner rise oil south recent bill no really feeling cut as history.,2025-09-13 02:23:10
3838,2155,1904,Human every hot drop position benefit also buy kid else happen environment beautiful bar other.,2025-05-07 02:17:28
3839,686,1780,Citizen especially once statement range agree.,2025-10-17 00:33:09
3840,1490,232,Security last structure friend.,2025-08-13 23:39:58
3841,5871,1799,Perhaps baby last would shake type far.,2025-02-11 17:59:57
3842,1009,1851,Animal message affect administration dream gun son student consider memory think protect.,2025-05-19 23:12:24
3843,2916,385,Of store weight television fire black sea day senior yeah against Congress hold star field hour interview return mind energy reason ball action.,2025-08-07 04:47:49
3844,4499,129,Wrong show itself lead eye table money sit tend manage size adult step itself group environment kid onto their.,2025-03-24 16:40:29
3845,3252,400,Voice commercial church short city into yard most strong wind security adult behavior meet.,2025-03-16 04:09:38
3846,5770,1234,Step attorney treat only attention.,2025-09-12 06:43:28
3847,5685,1869,Consider yes little produce people go remember out vote sea simply concern somebody.,2025-09-15 03:07:20
3848,1852,1012,Church simply bad green find view American thus various feeling chair impact read member training line president anything.,2025-02-21 13:46:07
3849,2355,280,Tv husband threat experience term care performance benefit trade reach true no provide far dream ago recognize.,2025-12-01 15:47:48
3850,2520,1040,Manage look end will upon respond course everyone range often trouble shake yourself four.,2025-12-04 22:31:27
3851,2374,1871,Pretty stock charge sit alone system institution ability lawyer forward design expect high within view east course Congress.,2025-09-11 07:17:50
3852,1143,1842,Government protect above decision provide wind value article quite.,2025-06-17 01:48:44
3853,4038,375,Record article arrive fact image view teacher avoid reflect successful.,2025-01-09 22:40:33
3854,752,1741,Window too others type room class public return.,2025-04-17 21:42:25
3855,6485,677,Stage federal nor push what phone away marriage.,2025-04-03 12:53:46
3856,4647,1954,Blood just money nice and class hear eat future.,2025-04-02 13:41:05
3857,3884,1584,Me day research I including respond she lay indicate.,2025-12-04 02:51:35
3858,6157,1807,Whether those social south clear race must sound letter get yard mean two.,2025-08-28 15:21:19
3859,3045,1191,Decade majority charge require discussion country production financial free ten sister.,2025-10-07 21:20:04
3860,5880,1243,Marriage off effect throw safe from year pattern nice cover trouble.,2025-05-02 08:23:07
3861,4503,1732,His stock situation course born clear us particular at here kind world serious green want Republican development center help before group describe often.,2025-05-28 09:25:40
3862,1827,1773,Consider number compare far daughter upon list role author their cover anything little simply see have.,2025-11-15 06:10:05
3863,5120,1213,Article up everybody key later himself.,2025-06-25 06:05:49
3864,2034,797,Million hundred off go stuff join scientist bit top already word reason note nature discuss nation charge reduce include.,2025-01-23 15:24:11
3865,6169,1434,Feeling middle necessary sister enough according down start media level international ability cell page citizen sport write wall.,2025-09-13 22:15:07
3866,1741,331,Expect few director follow consumer campaign wrong speech care explain morning.,2025-09-09 23:44:25
3867,5712,343,Body society manage prove everything.,2025-10-22 10:16:43
3868,4377,1739,Above tend commercial culture out we whether open threat also price remember.,2025-10-29 15:35:03
3869,3546,1813,Avoid choice price institution because long.,2025-08-02 04:06:09
3870,6409,1370,Art four town above hard blood size fire focus consumer energy us myself big decide attack back.,2025-09-13 05:26:05
3871,3649,983,Worry with study word lot should health world against PM loss Democrat.,2025-11-11 16:39:01
3872,2261,1741,Road cost their sort role enter yard area herself whether something laugh election make.,2025-05-06 00:31:48
3873,6489,1628,Whether rock word bill employee none article watch deep.,2025-05-21 19:48:53
3874,5861,2030,Skin light statement fast particularly hot big listen just something draw not space.,2025-10-14 10:19:05
3875,5373,476,What task arm to kitchen out very traditional certainly foreign show available expect yet example very represent brother when will.,2025-03-07 11:36:08
3876,3780,1826,Mother idea management bed north pull positive manage sense move eat her citizen ever matter.,2025-07-27 19:00:46
3877,5974,460,Challenge attack world Congress budget threat necessary through risk eight hard cell look world where.,2025-06-30 21:24:49
3878,1796,1574,Soon personal blood race series all friend perhaps thing require loss energy above hair us.,2025-01-07 09:52:31
3879,762,1612,Loss structure fall so operation force among a play.,2025-03-04 00:54:25
3880,1013,1105,View party new factor effect know positive about art our local year inside arm.,2025-09-01 09:32:02
3881,5965,502,Executive hundred people give none fact back east quite argue bag money add number space both major win success poor compare interview between us.,2025-05-22 03:49:42
3882,1664,1254,Even able sister we become recent.,2025-04-07 01:00:27
3883,1519,979,Challenge interesting house world teach prepare side onto system might.,2025-08-15 03:16:47
3884,3052,1915,Three wrong foot Democrat personal paper commercial special dream foreign black watch trial theory really.,2025-11-25 15:20:04
3885,1073,574,One mouth accept try single herself song bag democratic a create.,2025-08-29 20:18:43
3886,6105,814,Than green none financial character.,2025-10-02 22:34:52
3887,963,1782,Page feel gun generation nearly movie local large western hour herself itself most fly actually.,2025-07-01 14:28:40
3888,4912,457,Bill morning senior place study skill quality increase bar value machine.,2025-09-11 13:04:43
3889,4049,1092,Turn everything official cut as wife certainly suffer this carry lay require their.,2025-06-29 16:45:07
3890,5505,508,Such degree present list find somebody.,2025-04-09 06:46:16
3891,1522,416,Message gun fall such left.,2025-11-04 19:09:59
3892,5777,2012,Agree loss seat third measure number wait past car else night cup way power fine imagine.,2025-09-07 22:33:39
3893,5915,1542,Source explain point word especially each available second would do need meet prevent thought green radio note movement example red establish reach sometimes skin court.,2025-09-12 14:56:47
3894,5075,1523,Organization a star training action behavior new well usually least world music recently tonight.,2025-01-03 06:31:26
3895,4444,556,Former per same manager operation Democrat group always trouble she team reach nice public report.,2025-07-12 06:49:00
3896,5885,197,Their real word grow which with house better laugh garden dream certain coach nor west clearly oil very possible statement approach establish prepare.,2025-02-25 13:26:12
3897,3398,870,Into night wrong none job raise drug.,2025-05-15 09:24:45
3898,6104,1601,Despite whose commercial challenge tough above leader care issue reflect head week work keep cold threat.,2025-02-07 13:55:09
3899,3743,1864,No if give say our most which city new collection that really.,2025-08-13 00:52:11
3900,2887,1783,Politics else whom course practice dinner even.,2025-09-14 13:31:37
3901,2184,272,Then must son land remain eye.,2025-11-08 14:14:19
3902,3121,1549,Play show different way enjoy laugh work born then oil.,2025-09-24 07:48:11
3903,3058,893,Character bit miss argue step share economic nation medical seat close.,2025-03-12 17:39:09
3904,1315,1568,Police matter yet you cut available maintain.,2025-04-05 00:33:49
3905,6364,612,Lose who author remember left beyond soldier white possible heart what.,2025-09-12 17:52:41
3906,2392,351,Staff read night thousand he pretty maintain their save each so college large.,2025-10-04 10:31:48
3907,1907,283,Use huge president action nature day wrong about weight term woman why account fall money power than.,2025-12-03 15:17:32
3908,3401,1524,Rule day movie technology dog instead.,2025-03-29 07:41:13
3909,4107,1738,Better goal method blue father class value speech identify while for certainly adult section hundred future go.,2025-06-16 02:59:06
3910,1144,1147,Increase receive Mrs election with wait leader central future look American provide doctor purpose author couple.,2025-02-23 09:45:41
3911,6084,731,Town purpose deep deal camera particular whether education white avoid.,2025-10-19 05:27:33
3912,743,699,Already rise production trade brother big entire themselves player term authority north office enter.,2025-11-09 19:46:32
3913,6034,1612,Machine respond act foreign range early quickly wall paper role can high or a series late its magazine hot actually throw.,2025-04-13 13:14:21
3914,4342,1428,Force give summer large indicate reason consumer bank bar matter describe then answer.,2025-10-15 07:53:27
3915,3942,1790,Concern field maybe approach walk letter probably full between product herself language very even meeting kitchen without drive glass.,2025-06-25 15:33:46
3916,1322,923,Gas call since will information since lay eat deep fall level continue.,2025-11-19 12:27:40
3917,2144,852,Push national standard specific catch loss future party technology culture.,2025-08-01 22:33:41
3918,2485,182,Relate recently interview produce character time process friend seven second ask.,2025-10-04 16:11:31
3919,4242,1509,Shoulder bad military as pattern wear land myself vote safe manage out occur.,2025-07-15 16:39:45
3920,3809,220,Current letter daughter debate push policy have money term meeting bag son later.,2025-07-31 09:48:38
3921,3258,882,Since another audience risk perform because pretty trip bar important sort window whatever Mrs also key fire campaign our return possible fight.,2025-01-04 16:38:59
3922,3996,1279,Material build much buy food very see property our bank talk including either since probably soon young fear special difference.,2025-06-17 11:24:06
3923,658,1558,Yet of page hair case western perhaps since may until.,2025-09-14 03:22:59
3924,3995,962,Hour treatment across if edge population official red save by surface cover change bank contain direction after whole tonight lay.,2025-07-03 13:20:24
3925,3552,1606,Student notice lot me success rise he customer occur power.,2025-08-29 20:31:50
3926,1614,1117,Big positive hundred up maybe central with debate what strategy beyond.,2025-10-17 16:22:04
3927,1379,232,Staff never note commercial rate program consumer buy.,2025-11-05 02:58:27
3928,6010,1642,Trouble no future eight anyone world rock billion when step about street address itself south leader read deal.,2025-01-27 00:21:28
3929,2102,681,Executive ball focus buy assume live court Congress different sign trial.,2025-06-27 02:15:11
3930,3108,895,Local student civil leave detail.,2025-09-17 23:02:37
3931,559,1231,Church lot executive low term.,2025-06-13 09:11:28
3932,564,317,However subject party should song whom seven between return door office long none report husband mother.,2025-10-19 01:11:38
3933,5679,1230,Build price fire activity.,2025-01-21 05:48:19
3934,5354,1292,East season share despite pay why artist guy.,2025-03-05 21:37:45
3935,4406,1137,Must social loss along offer population dinner north able fight foreign myself others.,2025-06-29 13:56:02
3936,5080,2053,Become look top almost success ten such information main save thought significant your person physical organization language add value theory middle floor parent mouth room nature arm.,2025-03-31 20:59:37
3937,5448,781,When term machine sea bit amount.,2025-10-08 12:09:32
3938,1298,1054,Million attorney wait piece bed short also arrive total education weight reduce season another every suddenly.,2025-09-29 09:21:14
3939,4241,311,Buy most surface moment entire could sense chance.,2025-06-08 08:42:42
3940,4760,1501,Message would degree question model on interview before top clear think yes future government list face.,2025-01-31 03:55:50
3941,1526,728,Rise mother yeah like language thousand hand almost.,2025-06-20 13:15:34
3942,3235,1359,Term me usually ever room she prove Democrat care high popular.,2025-11-08 00:40:26
3943,1877,1731,Whether government cut us mind late five positive everything long radio large born west campaign those international approach create road general.,2025-07-10 10:17:53
3944,4076,265,May space down partner coach friend site after recently party month board author white activity recent technology store sound fill wish already.,2025-09-20 22:57:18
3945,4508,271,Tell fund kitchen describe later open last now leader need speech citizen film increase along account machine else during series realize economic member.,2025-12-09 04:05:46
3946,2873,591,Also later word eat purpose weight common suddenly blood next several wonder remember fish hear dark throughout Mr.,2025-10-29 06:50:26
3947,1628,1624,Contain place long bag cold address civil those attention bar available admit natural up system against number soon after case assume rest.,2025-02-06 17:08:50
3948,6041,474,Rise half east set risk direction appear according window paper south affect argue.,2025-11-23 06:44:10
3949,3308,967,Again into pass nearly situation Democrat his air job open watch deep light hair positive necessary president most.,2025-07-31 14:15:35
3950,1013,1899,Fire industry capital fish pull north rather although.,2025-08-31 15:58:02
3951,3126,969,Bag decade decision grow deep type level message next positive stop outside medical stop specific can chair carry a.,2025-12-14 09:51:39
3952,1404,325,However daughter professor for full from table main each must address pick pull conference their action until president.,2025-07-02 02:49:01
3953,1889,776,Defense pay laugh serve Congress happy take base both customer process section tree today analysis girl.,2025-09-06 10:27:31
3954,4882,453,After likely get foot nature crime wall.,2025-08-22 04:36:58
3955,2100,1707,Art already not fill pretty true need seem left no.,2025-09-04 05:42:05
3956,693,924,However wait home food memory.,2025-09-16 13:44:35
3957,6346,952,Face rule discuss rather air head side message population suddenly little could source we direction interest resource individual agreement feel human economic medical act ball.,2025-10-24 23:15:12
3958,3169,1626,Because system impact employee table social early year guess each process recently hand plan group hold Congress may his.,2025-06-11 20:25:02
3959,4006,1552,Community big laugh nearly key risk growth prepare or their finally summer Mrs.,2025-07-10 05:48:00
3960,4915,1836,Bag laugh cover economy yet oil quite great establish standard writer than when Republican job act family sing interest relationship throughout.,2025-06-06 13:37:08
3961,2284,1451,Pull but page environmental sport community away white similar person up.,2025-03-16 07:44:27
3962,1367,776,Quite truth clear go alone political upon wait consider exist same fall church my every wrong list name catch.,2025-07-25 14:33:30
3963,4679,2063,Particularly foreign culture read him reality pretty good yourself time any type imagine budget on thing machine thought require summer sort whom.,2025-05-26 17:54:08
3964,2790,1696,Project service recognize off network skill form school sell training up order image light program later between send person suddenly.,2025-08-08 04:01:33
3965,976,798,Ago anything about so defense eight site voice.,2025-11-07 04:14:18
3966,2204,877,Total four view drive which bank national southern expert us quality.,2025-08-09 07:05:22
3967,942,952,Impact word drug along address property one seem happen past.,2025-08-01 12:49:19
3968,6180,1984,Left into police cup you shoulder prevent author yeah war international test environment western play.,2025-08-14 03:03:59
3969,6151,1105,Catch natural feel research when so law myself check TV movie themselves machine.,2025-09-19 12:26:25
3970,2902,261,Party large enough over prove key enjoy audience course likely.,2025-01-17 09:31:16
3971,3023,1625,Involve carry color most throw television wide west president.,2025-11-10 19:10:29
3972,5753,1526,Organization establish food plan market raise site everyone husband itself black story.,2025-07-25 03:15:53
3973,2660,153,Not avoid sound quality who system chair suggest compare yes office news discussion create call hotel list never she.,2025-12-02 09:46:05
3974,3520,1938,Who late manage unit evening best edge past entire bar career exactly.,2025-02-07 20:05:55
3975,5505,2034,People realize when protect possible second spend stock physical already administration.,2025-04-10 11:08:16
3976,3954,964,Represent everyone bill executive whether place over record help owner.,2025-02-15 19:39:24
3977,6342,963,Artist past western the hold author still design key return half really identify quickly because structure through performance available ago decision.,2025-05-16 14:12:54
3978,5676,1927,Executive argue lose floor social Mr case later baby left money say point community.,2025-10-23 19:27:12
3979,2254,1851,Military move spend prove life adult also we third else produce across picture who among those pressure member present office act imagine record game recently.,2025-04-21 21:22:42
3980,4221,295,Talk high serious soldier.,2025-10-10 04:39:13
3981,6101,1299,Store ability environmental morning always impact I sound letter glass including near behavior high land law economic world.,2025-06-12 16:59:11
3982,1500,330,Box mind art finally first sing himself arrive somebody vote American around information.,2025-11-28 21:46:30
3983,6273,547,It continue say should bit not science often inside race partner treatment enjoy water value site fight.,2025-11-02 00:03:58
3984,789,787,Early contain accept me son customer serious page here important guess black team.,2025-03-30 06:45:09
3985,4411,1984,Speech upon to station cover financial day benefit half appear take win fall half discover care human receive maybe general throughout yourself describe action.,2025-12-03 19:48:08
3986,2123,377,Exist call phone particular probably card with.,2025-09-12 19:15:14
3987,2230,996,Daughter end upon partner positive trade language least listen believe rock suffer pattern.,2025-12-08 10:03:52
3988,3733,1539,Public anyone upon prevent how shake test state network speak according worry reveal again condition.,2025-09-21 00:58:05
3989,1291,2009,State process because hotel ever raise raise material important where expect some yeah strategy blood shoulder study.,2025-09-10 18:43:53
3990,4391,1121,Amount fear red bad close bed factor amount camera computer name send little prepare hit information south compare up loss budget success by.,2025-08-10 12:35:29
3991,4809,817,Admit evidence leader meet evening old west pass throw teacher system not send happy poor center cost between start degree certainly point resource.,2025-06-08 08:14:36
3992,5573,1053,Start build anyone center modern maintain clearly card live travel top yeah special industry outside box believe.,2025-09-23 22:13:39
3993,1199,1327,Evidence fall she both every child still.,2025-10-16 12:22:22
3994,4253,1826,Agreement three brother whose professional leader style enough finally.,2025-04-28 14:31:47
3995,3914,1354,Smile machine cause change challenge peace skill.,2025-09-27 06:03:51
3996,3577,2026,Page line maybe whether recent relate also this entire single participant.,2025-07-15 19:55:10
3997,2346,1745,Blue eye piece film drug animal positive animal successful central major treat many high discuss ready.,2025-12-12 12:52:21
3998,1290,1430,Gun amount ten executive threat enjoy he.,2025-11-14 00:10:21
3999,1589,1159,All push reason learn get order stop shake grow toward.,2025-10-18 17:31:12
4000,3716,1211,Short radio seven beyond field where the baby their.,2025-06-18 15:45:54
4001,1697,484,Several traditional account present treat open such simply much result trouble management seem behavior security everything information over give.,2025-10-07 17:18:36
4002,3212,202,Herself stand special short enjoy add yes professor realize much two wide.,2025-10-01 00:19:07
4003,1646,659,Bring still free world attorney issue develop try day one option.,2025-11-08 01:29:42
4004,823,866,Pressure if draw world star.,2025-09-03 22:50:46
4005,2327,1819,Order state meeting site model Mrs food fight.,2025-12-14 16:16:11
4006,5417,209,Board likely bring statement garden care alone voice data adult special save fast.,2025-11-03 14:31:35
4007,6333,1267,Second she marriage step girl ask provide discover page suggest line sister truth.,2025-07-20 20:37:26
4008,6148,1206,Understand population administration smile plan relationship song site foreign factor buy especially member cup top.,2025-01-11 17:08:10
4009,5683,1647,Step government once get write know strategy close a reveal sell stuff site thank.,2025-01-05 16:22:29
4010,941,522,Professional black color that control situation center happy old modern not ever how.,2025-05-30 18:50:01
4011,4947,394,Cold night claim from thus suddenly adult near heavy still open accept now fight her outside interview I police beautiful sit company partner.,2025-09-06 18:49:23
4012,3869,333,Thus want affect need throughout official break go possible watch thing determine.,2025-05-01 12:35:54
4013,3247,928,Continue to radio just need.,2025-01-15 09:03:07
4014,2800,347,Worry kitchen central child nothing game but challenge strong feeling rich save but require.,2025-07-08 16:52:36
4015,2117,1149,Story believe stage window in ask task when skill plant city west.,2025-09-03 08:34:10
4016,6103,1786,Candidate low go without particularly appear return significant partner some hair size dog grow accept person less.,2025-05-20 04:49:31
4017,2508,466,Work laugh ask as become.,2025-02-09 21:32:29
4018,762,1282,Support owner past once end.,2025-03-05 01:09:25
4019,3055,161,That upon design picture walk red how college.,2025-02-20 01:29:02
4020,2792,1024,Worker yard civil impact machine.,2025-05-21 03:07:09
4021,2261,476,Position party network loss order sea feeling term pattern manage method employee.,2025-05-06 11:26:48
4022,4522,259,Bed camera mention leader letter serve sport bit coach drug should until public cost together.,2025-12-04 04:11:18
4023,2949,738,Visit across fear crime.,2025-11-28 15:40:12
4024,2895,354,General morning expect since reduce data gun above huge risk next real.,2025-11-01 03:17:05
4025,3724,1656,Situation recognize none marriage rise couple board you agree increase town half also into I brother mention either whom control arm cultural work me.,2025-03-08 14:35:18
4026,4343,1451,Try want letter line explain check carry direction open theory stage activity hit wall movement return left amount.,2025-05-29 08:38:49
4027,6461,1349,Every herself community team structure big door bring maybe draw American sort section.,2025-03-17 16:03:04
4028,1308,1114,Water forget similar mouth if pay for social should provide.,2025-05-30 12:55:39
4029,4562,1671,Poor require process campaign local top next.,2025-07-16 09:51:44
4030,1163,278,Fly weight a research billion prevent ground arm training mention it claim cost morning former tend professor see example draw.,2025-07-11 16:26:05
4031,3262,2012,Manage foot operation man work act trade play with newspaper half sort try nature including magazine tell morning go evidence claim most own matter.,2025-08-16 13:28:44
4032,6103,265,Miss research figure feeling establish amount though remember herself hope image push.,2025-05-18 23:29:31
4033,1678,1457,Whatever perhaps near ever fine three good hard daughter lay way risk.,2025-10-24 16:12:53
4034,5307,1375,All great structure fish response window free true president ahead chance country process meet song course price follow outside statement rate prevent pass.,2025-03-02 03:33:58
4035,6227,754,Thank check service weight we begin special space.,2025-08-31 03:40:59
4036,5500,1086,Executive prove evening mean benefit big else create.,2025-06-25 08:57:15
4037,2764,969,Short land read assume against improve live improve son bit professional interview side industry big our trip create baby.,2025-11-10 10:50:19
4038,6154,988,Arm down onto it management nearly into style stuff early ability party.,2025-03-09 06:40:54
4039,1835,1836,Image guy sound now with rate today some there hair song finish.,2025-08-29 08:36:39
4040,4119,1638,Consider fire half address activity organization story writer face set long.,2025-03-17 00:51:19
4041,4289,2092,Learn light right develop leader must page issue bank nearly return allow rather difficult job pay ground.,2025-10-26 12:51:26
4042,1508,1310,Pretty from dinner yes across turn foot vote generation expert someone child.,2025-10-12 04:05:46
4043,6187,1714,Plan report determine exactly hit anything effect simple design.,2025-03-26 03:02:00
4044,4536,1080,Data mouth clearly hear.,2025-06-02 06:52:16
4045,5955,1405,To actually coach.,2025-03-20 02:23:10
4046,512,999,Environment food bar later source will thing happy within sound for language.,2025-06-07 23:37:59
4047,1818,790,Surface where own human special watch pretty should.,2025-07-04 21:34:50
4048,4125,695,Green easy project either determine attorney dinner anything.,2025-06-12 22:13:37
4049,501,550,Shoulder maybe popular movie second they might note nation cost soldier Congress plan.,2025-11-26 06:10:10
4050,4602,961,Test former class degree space particular through drop happen huge rest campaign well throughout stuff hour camera recognize increase.,2025-11-11 12:42:37
4051,3971,1807,Moment hundred reveal how hundred wife far six bill statement we add democratic beyond president.,2025-11-21 09:08:18
4052,5390,1852,Real scene student Mr new nearly rather entire clear wish end.,2025-02-10 22:27:02
4053,4947,1805,Management TV director impact turn nearly couple arm activity beautiful continue degree air still history.,2025-09-07 13:37:23
4054,5424,1528,Whose follow around fine work again very food himself as impact toward law Democrat.,2025-02-21 14:09:52
4055,5434,466,Later daughter top.,2025-12-10 16:34:09
4056,2217,442,Center learn say particularly society your young unit no level organization tax policy culture beat left charge what article treat push.,2025-06-23 08:28:05
4057,5030,1127,Place time seem quite break only reach less anything drop name interview.,2025-06-01 08:19:18
4058,710,1064,Yet citizen fact government spring open position kind bad choice behavior most close store.,2025-05-16 02:30:13
4059,3549,1724,Real talk today face environmental ok sign check economic four focus campaign movement prepare office compare fill discover paper former very risk interest him property.,2025-11-23 12:41:25
4060,4853,688,Ground kind high factor hair kind as make able run how on customer well right story cause similar describe discuss.,2025-11-19 13:45:18
4061,4466,892,Voice simple everyone soldier lose product nation do rest parent throw head run ability.,2025-11-17 21:38:01
4062,2257,634,Final term American than share rather such like mother national voice hope drug president develop prevent tell turn might level.,2025-08-05 09:04:24
4063,2859,1135,These second shoulder hair usually.,2025-04-05 05:50:50
4064,2323,809,Such receive section their hope of like apply woman know science despite trip measure point.,2025-06-30 07:16:11
4065,3537,383,Field prove mean road teacher watch.,2025-10-24 21:35:09
4066,3954,589,Eat dark style charge catch himself we region follow southern under however once through third power carry option matter data play.,2025-02-14 04:04:24
4067,6488,676,It successful able address stand happen child seek about action opportunity watch say employee such could human kid deal.,2025-10-23 15:31:37
4068,3530,1420,Meeting war billion light over discuss turn idea law condition society on today use plant condition white individual skill serious build month pretty.,2025-11-23 17:39:40
4069,2404,1268,Street former yes surface majority sea main standard alone pass degree.,2025-07-09 01:12:31
4070,5903,464,Set late sport bring my century.,2025-12-04 19:49:03
4071,5888,978,Computer development source account.,2025-05-10 07:06:48
4072,2151,1750,Material tell special money ball according.,2025-03-30 07:09:08
4073,4443,201,Already maintain general fall price community foreign certain respond development environmental.,2025-03-12 03:50:42
4074,2590,1832,Right training through mouth couple however wear nation state Mr relationship past himself produce floor reach cultural high still treatment guy two.,2025-09-16 08:47:49
4075,2736,1442,Tonight agree chair write see explain risk let natural situation including.,2025-06-04 12:04:01
4076,5398,1355,Very risk still article month story fear evidence tree hope body answer see cultural.,2025-11-10 21:54:25
4077,5441,1650,Have film oil really bar contain war PM final condition.,2025-10-24 03:37:58
4078,5521,1136,Very everybody story worker identify sister Congress others will network evidence for left sea.,2025-01-18 13:16:31
4079,6435,1778,First minute per respond gun race gas military without town clear.,2025-04-30 04:16:18
4080,5038,1574,Eye wrong never care view medical else position down business late hundred.,2025-07-31 03:34:00
4081,4777,407,State teach total do morning sense our commercial some evening type everything.,2025-01-07 10:00:56
4082,4701,531,Here third guess others drug air professional figure west suffer arm student somebody culture television official family tax sport political so as south two.,2025-02-13 00:34:31
4083,4912,814,Apply nature soldier third believe eat recognize.,2025-09-09 01:39:43
4084,1664,1106,Accept seem least role create hair seem partner laugh.,2025-04-04 17:09:27
4085,4432,577,Use tough result available yeah carry position until consumer star himself board production low road still space stage that beautiful wife.,2025-09-22 03:02:23
4086,1591,1171,Movement act drop affect.,2025-05-19 15:30:39
4087,3588,1992,Accept put free development accept than standard project already contain our reality teach never dark along structure site behavior turn bring tough from.,2025-07-14 04:22:12
4088,750,528,Market property sense your month production various beat special idea suggest attorney clearly never.,2025-06-12 07:20:28
4089,1946,1698,Create thus child teach even growth picture stuff animal.,2025-11-25 01:34:37
4090,972,416,Sister there discover threat appear modern type left fire activity.,2025-05-12 20:53:55
4091,3846,480,Week street system account she class since.,2025-09-22 15:06:12
4092,964,1036,Inside he her performance six watch speak suffer music city most ok doctor science rich money later serve red administration maybe laugh along former.,2025-05-14 10:12:28
4093,4910,1474,Agreement often small until call tend sense explain special sort land.,2025-05-03 08:20:09
4094,6245,1192,Son father page mind control with similar.,2025-10-20 09:01:03
4095,5488,1281,All medical my particularly water community history sing purpose travel must.,2025-07-22 23:15:32
4096,2669,2045,Traditional recognize billion type break fall break position hold method summer newspaper.,2025-05-17 02:01:28
4097,2280,1518,Next by hand attention development series to animal role know policy easy thank popular morning that people inside focus news thus offer design hot.,2025-07-18 11:47:08
4098,2799,424,Later job rate property beyond sign hair action dream you number happy.,2025-06-22 21:05:27
4099,1650,1553,Discuss such part alone what blue military Republican challenge production from.,2025-10-06 14:24:59
4100,2480,1520,Animal gun point four determine ten apply including resource source contain now city early sister push also onto eight picture hospital study memory remain.,2025-02-13 17:49:53
4101,4581,323,Truth million meet adult reveal now buy seat.,2025-03-01 05:16:35
4102,5462,1788,Condition writer think teach character born political need kitchen civil wall mention institution senior political name value shake.,2025-05-15 03:25:18
4103,3724,1289,Wall site much one week skin international might near she democratic themselves people buy plan population.,2025-03-08 12:40:18
4104,676,2091,Only shoulder year cup language similar rock I word leg less people participant meet trouble life late thank major way believe save.,2025-07-10 17:38:42
4105,1995,1838,Over suggest air black late certain so vote kitchen reduce.,2025-09-28 03:37:15
4106,5411,1668,Degree seek investment sell fill place language career ok myself.,2025-10-03 02:56:02
4107,3751,762,Try walk indeed.,2025-06-24 03:42:12
4108,593,2003,Great radio tree manager husband structure where issue writer issue force research increase.,2025-11-25 11:19:07
4109,2357,1523,Effect reach final over southern similar moment natural first picture condition fact.,2025-07-25 02:32:24
4110,4799,117,Record tough else.,2025-05-27 20:47:34
4111,5243,1970,Effect school whose would between goal father just across word type exist use example stand power decide.,2025-10-20 00:42:10
4112,4053,1534,North chair trial play animal money rock entire in far set above staff.,2025-03-16 07:20:32
4113,6213,1734,Chair explain throughout program art project establish reduce move.,2025-09-12 07:35:54
4114,6154,233,Look at example some laugh suddenly summer him already.,2025-03-08 01:16:54
4115,5550,1648,Turn ground whether by administration report sea left hear without go event wear only fish especially job.,2025-10-07 20:45:22
4116,2331,1099,Religious subject travel special ready station ago agreement past chair edge threat down discussion life sing along radio recent president message loss.,2025-12-15 05:52:47
4117,2739,2049,Establish move rate player this collection trip total friend to finally establish myself.,2025-07-23 03:41:16
4118,2424,702,We fine free too issue country as build total front represent campaign figure cover foreign anything often per.,2025-01-07 22:39:49
4119,1322,1123,Artist level PM far pattern evidence growth already popular debate discussion can explain really us marriage fish operation.,2025-11-20 08:52:40
4120,4240,390,Respond mission way four training actually a rule school guy ball performance nothing national property.,2025-05-23 01:31:24
4121,3019,1596,Industry factor number my general.,2025-08-25 21:05:18
4122,3153,2046,Road move require meet risk.,2025-01-22 10:57:37
4123,586,379,Drop great wide tax give avoid red age outside quickly change while board magazine health generation individual write five hair wall.,2025-08-27 12:21:47
4124,3477,1835,Away full great peace available organization table certain my nearly see near specific explain often game spring summer.,2025-11-29 18:03:18
4125,3937,1064,Pattern through change growth conference camera strong unit reveal available firm morning most what single media time away change section.,2025-10-28 19:01:07
4126,6184,1201,Perhaps particular TV.,2025-06-15 20:31:58
4127,3115,593,Somebody up history visit could decision spring public government similar forget have chair six different black box subject.,2025-12-03 12:32:22
4128,5818,340,Town another garden low society week compare themselves tax mouth music.,2025-08-25 06:55:36
4129,4725,418,Conference father kind front house.,2025-03-14 12:06:51
4130,4580,212,Raise bit quite protect marriage future.,2025-06-05 19:48:04
4131,3798,1954,Major grow quality for necessary what wrong industry.,2025-07-17 11:48:13
4132,3351,2000,Child agency nothing network agreement try unit their financial standard source soldier white color same size safe writer bring realize send.,2025-07-07 00:34:16
4133,5157,1931,Turn name agreement store during need financial truth without someone raise the.,2025-09-26 23:27:42
4134,1677,753,Land claim too beyond friend add ask short old money recognize field drug with low west popular should describe experience.,2025-12-08 22:26:02
4135,4073,472,White media energy bring street chair girl let.,2025-01-08 20:52:33
4136,1286,1360,Interview land tonight employee exactly by near structure person gun list six north remain professor later dream shake assume.,2025-04-29 04:29:57
4137,2791,1374,Top her item maintain quite help their where another someone field citizen myself.,2025-04-19 13:20:07
4138,5874,924,College door success child current police.,2025-05-08 21:53:51
4139,2209,1230,Partner morning vote indicate view chair have avoid travel.,2025-08-05 06:14:08
4140,3096,1303,Different people national middle benefit.,2025-10-12 16:22:18
4141,4446,1451,Contain much message strategy money take discover them end image environment sea statement cup power enough medical argue study require book dark child past college.,2025-07-25 21:10:05
4142,5397,127,Off my sea building two usually push forward store environment effort word even election executive politics forward hit.,2025-08-20 11:10:29
4143,2210,1433,Know big their feeling.,2025-11-18 02:52:41
4144,1649,697,Agency trouble organization pull.,2025-09-05 00:57:23
4145,6275,332,Too add institution hundred hard would record agree form.,2025-12-17 02:41:13
4146,4215,1507,Democrat major democratic seem future physical cup Republican test ahead.,2025-07-22 02:40:31
4147,5235,1806,Director sound world follow and property Congress join.,2025-03-03 14:13:18
4148,1068,1217,Lay community treat entire top charge total view reach try fact late avoid keep pass what somebody he.,2025-11-09 06:04:26
4149,4756,1289,Example hour join wear head eight beautiful choose heavy deal top media food wife building serious wear factor woman.,2025-01-22 21:36:08
4150,1606,116,Bill agent social seek class success federal color sure few among bank.,2025-11-15 20:00:15
4151,5027,396,Voice campaign total job cause.,2025-05-01 11:58:06
4152,4617,886,Surface piece us.,2025-08-10 13:59:30
4153,5085,319,Majority practice look measure knowledge hit.,2025-09-08 07:27:49
4154,1727,638,Imagine worry speech thousand question performance it city performance production always player rate sister weight she reality operation wall floor nature.,2025-04-29 00:42:46
4155,4828,640,Able player mention summer wall choose.,2025-08-31 20:08:10
4156,4989,2069,Vote personal management leg.,2025-04-23 06:35:20
4157,5368,2033,Stage next project prove either suddenly half recent save try material view then must instead able protect middle TV.,2025-06-25 08:47:58
4158,3394,243,Relationship concern issue throw bed stop suddenly station clear throughout require east section.,2025-06-20 21:29:51
4159,4593,1508,Now think them save explain of church between capital message full.,2025-01-09 04:42:18
4160,2577,1185,College eight meeting prevent later little including weight suffer professor many onto cultural behavior enter case by cup training.,2025-11-04 02:10:15
4161,803,414,Against officer pass cause receive rate wall project idea attention decision west blue.,2025-11-29 17:11:12
4162,725,1589,Student per dark issue star.,2025-11-08 22:55:43
4163,3544,1297,Understand side five son management detail give speak thing culture identify address science establish many manage.,2025-07-03 15:13:46
4164,2730,322,Rule activity clearly clear health report foot subject unit day every sister improve game.,2025-09-02 23:04:45
4165,587,1821,Industry speak kid reality catch particularly talk note however.,2025-05-14 08:33:07
4166,3241,1387,Make customer shoulder then real lose resource tend oil far prepare year simply remember speak beautiful small yeah might focus.,2025-06-15 17:28:13
4167,3582,1834,Billion color everybody provide view daughter meet store race yourself late type phone which this seven operation.,2025-08-31 04:58:25
4168,739,143,War tend better usually wear it push treat sea music together information quality contain trial wonder think building.,2025-11-01 21:17:12
4169,5775,977,Establish unit how rate such catch security billion high doctor around western find.,2025-07-14 22:58:14
4170,4471,536,Middle tough artist training sister well other whom one stand citizen support benefit win material music any single protect into music.,2025-05-31 02:15:49
4171,5194,1296,Next listen million middle various.,2025-12-15 18:35:37
4172,5431,563,Happen thank feeling however run everyone position why must spend rule indeed up positive fear quickly.,2025-03-11 06:07:50
4173,1745,1316,Let call call.,2025-09-04 23:07:17
4174,6275,413,Second beautiful here today sell.,2025-12-15 01:55:13
4175,6185,1261,Million along together loss oil know fact article hand accept industry indicate machine physical responsibility task language likely always if situation edge.,2025-10-04 03:47:49
4176,650,383,Show inside while up sign could record sell every street PM dream recent party law fall college quite letter enter budget.,2025-05-07 03:44:43
4177,3962,1119,Bar central strong hundred cost various our.,2025-03-06 07:09:56
4178,3028,1436,Would body wear pay matter radio throughout buy.,2025-07-01 16:57:02
4179,1880,1766,Show piece security.,2025-06-30 23:12:04
4180,1572,1661,Even arm carry realize management eat four teacher us thus use.,2025-01-14 15:37:13
4181,2422,1396,Position hundred future receive worry.,2025-11-05 00:50:42
4182,2296,611,Condition it sister ahead.,2025-11-08 14:55:32
4183,5515,599,Face whom turn push edge receive season heavy standard cultural left.,2025-08-18 12:38:41
4184,2656,612,State teach minute space follow party appear staff because form skin red present big church want face weight note half.,2025-06-23 09:50:47
4185,4875,127,Pay during collection network cut market catch guy north life sign animal all.,2025-08-26 08:45:22
4186,3029,502,Concern my half nature theory participant agent safe indicate southern true.,2025-09-17 14:51:11
4187,4719,415,Almost suffer stop still piece body allow record between road.,2025-03-07 18:02:36
4188,3915,1959,Education only radio claim yes ago feel hour case this score real never brother energy practice.,2025-06-12 15:04:09
4189,3891,1632,Life policy east teacher leave probably issue economy total hundred watch effort particular game let score.,2025-08-22 00:13:37
4190,5037,1566,Ten store hear specific figure PM treatment list executive throw suddenly form natural be sister hospital dinner last environmental skin use.,2025-08-22 10:33:49
4191,5057,1986,Right cell scene cover hold yes with herself.,2025-06-22 20:39:38
4192,4961,1805,Fish Democrat cover radio decide doctor always baby history whose conference hear range often mind large present appear low television five these.,2025-12-11 15:25:01
4193,936,744,Human yeah look sell somebody society sort court spring position choose.,2025-07-19 15:01:47
4194,2310,1629,Sound activity science Republican in space follow policy increase last himself play over.,2025-01-22 18:08:43
4195,4220,1402,Now tough method receive agree two.,2025-08-27 16:36:11
4196,4440,1560,Act successful describe almost unit painting fish watch question.,2025-07-04 19:11:25
4197,5573,319,Use indeed write yes exist within effect opportunity might father father but green seek.,2025-09-24 16:49:39
4198,4846,1753,Later last sea make design leg.,2025-06-12 19:59:15
4199,3348,1400,Front employee cut lose.,2025-04-02 04:53:39
4200,2917,290,Policy follow peace simple management this finish best field serious check begin level.,2025-10-06 08:33:36
4201,2569,173,Area executive cost plant several.,2025-06-13 12:51:01
4202,3832,1828,Mr tough seek term whole shoulder public yourself.,2025-07-21 16:16:30
4203,3741,1234,Perform meeting down road behavior eat prevent training down spring reveal.,2025-10-25 05:02:46
4204,2880,1467,Exactly behind foot him single carry still level management herself dark rule simple image itself enter phone health relate program.,2025-10-30 06:10:13
4205,2425,1503,Behind big that direction south thing she major quality because continue class true place effort field send artist.,2025-10-26 14:16:39
4206,2301,1117,Almost name next her toward leg hotel peace go heavy type ability wide American success family glass him money.,2025-08-02 03:42:42
4207,4052,1922,Ok high wrong home wear home organization for consumer rate anything then reach.,2025-05-27 03:33:30
4208,5565,1458,Six college as light possible ball method what.,2025-08-06 19:30:45
4209,2758,1734,Spring statement night president including arrive nation.,2025-01-08 08:15:37
4210,2409,310,Instead year we evening strong body rest majority south certainly generation minute recently mother.,2025-08-28 06:16:58
4211,1983,2092,Including history others cultural animal light grow bed really least evidence phone generation more figure capital east.,2025-08-15 03:22:55
4212,4681,1424,Pm remain these mission health or include yard year score.,2025-01-03 20:07:14
4213,4814,740,Either town church reflect rather back ahead what spend blue loss.,2025-05-23 23:45:18
4214,1813,928,Together surface entire new claim character however reflect deal by agreement fight full suddenly shake.,2025-09-07 18:32:39
4215,6336,1451,Add candidate southern central light have discuss apply father memory much make paper finally want degree artist mother.,2025-05-24 21:56:40
4216,2193,839,Opportunity value threat modern area.,2025-04-21 22:56:45
4217,5661,504,Tend happy just direction scene chair site off cause whatever wind fall image.,2025-09-20 18:08:00
4218,4031,2038,Hotel hospital cause south care design also audience financial exactly last wife feeling.,2025-04-05 21:11:34
4219,540,693,Role manager agree say short environment thus character those nor but argue report win southern effort.,2025-10-03 19:56:35
4220,2038,1801,Soon meeting drive teach glass budget tonight product small society include health fight adult.,2025-05-12 01:27:39
4221,4151,565,Clear front information trade none tree provide consumer opportunity let.,2025-06-08 06:08:36
4222,4454,1350,Cause computer product still plant of data pay already girl southern worker yes general.,2025-10-16 00:56:33
4223,5068,810,Fall pass director reach film seven attention chair window authority.,2025-07-24 17:06:02
4224,5959,1767,Seat development really security pass environment born state conference decision success right manage have.,2025-07-10 12:39:03
4225,5920,1400,Run how blood film government campaign plant doctor toward everyone choice character believe serve from wrong.,2025-06-13 22:36:13
4226,6204,724,Big thousand policy theory role successful.,2025-04-28 18:51:37
4227,4824,661,Ready wish important fund player what.,2025-02-06 01:28:43
4228,4200,411,Expect computer matter better pay form perhaps truth modern position treat skill himself staff through cover range woman consumer.,2025-05-14 16:21:19
4229,1355,935,National hospital none boy better soldier develop race value just if activity value laugh help each.,2025-08-11 08:44:57
4230,4099,1759,South serious throughout buy data process.,2025-08-23 13:54:44
4231,3653,598,Director service method race respond also suddenly strong agent however kid street energy.,2025-09-22 04:27:54
4232,2651,277,Wish community among soldier experience all trade.,2025-11-15 00:32:24
4233,5394,742,Sure baby media oil mission teach suffer spring.,2025-09-29 07:46:06
4234,5293,359,Image him believe attention old only much vote blue employee threat our can travel will important activity eight.,2025-09-01 13:10:39
4235,1356,1153,Music trouble painting issue bad might soldier nothing city wrong scene decision peace place determine worry election nice everyone defense paper base though.,2025-07-27 14:15:30
4236,2441,113,Light return we explain firm.,2025-05-01 06:44:43
4237,3990,1474,Loss war Democrat before option across garden event lead pull she wide hot subject weight.,2025-10-05 17:58:45
4238,893,1468,Appear by reality best woman physical property relate fly let arm.,2025-08-31 21:47:17
4239,2564,724,Issue edge surface popular magazine drop board body there green threat source drive before cover father price.,2025-07-22 19:18:20
4240,3166,1109,Within do image blood finally drop page exist section perhaps music at after evidence feeling everybody so.,2025-07-19 02:54:04
4241,1969,837,Will expect your grow employee itself rise upon society message.,2025-08-29 22:27:45
4242,5522,2027,Out fill well poor explain girl.,2025-05-30 02:50:24
4243,3610,257,Teacher both lead herself good meeting establish up protect its.,2025-10-20 18:37:26
4244,4384,972,Area past allow citizen while success lead series remember.,2025-08-29 16:11:28
4245,560,513,Increase though film least myself partner red health democratic.,2025-11-16 08:52:11
4246,1088,241,Allow bring goal.,2025-08-23 01:18:14
4247,5568,1276,Foot image create give throughout if former here nor sing week wonder.,2025-10-03 08:54:23
4248,4448,2061,Poor style unit generation artist player part building white piece radio message former same radio exactly foreign mission.,2025-07-19 02:27:09
4249,3325,835,While unit Republican to thank there kid.,2025-05-26 13:36:12
4250,2792,1435,Note company apply so send just easy west get we think anyone.,2025-05-22 10:08:09
4251,3178,1212,Organization dog middle husband wide detail general important owner reflect prevent evening call talk write those book artist Congress Democrat activity.,2025-08-01 18:09:52
4252,2243,2058,Modern share serve sure base father hundred give city daughter clearly action brother behind six about.,2025-04-22 09:37:04
4253,1933,1588,Water compare interest media fish.,2025-06-03 09:56:02
4254,4740,595,Performance wear nation case.,2025-10-06 01:08:33
4255,3635,1185,Knowledge our ago drug resource do mission player would seek agent.,2025-06-28 13:55:34
4256,4338,1436,Example take effort begin west recent.,2025-02-12 18:23:23
4257,5371,2001,Nearly population indicate space item.,2025-10-26 02:01:14
4258,3054,665,He measure southern trouble clear agent heavy fire ever across I help that.,2025-07-24 14:45:23
4259,3289,1458,Public animal participant face.,2025-05-23 16:15:21
4260,3594,833,System now possible whose agree painting.,2025-06-09 06:03:03
4261,6023,1148,Specific ability deep teach trade available sure product.,2025-07-07 08:34:50
4262,4705,209,Garden scientist choose store market what.,2025-11-04 10:46:30
4263,1953,874,Expert deal identify also your step easy result Democrat let but find share doctor among country.,2025-06-02 17:32:34
4264,6354,1036,Why through focus something part before.,2025-09-26 00:01:26
4265,1863,555,Special budget offer station goal call both official sort within she son keep relate situation attention personal father reach trip scene a development fast time.,2025-02-28 19:12:23
4266,5523,637,Reality more visit best carry health.,2025-11-02 20:25:55
4267,1698,1924,Cold evidence watch close visit public.,2025-08-02 02:31:05
4268,3220,1051,Mission firm father east free traditional though he cost stage pass inside box such sure.,2025-11-24 08:04:04
4269,3422,389,He arrive worker affect set professor leader.,2025-07-26 10:37:04
4270,3927,1966,Suffer plan should easy talk cultural money something defense consumer child perhaps change administration.,2025-08-06 19:42:59
4271,2632,2078,Across keep for throw sense manager race rise woman.,2025-12-07 00:02:38
4272,2214,1059,Enough rate arm say might foot fine.,2025-05-28 09:48:19
4273,3001,499,Miss growth discussion reflect across almost onto now others although fill else.,2025-07-04 04:11:49
4274,5535,398,Person effort not indeed decision important painting nice realize view data central finally fact chance together personal best former hotel in election.,2025-05-03 09:54:12
4275,986,227,System marriage course sport although.,2025-10-10 12:43:12
4276,5498,1039,So possible thank sure its admit use analysis indicate they media paper easy though.,2025-05-11 22:55:18
4277,4327,1535,Health region election change decision member minute common market catch little guess west a early decide worker.,2025-02-26 05:43:46
4278,1235,597,Treatment trip industry movement relate share.,2025-08-27 21:32:01
4279,3669,242,Society energy evidence return spring trip ask yet.,2025-09-26 08:42:33
4280,6245,960,Myself investment letter enjoy suddenly nature finish meet ability east bed concern hard.,2025-10-19 04:20:03
4281,6376,1659,Force hear whether fear clear week us risk.,2025-09-10 02:58:07
4282,6220,1913,Miss nearly indeed more kid politics race water camera answer answer page light.,2025-05-11 11:43:07
4283,4007,361,Morning discussion forget social describe occur rock according allow although dream.,2025-06-12 09:46:36
4284,1871,518,Fire order pick feeling still edge price everything case question instead.,2025-10-27 05:33:21
4285,4289,485,First choice industry level too line religious number describe pull special leader rule such nearly enter Congress.,2025-10-27 21:34:26
4286,5196,1953,Paper travel build work pick line song kitchen somebody computer.,2025-03-29 23:45:46
4287,1775,1089,Major either box cultural pay suffer realize tonight out give finish half certain style produce.,2025-10-12 12:17:33
4288,4483,655,Story age step church public half peace probably yet drop bank responsibility name nice wall would service.,2025-01-19 07:53:25
4289,4256,745,Thus measure board garden cell tree election reach research.,2025-02-06 12:02:25
4290,1831,1760,Nature hard experience think serve than general focus take south newspaper challenge back.,2025-05-25 01:13:30
4291,4069,977,Moment soldier protect pay ask try boy management box rest maybe improve phone expert discuss prepare eye person couple sister senior throughout including model identify entire half.,2025-06-27 14:57:30
4292,3842,1030,See seven dream door think.,2025-07-04 19:44:12
4293,2222,261,Send ready our explain Republican in PM never accept forward serve significant.,2025-06-08 00:16:29
4294,1546,560,Bad money thank stock son thousand wish become daughter despite war night most movie pressure base how here nearly already management player note take.,2025-10-12 00:26:23
4295,3420,1692,Democrat beautiful door development think shoulder focus someone subject hot.,2025-09-17 12:51:45
4296,1963,1610,Hear indeed dinner others read also step million oil fire.,2025-11-06 14:20:32
4297,3251,1653,Success society difficult thus beat many child market full leg white lose student sound.,2025-07-17 19:46:56
4298,4220,1179,Lawyer off book concern red final western owner light civil since.,2025-08-26 19:33:11
4299,5567,2088,Pressure standard name on call source music from ok camera election generation public artist.,2025-09-13 06:32:56
4300,5104,409,Truth hear measure several yes resource allow service design approach write despite bank purpose from pull good.,2025-12-07 06:44:11
4301,2846,1856,Operation agency father prepare add light result pretty often.,2025-10-09 00:00:48
4302,3299,1648,Commercial fill top development home behavior must from avoid.,2025-03-19 12:40:10
4303,1917,230,Book fear story least positive environment writer student determine its benefit reduce history pull yard also public kid.,2025-10-19 18:44:30
4304,2104,1718,Chair other crime option benefit season consider trouble close on grow name race become purpose community word activity beautiful one public dog performance.,2025-10-31 06:12:07
4305,3941,2026,Animal ball garden adult result attention right bank agent thank receive military professional professor one somebody perform someone president reveal must.,2025-07-11 15:37:04
4306,4863,1258,Debate page too difference between.,2025-07-18 00:38:00
4307,2596,1075,Air hold explain kind side respond want rate public oil natural.,2025-06-16 20:06:34
4308,3902,1218,Think compare others success knowledge project.,2025-04-08 08:56:22
4309,5944,1741,This reflect training risk any word house tonight simply.,2025-06-15 13:37:16
4310,666,311,Bill push rule do leader very day article agreement age can task.,2025-04-03 14:43:27
4311,2218,319,Ago interesting class hit brother beyond raise contain.,2025-07-12 10:03:57
4312,1291,1322,Need reduce bank soon yet news analysis price.,2025-09-10 20:37:53
4313,1618,828,Successful she question less technology physical conference charge open letter what team.,2025-02-02 00:07:24
4314,1309,2016,Glass imagine about office hand lay leader even what.,2025-11-17 18:46:37
4315,3853,373,History assume there wonder pay religious PM system himself and number pressure wait stand top official hot parent idea ok maybe.,2025-11-11 12:42:08
4316,1546,755,Color anything act contain hot door money deal activity opportunity fact number people natural.,2025-10-10 13:27:23
4317,4390,175,Product become family behavior ball attorney somebody experience them itself single it.,2025-03-26 02:30:09
4318,3137,905,Modern game least beyond let image friend hour laugh reflect party common Mr relate include table establish scientist number task action push necessary window.,2025-08-07 02:32:37
4319,4953,1228,Fear standard will believe court home.,2025-12-11 21:04:38
4320,1143,823,Cell play left age south thus matter find view whole.,2025-06-18 12:11:44
4321,2205,712,Anyone show property after eat believe high here bank experience nearly.,2025-08-02 03:21:41
4322,2104,1506,Crime pretty tend strategy feeling show pressure until on reality I development discuss week husband.,2025-11-01 02:39:07
4323,2058,651,Whom member stand especially stock positive share at black military thus former rather market drive data hot support home adult.,2025-02-16 08:07:01
4324,5504,494,Open certain own author bank smile will service happy create new so series decision society she edge clear expect base baby wide group.,2025-03-19 22:51:45
4325,5110,172,Sound leader maybe soldier store event certain ok guy movie quality cut design not.,2025-10-27 15:28:10
4326,4141,607,Catch local others attorney couple color environmental quality.,2025-10-07 00:10:15
4327,2141,826,Region fall realize matter reveal act hard item part often.,2025-10-16 06:14:19
4328,3292,2081,Yourself large method moment begin must task professor explain book pressure concern paper there crime grow response claim share management.,2025-10-03 01:37:56
4329,4081,1391,Age whatever at weight white work world house bag paper me hit everything pick choice fast home coach back sound choice security.,2025-09-02 02:32:12
4330,555,541,Threat it herself security at bank because leg theory fight money throw three degree letter fight my add arrive moment.,2025-09-26 10:55:47
4331,4019,1295,Political break floor national apply red buy church own glass air.,2025-08-04 00:29:13
4332,620,1362,Along reason your hard cost work TV evidence star mouth determine possible though affect simply after whatever.,2025-05-26 21:55:32
4333,4669,1329,Page work sport television feel reduce later bar weight arm indeed.,2025-10-06 22:31:41
4334,602,995,Never rich next chair culture officer prove practice would assume name sense wait exist.,2025-02-01 14:30:18
4335,5162,1271,Pay social save without little tough week discuss keep issue concern campaign traditional fall low.,2025-07-24 20:53:36
4336,5972,1267,Physical approach movement worker join.,2025-09-30 03:08:35
4337,5642,2087,Method certain order foot minute take team in give kid himself upon picture.,2025-01-20 08:47:56
4338,2736,581,House play claim book role writer bed explain win.,2025-06-05 00:46:01
4339,5404,174,For tough pressure college learn for west generation generation quite safe take.,2025-02-08 08:59:42
4340,2869,332,Majority back happy population detail institution their onto can compare economy finish nothing open reveal hand arrive sort enjoy product pass whom reveal.,2025-11-07 01:19:15
4341,3178,1956,Rise turn second officer bar account.,2025-08-01 17:22:52
4342,4212,516,Hair shake design attention make simple two party soldier fly prepare again.,2025-09-10 17:44:19
4343,4380,1688,Forward some food base interest number remain decide apply head exactly heart question series.,2025-10-14 19:55:10
4344,3846,987,Teacher option stop garden employee public analysis know reason girl beautiful prove resource rise grow eat strong owner consumer difference news.,2025-09-23 18:11:12
4345,4919,536,For technology book continue blood whole sign interest might.,2025-10-12 06:52:49
4346,1229,238,Night clear although to employee next red.,2025-05-13 14:13:19
4347,6336,827,Whom their arrive not campaign quickly.,2025-05-26 05:18:40
4348,2997,1826,Ten work about eight real identify treatment former side teach age describe.,2025-08-20 07:35:46
4349,2194,925,And hair themselves yet development some hold all difference mean medical show put imagine cup collection.,2025-11-16 13:24:06
4350,6107,512,Exactly shoulder laugh deal number voice indicate party.,2025-10-07 01:38:20
4351,650,1115,Fill available including report apply describe Republican.,2025-05-06 05:11:43
4352,5932,1494,Stage man as expert well into.,2025-07-31 23:13:02
4353,5917,777,Field how perform last week hour defense senior when energy owner.,2025-11-12 17:29:06
4354,840,1218,Recently station figure quickly hope guy he human money federal use view executive table herself financial far really.,2025-01-16 01:13:32
4355,4990,1345,Smile poor choice radio election news let enter already fast describe.,2025-02-27 14:45:33
4356,3218,518,Surface space record tell young act several area attack camera can popular.,2025-09-24 09:59:19
4357,1820,1262,Plant quality indicate fight measure growth present wife positive maybe.,2025-07-15 12:53:56
4358,3232,446,Final result stand life opportunity challenge author recently size together message letter enough today Democrat evidence woman.,2025-12-09 14:29:16
4359,6294,1223,Financial bill account energy ever approach somebody too impact add friend want age program memory may past live which talk reach reason.,2025-07-25 20:37:49
4360,872,2085,Watch space sense say assume benefit.,2025-05-31 16:40:08
4361,5617,1230,No man too language cover study.,2025-10-27 10:26:28
4362,6088,1277,Piece standard remember game great picture then bring.,2025-08-19 21:08:01
4363,3097,1627,Receive town throughout wrong stay.,2025-06-05 14:12:29
4364,2891,223,Sit big challenge smile attention material big goal happen build environmental weight suffer actually.,2025-10-06 19:57:22
4365,617,596,Board return catch seven peace production modern challenge trip.,2025-05-06 17:42:07
4366,4426,431,Where example begin serve hope record we nature available majority time difficult history off point civil author already agreement increase raise.,2025-09-23 09:36:26
4367,2296,248,Your interview eight who than forget spring around that key wait.,2025-11-07 23:21:32
4368,1908,1027,You place whether year expert across there consider manager.,2025-10-01 17:45:32
4369,3124,549,Attack land popular season vote about race help rise call.,2025-09-05 12:11:35
4370,2838,2001,Size save country threat institution seat subject threat next doctor full.,2025-04-15 00:23:36
4371,608,620,Attention current respond drug system.,2025-01-15 18:33:31
4372,4899,680,Military onto sister risk even above spend politics receive.,2025-06-10 07:50:33
4373,1633,2003,Bring dog white age then same claim ball game administration final kind forward pass child produce myself style let church modern certain.,2025-04-25 03:16:19
4374,4825,1382,Left stop foot television standard recently product perform third candidate but significant little.,2025-11-13 15:38:38
4375,4205,1131,Perform ever recently many top himself.,2025-02-16 01:32:01
4376,657,1427,Class western computer decade sport participant.,2025-04-20 17:54:15
4377,1856,1676,Look science clear after son risk base source collection develop number.,2025-02-15 02:12:11
4378,3694,1910,Military center history certain customer hot language account.,2025-03-12 11:48:43
4379,4899,1100,However lose hot.,2025-06-07 14:12:33
4380,1823,1825,Name accept ball use remain memory stuff example possible despite officer anything food picture financial last into across drop follow foreign scientist probably.,2025-08-15 14:55:59
4381,5309,992,Change interview amount pay certainly if successful throughout film alone the role down available tough.,2025-11-19 11:48:38
4382,3433,1802,Those meeting bag arm owner special can tax wide poor cold gas officer color memory mention several spring garden.,2025-09-05 06:42:49
4383,5602,800,Job finish sport action few prove.,2025-11-02 15:04:16
4384,2432,378,Mrs film thousand series process lot machine player season able beat worry.,2025-04-17 15:17:24
4385,2170,1071,Lawyer over actually.,2025-11-01 19:57:17
4386,4854,1940,Word free structure determine serve meeting song pass store call nice.,2025-09-18 01:12:45
4387,4332,808,Inside PM partner cut final try list thank eat difference short letter maybe way fall true should ground door include record.,2025-03-28 02:04:05
4388,1976,1057,Right surface event institution whatever blood.,2025-10-02 20:27:26
4389,4534,336,Write choice thank tough again might here machine themselves instead him.,2025-06-24 11:08:38
4390,2388,116,Sport government one on fall record poor so act we enough hundred.,2025-06-10 00:44:42
4391,2027,1279,Discussion early place program develop see west pick analysis education how morning bit able many performance seat reveal candidate stage visit I note book personal.,2025-08-27 04:00:37
4392,2726,1977,Economy through east mission.,2025-03-04 07:15:32
4393,2064,244,Forward with move ground wait possible break hard choice.,2025-05-02 16:27:12
4394,3423,1131,Thank forget kid far brother thus across.,2025-01-23 00:24:56
4395,5499,1638,One form improve hand customer grow the anything own dinner reason leader decision.,2025-08-09 00:28:27
4396,1794,986,Professor loss worry table air necessary catch apply imagine senior use car knowledge.,2025-11-06 22:23:43
4397,1212,535,Or glass five American network.,2025-11-08 00:18:26
4398,5358,161,Tv some local point suggest meet center government parent three concern almost herself include speak.,2025-09-07 22:40:38
4399,5760,1517,Especially develop general total event after time.,2025-02-06 17:03:40
4400,2522,881,Whose front someone onto race section order teach hot phone.,2025-03-28 04:33:38
4401,2106,877,Past address no artist benefit simple figure information ahead picture act he prove really argue plant fine some look way minute production.,2025-07-05 03:57:31
4402,4565,727,Middle name myself fish current very summer shoulder eat thus value fall mention sometimes.,2025-09-13 06:45:02
4403,6283,1630,Nor between rich feel provide impact lead management with among toward.,2025-05-10 14:31:41
4404,3161,1646,Small allow popular list large push her group customer beautiful use.,2025-09-20 01:02:55
4405,2242,1507,Bring read necessary push yourself stand owner marriage former age.,2025-04-11 21:49:23
4406,3030,1586,Paper late eight debate rule remember event.,2025-09-17 00:05:35
4407,6372,1355,Degree others science wish stop resource true quite bag type.,2025-09-24 10:21:25
4408,6333,933,Account natural position end prevent prove program glass group shoulder standard network management significant read.,2025-07-18 04:43:26
4409,4090,592,Fine explain central coach see open cell course need real.,2025-04-05 20:25:14
4410,3339,1345,Your same style treatment onto single development base happy century technology with deep.,2025-09-08 02:18:17
4411,502,703,Next color work federal possible.,2025-06-06 07:31:34
4412,4049,502,Themselves television worker suddenly sister detail here.,2025-06-29 20:56:07
4413,3150,732,Feeling feel follow visit wind until sometimes the ahead.,2025-05-19 22:44:06
4414,4271,1910,Participant better TV newspaper general act listen free cause upon collection agree important general most change safe PM tell night stock take travel.,2025-08-03 19:03:40
4415,3237,504,Trade law language yet left leader better second health above bill.,2025-11-29 13:06:33
4416,4576,1433,Pretty together process civil resource bring vote simple vote street table.,2025-10-23 12:04:37
4417,5179,1873,Such information eat stay on.,2025-06-21 03:02:35
4418,6036,2043,Upon list garden own compare when general produce vote drop think especially oil note stage artist plant activity support example big.,2025-01-19 08:36:45
4419,2147,2014,Operation perhaps share thus surface pressure doctor contain beat camera exist sport both during increase.,2025-10-29 22:59:13
4420,1870,1596,Security partner scene job.,2025-08-27 22:51:08
4421,2036,2040,Real reality wonder but those blood more throughout past woman many economic poor including allow matter.,2025-12-16 10:26:35
4422,6106,516,Stop sort down notice ready throughout what arm forget worry care wide everybody experience stock though.,2025-12-10 00:55:54
4423,4485,2035,Miss table general report sea sit nearly shake seven market television somebody let factor center cut white movie mean need professional record point oil information indeed.,2025-09-21 22:50:15
4424,5507,1450,Far same garden begin reveal president into level remember mean cut thing.,2025-03-30 11:12:31
4425,3694,1999,Writer themselves general like during wrong herself people room record.,2025-03-13 08:26:43
4426,3666,1553,Road play everything media without note sea.,2025-09-20 00:03:40
4427,540,1516,Pretty cell describe event threat huge arrive hold west.,2025-10-06 04:29:35
4428,2189,1360,Gas price difficult attack society nor story charge here.,2025-10-10 01:43:58
4429,1276,451,Remain include option buy later conference administration practice city instead it partner case sound real any small special score wall this author.,2025-06-06 04:23:42
4430,5959,1335,Lay air behavior clear add raise million it marriage identify music economic eight win final camera attention western design rest guess.,2025-07-10 03:47:03
4431,1078,680,Say choose particular week child people thing none war.,2025-02-04 05:08:33
4432,4925,1605,Let produce law at information need senior series around leave might sometimes there audience when radio letter study meet stage various.,2025-01-15 12:40:36
4433,3406,2097,Could cost strategy personal mind push indeed magazine reason soon face which information tax card the federal.,2025-10-04 17:28:24
4434,841,680,Opportunity mouth two feeling commercial head will great sea animal professor your.,2025-10-01 03:41:57
4435,6162,1778,According away turn center effect care husband represent drug new whatever she sing.,2025-08-18 15:38:16
4436,4723,423,Audience sister chance talk matter should chance whatever give attention woman be yourself body down travel major.,2025-10-09 10:21:39
4437,5140,247,Read box level carry what treat between program size grow throughout head figure attorney away camera agency.,2025-07-28 05:49:27
4438,1194,1972,Heavy nature exist fall above do mother nor resource benefit choice seem here adult three on education special everybody myself pretty standard commercial.,2025-10-09 18:58:31
4439,3634,855,Need avoid space appear sort glass husband available specific voice.,2025-05-22 22:12:43
4440,5585,1599,Must perform rather star record democratic class business into difference office where detail seek daughter series my security remain.,2025-01-24 06:46:03
4441,4202,1966,Back move stage war minute rather agreement indeed walk assume choice education.,2025-10-11 18:41:54
4442,855,492,Reality fine fly amount whether.,2025-07-19 04:36:50
4443,6263,685,Trial message identify throw product record pick grow miss decade commercial image see they even.,2025-11-26 10:07:19
4444,6474,246,Hotel modern because blood week section than.,2025-01-13 11:37:19
4445,2008,536,Situation win they.,2025-06-19 00:07:08
4446,5825,1889,World answer whatever scientist piece recognize necessary fly son media news culture.,2025-04-05 00:48:17
4447,5731,1539,World finally answer finally member stay today race from either.,2025-06-23 05:53:05
4448,6188,1383,Eat bad final tell Congress let low beyond country.,2025-08-07 05:03:12
4449,789,504,Nice body audience specific wall black response happy.,2025-03-29 16:39:09
4450,2177,1234,Work ready home onto all bank seven.,2025-10-18 11:47:22
4451,2324,1365,Anyone training save past day Mrs feel red ready around worry approach realize design task evening however especially join more audience.,2025-03-03 19:28:32
4452,1054,2061,Brother impact see fish without must arm research everything.,2025-05-08 14:18:32
4453,5633,1294,Doctor coach quality record leg us bank ready gas alone garden just cause her economy.,2025-10-31 21:00:06
4454,4347,1209,Paper last and total officer same partner concern hear research your off local early care student Republican mean pay suffer already right future.,2025-01-23 17:45:56
4455,5429,1059,Resource itself cost audience able stuff until develop at director purpose night also why inside claim interview.,2025-08-15 11:55:21
4456,4085,421,Join design remember responsibility player local nor task represent smile guy head.,2025-02-26 14:12:24
4457,3708,1563,Child those tell leader box event attention account authority standard now put.,2025-10-07 15:17:47
4458,1994,885,Series will green have kind sport others increase black land raise PM when sell cultural red public necessary list chair similar.,2025-07-16 01:18:33
4459,3196,1506,Upon weight network role level task seem beat key question kid might get collection wall drop.,2025-04-17 18:20:16
4460,4670,655,Six this where everything wait let officer.,2025-11-07 15:19:36
4461,694,1780,Would charge eye team focus board.,2025-05-31 12:37:40
4462,3631,1485,Bad eat bag discuss culture like agree simply seem next attention.,2025-04-19 02:34:36
4463,5137,1304,Believe drive everything end pressure sure scene wear dog market visit.,2025-05-17 07:18:07
4464,1657,1309,Far stage picture color my four organization.,2025-08-09 23:44:23
4465,1016,110,Song ten continue best police treatment hair senior party daughter.,2025-09-08 04:19:38
4466,2447,1299,Understand better choose environmental special the everything whose.,2025-04-13 15:38:32
4467,2873,1545,Main decision trial style fire cup together return size mother.,2025-10-30 12:20:26
4468,1119,998,Middle quite month little hospital each game manage product benefit send camera large most set chance various assume.,2025-10-10 12:47:10
4469,2542,1382,Go member to story although face establish policy pattern.,2025-11-29 08:26:19
4470,511,2050,Less treat prove attention usually animal red push career care.,2025-12-16 13:54:52
4471,5182,1878,Friend rate push pass black area whatever sea energy tree collection information heart over.,2025-12-16 17:38:53
4472,2818,450,Just hair ball piece experience test behavior ok race wife music parent husband season hand.,2025-11-15 06:46:15
4473,1294,441,State check final.,2025-06-20 02:56:37
4474,1664,2100,Enjoy she sure floor executive citizen international find citizen stuff suddenly general would just yard several body sell.,2025-04-06 07:24:27
4475,1414,278,Summer involve drug explain high left either score bill PM late reduce like become health single.,2025-06-08 01:36:20
4476,5349,2070,Worker item appear tell program yard and professor assume room sure respond.,2025-10-23 23:22:00
4477,1966,1165,Best enough person evening second water prepare whom never less result hope range drug including.,2025-08-23 01:28:24
4478,1440,1435,Week stock tree power none suffer interesting until impact democratic end as industry office either issue dog class do.,2025-04-02 12:27:10
4479,2406,313,Parent ball fly actually reason task start enter result generation machine customer issue their.,2025-10-26 18:35:29
4480,4515,1608,Series ago approach president much social walk one soon cup start house chance north point commercial.,2025-06-26 21:05:54
4481,4455,257,President act one surface edge house behavior.,2025-08-14 19:37:35
4482,2490,426,Either organization leg result decide significant front beyond some use word pick mother.,2025-11-15 14:06:59
4483,3895,1331,Development special education science news allow respond yeah room prevent no go training whether.,2025-06-02 21:58:15
4484,1501,838,Bill recently media officer beautiful whether almost enough manage year newspaper outside picture minute.,2025-01-19 18:32:28
4485,4813,984,Tonight right ten buy require maintain toward Mr responsibility truth season occur also many.,2025-01-21 14:26:43
4486,3080,1737,Name election level one.,2025-11-16 13:31:54
4487,3870,670,Wish whatever me glass accept however stock base enough thousand task fire type by group result seven learn trouble foot which.,2025-10-14 04:37:53
4488,3864,1751,Land which have their local social leave contain finish reach whose control impact scientist team without letter effect within true top.,2025-04-15 10:42:42
4489,1372,1503,Memory great mind teach power miss.,2025-07-30 13:33:27
4490,1324,465,Development former movie help dog party let water class husband.,2025-10-25 13:50:02
4491,3273,1992,Matter detail much woman want right risk way half her stay nearly understand must main senior wait every.,2025-03-29 17:19:04
4492,6113,1229,Military life woman court remain heavy truth box place billion increase many plant fear raise per month.,2025-04-11 15:51:05
4493,4807,1793,Up music through source garden both structure.,2025-06-05 14:53:45
4494,1269,370,Technology mother institution particular recent much risk worker wish education study project.,2025-04-23 07:39:19
4495,3537,1399,Claim red hard quite experience never everything individual fall back state space future able across contain send piece face.,2025-10-25 03:52:09
4496,4673,131,Serious standard big local never.,2025-11-05 20:50:25
4497,2718,333,My debate raise first today model physical decade yard people machine everything.,2025-04-15 08:08:54
4498,6180,567,Son during owner cup middle over thank page note.,2025-08-13 14:54:59
4499,3770,910,Degree lot pull town serve election.,2025-11-03 21:25:01
4500,1671,1249,Job size our organization threat majority allow commercial.,2025-06-01 16:30:15
4501,4295,1237,School doctor somebody four bit miss property enjoy or research industry middle speak finally though life need.,2025-12-03 01:32:57
4502,4339,1719,Religious whatever money toward fund buy type yet cup success stage catch significant officer soon word it role imagine cover although quite pull well.,2025-05-04 00:00:20
4503,1235,1361,Blue western consumer whole daughter idea leader act.,2025-08-28 20:42:01
4504,4857,1472,Number college mention letter culture assume when on people condition thank relationship court suddenly design.,2025-11-01 14:42:31
4505,875,126,Dream election team product discuss red end.,2025-10-30 23:47:27
4506,4386,1385,Must prove chance.,2025-05-29 05:01:23
4507,2014,2029,Professor next boy discussion throw house model design.,2025-02-24 14:00:47
4508,2266,1528,Build success stock good soon history certainly rich these side program break table kid.,2025-11-29 21:24:38
4509,4688,1915,Small happen where heavy meet range throughout.,2025-08-18 03:42:32
4510,2965,662,Particular himself manage friend mind leader player one within sea pressure add middle good discover ground.,2025-10-14 19:50:18
4511,3033,1191,Make left that knowledge trade democratic hold high civil better eight response face think particularly.,2025-08-27 20:38:54
4512,1702,946,Season tend international every reflect end manager church as read recent box blue foreign condition.,2025-11-14 12:44:18
4513,2961,1638,Rule piece box enjoy major.,2025-09-12 04:38:17
4514,675,1025,Garden bill word that own stay find always activity agreement whether bag whatever new our church affect campaign hope that.,2025-05-24 13:48:15
4515,4809,564,Join mention thousand country crime fund young minute work trial professional paper box realize the.,2025-06-08 23:33:36
4516,2768,630,After onto someone consumer develop care leader push example.,2025-07-13 10:34:16
4517,5567,278,Natural best mouth moment exactly wonder guess close view live including together open student.,2025-09-13 01:41:56
4518,5658,1008,We threat character out magazine range rich picture amount option foot surface our.,2025-07-31 00:07:48
4519,3697,893,Support commercial find plan heavy fact left specific them so skin.,2025-09-11 12:42:39
4520,3677,1240,Little nation thing cold goal ahead inside memory.,2025-08-27 12:25:30
4521,3890,1203,Hard already seven least final simply skin draw.,2025-06-20 18:25:25
4522,5751,1328,Important support task science color turn will political PM recognize most agree morning.,2025-02-09 11:49:54
4523,1537,1172,Call consumer tough mother understand challenge TV onto.,2025-06-28 16:59:03
4524,4694,1276,Easy like home risk fish certain everyone democratic ability participant onto move east find us.,2025-06-02 16:43:24
4525,5451,676,Tv opportunity then major child Mrs organization his step.,2025-03-29 02:15:23
4526,2598,1001,Describe so yard his garden American science live skin ten.,2025-07-10 21:21:43
4527,3033,451,Want information already song try discuss.,2025-08-28 06:38:54
4528,2323,1848,Him staff paper PM central western ground agreement.,2025-07-02 07:31:11
4529,5826,153,Floor sport build walk forward.,2025-03-24 18:20:37
4530,3844,2084,Clear deal once member message on source window later suggest media authority while view TV year person.,2025-06-21 10:41:52
4531,5286,2050,Fill try there American particular himself follow want heavy hot.,2025-09-26 18:48:14
4532,4409,1870,Model deep my ok region thing speech cost Congress energy medical third couple.,2025-02-17 11:11:50
4533,1060,229,White young democratic budget although wish peace enter community much live word view truth window whom.,2025-03-27 04:57:10
4534,958,968,Establish draw ready together become often grow kitchen result approach coach figure me somebody response response participant who view.,2025-04-06 03:25:54
4535,2489,305,Land return event actually cut computer figure state likely degree national front experience billion others.,2025-07-12 18:43:05
4536,5045,809,Line down safe produce call enough rule senior training fight hotel.,2025-10-31 01:28:56
4537,6453,1442,Key civil onto lot just leader skin.,2025-06-09 09:02:24
4538,2997,1871,Upon herself traditional special capital effort sister end cold science both born age work interesting maintain hospital relate past.,2025-08-19 13:08:46
4539,6184,1936,Yourself head sing different admit fast sort none.,2025-06-15 10:29:58
4540,3913,887,Nature left enjoy size avoid civil attorney agreement either cover race step.,2025-08-07 19:24:00
4541,1327,910,Good meeting nice general believe test who natural politics alone her agree significant brother.,2025-10-05 08:38:00
4542,3938,1039,Arrive among political social middle real attention have season.,2025-08-05 19:01:00
4543,1182,180,Anything add family good how rest game particular customer minute push drop city economic past fight kitchen every perform body small speak play bed identify value sound.,2025-02-11 05:37:12
4544,648,1446,Any radio on.,2025-04-09 21:49:47
4545,6174,1673,Run east task break maintain summer conference laugh.,2025-10-18 10:13:37
4546,3509,1393,Yeah by certainly effect site strong first once discover occur.,2025-08-18 20:50:23
4547,3853,1885,Head way throw example here himself practice position money.,2025-11-09 10:48:08
4548,1625,261,Perhaps see keep teach we store pattern image single throughout security forget couple.,2025-11-17 23:39:53
4549,732,1835,Blood including hand talk many worry situation enter tend live want team glass.,2025-11-06 19:07:20
4550,2037,1344,Rather space degree produce like thousand important make mention pull ask.,2025-07-10 08:21:48
4551,4887,956,Would age fill experience government memory.,2025-03-26 22:26:43
4552,4629,1471,Power charge later marriage force reason as risk make cup.,2025-07-09 11:06:43
4553,583,674,Town buy point event audience week.,2025-05-03 06:12:36
4554,1820,1463,A machine address poor possible account mission imagine firm agent heavy keep structure whatever recently oil report magazine word defense close feel value who.,2025-07-16 19:32:56
4555,4926,1793,Case provide real ten establish sometimes decide budget miss enjoy per.,2025-07-08 18:29:20
4556,6161,1559,Today future we church my lot per end fine room case.,2025-07-02 10:01:45
4557,2295,1258,Now item send risk positive wall music.,2025-08-30 14:03:53
4558,579,116,Choose improve woman expect debate through.,2025-06-23 20:45:55
4559,2526,1892,Place something event anyone safe town else sit design subject thank approach capital question product finish this his.,2025-03-05 12:01:06
4560,3324,1607,Now enough sing because.,2025-09-13 06:39:15
4561,1369,1894,Difficult camera represent her save author easy structure sign debate land throughout practice owner can.,2025-10-14 23:43:22
4562,4045,404,Face upon enough town picture his million if within rise why your politics heavy bit.,2025-10-31 08:56:26
4563,4188,1478,Perform simple analysis.,2025-10-13 07:36:04
4564,5503,393,Institution wide put so agent daughter down close person finally perhaps accept exactly foreign sign onto paper any common upon.,2025-10-13 03:16:56
4565,5431,901,Paper time writer treatment those describe forget pull mean.,2025-03-12 04:07:50
4566,3736,1693,Teacher side consumer soon contain.,2025-07-07 02:18:57
4567,4730,1169,Drive voice stand thing black despite sound party war at prepare since cultural college wrong chair million two training mention ok believe line.,2025-12-11 23:47:31
4568,2685,485,Onto way anything total us they popular billion hundred full every send adult team hospital measure determine participant difference sound environment generation.,2025-08-07 01:15:03
4569,1591,2044,Join worry any officer school money low send beautiful sport fine nation significant without range about common Congress color young tree amount.,2025-05-20 06:50:39
4570,1152,897,Technology store religious no authority information total page role your over bring fire.,2025-01-14 17:11:30
4571,6004,237,Later none strategy drive way once staff open job hit analysis go store adult such side upon station why figure low factor others everyone wall.,2025-11-14 22:12:32
4572,6312,1325,Air green home talk majority buy white produce we card mission position thousand doctor into for easy agent central work hour.,2025-06-18 12:38:53
4573,6365,1548,Worry beautiful campaign condition yes again study whatever charge newspaper major big produce.,2025-10-13 10:27:01
4574,6016,888,Industry memory way trip pretty think her create chair.,2025-01-21 12:14:40
4575,3429,1207,School chair under away southern sport that hope item front opportunity.,2025-04-27 22:19:54
4576,4923,1476,Specific with outside see bank pass water offer hospital.,2025-11-23 13:25:59
4577,1289,772,Few call dark decision bank final top article rock research would former.,2025-12-11 06:46:32
4578,4143,173,Phone participant allow own either today purpose skin least miss parent physical hear indeed along wait cause cultural foreign.,2025-11-10 00:25:01
4579,813,2096,Among condition nice major your let technology surface them step same cold question.,2025-05-21 22:42:02
4580,3268,760,Enter option language space see some stand organization new treat threat.,2025-09-15 17:36:10
4581,1836,1786,Bar news man participant.,2025-08-28 06:39:51
4582,4953,1880,Wear personal whose leave too director still message position exactly staff throughout.,2025-12-11 10:24:38
4583,4121,1566,Medical kitchen country think language show teach read message term.,2025-11-22 11:47:31
4584,705,1276,Behavior couple goal wind although exactly drug fall majority.,2025-10-24 23:36:38
4585,5227,228,Bank hot compare compare recent cup discuss campaign against source break century poor certainly side factor.,2025-11-15 19:56:24
4586,2781,712,Your thought hotel air subject major official court hold market general social apply.,2025-06-28 09:20:00
4587,680,1813,Stock member particularly action week whom pretty financial world of say help yes step water movement choice medical.,2025-11-22 06:29:05
4588,2236,1631,Whole school former box ground imagine fly bad.,2025-10-26 18:32:39
4589,4972,254,Provide share message society bag these black middle.,2025-06-27 15:22:16
4590,637,739,Analysis live daughter clearly four head body cover evidence fire large speak particular ten hair task him forget assume eight toward.,2025-09-04 03:07:19
4591,4866,502,Take he section last once doctor rich wind too dinner involve ago main rate analysis cup want risk reduce through law.,2025-04-20 07:03:53
4592,4105,542,Wonder level upon present beautiful lawyer purpose public wide doctor believe idea various television control.,2025-09-20 17:45:10
4593,5933,566,Structure husband television before page single office short system spring return morning safe.,2025-04-11 20:18:09
4594,889,124,Dinner home water employee single base partner without certainly within.,2025-08-18 23:03:12
4595,3006,735,Not market beyond people appear pretty hand number join idea tonight relate defense indeed behind although benefit red require.,2025-06-30 10:43:16
4596,5869,1950,How total scene second recently effect miss war past contain practice management.,2025-02-15 22:04:51
4597,1964,2029,One add billion instead everybody carry cold.,2025-08-19 15:50:00
4598,5365,893,Everyone room son enter mother occur future view work three everything sense exist choose him week.,2025-05-12 09:22:54
4599,1334,1571,Several work million system be say anything itself my specific care realize successful trial.,2025-02-14 12:49:13
4600,969,1260,Security white send will hope citizen.,2025-09-03 16:13:46
4601,5194,1883,Edge mouth thank us protect whom together community change.,2025-12-15 12:04:37
4602,3751,1054,Rock camera hundred particular course us.,2025-06-23 07:13:12
4603,5389,290,Toward how line key.,2025-03-21 07:54:37
4604,2265,928,Near bar hot plant once poor authority consider order official occur participant.,2025-10-21 19:15:53
4605,3110,373,Toward all according floor ten both usually.,2025-08-07 22:51:47
4606,965,1382,Everybody yourself here.,2025-07-26 22:41:12
4607,1668,1030,Us yes even clear source what particularly thus character turn could individual good detail single morning.,2025-06-29 02:17:51
4608,3561,213,Well laugh social south language beat quickly between such career under church you tough peace laugh.,2025-12-15 00:08:24
4609,2940,974,Want put customer out me during position other country mind house yet meet rich wrong interest only must special agency environment social.,2025-11-15 02:55:26
4610,6070,867,Degree fund pressure thousand tonight poor late word chance test southern information dream skill party right mind after story bring seek offer wrong last kind season.,2025-09-25 00:29:38
4611,1782,417,Wrong other remain individual break while practice send budget break police light.,2025-05-12 13:42:33
4612,679,754,World the former indeed improve town heavy season me hold him under response.,2025-05-05 14:10:37
4613,5099,145,Order change middle story born leave phone leg shoulder writer stand anything very around common.,2025-10-18 04:33:05
4614,2089,1625,He job simple reveal write million just day southern cold artist.,2025-11-19 13:28:38
4615,5760,1539,Security kind look way skin.,2025-02-04 21:09:40
4616,5949,1476,Concern himself sit deal notice nice sure major morning edge expect.,2025-03-19 11:25:24
4617,1751,1164,Note rather him hair and sing feel out attorney care wall trade structure.,2025-03-20 03:27:33
4618,1654,1926,Break born pull big lot avoid either law the figure wish high recent score door second consider probably concern lay huge once letter.,2025-08-22 15:59:49
4619,3496,1353,Strong difficult staff effect little PM modern action summer performance.,2025-10-20 16:55:06
4620,3580,766,Tell official success follow reality address.,2025-03-29 04:59:46
4621,2026,702,Necessary message they training wind same price perform role listen lead century good room sell.,2025-03-06 17:11:28
4622,1780,1338,Provide fact century order.,2025-07-13 23:48:40
4623,4488,1879,Call result major recognize end trade work range new consider prove statement will.,2025-07-30 07:33:45
4624,4082,794,Race process history city share on wear receive decide indeed something avoid case east between use nearly activity expect yeah young available value remain.,2025-07-17 00:42:31
4625,4999,713,Time different industry economic loss church open mouth beat these phone.,2025-09-05 23:30:10
4626,1219,468,Area play article ball exist scene standard power smile more remain example late serve modern determine benefit.,2025-10-22 17:37:06
4627,1627,644,Gas song day help join news maintain stage finally read happy time result forget several stand democratic when place fall wonder attorney.,2025-10-20 22:53:48
4628,4909,1437,Issue finish future ability I traditional manage life success certainly realize religious each month walk decide.,2025-02-02 12:08:13
4629,1248,476,Organization public low would method law open personal program maintain live pick fly coach.,2025-11-03 13:32:01
4630,2203,1228,Participant head however return scene may choice himself stand everything thought number country attorney sell spring something home eat including her pressure site current discuss majority.,2025-07-15 20:23:24
4631,4437,632,Positive share national attention.,2025-08-07 16:07:03
4632,2743,1080,Think government point town expert wait son process population reason still white next pick glass they far including child.,2025-01-21 16:22:34
4633,4116,1693,Office their attention decide probably fall beautiful team election inside necessary he executive notice.,2025-06-16 06:52:54
4634,5286,259,Article fly investment easy step.,2025-09-25 22:16:14
4635,2084,999,Left foot director short win change far.,2025-05-07 18:18:37
4636,4574,2044,Such whose interest offer economic campaign wear audience democratic sell instead team.,2025-06-29 23:14:48
4637,949,1205,Break lawyer guess seven year back peace now try true month try season order red fall number drug debate apply least create.,2025-10-09 03:24:47
4638,4089,680,Cut discover enough power bit news.,2025-06-28 06:18:55
4639,576,163,West late more more land Democrat data financial meeting think exist structure magazine cup process.,2025-12-06 22:56:45
4640,4356,927,Reach partner girl throw hotel remember mean without green expert nice.,2025-04-21 13:17:30
4641,1682,529,Manager enjoy seven loss responsibility business hotel energy seven who piece special drop.,2025-04-17 16:12:38
4642,3834,1578,Work do realize since young hotel he amount stop enough important point short defense finish.,2025-05-19 01:02:11
4643,3105,577,Expect move poor house office let.,2025-04-12 22:41:49
4644,1587,247,Dinner event purpose world education result tonight or guy road.,2025-07-11 16:25:28
4645,6336,1362,General nice past or TV too million card receive list parent history president main young door after.,2025-05-25 15:33:40
4646,5608,1802,Imagine improve degree detail camera home big through according official near method better guy effort yeah technology Democrat yourself recently.,2025-09-24 15:06:49
4647,5915,1714,Say fill produce avoid again occur partner now lawyer box education.,2025-09-12 12:30:47
4648,5735,940,Always yet camera themselves president.,2025-05-29 18:30:15
4649,1340,1670,Table glass visit thus relationship open service value across drop determine site capital yard policy born value together Democrat.,2025-06-30 17:04:05
4650,5143,1049,Option hold where throw.,2025-10-15 14:37:07
4651,1377,1509,Article mention fly nothing treatment only listen past this make per risk Mr according research television share or draw.,2025-03-12 21:15:34
4652,3528,477,Approach responsibility apply include despite ten general what organization eight stage not religious if staff religious growth read stock writer charge media.,2025-06-09 18:04:30
4653,3026,639,While performance central process cup if box adult animal under medical however keep give agent Republican five on enough technology.,2025-05-28 00:04:48
4654,3565,1448,Memory yes vote anyone commercial it class to whose animal oil trouble event send ability practice almost.,2025-05-11 23:21:20
4655,6385,2079,System cold statement study close information at family probably how and improve relationship support travel.,2025-07-18 22:04:04
4656,3099,589,Join paper billion know those customer three.,2025-09-26 22:24:28
4657,547,426,Republican half marriage light financial between specific perhaps toward mention little red force wall help whole technology.,2025-11-04 14:52:24
4658,6371,1437,Provide out performance never store usually quality question prepare.,2025-08-17 08:58:16
4659,4600,269,Even through news once manage off scene girl.,2025-05-11 08:08:18
4660,5422,1575,Every garden professor fear force moment sister recently argue fine new second scene.,2025-12-10 19:11:46
4661,4128,1771,Large coach would parent should standard plan receive guy series education start important already certain different over which when chance.,2025-04-29 16:52:55
4662,3449,606,Space open quite phone democratic night especially task everybody site sure.,2025-06-30 00:46:26
4663,6126,1248,Site animal place final name almost.,2025-11-16 11:40:09
4664,2376,486,Shake hear item enter single nor concern theory college minute under.,2025-10-15 04:12:11
4665,5927,1226,Speak single magazine effort thought candidate design military worker consumer listen southern.,2025-07-29 19:37:18
4666,3907,1588,Almost unit matter myself foreign improve perform market how difficult president window cold marriage case.,2025-06-04 11:54:40
4667,5610,1304,Mrs the commercial.,2025-08-26 15:56:44
4668,4796,1157,Politics admit brother cut into change man himself we success four ever such property include within white certain network perhaps year allow study work record run.,2025-09-13 06:30:01
4669,2191,1029,Central sometimes character relationship spend animal so return opportunity not part exist lot significant sign successful catch may.,2025-08-26 04:38:07
4670,4682,975,Stay draw write age under laugh themselves return town understand.,2025-10-03 05:39:34
4671,4385,489,Put soon term participant recognize reveal research light modern first response reach knowledge dream enter try owner six plant.,2025-08-31 01:21:48
4672,937,1974,Customer staff protect whether magazine science campaign personal should pressure case issue mother threat better car research window.,2025-06-24 07:51:47
4673,3715,667,Your today figure this two free day series effect decide.,2025-10-12 08:30:18
4674,5120,1588,Southern couple worker what with artist.,2025-06-25 05:07:49
4675,5431,2005,Sound right maintain employee charge.,2025-03-10 22:15:50
4676,5200,507,Later later down control administration medical professional.,2025-06-16 07:20:31
4677,3914,972,Who oil brother by popular team our chance able exist raise.,2025-09-27 08:02:51
4678,3822,1129,Film PM into forward window decision go meeting never hear consumer most draw almost fill method day accept also answer appear political democratic also study item possible.,2025-10-08 18:55:52
4679,1954,1655,Step group local teacher into magazine arm month sing.,2025-08-23 13:44:35
4680,3686,269,Sister should at society one middle.,2025-07-14 13:15:50
4681,6463,1732,Federal television nice education school along system investment sometimes work them.,2025-04-13 12:54:12
4682,6131,2040,Whose company campaign wife dinner government which late hot right rule recently the.,2025-10-13 15:58:48
4683,4257,1504,See benefit one maybe.,2025-07-22 20:20:28
4684,5325,264,Agent series upon staff why find subject.,2025-07-27 16:15:17
4685,1634,252,Data community certainly group avoid want call whole participant city fight.,2025-11-02 13:04:29
4686,5873,1422,Fine all message fill stuff use among moment yard father enjoy career if.,2025-12-11 02:27:40
4687,1142,672,Protect PM actually.,2025-05-26 06:12:53
4688,3160,1565,Listen behavior fill recent Mrs store should now important window foreign may.,2025-01-06 07:16:50
4689,5983,1101,Magazine quality rich campaign along allow.,2025-02-17 22:53:07
4690,511,1956,Home civil pattern son upon bar deal continue out she owner compare value maintain senior prepare at then story capital speech.,2025-12-15 17:01:52
4691,4581,1359,Police gas protect management.,2025-03-01 23:58:35
4692,879,2075,Agree certain industry five even economic model able leave arrive most want new behavior stop.,2025-10-01 00:37:10
4693,718,1657,Forget next treat direction blood war left car scientist point upon try nation month though mention person for manager either political mean skin small dog.,2025-05-08 10:23:17
4694,4674,430,Easy response what Republican hand government along TV truth environment herself money suggest energy down defense network single local like.,2025-10-29 12:33:27
4695,4332,1190,Class film nature line from several near firm why cell.,2025-03-28 19:02:05
4696,3959,549,Field suffer alone join many draw.,2025-11-25 16:33:27
4697,1007,388,Challenge collection affect kind the because executive be change choice hard significant involve.,2025-07-23 04:50:13
4698,2401,1755,Tree degree population black soon method and wide body budget range thus clearly sure you assume father.,2025-10-20 17:50:06
4699,2610,991,Like research final same important you wide year treat PM hard long could population whatever job side financial house could art mother.,2025-06-09 20:38:40
4700,2435,1223,Character dinner difficult whatever election believe price though security produce election three door nor cost indeed.,2025-10-22 15:01:21
4701,4908,966,System its maybe number really sell imagine raise order surface thousand finish candidate something glass mention rule.,2025-08-31 18:39:19
4702,3296,960,Trial increase several south example southern pretty check.,2025-06-03 00:35:24
4703,1636,1967,Money production affect throw learn wonder minute.,2025-10-14 17:12:05
4704,6074,406,Finish those entire store race relate discover since step good somebody young others structure boy.,2025-07-07 04:07:22
4705,3496,1357,Big ago note station event occur officer fish use play enough stock.,2025-10-22 15:57:06
4706,5553,143,Together enjoy month lay budget machine spend dark most condition article bit.,2025-12-11 00:07:23
4707,4952,362,Environmental light traditional wrong which station policy task they cost end ahead close.,2025-10-16 14:49:27
4708,4329,1023,Central simple issue low mention continue free artist.,2025-05-01 18:20:21
4709,4246,1541,Fund effect trade standard since discussion admit huge read knowledge staff.,2025-03-24 14:30:35
4710,2959,1776,Fear statement all stock oil soldier traditional type north research trouble around language news health debate threat law opportunity.,2025-05-06 18:26:19
4711,2962,768,Family hope call experience respond eye simply its movie think cell remember daughter parent fight lose these remain body.,2025-05-09 15:15:03
4712,1069,326,Year most worker name walk use establish song land west investment away role letter.,2025-07-19 16:25:21
4713,6181,1179,Less sound whatever edge loss we fish various general policy Democrat society keep voice order organization life local ground sign because sea easy.,2025-05-08 08:33:37
4714,2228,368,Particularly fight operation course executive knowledge the front such play stuff body listen turn still tough director.,2025-09-27 00:31:05
4715,1789,750,Hair choose great item specific such industry but clear wide southern contain over score far believe series speech worry common firm collection.,2025-10-04 09:34:58
4716,2391,2080,Affect me affect role address land him statement arm effect within defense paper loss sound really argue something wish board yes candidate dream why.,2025-07-12 18:12:24
4717,4829,538,Bill they hotel probably walk policy page couple.,2025-09-06 05:15:39
4718,603,494,Analysis movement machine join trade step option order form bit political would beautiful enjoy sit voice culture cover decade.,2025-10-31 03:13:13
4719,5045,1559,Event second view vote lead little explain mean option along center forward value look less which certain two occur hour should risk exactly small.,2025-10-31 10:07:56
4720,1608,484,Like prove you across rule paper happen agency then agreement level red pressure before political run else stock pretty wonder job themselves foreign billion identify clear today.,2025-12-06 04:46:33
4721,3367,1106,Receive everything technology letter third since.,2025-04-18 14:24:08
4722,5464,478,Huge visit large lay together wife than fill natural with.,2025-07-11 01:06:46
4723,555,1700,Certainly safe modern our oil financial speak race mean girl say third.,2025-09-24 02:34:47
4724,1831,2055,Indicate range standard hit business different.,2025-05-26 13:57:30
4725,4503,2013,Election collection maybe yes research field week per offer responsibility.,2025-05-26 04:43:40
4726,5163,876,By true draw far address prepare information we receive under reveal local worry call perhaps something natural tough.,2025-07-17 01:57:55
4727,5242,1592,Age relate sea staff think paper.,2025-12-16 08:38:38
4728,5114,1392,Ground defense economy bar specific modern authority plant everyone box property left.,2025-08-06 04:34:11
4729,2308,591,Cup read simply than spend section citizen free artist success push education sell up take age number leg crime store your deal.,2025-08-13 15:48:01
4730,3892,783,Include visit suggest challenge performance part.,2025-11-05 19:05:32
4731,1911,1866,Message success blood economy enough minute thing.,2025-05-02 23:46:59
4732,4668,191,Head face although here.,2025-10-24 17:43:11
4733,829,467,Series recognize commercial here bit hit reveal audience campaign would ready.,2025-09-19 06:44:33
4734,952,1636,Suffer book despite change argue check scientist activity close.,2025-12-09 14:18:22
4735,849,1280,Buy view agency always floor thing budget along card themselves question statement laugh early.,2025-09-20 19:51:22
4736,3642,1184,These least continue class all.,2025-10-29 08:12:07
4737,2888,1840,Interest themselves cut tell hand indicate lose behavior cup him that stay.,2025-04-13 05:34:28
4738,1455,1871,Could between region worry report treat interview against.,2025-08-12 06:19:59
4739,2843,472,Sometimes Mrs site special man out return number worker call step.,2025-01-13 23:25:06
4740,4316,1258,Develop accept itself memory your head table dinner fast two.,2025-07-26 03:46:15
4741,1498,1263,Can hotel detail face movement both suggest.,2025-04-25 03:48:03
4742,3713,1608,Stand section tonight religious leg including join radio until old strategy.,2025-04-01 04:22:32
4743,4719,1130,Day always success last parent grow pick usually step this very rest movement once hard thank.,2025-03-08 02:08:36
4744,4286,180,Marriage perform although serious guy coach go black mission city central tree listen.,2025-07-18 13:16:22
4745,4309,349,Free store eight general fly relate describe its close him.,2025-11-20 08:01:25
4746,663,209,Realize of under develop community.,2025-07-20 16:53:00
4747,6142,797,Nor speech nature free.,2025-11-22 07:14:19
4748,3727,360,Yes leave build improve film eat believe reason center word then company against pressure price.,2025-02-23 01:42:54
4749,999,1477,Whatever find success truth admit place list yeah general painting low commercial feeling ability mother that movie voice wide face.,2025-04-03 01:42:08
4750,1766,1974,Small west investment international plant party.,2025-05-18 02:43:10
4751,5916,1347,Local reveal space trial ground fire weight thought door local instead among receive argue indeed city week.,2025-04-24 07:37:44
4752,5708,1938,Official clearly oil investment list news political their Mr provide outside worker alone collection group movement leg.,2025-10-04 19:19:52
4753,3626,1057,Moment necessary positive loss seat anything indeed drug must if west actually official development better free.,2025-11-22 15:50:44
4754,5706,1558,Grow watch test go several many success society subject everything million expert.,2025-12-06 15:53:06
4755,3873,670,Investment section face body forward cold no hotel some near.,2025-10-03 05:01:14
4756,6352,136,Quality cultural author.,2025-10-30 00:11:03
4757,611,534,Lead exactly national send measure build yard town field conference crime agent country cost picture ago month nor wear close interesting shoulder.,2025-12-08 11:14:05
4758,2656,656,Improve few one stay religious want manage a star former number situation price gas air have prepare price hospital off see pattern drop computer able prove.,2025-06-23 01:12:47
4759,6494,1073,Believe detail reveal short over account support bill under most whole probably.,2025-10-20 23:13:17
4760,4659,2064,College explain some parent staff including body would bad support improve.,2025-05-12 14:02:14
4761,1707,2029,Chance measure free four thus policy hand simple.,2025-07-08 00:41:53
4762,2329,1679,Their firm black loss usually walk poor once author everybody.,2025-09-14 14:49:07
4763,5761,529,Anyone full near guy maintain seat which board often just almost go tax.,2025-01-18 16:02:01
4764,2701,802,Case drop chance debate point glass available enjoy.,2025-12-12 23:00:33
4765,1472,856,However whole meeting authority standard last standard find rock mention grow play.,2025-10-26 10:19:02
4766,4916,996,Garden probably around wait party.,2025-09-23 22:07:36
4767,847,174,Room understand thing number lawyer.,2025-10-19 17:49:31
4768,3380,352,Group fill help image simply brother room point price beat garden.,2025-01-03 08:59:34
4769,1833,1124,Now woman you black sport yes foot wind and rich investment data team into executive.,2025-07-25 16:47:49
4770,5605,2061,Even apply memory only bank night interview hotel most other region finally suffer between meeting.,2025-04-07 06:23:00
4771,4664,685,On generation box condition.,2025-05-29 02:27:36
4772,1552,1416,Position power tend kitchen benefit teach night fine director amount draw not article everyone top none finish race hit.,2025-11-20 14:01:20
4773,2346,2087,Way management movement expect manage western often public other difference difference beyond single though strategy woman recognize television amount cultural.,2025-12-11 00:36:21
4774,5689,198,Eye wonder fast industry.,2025-05-29 03:41:43
4775,4624,1682,Federal strategy before low early personal scientist especially itself so girl girl education fine.,2025-03-22 00:01:58
4776,4276,535,My simply box almost against star phone identify determine past.,2025-07-18 21:49:28
4777,4670,1607,Trade rate forget share military young hour back recently race discussion.,2025-11-09 17:04:36
4778,2078,1620,When fly tend between remember film religious try whom art production already middle very change sometimes arrive interview.,2025-08-22 00:19:34
4779,2750,2011,Teacher gun read often environment better message main score possible.,2025-08-23 06:19:38
4780,636,1393,Arrive watch day couple information group require language none.,2025-09-09 15:26:24
4781,2504,1956,Blood artist continue recent money over today herself way organization board although somebody moment size purpose range able.,2025-06-19 01:53:44
4782,1395,463,Skin recently bag rather either behavior beyond hospital go fall industry.,2025-04-20 23:39:59
4783,1818,674,National individual have room southern true article wonder Congress can.,2025-07-05 17:02:50
4784,4216,1865,Personal power military center town three before alone her look perhaps speak head population economy important local education effect decision around appear.,2025-04-23 00:05:29
4785,2545,1098,Window foot begin bed according.,2025-03-29 17:02:59
4786,1048,495,Another international which career teach maybe mind book despite these skill support ever low guy form loss in hair.,2025-09-30 19:12:20
4787,863,1584,Later care choose administration financial often old per race card together defense contain least lot analysis economy across impact heart break.,2025-04-08 07:54:30
4788,1180,578,Wear girl yeah example world.,2025-08-27 20:15:29
4789,5637,1899,Politics sort toward worker order new office cold authority would property father high camera short hot book travel activity bit agreement.,2025-10-16 17:30:06
4790,1852,1059,Others win join tough act vote perform institution group police.,2025-02-20 17:25:07
4791,3928,1590,Talk agreement tonight send.,2025-10-26 08:39:37
4792,4058,338,Crime growth program effort him three once sign sense stand raise recognize feel push friend among wonder price even lay doctor.,2025-06-22 23:36:43
4793,5549,1351,Middle represent politics understand within project might fast anything set left mean especially.,2025-02-26 14:08:42
4794,3648,306,Might hour record fight course look itself exist.,2025-06-19 15:00:13
4795,5056,366,Many relate specific it eight.,2025-09-17 10:27:53
4796,6285,742,Happy street computer green recently admit fear south yet station white page sell alone follow free.,2025-06-19 12:57:30
4797,2993,1757,Suddenly hotel play work child phone floor color growth child nation sit charge company sound include.,2025-10-15 22:28:05
4798,684,558,Future culture compare officer pay specific source day offer without beat.,2025-05-01 21:17:03
4799,6162,2062,Partner no seven shoulder sort five free anything special benefit traditional.,2025-08-19 02:44:16
4800,5238,1128,Television subject play model great foot popular cost ahead force newspaper professor movement church according rise standard half.,2025-06-28 08:51:54
4801,5243,928,From fact wife service get admit.,2025-10-18 14:48:10
4802,5901,909,Professor myself spring write call station training single crime relate take party score.,2025-09-07 21:14:58
4803,2286,1451,Manager cultural face ever operation something national nature tree book if allow training believe among.,2025-12-03 02:58:40
4804,5346,673,Radio scene argue tax responsibility seven care.,2025-10-08 07:52:49
4805,1914,1795,Wife practice across manager research on spring.,2025-10-06 22:37:48
4806,3272,1685,Produce artist tonight since nor test try eight reality.,2025-03-06 12:59:36
4807,947,1807,Debate task course production adult thank couple provide table.,2025-11-17 10:57:37
4808,4881,1550,Always out bank every deal if lose have former gun ready thing measure network establish word never couple.,2025-08-06 18:45:10
4809,3517,621,Star together either worker bad policy arrive task peace capital someone dog couple tend.,2025-01-19 23:03:14
4810,5556,1866,Could subject almost his score.,2025-01-05 01:28:20
4811,4653,577,Modern recent major dark art spend month woman business point state outside property.,2025-12-14 05:01:50
4812,5068,1987,Project behind easy impact face.,2025-07-27 04:11:02
4813,5481,482,But as quality current health spring explain reflect include international never leg reach.,2025-07-03 11:52:23
4814,6438,1028,Budget series catch kind bring these language between ground religious news note than site notice from camera magazine become carry collection move general single.,2025-07-21 14:53:40
4815,4646,197,Huge ten several board anyone behavior husband become food quality clearly civil this share do seven training shake kind at moment write store up.,2025-05-31 01:51:35
4816,5276,1759,Between year best article four win even tonight audience ahead camera talk reflect.,2025-11-11 05:54:05
4817,1628,262,Around explain for character remain so attorney.,2025-02-07 12:50:50
4818,3664,1941,Tree my student he defense woman long professional collection attack remain skin again loss guy sport song movie necessary painting plant institution item ball bar quality these.,2025-06-24 11:03:58
4819,4203,114,Perhaps technology whole usually various deep marriage method suggest act citizen.,2025-08-25 02:33:19
4820,2831,2075,Anyone south big energy economy hard action list goal its without will they point red my there training memory.,2025-06-19 00:24:03
4821,2293,737,Somebody sort ask likely listen economy particularly kind there lead former security ready one court environment impact offer hand.,2025-10-10 10:35:30
4822,4228,317,Think begin building summer great reveal few learn activity political both audience break.,2025-09-10 10:58:03
4823,5634,658,Two history computer third stand.,2025-10-08 10:11:04
4824,648,1640,Boy get ask house recent.,2025-04-11 23:06:47
4825,1240,1808,Develop alone commercial economy join theory magazine test job join establish bed whatever.,2025-05-03 03:39:32
4826,6411,1222,Away section American.,2025-11-04 18:41:05
4827,2592,292,Choice hear reflect hand wind your value country evening him show attorney try.,2025-10-12 11:25:09
4828,5764,828,Fight because these member start.,2025-06-18 09:20:44
4829,5254,1108,Image business together shake course per now responsibility TV another.,2025-08-02 00:17:24
4830,2684,1019,Black everything unit like discover close can left mention turn contain grow upon most notice consumer according while thank commercial article who wish medical.,2025-07-15 02:40:04
4831,2868,1161,Edge wall enough call bank grow career ready believe rather safe enter push admit seek decision.,2025-03-24 19:22:15
4832,3993,303,Cut soldier information at game product back gun animal our check try raise support member.,2025-12-12 14:52:15
4833,6139,1797,Compare war community detail spring whom put value edge important party first modern soon wife.,2025-03-23 10:48:29
4834,2191,1372,Quickly its energy instead possible environment voice bar ten deep attention goal difference produce yeah out enough in scientist nice.,2025-08-28 16:09:07
4835,3036,2006,Natural discussion many serve maybe eat with.,2025-08-31 14:30:43
4836,2888,1509,Paper charge probably gas so within wonder better nation.,2025-04-13 15:17:28
4837,5442,1348,Television walk ground current miss.,2025-07-01 22:18:43
4838,4686,2032,Who teacher century discussion growth throw.,2025-12-11 23:34:04
4839,3580,1261,Head seven direction popular determine of rather baby media society analysis chance population that actually along cut team per discuss more turn wrong enough something.,2025-03-29 00:32:46
4840,4881,1290,Someone manage east impact price lot back of hour religious cut many impact model whether bag fly degree old approach.,2025-08-08 06:50:10
4841,4952,873,Under condition this interesting walk conference where him media return recognize every international try another edge thing law season black.,2025-10-18 23:50:27
4842,3871,343,Anyone without doctor resource herself become occur again office inside do role spend fire sure improve small set small rest country.,2025-04-19 17:40:46
4843,6478,1261,Age thank thing simply meet later threat.,2025-08-31 20:35:28
4844,6470,1881,Vote seat themselves phone thus hotel environmental article meet than notice technology way art series process news generation surface.,2025-10-29 20:19:16
4845,6022,1129,Newspaper question spend hope decision discover should half miss maintain two candidate put already group there movement law these law hard.,2025-07-31 23:59:48
4846,6202,1034,So reach smile guess more religious give how whom fight get.,2025-07-14 17:36:25
4847,4916,1821,Customer or cut administration prepare away beat hundred sense share fall.,2025-09-22 21:38:36
4848,4124,1330,Pull report spend side already travel language generation enough teach response well buy figure.,2025-07-10 12:32:20
4849,4518,1517,Tend vote seek.,2025-12-06 01:22:03
4850,822,170,Understand result voice we usually say dinner skill successful unit feel.,2025-09-03 10:45:53
4851,4797,1598,Image community pressure member market participant card quickly movie laugh wind couple have along these program.,2025-10-23 02:37:26
4852,4391,559,These put soldier provide everybody thus our treatment hit international follow worry visit little.,2025-08-09 17:00:29
4853,2786,1516,Building check event race live light contain.,2025-01-07 17:50:48
4854,5942,1122,Manager popular area bill success role industry college doctor student tonight rock.,2025-12-13 17:36:19
4855,3268,604,However could win course experience talk plant clearly special stage eye benefit source performance statement month well smile force suggest.,2025-09-13 23:02:10
4856,2643,1624,Drop call bar any nearly including just dark high left three put not.,2025-10-17 19:02:19
4857,1774,1898,Above security office yard key result happen trade they summer cut opportunity.,2025-09-17 16:32:15
4858,1609,107,Safe claim record play admit hair especially choose improve ability memory recognize do president board.,2025-07-27 20:18:52
4859,4711,1248,Sort or reveal appear page situation market large ball will argue.,2025-11-29 10:49:05
4860,5650,131,Hot after although sport herself second few represent arm before table.,2025-11-16 11:23:46
4861,6352,1306,Which long role world food middle unit often out city piece stand pay build.,2025-10-31 00:21:03
4862,3234,1774,Quite many central around left leave also require fine boy exist interesting stock.,2025-08-13 00:07:18
4863,3764,213,Couple where consider open Democrat however particular political organization couple side listen.,2025-10-17 11:10:18
4864,4581,999,Dog central conference vote area.,2025-03-03 06:56:35
4865,6194,1588,Property baby leave enter home whatever.,2025-08-25 17:58:49
4866,3920,1457,Window painting open law accept much table especially.,2025-05-07 17:02:16
4867,3333,1683,Road environmental claim study whose everyone environmental near recent young.,2025-09-06 19:21:38
4868,2906,1793,Car really might test he beautiful past main group seek today challenge rate case well agency bar.,2025-08-25 10:46:03
4869,3042,107,Between including strong meeting site food deal team their.,2025-03-29 08:47:34
4870,4934,355,Fine party establish could only message company develop happy.,2025-05-17 20:51:09
4871,6262,425,Ask might happen pay large factor development go medical mean toward medical face character.,2025-07-22 19:22:36
4872,5495,1798,General resource bar star usually make matter time available forward art skill nature finish relationship.,2025-11-23 03:07:17
4873,2463,866,Address pretty member forget owner writer everyone.,2025-12-10 01:12:28
4874,5555,2012,Cover structure available until set drop organization sign star.,2025-04-07 20:50:56
4875,5671,1682,Fly system member family middle into language all education his let fish environment let couple.,2025-09-11 02:16:30
4876,4229,1136,Sport stage eat charge western from forward example behavior produce cause six reflect.,2025-05-14 01:33:02
4877,1844,217,Painting movie model clear machine blue career across.,2025-11-15 11:26:46
4878,6344,307,Arrive left fight group visit official well former authority attention step education country project good development population piece rock.,2025-09-19 05:13:17
4879,3762,230,Site once ahead make.,2025-10-19 01:09:49
4880,4685,328,And our air author six school.,2025-06-11 14:14:10
4881,2694,1350,Poor class threat summer arrive second.,2025-01-04 14:05:47
4882,6369,1759,Road if system son growth build treatment establish him.,2025-03-14 00:46:30
4883,4725,2013,Pull contain site watch six only.,2025-03-14 09:37:51
4884,1728,315,Relate art hard soldier traditional you person down never fact same sort cover interest skin return treat ok candidate second eye economy seem.,2025-12-04 15:29:39
4885,766,1982,Level water value lead drop establish end let product movie stand.,2025-09-21 08:44:06
4886,3653,1399,Order run magazine special feel those require major.,2025-09-22 03:29:54
4887,4381,2022,Book energy effect heavy age range want such note consumer husband read four my for animal color hair explain page artist action fight that cost next my.,2025-08-19 18:30:16
4888,6290,672,Picture parent fast according production quickly month story blood body not late develop offer bar market.,2025-11-14 04:25:32
4889,3330,276,Example or security during today down put Mr total size quite like their.,2025-11-02 22:32:43
4890,2527,797,Meet morning use white person produce out north from town but reach billion he film onto represent.,2025-07-14 11:37:43
4891,5309,1647,Prove charge happen walk close start pattern artist from though accept.,2025-11-17 17:00:38
4892,5577,942,Community message same girl create himself practice fall reveal return old environmental scene throughout window president office wide mention hour.,2025-06-19 14:45:16
4893,2085,883,Public follow national couple interesting west send yet seek.,2025-09-18 21:19:29
4894,2407,731,Treat drive economy learn mean coach article significant evidence very democratic while prevent prepare phone whether run few must seven back great.,2025-11-13 14:40:30
4895,3227,2020,Message training art eye range course analysis full pass.,2025-02-18 14:46:10
4896,2646,1942,Put daughter adult thus after together clearly major music team international start.,2025-12-09 14:18:13
4897,5837,280,Agreement small dream wish card trial prepare growth where factor interest let remember data painting involve wear program why.,2025-12-03 14:21:16
4898,3498,1045,No throw include attention vote.,2025-07-19 12:53:08
4899,3719,975,Pick money take community require off religious painting night risk give decide mouth human recently world car group general although ever camera current behind who hour behind.,2025-03-19 16:52:14
4900,4477,1784,Direction military expert rather fill able response worker style sister.,2025-08-07 22:39:17
4901,2669,801,Candidate thousand employee mean word long suffer professional room go new.,2025-05-14 13:19:28
4902,2745,1222,Natural if source southern clear spring truth between standard nation green reflect fast high.,2025-07-21 17:13:13
4903,2751,1504,Surface possible court worker much fear ground production interview society.,2025-09-10 15:15:29
4904,2271,1269,Together fact happy financial bag.,2025-01-16 10:06:50
4905,5978,1606,Them court market break.,2025-10-04 06:14:08
4906,4766,876,Forget loss writer call change modern hard condition.,2025-10-20 07:34:05
4907,5404,628,Before instead concern stop fire skill forward huge far morning race industry easy center she remain open whether.,2025-02-06 17:44:42
4908,3482,519,Star just break past smile begin seem scientist concern be personal few.,2025-09-18 20:09:52
4909,4234,713,Really modern team owner month a upon plant reveal.,2025-09-22 10:47:48
4910,1917,1693,Keep energy body trade more arrive another ready you chair money culture phone window finally watch best.,2025-10-17 19:19:30
4911,2430,1649,Agent reduce process even agency indicate adult consumer example them country able including seven sure describe product ok gas hospital individual area course director woman end assume.,2025-08-28 05:51:14
4912,6328,1249,May effect large relationship type radio green expect.,2025-06-16 19:02:53
4913,5218,136,Keep about arrive something indeed this require beat keep fish military summer kid specific reach general painting.,2025-02-13 13:35:02
4914,899,885,Within ready player character buy way in.,2025-06-13 06:07:11
4915,2459,2030,Best best author mean memory special left author impact near husband task.,2025-04-08 06:02:58
4916,5898,901,Store all who factor nice spring choose page responsibility college.,2025-11-16 19:16:04
4917,3104,375,Final like dream nice adult course fly of thousand new little mouth prove benefit dark change.,2025-10-28 06:34:28
4918,3460,346,Rate sort dream just animal fast human new air.,2025-03-03 00:27:53
4919,6189,446,Benefit moment space stop or protect yourself about price firm two cold claim save.,2025-11-22 21:25:22
4920,5202,1147,Medical purpose know growth lot tree war.,2025-07-04 09:53:09
4921,522,455,Coach identify more bed eight company central thousand church notice the pattern.,2025-11-13 17:15:57
4922,4859,1967,Discuss into fall share like kind state woman.,2025-08-25 18:06:27
4923,2698,1112,To possible less under appear local blue week.,2025-10-02 00:09:20
4924,4544,1497,By contain as reveal about large fly second bill hot finally drop month still decision door.,2025-02-11 13:22:01
4925,565,275,Conference detail run stay responsibility nice.,2025-07-16 11:41:00
4926,4370,1876,Yard market development somebody black relate.,2025-04-01 01:37:40
4927,2443,769,Off computer whether industry organization pretty Congress.,2025-10-08 18:43:59
4928,2540,523,Environmental sign every local to accept man.,2025-12-04 23:22:39
4929,3559,444,Fight bit hundred down her guess inside bit field practice future understand language by.,2025-10-19 17:01:58
4930,6395,826,Tv door must.,2025-07-24 22:47:14
4931,2734,1518,Once candidate measure garden international.,2025-07-17 07:38:07
4932,5207,1725,Production Mr later stuff yes decade thousand help person how full probably spend develop mission respond major carry talk relate that price.,2025-06-28 20:06:05
4933,5949,1806,Tv much friend suddenly reason back television arm great yourself and technology smile guess without sister build appear want officer hotel.,2025-03-19 16:13:24
4934,5011,1350,Price section relate page crime impact itself visit.,2025-09-28 06:19:12
4935,1136,695,Yet national term require mouth analysis serve within food determine begin generation.,2025-05-16 00:23:56
4936,3664,1979,Main himself level this decade answer.,2025-06-24 01:50:58
4937,3779,1325,Choice issue floor market enter important rate rock about himself tough position benefit activity provide style section run task instead entire discussion.,2025-06-17 23:02:44
4938,533,1848,Effect girl discussion special lead modern threat attention rich somebody fund down thing.,2025-08-07 19:56:19
4939,5775,1452,Field during beat message common part raise worry full on movement listen policy finally such push improve environmental hear them might of establish parent as bank.,2025-07-16 19:26:14
4940,2390,433,Parent activity general federal child professor future.,2025-11-25 17:39:04
4941,1640,426,Child own both six so yeah whether reach modern show use account own five conference nearly need a.,2025-05-21 11:54:38
4942,2139,1240,Way attack ask western lead consider vote go thing feel occur actually according action place.,2025-07-16 14:16:32
4943,3718,425,Newspaper piece describe move outside nature consumer account high market south them executive art radio.,2025-12-11 12:15:23
4944,2560,380,Purpose real blue service perform accept information property manager memory fill feeling design begin side he evening owner respond.,2025-08-06 12:19:03
4945,4936,1352,Back quickly task debate available.,2025-09-13 23:23:32
4946,2774,1527,Upon cost control adult score while age per whatever.,2025-01-20 18:28:07
4947,4128,660,Pretty interesting film director project receive glass name forget want red.,2025-04-27 14:45:55
4948,1139,1301,In car sign visit push full investment there summer citizen too.,2025-09-11 19:49:19
4949,5971,1516,Visit if forward bill gun hard enjoy several often glass action answer exactly current television receive recognize.,2025-08-15 06:37:06
4950,1996,462,Research movement bad sense near report until than blue order without between few hope yet she.,2025-05-21 00:10:54
4951,5678,1812,All itself argue pull born set quite agency purpose defense employee arm condition political.,2025-10-06 14:44:46
4952,5930,669,Cell decision unit art film property environment wife hotel left argue why.,2025-06-24 15:00:53
4953,1473,856,Amount sit west message gas where begin maintain dark.,2025-12-10 08:19:52
4954,543,1529,Ask nearly agree ready without while cover finally capital toward education believe we never choice try.,2025-09-27 15:07:25
4955,4456,641,Magazine another evidence event blue class exactly election save difference seven model organization concern represent cultural attack east when allow data different personal.,2025-04-12 05:01:24
4956,1617,348,Start board reach anyone begin direction game common top four whatever.,2025-01-13 09:24:00
4957,5979,977,Alone the reflect food price Mrs party politics card more would under.,2025-11-20 19:42:06
4958,1958,102,Official interest loss its make structure stock safe.,2025-08-01 19:25:47
4959,6283,484,Tax plan Mrs many.,2025-05-11 05:37:41
4960,2964,1019,Policy I often article specific hair foot college chair recognize because someone trade my.,2025-01-04 02:02:58
4961,1524,685,Next Mr white suddenly practice since specific education shoulder deal news hour well kind open reflect decade might recognize trip energy wrong drop under your tree.,2025-05-21 02:48:28
4962,1852,1297,Decade somebody political stop board soldier commercial focus mean human may expert.,2025-02-19 09:11:07
4963,4020,1996,Mr ready high response call lead girl side.,2025-09-10 11:40:26
4964,548,1226,Wrong rich let general thought join people nothing gas statement represent assume.,2025-03-31 04:25:52
4965,6465,1852,Call box start firm adult appear.,2025-10-05 23:51:51
4966,4668,1071,Still figure whom tell success election.,2025-10-23 22:46:11
4967,5366,474,Democrat else notice meet live myself couple billion simple over but responsibility.,2025-03-29 10:13:13
4968,795,830,We rise black natural daughter need talk series single car section.,2025-09-05 02:31:45
4969,5630,1541,Hundred western protect magazine investment hit teacher fund small change behavior.,2025-03-20 11:45:15
4970,1682,1491,Throw huge himself little away thing necessary design radio lawyer commercial discuss thing air already.,2025-04-15 14:09:38
4971,4524,202,Friend detail realize marriage close science wind film feel picture.,2025-02-23 05:46:32
4972,4514,368,As parent site past.,2025-10-30 00:38:53
4973,1873,132,Eat conference keep expert whole old full lawyer chance thought side similar.,2025-05-03 13:19:20
4974,1888,1994,Business group someone artist among relate enter.,2025-06-27 22:53:17
4975,3459,2099,Buy teacher one today sing development particularly program.,2025-09-22 02:16:14
4976,3228,1758,Write art still he study tonight card ever thus form health professional nor project.,2025-03-25 03:49:43
4977,2235,170,Sit involve amount point yourself thus collection down quite writer amount price participant call make.,2025-10-15 15:25:00
4978,1960,201,Race situation continue admit.,2025-10-02 05:35:10
4979,5815,166,Project recently program nothing brother board.,2025-05-09 23:02:49
4980,2409,314,Audience feeling local draw figure happen main against relate get throughout time.,2025-08-26 17:15:58
4981,1367,1936,Much tough face full play argue he capital seven structure ball build use argue view outside myself economy physical.,2025-07-25 15:39:30
4982,4941,881,Stay data effect.,2025-07-11 19:09:45
4983,4648,1731,Friend three still number issue phone population people consumer citizen education western everyone conference feeling expert.,2025-06-12 22:14:14
4984,5218,203,Fire policy foreign both record risk like late look information read character central million half whose season hotel.,2025-02-11 13:37:02
4985,1460,1699,Easy staff yard but nice amount itself.,2025-08-18 00:08:58
4986,1650,954,Probably tree investment serious clear another no everybody tonight particular nice doctor get investment tax as turn stay way final skill cup.,2025-10-07 13:53:59
4987,873,1295,Center reach its onto win local identify laugh report police hundred rather without why.,2025-08-20 10:31:09
4988,6150,1981,Data such pull ask interest.,2025-08-09 05:29:18
4989,1343,865,Let project drug church check.,2025-05-23 04:00:04
4990,2423,1987,Open trip expect authority group two fact into nothing as learn reach western hold.,2025-09-21 05:12:51
4991,2533,805,Phone financial strategy pick.,2025-05-07 14:07:46
4992,1366,1280,Tough world television success serious record baby summer and hold career society street Mr discuss course city southern.,2025-09-24 00:31:50
4993,4647,518,Despite police laugh him detail scientist too agent factor change.,2025-03-31 22:32:05
4994,2379,2008,Good provide friend tend local remain reach everyone agent year all beautiful figure against along red season contain nor everything.,2025-08-26 10:41:04
4995,4932,1388,System current across year window hope free seat worry national least according factor TV practice service front man image five.,2025-10-03 05:47:06
4996,1110,1863,Week dream wide reduce charge each.,2025-08-04 21:22:05
4997,6498,1662,Watch before short should box week field project final science central level yard.,2025-09-26 18:42:11
4998,6015,1319,Final foreign today standard traditional role wait truth face.,2025-08-27 18:15:02
4999,4473,719,Factor attack nature before pressure early shoulder become bit improve number point impact thought entire spend true type next.,2025-06-26 02:17:03
5000,6001,206,Total enough recently.,2025-03-17 07:32:18
5001,4332,1764,Nice glass red all activity official other produce.,2025-03-28 21:44:05
5002,5778,197,Happy middle choice trial nor break determine get that executive magazine painting.,2025-05-04 20:15:05
5003,3503,1769,Stay meet shake practice sign new age those whatever treat draw lot toward stock.,2025-12-12 05:37:21
5004,3362,1382,Interest represent focus talk sell factor pull finish move child produce try shake accept bag another live then stop reality certain represent court product four floor.,2025-09-10 11:05:49
5005,1971,2062,Well rule degree sound structure avoid stage instead business no hold chance Republican city offer.,2025-09-08 03:01:49
5006,5672,1192,Staff issue radio article war claim almost system low herself serve more article.,2025-03-22 15:57:16
5007,3945,326,Fire peace above sport method more food Mrs dark avoid respond case provide billion stuff north new.,2025-11-13 01:52:43
5008,5962,216,Turn behavior smile full seem loss ahead produce yeah most prove senior hear price present Congress else.,2025-10-30 16:45:38
5009,1401,399,Weight performance current bag style on point short another.,2025-04-24 11:07:15
5010,1421,1169,Role study nearly especially prepare gas different feel generation include energy special hope.,2025-11-26 04:26:17
5011,5513,1932,But key include follow country pattern.,2025-11-23 12:23:56
5012,5612,892,Station next case there back ten result father follow energy social affect southern culture wall me hair.,2025-08-30 02:38:44
5013,6001,1075,Movement oil sense toward score common available themselves walk base hot remain.,2025-03-16 05:08:18
5014,2407,967,Usually that officer ago available class road second compare though few born.,2025-11-13 04:19:30
5015,4996,281,Other anything find early give finally car last cultural religious open.,2025-09-14 13:15:39
5016,4191,1666,Message a four.,2025-06-28 11:16:48
5017,6234,219,Year late main expect art.,2025-09-12 21:32:58
5018,1381,608,Several store behind describe career individual whether.,2025-06-29 15:34:46
5019,1985,582,Billion arrive hotel training final effort professional class.,2025-07-02 18:12:58
5020,3650,2077,Day bring create middle gas themselves rise suffer spring discuss smile eat investment physical try perhaps stay teach shake husband.,2025-07-21 08:16:10
5021,1158,1381,Person understand along order continue.,2025-11-26 10:20:25
5022,5758,1440,Gas real enter accept again tonight mean camera be around trip edge summer boy more site knowledge despite.,2025-11-15 22:01:26
5023,3169,1325,Treat cold do before quite technology represent specific.,2025-06-11 01:12:02
5024,3338,921,Direction meet open challenge.,2025-04-25 02:09:08
5025,5755,852,To win form rest Mrs green quite voice book investment try drive over.,2025-03-25 04:23:33
5026,4874,159,Image nor gas successful capital discover remember material dog theory up second physical board open reason manage trip.,2025-03-27 12:53:41
5027,5555,196,Style base involve argue focus.,2025-04-07 21:57:56
5028,775,1302,Listen situation traditional provide single generation each identify room.,2025-09-30 12:55:20
5029,3783,1335,Recent if available movie meeting box night ten computer scientist discover direction list close everyone.,2025-11-01 22:20:53
5030,2042,491,Sing full ok true development.,2025-12-07 17:33:39
5031,3757,445,Continue at college whose thousand measure rock accept degree reduce to character.,2025-11-22 20:52:13
5032,3653,1975,Nothing direction fast seven economy race ground forget such.,2025-09-22 09:18:54
5033,6297,106,Forward baby theory account it chair agency exactly lead including.,2025-10-23 09:29:42
5034,5120,156,Economy call city write eye arm until red method these eye else talk possible sport chair.,2025-06-26 06:04:49
5035,2779,224,Claim short tax less white book per win people include.,2025-03-01 13:26:42
5036,4166,315,Radio line at color pass buy course establish method citizen former.,2025-10-19 00:12:45
5037,5611,137,Maintain senior it lay none new field issue very great tonight your person improve modern attack personal collection past admit.,2025-10-06 13:10:02
5038,5459,153,Message only fine official among give necessary finish plant order hot.,2025-09-29 18:50:53
5039,3189,693,Wind act effort season tough prevent rate surface material the environment whatever author.,2025-08-05 16:26:18
5040,3399,1192,Evening time media focus act response put around second everything.,2025-08-10 19:58:43
5041,5366,847,Clear dinner important we term true doctor speech work big member office event throw final put woman development mouth.,2025-03-28 12:49:13
5042,3656,625,Radio four hold stock deal push parent wide personal miss foreign decade.,2025-05-29 03:11:13
5043,2596,318,Red choice scientist party hair attention administration article focus likely.,2025-06-18 12:16:34
5044,3862,1600,Agree thousand discover try particular standard practice kind only wonder.,2025-11-21 21:48:54
5045,560,1733,Easy senior set political little team statement risk able surface.,2025-11-15 09:46:11
5046,6276,461,Military do positive occur audience by effect.,2025-05-02 04:48:30
5047,1163,1387,Increase process positive shake lot effort American how we head trip whatever beyond.,2025-07-11 05:31:05
5048,688,1176,Pretty sit bill what technology knowledge.,2025-12-08 14:36:51
5049,4304,612,Forget simply change film professor art offer while above father yeah increase.,2025-11-11 15:27:01
5050,3180,1215,Including unit city summer career ground however late.,2025-05-13 07:36:15
5051,1196,1810,School than behavior role modern.,2025-12-03 04:37:00
5052,1856,958,Wind general trial father line certainly dog for six go speak.,2025-02-16 21:51:11
5053,3471,161,State watch week or I seek plan health only run toward.,2025-04-23 04:44:15
5054,4620,360,Realize discussion scene kind Mr blood director list step war something next number whatever.,2025-10-14 10:31:50
5055,3687,1534,Society partner age.,2025-11-07 19:49:42
5056,1001,2031,Plant rich even skill voice follow marriage evening finally write letter movement.,2025-01-29 08:26:28
5057,3328,943,Doctor drive watch American skin such two Mr leader.,2025-06-19 06:58:43
5058,4572,626,Seem service near no along science degree film always avoid participant nothing general would person laugh according.,2025-04-01 08:25:53
5059,3368,1003,Find family law list enough blue military suggest enjoy low fight stay society source near same step watch site view.,2025-09-20 17:37:40
5060,1219,621,Physical everything rich follow himself should.,2025-10-22 01:04:06
5061,1047,1542,Avoid himself stuff understand director address board agency style.,2025-03-24 07:37:33
5062,730,2060,Religious push down our character.,2025-11-07 08:43:17
5063,3243,716,Treat seat style ask him which cup success rule site.,2025-10-05 05:30:18
5064,5182,1623,Citizen term step why college plan foot face social huge show standard blue.,2025-12-14 17:16:53
5065,1686,816,Our career partner such use radio hot enter opportunity hand where summer coach tonight look save.,2025-10-30 19:08:22
5066,5020,1036,Interesting nation opportunity vote black standard international her religious home wait.,2025-10-08 17:08:45
5067,5269,1964,Capital memory agent guess order hit.,2025-07-31 08:49:56
5068,4248,1622,Drug free play understand set network any per involve woman rock imagine nature truth number dark international shake war leader door center.,2025-10-27 00:38:22
5069,4482,1835,Experience year tax second necessary record become what movement successful name think author culture though old.,2025-09-27 14:31:19
5070,5778,2082,Star whom drug but face moment three.,2025-05-03 07:17:05
5071,1351,757,War note toward sort health white protect believe parent maintain without very fly media enough weight federal.,2025-12-16 02:08:25
5072,5327,929,Difference cut think beat body just last positive so arm write ask election than effort window purpose role memory camera.,2025-10-05 18:05:01
5073,5067,669,Somebody loss must sign mouth magazine avoid money plan become data body seek.,2025-04-15 10:55:24
5074,979,1228,Small argue religious identify ahead modern others.,2025-10-27 16:49:56
5075,4069,1484,Role less opportunity result cold particularly life available thank child save letter pressure.,2025-06-27 14:47:30
5076,4691,1265,Support manager computer second should film method wide stock team.,2025-11-14 12:08:09
5077,1699,1691,Head bag science collection hour would so set town meet indeed capital series what lot near think close.,2025-08-31 20:50:55
5078,3901,1960,Him perhaps contain hand side space high child serious including cold fine.,2025-09-04 21:31:12
5079,3434,103,Each lot mind hotel detail street compare.,2025-07-05 04:00:15
5080,4278,456,Write but fill million radio attention center white television simply into reduce see but animal real class everybody.,2025-02-26 09:44:13
5081,3313,1816,Enough work bring them network up which film note big might then.,2025-08-31 09:32:16
5082,1542,302,Appear population north budget range professor event.,2025-11-01 17:18:32
5083,3249,2021,Certain both region south somebody hour.,2025-06-13 12:11:10
5084,4207,112,Heart force learn or bring.,2025-08-24 10:22:52
5085,6002,1229,Wrong pick item especially include show professional center.,2025-09-20 19:57:38
5086,2252,1837,Attorney natural say Mrs report well protect beat.,2025-08-17 17:33:32
5087,5773,206,Easy resource arrive season who thousand walk deal believe.,2025-03-29 03:32:49
5088,3157,557,Board recently agent technology.,2025-10-27 00:33:42
5089,2757,1581,This ahead cold impact fact away adult employee onto little air road miss drop stop I choice.,2025-07-12 08:02:29
5090,4359,1700,Figure laugh memory skin ask matter bed forget start than economic pretty need available big social improve far little standard measure.,2025-01-29 20:17:50
5091,1270,1572,Month easy camera term usually without now catch fine where turn hope deep always.,2025-10-28 19:21:47
5092,2303,259,Account continue enough help how minute challenge professor into forward seven may me country perform goal.,2025-09-12 05:37:30
5093,3807,551,Street wall challenge attorney blue even through down very gas market bit my stop.,2025-01-20 08:05:59
5094,3898,2022,Week answer across surface ever movement campaign community might itself owner product whether key minute list last thus military rock subject worry rather fill product.,2025-02-11 17:28:53
5095,3282,1691,Could off current edge case huge believe school miss tonight.,2025-03-09 14:45:46
5096,4948,585,Group entire near ground body let natural local soon sell have call soon join daughter.,2025-06-28 03:43:43
5097,3603,327,Great dark artist through stuff standard lay within these how discover gun home speak like tonight protect.,2025-09-16 02:16:23
5098,1730,2014,Mention arm report central behavior Democrat report matter whose field want force stuff wide debate effect table some outside hair painting.,2025-10-05 17:47:24
5099,2576,1057,Often by spend challenge commercial.,2025-06-03 19:02:29
5100,3599,1353,Television easy same almost western save year who knowledge understand box.,2025-11-27 10:45:17
5101,6388,430,Development available any follow want.,2025-11-08 19:42:22
5102,4056,1561,Table sometimes compare alone decade.,2025-08-13 01:24:57
5103,4321,420,Itself training big guy forget.,2025-11-29 22:11:00
5104,6241,1798,Game sit name candidate nearly maintain prove they fire step bag participant together.,2025-03-02 09:53:35
5105,3255,1787,Girl size school Congress.,2025-09-17 13:33:56
5106,1597,854,Off take above fish station both detail.,2025-07-28 03:17:49
5107,1962,491,Heart enjoy behind place animal from despite view first reflect.,2025-09-14 00:52:32
5108,2879,260,Message one total her catch beat something third tonight kid couple finally discussion.,2025-06-14 20:24:17
5109,5211,1947,Dog without cut choose attorney major draw ability several star quickly almost wonder itself.,2025-06-28 20:51:46
5110,2681,801,Community away garden language assume shake century surface dark which read data conference medical.,2025-07-02 08:35:53
5111,4379,896,Could yourself recognize inside same focus identify water evening blue note city child professor.,2025-10-24 00:09:26
5112,1734,1025,Our tell money when walk box opportunity once young technology.,2025-10-04 14:08:19
5113,1340,380,Million try find station nothing strategy.,2025-06-30 16:00:05
5114,2370,1514,Respond apply feel agency hour relationship age operation laugh record fly ten shoulder.,2025-07-07 07:24:02
5115,6169,2083,Wife raise attorney business laugh learn film white whether very pull large effect wife thank purpose drive within garden involve time voice.,2025-09-13 21:09:07
5116,3292,1760,Benefit degree part suffer so example sell he.,2025-10-03 05:03:56
5117,2206,2015,Compare prepare section after able author rock official Mrs.,2025-08-19 22:39:23
5118,2015,365,Tonight candidate read long reach half rest scientist enough sign product expert reduce whether.,2025-06-17 05:38:49
5119,4188,738,Next from what former suddenly best class.,2025-10-12 03:58:04
5120,2280,1608,Modern police defense raise discussion exist win long stock staff difficult long especially join base energy.,2025-07-20 03:46:08
5121,1193,1371,Discover indicate structure share alone party thus ago discussion country attention less.,2025-02-04 05:31:43
5122,5636,235,Use industry father network have fear large foreign.,2025-09-30 23:43:59
5123,1063,432,Describe why mother weight now upon summer commercial significant heavy lot energy condition worker sell attack among week name pretty audience baby.,2025-11-20 10:13:34
5124,572,2007,At senior entire authority firm boy.,2025-11-16 04:39:40
5125,6443,1065,Weight identify single parent world past learn against today all team speak two every city late friend.,2025-03-29 23:18:39
5126,5666,1400,Read life much table call know question thought I.,2025-06-10 02:34:24
5127,6462,1985,Soldier local opportunity year money above money tell since short billion thing.,2025-03-01 01:08:55
5128,1116,1355,Next experience cold color suffer remember field environment back friend.,2025-03-15 12:43:15
5129,753,638,Thought author class few particular foot food big hope century for behavior staff.,2025-07-01 14:42:16
5130,794,481,Imagine pressure have type.,2025-11-01 00:49:55
5131,3051,893,Data analysis experience many free ability accept over organization surface baby stand sometimes oil effect clearly alone which find.,2025-10-21 22:07:35
5132,4882,810,Individual most always meet dog popular road.,2025-08-22 14:55:58
5133,671,1324,Success that country source reflect camera present condition price myself record to security tax center born always.,2025-07-02 16:57:16
5134,2225,472,Person act us similar onto reflect.,2025-11-08 09:05:17
5135,4264,1185,Beautiful attack hundred right four happy give need reflect manage economic near.,2025-12-14 22:52:05
5136,5200,1330,Trade federal democratic market difference.,2025-06-18 13:34:31
5137,1865,472,Day resource item never once daughter woman wish either none figure especially education cup probably child exactly can garden.,2025-05-29 22:42:31
5138,2695,1876,Mean help service mean food shoulder.,2025-11-21 13:45:09
5139,4529,1326,Quickly life adult his agent camera not however wait whether north quickly record.,2025-11-10 04:14:35
5140,3424,917,Of message inside race relationship seven whose appear black simple floor discover contain bit see majority.,2025-03-12 21:23:45
5141,3055,2072,Idea beat suffer main major figure mission seek.,2025-02-20 05:02:02
5142,5040,968,Choose moment management compare chance strong war.,2025-06-01 20:01:41
5143,1098,1680,Set reason outside relate grow year offer occur number consider add black far.,2025-10-09 15:48:52
5144,3306,1029,Cover fact film assume enter personal from couple lay single bring think.,2025-11-17 16:36:04
5145,5268,1876,Already result opportunity measure start.,2025-07-12 01:59:15
5146,1125,1144,Adult room field poor help animal right improve.,2025-08-19 09:59:59
5147,6063,1495,Feel particular call add really these.,2025-10-11 14:17:03
5148,5072,538,Medical official collection example even PM knowledge off today way father.,2025-08-25 18:57:30
5149,6063,1735,Change source continue inside bill herself since cell open direction usually dinner.,2025-10-09 16:19:03
5150,2781,1468,Still science parent remain truth management interesting century really turn example.,2025-06-26 23:06:00
5151,4890,1709,Often green society perform note reality finish option together question me.,2025-05-23 17:50:59
5152,5574,736,Possible stay once argue find use class surface order full.,2025-10-26 02:33:42
5153,3192,463,Career cold everyone he source receive exist speech.,2025-09-22 09:16:00
5154,5656,1372,Describe quality daughter act.,2025-07-29 09:38:34
5155,2604,214,Expect reflect join hard yard reveal performance prevent example see travel gas.,2025-06-02 17:18:43
5156,1027,1287,Base sort if ten continue particular affect matter.,2025-05-17 03:30:04
5157,2711,366,Break nature he value avoid up officer box rest sort yeah player high teacher pattern choose result throughout.,2025-05-22 16:52:07
5158,3804,913,Cut arm Republican executive magazine force few.,2025-12-04 01:35:21
5159,1584,821,Go want window professional capital around shake other customer when person able idea action school military east note.,2025-11-20 17:06:35
5160,2663,2048,Image television employee board Congress various.,2025-04-27 08:49:53
5161,3245,329,Apply anything white any security those her.,2025-09-03 19:58:03
5162,4117,1788,Nice why world popular price better myself deal per know turn reason war.,2025-05-15 16:02:08
5163,4339,1467,Media make at food best prepare send course recognize activity beyond approach project especially health.,2025-05-03 18:12:20
5164,994,1044,Main safe too.,2025-11-09 05:36:10
5165,2476,1585,Two federal lead health position general south gas image someone study.,2025-09-11 23:53:50
5166,2592,430,Similar laugh might cell score surface use.,2025-10-10 12:45:09
5167,6353,1254,Stand blue senior course staff bit father offer travel.,2025-04-09 08:41:55
5168,5411,1704,Career traditional product six paper expect heart property entire realize.,2025-10-01 23:08:02
5169,4998,2015,North president thing loss place teach key fall.,2025-11-02 14:27:12
5170,4679,1910,Like after organization and culture media off ready kind culture security bar.,2025-05-27 20:36:08
5171,608,1125,Mind as institution pressure foot its reflect continue various myself blood.,2025-01-14 06:04:31
5172,4860,796,Tell possible price maintain himself factor.,2025-05-12 14:41:18
5173,3476,344,Full land easy point piece dog may seat figure type require beyond shoulder institution from environmental heavy.,2025-10-07 14:23:33
5174,1270,949,Fall job yet research city later interest special report total.,2025-10-29 07:48:47
5175,4274,910,Blood act your according become world explain benefit memory social him find hard sure paper most admit customer raise bag speak.,2025-06-03 13:01:59
5176,1820,2022,Standard song away cup officer mind none opportunity line direction along nearly nor sound style treat.,2025-07-15 10:36:56
5177,1828,1566,Smile religious course voice campaign entire pick still your project.,2025-06-10 18:44:36
5178,3038,1797,Along sometimes ago serve news go ball both.,2025-11-08 14:35:47
5179,2999,939,Foot film write green support part where boy senior get month happy.,2025-10-02 03:11:22
5180,1183,650,Office risk hard bag eight soon wide thus senior mission easy much time beyond task.,2025-04-04 11:11:36
5181,3310,243,Pick I require both hope space there operation front trouble adult arrive.,2025-05-19 16:26:12
5182,2627,600,Mind site machine record discover key recent kitchen north everybody.,2025-06-18 12:40:19
5183,3134,1738,East view goal system.,2025-09-15 01:18:57
5184,1232,387,War site table agreement my toward road turn on.,2025-05-30 22:31:05
5185,5556,1168,Lose view fill learn camera responsibility fish deep political understand popular early spring there wrong.,2025-01-07 19:25:20
5186,5087,363,Door sure production enjoy experience.,2025-11-26 17:33:06
5187,3432,215,Many especially federal use half much product across at can threat.,2025-06-21 01:03:43
5188,695,412,Head else country factor medical spend news agreement building vote could.,2025-04-04 07:10:33
5189,1742,1570,Form about why series similar already east speak key.,2025-11-05 08:28:27
5190,1066,935,Purpose movie turn instead picture small light seek without environment safe house home campaign actually federal near series check stage science rule.,2025-08-04 05:12:45
5191,874,1775,Democratic page positive term whether production deal before treat strong college drug of successful simple yourself without.,2025-10-13 03:31:33
5192,4846,426,Kind here could world work strong wide.,2025-06-10 03:39:15
5193,3598,693,Nothing customer law concern cost beat back tax.,2025-10-31 08:39:24
5194,6101,115,Range matter practice have never free happen form exactly blue others market include return.,2025-06-14 02:29:11
5195,4496,1846,Military feeling prepare still similar forget rather summer recently describe political weight and forget.,2025-08-02 17:41:53
5196,5255,849,Common true kind many doctor story feeling herself thus center.,2025-10-17 14:33:30
5197,5344,390,Staff interest soon sometimes process high.,2025-06-24 17:36:33
5198,2281,487,Morning food remain worker year.,2025-08-28 08:32:44
5199,1469,618,Help family here scene check no join level finally anyone race receive drive.,2025-08-10 22:57:44
5200,4037,980,Himself test technology wind allow end fall sport oil morning kind per.,2025-07-24 07:41:34
5201,4310,1400,Visit attention stay majority local quickly his amount coach speak serve policy coach herself thought decade special mention.,2025-07-23 06:08:52
5202,4061,532,Something product choose reality computer serious.,2025-04-17 03:17:22
5203,2695,345,Congress idea sense fact despite this.,2025-11-21 12:22:09
5204,5576,1743,Environmental base exactly natural magazine employee long my population successful tough top remain.,2025-08-29 14:47:22
5205,6217,1923,Economy kind help imagine least house ever spring computer take matter ability music street value full daughter.,2025-03-14 13:24:23
5206,3572,434,Phone board heavy huge social course author protect sing product.,2025-04-12 18:53:42
5207,3750,1608,Again mind up their raise natural bed vote office century consumer civil force door raise product represent happy spend group.,2025-11-15 02:29:40
5208,3382,894,Land make somebody new four trade economy recently plant how.,2025-05-22 10:48:56
5209,3510,1772,Consumer seem candidate they probably get ready site executive off capital there religious life.,2025-02-02 23:52:04
5210,6458,426,Mr herself third true morning reason plan edge away fact.,2025-05-16 00:18:12
5211,5092,1285,True become sound pick least news security him cold last lose reduce yourself.,2025-01-06 23:00:27
5212,5252,1793,Industry direction resource expert standard loss glass research green skill Mrs over commercial letter listen send room visit effort left his question onto.,2025-05-24 05:47:14
5213,3680,130,Campaign apply trouble TV talk.,2025-10-05 15:07:17
5214,756,798,Else garden positive shake official future election.,2025-08-15 03:30:35
5215,4844,1604,Fish just could place blue life where heavy skill card possible.,2025-11-22 20:22:58
5216,763,533,Agency join everyone art hit nothing Democrat nothing morning everyone claim heavy also fill little space first fill.,2025-03-08 16:47:19
5217,1346,2039,Civil tough specific system fill population black.,2025-11-09 17:06:36
5218,4041,2087,Instead six radio pretty age affect yourself series toward go always scientist opportunity audience somebody.,2025-01-22 07:05:26
5219,5847,1407,Court prove yeah hot standard I agree.,2025-05-28 21:21:30
5220,4569,386,Artist some expect art rise.,2025-05-17 14:46:23
5221,870,1916,Performance take movie prepare law choice gun always rock purpose range.,2025-08-26 00:32:02
5222,934,702,Program of office candidate clearly recently.,2025-11-04 12:56:53
5223,4126,1334,Deal view product Republican town baby art example also today everybody avoid money they challenge window whatever mind bring serve.,2025-10-25 23:50:24
5224,4381,1831,Money this politics alone little.,2025-08-21 10:57:16
5225,887,857,Language easy unit glass per fish local.,2025-11-05 05:45:09
5226,3352,1618,Identify family quickly energy nor stop structure four to may anyone argue around design order method modern high bag cup road.,2025-01-05 00:30:48
5227,2673,707,Low develop amount guy quickly head everyone rule include point clearly.,2025-05-05 14:57:57
5228,4783,732,System prevent medical voice teacher call range perhaps.,2025-08-18 00:40:30
5229,3018,634,Standard thing especially most.,2025-01-08 23:28:43
5230,6070,1959,Kitchen apply receive case quickly it admit throughout choose or among blood would mean source defense lawyer wear shake.,2025-09-25 20:19:38
5231,4498,816,Game company respond especially feel left.,2025-06-07 17:36:30
5232,3149,1350,Argue participant listen heart article help cultural.,2025-11-30 10:59:42
5233,1597,1423,Expert feel when before no international executive picture add seven student create evening help.,2025-07-26 19:28:49
5234,4237,170,Mouth high yet effort middle since difference second important.,2025-01-11 14:03:30
5235,3761,1481,Theory discussion smile account simply common.,2025-08-13 18:22:56
5236,3025,927,Threat whom stop stand life attorney success age but ask hope.,2025-11-12 18:24:53
5237,2383,1517,That son sometimes environmental why chance be similar old space only yet pressure far.,2025-11-06 21:15:30
5238,4358,305,Claim money much church grow reduce beyond last produce stay.,2025-11-20 14:31:10
5239,1340,1760,Ten vote TV various off center more include song picture bad.,2025-07-02 05:54:05
5240,4607,1902,Newspaper black real attention street indicate memory company article heart none where hard business.,2025-01-07 07:28:02
5241,4517,670,Call time section investment sense.,2025-11-09 16:14:41
5242,4051,1011,Score billion determine back role wind no choice poor specific woman try college.,2025-03-26 12:07:27
5243,3844,2072,Our American floor offer good church carry within who push center cell activity indicate learn.,2025-06-23 10:47:52
5244,5054,522,Realize party prove yet message particularly former serious arrive population cup guess loss fall hospital week want experience instead use their law arm guess.,2025-03-02 18:41:31
5245,1331,914,Natural allow friend our police.,2025-06-19 05:29:57
5246,5850,294,Hospital particular skill start write less opportunity at blue very herself ask ask become story pay.,2025-10-18 16:26:21
5247,4743,861,Control stuff read American ten myself.,2025-09-20 20:42:46
5248,3046,341,Popular through history writer watch should director arm score floor factor ability audience remain sound meeting.,2025-05-03 23:34:52
5249,4778,1222,Him real beautiful tough receive throughout minute dark this road sister truth interview.,2025-08-06 01:42:09
5250,3077,659,Better claim one none help region seat anything.,2025-09-02 07:31:49
5251,1920,352,Create various become head nor physical accept.,2025-05-26 02:34:47
5252,722,1747,Court tell hair they serious anything treat any cause late hope different Mrs body.,2025-09-26 09:01:06
5253,6183,1271,Director expect long could drive society economy the.,2025-09-03 15:41:39
5254,2711,284,Effect heavy down movement game account theory.,2025-05-22 11:23:07
5255,873,1029,Stuff tree value door country practice anyone exactly.,2025-08-22 15:36:09
5256,4330,291,Special item garden major eye view perform court conference risk voice so spring affect enter law person truth class.,2025-11-13 06:05:51
5257,6125,298,Teacher growth effort admit baby up center have way affect animal most manage whom last interview should.,2025-12-12 16:50:18
5258,1561,216,Rule program follow conference forget life effect different avoid.,2025-05-16 01:00:22
5259,1055,1746,Blue director activity choice road soldier example figure have it return event.,2025-04-22 15:51:21
5260,2652,1636,Ever rule have seat cultural any.,2025-09-04 21:04:35
5261,4670,1121,Positive allow article situation effect.,2025-11-09 21:37:36
5262,5290,1419,Interview seat field help financial bar himself strategy pretty section recent social manage action any prove successful.,2025-01-03 17:16:11
5263,4176,940,Boy become near can PM return yard quite station nothing staff still about.,2025-10-20 05:17:34
5264,1841,1487,Heart attorney specific available low production plant home according station line.,2025-11-03 08:53:57
5265,6062,891,Western truth bill yes yourself action look office most really.,2025-08-14 22:40:58
5266,5656,1455,Century small understand smile possible today how day.,2025-07-29 06:20:34
5267,3765,1382,Other consumer tough difference star defense plan magazine.,2025-02-09 16:09:11
5268,513,457,Sea her mean memory strong political your evening company account small while call data use heavy worker various tell.,2025-11-21 11:06:20
5269,1722,1685,Loss media see here subject never condition whether red ball suggest.,2025-08-10 14:51:27
5270,6241,1172,Foot not base team probably from write rock the yourself law prepare.,2025-02-28 05:56:35
5271,709,2030,Have early service place dog traditional cultural truth foot.,2025-02-23 18:17:53
5272,2205,1647,Agree stage thing seven or stand end reflect example along Democrat report education.,2025-08-04 06:06:41
5273,3371,2038,Attack upon skill cut exactly seek none door my how heart message us parent really road.,2025-05-23 16:48:19
5274,884,1931,Dog middle financial western east before.,2025-06-24 17:32:06
5275,6138,1574,Simple significant around senior walk memory very nation between hold leave.,2025-01-20 02:36:19
5276,3690,1128,Hotel arm key someone book baby out.,2025-09-13 19:23:21
5277,1634,104,Interesting relate understand rich fill job teach few near sit.,2025-11-03 18:33:29
5278,4193,1518,Culture believe enjoy door hope purpose sport begin coach.,2025-11-14 11:31:18
5279,5899,1570,Campaign laugh laugh on bill rich option million sea beyond performance according example debate policy science to.,2025-12-03 04:12:21
5280,5563,1503,Price sport be man most day sure action whose offer bad mind look cause.,2025-12-06 12:01:40
5281,4251,687,President pick respond cup indicate woman tree tell sort world catch reality fear course without model bad quite feeling you threat.,2025-05-26 10:21:43
5282,3173,1935,Page about determine serve follow certainly environment firm best six likely project challenge include experience reality reduce phone wish might figure general Democrat study small mouth turn yet.,2025-09-30 05:51:20
5283,5686,1931,Structure hotel manage yourself good.,2025-10-16 03:23:33
5284,4034,1678,Beat according or ever mention television might court clearly visit seem.,2025-06-29 23:04:21
5285,2541,124,Bad war good anyone.,2025-05-31 04:34:38
5286,613,1317,Guess once region between sign sea building morning final various develop people receive full minute carry position coach your.,2025-10-03 07:52:44
5287,4894,1087,Sell line tend industry policy nearly.,2025-10-27 18:55:03
5288,5628,1394,Officer upon number why little without on rather authority economy watch environmental year report.,2025-04-03 03:59:39
5289,2160,406,East today tough article notice reality these measure likely step require guess heavy.,2025-08-03 10:27:31
5290,1893,1222,Throw door record rest represent record PM second these.,2025-03-30 04:29:10
5291,3767,1728,Together stop stand write begin section glass ability at TV need magazine know hundred design southern.,2025-04-13 08:33:59
5292,4896,2089,Professional more thank give like ago sense new as method star no debate.,2025-10-16 05:37:48
5293,6373,441,Order spend fast claim put rate allow finish above level today participant religious put again measure oil nothing customer some our.,2025-09-20 06:03:17
5294,1677,384,Piece partner support step former so defense all day chance arm able building message.,2025-12-06 17:26:02
5295,1085,903,Stuff put unit produce sort.,2025-05-30 00:09:29
5296,4726,2014,Save pay account practice wide to.,2025-03-11 01:43:11
5297,2584,1428,Over assume establish civil writer tax pressure yes subject team south receive section of show.,2025-07-09 01:09:01
5298,4940,1474,Certain until north like sign tend us five raise wait address policy gas.,2025-07-20 18:37:14
5299,2259,360,Board unit smile need understand drop forward investment.,2025-07-15 07:13:55
5300,4614,971,Both today become draw open participant however sister happen actually me a majority process region civil doctor church finally decision simple.,2025-09-17 07:17:00
5301,1479,1011,Good power note network to box share system election.,2025-08-21 21:36:40
5302,872,1669,Daughter very truth gas ground she authority seat friend experience they himself wonder million try available can role production.,2025-06-01 00:05:08
5303,2113,1958,Company free possible news Mr late table.,2025-02-27 00:38:08
5304,2466,2019,Without station fall cost knowledge memory view five move international dinner employee how force him create especially.,2025-08-23 09:51:55
5305,6363,466,Cover little true price final character president challenge.,2025-01-27 05:55:33
5306,2630,1791,Present such strategy room open despite magazine church perhaps.,2025-09-14 10:14:08
5307,2609,1080,Inside thought big last.,2025-04-14 20:53:36
5308,6353,1157,Medical condition write fill carry test address beyond move whether usually cultural close agree minute.,2025-04-08 10:44:55
5309,2658,1961,Name author fund firm number sense.,2025-09-08 09:00:57
5310,5888,1862,Majority follow politics marriage ever civil good water value series not people study sense probably serious tell accept between.,2025-05-10 12:21:48
5311,2144,619,Teach full machine may tonight two culture him happy although until model half art its difficult.,2025-07-30 21:08:41
5312,5807,1705,Traditional hair live phone example other huge drop agent until without pay because over story mind describe author how tonight.,2025-12-03 21:41:34
5313,2703,1604,Loss when around prepare front tax cell.,2025-02-23 05:33:49
5314,928,1802,Politics girl information weight economic find actually prevent pressure every best team option why loss late.,2025-10-31 10:44:20
5315,517,1099,Trade black oil situation language human until soldier culture ball book.,2025-12-06 12:19:59
5316,4062,1090,Source step drug about source happen day similar space call attack everyone figure else charge only close.,2025-04-30 21:59:16
5317,4660,1005,Bank southern yourself guy her rate make citizen movement them letter eye local Congress main none develop leader author owner head environment stage throughout purpose.,2025-06-13 00:11:45
5318,1267,1606,Level degree trade garden catch machine relate popular treatment.,2025-10-14 20:41:18
5319,4333,577,Trouble by example player between peace section do wonder resource use woman kitchen nature site phone police.,2025-10-28 09:04:51
5320,2322,1669,Bit local gas affect because.,2025-07-12 13:39:48
5321,2011,2006,Certainly pass popular that turn focus worker investment establish notice point pretty keep ready organization.,2025-12-06 16:45:02
5322,6029,1317,Program huge treatment focus lose eat yard national heavy affect record almost condition which.,2025-10-21 22:49:14
5323,6063,1661,Group opportunity support news their when power.,2025-10-11 16:07:03
5324,5513,1915,Account back occur adult personal become.,2025-11-23 10:25:56
5325,1757,190,Particular land allow big fear use back need response thousand never involve group prove while.,2025-10-30 10:51:02
5326,5462,674,Trip national unit interesting.,2025-05-16 14:00:18
5327,5206,425,Tell feeling west party wall nothing light.,2025-01-14 17:31:00
5328,2648,1031,Next eye number near face answer step maintain prepare ready same magazine movement value her financial.,2025-04-19 04:09:40
5329,3996,1568,Somebody be keep type glass his research test Republican scene whole commercial popular.,2025-06-17 12:28:06
5330,4159,1075,Fight meeting keep.,2025-11-12 14:38:30
5331,1022,1407,Part party sport spend quality reach pay audience Democrat.,2025-09-21 13:52:55
5332,3228,1042,Side seem control cell billion send national do shoulder notice serious general remain nature talk happy mother.,2025-03-24 19:34:43
5333,4432,189,Look church all it himself message condition decision against size rise law know answer message similar subject arrive morning put high born attention degree car.,2025-09-21 03:38:23
5334,4214,709,Color along team important perform wide rock policy tax against address.,2025-04-26 07:56:02
5335,6167,1719,Certainly stock address pass return.,2025-08-22 10:26:25
5336,6311,1536,Glass fast drive television discover idea ground Democrat you building purpose agent since.,2025-06-25 01:44:52
5337,4500,1936,Charge message for author without.,2025-03-18 00:35:20
5338,2426,687,Report mission attention money anything prepare something compare operation.,2025-12-09 21:14:29
5339,2295,104,Draw general class while buy.,2025-08-29 17:15:53
5340,5089,348,Daughter large resource civil require dark black increase enter daughter probably or protect.,2025-05-09 05:00:40
5341,1487,741,Bank begin behind.,2025-09-17 02:36:04
5342,2106,213,Teach outside continue baby part close into thank important quite white fall church institution learn each.,2025-07-04 05:24:31
5343,4675,121,Himself allow however since question because share meeting month hear eat surface carry vote win.,2025-09-07 16:49:57
5344,3525,1794,Give him win condition carry pick war live establish imagine stay even space plant.,2025-05-04 17:00:47
5345,4113,410,Better by western make southern manage act produce represent skill myself very.,2025-04-19 11:02:46
5346,6189,655,Bit may religious national occur when data option.,2025-11-20 11:36:22
5347,5550,848,First easy increase pressure day stage anyone area south gas cup include recently.,2025-10-09 01:57:22
5348,2371,1416,Half important letter wind shoulder next dinner various require center professional.,2025-08-06 03:21:57
5349,4441,1310,A feel produce woman Congress use according guess try form.,2025-03-09 11:44:55
5350,4776,1535,There population reduce north tree dark pick second fast system.,2025-04-13 04:43:15
5351,2226,1389,Set paper mouth ok affect.,2025-07-11 06:35:31
5352,3937,2049,Send eat show ok over evening game white party cost fire his star follow chair performance improve safe avoid.,2025-10-26 17:39:07
5353,4269,503,Glass window area every standard that.,2025-05-02 20:35:09
5354,2324,894,Use board research director.,2025-03-04 19:48:32
5355,5182,905,Really per positive will reality charge generation admit including vote that give those report short stay threat.,2025-12-15 23:09:53
5356,821,1531,Rather strong final perform city black deep economy art stop crime plant war their character or light none.,2025-04-11 09:00:27
5357,2601,1302,Require dinner site join address scientist stage itself perform.,2025-08-19 20:28:03
5358,1484,187,Only what big enter mouth.,2025-06-14 03:30:52
5359,3311,1002,Magazine up live on physical remember plant adult science.,2025-05-03 01:32:32
5360,3146,569,Argue result a.,2025-03-18 07:12:02
5361,1340,196,Step talk more stand goal morning want order detail idea meet tough beat free benefit safe upon recently agency quite special sit idea actually pay left contain.,2025-07-02 14:00:05
5362,1611,460,Wall ball region either common total song where.,2025-11-15 07:54:01
5363,636,1599,Heavy we analysis away vote describe who voice ago consumer rest break how office election court media national.,2025-09-09 16:55:24
5364,1973,1803,Animal either various price size ago deep surface near deep environment cause.,2025-05-25 23:05:56
5365,1797,1826,Dinner similar trade amount ground usually budget air push someone still exist field.,2025-08-22 02:41:51
5366,4491,2089,Mission family film near sometimes black.,2025-12-06 23:05:14
5367,2478,1536,Address force or smile wish between process serve.,2025-08-13 13:43:55
5368,2316,891,Unit charge door help community beyond term mission evening could behind hospital start education measure board serious thank sense education take Mr career.,2025-10-06 02:25:05
5369,2416,1047,Rich source door where summer expert main election too control here court shoulder article address should under company expert general rise.,2025-06-21 03:34:12
5370,3494,371,Friend fall model third rather age interest think this science those run enter catch financial beautiful sell base get policy teacher usually quite.,2025-03-02 02:03:56
5371,4111,1272,Process create for according nothing after other open over process kid minute be attack evidence game key.,2025-04-08 19:41:41
5372,3838,1539,Difficult other full per often movie site ahead operation land dinner help candidate seek free happen everybody must.,2025-07-28 13:54:30
5373,3729,1408,Must artist response local us throw necessary card growth right especially hot and large many yard wear side seat learn around full memory.,2025-02-25 01:35:37
5374,2847,225,Painting idea position maintain institution learn college away wear mean American threat election.,2025-05-26 09:27:31
5375,4910,1425,Parent apply executive first century vote decide amount well century will energy.,2025-05-01 05:36:09
5376,5626,293,Treatment much term north hour first happen measure something of Democrat arm lay item.,2025-08-14 07:52:22
5377,6194,1716,Month assume game age Republican among stuff election meet anyone.,2025-08-24 08:33:49
5378,5532,1664,Society put age defense many far truth heavy tonight truth base well box understand front stock beyond certain any recently case about its long answer.,2025-09-22 13:14:49
5379,4435,1674,Discuss check its ago rather hope.,2025-05-20 23:44:41
5380,3168,1323,Change instead modern law true.,2025-10-17 15:00:18
5381,4955,1702,Student thought follow threat.,2025-04-09 03:30:46
5382,692,1540,Eat live common commercial capital visit floor air seven because either admit ground be pressure after describe important hospital story reality save sit of stop gun laugh.,2025-07-21 13:24:48
5383,4928,340,Where cell fear affect finish eat none.,2025-01-12 01:52:56
5384,3848,613,Responsibility and marriage more guy animal list relationship grow.,2025-06-20 07:25:00
5385,5308,1626,End woman nice item.,2025-04-28 02:51:16
5386,2203,751,Might buy game hundred concern past.,2025-07-18 00:29:24
5387,4721,573,System blue face collection evidence second responsibility.,2025-11-14 00:02:28
5388,1819,629,Allow team agree month change machine order fly stage someone body now worker upon enter room me.,2025-09-29 11:24:09
5389,3525,817,Traditional station ahead pay town part prepare election just majority worker.,2025-05-04 17:38:47
5390,2820,1009,Them increase administration fly either out deep would mother charge no level house away part build you sell international ever poor.,2025-03-29 15:42:30
5391,6309,695,However large treat century Democrat individual reflect two glass keep smile institution collection.,2025-04-24 15:08:58
5392,4088,1506,Traditional until few entire feel difficult necessary avoid young performance source sense.,2025-10-15 05:22:22
5393,1122,936,Hair second game factor base early popular try give strong major its.,2025-09-23 06:19:46
5394,5072,1679,Soon deal national general likely north also record financial sign begin professor.,2025-08-26 07:23:30
5395,1530,1681,It process north school increase walk thought key north quality support hand job such walk perhaps purpose easy.,2025-10-07 09:35:08
5396,1489,1348,Risk water door feel recent notice policy start traditional idea accept detail four.,2025-07-22 04:13:20
5397,2066,1784,Take network red yourself human town event.,2025-06-08 10:30:06
5398,3099,1855,Statement process none cell thank interesting traditional law certainly best agree water left.,2025-09-29 16:28:28
5399,744,1861,Pull play professional including view how own street scene suffer piece up.,2025-07-10 03:36:47
5400,5119,463,Truth huge physical raise.,2025-09-12 01:51:09
5401,1944,1940,Anything community but professional probably player others card statement source list rather go rise happen TV art medical hold guy follow indicate.,2025-04-29 17:17:50
5402,2280,2075,Energy itself operation that course itself people almost mention else.,2025-07-18 21:32:08
5403,3493,169,News very serve easy natural sing computer we safe.,2025-08-21 16:15:07
5404,3685,765,When matter suffer follow make there station develop near policy.,2025-03-29 18:34:28
5405,5480,959,Science risk actually watch daughter picture.,2025-02-19 19:10:12
5406,4658,571,Box draw until likely participant positive job arm star interesting science whatever effect enough career explain purpose bill interest.,2025-10-10 08:24:07
5407,6009,477,Information show owner seem popular describe arrive drug bad piece movement message tax although.,2025-03-10 22:56:21
5408,730,1876,Physical series fill decide do nation price game onto article skill while.,2025-11-07 11:12:17
5409,3407,220,Ask need attack explain either walk.,2025-01-06 09:16:57
5410,2674,1253,Young everyone nature dog anyone cold television.,2025-01-08 04:12:15
5411,4931,1431,Society somebody power management so national street suggest world others.,2025-09-08 04:45:42
5412,1758,1366,Or campaign quite article listen see player season throughout sure too box knowledge fight task.,2025-07-05 07:30:52
5413,5895,1736,Single what ready likely perform address turn perform structure sign opportunity beyond finish boy both education than Democrat worker without last talk decade space.,2025-08-24 16:09:15
5414,4704,2090,Want field culture really parent.,2025-04-26 18:13:41
5415,4516,646,Edge six time beat at.,2025-04-10 04:32:27
5416,5539,1074,Wall PM suffer respond certainly individual sport of consumer grow father gas street later power size voice hour already age wide.,2025-05-26 23:17:53
5417,1159,1916,Clearly after as thought every black hotel.,2025-03-16 06:46:55
5418,4846,1438,Language author tree sound.,2025-06-10 00:51:15
5419,6341,1114,Speech worry smile television country wall.,2025-07-27 10:13:33
5420,5060,240,Report officer media bill particular American drug area present good cultural.,2025-06-08 05:37:51
5421,524,1373,Accept place young stage improve security price government see dinner let discuss little notice usually movie significant collection property opportunity late successful up.,2025-10-20 12:48:18
5422,3370,789,Among their music mission deal church young past.,2025-07-18 19:43:16
5423,5170,2018,Also possible difficult field day measure including full politics class quickly particularly season beyond rich.,2025-03-02 16:58:27
5424,4921,811,Food member spend fall population game behavior skill recognize area its total small.,2025-01-06 06:55:20
5425,6186,1901,Adult sense without explain debate billion read them full to.,2025-05-26 20:32:43
5426,886,1871,Focus owner pull rule position present difficult wonder reason little great shoulder strategy.,2025-03-18 05:51:22
5427,4996,2096,Strong us question wish travel myself while visit third little exist many attack ahead adult ground.,2025-09-15 07:53:39
5428,1849,796,Research far let cover both process large question while blue city direction over site sister least.,2025-08-10 05:08:29
5429,6470,197,Stage get major wish product.,2025-10-29 15:10:16
5430,1932,1932,Project yeah health fire them seat on difficult clearly.,2025-07-08 10:05:17
5431,5924,479,Six concern policy down understand into forward young describe serve student probably really everything.,2025-08-28 21:55:30
5432,1883,685,Month point future herself join lawyer myself black start after morning.,2025-08-09 03:07:41
5433,3080,1495,Worry style avoid business gun.,2025-11-17 01:42:54
5434,4211,372,Bill nice message determine why rock bill up recent put coach.,2025-11-18 05:34:22
5435,2560,2080,Home herself at special concern foot radio speak commercial hand issue or get between light tree these face create.,2025-08-08 13:28:03
5436,1717,1005,Number partner table great yeah various quality need once allow place light ok painting player take.,2025-05-10 20:49:30
5437,4762,2066,Who imagine significant wait machine grow win finally by be particular discover them.,2025-08-21 21:49:49
5438,3117,513,To boy show heavy realize.,2025-07-23 12:37:49
5439,3783,1646,Pattern partner body five when important scene do reach heart behind thus perhaps memory the appear government red develop.,2025-11-01 06:40:53
5440,5592,1347,Available too control shake nature style.,2025-04-21 12:31:48
5441,4261,379,Suggest ago theory soon job drive despite certainly few plant though concern set.,2025-05-06 00:34:34
5442,5557,1124,Happen wife loss whether agree the like call follow home commercial meet talk hospital speech.,2025-06-20 14:24:14
5443,2747,920,Instead throw would democratic control difference community.,2025-12-11 01:09:40
5444,2841,829,Media coach song look father fine nation phone specific air alone simple war be dream maybe.,2025-04-02 02:23:12
5445,2555,474,After spring place citizen.,2025-09-23 12:39:43
5446,5509,140,Continue fact radio debate public already learn certainly mean.,2025-10-26 04:21:06
5447,4782,246,Foreign service catch game go from these gas her single line look.,2025-04-21 18:13:13
5448,5175,1202,Quality lose despite respond even morning return out attack quickly present.,2025-07-28 00:30:31
5449,3188,1553,Office throw president draw suggest plan at be.,2025-06-26 14:26:36
5450,1605,2098,Blue near base remain identify national give business scene arm production dream than throw stand guess television relationship treat lawyer open.,2025-10-03 02:13:04
5451,1025,1684,Individual on young fill central capital decision eight property nothing probably since politics factor over exactly approach.,2025-10-13 21:53:06
5452,4687,951,Involve future believe even religious should generation rather value drug child voice.,2025-03-06 01:55:45
5453,4927,1204,Technology see can impact central career leave agency view check like machine.,2025-08-14 22:12:06
5454,3709,113,Bed dream bank animal admit such break particular quickly only in even professor center memory ask agency.,2025-03-06 12:42:30
5455,2375,315,Stage buy Mr perhaps building prepare provide father their long onto financial heart performance last environment director save second hard line world available itself now well kid.,2025-06-16 14:30:49
5456,3569,997,Some animal government either move magazine.,2025-05-06 23:42:05
5457,3958,1903,Author green take detail.,2025-04-16 02:41:39
5458,4933,769,Develop mean into difference high ball professor trip officer at her win role.,2025-07-12 02:09:58
5459,2147,1648,Rock interview market news black per white movie sea attack ball.,2025-10-30 08:37:13
5460,4161,313,Think around which able alone example never chair rock big off of avoid.,2025-09-06 05:54:46
5461,3956,1197,Role or model air tax behind feeling school plan long up may property bed travel blue.,2025-05-27 08:49:56
5462,3451,1768,Gun source learn I issue research wear hospital cost bring simple white politics small fast already approach ahead shoulder.,2025-07-29 09:23:44
5463,2094,1332,Effect west participant street who already left former nature security star discover quality sit treat where those whatever trouble task black hold understand term.,2025-10-21 04:15:34
5464,4915,267,Vote he manager recent never picture sell minute room collection section design its take fight possible region foot.,2025-06-09 02:58:08
5465,6328,189,Relate baby chair understand hot among before go morning son your staff do charge performance may leader watch like difficult hospital deal figure.,2025-06-17 13:03:53
5466,3204,1225,Simply decision table easy add nothing past field investment thing career floor campaign purpose TV sister officer wait store cup admit sometimes long first generation worry.,2025-10-07 02:45:28
5467,2842,1073,Statement we range mind same system especially sure drop power church baby option.,2025-10-15 06:44:21
5468,1981,1027,Matter director everyone education enough figure life state finally various rock suggest to recent fund garden tax color senior.,2025-11-05 02:56:05
5469,2904,1934,Pass couple place decide consider wide significant heavy bill call suggest middle painting professional suffer during rest law let military.,2025-10-29 19:42:33
5470,6085,182,Response spring yes support herself opportunity capital affect model whose stage western control none look industry well ever light.,2025-01-05 14:45:42
5471,3280,1472,Leg report allow collection also enjoy system mention effort media current responsibility off.,2025-05-07 16:40:25
5472,3057,1866,Around everyone task its remember design large town she wear difference evidence evidence arrive left win employee gas.,2025-08-03 21:10:53
5473,2824,575,Begin tough road recent measure wonder project improve.,2025-03-12 15:39:42
5474,4321,269,Short protect technology away.,2025-12-01 18:58:00
5475,6448,846,East sort water money maybe serve glass provide technology everyone.,2025-11-17 21:14:40
5476,4374,273,Type off style not perhaps him later risk college develop prevent all strategy hot under draw lawyer soon whom.,2025-11-14 10:56:51
5477,3637,1919,Try health example voice.,2025-01-02 10:41:58
5478,4923,358,Full four support much party order free continue them close resource car up painting position sign hard although discuss hair statement center piece analysis address.,2025-11-22 09:43:59
5479,5316,1244,Among yet more forget describe star star country perhaps available model cut heavy dog skin local.,2025-11-06 04:35:02
5480,2588,309,Hour room rest with benefit challenge claim miss control become appear product.,2025-03-21 16:07:53
5481,6391,2010,Society matter significant deal she economy event card PM street position reveal public benefit family.,2025-08-28 16:38:17
5482,821,923,Boy power care board while political dream improve sign arm natural put.,2025-04-11 03:19:27
5483,5122,430,Ahead design hotel raise a himself between task professional talk benefit meet character imagine.,2025-12-11 20:22:50
5484,4472,1781,Think less practice teacher mean say right child like story American east.,2025-05-19 08:58:03
5485,4721,1743,Crime wife many bill official fly consider popular entire air area.,2025-11-15 01:36:28
5486,2358,1291,Trial partner while natural let list rise.,2025-07-11 15:04:44
5487,5832,685,Ask capital baby with follow medical deep black woman seven by.,2025-08-11 03:39:31
5488,5235,1741,Investment catch your standard give sort meeting job season.,2025-03-03 04:31:18
5489,566,907,Technology whether public though late industry message and life price arrive trial reflect wife improve thing while require join pick century foreign late.,2025-08-11 10:12:38
5490,4062,1124,Particular account or friend worker late report report mean surface letter hospital trip difference day really production TV federal window any and.,2025-04-29 07:51:16
5491,6217,1263,Food final wonder body personal although.,2025-03-15 14:25:23
5492,676,2011,Know institution candidate approach again everyone fly interesting student.,2025-07-10 04:49:42
5493,501,1935,Happy charge model few threat government still cup possible smile.,2025-11-24 11:23:10
5494,3926,285,Investment someone discover ball human nice resource ready baby drop possible space fine score mother long health choose sign.,2025-11-18 13:29:17
5495,5094,1148,Senior major teach smile occur condition age three space important free.,2025-01-27 20:23:27
5496,2604,1982,Appear bank rich let social everyone ok never.,2025-06-02 23:12:43
5497,3708,2053,Maintain her adult reality nearly young authority realize scene debate see guy audience right follow reveal.,2025-10-10 11:51:47
5498,6192,808,Difficult last school cut.,2025-09-03 23:36:30
5499,1711,1663,Into Republican reflect direction magazine physical want response most although business mean.,2025-10-24 11:50:52
5500,1826,275,Relationship institution support section who west around.,2025-12-02 23:19:29
5501,1591,339,Require he decide apply radio car suffer price ten still artist much.,2025-05-21 19:28:39
5502,2150,772,Person role against occur gas amount remain.,2025-10-20 06:09:50
5503,4442,1051,Thus food themselves grow until education growth myself serve office show positive office carry federal score knowledge here example system claim.,2025-10-05 02:46:14
5504,3731,443,Word forget difference ok conference them life truth service season approach.,2025-11-12 20:30:42
5505,1617,489,Democratic very bad ball begin affect for win education whose.,2025-01-12 23:24:00
5506,4847,1471,Citizen after event.,2025-09-02 18:05:03
5507,4387,337,Truth follow glass clearly responsibility two art forget wear want must Republican piece operation question fire role structure kitchen truth without Democrat.,2025-08-23 00:50:31
5508,4277,702,Fast item through its matter power second once million offer rate stand town risk.,2025-05-12 00:33:08
5509,3747,707,Meeting professional tough you professor use lawyer writer all energy first specific share level now data forward training ready.,2025-10-06 16:17:26
5510,2674,1623,Score politics watch fly item and tend particularly age second she.,2025-01-09 06:41:15
5511,579,1854,Character wrong human news issue strategy.,2025-06-23 11:16:55
5512,1280,556,Like show thousand a west scientist effect focus.,2025-03-29 02:51:17
5513,3113,659,Really common cover pick single hope listen catch girl good read white clear discussion eye after although up decision law first back care certain wonder beautiful agency.,2025-08-18 20:18:57
5514,3591,1104,Expect dinner spring single role once order find probably high nature position word when through here recognize.,2025-06-10 17:06:19
5515,1086,1644,Goal night bank whose argue of admit.,2025-10-10 12:13:28
5516,4208,319,Phone talk thus community hit set always fight land pick court.,2025-09-02 09:59:51
5517,2796,937,Identify perform senior good evening even best whose quality sure can various rich follow join material probably claim half southern fund.,2025-02-15 19:46:40
5518,4828,483,Agree fill late response behind tough owner I cover boy camera strategy.,2025-09-01 07:23:10
5519,5494,1887,Scientist real fly so surface position she air response beat near as including customer.,2025-03-09 17:52:06
5520,5807,906,Role idea individual perhaps final professional condition.,2025-12-04 00:01:34
5521,1806,1525,Moment deep window consumer environmental explain stay class coach eight measure example.,2025-05-09 16:38:37
5522,2265,1988,Conference remain yourself wrong management forget impact magazine figure really music a.,2025-10-22 10:16:53
5523,5871,240,Picture involve since per class may girl cell enter.,2025-02-10 16:25:57
5524,1044,1744,Daughter those fast still really.,2025-09-13 15:42:10
5525,2651,1565,Ago story travel store particular east now five travel low.,2025-11-17 14:02:24
5526,1559,1945,Win test direction relate mouth attention deal majority like night.,2025-06-30 22:12:52
5527,5225,272,Start rock but morning appear certainly see material north girl plant public south reflect chair.,2025-03-28 15:29:53
5528,3489,1100,Nor college chance she.,2025-02-14 01:24:48
5529,3259,1861,Series friend conference information building individual public movement miss wish.,2025-11-28 01:20:48
5530,2599,1304,Again child charge scientist color create year.,2025-10-31 01:18:59
5531,2629,2005,I knowledge condition how modern.,2025-01-07 23:07:26
5532,538,1659,Son evidence sign cell development project either indicate trade base sign act find.,2025-11-01 03:37:23
5533,4632,104,Director life ask responsibility yet collection couple degree development family physical final.,2025-09-20 02:00:44
5534,1097,1401,Teacher if culture phone industry and option well network nice among sister bring investment collection quite sea woman natural plant cell assume owner give.,2025-09-22 19:01:40
5535,682,237,Perhaps executive animal ability great.,2025-06-16 22:38:03
5536,1314,170,Anything possible forward wall home hot bed either range behavior enough hear then Mr line can available treatment approach.,2025-10-07 16:36:34
5537,3837,1066,Modern size international individual better leader certain but seem ground sit any north too sometimes major.,2025-11-29 16:21:18
5538,1682,224,Window career ground item station away cause relationship break speak bank matter fly small his.,2025-04-15 12:44:38
5539,5016,460,Campaign must daughter big real because discover technology deep company Mrs happy his special admit think have yeah be.,2025-01-22 22:45:11
5540,6052,988,Impact model name space true move when size take professional and agent amount store.,2025-07-28 10:33:12
5541,1665,213,Game style hold just but subject recognize approach may onto anyone high.,2025-12-10 01:58:21
5542,2682,1043,Event rise between attack arm strong around.,2025-08-06 15:29:40
5543,645,884,Serious ahead capital actually same represent fast as strong there really reflect beat street movement in Democrat live wind fast him.,2025-06-26 05:40:56
5544,2260,1370,One could certain quickly down oil whole.,2025-05-17 00:37:11
5545,6218,943,Yeah business country traditional community man.,2025-09-27 11:34:51
5546,4315,879,Commercial above I short plan maintain behavior total.,2025-11-15 13:42:05
5547,6067,391,Street same pay despite station mean figure computer keep economy lay around article help listen.,2025-08-22 01:08:24
5548,3240,1694,Level modern represent person soldier billion art region consider.,2025-11-10 23:25:30
5549,5101,1466,Front born move politics trouble bring increase idea staff risk back world plant.,2025-11-18 05:05:14
5550,1177,1402,Radio source chance whether field effect style analysis explain help.,2025-02-01 10:29:40
5551,946,148,Camera budget it usually.,2025-09-21 01:47:51
5552,3009,115,College note commercial baby west speak manager according another officer eye PM create skill truth call expect light audience suddenly.,2025-08-23 00:53:03
5553,3701,610,Mission evening style ask mouth first not listen act military.,2025-10-04 23:11:03
5554,3466,423,Tough big your catch especially water president break force shoulder family focus tax concern.,2025-09-16 08:04:18
5555,6479,580,Drug American street spring majority job nice.,2025-10-23 11:10:53
5556,6208,1733,Themselves five evening team official bed explain crime.,2025-08-31 00:29:05
5557,1545,1886,Heavy book much stop improve parent beat mother democratic north world.,2025-07-13 11:24:07
5558,2992,583,Writer economy too eight one certain apply whose traditional.,2025-12-11 03:57:32
5559,2400,633,If seven long wind involve marriage Mrs eight help become identify enter probably buy near voice leader.,2025-09-16 04:08:28
5560,2603,2000,War notice officer place thank.,2025-09-28 16:29:07
5561,2540,1334,Whatever finally see right question able author worker among.,2025-12-04 05:49:39
5562,2918,1209,Eight smile capital owner every daughter who wife recent information investment Mr control.,2025-09-09 11:34:16
5563,6195,1298,Tell seven heavy military impact cold into daughter skill TV into detail.,2025-03-06 19:27:34
5564,1362,1947,Work world area owner might arm.,2025-05-12 20:03:46
5565,6171,1648,Explain first produce remember girl suggest care particular strong science all.,2025-03-28 11:48:32
5566,2273,1664,Eight until adult sport recognize then audience mention.,2025-06-12 15:04:37
5567,5284,1290,Very black describe than record city determine push increase property field public growth.,2025-09-03 19:02:28
5568,2583,1818,Prove strategy clearly yourself two work not hard safe style weight property represent special.,2025-05-16 01:50:44
5569,6209,1184,Tax also major lawyer town industry care recently those author industry cost appear admit man prevent member computer network else hot Congress today member about single modern.,2025-09-25 07:50:43
5570,3812,1179,Election type development night within all require bank cause election better human road different.,2025-08-09 17:33:33
5571,3561,721,Hair machine something education social fast perform court democratic effort already.,2025-12-15 09:59:24
5572,1834,1052,Politics road social discussion performance table about could wall coach part grow evening blood.,2025-11-17 22:41:35
5573,3697,788,With inside position know including collection standard security event happy record include amount citizen exactly major and try.,2025-09-12 15:11:39
5574,6179,1915,Range color improve as each down least themselves popular sure long least involve since discover send.,2025-04-28 15:22:30
5575,3054,460,Make blue cost whether put send enjoy police investment both leave alone student trouble protect cover.,2025-07-25 13:58:23
5576,4545,1335,Anyone at son resource third buy feeling it manager.,2025-08-18 01:49:35
5577,1700,1550,Baby voice great kind behavior occur few carry simply sort Democrat through control.,2025-07-25 15:54:59
5578,4115,382,Late in nature rise usually data alone hope she moment travel member.,2025-05-16 13:16:17
5579,1918,219,Actually everything night wait support difficult create nice support begin rise yourself evidence bring off eight garden food.,2025-01-01 18:51:35
5580,1932,310,Class sure work and yourself central meeting wide pressure total live measure he.,2025-07-08 04:40:17
5581,5490,1512,Should yard other close sell indicate woman front race strategy.,2025-12-16 03:18:26
5582,1988,1976,Economy within of necessary worry film financial.,2025-09-30 22:09:15
5583,5944,1122,Care sit hot grow I drive under trade back hundred but hope scientist Democrat good continue game mean.,2025-06-13 09:31:16
5584,5603,620,Perform building ready grow instead then national a.,2025-08-29 15:57:56
5585,2875,885,Address consumer traditional how difficult low including how deal value time summer hope such.,2025-06-05 04:25:40
5586,3573,240,Step population surface power long certainly hotel when investment sense environment against radio explain purpose when nice six improve hour camera continue.,2025-08-15 02:22:57
5587,3269,547,Table language to live save behavior attention like realize expert perform role level decade Democrat agreement by win offer.,2025-09-15 09:21:23
5588,2140,1090,With news recognize manager decision involve tough he theory plant down cause red investment popular blood bank building sure lead field role.,2025-06-06 11:25:23
5589,5827,1889,News into reveal establish determine high far race relationship reveal simple low clear lose any five method whole think describe whatever face.,2025-06-06 04:50:11
5590,3124,1144,Few partner audience direction treat her.,2025-09-06 12:49:35
5591,4220,830,Stay near local town success the city care doctor board wrong hard.,2025-08-28 23:28:11
5592,5657,2082,Nor live cell upon about bad economic upon.,2025-10-16 02:45:07
5593,3329,1236,Mr close large finally impact suffer maintain radio outside defense now drive away government tree economy know community serious make part admit down travel figure.,2025-08-27 12:42:52
5594,2295,602,Responsibility of film again law current result late choice rock magazine provide he paper indicate worker seven glass put already positive mother edge candidate reveal.,2025-08-29 14:09:53
5595,4680,2007,Enough health indicate drop feeling ball quite its brother story.,2025-10-29 16:16:45
5596,2699,1521,Just million center card level far eye business role over former particular day thought main happy collection.,2025-09-12 15:55:58
5597,5723,1174,Else long parent middle hard available.,2025-09-23 22:45:26
5598,3845,335,Table need economic.,2025-07-18 05:50:43
5599,4269,911,Whom a take per such eight cause American.,2025-05-01 21:57:09
5600,1313,2041,As condition after order nature get quite approach fine cell senior green spring professional.,2025-10-22 11:58:12
5601,3481,1112,Tv person bar article public election on statement black oil foreign kitchen off describe per.,2025-06-12 01:39:01
5602,5376,1252,Mouth above ever fill certainly difference project occur claim his six once direction international him determine together trouble party case after matter cold.,2025-05-24 12:44:02
5603,5463,314,Capital poor bag news.,2025-08-05 19:51:00
5604,3550,157,Another check hold perhaps team or when coach fire.,2025-03-17 17:29:24
5605,4498,998,Country drive never other car court a break election art.,2025-06-05 12:20:30
5606,5356,1787,Pressure share talk letter.,2025-11-02 07:53:58
5607,6474,1139,Same form parent appear ask action reality rich trouble soldier.,2025-01-10 20:16:19
5608,5758,932,Fine compare business six anyone difference conference minute.,2025-11-14 17:17:26
5609,5810,224,Center note kitchen high pressure especially apply amount trouble a which project lot skill someone trouble notice fast painting few this determine.,2025-06-08 13:10:28
5610,898,242,Project project bring three month market edge method.,2025-01-11 01:53:29
5611,3808,955,Six happen east up sport clear.,2025-02-08 05:01:53
5612,3313,1665,Culture finally court training article challenge approach along fall level wait difficult.,2025-08-31 06:49:16
5613,3822,357,Million high democratic skin protect stay.,2025-10-09 09:24:52
5614,5454,1555,Street her computer anything must brother officer suddenly once hard executive size may film light spring performance.,2025-05-04 03:51:55
5615,1185,1519,People prepare pressure call program Mr job budget question car statement.,2025-10-27 19:21:50
5616,5957,1547,Do discussion population maintain be about Republican whatever state light.,2025-03-24 07:17:43
5617,764,1071,Establish least space yourself international speak off.,2025-09-03 18:16:12
5618,1533,849,Bag wonder mind American right early suffer maybe.,2025-09-26 09:26:09
5619,1487,1763,Care western born throw time simply.,2025-09-17 16:06:04
5620,2162,1356,Indeed source attention try.,2025-04-27 10:07:15
5621,3160,2057,Federal fear industry cultural decide player.,2025-01-06 16:26:50
5622,1169,2036,Participant find ok fear trial also truth over they.,2025-10-25 20:00:18
5623,971,1822,Artist likely discuss picture produce visit go national without then.,2025-03-16 10:52:54
5624,2217,1719,Together car music space job property general degree pressure.,2025-06-23 13:23:05
5625,4801,1920,Ok current recent order factor mention man animal market real fast response body hand reduce figure crime lawyer city now worker order.,2025-06-04 08:17:29
5626,633,1201,Like what control training say trade finish professional price party street yard billion part old like camera suffer owner.,2025-08-28 14:26:57
5627,4879,817,Attention pressure day third evidence receive.,2025-04-09 07:09:19
5628,6092,705,Rise may seven many car ready computer play together test fire theory same the figure around.,2025-11-06 08:15:47
5629,5575,319,Support stock main skill idea be election call buy two.,2025-04-07 02:50:59
5630,1280,1948,Already few economic staff opportunity suddenly against later organization lose necessary region member which do.,2025-03-26 13:56:17
5631,530,1289,Well agency need north dinner firm data she police I before field figure.,2025-11-16 15:40:55
5632,2082,584,Board total product pressure believe long prepare occur store throughout so station last tonight fly year.,2025-06-15 04:17:34
5633,5836,2010,Couple coach him keep argue my give scene Republican agree mother.,2025-03-09 05:17:06
5634,2780,1940,Item fall treatment social charge sea available food wish customer could source test democratic mind affect son nature require federal late theory.,2025-10-04 13:23:06
5635,2583,325,Ever blue thought view trip hundred same treatment billion share themselves goal onto significant statement door she people another law piece expect.,2025-05-18 01:43:44
5636,6168,653,Answer indeed partner economic huge grow face him hour.,2025-10-08 13:04:22
5637,3851,489,Again safe food dream rise smile now language.,2025-11-07 05:45:12
5638,2922,2016,Rich begin arm behind story democratic feeling thousand form.,2025-06-27 01:25:55
5639,5544,118,Worker major have water dog out state especially science good message group page scene.,2025-11-24 02:46:28
5640,1596,1795,Outside blood space American factor family rule after listen however let they also tough talk everything order throughout.,2025-09-28 15:01:18
5641,4858,1911,If ability ever camera history way so old no who quality power respond huge good and place red spring.,2025-01-21 22:55:39
5642,5960,775,Side card author city defense include worry role or.,2025-01-04 06:20:24
5643,944,1009,Now land foot region yet how mean politics pick board quite sit itself military computer husband method name offer sort eat everyone.,2025-09-23 03:49:07
5644,3604,297,Firm game just.,2025-11-02 15:50:14
5645,3970,1094,Each almost discover energy language collection it clear.,2025-07-12 12:34:04
5646,3251,494,Store central your seem letter enter political big visit near without law.,2025-07-17 15:34:56
5647,2585,1921,Interview voice phone want among any follow open.,2025-10-24 01:31:22
5648,6335,931,Current who final very year affect successful customer government fear trip factor throughout pass part today memory system.,2025-11-24 00:42:06
5649,4505,234,Each college system eat himself gun.,2025-06-28 22:13:05
5650,5061,528,Cup create indeed leader knowledge good box oil mother price.,2025-03-02 19:53:30
5651,2919,1104,Final relationship peace trade team per report hot.,2025-01-20 12:55:52
5652,659,625,Inside blue education person player role sit field current happy election.,2025-12-10 18:27:31
5653,3218,809,Painting suffer involve administration while night without image design night Republican.,2025-09-22 19:26:19
5654,2018,589,Century base break discussion be interest cold stock drive feel price effort expect federal fast particularly order may.,2025-07-27 15:58:04
5655,2227,1848,Dark rich mention feeling your group story key so see themselves range it face.,2025-10-15 09:45:37
5656,1529,959,Gas throughout or impact itself product age in add.,2025-03-01 20:03:24
5657,1859,1839,Media trouble city land rest much every brother something something old.,2025-11-03 06:09:40
5658,3258,1017,Record trouble try if learn picture per agent conference my keep probably if industry can seek price drug.,2025-01-04 16:03:59
5659,2643,1287,Wonder point that number teach.,2025-10-17 02:42:19
5660,2077,1108,Another various federal owner meet add short build west others.,2025-04-07 14:09:10
5661,2300,120,Phone this hand suggest course instead must whose today wife source discover.,2025-07-03 14:51:05
5662,4825,1507,Her team wait truth write window risk very movement want rule peace fall card guy yourself catch letter east.,2025-11-14 12:46:38
5663,6467,474,Professional however good learn consider simple.,2025-07-18 20:27:26
5664,6094,429,Information end policy just hear.,2025-09-23 10:40:58
5665,775,1399,Dog if wind finally discuss whose start capital will.,2025-09-29 15:29:20
5666,2260,373,Surface myself argue remember.,2025-05-17 06:45:11
5667,2038,1217,Size address chair team light according business herself happen station through base player citizen senior.,2025-05-11 22:50:39
5668,5748,864,Miss response seek yes time year.,2025-11-25 14:22:41
5669,3441,212,With visit daughter drug change this.,2025-11-08 10:53:24
5670,1295,943,Cut case information performance attention per member statement view adult sort away more group fine ever.,2025-05-16 08:16:06
5671,4949,951,Instead wish tell wind shoulder while candidate option community party best eat recent identify.,2025-06-28 03:27:12
5672,5743,1885,Provide industry since until in side wind air least why best reach same site long upon window produce same.,2025-05-04 19:28:05
5673,4660,1985,Society doctor these lay although movie key power brother.,2025-06-13 02:17:45
5674,5549,1083,Family decade coach best miss until record enjoy drop wait well share pull hard various machine appear our cut.,2025-02-24 09:44:42
5675,6184,1554,War season business need item huge all media among fear production push artist.,2025-06-14 14:51:58
5676,2907,757,Eat scientist most these go sign impact list another meeting.,2025-08-18 01:35:50
5677,6204,1120,Realize ok behind dinner just step low likely special tax analysis peace if year option east cause across.,2025-04-27 04:44:37
5678,2056,1291,Indicate smile computer street project everybody source minute matter pattern find teach administration.,2025-01-14 16:09:11
5679,1780,1132,Just painting professional factor herself article raise senior arrive Democrat.,2025-07-14 10:18:40
5680,1392,920,Data condition determine study various reflect piece.,2025-06-10 12:53:37
5681,2498,1724,Likely standard fish option me.,2025-10-18 17:28:17
5682,5442,632,Later human should race size administration draw green box sometimes.,2025-07-01 19:56:43
5683,3606,1341,Opportunity own born range paper network scientist sense positive claim main speech middle practice begin get establish task enter go police again.,2025-08-12 12:30:56
5684,4239,1488,Draw trip personal forward model research local decade prepare or meet need card interview media.,2025-07-18 22:24:37
5685,5963,1994,Argue as expect opportunity hotel clearly here role information catch like age son season.,2025-01-31 05:54:48
5686,759,861,Science join quality hotel us billion road anyone executive news.,2025-10-29 02:50:38
5687,4548,472,Night foot push few to against blood contain these Republican material people.,2025-09-03 13:37:29
5688,4453,1429,List across kitchen else meet quite time she begin experience to red successful.,2025-04-28 18:43:50
5689,5392,831,Know already water experience community south certainly opportunity PM above show wall media work.,2025-08-22 23:59:49
5690,3355,609,Get high single happen officer prepare surface herself ability star social.,2025-07-16 12:01:22
5691,3496,1258,Pressure person accept agency pattern strategy morning.,2025-10-20 16:17:06
5692,2311,767,Risk experience you suddenly face another three every value official north level response total firm they sort.,2025-11-17 00:04:03
5693,3210,1190,Up still economy station have wrong avoid war together number teacher meeting.,2025-10-25 17:25:28
5694,1769,538,Rock class decade detail require amount leg.,2025-09-04 10:16:31
5695,5366,1098,Leave hear she size market move commercial almost city peace technology democratic security theory course low put design.,2025-03-30 14:35:13
5696,798,1017,Evening standard fact person short think clearly first light animal color surface car.,2025-12-04 07:24:38
5697,3483,272,Project think our sign ability nice majority worry determine left drive born rise these.,2025-10-01 11:34:23
5698,2738,1500,Score least professor decade without thought off hair remember.,2025-06-20 14:57:59
5699,2386,629,Visit social catch community explain later court.,2025-01-21 16:48:50
5700,3059,1288,Many southern question member yeah dark song generation production impact member important natural claim window forward finish early mention.,2025-04-12 06:52:29
5701,5264,520,Add upon generation whole simple.,2025-11-25 23:31:19
5702,3545,1360,Away eight leader that visit.,2025-09-14 17:25:22
5703,2846,1996,Economy environment ball let western anything ok again media subject or national forget believe we pattern body amount admit artist early lawyer.,2025-10-10 08:35:48
5704,2247,1436,Leg act debate price without meeting tend family sound feeling.,2025-11-12 21:21:04
5705,5523,561,My pull fast discuss.,2025-10-31 12:21:55
5706,1158,1451,Open responsibility some section for example husband speech company whatever different hit parent man fall including.,2025-11-26 14:26:25
5707,4168,1792,Mouth model artist these relationship store way culture lot lot great event discover begin.,2025-08-24 16:35:34
5708,4171,1808,Record price to sister above staff three drive ten hotel serious table Congress fall instead me system whatever cold audience detail might room size.,2025-06-30 22:29:11
5709,2134,230,Enjoy present himself ever great large.,2025-09-28 00:22:08
5710,1296,615,Do short party people me design decision whose.,2025-10-16 12:25:20
5711,5933,907,Decision interest star nor others when begin pull over impact color media represent mind.,2025-04-12 21:29:09
5712,5983,1662,Service PM meet seem north trip economic deep help condition north step major should herself light then small control quite note.,2025-02-17 15:24:07
5713,6124,803,Pressure Democrat in theory per fly fly test stage response chair north yeah gun hour.,2025-11-29 13:00:47
5714,6399,1047,City cultural moment federal important year government red rule former.,2025-11-08 10:14:43
5715,672,259,It national only worker bad fine grow.,2025-11-22 06:06:43
5716,5276,1300,Administration that yet during prove approach now this address win will anything.,2025-11-11 03:02:05
5717,6381,1195,Around seek with concern movie form her somebody ball lead fund between.,2025-10-24 14:01:08
5718,5880,351,Yeah kitchen indeed not job act simple interview eye well change ago know risk leave set can Mr shoulder affect sit sit record alone focus key total.,2025-05-03 13:02:07
5719,2865,738,Out relate owner three not thousand tough believe assume husband charge.,2025-02-13 17:23:28
5720,1663,159,Baby administration player area door phone reflect class western.,2025-11-07 04:01:41
5721,3432,1810,Themselves resource available road while building.,2025-06-18 15:58:43
5722,4792,1826,Ten meet Mrs left near group break write.,2025-09-09 03:06:09
5723,5823,337,Perform left edge others general spend.,2025-07-24 20:50:52
5724,2433,666,By born TV civil many parent year wait usually go.,2025-06-23 11:17:03
5725,1216,176,Skill audience alone.,2025-02-03 19:36:44
5726,3051,2003,Range or around space too account.,2025-10-22 02:52:35
5727,2591,1653,Appear couple off that shoulder course.,2025-10-14 09:13:14
5728,1735,632,View since their painting above lay if purpose beyond too issue activity couple.,2025-07-20 16:28:54
5729,1964,567,At can hold poor environmental artist.,2025-08-17 23:58:00
5730,5844,247,Need life without develop adult energy.,2025-09-03 12:52:26
5731,5036,1822,Occur culture discover lead spring by real.,2025-05-04 16:57:04
5732,2700,365,Must require series part teach paper test consider piece scientist himself yet.,2025-08-26 04:07:18
5733,6130,2092,Arrive people radio throughout hold himself pass page lawyer behind table certain listen agent pass.,2025-09-04 14:30:50
5734,3140,1801,Everyone price tend mind hundred claim watch concern threat couple allow address bit production inside thousand politics nation than drive.,2025-11-07 02:08:19
5735,2719,1182,Nearly there sort summer worker test language order minute billion vote.,2025-10-30 15:34:10
5736,2321,1838,Animal environment reality forget board mean same party buy only choose throw leave final.,2025-03-19 10:27:28
5737,4865,916,High big tree method too reflect white.,2025-07-22 13:28:15
5738,4906,679,Thus address throw office plant here would century oil include view argue key feel.,2025-09-09 19:52:40
5739,1122,405,Give choice number stop receive her ever song yes third these work same.,2025-09-25 07:23:46
5740,2808,818,Until partner age those long action message letter wind wind.,2025-10-04 05:22:06
5741,4594,400,Staff operation partner concern also human you everyone responsibility city quickly election claim involve world.,2025-10-08 21:53:39
5742,1674,902,Easy despite certainly tend task word professor strategy such ago suddenly detail answer stand western military such set.,2025-07-03 17:50:34
5743,6333,882,Within your home kid.,2025-07-20 17:02:26
5744,1409,1729,Fund top only method throughout agency meeting continue relate support word production country skill spend fast west.,2025-11-20 04:22:52
5745,974,311,Heavy song claim moment out control performance project mother point pressure happen million very table school quickly fire see Mrs letter option police.,2025-11-27 04:04:21
5746,1825,674,Evening capital cut door age parent voice five word stuff senior population.,2025-01-24 18:36:03
5747,3562,1110,Movement bag cause themselves computer performance.,2025-08-30 12:50:37
5748,932,944,Design identify degree drop here treatment issue along.,2025-11-26 04:13:36
5749,2687,673,Hand somebody more as although trade environmental town behavior various.,2025-12-11 15:10:15
5750,4699,822,Stage cost seat how leg risk blue later several claim financial mind behind computer kind recent total.,2025-06-26 23:09:00
5751,6419,1751,Enjoy other fall dog position choice onto television into phone several then best finish often off recently project whole.,2025-04-30 20:00:47
5752,4622,1659,Drug fly customer give house cause avoid summer even step win board civil which city while expect play between computer.,2025-07-11 08:22:35
5753,4224,1179,Entire rich as necessary population individual blue artist way property nothing important picture remember.,2025-10-20 13:12:16
5754,2391,1366,Sister success president good any probably education report lose become Congress tax himself fish rate statement first.,2025-07-13 08:14:24
5755,3254,529,Entire let dog general important thus statement.,2025-07-26 12:39:47
5756,2360,256,Determine listen view suffer red discussion at whom forward.,2025-08-06 00:52:28
5757,1532,608,Account question green people across image especially operation able modern huge million team argue tree imagine.,2025-10-26 10:36:17
5758,1415,998,Discuss whose game development conference yourself certain true involve perhaps.,2025-07-07 10:40:06
5759,1586,2039,Well college film situation central general program explain program cold agency hotel nor different.,2025-11-30 10:08:31
5760,3720,1609,Four yourself fine life.,2025-11-28 01:46:22
5761,6026,1058,Air performance site mouth recently worker not.,2025-10-31 11:14:50
5762,5005,1903,Small whom everybody growth.,2025-07-14 17:35:00
5763,4237,1704,Very bed face husband later each foot own.,2025-01-10 08:51:30
5764,6155,1814,Clear government assume economic eat own soon beyond consumer voice teach main senior raise bad attention value recently last recognize everything simply early.,2025-01-31 21:37:16
5765,3268,751,Particular movie institution mind any beat child because almost beat partner relationship.,2025-09-13 09:58:10
5766,3694,1635,Process join contain large recent firm power garden send.,2025-03-12 13:56:43
5767,3701,1231,Big sing and message star fly follow father another.,2025-10-05 00:00:03
5768,2211,1731,Consumer into involve color wonder to son.,2025-05-31 17:08:03
5769,1942,1955,Sound believe technology improve news paper inside out adult need bed exist head book approach thank.,2025-03-27 17:41:13
5770,2000,1108,Wife senior yard sound raise whose laugh anyone position find pull technology.,2025-06-24 15:30:46
5771,752,1014,They never big nearly situation school alone wait need your baby make pick.,2025-04-16 01:34:25
5772,4583,1650,Point performance site forget camera more west performance.,2025-03-15 10:05:28
5773,1929,1682,Control enjoy while computer eye girl American if more view rate guy campaign near speech.,2025-04-16 19:43:59
5774,6248,1626,High stop capital heart why billion that first project start whose.,2025-11-10 15:03:58
5775,4550,1609,Draw gas hundred heavy authority air any determine race physical artist themselves half.,2025-08-02 10:43:48
5776,5392,1330,Hand direction food his fast authority include arm religious.,2025-08-20 09:41:49
5777,5331,366,Son political spring dinner and agent out day.,2025-06-21 21:55:16
5778,698,1010,Debate example country.,2025-04-11 16:45:24
5779,2842,1908,Report far exactly west experience both yeah support.,2025-10-14 02:29:21
5780,6345,1921,Seek write citizen recently according watch that choice remember simple police class just contain service list current.,2025-07-04 20:22:01
5781,905,1068,Soldier player employee shoulder believe customer become blue foreign western practice five ten walk science husband.,2025-06-12 18:15:42
5782,5431,2084,Either half middle son newspaper above loss.,2025-03-12 11:49:50
5783,2351,376,Behind own right own who teach today able I camera mention support.,2025-05-10 09:56:11
5784,3871,740,Part pattern bed evidence protect Republican yard modern seem generation fight.,2025-04-19 07:50:46
5785,4974,987,Hundred baby candidate enough travel model save.,2025-01-18 07:57:49
5786,1218,1509,Prevent imagine base.,2025-09-16 19:46:05
5787,6352,1252,Build plan later thought appear according eye early nation federal contain rule certainly process.,2025-10-30 16:26:03
5788,2427,1034,Some performance per cost community baby.,2025-06-28 22:17:46
5789,6259,1574,Coach produce available how with kitchen report notice.,2025-10-16 07:08:49
5790,2826,257,Movement right focus industry owner mean out article modern education always debate way everyone budget include government wind economy.,2025-03-06 19:21:06
5791,3489,279,Force seven area cold left official college election authority to main security itself then career beat education.,2025-02-16 06:04:48
5792,4891,1422,Sort serve no various federal.,2025-04-26 12:41:44
5793,596,1334,Sure professional perhaps son himself trial man analysis.,2025-02-24 16:28:11
5794,5919,2046,Structure sign economy allow clear low factor herself upon ground energy cost because.,2025-02-06 09:57:03
5795,1845,1621,Condition simple myself short Democrat imagine example set Republican green brother their either.,2025-10-02 17:40:33
5796,4634,1883,Technology example age major throughout heavy behavior herself share PM begin position beyond put.,2025-03-25 18:51:54
5797,6348,531,While similar trip major between only space manager simple four attention cold.,2025-06-22 12:57:22
5798,844,180,Product it language quite four since.,2025-09-01 23:21:27
5799,559,403,Risk only or threat politics about per.,2025-06-14 10:21:28
5800,5857,1478,Federal administration population need difference beautiful quality accept have south role spend market operation few civil morning instead.,2025-07-23 21:45:30
5801,2958,1163,Eight message myself long but when per much nature light answer build tree resource.,2025-09-04 23:40:40
5802,784,1659,Watch cause property law age nature city all worry ball within stay edge account may pass space than.,2025-06-22 14:51:29
5803,2692,2039,Either certainly case training back far positive pay.,2025-07-25 02:56:57
5804,3016,613,Industry financial act reason heavy example phone win new but.,2025-04-29 22:54:52
5805,3280,384,Town drop establish history art ask form two.,2025-05-06 16:26:25
5806,5400,1754,Dinner once today return apply drop market quite according so car reveal.,2025-05-12 11:03:59
5807,4606,1074,Employee several young get fish notice rate just although key morning herself old dog clearly race line light central within sort occur ever.,2025-05-19 23:14:19
5808,855,368,Past none right turn somebody protect fire special draw care middle claim beyond mind effect.,2025-07-18 14:13:50
5809,1169,867,Agent ready among industry cold cup social theory story town cost upon role everybody training she.,2025-10-25 00:15:18
5810,1062,122,Standard near west job during throughout moment take past tonight provide.,2025-09-07 04:37:48
5811,5753,1011,Road generation coach other what song feeling.,2025-07-23 03:59:53
5812,2465,286,Doctor chance us social hour.,2025-04-17 18:10:42
5813,5985,1842,Remain side sport seek box score level national concern safe citizen.,2025-03-25 23:56:21
5814,1683,1343,Early while new subject perform care pressure skin nice site wait.,2025-03-22 06:10:44
5815,2166,872,Really government without write choice top out appear arrive.,2025-12-14 16:09:09
5816,3972,677,Heart politics grow seem soon.,2025-04-04 07:51:54
5817,4991,1059,Likely take stuff option song by agreement provide prepare future represent product young little always actually remember mission information from add tree question.,2025-07-15 08:04:31
5818,6013,950,Speech that policy teach listen science determine quite.,2025-10-18 13:55:01
5819,6151,1398,West main boy bag Mrs task open career show why artist lawyer but understand believe feel me yet each increase wide help century should glass.,2025-09-18 11:19:25
5820,6251,357,Unit ago thought nor.,2025-03-06 16:20:25
5821,2969,1109,Machine add grow rule will store still reality catch store.,2025-10-30 15:36:14
5822,6312,219,Smile professional song near stuff leader option assume.,2025-06-18 20:32:53
5823,6141,230,State rate need trip painting protect dream simple.,2025-02-11 09:37:45
5824,6418,2042,Ground concern middle relate us box.,2025-08-14 00:48:28
5825,3319,467,Us political government necessary back social us country.,2025-12-16 05:50:49
5826,888,338,Who black outside whose fish foreign nice exactly use movie defense go happen push effort surface actually mind pressure necessary home total.,2025-10-17 22:23:23
5827,3888,1819,Remain appear individual blue let already could remain guess current.,2025-05-28 23:49:57
5828,1474,1928,Financial down ago force course.,2025-05-19 11:01:14
5829,845,954,Dark already with court.,2025-08-30 08:56:55
5830,3488,150,Certain hundred I herself create cultural boy general white nearly per chair effect painting glass early central before window.,2025-11-16 08:12:54
5831,853,1419,Factor hold vote wait leg skin color treatment computer own foot southern actually manager like way decision arm heavy wait.,2025-03-11 13:54:42
5832,5892,1633,Question world exactly.,2025-11-28 23:02:03
5833,2624,1656,Citizen enjoy happy term friend meeting exactly decision behind pattern affect.,2025-10-02 01:09:07
5834,4427,1923,Shoulder practice hour send trouble peace news western above indeed action policy protect student ever either office nearly product pay various part.,2025-03-11 04:37:25
5835,5079,779,Herself worker someone plant father forward forget serious describe event positive.,2025-08-23 02:39:21
5836,3667,1886,End issue magazine move street catch yourself woman positive eye large debate state list.,2025-04-02 20:52:58
5837,2922,1491,Establish green remain reality where case cell left central least establish glass break.,2025-06-24 15:42:55
5838,3135,1865,Alone actually safe reduce religious reveal line.,2025-06-08 04:48:19
5839,6098,542,Analysis foreign eye take our popular travel democratic employee now food cold art especially break determine forget tax year many democratic career.,2025-10-04 14:25:37
5840,4405,589,Process method everything middle late common cultural chair necessary avoid.,2025-05-06 00:16:08
5841,3103,778,The quite much hospital.,2025-10-15 20:22:48
5842,4077,1471,Physical nation might store.,2025-04-07 02:01:01
5843,3532,1931,More present ten should detail PM show environment.,2025-11-10 22:07:32
5844,1871,1847,Network country on public western sense.,2025-10-28 03:42:21
5845,2662,739,Long its thousand little current age also country popular involve debate buy later anyone why.,2025-04-23 14:59:20
5846,3300,1757,Common need stock world really accept they catch past act grow gas behind fish bed responsibility.,2025-04-24 15:40:05
5847,5292,1641,Though difficult part two sell painting question.,2025-09-05 00:39:48
5848,3019,746,Suddenly field traditional success not coach data major bar career cover stock evening carry American course change claim myself bit artist process.,2025-08-25 17:23:18
5849,6474,1383,Discuss military involve term loss example stuff somebody major voice.,2025-01-11 00:16:19
5850,6427,216,Yard against grow those need upon bank parent stage Mr phone often.,2025-10-12 02:51:03
5851,632,191,Mouth hear wish along plant edge sport space mission expert produce just already decide teacher this education.,2025-09-15 04:16:50
5852,4986,343,Chair break develop environment edge southern difficult religious car.,2025-09-04 16:21:55
5853,5929,584,Each pass general level science visit member son recently mouth including chair author great so.,2025-04-26 17:53:13
5854,527,357,Relationship whether attorney agreement staff find six.,2025-08-21 05:45:48
5855,3455,1459,Public product fall cost should letter camera.,2025-03-12 16:55:09
5856,5387,1354,Save once issue bank point.,2025-10-06 17:53:55
5857,5165,616,That way customer serve per stand sit hot soon long door room business yeah give.,2025-08-31 09:22:35
5858,4131,538,Per ground avoid heavy bill push cell structure.,2025-10-12 18:02:27
5859,1944,1360,However life develop game sister top son least role.,2025-04-29 06:00:50
5860,6212,1862,Ground parent technology increase head life set brother exist voice sea account deal make drive fight book often final.,2025-05-01 02:55:44
5861,3255,799,Design yeah claim other position truth modern.,2025-09-17 05:17:56
5862,1781,1408,Yet across because past first truth.,2025-06-16 04:21:51
5863,3566,709,Others record not including day there hour arm build sea entire charge door easy Congress join.,2025-10-11 16:34:19
5864,6023,1526,Baby nor beyond important industry sign claim.,2025-07-07 15:27:50
5865,4186,535,Table money policy there wall report.,2025-09-05 04:58:06
5866,2794,1219,Include traditional toward administration your ago beyond country mouth near word.,2025-05-03 02:03:27
5867,6098,304,Land south side always next form event Congress pick air research budget future whether.,2025-10-02 13:00:37
5868,4062,192,Particularly its present successful question teacher.,2025-04-28 23:45:16
5869,6482,1029,Church fill woman name herself describe mind police break region get moment.,2025-10-15 19:08:42
5870,2750,1783,Type fire from big base practice age line instead past skill more purpose civil why campaign money dream catch hear clear admit.,2025-08-23 00:13:38
5871,1119,963,East paper around.,2025-10-10 22:48:10
5872,1320,1586,Also world less drive time make care able finally natural art role shake yeah body job.,2025-09-12 21:38:58
5873,1400,1749,Mean view offer pass big care bill fact subject those bit prepare create newspaper resource.,2025-08-13 04:56:40
5874,3032,1257,Oil huge cover employee light material table policy model oil career.,2025-04-20 04:04:12
5875,2163,837,Believe community serve actually kitchen assume rule attack him attention garden.,2025-06-18 12:18:11
5876,5830,1363,Why quality month late point kitchen why the past trip model foot agree speech everybody.,2025-10-01 15:22:05
5877,3126,771,The risk stand since force wall bank loss bring TV listen door.,2025-12-13 18:26:39
5878,4976,479,Film simply though put turn TV stay mission wrong.,2025-05-20 13:27:31
5879,2593,1939,Meet hundred fire candidate part land rise.,2025-04-13 21:08:25
5880,770,505,Officer civil finally force few voice occur open look effect degree should upon shoulder floor raise pattern here since person radio human note until top produce.,2025-02-12 05:08:33
5881,6307,272,As through soon idea security impact campaign know different assume arrive.,2025-11-01 05:07:56
5882,3316,479,Candidate low decade make beautiful understand man drop beautiful before.,2025-06-10 11:31:31
5883,5093,648,Fact lot year able dream suffer.,2025-04-15 09:56:40
5884,5997,862,Agency only population executive statement light very fight heart piece voice amount model unit fear thousand while.,2025-09-26 04:31:11
5885,6262,1882,Drive much middle college kid sign prepare answer allow share sister.,2025-07-23 01:49:36
5886,2376,1250,Specific argue enter painting serious particularly few.,2025-10-13 03:48:11
5887,6297,989,Message theory improve book couple suggest read top.,2025-10-25 15:58:42
5888,1985,1299,Couple work third how staff ball return.,2025-07-02 13:14:58
5889,4863,249,Mean remember tough crime involve no debate structure shoulder door police two conference.,2025-07-17 22:17:00
5890,6415,1553,Appear benefit west herself control prepare hair keep simple among walk dark base somebody vote.,2025-08-07 09:00:47
5891,2839,1312,Quite standard dog tell under move out part decade improve.,2025-09-04 22:44:11
5892,4473,1354,Look seven reveal home in special through.,2025-06-27 14:06:03
5893,5560,409,Political interest eight order color test.,2025-06-07 14:14:17
5894,3334,1812,Order white front almost once herself rock public event crime interview century meet.,2025-02-25 01:34:51
5895,5825,615,Professor off religious huge bag glass occur spring myself necessary of tell certainly girl together mean.,2025-04-05 20:24:17
5896,6367,574,Floor within child people.,2025-05-24 00:40:20
5897,2872,658,Newspaper big ok source general.,2025-10-14 23:03:51
5898,3463,1980,Own design drop full meet grow night practice present size once on.,2025-12-05 14:57:58
5899,6158,700,Appear worker around most energy husband prove happy when he discover church team particularly brother market.,2025-09-19 13:09:43
5900,2307,1957,Responsibility final next together money finally never opportunity medical eight language.,2025-06-02 23:47:20
5901,1413,1995,Dream after speech message tax church.,2025-09-10 09:58:29
5902,1670,142,Right speak hard task activity.,2025-12-14 00:45:48
5903,4965,1731,Customer before follow.,2025-07-27 01:14:29
5904,2320,338,Serious early spend without off guy especially herself someone idea executive deep country dream wait.,2025-06-21 10:11:11
5905,603,2096,Economy realize meet kind natural determine include particular or professor dark toward she fly rock trade dinner third soldier teach third career decade enter.,2025-10-29 23:36:13
5906,4904,248,Interest detail different race PM main activity east several wait voice often parent owner physical some.,2025-03-30 03:39:41
5907,2261,1615,Clear almost outside knowledge their make bar model.,2025-05-06 00:29:48
5908,2420,537,Rock chair center week already actually reality scientist price hundred change responsibility beat.,2025-06-30 15:54:29
5909,2637,1951,Compare likely artist capital become we describe notice say shake summer brother partner recent edge room car crime second force property career leave measure south painting phone.,2025-11-02 12:10:46
5910,3258,1724,Pressure wonder near manage nearly surface determine would then option our.,2025-01-07 04:53:59
5911,2378,1401,Teacher reach direction song question Mr speech.,2025-07-25 11:17:02
5912,3729,1438,Couple again door environmental central report though.,2025-02-22 12:43:37
5913,5262,1156,Box cell nearly including.,2025-12-09 23:59:41
5914,4519,1777,Stay trip draw process situation require.,2025-09-11 02:19:38
5915,4470,558,Century unit industry sense or protect property position visit century deep current down year door reveal month buy leave service use see.,2025-10-28 18:08:49
5916,3312,726,Read arrive computer build box media dark do meeting various rich western voice special break fact teacher serve several move focus me magazine perform.,2025-12-01 03:39:46
5917,4758,1659,Letter human ground only special better century wrong choose hear simply city father let agreement official technology sort old detail use property.,2025-10-25 17:41:09
5918,1952,442,Trade would their process stay skill rule why.,2025-02-03 23:00:33
5919,4804,1641,Father play heart rise course brother middle win field tonight.,2025-10-11 04:24:49
5920,4445,636,Affect factor over phone part behind set issue become woman news.,2025-08-13 23:15:27
5921,1652,700,Shake power local.,2025-10-28 19:18:40
5922,1811,1226,Only behind action home available interest consumer recently measure something effort few record lot company measure.,2025-07-20 10:38:38
5923,5556,1247,Watch around take serious single.,2025-01-05 02:57:20
5924,1856,608,Group write window sure personal wind.,2025-02-15 05:08:11
5925,739,826,Fill take none also true smile college during listen man bed best white management some notice meet.,2025-10-31 02:10:12
5926,6405,1775,Consumer born degree half maintain attention involve scene political miss still couple letter fact production generation later tough must.,2025-11-18 19:08:59
5927,6085,583,Play service why rise wonder onto affect.,2025-01-06 19:36:42
5928,4381,1686,Case director consumer bank Mrs and hold avoid cut story doctor if hold watch.,2025-08-19 18:05:16
5929,5237,631,East garden time perhaps both theory option Republican own.,2025-11-29 01:49:04
5930,4575,1877,Another after evidence threat study board than about follow.,2025-07-20 22:24:17
5931,6415,396,Argue soldier issue benefit race show outside ready understand heavy decision might south stage individual after generation.,2025-08-07 07:58:47
5932,813,247,Within our thus rule boy able per without serious.,2025-05-20 11:47:02
5933,3852,820,Clearly wonder somebody drive skill job general year middle offer.,2025-07-04 10:58:53
5934,4087,607,Which your son behind stock material himself ability activity thousand first national health world car successful seem building yard their whether.,2025-11-24 21:31:24
5935,982,759,Money smile skin state right claim north remember machine anyone rock under all chair step deal during once.,2025-09-04 06:15:38
5936,3344,1513,Middle father eye think whom stop sense administration space what.,2025-08-28 23:46:28
5937,2065,346,Least sure executive your buy hot pattern pick doctor commercial.,2025-04-04 03:54:01
5938,1439,824,Become before prove where attorney whatever market measure professional home live help student I real should friend game.,2025-05-09 07:03:37
5939,4223,216,Six dog wall also face reach edge eat pass force music start investment air relate but building general of beat president develop main.,2025-04-06 13:36:16
5940,2563,1640,Talk party officer clear institution item year stock stock paper.,2025-07-10 19:51:34
5941,5572,839,Course feel across fact use have may remain many how task will.,2025-10-01 07:23:18
5942,4862,316,Travel race decade newspaper surface measure forget up decision city.,2025-07-26 12:21:36
5943,1372,1652,Great daughter receive within positive floor which.,2025-07-29 17:55:27
5944,4169,1027,Long life minute baby our score cause for model nearly stuff body since interview difference much.,2025-04-06 15:45:22
5945,3557,1923,Break sort read tonight film.,2025-09-03 15:07:53
5946,3543,1884,Beat result bring role available friend kind.,2025-06-22 11:11:14
5947,2359,1735,Seven politics traditional save right total may exactly catch authority pay religious economy.,2025-06-09 01:04:30
5948,3904,513,Look worry off both society trip face happen learn leave course bar head million think fight head much outside pass.,2025-09-24 02:51:03
5949,2390,301,Reflect what break hold marriage available foot same push once.,2025-11-26 15:05:04
5950,3729,223,Standard forward establish at.,2025-02-22 16:45:37
5951,5479,523,Behavior company total try my.,2025-10-15 14:17:38
5952,2608,1913,Condition provide know worry fish note face not meet measure look away pull similar industry beautiful leave bag.,2025-05-20 20:12:43
5953,2278,202,About teach just child subject young give study including life then receive financial.,2025-09-04 10:04:09
5954,3807,2031,Relate leg key fire determine loss girl whose remain want away impact sometimes quite step you rather five project movie material same guess wear clear pressure.,2025-01-20 11:53:59
5955,2805,697,Feeling specific place machine rule always.,2025-07-04 16:10:49
5956,3743,768,Operation feel detail national subject trouble leave inside summer near dream.,2025-08-12 13:30:11
5957,1315,607,Building action allow great response total box community later here.,2025-04-04 13:41:49
5958,879,1140,Class former big situation partner pass ground be performance find page third two stand run.,2025-10-01 00:20:10
5959,2789,534,Person institution today outside remain something system face structure particular range onto alone.,2025-10-18 15:37:18
5960,2684,1516,Year leave moment find pull door later executive possible off result organization prepare brother Republican say coach run.,2025-07-17 08:38:04
5961,2791,1328,Just drive rise still since place.,2025-04-18 11:58:07
5962,3481,1757,Research quality issue analysis positive bank several also process pull mouth point crime situation work executive ask now.,2025-06-10 02:22:01
5963,3692,1620,Gas win major rock indeed use type tough us inside manager community worry within red stuff industry half upon Congress.,2025-11-05 15:41:26
5964,2885,954,Candidate own western board at fire such security its.,2025-08-30 20:47:12
5965,3889,2056,Want every might result along garden sell star fill avoid college ask.,2025-03-16 20:32:34
5966,3855,284,Sign study commercial son human owner but author shoulder too other Mr.,2025-10-09 06:38:47
5967,4032,945,Event against what factor most still save ok step professional make election college hit along industry ability.,2025-04-10 18:22:30
5968,4099,392,Although arm past on cold season avoid.,2025-08-22 19:08:44
5969,6251,1430,Charge apply must local claim return Mrs despite recognize bank any guy until anyone section century environmental me number source firm will age foreign institution must.,2025-03-08 11:23:25
5970,3357,238,Thing wrong PM professor outside ready only why question ahead garden test all.,2025-09-10 22:38:35
5971,2674,466,Theory who technology than stuff.,2025-01-08 22:57:15
5972,2795,559,In population defense response light well economic plan standard past wear play hair.,2025-12-07 12:08:07
5973,6492,1708,Human although that it leg sing candidate sense industry hour everyone.,2025-11-23 08:13:39
5974,5401,382,Strong expert effect live forward us ok either girl effect region opportunity meeting her politics you small however exactly forget set maybe need.,2025-11-20 14:50:21
5975,3767,660,Short involve feel social attorney school executive bad really like believe plant admit around laugh year.,2025-04-12 00:12:59
5976,5216,203,My hear build me never want memory budget not reality recent new phone.,2025-10-19 05:10:31
5977,2309,1308,He authority third rather institution answer position should side sign security catch week.,2025-05-28 13:06:16
5978,2203,1680,Part finish short direction difficult.,2025-07-17 06:58:24
5979,4383,519,Town up wait question buy prevent section now eight PM raise owner chance board anything research speech recently.,2025-05-11 00:13:29
5980,3931,253,Study ok article ten.,2025-03-17 03:34:46
5981,4626,1939,Hair last reveal we condition.,2025-04-12 18:27:20
5982,3647,2082,Lead father wide significant level much scientist threat among base thousand open walk hot either network relate.,2025-04-26 12:01:50
5983,4087,1477,Accept finish yet particularly.,2025-11-24 22:32:24
5984,893,1732,Citizen action general me discuss cause enjoy soldier himself nothing both position.,2025-08-29 20:49:17
5985,2239,1943,Hard language teacher arm cultural data important oil develop hope wind face single.,2025-09-28 15:06:25
5986,4788,176,Magazine try toward score generation institution growth through nothing discover share medical ground industry nor leg standard.,2025-08-28 21:58:26
5987,4173,1036,Describe land strong break financial president foot ever plan money.,2025-11-15 06:14:32
5988,5296,917,Act staff church seat campaign something stage policy measure former return.,2025-10-21 16:56:42
5989,3679,416,Young save keep then standard head.,2025-08-05 21:30:09
5990,4962,1901,Another economic evidence remain simply exactly church.,2025-10-18 18:57:48
5991,5166,885,Than class fight live style well size during certainly article project against other.,2025-04-05 14:12:34
5992,5804,1600,Happy condition strong radio old figure week at office Republican stop past image get music challenge old.,2025-12-02 23:55:17
5993,4211,1377,Past read international room against item among major friend type way fly possible never item.,2025-11-19 04:14:22
5994,3660,363,Church case ball heart him get the decide simply performance determine second enough why sit do he service summer each song he piece learn education.,2025-11-18 13:58:16
5995,2456,1719,Much beyond which take science outside free owner position dream weight what great force fly later sure small else dream six.,2025-04-21 10:45:48
5996,3460,119,See relationship American material five worker despite too.,2025-03-02 12:53:53
5997,1436,574,Public cut factor who whose.,2025-09-03 08:00:19
5998,1301,1977,Catch newspaper many speak gas expect especially food with.,2025-01-16 13:56:25
5999,4957,1761,Term do trip pass necessary difficult strategy music against finish require despite effect ready stop than wear low.,2025-07-06 05:09:14
6000,5393,1090,Fly school star break dark analysis road book boy building carry bar article.,2025-11-19 13:43:43
6001,1513,866,Attention central fly painting customer deal whose give policy lot push bag gun capital break job.,2025-10-06 01:20:30
6002,6286,635,Real seat opportunity later.,2025-03-12 09:56:27
6003,1902,369,Use anything street network onto before.,2025-09-16 17:11:27
6004,1686,1492,In former dog hour big drive again stop modern fact age past.,2025-10-28 15:53:22
6005,2910,271,West both industry never answer look outside decide call senior season sense visit Mrs mission politics time modern under security deal.,2025-11-21 03:28:03
6006,3169,1795,Rest remember yes point tax whose history dream sea sound knowledge despite discover three call past much job personal catch.,2025-06-11 02:28:02
6007,5101,476,Case win deal stand another too machine not music staff show people win base term agency thank only area pick expect perform each.,2025-11-17 10:55:14
6008,3408,208,Himself big these consumer short audience since guess prepare type loss anything culture color.,2025-10-12 10:33:39
6009,2290,512,Around effect across present section pay finish rise.,2025-09-28 04:56:58
6010,5177,1596,Together stuff happy guy cover ask finally stock across.,2025-11-06 12:31:03
6011,708,343,Value professor not always study plan yard us force hot.,2025-10-10 00:02:11
6012,3739,1033,End career few carry front international effect trade black paper open case try maintain picture grow spend truth use treatment far law though.,2025-10-16 10:09:24
6013,2588,1018,Dark yeah foot matter see clear director word account scene bag trial property accept bag government treatment sort professor.,2025-03-22 07:38:53
6014,2929,1817,Network particularly who find right whatever sing life mission by entire present reduce option same present professor right reduce.,2025-10-24 17:12:34
6015,5153,2049,Series performance put mean save buy.,2025-10-20 07:22:04
6016,6064,1900,Hand rock relate daughter truth necessary doctor mind them sport deep common affect my.,2025-04-14 06:15:57
6017,712,760,Life entire respond specific similar such simply economic actually ability voice wrong resource structure.,2025-08-26 07:10:29
6018,4338,1371,Take white middle billion coach guess film big.,2025-02-11 00:59:23
6019,4050,896,Every old opportunity must pattern group above quality believe scene education husband including method you.,2025-10-28 00:50:33
6020,1661,1041,Age production billion leave teach less hard travel cover marriage body pass address herself either which claim.,2025-10-27 09:17:15
6021,4362,1823,Able ago argue better scientist.,2025-07-11 00:01:35
6022,6248,190,Establish guy boy hotel anything forward manager language old decide human unit its middle bag behavior major again seat from moment population especially sort.,2025-11-10 02:38:58
6023,2404,1588,Experience fall hope three value across can.,2025-07-11 10:30:31
6024,736,1018,Explain sea film international black foreign film executive might class majority deep traditional red traditional both play expect really up able source not I science treat record.,2025-12-04 09:24:38
6025,4350,196,Beyond list as politics education rock what.,2025-07-15 06:29:38
6026,1966,1428,At study truth we save full tell.,2025-08-22 21:26:24
6027,6144,1684,Fish room board contain election buy despite space system compare.,2025-11-04 10:01:41
6028,2280,609,South space evidence at will sport dark industry open item want where window population save.,2025-07-19 13:42:08
6029,3118,1334,Common ago president design mission according religious century industry enough.,2025-08-24 03:04:07
6030,1331,2091,Miss tree surface add speech western offer write short support sure bed.,2025-06-18 19:30:57
6031,5863,1398,Today generation window paper marriage western card.,2025-11-10 14:31:23
6032,1712,148,College treat civil individual simply beyond mission occur must be receive agree.,2025-07-15 12:24:42
6033,3458,1425,Control across effort.,2025-09-14 05:23:19
6034,5227,1911,Letter late coach decide reflect fine effect green.,2025-11-15 20:32:24
6035,5163,635,Blood contain method major pull carry happen why toward affect raise edge score owner term president just fact loss Mrs.,2025-07-16 10:16:55
6036,1805,300,Drug traditional generation up oil what back image range although color more pay poor.,2025-11-08 01:35:18
6037,3691,1357,Star speech spring growth move dark employee film lawyer others popular down order live.,2025-07-15 06:40:48
6038,3956,2026,Religious at hear final note year listen interview view will black vote campaign part soon left street test.,2025-05-27 06:54:56
6039,714,1893,Nearly ahead section class debate what always appear hard.,2025-08-28 06:00:09
6040,3840,1362,Visit by Republican its image smile through PM skin yet six other believe building certain bag official simply fight.,2025-11-21 01:36:40
6041,3538,413,Participant south degree stop.,2025-11-05 08:25:40
6042,6475,1558,End assume themselves inside camera push.,2025-07-13 22:01:19
6043,2850,121,Under safe rather realize kind avoid movie her edge animal million huge stage later wonder rich.,2025-07-29 06:49:27
6044,1329,464,Table case you degree lose seek serve stand college the.,2025-03-18 04:40:20
6045,4830,1028,Wife range pick gas policy.,2025-08-14 15:23:25
6046,5413,144,Around ground have man surface charge candidate to smile speech authority number agreement foot information community into all.,2025-06-11 01:15:53
6047,5397,1221,Way culture act course large suddenly.,2025-08-21 06:53:29
6048,5022,1715,Receive technology behavior leave surface response image couple medical two bad choice.,2025-11-05 03:42:13
6049,1086,1285,Protect against care bring.,2025-10-08 22:39:28
6050,4555,558,Product see respond six there rather movement rather must charge necessary piece five stage green again which today truth about true.,2025-06-22 19:51:17
6051,2580,211,Foreign industry everything let risk nor management cut student carry way sign individual run manager now half training should.,2025-06-18 16:33:31
6052,6319,1057,Born behavior you direction citizen worker kid across financial may one sure almost mother involve scene.,2025-01-12 21:29:42
6053,4915,1327,Class professor red require recent sing bad section.,2025-06-09 02:17:08
6054,1666,1731,Window property continue arm music check television drive rate live see crime difficult ago sport commercial either allow state economy hot sea political.,2025-07-20 03:08:37
6055,5562,492,Work however later trade strategy easy home hour within deal represent anyone full include subject word girl.,2025-07-14 00:00:41
6056,3227,1139,Prevent chair to teach push family page civil will avoid decade gas too consider name.,2025-02-18 16:02:10
6057,2239,2068,Across that me election standard community class another require I magazine beyond.,2025-09-30 04:33:25
6058,5231,571,Low history view sing picture military threat treat seven federal hit strong wonder former at imagine check two this start.,2025-11-01 15:41:12
6059,6497,516,Describe commercial standard management magazine up finally serve still career message focus mean shake ball how.,2025-01-14 17:40:17
6060,4710,618,Indicate offer may daughter nation thousand upon.,2025-07-29 00:12:21
6061,2599,497,Yet man possible suddenly man adult laugh.,2025-11-01 04:28:59
6062,5849,1521,Win else perform activity instead hospital bit indicate save me personal break idea question thought second perhaps population nothing.,2025-09-12 00:21:42
6063,6471,1917,Alone move wrong former president positive society hundred agree citizen argue wear if now television minute finally full.,2025-10-31 16:11:06
6064,5708,117,Likely hour risk investment history individual too back space town another expect eye sort history.,2025-10-03 04:42:52
6065,1593,389,Note under market.,2025-11-30 18:30:38
6066,775,1884,Action real chance daughter generation ask executive establish authority similar authority officer.,2025-09-30 07:13:20
6067,3485,1527,See catch against through Mr common crime.,2025-12-16 00:56:16
6068,2329,1173,Likely will ability cultural.,2025-09-13 20:31:07
6069,5543,443,I this national beyond.,2025-03-19 15:08:36
6070,1022,1421,Race unit time bed worry deep skin language write lawyer edge than imagine international.,2025-09-24 01:00:55
6071,3751,1939,Lose top whatever never include after group how rock official area nature show course provide bed enjoy cultural body.,2025-06-23 10:03:12
6072,2298,274,Near approach save manage something his fear me position language finish those pick media account too respond standard.,2025-12-02 22:59:42
6073,1393,244,Language chair understand serious hear surface information continue cost high me coach.,2025-09-03 09:18:10
6074,2056,674,Your effort sense important dinner none career mouth easy stand meeting parent be or.,2025-01-16 02:00:11
6075,1726,1039,Color ever happy himself run share west paper.,2025-08-11 13:34:42
6076,2571,1525,Day must while deal single wear old month only option morning talk remain act such per write concern rock station.,2025-12-03 20:46:42
6077,1436,568,Red occur bank company art glass east work score give what paper color class quite girl new compare until.,2025-09-02 09:31:19
6078,5716,177,Left gas mention drive case officer prepare.,2025-01-19 06:38:58
6079,3222,655,Room meet light summer behind knowledge list.,2025-04-03 04:43:36
6080,4178,656,Church beat four none hard career boy news.,2025-07-07 12:18:13
6081,3704,1105,Event window successful through executive crime learn meeting suffer image.,2025-04-22 16:00:24
6082,2653,473,Indeed successful growth meeting player way discussion concern beat even level artist service worker professional.,2025-03-04 16:00:12
6083,2089,1970,Street but part western whole sometimes fly.,2025-11-20 12:21:38
6084,3121,1230,Drive leg even bring magazine move just official two skin significant.,2025-09-26 09:06:11
6085,1578,192,Pretty thousand decision because yes site.,2025-11-23 05:43:51
6086,1685,524,Wish allow north home day job station Mr national should situation perform employee direction bank stock air.,2025-06-18 16:58:27
6087,751,1714,True threat trip provide resource.,2025-03-19 15:23:56
6088,2275,939,Benefit movement outside eye according.,2025-08-07 02:12:02
6089,4566,498,Congress close blood person suddenly light number.,2025-02-15 02:03:40
6090,3861,485,Hotel pass citizen look century eight simple rather buy question meeting outside sense.,2025-08-18 17:18:33
6091,3245,857,Meeting deal thought personal measure friend able.,2025-09-02 00:45:03
6092,5537,399,Send scene play box world value seven training treatment hotel hard girl.,2025-09-22 15:45:20
6093,3230,1379,Something about treatment sure else certainly difficult election suggest consumer culture cup magazine statement let as.,2025-11-04 04:36:05
6094,1479,182,Author hard available six north girl subject require continue.,2025-08-21 01:55:40
6095,4374,2086,Ahead everyone year again media body American miss throw.,2025-11-14 15:10:51
6096,4882,959,Ok later happen vote expert stay improve hot family personal thought shake until maintain identify kid.,2025-08-23 02:02:58
6097,6389,1628,Always mother admit newspaper though section space night material door.,2025-04-28 15:16:45
6098,1592,2014,How hand wish successful rock painting security hospital structure commercial off customer group often ability price.,2025-07-07 04:34:20
6099,5466,2005,Recognize public account near memory food sell not particularly medical than finally high send production husband mean subject three.,2025-04-15 17:57:37
6100,1794,173,School no support ball meeting medical cause assume though.,2025-11-09 06:48:43
6101,2238,326,Lawyer eat hospital maybe take along so per seek certainly thus public catch take billion board only care daughter education.,2025-07-12 12:46:08
6102,3633,1569,While recently end pick note resource laugh prevent middle different must.,2025-01-04 06:43:30
6103,5525,533,Natural effort very religious none rest most think offer certain.,2025-02-05 17:56:42
6104,1096,368,Star power what evening drug only single leg floor research.,2025-11-17 20:43:31
6105,5677,1165,Together kid study affect pressure.,2025-10-22 08:15:19
6106,571,536,Smile each exist to environmental level everybody conference like school ahead agree rich finish dream war reduce show.,2025-03-16 22:33:43
6107,5634,1370,Large successful under of manage task really conference represent minute work whose state.,2025-10-07 02:07:04
6108,3118,694,Discuss film win boy within attack during say agreement truth responsibility plant prepare quite discuss meet.,2025-08-25 17:25:07
6109,853,762,Stage decide long analysis about five beat dark sport reflect military not few attention.,2025-03-12 16:33:42
6110,4930,1331,Long include sing meet.,2025-02-14 01:03:57
6111,3671,593,Deal table year goal federal firm car action late before age cut cut name character coach common generation may market help staff floor trade.,2025-09-04 21:19:30
6112,4720,1285,Guy offer hit find watch dinner difficult star try school ground hand ten financial own management clearly modern.,2025-09-08 21:16:38
6113,5592,1875,Impact drive deep ability risk yard tax guy guy themselves.,2025-04-20 12:05:48
6114,2794,180,Floor many international because past site.,2025-05-04 18:24:27
6115,3680,172,Be sign note billion professor into ever more light college face letter western within give truth project.,2025-10-05 21:33:17
6116,5384,1492,Cut far little law a method bank far.,2025-11-12 08:54:32
6117,1363,1276,Board improve see federal relationship.,2025-08-16 06:51:39
6118,2035,1680,Company rate degree study including fish gun some some quite sound similar foreign cup such religious add discuss phone common heavy trip different everybody.,2025-09-09 14:39:27
6119,4309,1192,Crime respond relate deep follow record that rock live.,2025-11-18 14:52:25
6120,3202,2086,Rest say some radio government everything system organization receive cost worker now notice large.,2025-09-11 02:35:35
6121,2194,1734,Contain put charge step perhaps daughter prove music serious tree involve hard agent force new evening maybe now room lead door sing institution.,2025-11-14 14:49:06
6122,4177,1256,General mission still second edge would stay with energy first trade back billion raise church.,2025-07-10 14:04:55
6123,5238,1208,Ten thus free popular kid mind maintain left family else wife.,2025-06-26 01:57:54
6124,1329,2019,Level grow agreement goal with seat tree through enjoy idea church.,2025-03-19 15:58:20
6125,5317,560,Outside value hear leg son someone might that stage once.,2025-10-02 06:19:13
6126,3562,387,Word vote ready against from service century father after bank close civil two us media ok up but.,2025-08-28 02:33:37
6127,4761,1701,Face test measure heart onto seat from since into green medical western project local left know will room.,2025-07-20 14:58:18
6128,5784,136,Buy tend garden recently alone according hold treatment degree every film arrive instead onto candidate than me attack always.,2025-08-02 14:22:41
6129,1147,664,Difference physical give cold yeah billion popular long data military.,2025-01-25 05:18:00
6130,1624,1794,What until summer attack miss his event road provide off.,2025-12-12 22:38:53
6131,1224,1811,Address notice open see over skill attack billion wide let instead player tree.,2025-01-23 11:14:13
6132,2967,1426,Light large Democrat letter police myself leave win scene plan music brother physical community provide.,2025-10-10 02:39:57
6133,627,1650,Amount almost boy sure institution he necessary to break you kind then dream control choose.,2025-10-18 00:46:04
6134,6220,1516,Protect they best popular.,2025-05-11 00:08:07
6135,3686,1903,Week appear song board.,2025-07-14 06:05:50
6136,4554,1088,Various stop somebody cover camera girl low page letter major hundred true value western window cell about half.,2025-03-13 14:06:39
6137,6057,1103,Shoulder establish after security realize identify southern defense crime yeah thank effort.,2025-10-04 21:33:13
6138,622,1392,Carry whatever attorney wind international never share our your century meet first soldier form home give top generation important.,2025-01-20 18:13:57
6139,1281,2046,Hit power same century her American study least station push sport film blue specific.,2025-09-17 18:26:53
6140,586,1111,Nature site identify police him other step.,2025-08-28 06:16:47
6141,968,1401,White create network serve four try involve.,2025-07-19 05:37:31
6142,6030,682,Clearly Democrat not thing left senior man admit garden task state area involve itself.,2025-06-25 23:44:34
6143,668,1012,Car final religious left natural get mother act subject past apply able treatment become camera foreign support strategy smile.,2025-05-12 00:01:02
6144,3980,1912,Score benefit organization page then product director parent character thousand attorney should girl whether will.,2025-11-18 17:49:10
6145,5874,920,Lay consider television though chance family success religious.,2025-05-10 19:37:51
6146,2744,167,Write try leave trip oil huge.,2025-06-22 10:40:27
6147,1782,590,Friend my then degree hot want among.,2025-05-12 22:31:33
6148,1807,1199,Left church cultural magazine man know religious series activity store stop miss firm a.,2025-09-26 02:33:07
6149,4006,886,Box including return sometimes identify because tonight important high meeting skill executive sport mention.,2025-07-09 07:51:00
6150,3772,1772,Analysis I challenge role alone then.,2025-07-15 04:50:21
6151,3636,409,Soon heart close information American.,2025-08-13 03:52:55
6152,5159,294,Join social leg couple even base let southern board station wish can forward sound great smile reason film agent herself thought class within.,2025-02-04 06:35:53
6153,4657,275,Over agency enter fish.,2025-10-22 19:55:33
6154,6135,169,Degree experience send the cut money right necessary necessary.,2025-11-18 08:01:26
6155,2993,1156,From direction start cultural cut site language say value partner action agreement understand commercial look per color travel hand eat best newspaper store.,2025-10-16 07:52:05
6156,966,436,Carry practice mission table as pull likely hold free air in require paper job life example whom long head now assume building various.,2025-05-13 01:12:52
6157,6214,1373,Theory pass pretty event test meet your marriage property reveal.,2025-07-10 00:06:51
6158,2684,1203,Tend stock able major recognize attention natural leg check.,2025-07-16 22:28:04
6159,1231,1704,Name live style entire member wall edge deep chance far account already model human speech send easy heavy PM.,2025-05-30 20:46:42
6160,2796,160,Their score though exist project others building attorney outside grow.,2025-02-14 15:48:40
6161,2448,1396,Eight east general strategy make east and million become attention.,2025-06-13 02:25:12
6162,5614,985,Other training happy market option avoid whether certain accept become all race article.,2025-01-12 22:19:52
6163,6387,1783,Sea through sit sort support agree like forget statement total store leader customer theory scene number ready painting.,2025-08-11 13:51:47
6164,2245,1108,Deal sea attention carry series surface.,2025-05-09 00:54:38
6165,2595,1561,Upon food Republican season five performance factor example face.,2025-07-26 06:05:40
6166,5452,606,Feel economy pressure section window push car rise others itself than nor central involve woman.,2025-05-25 16:01:54
6167,1633,1998,Example note simple most key happy education new occur off administration bar occur start side then ground politics general.,2025-04-24 23:01:19
6168,1090,1359,Degree remain phone contain fish catch level clear news.,2025-02-06 04:22:39
6169,3812,1306,Party figure quality know media democratic system.,2025-08-08 15:16:33
6170,4169,156,Us can life pay summer former offer even design dog traditional language worry picture understand thank.,2025-04-06 14:26:22
6171,6410,835,Quality word stay eight nation region white two.,2025-02-13 19:51:29
6172,3633,1913,Though week situation quite can factor today whose value response or across nothing and mission manage board today.,2025-01-02 04:07:30
6173,5276,2080,Onto move culture hand dream single young fill manager activity recognize.,2025-11-08 23:31:05
6174,5650,1641,Total officer television skill thus continue wish beat everyone.,2025-11-17 10:10:46
6175,1780,2007,Amount protect left test education during result.,2025-07-15 06:48:40
6176,2019,447,Opportunity significant reveal tree.,2025-04-24 14:16:40
6177,5412,993,Area scientist too son.,2025-09-16 21:32:23
6178,2956,709,Outside eight usually deep several nature represent.,2025-01-30 18:38:41
6179,2682,1520,Say sound nature outside above attention public floor family floor pull skill.,2025-08-06 09:32:40
6180,3082,245,Itself weight attention body fight around meet marriage whom college power field field call when age media turn cut style animal prove throw.,2025-08-28 00:52:47
6181,949,605,Which shoulder computer quality.,2025-10-06 22:01:47
6182,6392,726,Tv war TV peace involve brother turn which consider court peace energy quite government conference serve.,2025-06-20 20:51:28
6183,3723,121,Rich between number order set present think authority she wish mean stop study window total smile type write film major play.,2025-08-05 04:41:56
6184,6385,547,Manager fall collection Democrat better rate hour least specific democratic push economy produce fine strategy care tree unit attack off source large.,2025-07-18 03:29:04
6185,4833,1079,Fine vote behavior support head stay improve all accept can medical son open outside check technology before fund nation institution alone too.,2025-10-30 05:08:27
6186,3612,1702,Much election sound condition campaign issue role audience turn movie stay TV understand moment.,2025-07-28 01:00:31
6187,4539,1966,Near view choose allow rock enough reach always send government particular challenge particularly.,2025-10-26 11:24:07
6188,3000,1933,Nor involve region along play plant able compare coach herself care.,2025-02-23 21:22:01
6189,1884,1703,Store rich prove according economy mother.,2025-12-05 17:05:45
6190,1944,1107,Hour himself side stuff paper leg manage plan industry try oil serve guy strategy Republican writer explain Republican choice follow southern.,2025-04-29 08:49:50
6191,1369,1134,Along protect project impact father line off forward fast.,2025-10-12 14:28:22
6192,3996,673,Course may vote body statement computer foot involve art second security consider student question administration rock over baby with personal.,2025-06-20 06:10:06
6193,4173,1829,Truth establish might time happen quite condition red you key maintain difficult culture television.,2025-11-15 05:36:32
6194,5897,1135,Subject short attack fear science anyone.,2025-09-10 19:07:31
6195,5275,177,Bag society beautiful attack ability road way happy rise page themselves research shake church.,2025-10-21 02:32:04
6196,6291,1835,Stop into rule smile leader particularly practice provide easy scene new research manager house he method.,2025-07-21 05:30:47
6197,3343,1582,Newspaper peace sound relate from imagine.,2025-07-18 13:24:01
6198,2911,972,Growth the guess we suffer moment beautiful level out live rather safe that past call while long different commercial.,2025-07-21 01:26:36
6199,2038,1168,Agency military two language guess early goal team should again camera production believe treat responsibility agent person.,2025-05-11 20:48:39
6200,4624,247,Energy fly since result option.,2025-03-23 19:03:58
6201,3601,1043,Just popular though little yes nearly.,2025-01-25 19:31:11
6202,3672,1361,First not store wall local stuff assume together provide tough fact recently maintain half.,2025-09-03 00:06:58
6203,5653,1708,Live drug dog explain friend local far camera he last idea yeah weight wear environmental series save far drop cover especially.,2025-07-30 08:52:04
6204,3097,153,Lawyer hope career southern meeting story artist rich quickly type night large kid political.,2025-06-05 12:04:29
6205,2654,364,This claim way close money.,2025-10-24 14:56:54
6206,6474,1904,Sure director spend reduce gun doctor wish main.,2025-01-11 16:16:19
6207,4306,333,Top religious I father project increase ready money item detail cut oil visit cell benefit price fill wife woman information sure.,2025-11-23 22:31:42
6208,5262,1983,Exist particularly apply particularly small.,2025-12-08 01:24:41
6209,1737,879,Community fill interest interesting catch after change deal its senior often.,2025-01-03 10:29:13
6210,4528,861,Trial foot court might experience usually notice standard unit reduce important camera tonight near field.,2025-08-21 00:05:02
6211,6019,1764,Good put sea door summer market black hold spend around raise many trouble us we show result result or admit question.,2025-09-22 07:07:32
6212,4925,1513,Theory ok grow gas lead free everyone per attention science white trouble.,2025-01-16 10:45:36
6213,2153,563,Color government only part learn across public fall trip trial get various stuff card personal.,2025-11-19 08:07:53
6214,5823,1306,Teach sense he role shoulder.,2025-07-26 14:25:52
6215,3052,1259,Glass night condition during step environmental southern former peace other oil get teacher national.,2025-11-25 23:40:04
6216,2295,1819,Customer kind rest store true half specific might until old Congress opportunity until popular particularly life practice year into our address each.,2025-08-29 19:51:53
6217,1631,199,Good new idea explain college into reveal stock now fact town realize director.,2025-06-20 06:04:06
6218,821,748,They likely parent top up cell high.,2025-04-10 12:28:27
6219,680,881,Major loss son save green good whole exactly can throw shoulder protect mention way yeah or.,2025-11-24 02:53:05
6220,604,191,Front capital at their hundred benefit source role style treatment commercial third make its research physical.,2025-10-27 04:26:36
6221,5160,533,Five wide language necessary line.,2025-09-23 20:14:44
6222,3260,1148,Time concern seek water economy despite me rock.,2025-04-26 21:58:15
6223,1836,1793,Across life near summer fall arm space artist modern dream forget write kitchen ahead visit country financial teach teacher thousand institution indicate leader often.,2025-08-28 02:09:51
6224,960,944,Four stuff prepare whatever into stand stock write employee note attack management low half entire issue air strong tonight.,2025-08-06 02:55:51
6225,3797,189,Statement scene break memory yet skin safe us sign.,2025-08-03 18:15:05
6226,4916,473,Floor fund news amount question back.,2025-09-22 10:59:36
6227,2608,907,Image but blood question education spring explain same true more number help thus institution grow without ready enjoy.,2025-05-22 04:02:43
6228,4060,1456,Score sport hope share technology.,2025-06-28 00:39:07
6229,6347,2056,Office could say seat despite main whole scientist term author seem share why whose bar less likely once contain.,2025-10-26 22:38:48
6230,2615,1531,Why cover relate live fall sense practice.,2025-08-24 11:06:56
6231,3646,1700,Laugh wife performance young this same once society place.,2025-03-31 04:46:37
6232,3089,556,Station nothing often room allow start return radio marriage return sister music.,2025-07-11 19:20:53
6233,3684,1684,Five star officer son long author deep box what boy home church plant treat over author network including.,2025-06-01 02:16:42
6234,2834,1056,Individual first behind school save bill few food blue president thus audience century blue kid between.,2025-11-17 18:23:34
6235,2374,1417,Owner material way get our short young cultural reach.,2025-09-08 22:03:50
6236,4025,1221,Value name recognize treatment growth simply language knowledge life policy sell remain indeed reach owner evidence impact.,2025-07-22 05:04:35
6237,3295,1599,Born each remain draw interest her group modern Mrs.,2025-03-14 03:04:01
6238,1393,818,Left tough his already those network interesting type next cup watch ability religious create tend read.,2025-09-05 00:51:10
6239,5107,938,Live edge fight example respond.,2025-05-27 11:13:39
6240,5385,1476,Where or feel one short student southern.,2025-11-16 17:47:28
6241,3532,1840,Growth shoulder thus behind teach mother method beyond item bar present happen consider throw reveal across.,2025-11-10 19:35:32
6242,3921,1600,Act shake opportunity condition.,2025-10-11 13:53:17
6243,4359,1485,Sport kid morning staff whatever especially radio himself senior meet without hair worker certainly participant enjoy mouth guess.,2025-01-30 14:26:50
6244,1286,1634,Relate upon break tonight very course wish attorney bill long safe from use offer guess improve probably yes hair other window face another series win community medical.,2025-05-01 06:13:57
6245,2364,1987,Decide rich to rich fly picture.,2025-10-23 01:59:42
6246,1725,1597,Listen scientist candidate book girl past capital reach stage.,2025-04-25 07:05:17
6247,4566,1788,Factor behavior institution woman reduce human worry charge different evidence car.,2025-02-15 02:51:40
6248,5620,725,Share always standard use room support middle middle TV every some friend much pressure film institution.,2025-08-05 13:37:23
6249,3556,413,Film data option member environmental fill now go national possible.,2025-06-27 06:38:51
6250,4393,1437,Lose call hotel job care name work improve rule tax doctor.,2025-06-18 15:59:30
6251,3075,1519,Husband magazine million court affect know south million issue recognize large fear.,2025-07-22 05:14:00
6252,2101,1252,Per church skill point return pattern indeed big who.,2025-10-22 04:52:28
6253,2985,1242,Myself teacher attack effort paper coach employee.,2025-11-25 20:07:31
6254,5971,661,Save color member wish sport somebody medical threat.,2025-08-13 23:46:06
6255,2988,1279,Personal describe reduce security with and difficult become group but public although quality.,2025-08-14 12:44:43
6256,3345,1864,Member debate spring know radio trip project enter board tell maybe number small hard property whatever either number new could figure task guy here capital.,2025-03-25 12:54:21
6257,2114,802,Impact go suffer business cover however dream senior occur a center receive institution record consider husband husband.,2025-06-12 21:54:05
6258,6375,1061,Available who around administration bill any.,2025-10-31 10:41:49
6259,4837,970,Ground city moment he that thank.,2025-07-13 23:24:33
6260,2041,1718,Cut draw police old news relate blue so his financial check history couple peace.,2025-11-13 14:34:56
6261,1821,2075,Product right many attack perform specific oil often agent old face camera sometimes bar black later over accept crime main.,2025-07-02 05:03:09
6262,2267,908,Usually course position meet close game government week final wrong control attack manager listen central middle performance.,2025-05-15 10:37:57
6263,5434,1784,Daughter rich week health last painting current detail industry present night beyond doctor.,2025-12-09 21:39:09
6264,3722,1523,Choice light next why coach top discuss real early Democrat box office national idea.,2025-06-13 15:00:01
6265,3503,706,Car present plan job cultural pull official along pass system son rest final traditional run baby mother brother cell student movie population.,2025-12-13 10:38:21
6266,1396,265,Wish power of build let face sea should edge even lead third capital image mission big soon son similar direction.,2025-05-20 01:14:26
6267,3420,180,Fear exist trouble popular condition focus upon ten chair this camera matter very blood attorney size reason reveal wear market.,2025-09-18 05:27:45
6268,1383,1954,Old smile personal good program light name inside coach student discover.,2025-06-07 05:02:08
6269,5667,279,Another measure day week wish side Republican team work simply billion color audience make garden few.,2025-09-16 06:04:54
6270,3090,1783,Although bring option necessary behavior fight on by investment catch item stand without behind road create quite.,2025-04-09 14:04:11
6271,2789,413,Grow general list first tonight executive.,2025-10-16 13:01:18
6272,786,885,Foot us forget let lose always exist go find whole.,2025-02-15 18:42:06
6273,4050,2069,Past tell year group trip imagine I full ahead administration.,2025-10-29 05:34:33
6274,4436,1032,News at officer discussion then class economy piece show more about.,2025-09-02 17:20:19
6275,2259,465,Able professor it somebody wall food add either hit office.,2025-07-13 17:52:55
6276,2204,234,Drive especially book music organization line husband give sing cold near follow less live three charge forward sense similar.,2025-08-11 17:35:22
6277,4733,962,Dark five particular prevent which at develop.,2025-12-03 04:06:54
6278,1535,982,Become can above argue cut effort resource fly white able next bag sport sister five first month.,2025-10-06 16:59:37
6279,5058,424,General threat six thank shake gas hot tonight performance home smile cultural watch although environmental all color read us.,2025-01-16 16:02:28
6280,4258,2077,Article crime well production three lot gun former foot education where pretty music politics.,2025-03-30 14:40:56
6281,5292,1584,News floor with entire record clear wife small certainly send vote individual out chance.,2025-09-02 12:13:48
6282,622,1793,Knowledge tough why response thought care quality.,2025-01-18 02:12:57
6283,6034,1675,Full different dog middle son film wall beautiful modern.,2025-04-13 13:33:21
6284,6118,1900,A technology candidate movement likely rise stock American goal would view.,2025-06-17 00:03:54
6285,2759,1505,Economic require institution get business age feeling deep.,2025-08-02 05:02:11
6286,3377,1411,Test sit almost anyone artist their instead attorney through certainly purpose we left environment.,2025-10-22 00:12:38
6287,3345,780,Certain mean throw local easy either thus unit force.,2025-03-25 09:38:21
6288,911,867,Doctor chair fall at much newspaper which reveal race our plan cultural someone coach arrive forget recognize network deep.,2025-03-03 00:03:34
6289,6193,920,Lot others let attention production we guess cause clear require hotel since because day company.,2025-11-03 15:40:26
6290,5568,1866,Reflect however return national enough which hear.,2025-10-03 13:56:23
6291,929,1999,Woman present body question tough near hit bad magazine loss significant huge wear product later.,2025-04-19 13:53:26
6292,6407,1080,Number letter left stock if thing citizen seem yeah question wear kid challenge with long Mr near politics second.,2025-10-08 12:26:05
6293,3006,658,Structure movie which information information need do go blue police again.,2025-07-01 15:44:16
6294,5731,1449,Father claim rate no decade important.,2025-06-21 23:04:05
6295,2228,103,Later its she threat image season room score kid fill owner teach bar leave.,2025-09-29 12:38:05
6296,5002,455,Growth travel environment eat back.,2025-06-12 22:48:54
6297,4593,1584,Talk stay what meet whose understand bank happy although the feeling market energy idea when.,2025-01-07 15:32:18
6298,3923,1415,Matter challenge question.,2025-01-24 03:05:47
6299,5923,1474,Imagine travel hot easy despite around pretty.,2025-09-13 06:53:21
6300,4506,355,Physical someone too force movement image.,2025-08-05 10:03:05
6301,4054,582,News then outside discussion.,2025-08-17 00:01:55
6302,2673,1140,Second month name team speak situation blood own someone pull break street.,2025-05-06 01:26:57
6303,3755,1348,The government break.,2025-08-08 15:40:01
6304,6025,933,Boy deep necessary nor wind story share where sign the never fine strong fine letter economy five again positive ten today parent ever.,2025-10-03 00:31:47
6305,3433,309,Answer available rise have hold positive some less law rate rich.,2025-09-04 02:19:49
6306,3957,436,Seem lawyer force try ever there choice rather team color important radio wonder.,2025-10-11 10:00:33
6307,1755,1814,Now ask instead fund they newspaper.,2025-08-04 18:12:52
6308,4950,1503,Page trial end business become.,2025-11-09 01:56:08
6309,1642,143,Major worry order off by total my name education space her thought trade either building anything red accept.,2025-02-14 00:55:42
6310,701,881,Between their ok north mean may drive tax above during fear sign however be south.,2025-12-13 00:13:18
6311,5434,1228,Wrong why play pull still voice couple with newspaper institution science sport subject.,2025-12-10 04:21:09
6312,2914,1524,Tonight day fight present candidate fill sometimes hard media manage light believe nation radio.,2025-08-08 01:34:56
6313,3749,1643,Know seem bed physical son company.,2025-07-11 16:18:43
6314,2631,132,Environmental top from nation majority feeling picture brother father pretty decide of room determine fish.,2025-03-11 07:35:50
6315,5141,1996,Live feel from should Mr wrong response more treatment product such.,2025-04-28 05:44:16
6316,3046,332,Service strong product not face suggest program price authority start would Mr individual section religious property seem action real.,2025-05-04 07:54:52
6317,3523,890,Sister expert usually base now to data.,2025-07-21 01:47:05
6318,5419,556,Employee blood light my attack year.,2025-10-28 07:20:47
6319,2432,1371,Probably who drug year standard military carry member play so miss him toward agency allow action real often girl probably.,2025-04-18 21:25:24
6320,582,2049,Concern direction experience nor send board country instead church father say student the stage speak Mr style though class body worry onto reveal president also cover maintain.,2025-02-16 02:23:46
6321,3651,498,Society main PM begin into project them room fire top too environment.,2025-06-20 01:49:18
6322,1339,1749,Theory number for service.,2025-03-15 13:01:31
6323,5057,1470,Operation clearly hotel financial police have teacher certain sort entire past where amount.,2025-06-22 10:41:38
6324,6060,780,Accept actually when property use room go.,2025-10-25 13:25:04
6325,6476,1831,Soldier apply not example plant avoid drive hand road field that class bad south.,2025-02-04 23:47:54
6326,6067,655,Measure stage then speech less national pretty city Mr former citizen movie sure loss strategy perhaps land.,2025-08-20 22:38:24
6327,5634,1463,Pay part accept reach body image blue form cover base door food can will hold good toward practice when money almost only born return onto.,2025-10-08 00:04:04
6328,2029,1331,Large while toward blue pressure know time instead why result low establish on cell news.,2025-09-01 05:15:25
6329,581,168,May production marriage rock would always question because discussion.,2025-12-05 19:05:42
6330,5099,1681,Glass nor PM machine experience opportunity level cut degree fill father father agreement.,2025-10-18 11:52:05
6331,1812,261,Guess safe affect house art the produce mouth build east industry fish professional form stand walk ten give that door.,2025-10-30 22:04:25
6332,3725,1107,Reflect similar read dog game notice buy office try run civil specific top.,2025-10-03 16:31:26
6333,2022,1146,Run likely parent animal hospital serious have election pull most as southern film build experience yeah grow continue for full.,2025-10-03 09:03:16
6334,3248,609,Present week word accept project sit even him force fast space.,2025-06-07 09:14:25
6335,1523,1262,Thank term newspaper nearly forward plan student treatment education figure science order share son foot because southern shoulder team late produce.,2025-08-26 02:02:53
6336,5260,1558,Medical save likely mean project end rather work too free.,2025-10-18 21:36:26
6337,1808,465,War series coach choose yes painting almost everyone civil affect back.,2025-05-26 02:01:30
6338,2588,157,Media after just mean build office industry put dream responsibility necessary general them control factor ten.,2025-03-23 03:31:53
6339,4040,276,Under determine physical rate difficult effort man let huge item seek before cell buy final study.,2025-11-20 07:46:05
6340,5200,363,Line compare story stand poor air because weight result any.,2025-06-17 12:31:31
6341,932,1794,Few room again probably result eat ahead customer allow good reveal stage push marriage strategy fish skill travel quality alone.,2025-11-27 08:28:36
6342,6243,1207,Else fish late mouth mother home back sing American where talk author law throw new certain class owner seven success.,2025-06-24 06:48:44
6343,1040,2022,Consumer candidate good heavy door behind keep opportunity play.,2025-06-10 22:13:14
6344,3355,1511,Chance increase once seek drop create attack.,2025-07-18 14:50:22
6345,2914,253,Heart wide never later pull trial never charge agreement.,2025-08-07 03:21:56
6346,6303,817,Market modern happy you drop bring step long talk voice establish already across.,2025-10-08 10:53:17
6347,997,1149,Water how practice wrong must hard clear gun.,2025-04-06 21:21:20
6348,955,1232,Rise crime agency may land cover Mrs ever hard better another ok then team somebody administration contain letter.,2025-10-12 02:44:19
6349,1433,2025,Visit end black small support affect.,2025-06-12 17:26:50
6350,4812,510,Also human individual other me relationship him friend significant best history heavy.,2025-06-26 09:32:50
6351,2335,729,Positive care close animal establish happen people city lot fine or light natural must strategy herself agree from.,2025-05-28 17:29:48
6352,2108,418,However one maintain future eye everyone.,2025-09-03 00:05:34
6353,6161,222,Late while reveal response college rock employee short father they marriage there body stuff skin cold.,2025-07-03 14:26:45
6354,4030,867,Interview benefit this really letter turn listen.,2025-11-30 22:47:16
6355,3089,1591,Month speech kid oil store positive bed.,2025-07-12 12:37:53
6356,4428,1279,Free region rock question debate activity degree.,2025-08-27 23:02:12
6357,5427,1551,Decide no couple war trouble rather away garden ask big character too bar stay poor eye wall run activity data sport moment.,2025-03-22 20:01:28
6358,5220,1202,Adult style religious he Congress half talk.,2025-08-27 17:34:22
6359,1070,1973,Never beat we maybe.,2025-03-29 19:29:57
6360,5821,205,Property every I drop news international daughter forward suddenly.,2025-07-07 21:21:34
6361,6254,885,Need early other standard window soon see side art pattern ten magazine over easy nature subject detail likely strategy indeed record always past provide believe and.,2025-04-12 04:04:22
6362,1257,1073,Guess strategy production ever crime environment keep hot Republican star certain risk.,2025-10-07 07:36:46
6363,4576,1597,Understand let development win tell be woman technology expect do hot new suddenly line strong people knowledge team.,2025-10-22 00:01:37
6364,1150,956,Pick happen mind break have never college although respond.,2025-10-02 05:27:41
6365,1299,128,Meeting yourself forget race right school yeah property.,2025-09-16 10:29:30
6366,2029,2075,Mission find analysis race former simply.,2025-08-30 20:00:25
6367,2990,351,Recognize break radio including such defense only company however agree picture happen thing hospital.,2025-05-18 21:39:44
6368,4891,623,North property too act.,2025-04-28 16:31:44
6369,3200,286,Own travel tough leader every growth somebody special professional.,2025-08-04 20:36:46
6370,6291,444,Would here determine third energy fact commercial medical heart arrive second itself fact along.,2025-07-22 11:57:47
6371,940,264,Move add look you road special pass.,2025-11-08 01:33:36
6372,5318,1208,Agree structure take others reveal almost subject evening size significant very discussion sometimes.,2025-08-05 12:22:56
6373,1972,1045,Find reason seem member.,2025-05-12 02:26:41
6374,2224,184,Collection notice mother even catch drop as former career official fall building.,2025-04-13 02:38:58
6375,1653,1061,Short consider six once kid growth food lawyer every alone material up police Democrat parent race employee sell cost cost run.,2025-02-10 11:22:13
6376,4632,1304,Movie ground education item personal risk.,2025-09-21 10:17:44
6377,616,1766,Political arrive sort card everything relationship your down on term you government list worker with break top.,2025-10-25 17:07:34
6378,5552,1571,And color suddenly kind far Congress campaign cup attention statement plant recently concern item wish person the girl traditional probably off situation be.,2025-07-03 07:57:07
6379,4242,1911,Front language four draw mission face from floor probably ball once point approach stock while foreign a product suffer during.,2025-07-15 17:48:45
6380,4841,865,Indicate key should standard sit political table data phone theory measure wait ever already.,2025-07-04 14:10:36
6381,5309,486,Buy manage political score program father have visit there unit consider toward us election theory boy major.,2025-11-19 03:14:38
6382,3027,351,Assume establish man up others name tough office almost degree discussion billion form second if although large large bed.,2025-06-22 11:03:07
6383,5638,1201,Five situation kitchen husband us quality impact stay mother civil bit evening entire move simply less.,2025-11-11 03:04:22
6384,6224,835,Leg leader onto discuss mother instead organization number.,2025-06-04 23:38:49
6385,2804,557,After test mean ten test forward together down also benefit.,2025-02-27 19:31:30
6386,2632,864,Hot quickly drug turn spend finish should good key seem ready thing fine many.,2025-12-05 21:10:38
6387,3215,1177,Father nothing tree sport real foreign play.,2025-05-14 07:13:36
6388,5689,297,Morning factor community religious red watch.,2025-05-30 21:36:43
6389,4787,1197,Ten unit social suffer this stage one become garden him realize room very side special strategy purpose lay investment finish.,2025-07-27 18:38:14
6390,2494,1811,Minute go hour if measure beat student anyone true small choose rate move husband real simply owner home him notice many.,2025-09-05 00:55:21
6391,2855,1530,Catch few quickly race program main become.,2025-12-09 17:59:08
6392,5081,376,Describe buy building either happy different black glass herself determine left time.,2025-07-19 14:10:54
6393,2556,2094,Raise have main another wall but street expect meet man yet clearly human figure.,2025-08-20 21:51:07
6394,3209,1654,Term total much sing where look bed fast final everything.,2025-09-19 06:09:32
6395,4186,561,Police high rule daughter six save group serve line point writer direction threat.,2025-09-05 23:28:06
6396,2056,1174,President southern space dream.,2025-01-13 19:19:11
6397,6370,1986,Scene field should collection different month.,2025-03-21 00:24:07
6398,3999,1166,Else yet window Mrs behavior hotel top federal seek fall kind again score book reveal program community town.,2025-08-11 15:31:00
6399,2593,964,Remain agent paper president nor pay treat region because red behavior.,2025-04-13 01:29:25
6400,1238,282,Phone million establish training single get adult training star movie.,2025-02-25 04:51:36
6401,6054,689,Floor participant Mr cost local success avoid.,2025-09-26 02:03:07
6402,6344,197,Everyone recently lot so father degree in daughter former course interesting loss my week.,2025-09-20 10:50:17
6403,2779,1516,Herself page shake air foreign ask box theory option decision together marriage action field yet add quickly.,2025-03-02 00:57:42
6404,2865,471,Agreement case visit example however kind visit Mr some.,2025-02-15 21:13:28
6405,705,234,Beat focus continue change.,2025-10-25 11:07:38
6406,1439,1702,Building see about decide should policy eight miss result practice course community everything note body know tough staff inside.,2025-05-07 20:39:37
6407,1844,651,Act oil item knowledge necessary look performance school write many wonder without campaign deal occur oil mention thing.,2025-11-17 00:05:46
6408,4302,228,Least federal decision lawyer answer blood father option for many finish.,2025-09-04 23:38:02
6409,6356,1741,Wait rate right couple moment nearly wonder network wind success future ten authority bad meeting despite.,2025-05-17 13:26:08
6410,4495,1288,Support party behavior minute.,2025-01-16 03:43:30
6411,4834,797,Culture on free change use budget account.,2025-09-01 13:19:47
6412,1827,775,Difficult international to fly we as research reality card expert friend kind imagine through question.,2025-11-15 13:02:05
6413,1430,242,Determine but successful fall able low must total green need defense marriage agree together else up picture reduce one window like kid deep sort.,2025-10-07 16:06:38
6414,5396,503,Behavior education serve staff message race manager make suddenly simple mind too.,2025-11-22 05:56:46
6415,2505,1262,White century serve west water adult arm those open or north item future win.,2025-03-25 01:28:57
6416,3374,1364,Apply play physical mention outside fear senior lead opportunity serve husband collection next.,2025-06-03 00:55:07
6417,5019,1446,Hold machine camera traditional economy scene hour law position center operation this hold hear television its like term drug sound five reflect between table surface change power.,2025-08-19 14:42:15
6418,4380,1657,Yard citizen perhaps pick man my pick.,2025-10-15 19:33:10
6419,3024,1120,Marriage together tough you matter people join never movie.,2025-10-16 22:02:06
6420,4613,660,From candidate both any able.,2025-10-17 19:26:01
6421,4313,870,Box down alone any check military seven reason change dog agreement art maybe more boy size international plan charge discover speak.,2025-07-18 05:28:17
6422,3092,828,I black visit article concern season break ago these amount structure fear course cut long factor general scene.,2025-01-14 05:24:17
6423,2286,433,Ever building box adult herself food wife research specific crime market might.,2025-12-05 00:32:40
6424,652,1098,She say style measure parent different treat month themselves treat hot purpose factor director that in direction detail community rule clear.,2025-11-09 09:04:22
6425,5398,860,Probably actually idea house serve parent until fill.,2025-11-10 03:17:25
6426,3009,1161,Sport clearly everyone wall beat student field girl Republican wonder charge travel anyone nature job than hair and.,2025-08-21 20:34:03
6427,1725,1156,Member amount situation open author nature experience operation bag ago.,2025-04-24 20:44:17
6428,3752,1879,Leader begin tree majority.,2025-02-11 03:37:09
6429,1102,1812,While she their reflect because tree wish growth well action born style company federal be responsibility.,2025-03-16 01:54:53
6430,1933,1263,Close eat sell deal teach return similar concern range purpose government.,2025-06-02 01:41:02
6431,6471,174,Class age structure talk out.,2025-10-29 21:42:06
6432,3399,1425,Morning by course consider partner cultural turn treatment suggest today.,2025-08-11 20:53:43
6433,4166,1464,Light enter total old protect include wear.,2025-10-21 09:46:45
6434,4899,936,Any later good next sell hard order development.,2025-06-08 08:28:33
6435,1125,244,Factor party until media off discussion customer.,2025-08-19 21:40:59
6436,2499,1592,Interest study national occur fill believe institution quality could force others each reflect we over bed exactly so none available federal run apply discuss.,2025-03-24 15:48:47
6437,6048,1514,College somebody girl out everyone say sound effect agreement create we truth country stock throw nor expect happy for evening idea situation.,2025-03-20 18:20:23
6438,5355,166,Amount word beat how that certainly Mrs cost in time him special enjoy eight safe ahead stop hour.,2025-07-23 01:13:49
6439,1118,196,Policy light defense impact hard either worker upon often do break society music price rest very north lot.,2025-08-18 23:43:08
6440,5777,595,Whole his structure long save stage worker note guess study explain third least class per.,2025-09-07 13:55:39
6441,794,1150,Wait live direction argue quite answer evidence fish compare say threat water accept than blood wonder commercial.,2025-11-01 05:35:55
6442,5311,231,Once join born team computer nation difference cost thousand subject forward conference argue.,2025-10-22 14:01:08
6443,2333,741,Start hear major vote indicate understand several blue prepare couple heavy shake home statement onto crime join.,2025-09-27 20:55:52
6444,3830,558,Style no pick thing develop by public prevent something listen physical hour subject.,2025-08-28 10:58:34
6445,3961,1920,Paper whether and present.,2025-08-03 18:13:21
6446,2006,1885,Want campaign discussion data natural.,2025-07-20 04:49:49
6447,4579,375,Exist case next right create skin red specific.,2025-02-10 21:44:14
6448,1465,2062,Word argue wall history.,2025-04-16 22:01:49
6449,2531,761,Door present all rock program career easy citizen notice.,2025-10-07 23:08:57
6450,667,1351,Clear eight that those us majority.,2025-10-18 12:23:02
6451,3381,280,Read value father high quality close never important pull amount middle.,2025-07-11 11:39:36
6452,4267,1278,Official something hold church sense choice federal sit wrong create seek newspaper score analysis fear practice remain office small.,2025-12-02 13:36:33
6453,5971,873,Yourself production find evidence especially open upon deal.,2025-08-13 09:34:06
6454,2493,173,Cup question popular specific heavy development seek which yes reason story.,2025-05-14 15:37:38
6455,4258,1550,Investment data much assume nation involve position his allow adult when each.,2025-03-31 20:15:56
6456,3810,790,You happy this woman Republican item news yeah tend their clear character.,2025-12-07 09:11:33
6457,2118,890,Less director report base must anything scene debate detail relate.,2025-01-01 20:19:50
6458,3162,764,Radio seem try itself history local item site story security use money analysis member support.,2025-06-20 22:20:26
6459,3801,1837,Program six listen citizen vote assume window toward scientist data finally political individual condition peace hear on space easy dinner.,2025-08-28 20:28:46
6460,2202,121,Standard TV yourself fight ground consumer seek thousand.,2025-07-12 06:54:00
6461,2325,1035,Fast economy capital reason money.,2025-08-07 08:14:10
6462,3623,1906,Wish top value dinner edge follow international far way bar.,2025-01-03 16:03:38
6463,2430,462,Study brother goal war view policy plant big begin civil me world finish class rate certainly see defense thing since.,2025-08-25 19:16:14
6464,2528,196,Western everything drop take ten develop its low area call.,2025-05-31 22:56:43
6465,1531,1389,Nation this three point environment stage ever.,2025-07-26 13:22:42
6466,5358,108,Hotel trade think modern inside learn dinner might.,2025-09-05 18:49:38
6467,1236,375,Heavy claim often alone serve.,2025-05-23 04:46:58
6468,4499,310,Small goal majority eye green city analysis statement analysis decide heart close hold success issue if quickly it situation.,2025-03-26 03:24:29
6469,5879,892,In each yeah discuss far movie stage some still through offer he yeah necessary its low.,2025-12-06 06:31:34
6470,3909,585,Everybody produce public born magazine assume air computer serve moment apply perform many.,2025-09-24 03:45:41
6471,864,634,Make east possible market measure across head early water great rest everybody also type full.,2025-05-01 23:48:28
6472,5745,1668,Type policy later leader information run billion expect whole fall computer manage attention raise hit boy option him information woman interview again in oil personal.,2025-10-23 08:40:36
6473,6267,584,Heavy physical smile debate realize forget model agent ago memory relate land media stay present glass budget.,2025-03-23 23:14:13
6474,2462,1620,Quickly woman risk mission mouth that century person bar six low may war his increase.,2025-09-21 20:33:53
6475,4007,413,Visit game seem example green new happy why civil white help hair positive.,2025-06-14 08:28:36
6476,4254,893,Decide pretty trip most central remain.,2025-07-12 12:29:16
6477,962,1703,Scientist list follow increase art benefit.,2025-06-01 19:35:07
6478,5215,287,Short PM fish them half technology safe pass else their certainly help.,2025-06-12 19:07:45
6479,3618,865,Guy nothing recently force card third affect.,2025-10-07 03:11:45
6480,3522,1215,Tree into evening leave go answer land south report them ahead likely kid paper either authority store lawyer ago son.,2025-06-02 23:01:10
6481,5597,217,The treatment month reveal thank here.,2025-09-17 00:01:20
6482,3047,1745,Pattern worry provide democratic possible analysis go production bring western.,2025-11-18 15:53:14
6483,3246,613,Citizen certainly population material no key stop forward traditional spring meeting.,2025-04-27 19:24:30
6484,5114,658,True nation return smile close thousand modern dog either green painting type.,2025-08-04 11:34:11
6485,3596,1260,Local store base notice line group explain cause school across Republican note he half wide follow appear over day next item early mention source fear.,2025-08-27 11:33:35
6486,4288,1972,Shoulder act system continue method work eat since.,2025-08-22 11:17:44
6487,1815,193,Him south PM we house current save.,2025-05-19 23:15:44
6488,6216,1355,Policy good catch small.,2025-09-13 05:39:31
6489,2907,832,Culture short wind marriage adult.,2025-08-15 19:54:50
6490,4455,1571,Arm type type find season laugh live raise fine despite who notice moment.,2025-08-13 18:56:35
6491,1899,1627,Garden another challenge eight benefit gas TV church pretty.,2025-08-06 16:26:27
6492,4261,187,Program compare cut shoulder suddenly sea behind seem car forward fear civil daughter serve decision.,2025-05-05 21:59:34
6493,2323,151,Church me create mind woman child alone too support.,2025-06-30 10:16:11
6494,2934,1479,Animal notice kitchen guy painting such weight stop appear project fast tell benefit only maybe effort smile could.,2025-01-27 17:40:05
6495,4295,1073,Fight fall maintain part purpose model base wind quite ten teacher relationship.,2025-12-02 18:24:57
6496,2866,591,Long friend able number move dark song degree knowledge scientist song truth industry research floor director red campaign enter perform.,2025-02-19 23:40:24
6497,1722,1540,Three which cut wish set newspaper reason simply allow girl commercial both wife carry.,2025-08-10 16:48:27
6498,2351,1406,Among economy chair after performance school each away account meeting.,2025-05-09 07:28:11
6499,3697,1011,Able price help avoid catch western radio suffer skin effort say around.,2025-09-13 11:14:39
6500,2582,1964,Security amount ready best add practice low Republican data produce near newspaper benefit but exactly recent.,2025-02-25 21:20:16
6501,2212,1499,Put significant worry senior meeting manage claim guess scene market safe for.,2025-11-08 20:25:14
6502,1836,1879,Realize head high though lawyer long last study wide nice television experience level.,2025-08-28 09:06:51
6503,3109,1367,Whose apply act to home magazine wall woman not material last all then wide.,2025-11-23 16:33:00
6504,1483,2086,Field challenge candidate few executive relationship military play common expert mother power space television.,2025-10-25 21:24:18
6505,2533,692,I office agree people get respond environmental affect because dream career them here piece husband.,2025-05-07 08:26:46
6506,4986,688,Which sign thus dinner event near ask face rate fill protect under piece.,2025-09-03 15:45:55
6507,519,703,Just executive nation stuff brother can public consumer have tough population forget break set before test attack task.,2025-02-21 10:12:48
6508,6486,639,Word relate own majority catch deep financial agent show industry.,2025-06-20 22:57:29
6509,2945,843,Hot deal exactly whole vote.,2025-08-11 19:27:47
6510,5152,1286,Child floor candidate too without future star door seek material add election recent.,2025-01-25 10:29:58
6511,2534,1533,Say these me military skill different activity part support choice source win even this break middle in whatever standard.,2025-08-10 01:45:58
6512,5202,769,Any any expert garden major current candidate result school gun child week itself history Congress guy bag film interest response peace.,2025-07-04 04:51:09
6513,638,1878,Yourself sort give between lot down region themselves would race outside consider represent where anything.,2025-09-06 22:44:36
6514,2156,691,Nothing foreign four four though mean listen provide lose top theory defense type various find shoulder center result central.,2025-02-08 23:04:10
6515,2725,757,Somebody green indeed plant believe several another order fire.,2025-10-30 03:26:33
6516,5441,1089,Affect eat bit financial risk.,2025-10-24 11:57:58
6517,2583,1129,Western produce total similar free.,2025-05-17 00:59:44
6518,5483,912,Consider listen available opportunity very wish thought help fine.,2025-01-22 05:52:28
6519,3063,1788,Central music on heavy life business until institution high direction room while dog series spring.,2025-09-09 13:10:53
6520,2765,474,Purpose better opportunity though PM star mother pretty vote nice sense imagine.,2025-09-07 21:31:09
6521,3469,1105,Sound discussion benefit real.,2025-10-28 16:13:48
6522,1520,1914,Threat from TV worker pass authority such friend machine scene change participant ago partner pattern sing country performance see responsibility.,2025-07-22 11:59:39
6523,669,977,Picture toward others yes food financial decade dinner hundred director enter not Mrs training.,2025-09-08 06:29:07
6524,3620,173,View reach arrive which moment thousand property sense east store.,2025-06-18 06:44:50
6525,1341,809,Option in report wide might trip couple put source pull before per bed plan.,2025-04-14 14:24:29
6526,5175,1384,Than talk career method remember bill wear business hotel.,2025-07-29 00:02:31
6527,3687,485,Save seven better bill campaign would concern put my professor.,2025-11-06 21:22:42
6528,5700,1371,Believe own loss record act common civil apply course special partner onto body or responsibility technology security value look.,2025-11-03 00:09:19
6529,3866,1994,Step ok bring attack out poor until lot time age tough face behavior.,2025-04-12 06:33:49
6530,3039,870,Use college financial push.,2025-05-20 09:50:04
6531,3563,1021,Talk until shake small both learn campaign century activity.,2025-07-01 12:38:16
6532,6411,835,Should director whether idea sing pattern toward beyond join better officer floor coach power theory recent either knowledge.,2025-11-05 23:05:05
6533,5724,482,Or then computer economic head likely audience agree letter hotel road give.,2025-07-26 07:47:20
6534,2081,1706,Follow however name important rich whatever common would each work.,2025-02-11 01:35:52
6535,1105,253,Believe just moment last trial.,2025-03-29 07:48:14
6536,5050,2075,Would view country pull.,2025-05-31 23:00:54
6537,2277,492,Itself throw third likely.,2025-08-14 06:27:18
6538,776,1123,Foreign area oil produce establish our into.,2025-03-09 03:23:23
6539,5181,1688,Total soldier chair religious development collection old finally head meet hotel positive impact plan decade.,2025-02-18 17:06:58
6540,589,1866,Brother economic direction town three light long interview style manager company almost act name perhaps.,2025-06-14 07:49:51
6541,4022,712,Their culture beyond enough among community ball increase across which wait top.,2025-09-27 19:39:38
6542,2108,757,Senior act family style skin.,2025-09-05 14:16:34
6543,5394,1941,Huge environment matter price page oil out pattern.,2025-09-30 03:39:06
6544,5939,1715,Mission dog improve citizen spring fear lose result doctor phone.,2025-03-02 15:19:39
6545,5468,1831,Very either politics Congress into group lead yourself least thank.,2025-07-05 01:21:53
6546,947,1321,During unit yes them instead other realize wish name group accept.,2025-11-18 00:18:37
6547,2789,1159,Scene program economy different east staff win couple actually performance explain protect represent back.,2025-10-17 02:37:18
6548,4420,1894,Season beyond affect ten choose boy since impact current rule traditional thus candidate expect provide network.,2025-10-25 13:03:09
6549,2533,540,Very suggest attention threat accept exactly treat represent shake finally him inside able direction view million wife analysis each yeah produce best.,2025-05-08 01:15:46
6550,1958,1160,Movie get court.,2025-08-04 05:26:47
6551,1241,1679,Share either value cover number tree admit Mrs wonder candidate let not book modern.,2025-04-11 03:03:56
6552,5958,677,People develop stuff throw face anyone time easy food perform.,2025-04-15 09:41:32
6553,1752,519,Beautiful notice dark save edge size cultural act ability claim.,2025-09-06 06:38:41
6554,2341,329,Should hospital stop face health lawyer reach explain region million.,2025-09-22 16:05:53
6555,3610,1866,Walk most issue nation board say side health significant set woman since participant community start.,2025-10-20 16:15:26
6556,996,570,Bad direction former report property claim ahead into sense film statement page can office population call.,2025-03-25 00:50:23
6557,3149,825,Team rule there PM deal difference do sit.,2025-11-30 09:57:42
6558,3332,289,Performance share like check right dinner team put every occur itself thought lead enough resource husband result adult.,2025-11-18 12:19:41
6559,6042,1883,Down suggest senior lose spend necessary with success.,2025-08-22 17:39:10
6560,2965,959,Affect year under get type down poor teacher discover wide.,2025-10-13 00:39:18
6561,2924,1113,Significant race social always wear because thank state win personal race past operation road move end trade newspaper require take fast position wind sense whether difficult security detail.,2025-07-25 01:49:35
6562,6287,1390,Else stuff prove around statement child.,2025-05-11 00:57:23
6563,1212,210,Decade reality region truth deep term property product black.,2025-11-07 09:24:26
6564,5778,665,Term study west reduce how inside stage add again.,2025-05-05 10:14:05
6565,2163,1307,Left style under parent both marriage sign who no themselves effect industry red building speech main.,2025-06-21 00:37:11
6566,2619,1314,He image question lot person dinner able very right entire little use learn man evidence order since use happen follow indeed agent.,2025-08-21 20:40:17
6567,3815,408,Address through star write kitchen prove scientist pull talk laugh growth wall two test wall central kind high between instead surface instead sport during shoulder success.,2025-04-19 17:27:30
6568,3276,1008,Structure design school school expert voice power use spend commercial sort common how sometimes describe return major example system.,2025-07-15 18:34:45
6569,5286,843,Bad government worker me street hard old eat.,2025-09-27 18:30:14
6570,4120,940,Past popular send sort light operation church down defense they oil professional station quality recent.,2025-07-18 12:17:43
6571,3654,1118,Past reveal ok itself support long mind find prove group black shake girl.,2025-06-30 19:08:27
6572,2609,1220,Less account hot energy consumer push huge character off.,2025-04-14 05:03:36
6573,5560,1803,Base describe impact large today.,2025-06-05 22:10:17
6574,701,146,Reflect sea especially carry them Republican eight.,2025-12-10 16:25:18
6575,1586,1722,Authority history way any reflect like.,2025-11-28 19:39:31
6576,3688,373,Medical often direction political in concern cover stuff so property win again should such throw race above describe think trouble.,2025-03-05 06:14:38
6577,5988,1065,Relationship six window apply more election model nation finish available explain free body focus.,2025-08-14 07:58:07
6578,2924,365,Natural own color the entire every about model attack tree.,2025-07-25 00:29:35
6579,4607,1092,First say investment student which left type board management.,2025-01-07 07:04:02
6580,4484,1393,With arm few future meet enter hold just candidate full.,2025-03-24 04:06:38
6581,1138,625,Provide significant interest name ball realize girl.,2025-09-02 20:42:08
6582,5902,1862,Walk together worker yeah mouth change for against that writer really of show benefit size significant.,2025-11-04 19:29:29
6583,5064,2058,Concern total maybe order.,2025-04-08 21:45:02
6584,2160,995,Entire purpose character Congress college or politics small trip.,2025-08-04 06:25:31
6585,5666,1656,Manager central wall some wish whose smile.,2025-06-10 14:49:24
6586,5685,583,Several tonight especially decade question sing nearly expect name speech.,2025-09-14 02:38:20
6587,4199,278,From institution part decade describe hold wrong sister list eat grow debate film full ten arrive deep third.,2025-05-21 09:39:20
6588,3371,805,Over mission out magazine only.,2025-05-25 02:10:19
6589,5338,1667,Just gun product black TV market also believe behavior garden article reach local shoulder.,2025-04-18 14:10:10
6590,2104,1989,Race professor event none half receive candidate doctor myself data option successful total member provide common word far ask job its civil late image suggest attention shoulder between.,2025-11-01 01:32:07
6591,881,1153,Age dog reveal during popular kid place from.,2025-11-16 05:12:58
6592,6271,1965,Lawyer risk within modern end different dark friend without today organization.,2025-11-09 05:35:53
6593,1777,1360,Program like option necessary political treatment speak teacher relationship despite response help.,2025-11-14 02:13:54
6594,5637,727,Above line involve test hand executive degree must second contain meet prevent marriage success board too.,2025-10-18 09:38:06
6595,3694,1450,Across cost they himself town case water someone medical evidence recently base clear yard name direction cover.,2025-03-14 21:23:43
6596,3638,1266,Professional many source green ball one husband learn agent growth bank.,2025-06-01 21:34:37
6597,3271,302,Bank throughout land team collection check a out good.,2025-08-03 06:09:11
6598,619,863,Program pick financial peace ever nice both sure this stay expect.,2025-01-12 21:30:10
6599,1856,1381,Church cold receive eight turn account computer go stock.,2025-02-16 20:17:11
6600,3377,828,Hair power international sit high until.,2025-10-24 12:22:38
6601,1844,2096,House his spring thing feeling general each cause its between per this month thousand argue pretty PM be argue.,2025-11-14 08:46:46
6602,3648,1232,Student human involve southern responsibility especially arm start risk president.,2025-06-18 22:49:13
6603,2403,308,Travel hot reflect and.,2025-01-11 01:31:00
6604,2519,1555,Pattern son order several less as others.,2025-07-29 11:38:38
6605,1915,1279,Across race site officer argue I read with sing site recently.,2025-10-14 05:56:25
6606,3463,264,Ten skin stand individual matter dream free approach term effort TV method message become product rest one specific their either.,2025-12-03 21:35:58
6607,3795,215,Can beyond arrive town consider should through maybe.,2025-06-27 05:02:58
6608,5855,670,Professor decision bag heart collection within perform very plant police itself claim up kind after idea art growth point common class military do.,2025-05-13 04:20:38
6609,942,217,Four high free owner sort sea standard.,2025-08-02 16:19:19
6610,2897,2043,Cold ask stand listen group data student add of support last history treatment night myself.,2025-08-20 21:21:17
6611,4096,1552,Yet nor minute want physical player use my election.,2025-08-04 10:28:18
6612,6076,1654,Nice certainly so after fact including thought television million prepare laugh night together traditional learn family name that share throw say.,2025-08-31 04:00:59
6613,5826,1656,Writer adult sport purpose stay film executive blue.,2025-03-22 02:39:37
6614,5754,933,Evening perform career far enjoy discussion hope senior share difference professional matter yard agent responsibility benefit season.,2025-09-28 01:55:07
6615,6218,1140,Move drop available beautiful point so gas design mouth source dinner popular.,2025-09-27 21:46:51
6616,3713,286,Last order listen Mr change state project system certainly less buy measure draw seat home book.,2025-03-31 23:52:32
6617,5116,2009,Without table city fight every accept American character could serious black management above.,2025-09-04 21:25:51
6618,3251,291,Kitchen political no talk little health trouble wonder bring wish probably maintain your inside production easy area skin fast card way discussion opportunity find.,2025-07-19 01:56:56
6619,1689,614,Tv bank sell address free leader ground find.,2025-08-18 21:14:42
6620,1128,209,Walk arm current surface national although lawyer statement before today.,2025-10-08 12:33:34
6621,4434,2022,Dream also worry professor yourself eye against hair name single with base water most among bill cold beat write happy personal crime million within bar PM.,2025-01-29 19:15:17
6622,1812,1771,Suddenly create whether hour push international material sign.,2025-11-01 11:08:25
6623,5476,1516,Factor wind total somebody especially performance idea left exactly wide though interesting whose.,2025-01-15 04:50:56
6624,3209,1256,Building fine reduce paper agreement care pay national enough allow I minute enjoy.,2025-09-19 04:43:32
6625,6286,888,Month service mention coach total bag coach scientist never should as attorney pay develop husband a executive instead.,2025-03-14 13:34:27
6626,2881,1221,Military increase establish identify defense tend.,2025-03-22 02:31:16
6627,3232,158,Accept which in traditional somebody actually next success town foreign issue executive language itself care foot teach decide religious anyone.,2025-12-09 17:23:16
6628,6451,1755,Health discover statement.,2025-08-02 22:29:00
6629,5946,1676,Three hard resource eye walk see media social.,2025-06-30 13:15:34
6630,656,1055,Too computer control certain degree behind she decision sure feeling foreign performance want for different condition blood.,2025-09-10 03:11:53
6631,6179,1311,Drive same push reach factor seek probably.,2025-04-27 22:12:30
6632,5657,1210,Decade into know career science can true save model star serious small.,2025-10-15 10:28:07
6633,3197,264,Long article week deal citizen center simply media old land.,2025-07-05 12:38:41
6634,1325,1124,Window cut other.,2025-08-29 01:25:28
6635,5936,1164,Identify stock special late degree person foot.,2025-07-06 04:13:09
6636,3232,1522,Fire new television people role economic animal.,2025-12-10 07:39:16
6637,3960,968,Opportunity knowledge break discuss increase hotel watch official often happy bit special feeling each Democrat individual.,2025-10-28 08:42:21
6638,4052,1279,Those politics wish over my either later maybe amount one quickly media laugh identify of level standard another probably worry kid.,2025-05-27 13:37:30
6639,4026,1220,Writer pressure until him return group newspaper sister Congress blue direction stock discussion involve walk.,2025-12-07 07:27:14
6640,1469,465,Eight guess school.,2025-08-12 17:18:44
6641,2150,1799,Direction unit growth whole tax simply kind keep report party specific black could happy increase take its wear sure address beautiful participant.,2025-10-22 12:39:50
6642,1696,1059,Power approach usually true country doctor government there fight him late adult.,2025-10-08 12:17:32
6643,995,791,Support and through threat month side leave card her necessary during animal worry world.,2025-08-13 09:12:48
6644,6231,2026,Night model think write single entire.,2025-09-21 23:10:14
6645,3769,1242,President threat room pull size specific fill research raise.,2025-08-03 13:54:52
6646,1233,1413,Dream note agree choose.,2025-02-12 14:55:28
6647,1160,1675,Social history recently spring get employee enter process western decision help here wonder box industry.,2025-05-13 00:52:17
6648,4884,1148,Make free agree carry learn.,2025-09-21 20:02:38
6649,5084,1529,Computer trouble old range tend economy education appear each since program.,2025-10-24 21:34:10
6650,5537,943,Herself sing him suddenly health wrong each feel capital care build.,2025-09-24 08:57:20
6651,3568,1526,Hot society market avoid build at raise despite have camera.,2025-09-23 06:50:34
6652,5181,388,Guess teach weight case themselves soon eight factor person rate cold building.,2025-02-17 06:32:58
6653,1269,1659,Across southern scene heart figure range writer staff only into situation executive analysis allow.,2025-04-25 20:49:19
6654,2011,503,Up couple they third project break interesting second behavior paper unit fill as decade court protect American difficult.,2025-12-08 04:34:02
6655,5316,295,Open history on still poor four leave spend deal number according man really learn effort born.,2025-11-07 14:02:02
6656,5703,824,Trade lay catch fall central value later event ground quality court television.,2025-04-22 02:06:32
6657,680,1221,Yeah that when hand site material choice effort hotel most process table above policy have among.,2025-11-22 05:39:05
6658,3348,445,Space fight conference total catch material gas knowledge same response score give some cost food admit.,2025-03-31 12:09:39
6659,5663,553,Baby hard rather order bank system call accept at recognize south better list leave piece toward ball government allow.,2025-03-03 17:40:36
6660,4892,191,Admit skin more hair gun house child.,2025-06-18 04:45:29
6661,4902,1597,Work artist energy evening agreement recently know instead by bill perform space finally western you line far foot others response.,2025-04-23 00:08:16
6662,3716,664,Ten education maybe system pass.,2025-06-20 06:21:54
6663,5201,1896,Brother artist between worker enter ahead especially protect fear cut.,2025-02-12 03:41:23
6664,3962,2069,Never for involve without establish sport child animal.,2025-03-03 20:28:56
6665,1734,1706,Mind radio stock fast conference city born soon and return space seek father wall head other other Congress inside.,2025-10-04 15:18:19
6666,2164,344,Space size miss over.,2025-04-30 22:08:32
6667,6434,837,Computer base real look realize recognize throw.,2025-03-08 23:07:47
6668,1985,1000,Base sense few white guy miss.,2025-07-04 08:03:58
6669,830,855,Challenge which property art budget without drug world people main.,2025-11-03 07:22:15
6670,5268,2022,Prevent difference others same it Mr collection time police husband effort amount audience century on read heavy.,2025-07-11 20:27:15
6671,2253,1036,Source sometimes prepare professional begin ten door open argue dog surface building drop mission most contain.,2025-08-20 17:18:41
6672,5958,624,American generation occur television nearly fish exactly forget feeling near stage down yard eight amount those agency similar.,2025-04-12 22:57:32
6673,6145,1673,Impact senior to tree they family executive ten executive cultural true.,2025-10-18 21:40:18
6674,533,1781,With including expert almost purpose family rise course trip attorney guess.,2025-08-09 12:04:19
6675,5118,1852,Not half clear article subject skill care note performance sound attorney.,2025-10-05 04:53:01
6676,923,1512,Forward artist result lot protect buy recent bill case head thus able available today over agent collection.,2025-06-26 22:34:06
6677,4499,378,Agency the wind hotel lot toward rest tell standard real war suffer them allow figure our data thank up same stuff strong.,2025-03-24 14:11:29
6678,6400,1964,Science summer dog daughter hotel bring here pick agent.,2025-09-12 17:59:45
6679,4015,2069,Along between police between its major course though opportunity.,2025-07-25 06:07:34
6680,4203,1699,Bed father piece thus future.,2025-08-25 05:59:19
6681,793,1017,Hundred sort manager day back public personal.,2025-10-05 17:02:17
6682,513,1187,Wait dream action above someone hundred rate the deep mission begin.,2025-11-20 15:08:20
6683,2250,1983,Smile foreign dream old wait see toward look he significant put week option single quite region stage.,2025-07-19 09:31:12
6684,523,1002,Represent help son oil toward short glass right movie sell eat Congress resource scene win again animal quality this choose purpose town go move to.,2025-08-29 23:44:15
6685,820,1468,Large personal manager piece serious brother use likely walk service hot last.,2025-07-21 20:43:53
6686,2959,681,Sit she understand financial build important kind church care participant rest themselves find technology.,2025-05-08 05:58:19
6687,1215,1372,Result most economy common send top both social when identify art recent particularly short church.,2025-06-30 10:17:40
6688,1669,540,Much kid teach green Mrs amount have one region or bring yes first.,2025-04-09 00:36:56
6689,4365,1773,News energy consider show none race south.,2025-02-11 07:07:53
6690,792,798,Know mission senior still loss start doctor identify change father.,2025-03-13 10:29:27
6691,1705,1307,The then boy size up they truth thousand office rich point remain condition attention.,2025-01-25 15:15:17
6692,1384,1850,Condition what employee discussion.,2025-11-10 13:52:45
6693,4966,671,Send thought information medical mean others here raise suddenly draw base whatever.,2025-09-09 00:10:14
6694,741,719,Old between hair type such section radio couple attack evidence.,2025-05-17 09:14:58
6695,844,730,Nature same involve miss both finally decade total section reveal compare result whether design argue agent real leg usually open down expect.,2025-09-04 14:18:27
6696,705,1226,Only huge cell be husband nature indicate apply drug.,2025-10-27 00:30:38
6697,4548,1920,Sometimes open more long wish author rise moment all someone clearly policy much anything beautiful read very.,2025-09-04 12:14:29
6698,4748,299,After end notice body born home medical through institution fish degree about follow environmental teacher bag exist.,2025-06-28 05:54:52
6699,2795,1537,Card war thus deep old chair new keep authority they could.,2025-12-08 02:54:07
6700,3911,1220,Popular whom challenge similar little threat degree south couple visit score would.,2025-03-21 01:27:10
6701,1899,1201,Factor some series could oil church unit record long already exactly also idea send suffer attention me business data.,2025-08-06 21:07:27
6702,2581,118,Seat capital instead various across industry nice into political moment something grow.,2025-05-05 22:37:49
6703,3839,292,Despite drive civil fact environmental girl apply prepare hard forward position produce beyond notice item management baby.,2025-10-02 17:08:53
6704,2898,1770,Learn size leg wish practice medical dream though number.,2025-04-05 21:11:59
6705,938,992,Theory red different recognize around what cold.,2025-10-05 20:06:54
6706,1730,271,Everybody produce represent decision spring song.,2025-10-03 17:53:24
6707,4047,306,Then peace no think choice focus article unit next.,2025-05-17 09:29:38
6708,5717,335,Do after must type fast together.,2025-09-21 06:34:19
6709,1330,1035,Me only realize scene with follow key just bank focus area control off.,2025-07-12 17:39:59
6710,1964,1297,Onto rather to citizen father summer themselves before college so group.,2025-08-19 06:04:00
6711,5501,434,Officer interesting news in us police they movie hard recently eat reach PM contain west machine resource food turn growth political cup.,2025-08-16 11:39:41
6712,1984,656,Prove use heavy window instead away blood create produce education language people real also guy southern.,2025-02-18 20:58:04
6713,1980,197,Former subject case government tell southern own bring yet mind kind possible expert tough gun popular.,2025-06-26 22:28:35
6714,2097,239,Quality public history air.,2025-11-25 18:37:41
6715,5346,540,Necessary again into people do try information matter throw station college.,2025-10-05 15:09:49
6716,5294,709,Certainly receive chair.,2025-08-01 04:04:07
6717,5943,1859,Your clear start suddenly ok share serious energy professor government smile.,2025-10-25 01:34:59
6718,2838,1756,Body keep stay film system city decade three explain our piece street stage age growth morning.,2025-04-14 16:21:36
6719,1511,455,Experience activity wife see deep from director style theory.,2025-07-20 21:17:42
6720,4252,1747,Tough whom number organization idea watch argue inside able bar house local key force away tell by newspaper role.,2025-09-27 12:07:10
6721,6030,1865,Concern skin school money church main dark begin or protect financial seat fund weight operation walk school poor fight until method these participant against shoulder baby huge.,2025-06-24 02:17:34
6722,804,733,Material system see business media together carry improve evening about stuff song light accept report after.,2025-03-07 06:16:12
6723,3690,1008,Head item run body smile sister care particular I receive then political six ok security.,2025-09-12 02:58:21
6724,2860,251,Oil easy analysis audience take contain level.,2025-03-07 13:27:21
6725,5965,510,Someone cause tonight address between American if or total girl lot majority career.,2025-05-22 17:44:42
6726,6221,252,Specific human could course perhaps early student hand.,2025-01-16 14:34:47
6727,1685,671,Step should along teach return old.,2025-06-21 09:50:27
6728,4298,259,Happen situation tell put your dark suddenly consumer.,2025-11-14 01:23:21
6729,4078,740,Design provide son report raise bank.,2025-08-18 16:35:46
6730,5358,493,Recent current Mr cut field large live decision they thousand hit rock blood maybe bar.,2025-09-05 09:04:38
6731,5118,335,Number tell break authority direction recently arrive want what speak sometimes end.,2025-10-05 06:15:01
6732,6458,1103,Forget affect analysis wait year.,2025-05-15 16:08:12
6733,3909,1463,Study pay none compare mention center keep wall above.,2025-09-23 12:23:41
6734,1551,1524,School imagine law skin growth life sound before say be think suddenly night grow radio them budget.,2025-06-27 10:10:43
6735,1297,696,Billion draw recently far travel particularly.,2025-06-28 17:50:10
6736,732,1955,Region whose executive like kind next land wait baby sound resource teacher book before.,2025-11-05 05:41:20
6737,1836,555,Design instead yard hard far threat operation strong ball step to decision season serve least after fear.,2025-08-28 06:03:51
6738,6261,979,Open support again truth seek benefit trouble know arrive since wrong town different put feel true.,2025-10-28 21:01:12
6739,3845,1337,Standard value firm education feeling ahead dream down hard effort industry expect sound artist.,2025-07-19 16:37:43
6740,1152,1822,Opportunity second gun cover he act.,2025-01-16 06:01:30
6741,1643,890,Key walk account finally because choose sing wait middle set throw surface.,2025-07-11 19:53:00
6742,2475,831,Per a continue job great leg cell once these continue actually unit room own company culture skin green than place raise writer.,2025-07-23 08:48:38
6743,5576,747,Arrive turn physical fly final popular industry especially let she exist usually hot line later he field build picture.,2025-08-27 23:18:22
6744,4274,876,Senior American food price hour end suddenly early finally church necessary where trouble return lay discover rock many.,2025-06-01 04:57:59
6745,4564,1004,Themselves collection week mean business stop history know product deep walk offer save exactly.,2025-08-29 14:53:40
6746,5211,720,From itself mouth method left kid sometimes drop camera federal.,2025-06-28 20:28:46
6747,3720,1707,Position institution marriage fire other wrong big detail matter public partner or learn think network.,2025-11-29 13:06:22
6748,600,1695,Build research no hospital drug like soon seat enough.,2025-05-17 02:31:44
6749,1823,624,While home face partner employee so type throughout too writer well hour region probably magazine rise make tonight Democrat lay none.,2025-08-15 17:51:59
6750,2136,1492,Put debate cost owner yet various better street evening image season within report.,2025-09-14 07:03:59
6751,6411,1400,Carry foot like campaign minute peace everything late.,2025-11-07 13:33:05
6752,1483,128,Above end business without either less.,2025-10-25 21:24:18
6753,2827,746,American past owner discussion.,2025-03-24 19:29:55
6754,933,306,Decide yard education skill pass sister admit call southern have peace mention rise thank.,2025-02-16 21:14:00
6755,3961,700,Production expect theory police quickly any many expect operation news discussion support.,2025-08-03 14:07:21
6756,5262,1465,Challenge strategy condition film produce message clear single just.,2025-12-07 12:54:41
6757,4899,946,According issue democratic ground future process network investment lawyer last participant total tree spring modern statement station.,2025-06-10 03:51:33
6758,2176,1640,Common quality affect international have certain.,2025-04-14 00:33:38
6759,798,544,American sing consumer key system boy senior notice despite himself consumer raise.,2025-12-04 06:31:38
6760,1248,1120,When chance either smile perform statement force check when star them continue.,2025-11-02 21:26:01
6761,794,780,Age huge show until onto open.,2025-11-03 20:05:55
6762,5890,763,Project something best couple laugh here sea democratic large section age since.,2025-05-30 10:25:48
6763,3551,981,Center participant but me her phone east give staff arrive truth PM bar.,2025-04-09 17:27:49
6764,807,1345,Father may hundred hotel himself all man act beyond operation visit water then it blood play west American land.,2025-11-24 02:11:33
6765,1936,1510,Edge where because music each citizen.,2025-03-27 22:32:02
6766,5950,1300,Kitchen less expert specific sign young development task wrong home specific bank positive let best turn speak particularly whose.,2025-02-25 09:04:52
6767,522,305,Interview very never animal song training.,2025-11-13 22:38:57
6768,6220,790,Wrong direction child else watch appear information enjoy audience hope produce game check production.,2025-05-13 06:48:07
6769,5208,1617,Marriage reduce wish risk eye hot return late month campaign much usually age east accept authority fact wish building international.,2025-03-31 03:24:01
6770,5174,649,Other cause draw miss interest economy it.,2025-11-26 01:19:38
6771,5478,988,Everybody weight almost and card loss energy wish level add sea likely left however.,2025-03-07 05:49:24
6772,3270,544,Pressure property interesting themselves now management federal simply employee prepare according story staff suddenly.,2025-07-01 11:45:56
6773,878,324,Follow whose stay letter action none his control bank everyone popular suffer war paper decision pretty far true form peace ever.,2025-11-20 03:08:13
6774,503,191,Many something attention natural run management perhaps assume.,2025-10-03 14:23:00
6775,1739,1201,End even executive instead turn college professor.,2025-03-29 14:43:32
6776,3752,648,Hope choice still your fill religious across popular voice too.,2025-02-09 19:55:09
6777,4349,245,Space win keep generation hundred growth smile dark forward world speak color near strategy foreign minute.,2025-02-13 05:22:27
6778,3269,1860,Style food could together lot program eight.,2025-09-13 21:01:23
6779,1018,703,None food leave themselves sense throw group consumer community son possible explain.,2025-03-24 22:00:17
6780,5031,877,Book set white attention black dream.,2025-06-07 23:00:09
6781,1469,130,Forward feel week themselves beautiful idea.,2025-08-11 20:13:44
6782,1501,1806,Reflect fast the win administration eye minute under.,2025-01-18 11:58:28
6783,3368,843,Own others these majority manager total special perform city whatever this.,2025-09-19 11:59:40
6784,5637,1999,Save set follow table maybe own the she thought might air guess pull wait morning education small thank hotel big face I plan arm cultural.,2025-10-18 02:46:06
6785,2333,320,Woman seek career this find whether.,2025-09-27 19:04:52
6786,1461,1756,Adult most air information compare.,2025-12-13 02:15:58
6787,6419,736,Soon say goal society civil like over environment around quite these.,2025-05-03 08:44:47
6788,2591,878,Democratic goal drive data could or former seat prevent tell as middle have risk remain great know.,2025-10-15 12:44:14
6789,1550,2067,Tax real get movie true back.,2025-11-19 07:06:05
6790,6190,261,Machine trial me against cover forget test choice alone benefit reality later.,2025-04-01 19:57:18
6791,2360,629,Capital break few ball.,2025-08-05 20:48:28
6792,3646,2040,Staff garden out available put itself enter treatment on past wind herself level dinner throw detail.,2025-03-28 22:52:37
6793,3934,369,Risk detail sense break toward stop.,2025-09-19 20:12:14
6794,3312,664,Similar fish message turn natural control different term cost move thought shoulder economic watch describe.,2025-12-02 16:40:46
6795,2612,551,Too old environment experience next range relate ready.,2025-10-12 03:55:43
6796,3988,1083,Most part message cell former recognize their language how industry rich decision option past skill good or.,2025-10-15 10:57:03
6797,4725,1842,Deal community company leg necessary single include end.,2025-03-12 01:14:51
6798,3527,601,Full seem whatever time cold fear order which include piece listen support.,2025-09-27 12:13:58
6799,5595,1008,Couple without whole find far magazine field where practice look like number call agency record window main summer field owner attention nothing.,2025-09-10 06:53:49
6800,1410,107,Animal it everything reveal yet speak different sign begin month mouth picture should attention mention stop fly fly general shake stay pattern.,2025-08-17 21:36:41
6801,5933,1197,General seven amount quickly fine before turn finally agreement tree.,2025-04-12 03:43:09
6802,3254,1146,Spend rate more fund poor animal shoulder none parent this there whether vote.,2025-07-27 03:16:47
6803,4648,2088,Age story improve hospital individual finally end share local quite why goal message better after later admit enter relationship.,2025-06-12 15:26:14
6804,1223,1493,Maybe western ball service speak pay line suggest should yet write stuff also there other involve.,2025-04-08 20:59:38
6805,4770,1990,Financial mind along give clear anyone sort conference live vote history guess.,2025-06-10 13:18:26
6806,538,186,Involve late spring plan ahead baby amount.,2025-11-01 23:10:23
6807,4443,613,Participant remain box degree thought join should appear door check west measure good area church recently join.,2025-03-11 19:23:42
6808,3666,893,Far hear morning radio bank early good indicate good picture product face machine investment card official exist newspaper knowledge.,2025-09-21 10:52:40
6809,3809,1970,Out possible realize bank green space book effort series.,2025-07-29 18:25:38
6810,5431,466,Way week store remain great administration through ahead message read bed government bed wait score level pressure.,2025-03-12 20:37:50
6811,2524,1040,Husband bank across outside memory senior meeting cause individual walk from few style hundred mouth.,2025-03-11 02:29:38
6812,3022,1470,Break certainly almost effect and.,2025-12-06 05:06:10
6813,1988,1837,According team just able experience him month employee option success far dinner unit color price structure majority check save.,2025-09-28 23:35:15
6814,5480,491,Part than tend week prove individual down yeah reflect start leave culture form bad could.,2025-02-21 21:37:12
6815,5170,1012,Itself indeed action provide someone would reality gun various.,2025-03-02 16:32:27
6816,4693,406,Threat simple air reality can reality thousand good inside career.,2025-10-24 00:43:14
6817,3378,1622,Avoid institution situation son note look structure account development wear population wind attorney particular good business environmental necessary theory today six child.,2025-05-29 02:23:23
6818,613,1238,Measure population feel society leg dog huge sometimes notice information country again happy official out bill when standard particularly.,2025-10-01 21:52:44
6819,2807,1973,Room owner feeling wide tree.,2025-07-20 21:11:19
6820,3651,522,Eight organization although hotel according action eight activity team couple executive.,2025-06-20 06:06:18
6821,3263,425,Involve either give line whatever every store create worry magazine push.,2025-02-11 00:48:17
6822,2697,2004,Hot reason view reduce store.,2025-10-23 23:36:09
6823,2399,191,Author drop value over training attention miss minute ready recognize.,2025-11-20 00:59:09
6824,4976,1652,Mrs feeling service affect stuff would seek similar walk beat concern city.,2025-05-21 01:50:31
6825,5338,1798,Among type make hundred he shake produce simple pattern myself player level you law.,2025-04-19 19:57:10
6826,718,1887,Few political game buy remain run future card thought prepare deal arrive officer bit believe go account they common city conference operation street policy.,2025-05-08 02:14:17
6827,2109,572,Care hair crime effort well.,2025-01-23 18:48:21
6828,5412,1064,Almost simple read public laugh attention eat message approach table yeah believe thank around financial close year decade certain major TV the deal without compare.,2025-09-16 04:20:23
6829,2783,1748,Personal cup mind help build culture everybody see of clearly compare past like ability may everybody support there consider.,2025-10-05 02:12:31
6830,3938,1751,Modern stop tonight.,2025-08-06 19:25:00
6831,2074,1402,Push institution magazine almost raise drive southern price education consumer share involve impact.,2025-05-27 04:44:15
6832,4632,839,Usually fine most finish deal safe security.,2025-09-21 09:54:44
6833,4390,1897,Art state fall themselves himself state inside leader safe property lay too create human morning girl.,2025-03-27 10:27:09
6834,4729,462,Education high man month you long cause newspaper work level job take apply my computer big where human.,2025-03-25 23:44:08
6835,2916,683,Local risk debate ready school man born consumer order Mrs especially.,2025-08-07 10:43:49
6836,4274,1602,Woman star staff form open and when might bed stuff partner near environmental pass control win issue interesting sign.,2025-06-01 18:16:59
6837,5451,350,Every among open building head finish evidence pick theory be improve old daughter point product.,2025-03-29 01:06:23
6838,1407,918,Game paper success technology cut avoid Mrs network recently suggest field imagine space mention.,2025-05-26 00:21:03
6839,3042,430,Feeling of use son bank.,2025-03-28 12:48:34
6840,1478,1868,Water source off model last still piece impact a score.,2025-05-25 20:44:24
6841,856,1733,Meeting which general enjoy huge stage together hold at like very.,2025-08-22 11:45:13
6842,4164,1240,Computer paper subject between act almost.,2025-05-03 20:14:45
6843,2131,1710,Wait those knowledge group base everything red most him hot group least player blood collection.,2025-07-08 02:54:54
6844,1404,823,Network happen out two various business indicate set second participant continue.,2025-07-02 10:20:01
6845,6093,1509,Land grow she with different world open modern adult upon trade court cup member industry look whom.,2025-06-06 13:49:30
6846,1898,1409,Word gun natural happen best.,2025-11-07 05:56:19
6847,2668,2016,Old eight feeling another save.,2025-09-04 23:39:14
6848,1940,1998,Nor practice protect success event politics management theory author race chance small theory ground wear home.,2025-03-15 03:33:34
6849,1450,1794,Spring base difference board hit behavior born how concern imagine body radio top Congress light sometimes challenge add change method hair current difficult military.,2025-11-13 16:59:01
6850,3006,1968,Listen sell religious everyone organization no across arm seat set owner since cost rather machine play value.,2025-07-02 02:05:16
6851,4134,1637,Prepare morning close film money wind offer ten power decade fight remember.,2025-09-24 01:31:43
6852,3708,1132,Trial address not face expert enough message local create possible hair.,2025-10-08 03:36:47
6853,4345,187,Side go time politics woman process.,2025-10-19 11:49:17
6854,2080,353,Down Congress contain wind reflect low hear risk machine.,2025-05-08 08:19:50
6855,3472,1144,Series chair as debate consumer participant join camera member job.,2025-02-22 01:17:01
6856,1410,116,Particularly morning goal question husband capital design rather.,2025-08-18 18:01:41
6857,3516,593,Guess rock well down produce bag win minute subject important whom nature.,2025-03-08 18:07:16
6858,5573,1375,Exist nature level view development though technology onto next skill this start total rate audience pretty financial scientist their effort.,2025-09-23 15:56:39
6859,5694,867,Treat clearly shake fish nearly floor.,2025-04-11 20:49:26
6860,2668,1138,Everybody leader suggest Congress material before group action firm sell government size little hair shake road much decide game well high international into.,2025-09-04 10:23:14
6861,1924,844,Behind writer cost expert force more.,2025-10-27 19:03:39
6862,5156,1151,Yard something let body start live detail paper pattern program drop too teach how while.,2025-08-12 20:15:26
6863,3434,1330,Eat long impact ago vote night such.,2025-07-05 02:44:15
6864,5509,169,Stand computer family road Democrat live beat key tax culture.,2025-10-26 11:50:06
6865,3490,1230,Candidate expert too size sometimes produce church both them serve color.,2025-05-19 05:25:13
6866,3410,1971,Part something option bill land support who bit others figure question man.,2025-02-21 05:20:53
6867,2834,178,Ok sort ever here listen page treat issue then TV page build animal total cup family.,2025-11-16 12:58:34
6868,2912,1586,Too environmental deal will future adult network top police speech most decide put later.,2025-08-15 10:01:05
6869,1957,1732,Job ask above field rest night never.,2025-11-23 06:25:51
6870,2023,1511,Account goal hear beautiful game operation condition magazine shoulder adult near.,2025-06-11 21:20:43
6871,4170,850,Fill maybe level grow model traditional listen gun true memory over office still.,2025-08-11 01:05:02
6872,4236,978,Talk into there cut process hot value prove truth almost stuff.,2025-02-12 16:15:15
6873,1698,1383,Down project participant choose much recent their require health.,2025-07-30 16:07:05
6874,4109,1605,Maybe middle food owner nice at not father tax under history line speech customer officer feel outside blue.,2025-10-09 19:12:51
6875,3417,1728,Lose skin wonder else increase truth capital could pay interview military can choose she evidence cause increase generation owner main.,2025-07-26 09:17:23
6876,2048,867,Deal father responsibility run style economy style natural major policy.,2025-06-24 02:45:17
6877,3720,245,Color series member social month music for professor those purpose.,2025-11-29 06:26:22
6878,6159,1816,Lead keep city see artist on why compare add here hundred industry outside total hope director its our seem Congress eat turn American front get top often.,2025-07-30 11:42:41
6879,2712,871,Those at painting including environment special require.,2025-11-30 15:56:37
6880,4570,205,Yeah take stuff require strong million sport necessary heavy price free explain news practice.,2025-06-08 20:05:53
6881,5768,906,Information grow create moment rock important mind sit resource something serious same during box.,2025-06-24 20:15:47
6882,4732,211,Down successful standard understand keep.,2025-05-21 11:25:58
6883,3662,1796,Goal whom medical point indicate car a much even.,2025-03-29 12:29:08
6884,6078,1130,Increase could term strategy significant from yeah four civil pull media.,2025-07-07 12:53:29
6885,663,237,Blue for result half garden area work people article change us both somebody pull per myself discover surface experience thank four maybe.,2025-07-20 21:19:00
6886,3220,482,Word music international mission yeah ground look reduce win work others our different leg prepare name must among test subject institution skin.,2025-11-24 03:59:04
6887,3698,422,Baby woman involve put bank itself first however possible half at middle interview key growth economy along little fact bad.,2025-09-30 23:25:15
6888,2734,122,Learn each responsibility leader crime on of party month charge here program organization positive participant.,2025-07-17 21:43:07
6889,2910,866,Run agency employee customer how international series factor.,2025-11-18 21:49:03
6890,4827,583,Daughter federal opportunity world less information individual yes media try almost turn firm difference agency high behavior.,2025-02-25 21:20:20
6891,1227,1305,Want summer pick health people should difficult official perhaps image modern ground meet Democrat specific sometimes.,2025-03-10 20:23:45
6892,6002,1012,Tell dream course anything responsibility group agree economy almost wish example fill buy.,2025-09-19 22:40:38
6893,3275,1337,Customer civil really store raise factor cost ever after word war tax high necessary act detail look federal goal fast.,2025-05-22 10:49:35
6894,908,629,Interest reflect cost media.,2025-12-14 21:36:14
6895,6171,1411,Cut middle allow style court particular.,2025-03-26 18:35:32
6896,6076,690,Himself nature sense analysis expect another still ask that open student campaign.,2025-08-31 05:58:59
6897,1372,1834,Interview participant if loss behind hit region every evening too policy nearly enough evidence price now.,2025-07-28 10:17:27
6898,5628,1902,Among sport rock blue board year have Mrs.,2025-04-03 07:32:39
6899,5657,2041,For operation together establish model firm newspaper federal team first will process feel measure institution career site about recently break.,2025-10-13 21:59:07
6900,5089,478,With early crime once.,2025-05-11 05:27:40
6901,1431,335,Art win address service beat though seek.,2025-09-30 04:40:53
6902,747,1932,In successful ground feeling read along just remain service the from environment worry.,2025-07-18 10:57:11
6903,5371,253,Inside on second national risk goal with tough teach finally season seek.,2025-10-25 02:39:14
6904,5724,1508,Lay weight true tax without popular career seem over.,2025-07-27 12:01:20
6905,3387,1913,Herself difference little view news him name.,2025-07-31 16:08:45
6906,2654,213,Rate single safe that early inside eye choose above Republican and cold purpose rest one have there yet scientist heavy.,2025-10-24 22:55:54
6907,739,1084,Foot professor floor standard wish imagine.,2025-10-31 18:37:12
6908,2277,886,New clearly energy quickly seat within example general mouth believe article establish bring address condition American fly production parent lead whole.,2025-08-14 01:46:18
6909,4331,1249,Put ago financial suffer.,2025-11-02 10:27:55
6910,3647,209,Exactly read foot race paper administration easy senior heart share painting cold human significant.,2025-04-28 09:47:50
6911,6373,960,Customer development easy through southern cut much plan kind material same.,2025-09-20 04:34:17
6912,730,1207,Foot believe guy raise training else move most wind social follow move.,2025-11-06 01:11:17
6913,1959,146,Purpose in wall me stock you.,2025-06-01 07:37:24
6914,5902,184,Evidence trip number attention include set certainly may responsibility close star her institution different without evidence.,2025-11-03 04:28:29
6915,5582,1969,Military eat will whose build grow personal experience such least music morning age city.,2025-09-22 10:56:55
6916,3132,490,Art seem need leader attack.,2025-10-07 14:56:22
6917,2883,1948,Collection generation without marriage make them crime final successful popular national various why instead.,2025-07-29 19:10:22
6918,1781,1553,Mention speak machine tell best.,2025-06-13 19:02:51
6919,1047,262,Imagine media white course poor full talk parent debate value moment people task foot job during appear.,2025-03-21 16:11:33
6920,5024,384,Return enjoy toward rate develop off friend husband structure explain season participant while range party behind bit college front suffer continue.,2025-10-22 20:47:39
6921,6497,1889,Produce eight that however art trip collection success others may bad room together during remember term a expert raise want sing.,2025-01-13 22:17:17
6922,3531,772,Fear off go hand again head.,2025-09-05 19:42:00
6923,4365,1840,Station leave old area once meeting factor improve quickly phone.,2025-02-09 22:04:53
6924,4601,156,Billion probably minute imagine short simple share go produce I according light line amount his range admit early run.,2025-11-14 20:59:25
6925,5504,931,Buy institution property determine western not night technology allow difficult amount certain eight issue so explain.,2025-03-18 12:26:45
6926,4097,1846,Student watch agency note activity million general real.,2025-05-01 01:46:35
6927,1161,1263,Able begin memory front manager special question special almost reveal simply add give no only commercial matter difference citizen purpose difficult manage baby consumer top.,2025-10-11 23:18:53
6928,3207,2078,Attention describe believe number brother more exactly sister above image forward skin maintain network mother social.,2025-02-06 08:34:26
6929,5370,626,Sound international this hundred generation whole because free reflect notice.,2025-10-22 12:40:21
6930,5553,1436,It product body room stay collection window memory room drop begin such go base experience peace.,2025-12-11 01:23:23
6931,3195,1129,After next attack truth both accept another you employee teach religious professor hit.,2025-08-22 20:31:01
6932,2552,227,Whose economic more effect time part American return authority.,2025-09-13 10:51:23
6933,2416,1893,Traditional remain rock thus store major thus research expect already better sort bad full people law court something three threat those.,2025-06-20 00:00:12
6934,1439,735,Herself age occur authority so discuss provide stock relationship case company him learn factor.,2025-05-09 09:12:37
6935,3203,1439,For nearly loss specific another image.,2025-06-04 11:58:44
6936,5057,254,Five politics arm sometimes.,2025-06-22 07:10:38
6937,4659,1811,Over way even environment.,2025-05-10 15:16:14
6938,759,1944,Paper themselves so affect nearly.,2025-10-27 12:13:38
6939,6195,1069,Pm night choice a tree key development.,2025-03-08 06:28:34
6940,1422,1041,Final majority into.,2025-09-21 00:32:15
6941,4667,668,Part recognize deep design our trouble fear total week interest difference organization popular whole.,2025-04-18 02:29:20
6942,2592,572,Camera opportunity give training situation would heart idea second bring case.,2025-10-10 06:16:09
6943,3360,284,Watch then surface road charge position nature build.,2025-11-07 13:41:13
6944,5111,256,Wrong despite himself pattern grow fund.,2025-06-03 05:15:05
6945,563,1588,Bag campaign television never stop ground place poor.,2025-07-02 20:00:15
6946,3794,1176,Region without citizen in within perhaps news thing there.,2025-09-20 16:09:40
6947,1081,282,Ago against buy begin just ask usually side away thought others decide.,2025-08-23 10:54:23
6948,4053,1875,Share try right generation tend.,2025-03-13 22:17:32
6949,502,1211,Despite few build energy forward reach thing occur news thank have ago similar music Mr none board trip return another method so.,2025-06-03 09:39:34
6950,5761,1713,Wife reflect nearly service color paper eye home and enter.,2025-01-17 11:54:01
6951,3026,1012,Several involve medical pressure hear southern today next direction find political.,2025-05-28 04:53:48
6952,1812,768,Agency cup situation side tree center important something benefit should site art age both travel market.,2025-10-30 03:20:25
6953,5247,489,Outside what foreign fact develop cut.,2025-03-17 14:45:58
6954,2786,689,Left travel man final anyone.,2025-01-08 02:54:48
6955,6417,1109,Crime likely reason morning piece sound agree.,2025-02-25 00:06:03
6956,1673,1994,Protect say simple thing young they.,2025-05-29 11:30:49
6957,5341,1580,General child skin minute step two make arm.,2025-10-19 18:06:00
6958,2441,1025,Speak foreign real wait debate economy hand behavior sign.,2025-05-01 18:58:43
6959,1225,449,Many cup skin prove eye happy throw suggest board network.,2025-10-02 14:19:38
6960,6156,1032,American only also cold around financial team crime anything single hit best spring one campaign matter.,2025-07-16 20:18:28
6961,5256,2024,Probably them born ago across claim save understand Republican way well it.,2025-02-08 16:14:59
6962,1437,1467,Whole feel his art deep.,2025-01-16 07:13:56
6963,5627,181,Hour still sign.,2025-05-26 23:44:25
6964,4555,984,Much small child nor her teach often nothing child voice eye affect worry might wear especially see travel religious later contain be tell dog finally environment enter.,2025-06-23 01:37:17
6965,1601,1683,Wind really fact feeling forget meet bag down such.,2025-08-19 05:04:30
6966,1353,396,Seven sport watch life new.,2025-08-19 02:34:47
6967,885,1683,Play major usually go.,2025-11-14 00:23:11
6968,3156,1284,Effect member blood news be side stand whole politics during.,2025-10-21 04:11:00
6969,3107,1507,Person decide sense budget to rock television employee daughter right food up page their suffer director result water speech per law say research executive.,2025-04-23 01:32:10
6970,870,558,Doctor pay national idea want information hope enough Congress economic avoid.,2025-08-23 19:13:02
6971,4338,933,Term water he moment top subject fly all only different cell tax the necessary check.,2025-02-11 14:56:23
6972,6360,865,Bring far level protect Republican worker property new member property good.,2025-10-27 02:20:10
6973,5314,1943,Population as season necessary personal crime also own eight method chair green person wonder challenge both unit mouth vote pull act media produce project during specific.,2025-07-09 13:24:59
6974,563,1062,White early culture TV key glass notice put talk long south.,2025-07-01 17:17:15
6975,4559,1227,Field example turn pull.,2025-10-18 19:02:20
6976,3456,338,Course it attorney forward never ability short bill cost set administration new black teach quickly why the quickly sea.,2025-07-01 07:33:39
6977,4071,1477,Trial near word light receive subject cell conference then party force shake artist notice big also surface TV own hour indeed describe despite.,2025-07-04 17:06:34
6978,4780,472,Serve far feeling several event great its choice nation fight town message system draw chance book boy window enter focus character act.,2025-10-07 12:33:29
6979,2375,1255,Speak almost town including.,2025-06-16 10:19:49
6980,5856,914,Indeed build radio mission when guy his reveal wide collection instead past inside great.,2025-03-31 01:37:50
6981,6122,1788,Remember another radio responsibility item.,2025-07-18 05:27:18
6982,5665,2057,Somebody buy although wish live according inside get quality again last set pressure reveal bar final window rich capital investment security story successful.,2025-09-17 11:07:27
6983,4647,2020,Sister far improve such become thank national must include affect six program foreign including.,2025-04-01 19:09:05
6984,1693,1475,Successful example usually tree old low away last meeting someone Republican size including upon job.,2025-04-10 00:12:20
6985,2046,670,Cause keep subject pattern ten small none who week.,2025-12-09 18:49:27
6986,1537,767,Traditional to billion Mr throw establish go example month speak also ready receive.,2025-06-27 14:48:03
6987,2955,1696,Almost agree else picture something southern a environment half less rather glass.,2025-05-12 03:40:33
6988,3911,1633,Bad relationship bill picture people per.,2025-03-19 16:33:10
6989,2821,629,Third include white interview speak.,2025-02-04 22:21:30
6990,3034,2033,Enter it collection kid soldier general politics who writer leg stuff.,2025-09-10 16:36:47
6991,1291,288,Book conference onto amount present foot such life long despite simply tonight quality teach until head military thank run rock ask enjoy page fact.,2025-09-09 03:24:53
6992,6438,1639,Party save member rich visit red describe sometimes six body could.,2025-07-20 09:40:40
6993,2858,213,Man trial as source watch debate hope.,2025-01-07 08:16:07
6994,1012,1301,Step turn baby learn American.,2025-11-24 17:11:17
6995,2608,1003,Open student far have avoid you guy tonight employee today record something deep.,2025-05-23 12:20:43
6996,1525,1964,Authority stay large court.,2025-03-25 15:53:51
6997,3988,909,Agency more how us ability little.,2025-10-15 02:39:03
6998,3572,1126,Leg read Mr heavy.,2025-04-14 21:27:42
6999,6183,768,Arrive event may indeed also sound approach end reduce kitchen apply leader left under want law million source bill everything maintain.,2025-09-05 20:13:39
7000,5362,370,Down see security while animal.,2025-04-03 02:58:01
7001,5640,1903,Beautiful none keep.,2025-08-03 01:29:09
7002,4096,408,Remain thing lot entire feeling.,2025-08-06 03:28:18
7003,4411,2070,Use born hope imagine sometimes society first dream old floor over foreign collection.,2025-12-02 06:42:08
7004,4285,1810,Arrive red tend health choice tell individual support wide than describe ago fact be bed response professor participant teach father.,2025-06-09 13:37:29
7005,3708,672,Ball event well seven system crime of myself suddenly quickly collection last people radio method choose already raise board outside.,2025-10-10 07:56:47
7006,4777,994,Half sport maintain who such ability central clearly.,2025-01-07 20:17:56
7007,1232,174,Power attack establish see low board.,2025-06-01 19:07:05
7008,4836,761,Lose lay head scientist two best similar actually thank possible lay standard.,2025-04-28 03:17:02
7009,5214,1513,Theory line method serious then specific evening from beyond about development peace ten toward guess.,2025-07-26 00:48:37
7010,3369,1117,Toward source medical scene about mind make around two.,2025-01-18 10:59:02
7011,1406,1574,House hotel north really end many character new however sometimes dog wind allow material worry.,2025-08-10 11:32:40
7012,1662,352,Something more way several cause until my can police beyond sit as Mr world do.,2025-11-26 16:04:40
7013,4353,982,Most image into mission process important really finish Republican themselves eat.,2025-07-30 20:31:33
7014,6224,1072,Able discuss often miss space.,2025-06-06 17:52:49
7015,722,996,Decade reality happy energy test capital full role building blue medical.,2025-09-29 02:51:06
7016,4935,2027,Necessary star notice magazine what could street growth list child owner or send anything.,2025-07-29 14:02:08
7017,4290,375,Police deep yet foreign arrive particularly keep ball draw fire network reflect second purpose look physical possible production general.,2025-07-13 22:16:14
7018,5038,1544,Same need kind man improve always way less everyone report nature significant sell series away environment political sing nature listen present thank.,2025-07-30 03:36:00
7019,2211,285,Throughout eat just particularly include name it memory year way could whom decade federal over.,2025-05-29 08:55:03
7020,649,1494,Morning ready today boy house success under degree clear music.,2025-07-25 08:46:43
7021,3646,1415,Expect site next seat remain order cause difference clearly college evidence technology most manager.,2025-03-31 11:22:37
7022,5146,604,Answer key school few future camera material condition just future return exactly.,2025-06-12 15:07:51
7023,563,2052,Security ability return even amount.,2025-07-02 00:27:15
7024,4916,439,Law wonder certain short never itself and food happy total.,2025-09-22 00:39:36
7025,528,875,Woman understand difference sea manage pass.,2025-09-22 19:40:34
7026,728,991,Firm than company lawyer.,2025-04-03 03:13:27
7027,5192,1856,Put debate without mind present him option teach section.,2025-08-03 18:57:54
7028,3579,516,Serve home once rich such that of behind myself federal.,2025-08-09 01:47:10
7029,5202,765,Site firm yes begin south anything.,2025-07-04 06:12:09
7030,4006,332,Second pull cup win about fund consider fact campaign top send follow development.,2025-07-11 09:18:00
7031,3422,1234,Minute nation type its.,2025-07-26 04:48:04
7032,5100,1892,Share research base pick owner his.,2025-09-14 12:48:27
7033,2362,1641,Fly season table player speech type professional choose war.,2025-07-07 16:27:57
7034,3653,796,But the matter spend car TV majority claim.,2025-09-23 14:41:54
7035,2834,1452,Now drop college determine mother per however oil push not seat understand business garden see order section among heart our west claim.,2025-11-16 13:47:34
7036,1299,1177,Audience technology to outside ground how series.,2025-09-19 07:14:30
7037,1569,1769,You really likely theory standard fly author carry protect.,2025-03-25 06:44:26
7038,1047,1437,Exactly late develop yeah space view firm industry success feeling order never window do expert any.,2025-03-21 13:45:33
7039,2240,136,Large owner money room.,2025-07-29 17:34:40
7040,6095,582,Prepare room at never bit field arrive include.,2025-05-08 03:55:51
7041,4643,1703,Cost morning theory mother stand last war size top girl whatever reflect participant teacher.,2025-03-30 21:54:33
7042,4278,2086,Vote its experience machine imagine talk her country exist himself effect sport stock help reflect pattern later.,2025-02-23 17:03:13
7043,3511,1624,Family page father whatever admit attention out poor summer or almost.,2025-07-26 17:31:59
7044,5772,1309,Open drop day outside down beautiful between court rule offer our daughter example serious film before spend prevent.,2025-04-14 03:11:42
7045,3531,359,Into care family lay institution how dinner maybe challenge recently sell few.,2025-09-04 17:58:00
7046,5490,113,Tv put wide information our on pick seat clearly conference both.,2025-12-17 20:01:26
7047,4558,713,Throw book more throw fact.,2025-07-17 09:28:24
7048,2084,2015,Real staff avoid later soon write full thousand blood will news.,2025-05-10 13:45:37
7049,6497,1563,Section name certain thank serious choice kind example.,2025-01-13 01:18:17
7050,3568,1374,Institution everyone factor product option sea score case truth you tree ahead ability no.,2025-09-22 20:39:34
7051,1527,1876,Standard film present simple writer whom.,2025-10-02 20:26:53
7052,2624,1641,Shoulder seek play air agreement bill character especially five off Republican those middle woman policy off different choose mother design.,2025-10-02 00:21:07
7053,2161,746,Time forward significant Republican role sport even debate production American sure whether accept.,2025-11-20 00:28:52
7054,1390,489,Western manage of as process technology prepare spend.,2025-10-13 17:43:48
7055,589,1753,Green forward stage western everything language get between.,2025-06-12 23:29:51
7056,1384,1444,Member deal price their name so newspaper lot benefit.,2025-11-08 21:02:45
7057,4536,1527,Cell choice scientist story capital seek leader big choice thousand exactly here ago task believe why in itself.,2025-06-01 19:18:16
7058,4346,211,Training soldier stuff conference tonight tough manager tough capital collection.,2025-08-31 07:40:39
7059,1522,1880,Ok current box us window cover explain act for TV reality behavior of suddenly reveal wait whatever list none.,2025-11-06 18:07:59
7060,6449,1993,Manager senior that moment anyone leg message.,2025-04-18 10:28:07
7061,1126,313,Over present although difference agreement skin.,2025-02-09 00:57:30
7062,5190,1597,Enter from keep without.,2025-06-26 18:54:43
7063,4657,537,Manager employee father drop Mrs animal discuss year.,2025-10-21 12:19:33
7064,2193,1786,Affect these time too experience.,2025-04-21 18:55:45
7065,2043,1339,Would nor among hundred fine prepare election eye.,2025-10-14 16:21:32
7066,5664,2029,Ability against receive machine detail area left receive in fast safe among need arrive head road show sea that individual fall.,2025-03-20 12:23:09
7067,673,1653,Management move center table day western support pretty place require.,2025-10-27 19:32:47
7068,5103,1984,Effort state practice national believe people federal large least.,2025-11-25 18:19:22
7069,4970,518,Traditional civil card citizen sea strong story life including wall face.,2025-02-04 01:59:48
7070,5779,1164,Current art one but under claim letter turn marriage best doctor would outside.,2025-06-01 13:47:10
7071,1969,1909,American meet tell life cause range we notice compare form customer show about heart now.,2025-09-01 18:50:45
7072,4641,843,Usually quickly throughout box apply level bit consumer picture Democrat chance six safe section ago professor back image seat.,2025-10-12 13:08:11
7073,4482,1315,Quickly own indicate listen image science case color mention time particularly reduce think hand the look strategy condition cup.,2025-09-28 19:14:19
7074,4599,1240,Dark sometimes six writer meet student whatever page entire author society truth although though clear between what market clearly institution participant author similar.,2025-11-30 15:32:10
7075,5161,682,Or surface significant two would he maybe think either card social admit indicate personal stand moment take treat.,2025-07-09 11:54:14
7076,2641,509,Receive his arrive American audience better or five term south determine finish.,2025-08-23 06:17:35
7077,5210,1578,Letter huge level professor mean including hope left have point occur rather rule occur hard at animal reduce economic.,2025-08-22 00:36:09
7078,2727,1515,Ten term figure national operation media real let leave public ever above.,2025-07-03 14:21:33
7079,6123,1904,Across voice mean no hotel offer read hold would.,2025-11-23 10:57:51
7080,5226,1959,Strategy rich successful position successful best house star huge my particular even.,2025-09-29 18:01:10
7081,2595,1797,Hope kitchen seat wear low film bank.,2025-07-26 17:18:40
7082,5747,1232,Minute suggest reduce good relate.,2025-08-05 18:20:25
7083,1243,1208,Activity goal city available fight bank resource since really claim cold.,2025-05-08 19:19:11
7084,3791,1343,Film white fine point but deep character control different page.,2025-04-28 05:56:27
7085,3252,832,Member article eight success feel involve spend end despite concern later along rule a better again treat property center begin law.,2025-03-18 01:16:38
7086,3913,2041,Leader address picture career generation wrong audience present probably.,2025-08-09 03:48:00
7087,2738,1810,Present citizen watch number behind sea drop behind off road.,2025-06-19 08:37:59
7088,4914,798,Thing analysis plan charge call girl population answer begin trial market contain prepare thus cut particular.,2025-07-10 23:58:31
7089,3158,1261,Suggest add keep more finally end month like listen tree six.,2025-07-14 04:48:28
7090,5841,954,Current enter huge character appear read one heavy.,2025-07-20 22:30:16
7091,2285,1012,Ask create have glass type stay population citizen.,2025-07-07 08:50:37
7092,4652,1988,Eye try report up reason cause page own realize report reflect opportunity over so develop call care none.,2025-11-24 04:40:42
7093,3444,1315,So language parent recognize school approach onto six good population.,2025-10-26 23:15:36
7094,3843,697,Standard pick opportunity feeling behind high eye service daughter off current sound despite what game us amount interview.,2025-02-14 16:34:17
7095,5907,1164,Human social strong ball prove room class always serious late.,2025-01-28 17:01:55
7096,5295,1343,Three professional position include send animal whose provide TV hour source easy great successful teacher ago sit brother production back.,2025-10-23 22:50:53
7097,4356,189,That return blue summer garden organization cause cell week your yourself popular woman newspaper social.,2025-04-20 12:29:30
7098,1454,130,Investment themselves life sure worker during benefit necessary Congress born them think.,2025-10-23 01:23:01
7099,1867,1412,Prepare mouth couple order involve team population truth simply can quickly share many offer beat rock step tell draw with.,2025-08-27 15:50:55
7100,5328,1988,Either sister should policy education either believe audience rest crime type shake those cup tax.,2025-11-22 01:15:34
7101,4769,456,Area worker citizen size exist hotel finally never.,2025-03-03 09:56:41
7102,5311,147,Prepare general hope father under ready recently trouble why fill likely.,2025-10-23 19:06:08
7103,2866,1743,Southern important reduce project water something gun nearly interview talk.,2025-02-20 01:56:24
7104,4876,1194,Million analysis growth charge information yes large continue Republican husband role speech drug must.,2025-08-26 01:24:08
7105,6398,324,Away president soldier research focus animal at interview piece maybe another painting debate my voice.,2025-06-09 02:37:06
7106,2829,748,Continue rock learn herself method benefit cost page source wrong fear special.,2025-10-29 00:21:24
7107,3799,986,Scene order against across process wall stay oil star his call.,2025-01-31 12:05:21
7108,4053,125,Heavy writer Democrat continue serve.,2025-03-15 04:04:32
7109,4656,2032,Attack nice ten rule like real myself adult until space official wonder rich rate second.,2025-05-30 01:05:06
7110,5812,969,Shoulder reality customer indeed body daughter there real treatment part event good someone position before senior.,2025-10-20 17:03:49
7111,5545,172,Report energy site arm against similar situation down likely pretty mind.,2025-07-15 09:47:00
7112,4338,1758,Especially behavior religious evidence whose manager fund alone size hit side style born.,2025-02-11 04:39:23
7113,2262,114,Only current indeed career officer card hand security picture which cell exactly note adult benefit.,2025-05-26 16:28:31
7114,940,1717,Trip receive specific organization expert interesting.,2025-11-07 11:40:36
7115,1403,1783,Unit receive his test water feeling cultural industry brother million debate account.,2025-05-16 15:16:02
7116,2193,696,Partner sign future about story behavior game conference.,2025-04-21 22:03:45
7117,1231,1586,Crime law couple enough tell song expect finish put money.,2025-06-02 08:32:42
7118,6106,1375,Agency reveal deal five beyond performance without interview huge argue city continue station customer record property view recent politics rise away leader find.,2025-12-10 15:55:54
7119,6198,1138,Step federal pick approach artist name page week feeling entire some sport travel.,2025-06-12 12:48:59
7120,2421,1664,Reflect head skill tree without support wear inside cut boy.,2025-12-07 11:39:16
7121,3705,1490,Large effect eye coach.,2025-12-10 01:20:48
7122,1503,1830,Consider consider letter guess character join power maintain expert ahead.,2025-03-04 02:29:23
7123,1747,447,Management ability each experience west Mrs discussion oil develop.,2025-10-27 16:20:03
7124,1187,2060,Employee happy there police foreign evidence guess age top baby with follow peace their claim begin nice treatment.,2025-07-08 11:44:42
7125,4348,1223,Eye remember include do save remain beat who tax religious worry organization today office network drop.,2025-08-14 16:14:02
7126,3931,862,Outside military hundred wind summer participant wife trial personal a somebody past green including.,2025-03-17 01:25:46
7127,1602,280,Include sport campaign power our.,2025-10-09 23:08:35
7128,4748,1146,Parent travel whom add professional none watch present range per.,2025-06-28 11:14:52
7129,4350,1622,Discover stand teacher ahead southern theory traditional upon field let clear also common show.,2025-07-14 18:01:38
7130,879,1218,Discover recognize staff from themselves door above finally arm.,2025-09-30 21:59:10
7131,2817,1568,Computer develop stage big bar local stuff that hope moment allow economic marriage well.,2025-07-29 01:25:01
7132,6423,1966,Quickly father break fast.,2025-08-11 05:01:40
7133,4622,1049,Current teacher hold sit trade.,2025-07-12 14:32:35
7134,5799,1721,Page official realize cut eight fish woman mouth social relationship.,2025-11-03 10:41:16
7135,2086,655,Feeling scientist worker himself player half person economic treatment entire.,2025-05-09 00:08:15
7136,4911,1057,Team smile let special picture view himself newspaper commercial performance anyone do Republican view recognize though leader young.,2025-04-08 01:54:47
7137,6224,1729,Although board the what same voice mother Congress better TV simply political quite four movie big.,2025-06-05 01:14:49
7138,4041,1603,Drop trip participant program positive think wall suggest.,2025-01-20 05:34:26
7139,4859,1183,News soldier stuff laugh condition exactly sport bill also practice major something.,2025-08-27 20:44:27
7140,5717,750,Can identify book past civil two rich third fly.,2025-09-22 03:52:19
7141,4371,1056,Fly sometimes data sell follow day fish note form student.,2025-07-03 09:08:56
7142,3227,1809,Tv almost ability maintain benefit north player its loss military land.,2025-02-19 12:37:10
7143,2016,1624,Air line despite rise future character situation feeling instead loss physical forward.,2025-06-08 22:38:03
7144,5379,1894,Physical argue thought ten and.,2025-08-29 19:52:48
7145,4123,490,Easy reality pull according radio force last could significant talk know reduce local happen nice join star everyone my imagine choose everything run.,2025-08-31 19:33:36
7146,4131,397,My reflect else vote fight raise parent daughter month throughout.,2025-10-11 03:30:27
7147,3217,1734,Heart glass early me occur staff why relationship range establish determine sell cost around.,2025-09-14 18:53:20
7148,2298,1500,Feel word rather thing agency address available color somebody to enter often first better whatever box school director behavior produce same hit fact.,2025-12-03 15:16:42
7149,4204,656,South else difference car something.,2025-08-05 20:07:58
7150,2552,1979,Indicate knowledge if hit hot note long really religious send break really from professional tough production or over significant Republican through yeah trade main.,2025-09-14 07:26:23
7151,1187,499,Pm sport tree any fill section how toward summer.,2025-07-08 15:17:42
7152,2496,1907,Medical poor edge major force article.,2025-04-03 11:35:03
7153,3765,1136,Perform feeling occur boy ability issue plant loss age state which nature movement learn sometimes I similar nearly task.,2025-02-09 05:27:11
7154,4201,2031,Avoid try modern care before eat per report type however yard decide once history again war three.,2025-04-06 05:37:54
7155,6396,177,House put sure girl road add.,2025-05-15 20:20:42
7156,2817,108,Say page similar lead themselves information population whom value budget sign consumer ten event million family good vote close history common space.,2025-07-27 21:25:01
7157,5339,784,Training it measure they thought method body lot describe boy whatever yet goal perform for similar lot fact have lawyer pretty west debate yourself.,2025-08-27 07:11:41
7158,3838,1491,Issue study she resource center remain quality far recently life radio suddenly drive speak east fact everyone air first.,2025-07-30 09:46:30
7159,6370,2091,Skin reach successful official marriage occur bit building picture big those agency enter number represent five.,2025-03-21 16:12:07
7160,6130,1785,History eat trial support skill doctor language both common teach.,2025-09-04 13:42:50
7161,4543,2019,Institution sign song sing into feeling thank.,2025-01-29 06:33:13
7162,3684,1878,Trouble cost carry exactly cup several certainly talk clear similar himself contain deep order drug structure participant.,2025-05-31 14:24:42
7163,5265,1564,Draw plan class realize box affect trip nature treatment kitchen involve range product.,2025-03-09 12:18:11
7164,6072,1389,Material statement reflect road test give anyone shake wife important place see.,2025-01-18 02:15:00
7165,635,1593,Break card look treatment management in nation performance cause impact politics wind up best pass.,2025-08-21 12:48:14
7166,6231,1902,Hospital ready together always father themselves.,2025-09-22 02:51:14
7167,1386,928,Stage relate another color stand per until drug generation.,2025-08-07 01:29:08
7168,2798,492,Later medical single usually different.,2025-11-11 12:05:43
7169,5494,407,Hair his behavior expert thank page power look put kind matter several risk.,2025-03-08 06:52:06
7170,2637,686,Prepare trouble security information small establish call today deal trouble.,2025-11-01 22:00:46
7171,3134,496,Medical event car energy support law.,2025-09-15 08:53:57
7172,1685,1606,Piece now director daughter impact present south window base put entire doctor hospital about law.,2025-06-21 09:42:27
7173,685,883,Civil quite sit sure manager coach for contain catch community care vote.,2025-04-05 21:28:20
7174,4780,1453,House those sport partner book group stop another foreign group then expect finally budget experience.,2025-10-08 09:42:29
7175,4603,1815,Beat finally camera oil summer.,2025-08-03 05:22:00
7176,3567,1082,Threat game reflect security decision professional make stand conference enough.,2025-08-17 06:07:23
7177,1983,1192,Factor sport marriage wind door arm land couple.,2025-08-14 22:03:55
7178,2339,1456,Center man father network take seven behavior capital member receive himself of structure discover.,2025-11-17 08:23:59
7179,1271,460,Again threat something animal finish fast blue difference fund professional task near play argue learn full.,2025-08-10 17:12:38
7180,2078,1153,There road Democrat career.,2025-08-22 17:19:34
7181,1506,1045,Eye science interesting change first person policy sign.,2025-06-13 22:31:56
7182,5907,1197,Follow news treatment produce interest then important begin fall human point investment anyone sort.,2025-01-28 05:48:55
7183,761,1271,Whether find local ready office turn commercial attention road table movement wrong us green toward send soldier remain language however everybody.,2025-10-24 01:09:12
7184,5472,1107,Always particular sure information establish effect that center economic right last sell discussion sit base mind.,2025-04-05 02:41:32
7185,4833,579,Ability clearly leg never better baby reflect win but wife some brother put including of theory past sound audience management area strong eye.,2025-10-31 18:11:27
7186,3080,461,Attack take across along receive whom someone imagine manage.,2025-11-17 20:33:54
7187,598,1789,Hold stuff three risk himself most young nice take raise interest eight indicate executive himself reflect.,2025-08-31 19:26:27
7188,5173,2007,Positive just old down.,2025-11-21 02:30:09
7189,3204,1973,Build star everybody try car outside level.,2025-10-07 15:20:28
7190,1730,173,Station serve team without theory choose generation role production experience discover opportunity save.,2025-10-03 18:33:24
7191,1883,273,From building personal great kid no walk compare end relate west area.,2025-08-10 02:55:41
7192,6473,1195,Half economic body.,2025-06-22 07:03:17
7193,988,122,Many together before state offer with white read yeah cup stay.,2025-09-15 07:24:53
7194,2776,1273,Continue difference million line firm west former wrong away around other those sense say.,2025-09-07 16:06:03
7195,5091,769,Religious site doctor area state PM road might responsibility audience job.,2025-12-06 08:05:44
7196,823,487,Science business change professional central walk individual fast memory girl.,2025-09-02 21:01:46
7197,561,1596,Reveal according American should think water often group film specific.,2025-10-22 02:40:26
7198,5891,714,Create sister bed team thousand government available spring worry team car check.,2025-11-08 15:56:48
7199,6083,349,Trade method make situation rule stay participant you maybe letter less when personal.,2025-04-05 01:11:58
7200,824,307,Grow organization send system.,2025-11-21 07:20:14
7201,4693,1758,Appear course better whether care hotel letter network food new expect whole full check wait.,2025-10-22 07:36:14
7202,949,486,Tough although loss senior realize beautiful exist leg either base know.,2025-10-06 23:19:47
7203,2587,1905,Agent such receive general lead west article under throw leave firm difficult wear mind case.,2025-09-30 22:27:21
7204,2746,1821,Indicate begin face town from.,2025-09-14 06:53:26
7205,1515,449,Peace anyone maybe conference represent force firm form manager specific other two world theory.,2025-07-20 13:32:35
7206,1424,1880,Example civil by mother several visit ever those writer attack Congress finally.,2025-04-12 21:20:36
7207,5228,153,Affect when eight would realize sure black.,2025-05-06 08:35:19
7208,2505,1615,To kid capital career start away.,2025-03-25 01:58:57
7209,6409,348,Black company number series by air debate.,2025-09-15 14:32:05
7210,5162,379,Term trouble same thought several suffer year president father final down half wind exist paper east.,2025-07-23 07:00:36
7211,4656,483,Dog difficult that want type pay manage time call agree call theory even return strong trip writer.,2025-05-31 04:53:06
7212,2413,382,Operation individual practice dark cold thousand job most.,2025-05-22 21:51:59
7213,6343,1756,Space actually bad your standard.,2025-02-20 16:03:41
7214,3716,1514,Fish power interest while.,2025-06-19 21:21:54
7215,5413,796,Head consider color idea win may seat somebody drug sense get way add participant beautiful.,2025-06-11 15:00:53
7216,6092,101,Agreement official line something great century network imagine through section thank.,2025-11-06 01:21:47
7217,5503,709,Production Congress market picture better return campaign nearly plan able along fact commercial.,2025-10-13 16:54:56
7218,5924,701,Item month money should pretty popular area can up act out car mind write report to.,2025-08-29 23:58:30
7219,5710,1558,Wonder door discussion fear picture specific skin court walk relationship.,2025-06-07 09:37:03
7220,6134,1858,Four write soldier once second investment far last notice effort play improve rather control.,2025-10-08 10:26:46
7221,5468,278,High remember add dream give size employee cost piece everybody report let born scientist throughout side learn.,2025-07-05 05:10:53
7222,3831,318,Citizen white surface ball ten.,2025-05-27 01:03:29
7223,1385,1988,Wife idea establish doctor case between modern can somebody.,2025-11-03 02:03:15
7224,6494,1515,Have capital color girl never worry read cost summer appear west change PM health age get dog build however experience law early friend international bed.,2025-10-20 22:52:17
7225,925,325,In glass party.,2025-08-31 13:44:35
7226,2972,1767,Program join example call authority accept course take.,2025-03-01 18:37:11
7227,725,813,Former member friend company rise each report somebody pretty truth improve baby gas community.,2025-11-07 05:38:43
7228,1694,1390,Executive break manager force.,2025-10-27 02:31:30
7229,5548,462,Decade in thing enter miss bar question behavior head check wait structure sometimes quite responsibility medical technology beyond course their would economic national his low go compare.,2025-03-21 05:16:05
7230,2061,398,Down executive east would others air table anything east appear risk.,2025-05-25 16:56:30
7231,5497,1407,Nature interesting movement statement traditional film five pressure art store.,2025-08-22 21:59:23
7232,921,746,Several stuff color debate wish ready set sometimes room owner anyone soldier responsibility from draw the buy team anyone base.,2025-08-21 20:49:46
7233,3374,1051,Bank most manage generation through when owner seem.,2025-06-03 06:15:07
7234,3987,247,Beat myself attack business teach for moment food over center door movie.,2025-09-12 15:28:39
7235,4301,1363,Like board seat everything maintain act provide wrong recently time stay end.,2025-04-12 07:21:32
7236,2721,568,Suffer unit travel.,2025-11-27 14:04:56
7237,3353,368,Available control hotel miss wonder whole east sound serve tough serious season adult her in stop set Mr.,2025-11-19 07:35:36
7238,2156,439,Through information training serve day religious four space message call successful perhaps pass human kind remember likely others.,2025-02-07 21:18:10
7239,5662,190,Each price whatever whose service early up phone I group call.,2025-07-26 18:58:15
7240,5970,1239,Until ago what start west company group necessary specific radio maybe produce hundred.,2025-09-18 13:08:56
7241,4990,1821,Whole away many let plan trip other memory important brother voice like remember none with store manager most care hold wife visit spring.,2025-02-28 01:52:33
7242,1449,1791,Station report so hand seem.,2025-10-10 21:39:32
7243,6330,380,Series avoid author prepare trouble since vote audience.,2025-05-17 14:55:54
7244,4950,193,Attention similar single main realize my get sure about strong paper true pass performance mean leader.,2025-11-10 07:10:08
7245,615,290,Far space protect key accept order treat popular write source family success beat far without agree TV position since ready name himself safe before decade.,2025-07-01 01:49:25
7246,3697,1445,Mouth herself just a party pass foreign fight foreign already seem morning suddenly assume product.,2025-09-13 15:15:39
7247,3119,754,Where character respond player just six before peace send indicate do feel street spring.,2025-08-02 05:56:45
7248,5846,1733,Item civil continue view sister baby we whether sort sport radio they up box available.,2025-04-04 18:46:31
7249,4747,137,National behind customer very box system our wonder image way whose these court star everything green tree technology fly.,2025-10-20 15:30:51
7250,608,1421,Difficult size everyone common future husband man talk strategy recent evening cell.,2025-01-13 18:18:31
7251,6288,680,Guy my every black threat source she the everything specific low picture start allow claim interview get tell add put perhaps like past across team model.,2025-10-26 20:38:12
7252,792,990,Lose public language special industry program authority small stay research.,2025-03-12 12:30:27
7253,5519,297,Shoulder board Republican style figure country watch system company performance message east these energy action.,2025-11-14 14:20:29
7254,1693,920,Learn lot local after however camera probably election.,2025-04-11 08:18:20
7255,3070,655,High life go economic message serve bring herself win recent series of kind walk direction education arm.,2025-06-06 17:49:58
7256,2346,1776,Among record represent chance black describe common like.,2025-12-11 02:35:21
7257,672,956,Two form throughout life treat across final several agree share painting billion could candidate remember assume record decide system I raise staff.,2025-11-23 04:57:43
7258,4638,529,Matter raise different hard type charge do remember vote.,2025-03-26 22:21:42
7259,913,1963,Entire meeting star call.,2025-05-30 21:28:19
7260,4624,189,Point magazine majority nearly even coach second term science bad change.,2025-03-21 10:39:58
7261,3778,1173,Smile size rate star not major.,2025-12-01 17:29:12
7262,2050,798,Really real which major continue evidence throughout direction born teach fear successful do bed suffer industry something media sing.,2025-08-23 05:56:10
7263,4081,1768,Contain group red it performance identify positive just kid operation explain be wait number determine.,2025-09-01 01:01:12
7264,1147,1630,See enjoy call trial wife no budget security tough your seek.,2025-01-25 20:17:00
7265,6226,1679,Choice already bag American report score project fund forget level represent best day.,2025-10-27 23:47:13
7266,785,708,Seat enough vote within between president job arm their.,2025-04-13 23:37:34
7267,6272,1600,Talk value history off company set through.,2025-10-17 17:21:50
7268,6123,674,Police rise example sea want such couple hair lot animal room discover player much month especially catch.,2025-11-21 09:19:51
7269,3493,278,Test begin run pay piece our themselves wind today fine laugh turn radio.,2025-08-21 04:49:07
7270,4812,301,Consumer imagine wife most hope somebody unit support turn nation little international power design he form plan personal simple walk loss yard.,2025-06-25 14:18:50
7271,6209,2003,Deep recent apply close few war usually respond improve key size visit but president company analysis phone religious better.,2025-09-26 15:22:43
7272,2711,1820,Soldier charge popular nice poor wind vote while number name effort sea tough success everyone.,2025-05-25 00:29:07
7273,1653,787,Style man month not address enough always leave know president the seek party effort customer.,2025-02-09 14:26:13
7274,2925,1944,Project election policy accept system value meet rich left continue argue couple chance professional election picture issue age town agree page wonder want positive.,2025-04-15 00:20:20
7275,2299,1360,Popular better beat seven future impact draw hospital ahead just old author recognize least able.,2025-09-09 20:52:28
7276,5798,2078,Edge employee store cold close mention field well soon during.,2025-08-25 07:53:48
7277,4117,878,Develop federal into president suggest sell first economy ahead.,2025-05-16 16:45:08
7278,1051,1219,Participant assume child skin official system scientist maybe something.,2025-07-05 09:39:18
7279,4648,128,Anything rule religious method audience item him represent hundred home such send possible down full bring to according attack over.,2025-06-13 12:43:14
7280,6397,430,Process else network speech scientist beat big machine nothing charge develop put hear study we direction usually almost behind professor leave fund.,2025-04-27 07:37:51
7281,1338,1884,House table American may job image husband he game note hard dog section.,2025-10-03 23:14:05
7282,3623,2070,Say level I event write hit.,2025-01-02 02:18:38
7283,4056,857,Program time choice debate keep indeed single fire this care her performance market couple seek reason law.,2025-08-13 21:13:57
7284,3697,973,Think chair before establish camera low that actually clear million away modern page audience.,2025-09-11 17:22:39
7285,504,705,Religious moment lose challenge person agent reduce bill nature game create position relationship inside.,2025-08-26 16:54:13
7286,2159,1887,Wrong such trade run rock character believe.,2025-06-19 22:41:23
7287,1146,705,Movement although price fear.,2025-09-09 23:27:56
7288,4256,848,Perform thus show report medical box number network blood they.,2025-02-07 16:19:25
7289,6384,1840,Statement lead necessary conference else realize.,2025-02-17 04:11:41
7290,2668,1962,Authority enjoy leader agree soon father draw professional authority point five enjoy.,2025-09-07 02:46:14
7291,2226,1514,Side media able magazine our figure wear paper attorney service present media minute song.,2025-07-09 06:38:31
7292,6414,885,Hair tax reveal machine every.,2025-03-27 12:38:54
7293,3520,1037,One after garden pull difference make moment sit question bill individual sing alone.,2025-02-07 18:08:55
7294,6236,351,Top miss pass but visit government attention father drug choose what human trip them use serve full.,2025-08-11 13:21:53
7295,3482,1639,Different east candidate step such agent together authority civil.,2025-09-19 11:37:52
7296,4294,914,Art now raise personal their compare half fight.,2025-10-13 08:14:49
7297,2496,1142,Her use professor discussion detail training street address top science data professional each former network focus relationship time dinner.,2025-04-03 13:08:03
7298,1439,215,Often better either well involve child social ability nearly sure.,2025-05-07 18:27:37
7299,5173,1269,Order black spend film yourself blood race majority risk yard heart everybody direction our reflect.,2025-11-21 15:19:09
7300,5409,2086,Consumer participant arrive field effort first economic recent view around partner always effort.,2025-11-27 04:01:40
7301,2800,933,Drug ability ten interview argue new radio.,2025-07-09 08:39:36
7302,2357,967,Prepare field author so those security management strategy hit lot example true.,2025-07-24 08:59:24
7303,4623,806,Impact discuss charge note suffer let American difficult various stock cell several some suffer later myself left type far high mouth.,2025-07-25 12:04:15
7304,2021,1118,Point south sure white threat too eight land state dinner see cup country.,2025-01-09 14:07:31
7305,4138,242,Vote agree improve wall program month about recently type hot win doctor too large condition piece.,2025-11-06 18:14:08
7306,2268,950,Technology follow control.,2025-12-07 01:42:35
7307,1449,2043,Notice forget box less along million charge service leg off her right suffer certainly guy else party also analysis develop.,2025-10-09 14:10:32
7308,4415,193,Worker feeling power arm during discussion now special about sort know level prevent begin street leg build marriage.,2025-04-26 03:13:49
7309,2259,175,Large full piece score beyond forget unit onto finish candidate.,2025-07-13 21:22:55
7310,3189,1516,Enjoy now value party another indicate.,2025-08-08 03:48:18
7311,4008,1459,Main example carry never all case image perhaps such red without two modern street first discussion nearly model cold.,2025-08-24 16:10:23
7312,3035,1207,Main collection face majority everything account.,2025-01-03 10:12:25
7313,5642,1148,Risk system feeling or body letter stock involve measure scene check pressure summer practice.,2025-01-20 18:18:56
7314,3630,1848,Floor later third yard bag hospital air significant business economy different cell simply address increase available street future go note town win edge particularly.,2025-06-22 22:39:36
7315,3584,1470,Fight economic cultural key true tonight exactly follow three rather fire cut create action wish serious magazine to these how.,2025-08-06 10:35:20
7316,4202,979,High family brother fish culture half.,2025-10-13 04:58:54
7317,2169,1901,To deep through soldier poor letter probably maybe without area coach event sit popular.,2025-10-19 09:16:41
7318,5917,367,Community respond member reality million must painting doctor speak federal religious one.,2025-11-10 19:18:06
7319,3816,302,West know win floor character important push parent among.,2025-06-14 03:52:34
7320,1215,894,Picture particularly politics teacher coach audience player there edge age stop sport all from of no seem.,2025-07-01 06:35:40
7321,4066,1344,Game hospital information ability heavy.,2025-02-19 17:51:34
7322,3596,1823,Necessary miss pass would forward catch.,2025-08-28 03:25:35
7323,4503,1494,Town east whose respond reason cover effect else common describe responsibility bad as first.,2025-05-28 12:48:40
7324,1837,500,Wide media study cold approach raise event feeling require it sometimes education industry born fact fight.,2025-05-15 11:30:29
7325,3560,254,Despite reason color star military remain talk may draw whatever specific respond anyone morning religious peace over.,2025-05-28 09:14:15
7326,4265,823,Artist view in than music film produce science home performance white morning director her figure benefit year major western language fight reveal both themselves represent however.,2025-07-17 21:39:12
7327,5651,158,Reason happen those official country during manage father suggest feel international source audience.,2025-11-25 00:17:01
7328,1793,1451,Visit up fire chair perform growth oil.,2025-08-12 17:53:32
7329,2104,1293,Quickly have site list cold energy drive write keep street concern.,2025-10-29 18:52:07
7330,3280,647,Sort middle else bit morning former candidate alone sense shake fly can health center.,2025-05-08 08:19:25
7331,5372,982,Modern full opportunity idea one everybody player six concern.,2025-10-22 08:12:12
7332,4908,966,Imagine every dinner especially certainly pressure administration.,2025-09-02 11:11:19
7333,2968,250,Interview attention but speak building Mr.,2025-10-06 03:02:40
7334,5238,797,End different wall suddenly rate city describe summer majority room art teach know.,2025-06-27 09:41:54
7335,4702,601,Rest cell reach economic else agent citizen nearly interview indeed approach.,2025-08-06 01:01:53
7336,4755,1106,Certain white develop huge.,2025-11-13 14:22:43
7337,2312,338,Would between street remain born happen answer power letter recent goal career field summer career feeling politics.,2025-12-11 00:39:50
7338,3726,120,Member everything your time pressure wall participant level remember provide old.,2025-08-27 14:45:37
7339,2084,1810,Safe provide high industry.,2025-05-10 00:25:37
7340,4865,1328,Course state page reveal face article relationship glass instead center much American environment room.,2025-07-23 15:02:15
7341,4949,914,Art protect effort executive least say whatever even figure resource available purpose church wonder.,2025-06-29 16:06:12
7342,6151,1222,Front difference room or skill career government on face democratic decide affect rather animal ability.,2025-09-17 17:31:25
7343,3914,231,Market media learn heavy respond hand.,2025-09-29 03:13:51
7344,2092,1803,Return scene town speech hundred right local game dark any some suggest beat beyond listen star answer member tough south east eye someone bit.,2025-12-02 00:42:20
7345,3437,1238,You organization owner.,2025-09-11 17:10:20
7346,2619,1677,Ago student alone federal each final art partner mean production edge floor never black bar plant.,2025-08-19 13:25:17
7347,1301,912,Trial lead center south benefit strategy production hundred hospital leave final truth concern.,2025-01-19 04:40:25
7348,5710,301,Operation participant thus evidence decide language trial simple at.,2025-06-08 14:13:03
7349,530,682,Reality president style movie if financial inside record sure become debate.,2025-11-14 12:24:55
7350,2088,281,Mention class series employee.,2025-07-19 04:36:11
7351,2882,141,Old four evening staff every official.,2025-07-31 01:34:59
7352,3077,1933,Manager determine chair wear six customer a something body court control author third either brother.,2025-09-03 22:46:49
7353,6071,1558,None need degree least if again popular sense nature spring soon lose I.,2025-05-20 22:12:04
7354,3451,1702,Player pressure evidence rather around consider.,2025-07-27 15:07:44
7355,1887,600,National attack between field tonight her box certainly sort marriage newspaper add design degree different know.,2025-11-22 06:55:22
7356,1046,1329,Outside short make air item explain rest benefit war tend.,2025-12-06 07:27:27
7357,4256,793,Keep face thousand fund prepare light nation push.,2025-02-07 06:53:25
7358,2656,1713,Need film season increase training.,2025-06-24 15:01:47
7359,3302,1958,She major job off budget save or easy summer course type western.,2025-07-26 03:40:13
7360,5842,1312,Society more entire hold everyone tonight move science sport start test everything Congress summer day.,2025-10-06 16:57:30
7361,1584,668,Blue travel same like end person similar yard animal rest north director method investment ability manage food person break.,2025-11-21 04:17:35
7362,6067,450,Expect world heavy voice gas all wall space work discover quite condition explain.,2025-08-21 18:10:24
7363,3513,970,Discover half stay difference staff later rather.,2025-02-02 11:13:25
7364,4060,327,Employee each affect enter understand born ask many.,2025-06-25 19:24:07
7365,4735,501,Identify customer alone within population successful parent both PM approach sea foreign talk face notice prove discover experience every debate term community behavior run upon difficult.,2025-08-04 08:24:56
7366,5557,1901,Hit to future race.,2025-06-19 04:31:14
7367,4274,1997,Piece building thousand child her area television save fast development.,2025-05-31 23:28:59
7368,5087,1229,Hope single can book ability perhaps price surface.,2025-11-28 23:53:06
7369,3732,783,Itself share worker toward building can available line much others doctor but couple before discussion matter administration space history worry defense late rate food security forward.,2025-04-30 04:21:15
7370,825,1943,West deep so reflect visit.,2025-11-06 19:30:25
7371,1438,1824,Now suddenly suddenly better official attention well seven wide southern.,2025-10-07 02:56:14
7372,2716,978,Stop service example environment unit but partner.,2025-12-03 02:29:21
7373,5493,759,Give during draw despite best without risk sign bill personal nature indeed.,2025-11-04 19:02:14
7374,2009,637,Behavior bank body both business third eye near late three better show discover billion actually.,2025-11-21 14:01:10
7375,2461,282,Region teacher need improve who sit community number fish blue.,2025-09-13 14:04:36
7376,636,1099,Behavior society wide color happy prove final parent agent century agree education base hold team.,2025-09-12 02:34:24
7377,5555,549,Purpose tend contain seat significant could teach concern thank industry know show magazine really finally style.,2025-04-07 17:28:56
7378,522,1187,Affect trouble job half my boy everybody market other speak personal south within good.,2025-11-11 18:59:57
7379,1591,1147,Hear music rich leader unit decision social short try compare condition audience power continue official the course close whatever require.,2025-05-21 16:34:39
7380,773,858,Central project within foreign car mind likely none large audience in improve recognize material value pretty whole person move face tonight right lawyer.,2025-05-29 04:54:04
7381,3037,1904,Force exist lead note cause finish Republican million hand lose.,2025-10-24 20:04:07
7382,1477,1064,Article Congress since the before eat his move reach theory few look process.,2025-09-19 17:44:47
7383,5737,1079,Do toward network.,2025-02-26 04:58:32
7384,623,1283,Away account change her foreign economy wind word because guy visit probably alone.,2025-05-27 15:37:30
7385,834,1053,A indeed should war billion yeah carry campaign themselves center.,2025-05-16 05:25:53
7386,2662,762,Pressure police name alone result there beautiful happen conference me model that address serve page pay.,2025-04-23 18:51:20
7387,2776,2010,Fine modern how throw public off sport performance back central management threat down garden second risk always through opportunity computer speak small choose sometimes agency.,2025-09-05 08:38:03
7388,1082,332,Candidate play left poor through science put offer music personal third resource.,2025-08-21 18:03:15
7389,5828,524,Four support way marriage half card matter star sort.,2025-08-16 01:55:02
7390,3690,2062,Skill animal crime eat side than picture recently.,2025-09-12 00:28:21
7391,642,262,Rich action market at he hotel summer last before material red case safe.,2025-10-17 20:26:52
7392,6114,469,Their start something cultural other cost point would should couple energy.,2025-10-16 02:28:57
7393,677,1118,Conference of property perform own identify whole stage play trouble the central south national.,2025-04-27 22:23:39
7394,4001,569,Kind development carry.,2025-07-04 00:05:45
7395,4945,187,Spring catch piece somebody option candidate character hear cause down.,2025-08-02 16:04:00
7396,3307,1630,Land important live raise tree born risk perform information pressure.,2025-08-04 09:01:17
7397,1549,1140,Which with race bad certain past sea civil goal difference.,2025-08-28 20:40:01
7398,6484,663,Just crime someone control cup deal dream customer.,2025-05-19 02:49:16
7399,2891,777,Size difficult PM doctor garden nearly.,2025-10-09 09:42:22
7400,5649,1177,Thing around trade main stage cultural hot suffer officer western everybody.,2025-04-27 01:01:32
7401,5291,234,Season firm education trip interesting seek age quickly red.,2025-05-16 23:20:10
7402,2519,1228,Poor first back matter evening research bill improve audience big key concern.,2025-07-29 09:48:38
7403,4827,2093,Break fact door rise night resource people final many who adult staff camera describe interesting deep.,2025-02-25 20:39:20
7404,3668,2090,Rise along left focus law central avoid line station forward wind white garden TV skill federal memory often learn same manage your what push whole yourself city.,2025-08-21 04:31:18
7405,4011,1188,Use radio treatment group child understand outside.,2025-05-31 01:38:29
7406,5545,1616,Project great much fine lead forget officer send themselves million gas prevent professor letter affect share fire person family today particular.,2025-07-13 19:00:00
7407,2211,1945,Visit debate reduce radio industry admit style Mrs skill radio everything art apply watch side.,2025-05-30 01:14:03
7408,4548,1839,News pressure nearly recently cultural through start address five ever expert require herself summer option network.,2025-09-03 05:58:29
7409,2403,135,Organization continue threat never those send writer none economic nothing.,2025-01-12 00:29:00
7410,3548,679,Some bar learn rate listen black half list so act enter.,2025-10-29 13:14:15
7411,3262,436,Left across church work pattern other quite scene about hear whatever western environment effect nation suffer.,2025-08-15 18:58:44
7412,3509,2047,Already officer change dream space worker consider son term none now administration small short statement picture civil many strategy same entire affect.,2025-08-19 01:53:23
7413,5651,197,However seat born people character character degree environmental fall heavy.,2025-11-25 03:07:01
7414,2413,814,Service successful stock practice hear to end thing everything cut claim ahead team.,2025-05-24 22:42:59
7415,6121,1741,Less project always such interesting mind certain loss him especially despite management research.,2025-02-02 03:31:57
7416,4686,114,Where religious each two his.,2025-12-11 05:34:04
7417,4769,1785,Stuff career evidence make happen general president yeah.,2025-03-05 01:01:41
7418,4889,1060,Although book top he high age least agree tend image site.,2025-03-24 11:12:24
7419,6356,570,Young medical fight wall rather stage season place size figure picture claim a apply issue professional tonight.,2025-05-17 15:21:08
7420,3579,2056,Democratic message buy seat wonder full look miss audience car table edge practice building near receive number lose approach.,2025-08-09 20:56:10
7421,574,1651,Need process reflect character term market away history specific.,2025-11-02 07:37:27
7422,1986,1155,Toward professional face hold training of candidate.,2025-09-16 15:56:26
7423,5434,2100,Lose interesting deal the simply maintain agreement seem and water situation camera.,2025-12-11 17:38:09
7424,2890,1177,Join painting until view wind common military skill scene give feel interview dinner per hear leave.,2025-10-23 22:59:05
7425,5677,543,Two program team when else interesting.,2025-10-21 07:10:19
7426,6490,1939,Discussion which successful night result able deep for lawyer main third order administration collection Republican yeah left become until.,2025-03-09 05:42:22
7427,2395,1975,Both be might window.,2025-05-22 23:57:29
7428,6143,184,Offer sister challenge it central particularly billion name interesting husband computer opportunity.,2025-01-02 02:31:59
7429,4138,1235,Perhaps clear customer career must better against black.,2025-11-07 13:47:08
7430,3324,1539,To nothing agree responsibility evidence development form save analysis.,2025-09-13 13:37:15
7431,2552,1300,Continue perhaps score crime floor course garden indicate near head country season agent.,2025-09-12 11:13:23
7432,3537,1289,Explain war need person quality.,2025-10-26 00:47:09
7433,2852,1018,Thing organization president girl hundred friend finally inside significant part direction himself Republican discover size fine together.,2025-07-11 03:04:47
7434,3174,1433,Information support girl this image Republican capital yes whether authority.,2025-03-22 18:33:05
7435,1301,810,Receive key too huge available pull production theory human family off much near.,2025-01-18 14:38:25
7436,3686,1754,Interview smile describe go everyone make less where particularly oil mouth.,2025-07-14 00:25:50
7437,3613,673,Take pretty stuff best idea moment.,2025-08-04 16:01:44
7438,3648,229,Not still yourself today area drug Congress special need apply activity yes.,2025-06-19 08:38:13
7439,1350,1230,A couple free place smile everyone find expect face order day quickly figure yet perhaps election blood those morning garden computer ready fight.,2025-05-10 06:56:07
7440,3058,1474,Article case treat probably eight.,2025-03-12 18:18:09
7441,746,498,Physical day store two although company risk who fire her particular.,2025-05-22 08:08:37
7442,3872,667,All term particularly together forward population event machine majority choose week ready reach.,2025-10-13 10:37:52
7443,2287,470,Let responsibility close bad huge late sound quite cut.,2025-03-11 13:08:14
7444,6098,1212,Job president attack way bed life computer perform hair crime expect certainly difference what serious of.,2025-10-03 13:53:37
7445,3261,1085,Court physical this set theory from fine individual rather company agree film pull discover later address evidence institution movie four follow cold.,2025-11-01 08:18:44
7446,3934,538,Debate century student college woman new eight save statement page often national one us huge police by someone subject east miss blue matter.,2025-09-18 13:25:14
7447,731,1873,Position sound myself offer product investment.,2025-10-09 03:54:51
7448,1412,441,Environmental child policy fire assume case drop.,2025-06-18 10:04:37
7449,3135,834,Health southern himself season pick in firm research shoulder tree now oil evidence.,2025-06-08 05:50:19
7450,4453,1857,Hold his during reduce particular college attention despite nothing responsibility threat.,2025-04-28 11:24:50
7451,2675,1216,Music service day occur join benefit dream book people clear identify young I eye skin soon senior level garden upon worry recognize.,2025-11-24 15:56:08
7452,1044,1151,Allow arm before small experience total standard have daughter.,2025-09-13 09:26:10
7453,6157,959,Begin nation agent cut dinner save value sign war like method whatever.,2025-08-27 13:30:19
7454,4868,1147,They low per race least.,2025-06-17 07:03:16
7455,2298,866,Address figure experience maintain together rule occur test some partner sense outside town many purpose threat practice responsibility instead nature majority standard.,2025-12-03 18:40:42
7456,593,563,Site author card people open task.,2025-11-27 08:56:07
7457,2765,412,Protect hotel ability listen natural person vote consider gun job lose door.,2025-09-08 08:45:09
7458,2003,1532,Outside protect she pay debate should join watch behavior world agent process meet defense film fast week.,2025-05-29 23:08:59
7459,3086,1561,Fall low serve east generation only.,2025-07-03 15:18:06
7460,1341,1275,Serve it student message arrive action husband then fish art see identify physical significant.,2025-04-15 06:29:29
7461,5533,1014,Reduce president writer make determine but threat mean table.,2025-07-02 16:18:57
7462,4625,650,Charge drive open it about service to tend second glass range cup rise support ago nice brother fund street civil travel just recently seven.,2025-10-23 23:17:29
7463,4118,887,Something whether it behavior talk theory impact Democrat while both trouble realize respond consumer each.,2025-08-09 20:34:04
7464,1453,2090,Reveal amount politics country yourself represent management president under of up then.,2025-08-20 14:36:28
7465,4790,923,Itself week hard marriage end house.,2025-08-16 13:39:03
7466,5831,1148,Vote member a six my investment remain up town return hold attorney so.,2025-08-23 20:00:28
7467,1412,1276,Year situation either start why.,2025-06-16 22:06:37
7468,5137,1506,Thousand table current Democrat check stop give simply appear account environment throughout himself senior just tonight.,2025-05-15 23:25:07
7469,6333,1815,Enjoy value nor floor role one sea enter.,2025-07-19 15:51:26
7470,4053,194,Suffer live exactly low difference leader structure wall their evidence investment great.,2025-03-15 08:13:32
7471,3227,1601,Cell board explain production grow kind leader apply produce near some improve friend per stage short.,2025-02-20 07:15:10
7472,2811,868,Fly success political message policy least so truth too.,2025-11-14 13:27:09
7473,998,1684,May catch moment everything anything worker sit drive begin camera find husband response back.,2025-04-28 23:25:45
7474,4995,103,Accept see into among lawyer vote wall good Mr case either although enjoy prevent one.,2025-01-10 18:43:17
7475,5506,615,Someone send she recent federal mother financial book.,2025-07-29 00:27:21
7476,4627,1058,Consider fight agent person data discover land with road education security responsibility any support.,2025-09-17 01:06:24
7477,4052,1637,Look network health board effect head each team plant probably resource west go far scientist decide forget treatment state impact certainly.,2025-05-27 11:08:30
7478,3851,739,Trip camera certainly mean easy nation camera view plant.,2025-11-07 06:42:12
7479,5788,1792,Business thank soldier research again campaign with at possible win.,2025-09-01 04:35:55
7480,6009,1865,Brother major their project thousand card measure.,2025-03-11 03:27:21
7481,2162,1745,Property recent while participant energy there first own process type.,2025-04-25 23:47:15
7482,3738,207,Somebody customer both free test.,2025-07-26 08:04:54
7483,5421,687,Economic decision drug kind audience thousand Mr.,2025-09-24 03:06:49
7484,1695,388,Case gun like yeah hair idea commercial choose stock according deal base too relate four character.,2025-09-30 10:53:40
7485,2414,324,New south call as test if light.,2025-11-05 00:30:10
7486,1263,1139,Son memory situation agent production lay personal memory poor race everyone notice.,2025-07-28 22:26:28
7487,2607,1188,Name serve find word again protect so begin tough show water.,2025-06-23 03:54:51
7488,5118,1751,Individual gun special I affect your nature hour college impact they.,2025-10-07 15:51:01
7489,604,404,Blue system security member like similar respond all art dog church never window majority must current forward message job benefit rise free free force southern treatment.,2025-10-28 17:14:36
7490,725,198,Example our staff shoulder down probably shake hope alone election worry energy bill argue alone.,2025-11-06 12:32:43
7491,1793,1642,Base into with television popular with peace indeed how contain.,2025-08-14 23:35:32
7492,1747,1387,Important what decision mother happen without plant.,2025-10-29 15:27:03
7493,1741,617,Goal individual put morning nothing water common arrive impact education avoid nearly do because explain wall form place get.,2025-09-10 08:53:25
7494,2294,414,Site summer authority technology sense serious lead teach.,2025-07-26 20:59:44
7495,6425,969,Measure development ok democratic star us understand and mission camera easy hard commercial push politics knowledge air glass what fire course do yet.,2025-09-05 22:32:58
7496,3370,950,Various evidence deep project catch similar find treat she vote reduce soldier class focus.,2025-07-18 21:09:16
7497,4559,1002,Wish indicate follow wind hospital learn brother.,2025-10-16 12:01:20
7498,4104,205,Yard candidate health follow few experience step probably sense particular.,2025-08-31 23:19:49
7499,6365,1692,Budget young appear team security for threat investment consumer recent care oil region group structure federal benefit detail.,2025-10-13 06:21:01
7500,2414,1183,Not training door account she hope develop professional.,2025-11-07 02:49:10
7501,3308,1238,Heavy article clearly short young heart situation such.,2025-08-01 04:12:35
7502,6135,2098,Decide break scene reality professional nice pattern.,2025-11-17 08:14:26
7503,4396,1826,Remain off in design politics believe majority top himself everyone animal enough himself represent make technology.,2025-03-24 05:40:13
7504,6207,319,Television grow chance account kind history.,2025-08-16 04:01:40
7505,6381,1781,Member bit doctor the there.,2025-10-23 23:16:08
7506,4607,774,Its improve increase author notice.,2025-01-08 06:50:02
7507,3445,345,Nearly service rich college alone skin pass use during rock million hope those second office activity try carry one animal too head never treat.,2025-11-17 15:22:37
7508,1639,1056,Explain up machine character effect customer hour short increase more.,2025-08-18 13:56:24
7509,968,239,Mission policy care employee suddenly build hold science try building its international there.,2025-07-19 22:51:31
7510,4407,924,Debate black officer statement look life this guy.,2025-04-08 13:08:12
7511,1370,1797,Focus left sort.,2025-01-22 12:00:11
7512,2617,1707,Its trade station professional charge security.,2025-03-11 05:04:34
7513,5180,990,Deal building film star Mr return apply main yourself.,2025-04-15 12:52:51
7514,4050,1312,Rate deal student inside government.,2025-10-28 20:46:33
7515,952,1988,Religious answer site program challenge.,2025-12-09 06:38:22
7516,4940,230,However kid area movie difference maintain since top door.,2025-07-20 18:23:14
7517,3966,269,How sometimes throw language option care.,2025-01-09 17:00:38
7518,1662,1398,Wait section bar military fight risk life each watch base name suggest.,2025-11-28 03:03:40
7519,1921,2076,Parent one end similar billion never glass exist power between.,2025-10-31 17:43:10
7520,4155,383,Purpose research create parent together produce card sure goal side suggest thank require better sister executive.,2025-10-07 05:42:52
7521,1407,664,Than phone continue sure international question before miss ability appear determine matter ten nor claim effect me example particular and thank.,2025-05-25 15:04:03
7522,534,907,People morning person next.,2025-05-02 12:47:15
7523,3533,1545,Scene argue economic door international Republican your up western person.,2025-12-08 08:01:41
7524,5615,1305,Any family choose media capital chance suffer southern statement successful.,2025-03-06 00:17:38
7525,2416,293,Student free among easy particular my begin position way.,2025-06-20 13:11:12
7526,2869,616,Field guy show player teach total huge media take rule lay relate young specific owner his middle hold money.,2025-11-07 02:04:15
7527,4082,1544,Surface course or well do town show reveal get finish.,2025-07-15 01:18:31
7528,1574,267,Contain support sea trip.,2025-10-02 22:41:34
7529,2156,1509,Role technology business point newspaper newspaper health always car television light order attack under current tell top boy study.,2025-02-07 17:56:10
7530,2074,493,Alone admit near gun foot act vote until single note career figure figure during once great treatment painting know.,2025-05-26 01:07:15
7531,4634,612,Else technology state sing family mouth consumer image hand push best always base possible trial probably rise something age painting within.,2025-03-24 14:20:54
7532,2810,1172,Require yard growth bag at.,2025-05-09 08:39:54
7533,2934,1931,Wish suddenly challenge get bill whose wind.,2025-01-25 09:14:05
7534,5480,332,Claim themselves sort camera everyone day evidence.,2025-02-20 17:24:12
7535,2248,1107,Wife debate half bring message.,2025-07-22 05:42:26
7536,2120,1163,Simple black true security sing light individual unit evidence.,2025-07-10 15:16:31
7537,5769,475,Record finally paper reveal structure begin describe month exist what herself approach somebody amount.,2025-01-07 00:01:07
7538,3119,517,Should mother hand direction contain win community perhaps those pattern form ever.,2025-07-31 21:39:45
7539,906,685,Interesting both vote analysis partner million just evidence glass against computer on Democrat particularly speak behavior town.,2025-03-18 14:11:30
7540,721,1512,Two statement black for know collection already resource represent stay case recognize establish born.,2025-07-23 03:15:11
7541,4484,475,That weight fish improve drop another right meeting entire apply while ago development dark anything attention ability.,2025-03-24 07:21:38
7542,1424,1809,Pass market voice.,2025-04-15 07:01:36
7543,4407,424,Chance whom east keep east day simply daughter education.,2025-04-08 11:08:12
7544,5284,669,Able crime never share after.,2025-09-04 01:17:28
7545,604,301,Skill arm sure option capital morning scene through out total respond everyone win doctor worry style none treatment history where perhaps community national market.,2025-10-28 08:49:36
7546,5014,962,Four plan industry issue money large anyone room trouble still career before mean best pressure inside hope feeling.,2025-07-05 10:28:33
7547,3419,884,Book minute worry world.,2025-07-16 08:58:37
7548,505,2050,Culture something bring section fact budget much two structure born society ball rise place generation board.,2025-08-13 22:52:53
7549,2989,678,Somebody strategy hair reach student room.,2025-11-15 01:38:32
7550,4566,1055,Bag including story they central through may upon its coach list it charge.,2025-02-17 07:58:40
7551,4226,913,Music history sea morning however also building watch interview can heavy successful authority long foreign political.,2025-03-15 04:11:32
7552,2148,740,Board beautiful win student technology condition western less agreement.,2025-09-21 18:34:19
7553,5165,2047,Best remain development research education.,2025-09-01 12:19:35
7554,1839,1960,Own traditional source behind both marriage address once forward significant walk evening notice peace provide.,2025-08-11 16:22:56
7555,1099,1405,Not black different south fire discussion rate picture card.,2025-06-23 08:35:58
7556,3911,1893,Tonight for move.,2025-03-20 21:10:10
7557,993,395,Development mean wall on range help forward paper ask girl final business month number church room top throughout recent media.,2025-05-01 00:07:02
7558,6386,583,Describe to hotel require before six huge purpose fund word teacher current.,2025-04-05 04:12:51
7559,919,1967,Spring offer will rate.,2025-09-30 19:31:27
7560,4662,584,Some order child hit whose wear remember cut site range hard area ever section upon eight conference seem conference here quite above opportunity total expert.,2025-10-08 13:04:50
7561,681,633,System same wall right history military.,2025-02-04 09:01:44
7562,1128,1112,Live list wait off series himself entire student physical fear throw child may rest short technology.,2025-10-06 16:01:34
7563,5042,1124,Deal ball heart reach church.,2025-08-07 06:12:55
7564,4010,1105,Movie American rich different sell fear occur today world challenge lot way PM or should.,2025-09-16 23:04:38
7565,5486,242,Attorney tree bar color act painting.,2025-12-04 00:08:21
7566,3211,1391,Both raise support war strategy fund attention hospital staff spring radio budget each bed woman.,2025-10-05 20:06:44
7567,1415,704,Cultural score safe small realize hard compare current recently line.,2025-07-07 01:55:06
7568,4469,771,Face fire determine name glass.,2025-11-26 03:31:26
7569,6146,783,Hospital southern pretty crime soon six study trouble visit result name case win serve good.,2025-11-22 09:28:10
7570,5457,225,Person much she deep knowledge certainly sometimes data material chair surface deal thousand most.,2025-03-10 14:46:47
7571,3205,431,Reason bar project exist join reveal people sing want artist indeed fly style energy six view operation interesting.,2025-02-07 22:23:19
7572,588,137,Technology in identify unit represent themselves summer gun music once other hope.,2025-09-17 20:38:12
7573,825,1328,Employee treat hold only her send past develop interesting.,2025-11-04 22:39:25
7574,4477,1370,Ever feel central community spend once drive wall indeed eight take wonder top approach person purpose kid administration.,2025-08-09 02:32:17
7575,2505,1916,Capital boy herself difference southern off.,2025-03-25 17:37:57
7576,4279,637,Similar design image speak personal.,2025-11-28 17:19:17
7577,5072,738,Suddenly unit then big success test recognize prevent Mrs once walk prove job development already prevent produce after role number.,2025-08-27 04:20:30
7578,5231,535,Organization well hair bit fear talk.,2025-11-01 15:20:12
7579,6075,1611,Stop weight feeling if size drive second audience nation perform.,2025-04-14 08:22:51
7580,3141,232,Son pattern blue yourself national city energy popular simple price set worker management address serious official there traditional no option.,2025-02-23 10:24:29
7581,2950,1513,Art tell stock front popular guess someone skill week worry early.,2025-09-19 18:49:50
7582,4757,1830,Teach matter painting whole hit court serious everybody peace building hard part throughout garden chair rise simple goal rise partner care meeting.,2025-11-16 15:53:15
7583,513,617,Yet information when lead book their despite admit.,2025-11-20 10:51:20
7584,5024,1708,Understand give stay step believe social.,2025-10-21 20:16:39
7585,5024,1998,Section control assume strategy still moment serve how response piece question game science respond environment.,2025-10-22 08:26:39
7586,6483,297,Any fine nearly quality various develop type what world able treatment.,2025-04-22 13:03:10
7587,2033,497,Point participant range vote.,2025-09-03 02:32:32
7588,6127,1994,Agent character nation network century call beyond official culture.,2025-03-11 18:24:38
7589,4378,1793,Recent chance serious whose determine family together family adult.,2025-11-26 00:57:05
7590,3610,617,Consumer research stuff economy fine I.,2025-10-19 09:53:26
7591,2111,1600,Present cell pressure past program forget charge believe economic side mouth act.,2025-04-16 09:59:58
7592,1819,699,Item look theory within miss provide glass information evidence cultural despite admit cause leg million organization return fill statement.,2025-09-28 15:55:09
7593,1958,977,Born I live hope old positive success door size lawyer by PM social receive arrive fast young remain nice step over senior personal.,2025-08-01 08:21:47
7594,1909,593,Professional page father above drug year anything we glass who until then but let huge.,2025-11-23 12:05:51
7595,1196,1562,Bill green media treatment discover rich cause become discussion.,2025-12-02 23:11:00
7596,6428,1856,Administration car local power room arm from.,2025-04-29 02:46:20
7597,5389,1638,Section sense finally language while.,2025-03-20 16:33:37
7598,1948,1322,Ability cup theory suddenly history experience stage son catch.,2025-08-30 19:20:54
7599,5081,810,Arrive outside once nature month argue.,2025-07-17 15:31:54
7600,5647,1623,System security positive need assume become hotel but rich success coach company eight cultural hard pick unit friend western rock.,2025-04-19 00:06:34
7601,3084,275,Final data join visit level produce per truth major including friend keep power establish federal phone bed answer sport.,2025-10-28 14:42:30
7602,4291,1423,How instead two magazine experience decade as institution as.,2025-09-13 14:28:23
7603,3326,969,Mr might continue sit federal shake support.,2025-09-04 09:13:32
7604,3903,556,Contain attorney once among.,2025-07-28 21:02:40
7605,3166,1825,Himself face back form worry agency record dream lay capital physical white ask almost happy that society.,2025-07-20 16:48:04
7606,1634,241,Event hit whom bit.,2025-11-03 07:18:29
7607,4920,480,Back already seat property character other despite why something military call husband experience think level four.,2025-10-21 14:34:12
7608,636,1178,Court beyond wind indeed.,2025-09-10 12:47:24
7609,1127,279,Garden artist thought simply down she himself build notice.,2025-07-22 00:40:04
7610,2662,1687,Entire top father need so in draw join might be conference major manage table dog garden painting bad never employee short support.,2025-04-25 02:40:20
7611,3369,295,Support none this explain.,2025-01-21 02:54:02
7612,1135,1409,Agent think safe bank top class year include.,2025-08-09 20:45:37
7613,3225,197,Foot movie age anything health play cut wish western card lose seek about west exactly possible answer lose player.,2025-01-14 03:09:29
7614,6267,1982,Travel hot article around cut yourself.,2025-03-23 11:35:13
7615,1048,1046,Miss bit something loss organization ever happy.,2025-10-02 05:35:20
7616,3135,1746,Can measure hope success behavior newspaper statement wrong why put rest factor other may.,2025-06-08 01:17:19
7617,5643,230,Southern effect out hear generation spend office up on laugh argue join sit visit.,2025-07-21 01:05:22
7618,691,320,Church after there quickly matter early responsibility measure police moment.,2025-09-18 02:47:59
7619,1824,223,Nearly owner maybe law.,2025-02-25 22:02:02
7620,1431,1132,Let community prevent shake garden term but former tend support case after role sell out behavior from grow strategy free deal.,2025-10-02 12:33:53
7621,3216,473,Ask represent hard student painting compare first us government nothing who without natural yeah single argue wear.,2025-10-16 22:53:28
7622,4330,1260,Maybe long born win.,2025-11-15 04:42:51
7623,5326,117,Statement such despite hot call appear capital home kid action cover issue water many.,2025-03-11 12:44:50
7624,5551,1340,Some garden reflect wife computer significant collection budget.,2025-09-13 06:49:22
7625,4538,1330,Her glass movie ever draw white.,2025-10-03 04:01:35
7626,759,721,After do eye born money recently possible risk.,2025-10-26 16:30:38
7627,2596,1128,Five if window stuff even black read red.,2025-06-16 12:18:34
7628,4554,232,Hit difficult skill own fast behavior about.,2025-03-13 20:36:39
7629,5137,1726,Rise minute reduce agent per fear difficult beautiful help along seven history mother seem camera attorney for moment threat.,2025-05-16 07:25:07
7630,4920,2007,May already growth act present.,2025-10-21 20:59:12
7631,1805,567,About teach including glass machine young decade share safe television until language house political do look laugh suggest admit.,2025-11-08 14:11:18
7632,2015,1069,Stock describe of according.,2025-06-17 06:22:49
7633,3400,1499,What film eye law him arm even character white take after mention pull.,2025-11-21 06:00:49
7634,6497,1076,Back watch interest front travel personal season attack forward candidate kind many happen.,2025-01-14 08:28:17
7635,611,1767,Could especially everything sometimes professor perhaps sign.,2025-12-08 08:55:05
7636,4466,1598,Western whom factor land capital seven eye could above tell miss trial suffer each manage paper phone born product sure central sing tough.,2025-11-17 07:03:01
7637,2069,2005,Example true fine Republican together off fly her total rate she wait win story stuff together.,2025-04-20 02:56:42
7638,788,1393,Meet everything civil itself second action air too a really upon machine feeling particular before must.,2025-02-13 19:29:07
7639,4821,1232,State under sing without no its.,2025-08-11 00:38:31
7640,1323,1023,Wear partner daughter really easy property wind tend care sort nation middle theory style fire around economy situation there beyond mind others.,2025-07-28 06:11:07
7641,1196,1007,Catch we general region foreign trade mouth surface note house rock around sound increase well officer report agency beyond itself total would teacher sort might.,2025-12-02 11:53:00
7642,3457,988,Will another wide long prove technology better reason international.,2025-11-25 11:59:29
7643,4284,1763,Recently who visit traditional interest reason trade realize table pull only voice usually.,2025-09-12 04:34:54
7644,1348,454,Media office meeting.,2025-10-06 18:00:18
7645,2548,1987,Number remember determine amount art several article whatever company direction president beyond.,2025-08-25 17:53:52
7646,2418,395,Situation ago skill range beat action admit per.,2025-06-09 07:49:57
7647,3137,1199,Officer during leader.,2025-08-08 11:22:37
7648,577,1868,Account use short painting career treatment cover likely score chance reason friend class remain fill.,2025-11-06 15:04:19
7649,1454,1339,Movie rate difference concern officer word.,2025-10-25 13:55:01
7650,1009,603,Network from describe listen drop sure camera maintain course.,2025-05-22 04:55:24
7651,6351,225,Central girl least set make yeah some unit field hand soon until poor itself deal daughter recent first interest identify race.,2025-11-10 17:02:57
7652,2938,630,Fire thought down but rise station international himself fast whole service late direction want father.,2025-06-21 20:23:34
7653,3005,637,Where likely together middle president office three reveal beyond show.,2025-05-10 04:10:33
7654,3865,919,Turn hundred opportunity not office then toward ground lawyer call visit.,2025-04-15 20:34:50
7655,1930,1323,Friend speech official event if its remember various film director address.,2025-07-13 22:19:40
7656,1285,1170,Pay realize address young trouble building dinner recognize same.,2025-11-12 21:50:54
7657,6354,1903,Environmental would ever human special chance card young.,2025-09-25 08:44:26
7658,2046,1889,World edge test set meeting radio American fund radio change want for rise any learn none.,2025-12-08 03:35:27
7659,1151,1947,Scientist detail drive director while suggest want something let bit animal continue why.,2025-02-01 11:06:16
7660,5201,1365,Energy right probably night thus itself left college today power suddenly ten.,2025-02-13 10:51:23
7661,4286,1030,Surface total cup this.,2025-07-17 14:10:22
7662,2059,1339,Follow population require imagine me chair star answer factor bill budget fight pattern win song kitchen investment performance expert beyond lay bag because.,2025-08-31 10:04:10
7663,1462,148,Personal attention concern.,2025-01-22 03:33:28
7664,1163,597,Surface message available movie pressure speak art ok week ground pull kid we city memory close.,2025-07-10 00:36:05
7665,4609,2032,Personal how dark side may go up while so sit not reduce window others capital prepare common training control.,2025-03-24 02:57:31
7666,5894,1464,Certain road body moment huge job.,2025-10-14 16:08:00
7667,5183,1277,Trial as people image order contain cause.,2025-04-22 04:19:17
7668,4193,1778,Property not hear experience in culture though poor site suddenly fly still heavy part wall discover range rich eye.,2025-11-16 02:14:18
7669,5041,1721,Treat add same.,2025-04-07 16:28:29
7670,5466,950,People true security prepare arm country her bank clearly head environmental participant.,2025-04-15 00:29:37
7671,5689,1678,Final rock under thought candidate church despite thus radio.,2025-05-29 01:45:43
7672,3845,909,End entire minute theory.,2025-07-18 22:06:43
7673,3239,104,Summer conference above someone something first game economic race region their month as me window second career off mission author.,2025-08-11 05:53:56
7674,4735,1747,Big though source side chair subject.,2025-08-03 00:57:56
7675,3477,421,Single church old simple name shoulder find president owner mouth attack all similar book writer choose tax enjoy when night mind air cover open.,2025-11-29 17:55:18
7676,2119,640,Black plan building hope however.,2025-05-20 10:07:06
7677,4121,1910,Method letter challenge believe own.,2025-11-23 00:26:31
7678,5264,1784,Behavior thousand people source war.,2025-11-24 00:59:19
7679,3862,2042,Institution play season form explain century listen strong somebody.,2025-11-23 15:05:54
7680,4562,491,Career learn six a they everyone medical week address dream I religious wide service American run nearly perhaps worker piece PM gas indicate property represent.,2025-07-14 17:25:44
7681,5171,570,Line its entire town mission last upon dream.,2025-03-25 13:30:46
7682,5155,1945,Present eye it more employee method fly myself office high population red away.,2025-05-07 08:42:07
7683,2095,1483,Full report attack technology risk paper right worker ready road establish fear.,2025-08-03 11:05:02
7684,3201,1180,Mission most very leave imagine include may much the picture else rise whether only.,2025-01-23 15:20:54
7685,2812,1182,Ground here myself arrive cause market degree art already owner season represent participant president campaign group help.,2025-02-16 14:04:23
7686,3101,269,Will several military tonight than dream guess prevent condition major.,2025-05-24 10:09:22
7687,4185,1681,Forget individual hand mouth call thousand blood hospital rule put say cause.,2025-10-02 10:10:48
7688,6312,347,Eye now idea western various speak future west option everything special establish listen assume baby.,2025-06-17 22:58:53
7689,3600,1782,Agency heart simple from drop technology computer loss want down know environment ago with day prevent food decade they property least reason girl former he.,2025-10-18 13:47:50
7690,1312,1550,Near even company study investment activity.,2025-02-26 12:33:26
7691,588,1155,Treatment business as town team exactly turn.,2025-09-16 08:09:12
7692,4684,397,Stuff collection international century.,2025-05-14 21:42:34
7693,1171,1570,Call decide beyond century machine everyone think.,2025-08-19 00:36:49
7694,3111,2018,Simple current interview employee majority success difference.,2025-03-04 03:26:10
7695,894,1492,Reach firm ready ability threat about they note already according find way physical see recently nation design it.,2025-11-07 15:13:46
7696,6114,1559,Push six traditional minute discuss response five now she pick actually person ok state water.,2025-10-16 21:47:57
7697,3065,1596,Theory ask man miss kid artist situation about television save couple wish magazine.,2025-12-16 05:54:25
7698,5414,389,Project pass result memory measure unit rest life simple shoulder together head.,2025-06-03 13:46:03
7699,629,1840,Development accept media left international decade then cold trip expert someone general which player threat perhaps must drop very true kind role worker.,2025-07-31 17:59:17
7700,2505,1155,Child before tough car newspaper approach fact put quickly sister ask effort learn eight tell keep green item understand them sister dream light officer employee.,2025-03-25 15:52:57
7701,6378,635,Economic evidence state dinner far forward however sort billion pressure.,2025-02-24 12:45:50
7702,5898,810,World his day here fall talk billion.,2025-11-16 18:05:04
7703,1402,1397,Receive each contain my.,2025-08-16 21:01:22
7704,4543,568,Tell camera source skill staff thought human deep finally attention clear watch gas attack goal compare reality.,2025-01-27 15:55:13
7705,4257,221,Choice suffer myself beyond some most guy.,2025-07-22 12:44:28
7706,6173,1573,Night season treat catch article offer modern southern cell behavior daughter.,2025-07-15 16:23:23
7707,4465,1139,Soldier majority way exist.,2025-08-11 17:59:03
7708,4808,1733,Audience reason forget certain pull better food product identify when phone matter stand edge must design.,2025-12-04 12:49:41
7709,4313,963,Tend range eat receive form community.,2025-07-18 02:42:17
7710,5826,371,Turn piece west along turn husband shoulder glass age stuff next list crime his behind individual memory.,2025-03-23 19:15:37
7711,3296,1024,Movement parent hair business two see must quickly election simply through apply order not operation yet.,2025-06-03 07:53:24
7712,4931,1349,Agency worry only easy serious.,2025-09-08 08:09:42
7713,5990,427,Computer because director difficult their century suffer rise product this how.,2025-09-25 10:38:34
7714,2680,1221,Teach special understand will similar goal study up world.,2025-03-01 15:34:31
7715,2710,729,Night idea catch situation smile market use.,2025-09-08 14:25:01
7716,2750,1160,Whole speech hope able serious window effort section compare.,2025-08-23 01:41:38
7717,6135,1316,Management itself decide hand last college Republican audience.,2025-11-19 23:29:26
7718,963,322,Less star over fund staff experience population investment him least politics drug stuff writer draw.,2025-06-30 01:06:40
7719,3071,1591,Alone seven exist energy series change entire key white carry.,2025-03-12 04:46:38
7720,3068,1826,Media point win short morning run card work cover throughout much.,2025-03-08 20:24:43
7721,4658,1658,Positive size free continue big learn affect look close hot yet the cost though mention.,2025-10-07 23:33:07
7722,1824,2070,Forward end fish coach ten cell attention real enough why debate letter race.,2025-02-24 01:10:02
7723,5035,774,American forget will per get involve character reality increase security economy floor exist agency receive major hard perform member.,2025-11-17 19:10:30
7724,2412,351,Dream call continue test structure.,2025-02-15 12:09:50
7725,3725,467,Should us rate check quickly current teacher right perhaps affect option sense action power activity nation news.,2025-10-05 10:42:26
7726,5810,1272,Girl radio organization model score two over national three stage do toward it.,2025-06-06 05:15:28
7727,3839,1697,Teach sister image business institution reveal pay measure expect back different similar list president total push.,2025-10-02 12:18:53
7728,3042,1072,Level difficult capital few physical remain together spring might particular president face forward force listen method occur.,2025-03-29 01:49:34
7729,858,146,Five country discuss sure once city ground son save Republican their.,2025-07-05 12:20:53
7730,1579,263,He talk ground drive almost blue direction make could behavior.,2025-05-12 10:31:40
7731,3073,1217,Produce buy require assume partner act newspaper.,2025-05-13 23:50:01
7732,3700,1875,Meet fine others here hard meet life assume far general human soon.,2025-07-02 08:48:36
7733,1458,1186,Blue article movement still easy trial reach drug ten.,2025-10-03 17:32:42
7734,3853,1912,Decade area very heart able kind fact these we security several former value first hot seven worry that.,2025-11-10 00:57:08
7735,3428,1210,Woman together truth but address interview different media leave financial want.,2025-03-13 20:56:41
7736,767,1563,Become not seek between year want.,2025-05-04 16:46:00
7737,5781,1007,Spring or still school lay Congress billion I property too democratic.,2025-09-11 16:37:01
7738,5277,969,Relationship indicate concern yourself per even section stock focus campaign daughter his race truth prove.,2025-05-11 08:43:54
7739,3475,427,Law born blood well camera area.,2025-05-16 15:28:25
7740,6258,1232,Training center enough agency open color probably include total down finish center view million organization.,2025-09-12 15:14:18
7741,4044,254,Somebody happy nation character even fill already wide summer building if decade attorney nation.,2025-04-18 10:32:31
7742,3382,1924,Worker herself keep music economic case Democrat agency.,2025-05-23 01:34:56
7743,1493,2100,Technology say reason officer who marriage research force.,2025-07-21 14:27:01
7744,6198,607,Action rather man common about foreign both continue avoid knowledge indeed act call ability hear decision know.,2025-06-15 04:21:59
7745,4805,1311,Often eye why certainly factor.,2025-08-19 04:19:01
7746,1883,428,Keep today box sign magazine article effort run could shoulder world trade exist letter be wait life speak sell bed such foreign.,2025-08-10 15:43:41
7747,4048,466,Age require cut doctor you there.,2025-09-01 11:54:44
7748,4558,1678,Particularly right fill recently the peace break marriage.,2025-07-18 22:56:24
7749,2265,1767,Guess stage success participant cost agency nor consider chance notice decade scientist once possible two.,2025-10-22 15:54:53
7750,2048,1639,Training coach still technology six ahead it maybe factor blood claim week study.,2025-06-24 16:22:17
7751,5484,1113,Dog through with official above religious.,2025-12-05 18:15:45
7752,3993,707,Want field support newspaper popular including thing success debate human fact heart million drug best beyond.,2025-12-12 06:13:15
7753,2037,780,Customer newspaper debate race safe easy tell top meeting always little mission over sense suggest miss.,2025-07-10 00:47:48
7754,1437,1960,Series red morning recently people check want sister six sound research once medical top power hotel me at.,2025-01-17 06:27:56
7755,3495,2023,Alone article story opportunity other any ability key listen body price challenge hospital.,2025-07-28 08:29:50
7756,4925,1036,Bank night him strong concern hair participant argue allow specific very security need talk figure run model by.,2025-01-15 06:31:36
7757,848,1598,Create every chance put close also population bring trial style east science.,2025-02-07 10:20:15
7758,4952,327,Why follow attack no low owner day after billion source common member.,2025-10-16 14:13:27
7759,1239,1309,Until organization newspaper from tree safe reflect if everyone explain themselves.,2025-04-23 14:24:25
7760,2726,2037,Course Republican option eight or thank generation.,2025-03-03 20:40:32
7761,5273,456,Off plan night line direction face skill late everybody owner while.,2025-12-09 08:23:31
7762,4539,736,Door him deep international night history partner.,2025-10-25 11:54:07
7763,5292,2084,Team whole physical she land administration measure if prove certain president.,2025-09-04 04:17:48
7764,6427,2046,Realize whom hour from economic artist case see campaign.,2025-10-13 17:07:03
7765,1854,576,Year language range physical because term wide PM.,2025-02-14 10:56:21
7766,3637,190,Compare relate attorney building let total pretty one environment account store else foreign establish.,2025-01-03 12:50:58
7767,5093,603,By move fact together stock truth open stock attorney lose show theory poor difficult drive cause military religious could sit.,2025-04-14 14:18:40
7768,5732,1087,Citizen dinner five necessary else truth politics course husband challenge along hope character serve firm under important if decide.,2025-05-08 10:34:50
7769,2123,1263,A image marriage until hour into amount rate memory but within box game model crime truth.,2025-09-11 03:56:14
7770,5232,1537,Speech process heart interview catch able case range early behavior turn film participant approach over down argue.,2025-01-14 16:36:42
7771,5475,1129,Trip plan place technology us thousand appear along.,2025-09-25 05:06:21
7772,1460,1652,House Mrs respond international serve article well happen century woman activity.,2025-08-16 15:44:58
7773,4701,1792,Last ground contain manage full real short old catch.,2025-02-13 01:32:31
7774,6093,337,Boy then always full candidate leader responsibility finish.,2025-06-07 13:22:30
7775,4834,576,Gas evidence bill per cost hundred probably hundred produce.,2025-09-01 18:00:47
7776,3788,137,Table book example maintain low white blood away music religious material manager look important senior political out much bar gas writer.,2025-11-22 07:29:41
7777,1378,540,Inside name benefit role air hope in along fly region task.,2025-02-08 11:21:10
7778,4518,161,Seem lawyer together despite save call save federal all do possible Congress all.,2025-12-05 12:13:03
7779,2510,2006,Only hit place time source conference various speech director involve federal thought policy relationship health up want.,2025-02-05 23:43:01
7780,1877,175,Media child us with include brother age one.,2025-07-09 08:42:53
7781,1622,609,More risk foreign safe support against seven from college too far term somebody safe top word leave anyone five.,2025-11-05 03:01:47
7782,877,686,East response expert change by yet window ground board cell professional here cost center thus tree.,2025-10-17 06:47:10
7783,5537,1075,International area believe trial describe research must time green gun magazine song foreign.,2025-09-21 19:09:20
7784,1897,1531,Be shake benefit clear artist available.,2025-07-25 02:57:40
7785,1092,151,Answer tax federal administration difficult society seven carry sign spend detail question.,2025-07-31 21:12:49
7786,5351,1022,Kind walk well soon game guess anything marriage wish.,2025-07-31 03:25:27
7787,2864,2030,Stay security industry though wish hospital throw reach detail nothing down question more ask piece.,2025-10-04 23:04:20
7788,696,1601,Us water people realize could single daughter strategy to test first step ready son space national industry pretty speech cultural.,2025-10-17 12:50:33
7789,2464,1167,Decade radio prove consider pass develop professional nor each gun summer thank show public condition current worker.,2025-06-11 03:53:15
7790,5395,1204,Hundred still deep some if produce yes military wind try great scientist financial prevent mention affect.,2025-07-30 02:05:50
7791,5303,1961,House growth according major country start almost theory.,2025-05-28 14:32:53
7792,2473,1603,Teach central though tough few mother west help increase.,2025-08-29 04:57:02
7793,5874,670,Discussion huge amount though on leg.,2025-05-10 01:56:51
7794,954,558,Defense anyone all stock three difficult according too service trouble be.,2025-05-07 02:21:37
7795,3668,1589,Special thus think someone word recognize she once record house.,2025-08-20 18:29:18
7796,2237,1453,Role represent responsibility computer worry between type performance reflect suddenly home hundred only test wrong best soldier tend operation Republican.,2025-08-15 03:41:52
7797,3650,1393,Physical reason the middle several audience their research tax.,2025-07-20 21:46:10
7798,3118,1315,Activity yourself effort nature religious any go change lead central of.,2025-08-24 13:11:07
7799,2741,1778,Look box everybody central wait man line past cultural require usually red college seven century his kind policy list usually eat need.,2025-09-13 11:05:14
7800,1911,1949,People democratic trade movie three suffer mission early safe read citizen seek fast yourself how red.,2025-05-05 08:52:59
7801,2848,1128,Edge sound often west maybe success year provide structure world stage recognize issue trip.,2025-10-22 16:30:36
7802,5757,1630,Edge quickly later everybody fast strategy baby audience produce agree statement customer.,2025-09-11 03:28:03
7803,1800,1684,Court community magazine commercial weight major it cell still white claim remember commercial.,2025-04-15 10:28:36
7804,1977,1013,East statement as their baby worker movie soon later.,2025-07-02 15:25:04
7805,3576,1922,Last economy tax send federal two first hour morning.,2025-07-08 02:52:45
7806,4823,658,Focus training produce process ago inside.,2025-08-16 02:19:30
7807,4239,1765,Hot eat home society hard I very.,2025-07-19 04:41:37
7808,6488,271,Type style good term enjoy action stop exactly culture administration home.,2025-10-23 18:43:37
7809,2868,1451,Decade national hospital this know include building thought.,2025-03-26 08:13:15
7810,2794,450,After region think any Democrat Mrs or compare build up line newspaper receive represent study material type walk.,2025-05-02 12:53:27
7811,2355,1109,Mrs seem production should toward catch activity skin cell unit pull toward base almost upon.,2025-11-30 09:19:48
7812,1819,1141,Southern good seek here against remember stop Mr.,2025-09-28 15:13:09
7813,1721,552,About place recent pull cover space those step upon important my key nearly create full ten exactly white down nearly east many son item boy toward particularly age.,2025-10-02 01:14:37
7814,2645,1775,Son star analysis.,2025-09-07 10:11:57
7815,5466,935,Look go party listen approach listen drop animal popular design good change opportunity rate.,2025-04-13 13:49:37
7816,4095,270,Feel appear exactly fast follow his lose until.,2025-06-09 04:09:46
7817,3364,1606,He audience condition those attention step lawyer this serve control.,2025-05-13 00:16:01
7818,2828,389,He nearly example direction board artist rest after young without perform town result walk certainly have director compare thus true part card.,2025-02-08 04:47:47
7819,2323,1252,Husband meet from property rich father enter would appear consider conference do executive.,2025-07-01 04:32:11
7820,1841,2097,Treatment along seven hit try piece both account before pay.,2025-11-05 02:55:57
7821,4867,1480,Friend number term receive attack last run artist our focus road sense which toward data necessary someone they though.,2025-02-05 21:46:27
7822,3547,1407,Rest go station return door computer system easy me.,2025-09-28 09:53:07
7823,4536,575,He six act step industry leave lot feel month remain make my international.,2025-06-02 21:10:16
7824,1126,2097,Without always movie hold two glass trouble president low western class man figure and rich process either single live on likely.,2025-02-06 21:51:30
7825,3203,1862,Note mind available so local drop model get lot thing onto draw young ball police information meeting research nice whose for least ok despite.,2025-06-02 02:05:44
7826,2567,1523,Reveal argue travel civil near happy us provide business actually real sort budget sea.,2025-02-27 13:22:02
7827,4144,1008,Why strategy traditional.,2025-05-28 01:12:07
7828,3403,1877,Save month reflect strong per drug charge catch back special like yet eight himself mother including value until whom reach big for center walk add.,2025-11-22 20:53:59
7829,1267,278,Minute debate trial more since television life able produce home animal husband real.,2025-10-13 11:24:18
7830,2385,576,News song scientist sign treatment its able federal teacher forget avoid good suffer possible learn.,2025-03-04 21:50:36
7831,3740,1439,Crime throughout behind how friend natural production leader no job toward effort newspaper ago force hold decade.,2025-01-26 04:14:49
7832,3259,787,Street include grow sing trouble himself else relationship.,2025-11-25 20:54:48
7833,1428,1548,Rule amount city total company tell himself test interesting effect.,2025-09-02 10:47:08
7834,6470,1934,Market surface push image view difference nation.,2025-10-28 05:54:16
7835,4114,385,Audience hour major painting including particularly.,2025-04-06 16:55:23
7836,5922,371,Case reality available claim company position.,2025-06-15 10:25:15
7837,1181,568,Adult rest suggest tax finish lose decide hope small.,2025-05-16 12:44:16
7838,1533,2087,Late capital bank story agent.,2025-09-27 11:47:09
7839,3751,1885,View marriage most bar five employee reduce brother special behavior total western guy.,2025-06-23 16:49:12
7840,3951,1085,Food statement good.,2025-02-09 04:08:48
7841,5618,1753,Their would picture free board myself be notice behind industry.,2025-09-27 09:40:35
7842,4956,1744,Sit prove eight firm line see determine military.,2025-05-05 04:04:42
7843,5374,1852,Civil focus too watch upon wear boy shake card nation wide hair himself main director nation bill.,2025-09-21 17:43:55
7844,3063,2040,Order other study local popular anyone let.,2025-09-12 06:39:53
7845,5220,1659,Surface vote remember travel rich college action agency task.,2025-08-25 03:31:22
7846,5204,277,About full ask author pretty.,2025-12-04 01:05:33
7847,1555,726,To executive peace beat reach painting body already job spring opportunity audience.,2025-08-06 22:33:05
7848,4810,130,Trade development head perform next make place night crime.,2025-05-31 07:59:06
7849,1700,490,Nor capital probably how husband.,2025-07-26 03:09:59
7850,5561,694,Establish street onto idea within culture son care mouth power reality condition agency laugh produce number state.,2025-07-24 20:38:06
7851,2066,358,Deal game read.,2025-06-10 01:07:06
7852,6209,597,Movement senior decision production song full.,2025-09-27 23:58:43
7853,3747,504,Person close job school owner point moment character order.,2025-10-09 00:52:26
7854,1907,2048,Ask according develop price save suffer up security great join debate according structure mind agency bank direction contain chance.,2025-12-03 18:19:32
7855,5490,1455,Understand perhaps treat everybody look contain group short build member middle herself day politics remember our six.,2025-12-14 22:20:26
7856,3615,1666,Blue right lose performance special clearly action treat.,2025-09-23 14:44:31
7857,1106,890,Use beat yard pull beat teacher should themselves office his window however police decade probably understand capital knowledge.,2025-11-09 07:52:32
7858,6249,617,Let role indicate affect citizen page that pick course computer find discover language meeting car minute road network until training hold true reason.,2025-06-27 18:53:48
7859,3230,493,Political move require war someone term begin realize no blood interesting program sound prepare happen magazine executive network car provide soldier community.,2025-11-04 10:14:05
7860,3571,1068,Recently TV fill option situation side.,2025-06-14 13:29:00
7861,4044,1180,Manager high even.,2025-04-18 05:16:31
7862,530,508,Best agency peace lawyer off wind important guess produce interesting.,2025-11-14 04:04:55
7863,1813,127,Look want various clear decide next money represent above your himself defense help for.,2025-09-07 07:05:39
7864,5908,266,Onto long sound site size begin.,2025-03-05 19:43:44
7865,6187,1042,Network magazine high war field bag take audience Mr series trial prepare cold either.,2025-03-27 09:03:00
7866,1465,144,Huge language perhaps care local such executive foreign thought news lawyer price security eight media window win hand most day fund close.,2025-04-17 01:42:49
7867,2243,1422,Once test cold wish population PM state Mr attention.,2025-04-23 02:08:04
7868,1327,1541,Himself edge hard within.,2025-10-05 15:57:00
7869,3048,658,Hotel behind such nice town relate magazine physical.,2025-09-17 23:52:05
7870,4620,397,Walk successful new factor list street thought late short field your push democratic under.,2025-10-14 12:04:50
7871,3949,1665,Picture floor church purpose again themselves shake meeting admit.,2025-08-07 01:54:58
7872,671,1957,Law support leg international miss animal successful her east crime call note price inside media country hand carry return style commercial here.,2025-07-04 03:43:16
7873,1715,1245,Physical name serious response with idea range its oil let those practice.,2025-10-20 22:49:18
7874,6337,359,Explain blood push record lose occur message college factor hospital.,2025-04-22 15:40:05
7875,822,1651,Nation debate analysis investment star financial thousand smile.,2025-08-31 22:48:53
7876,547,1844,Despite upon commercial center where sit guess investment media several politics community type other certain.,2025-11-04 12:44:24
7877,4717,1486,Each media strategy true north.,2025-03-31 19:27:14
7878,2807,417,Forward through own produce me right catch number.,2025-07-23 05:22:19
7879,5265,2049,Stop look plant month station environmental her would positive if morning catch health lay research.,2025-03-09 06:10:11
7880,6014,974,Item reality far benefit to seek score summer across board.,2025-10-09 12:02:56
7881,1341,1336,Government capital program accept read teach energy address network because security right foreign travel dark enter bill suggest approach.,2025-04-17 07:10:29
7882,3237,1590,Will quickly believe build million career now argue its sometimes little authority power without quickly eat name.,2025-11-29 19:19:33
7883,1644,886,Film full since series account table manager this size.,2025-08-15 21:57:31
7884,2453,630,Father force but information see American position easy line mean scientist know face across in draw tonight environment eight well science then evidence beautiful.,2025-09-05 07:30:18
7885,6187,809,Particularly claim free free TV.,2025-03-24 16:07:00
7886,4448,413,Fear sound American effect table level loss treat leg wall type sign course.,2025-07-20 05:36:09
7887,2370,1039,Both catch final fund election public economic glass new process director billion professor morning service.,2025-07-09 04:50:02
7888,824,1959,Staff enjoy alone those region possible big mother reflect fly mission art difficult.,2025-11-21 02:44:14
7889,2626,1115,Need Democrat south hand kind technology remain car discover at avoid long ground practice.,2025-04-14 16:15:33
7890,5261,951,Already front create recently.,2025-09-21 16:30:34
7891,1103,1564,Force talk audience have question cost above eight little down reason put have personal side ground animal party would dream idea debate health trade dream.,2025-08-15 07:14:01
7892,6329,164,Time available fine page good director hit among event early voice me serve old marriage talk better represent else home note four report individual with.,2025-04-20 03:47:34
7893,2140,1822,Religious past matter growth decide for lay manage Republican too true participant work far.,2025-06-05 19:36:23
7894,4441,1187,To see church represent able agree hundred.,2025-03-08 21:21:55
7895,3801,1010,Morning human government similar group.,2025-08-26 16:40:46
7896,1338,1152,Government start big office write hope responsibility young air lay.,2025-10-06 01:57:05
7897,549,1787,Certainly lose base eight arrive hand long town teacher culture skill style.,2025-02-26 20:33:44
7898,5049,1478,Country simply perform government help day mind run agent result woman quality table do network.,2025-09-06 17:51:15
7899,2402,1883,Own country true again change south yet movement five nearly per example dark born see property.,2025-06-01 07:47:53
7900,4840,661,Later wonder stop year full audience lay religious.,2025-09-17 06:15:43
7901,5879,698,Guy both pass study family.,2025-12-06 02:04:34
7902,1682,135,Other fight board during interest event cultural whom tree.,2025-04-16 03:51:38
7903,2618,390,With information store green apply answer room better he shoulder fear effect.,2025-01-14 05:27:28
7904,545,900,Small buy main doctor responsibility cell minute environmental bit guess.,2025-11-04 03:28:10
7905,4088,1591,Especially trade drop main indeed property garden pretty personal into back tax wind phone center involve product guy quite when important.,2025-10-13 19:36:22
7906,1385,832,Benefit anyone several assume none science about number measure.,2025-11-04 03:21:15
7907,4482,454,Plan shoulder amount away himself.,2025-09-27 08:41:19
7908,730,1364,Arm into organization bag value red want as.,2025-11-06 18:21:17
7909,6219,610,Family member purpose seek.,2025-06-05 04:37:41
7910,4066,899,Stuff best total year technology media even capital yes bill health future member certainly drive voice ok maybe raise other.,2025-02-20 10:53:34
7911,4736,1792,Student enjoy with hard certain each citizen future hour result race sort gun see network indeed.,2025-10-23 00:05:50
7912,5947,1074,Decision because event friend expect improve push or really health.,2025-10-21 06:02:10
7913,5083,1384,Where different material price sister make week.,2025-01-17 22:52:14
7914,4149,1459,Population none believe serve hit table on religious experience discuss memory spring his agency idea stand board bed seek carry know early.,2025-08-28 03:29:36
7915,1439,2060,Deal end degree nearly movie huge even grow road situation bad use else rock technology candidate draw spring create.,2025-05-07 00:53:37
7916,5761,1709,Material let participant five necessary discover decide hear yet many house.,2025-01-19 14:27:01
7917,3597,977,He company describe bed wish identify until do than us imagine itself.,2025-04-01 16:43:14
7918,4048,1926,Voice population gas.,2025-09-01 01:26:44
7919,1999,1069,Remember believe eye tell high view must music writer military company war mean rate executive say newspaper national stock young will leave letter trouble.,2025-05-19 04:56:55
7920,6221,2098,Ability but make lawyer myself become wide into we somebody week away born consumer plant me physical art.,2025-01-16 19:33:47
7921,6360,1563,She away sign matter least point meet college exist.,2025-10-28 00:48:10
7922,3068,704,Price work teacher account draw message although success short within throw himself wear place.,2025-03-08 18:39:43
7923,4205,184,Stock identify tax along whose.,2025-02-15 13:15:01
7924,1394,892,Interest behavior test front environmental second heavy interest.,2025-10-21 14:57:42
7925,3466,427,Last next watch participant science most future as product.,2025-09-18 13:25:18
7926,2422,641,Image movie air whose he across audience painting.,2025-11-05 01:21:42
7927,879,1632,Next dinner conference accept test even interest poor majority thing office.,2025-10-03 13:53:10
7928,2363,425,Kitchen never sense character American line.,2025-11-04 04:35:15
7929,5869,792,Imagine chair series remain it plant another accept every until attack onto two group forward operation song society fact organization accept.,2025-02-15 21:16:51
7930,1602,1031,Meet share lot area red bring between card instead.,2025-10-10 12:55:35
7931,858,398,Today bill where.,2025-07-07 15:17:53
7932,2076,512,Owner those understand economy walk beyond.,2025-03-07 23:59:50
7933,4480,137,Central effect bed control hour.,2025-08-09 17:02:09
7934,5717,283,Special man compare help approach become answer want future region early late increase area industry of line purpose couple environment.,2025-09-21 01:38:19
7935,2099,1213,Tend identify sell class international popular size yourself pick operation north.,2025-06-26 16:00:40
7936,1011,794,My kid question today gas television despite painting successful should look ok body final scientist long behavior couple.,2025-11-01 06:59:28
7937,3274,980,Ball rule should nothing piece authority man think own laugh measure season consumer.,2025-07-18 10:13:24
7938,4478,205,Research page stay who key far possible agency glass yet whose answer field just.,2025-04-20 04:46:33
7939,2138,851,Travel room young old second issue as talk reality number several plan by let western.,2025-03-07 19:51:19
7940,2759,985,Affect anyone finally head again newspaper information our feel represent carry employee character research Mrs push from recently.,2025-08-03 12:34:11
7941,4187,655,Water environment eight anything between early source treat public wind see public because.,2025-06-21 08:00:05
7942,1649,1501,Size friend former exactly billion suddenly.,2025-09-05 12:16:23
7943,5950,1560,No expect nothing nothing dream dream feeling figure community military million check make town provide play run all career.,2025-02-26 03:32:52
7944,3143,275,Partner really together scientist unit measure.,2025-07-22 11:27:32
7945,3788,613,Mean today remember avoid through agency remain capital around environmental social apply natural politics should bit conference order follow how program old meeting drive.,2025-11-21 19:40:41
7946,2114,437,Actually its themselves we trade.,2025-06-12 16:07:05
7947,2986,583,Story show arm perhaps right report commercial both share economy morning impact talk summer suggest mean part speech director involve structure support role institution.,2025-03-22 20:18:16
7948,4093,1183,Decade cut concern start civil go appear matter no back partner say clearly event customer direction case great thus most usually.,2025-02-14 08:00:51
7949,988,1263,Project job public ago us moment buy happy executive so could present.,2025-09-16 17:05:53
7950,2721,934,Question difficult fact interesting trouble campaign approach.,2025-11-28 09:01:56
7951,3290,592,Quality head minute total if include never guy parent author something summer they meeting.,2025-10-06 15:47:19
7952,4719,482,After leg during discuss machine push sign concern training itself child measure cold walk resource.,2025-03-09 07:29:36
7953,3154,2040,Design large skin spring serve thing where age thousand during too.,2025-09-20 04:28:14
7954,5848,2074,Baby this stay great owner despite statement anything Congress across art position Congress.,2025-06-23 19:18:30
7955,1767,946,Ok month both cup full throw apply.,2025-08-27 21:44:04
7956,1561,1391,Item less save music their ahead participant really community perhaps give industry bar PM will drug practice foreign minute force now inside return marriage difficult young.,2025-05-17 10:30:22
7957,763,587,Long base action remember agency laugh through best history enough address make key over ok central beat expect recognize.,2025-03-09 03:35:19
7958,3935,596,Authority accept data call.,2025-10-03 02:07:03
7959,4059,1006,Bag majority technology professional nice beyond begin friend quality woman party seven painting house.,2025-05-07 08:38:11
7960,634,129,Four should know leg participant officer common heavy offer.,2025-07-31 06:18:05
7961,3650,191,Tv baby civil body body have may stay action modern account moment important of lawyer whom.,2025-07-22 11:01:10
7962,3247,1615,Public certainly lay quickly raise according message.,2025-01-16 10:58:07
7963,5284,486,Likely allow sign interest since then task notice open affect.,2025-09-03 21:46:28
7964,2698,239,Action capital radio care hot support various newspaper minute bar.,2025-10-02 22:21:20
7965,1200,483,Protect arrive end power despite those join that there eye resource organization way mean bad rich type line plant break.,2025-11-08 00:28:11
7966,5494,412,Little high maybe for such nation first maintain food consumer hard.,2025-03-09 16:05:06
7967,5874,789,Too page fight book wonder national people bring left ask mind cell those.,2025-05-08 23:45:51
7968,4150,1695,Back church include wish trip.,2025-01-14 11:19:25
7969,5579,807,Way perform environment environment candidate behavior fight.,2025-08-18 03:50:24
7970,4771,179,Personal performance with think meeting knowledge mind news project truth arrive now people player plan Mrs learn.,2025-10-03 22:14:47
7971,3645,578,Set the trouble dark deal cold again color for tax young role right activity.,2025-06-17 15:10:30
7972,609,1554,Present political board treatment add poor break think exactly heart answer director half attack single east leg charge dark expert future eight.,2025-08-12 07:55:42
7973,1141,547,Loss capital gun set tree before dark.,2025-09-02 03:09:20
7974,2511,505,Help sort put chair anyone oil general whether way leader difficult long kid lot lawyer here.,2025-11-16 07:51:52
7975,3595,1726,Small walk from federal manage low their let.,2025-04-29 20:49:40
7976,4876,550,Whom practice address box service bit minute central specific the.,2025-08-24 22:48:08
7977,1958,628,Grow shake hope former push itself skin read finish measure project.,2025-08-03 07:04:47
7978,2687,1146,Believe such look wear particular one.,2025-12-13 07:21:15
7979,3820,952,Pull better thus if situation happy positive political.,2025-08-10 18:42:42
7980,3190,1133,Issue positive manage country care second because whole minute economy better him skill remain partner take social high claim available.,2025-03-29 01:28:08
7981,5019,1354,Tough scientist detail reason whom effect there item population development.,2025-08-18 14:29:15
7982,3463,1435,Several strong hope present.,2025-12-03 17:41:58
7983,5662,1304,Time market prepare trip nearly how operation deal light fire whole network receive well will range.,2025-07-26 09:59:15
7984,5179,1522,Three risk continue of somebody.,2025-06-21 03:37:35
7985,3971,1212,Yeah must upon hold discussion.,2025-11-18 19:33:18
7986,1641,228,May hold character identify Republican lot billion structure real wall represent road seek whole say not camera player theory.,2025-05-05 22:13:15
7987,752,1188,Common computer report strong result enjoy book space too.,2025-04-15 20:39:25
7988,1712,1298,Tend between goal base process bar politics every happen development spring character ball base hit economic.,2025-07-13 20:02:42
7989,1049,940,It able easy technology chance police lawyer recently too rock responsibility west fall parent.,2025-10-19 00:49:33
7990,3363,775,Amount establish from husband what space alone nearly.,2025-02-26 15:43:26
7991,650,139,Again goal happen easy other method doctor believe.,2025-05-07 20:25:43
7992,1428,1024,Often staff form nation enough TV maintain center never part drive trade address which fill while character writer truth.,2025-09-02 03:31:08
7993,6186,1422,Positive strong case else among capital military blood within degree beat paper make news to citizen change market hospital upon while space possible report simply morning.,2025-05-27 08:23:43
7994,558,1241,Single degree say almost ready into care everyone economy certainly nearly instead house better Democrat thing about drop indeed really its finish own.,2025-02-21 01:55:45
7995,5930,799,Individual writer generation control health director would get explain president professional partner thought.,2025-06-23 10:11:53
7996,1069,944,View there need yet next.,2025-07-19 16:59:21
7997,3222,811,Early campaign cost word nearly spend.,2025-04-01 07:47:36
7998,1653,965,Reflect very position upon for whether list type.,2025-02-10 10:54:13
7999,4612,459,There show pass sport toward employee level join wait beat good present before different few test weight car claim opportunity western over total.,2025-10-29 10:19:27
8000,1395,1872,Goal forward enjoy really agency point involve hundred fish enough public condition maintain those ask.,2025-04-21 21:12:59
8001,1967,1177,No box think wrong wait although society member our long exactly visit lawyer order set past live.,2025-02-26 15:21:12
8002,4589,1097,Seven tend sister him project behind image direction paper air I student pick seem art protect.,2025-07-05 14:26:19
8003,1503,251,Election if baby tend run determine military radio list force paper generation just his century reflect outside.,2025-03-03 21:29:23
8004,4921,646,Pass surface sister forward series sell defense her sense health care last information PM its.,2025-01-05 22:29:20
8005,2401,1227,Kind audience beyond material reach spend memory.,2025-10-22 02:51:06
8006,849,375,Do tax create human enjoy produce somebody at statement still difficult do operation friend serve away commercial official painting particularly line.,2025-09-21 14:17:22
8007,1623,309,Personal their him site specific chair despite somebody approach suddenly surface scientist response main top force.,2025-10-05 06:33:03
8008,1519,2088,Upon respond role charge body summer.,2025-08-14 19:01:47
8009,5498,1170,Usually wife environment follow begin many region lead under.,2025-05-10 15:32:18
8010,1053,2059,Mind care watch your hundred lot usually daughter speak her.,2025-01-30 08:49:37
8011,5688,445,Lay father risk structure apply half brother project learn alone right some room citizen.,2025-07-20 15:50:06
8012,5663,531,Strategy color happy full today dark player well report.,2025-03-03 10:13:36
8013,2316,1299,Figure choice shoulder whom western partner probably want price generation civil fact serious eight woman loss out.,2025-10-08 15:58:05
8014,3974,242,Head product money trade affect lose poor large wish data wall.,2025-10-25 00:15:41
8015,5611,2004,Thought which above possible energy subject.,2025-10-06 11:01:02
8016,1389,584,Star score want each success miss make nor hour person participant commercial technology respond western interesting.,2025-10-31 07:10:19
8017,1842,1361,Beautiful too here above around reach.,2025-03-18 21:47:59
8018,1497,2015,Exactly those attack north paper ground top lead maintain than list.,2025-06-09 01:16:06
8019,2342,1887,One feeling carry name small billion charge power central miss pattern especially money anyone better manage must do since.,2025-10-15 23:04:41
8020,4458,1517,Race allow indicate put what throughout little bill fine long fact mouth consider on whose travel because always bad spend school hair trial truth determine site.,2025-07-17 19:13:50
8021,5661,118,Defense rest probably with magazine lawyer marriage force hundred serious all strong piece free beat.,2025-09-22 11:17:00
8022,5611,1271,College number herself field meet tell hospital side home a kitchen magazine Democrat life.,2025-10-07 21:47:02
8023,1141,2011,Hope catch dark building imagine per movie how employee expert.,2025-09-01 17:18:20
8024,642,744,Parent reality professional call responsibility pretty low hot career most home nor success city drive.,2025-10-16 09:45:52
8025,5273,735,Just how rather challenge suffer beautiful or drug during memory population certainly thousand.,2025-12-09 05:20:31
8026,6306,668,Pick black free national particular western dark often myself political future these every among north area public respond.,2025-01-14 15:55:17
8027,5779,1808,Wall model power rich production wall miss design statement relate.,2025-05-30 08:57:10
8028,4889,1986,Get him eye whole short time wonder exactly child grow worker who.,2025-03-25 08:00:24
8029,2154,700,Board first family system senior film.,2025-09-15 21:24:53
8030,2653,1024,Decide our win window serious land certain so student response meeting matter note very might trial offer should.,2025-03-07 07:44:12
8031,2803,110,Animal when challenge.,2025-03-25 20:05:25
8032,5292,1643,We security meeting prove evening.,2025-09-02 14:47:48
8033,4868,225,Together north system company difficult college idea back peace hard while moment section follow oil next plan role stop much drug fill.,2025-06-17 05:31:16
8034,5719,1384,Fish less gun particular doctor serve media city one friend.,2025-03-24 17:30:19
8035,1711,1767,Serve talk bag remember in new wait single newspaper set.,2025-10-24 01:21:52
8036,958,454,Effort hospital little.,2025-04-04 10:25:54
8037,1220,1729,Suddenly anything score build scene statement billion.,2025-07-01 21:53:37
8038,4304,1976,Final those need Democrat decide crime include charge popular.,2025-11-09 22:29:01
8039,5205,1382,Along against southern hear much industry.,2025-08-11 21:51:11
8040,4225,1132,Tonight suggest range success third.,2025-12-07 23:25:40
8041,4030,818,Change phone majority reason effect four item.,2025-12-01 03:55:16
8042,5939,1911,Benefit likely right which middle concern study sea career store strategy nor real.,2025-03-02 21:34:39
8043,2412,2000,Least structure news eye.,2025-02-15 00:00:50
8044,912,1499,Above particularly subject your heavy compare nice season realize cause action follow production.,2025-05-05 03:49:56
8045,1177,377,True once mean pressure both up money than between really six most skill whom bit focus worker focus enjoy.,2025-02-01 05:35:40
8046,4146,1351,Become section exist practice agent enter production head purpose.,2025-11-03 23:02:38
8047,2623,292,Million shoulder can which series increase hot set sure child other against measure list teacher show class other type.,2025-04-20 08:12:28
8048,1270,934,Or fire base mouth above base focus fire.,2025-10-29 22:06:47
8049,2786,453,Event defense deal plan business result board mother.,2025-01-08 22:29:48
8050,4654,1261,Stop agreement friend street we type role bit however cold hand.,2025-03-12 12:09:06
8051,923,705,Throughout medical white of officer religious room green wind heart card PM agree without.,2025-06-29 08:53:06
8052,5467,1292,Time trip whose then always your stage which conference language book form way national generation research.,2025-02-19 02:09:52
8053,3881,1380,Money suggest month during reveal must Mrs some forget treat east ahead commercial available anyone single end executive resource half organization red.,2025-10-17 03:49:04
8054,3786,1784,Onto expert miss mean positive will unit week alone coach affect.,2025-06-21 23:49:45
8055,1522,1049,Act example member protect movie.,2025-11-04 02:43:59
8056,906,1835,Process memory husband activity per interesting mouth.,2025-03-18 01:52:30
8057,991,1074,Mouth medical former trial song focus guy never.,2025-02-03 04:38:48
8058,4130,995,Environmental benefit health our purpose myself few let interview of middle top.,2025-03-08 06:08:20
8059,3135,1744,Science parent nature adult daughter return third industry mission do to as before less.,2025-06-07 11:42:19
8060,1445,1089,Candidate have across everyone build education Republican feel.,2025-06-11 07:06:23
8061,5145,242,Small less four send economy laugh ask consumer commercial.,2025-07-06 01:51:50
8062,4977,248,Purpose entire common book process effect send mean month song establish note control individual arm professional police.,2025-08-26 14:55:26
8063,3652,1963,Employee bring travel him try at anyone despite.,2025-10-19 06:14:59
8064,5814,1094,Want receive fear role gun same world.,2025-04-22 22:40:49
8065,3323,1563,Tree provide catch class without exist.,2025-08-10 09:15:18
8066,3763,1355,Music color her land sense imagine production ground democratic wall fly outside later election religious woman.,2025-06-26 15:32:44
8067,1492,1530,Majority prove lose level be expert simple item plan population produce computer so never whom.,2025-12-03 20:21:11
8068,1109,163,Good listen recognize feel everyone message successful detail low item.,2025-05-07 05:38:06
8069,1931,1180,Staff natural treatment smile official social place themselves customer citizen able sit least.,2025-06-04 00:29:10
8070,6460,1998,Official establish pick current four suddenly even head act sell traditional.,2025-11-26 18:00:01
8071,1270,299,Event from this shake from.,2025-10-27 18:37:47
8072,2057,1165,Bring south moment.,2025-04-09 09:38:09
8073,4225,276,Learn action source above mother successful believe.,2025-12-07 22:05:40
8074,5333,2020,Professor development everything parent since fast technology make hand possible half cause.,2025-09-19 01:04:51
8075,6382,1289,Edge be material position his somebody one capital country participant fish.,2025-02-09 07:18:59
8076,4690,1348,Draw address and usually act pretty pattern suddenly up rule month professor sister science board idea probably research miss kind leave.,2025-06-22 02:49:00
8077,2350,760,World budget gun husband magazine TV some act international property owner expert spring send enjoy down.,2025-08-21 20:58:12
8078,3169,901,Present where push hour north capital woman food important food.,2025-06-12 22:39:02
8079,5579,1794,Class who arrive road both board enjoy likely enjoy final wrong citizen as case.,2025-08-16 06:15:24
8080,6419,491,Thing necessary coach I unit cell east student dog that modern take prove western generation play cell business common recently prove system world lead.,2025-05-02 12:33:47
8081,2410,1698,Military record above share season deep discover black laugh something no since building main.,2025-07-18 01:29:23
8082,4420,174,Without history late tax contain in old lose.,2025-10-26 14:23:09
8083,3214,1798,Car kind family candidate.,2025-04-21 14:06:48
8084,6487,1899,Sit fear realize course size add guess sound prove organization me.,2025-06-06 12:45:06
8085,2255,480,Less I become somebody act heavy no wear director debate general such recent kitchen rate center head chair rule guy mean argue.,2025-04-25 18:05:29
8086,1023,1563,Writer PM peace note these team those know.,2025-02-25 03:07:03
8087,3749,1810,Budget kid improve foot career miss reveal modern send fly oil oil where half few industry you.,2025-07-12 00:24:43
8088,3486,555,Nation east because middle TV option tell dark.,2025-06-09 15:17:12
8089,1005,379,Environment specific technology us detail leave speech individual example or other age friend anyone myself knowledge mention.,2025-12-05 00:10:42
8090,4006,1544,Personal before guess family rate enjoy market item available who PM send up different choose college drug into.,2025-07-11 05:07:00
8091,3039,1072,Begin within least upon including rest group fill record physical alone magazine heart myself who hard include this drop.,2025-05-21 07:35:04
8092,4142,1172,And simply minute behavior hundred glass tell.,2025-11-07 08:06:05
8093,1942,370,Risk around nearly mother sport who current term.,2025-03-30 11:00:13
8094,6065,1702,President ever great field sort finish training adult day bank space scientist everyone coach agent exactly identify friend between marriage.,2025-11-15 17:31:13
8095,5149,616,Career evening face piece pretty national.,2025-05-20 04:29:10
8096,1039,1907,Treatment wish nearly every north resource pattern social mind move standard contain pick report.,2025-11-11 14:31:37
8097,5017,2017,Produce explain local make rate past main best factor factor health catch certain opportunity source control blue always yet move.,2025-05-04 13:28:21
8098,4812,1996,Personal pay kind least improve industry less boy.,2025-06-27 18:43:50
8099,4143,625,Side unit interview religious risk north myself pull development simply brother public drive rather seven skin exactly technology some.,2025-11-10 05:18:01
8100,1887,1820,Rather shoulder discuss service hold building security sport level.,2025-11-24 09:30:22
8101,2748,384,Economic onto option treatment task meet thought country yard relate star trip event.,2025-08-18 15:00:15
8102,766,1296,Attack while way bed.,2025-09-23 20:19:06
8103,1618,1289,Attention leave light fish cell his they drive might senior short field point themselves.,2025-02-02 00:19:24
8104,2094,2088,Or kind group better technology level probably place deal daughter about development compare what especially mind model.,2025-10-20 03:44:34
8105,797,1818,Ready exist learn guy case coach low although word.,2025-02-18 02:36:22
8106,5183,1458,Political people produce sign serve teach race society professor resource best.,2025-04-20 03:35:17
8107,6012,227,Off form growth plant source enough bit song decision line energy source much produce everyone wrong.,2025-08-01 21:09:05
8108,832,1089,Without environment human use chance realize capital record cell practice strong whatever response determine happy beyond service around.,2025-10-07 13:51:38
8109,5611,1262,Investment development line significant bad appear bed instead show.,2025-10-07 12:10:02
8110,4674,1260,Discuss according movement company indicate hope myself way many organization wide available industry just yes.,2025-10-27 17:36:27
8111,1294,1566,Activity miss western young benefit star system affect claim network reduce attorney including full agency race TV once tree.,2025-06-17 21:56:37
8112,6236,164,Near activity team ask ok sound gun despite already radio capital.,2025-08-13 19:24:53
8113,2926,1642,Yeah senior decade local ability ten place plan provide method risk home.,2025-03-04 04:09:41
8114,5233,1728,Whole recognize personal inside life me certainly these from letter why popular most unit.,2025-03-31 08:59:57
8115,6411,1672,Policy her third less moment gun social beautiful research north southern light major plant responsibility probably pass reason born agency do need explain wide.,2025-11-05 12:24:05
8116,4296,2058,Follow word crime pull position exactly case commercial live individual reality company movement gun religious fire speech pull father scientist she.,2025-09-15 04:00:23
8117,2736,1004,Remain increase open accept eat former right tree of management.,2025-06-06 08:59:01
8118,517,401,Agreement activity serve because protect left cover sell say happen.,2025-12-06 17:19:59
8119,4479,251,Believe those matter model detail energy.,2025-11-23 06:21:10
8120,4463,1563,Certain great many.,2025-12-15 00:26:48
8121,3813,619,Center major someone stock business ball single which according of method themselves doctor check hotel.,2025-07-07 19:11:52
8122,2881,2045,Political bed truth site simply stage stay claim hour it happy respond per newspaper lose.,2025-03-19 18:56:16
8123,2967,2011,Herself happy enjoy stop audience something recent leader bar his.,2025-10-09 00:48:57
8124,2063,1151,Way hope carry his success write top speak not meet service industry short force poor accept.,2025-06-21 04:51:56
8125,2081,1884,Past thus difficult reality gun agency order argue fish order maybe off.,2025-02-11 01:00:52
8126,3497,470,Bit product technology answer news military money before information between parent treatment fly way hair myself activity choice camera country.,2025-12-03 08:03:45
8127,5101,755,Book clear behavior look serious some think him red community pick positive money science church environment product able best child watch personal accept such.,2025-11-17 06:46:14
8128,2883,346,Evidence question particular subject trade baby factor single certainly join answer.,2025-07-29 09:02:22
8129,1844,1889,Major great focus cold explain at imagine fast trouble list international they analysis do provide seven.,2025-11-16 18:02:46
8130,3664,1125,To owner hair American clearly compare senior.,2025-06-22 21:24:58
8131,2297,1585,Mrs better item difficult around gun sure lose.,2025-12-11 10:21:11
8132,5602,698,Which friend exist theory arrive strategy account manager our attention will guess land charge pattern street never our worker.,2025-11-04 09:19:16
8133,532,891,Other style add maybe write type father really thought close traditional safe source water value explain.,2025-09-14 05:11:50
8134,2937,690,Owner image manage order consumer.,2025-09-13 20:54:40
8135,6364,1379,Mrs drug himself say interview fear almost field member take create fine better on so go successful main myself certainly big including more.,2025-09-12 13:56:41
8136,1339,2002,Option season age.,2025-03-17 00:38:31
8137,4930,267,Indicate simply determine strong film not PM mouth baby black type office safe black.,2025-02-15 02:17:57
8138,6226,1026,Responsibility but final great rule black something.,2025-10-30 14:40:13
8139,1093,433,Hand very deal history official often them sport discover fund data news also economic that actually turn.,2025-02-14 11:24:50
8140,3135,1399,Attention apply when president big again third allow short can country save less.,2025-06-08 19:14:19
8141,3987,590,Style class bed year play material very even away.,2025-09-11 21:27:39
8142,791,1883,Some card hold way rather effect anyone interest human American win increase management eat.,2025-01-16 07:21:13
8143,2548,450,Upon situation should trip shake community century main everything off source authority business ready.,2025-08-27 20:33:52
8144,3673,296,Same still perform play employee space green though south walk performance despite size choose trip hair raise matter pretty successful hand around.,2025-04-29 07:24:24
8145,5113,263,Particularly forget site major capital able behavior phone already thing.,2025-02-22 02:19:42
8146,1173,570,Boy his short many increase itself step base especially here leader box instead degree beyond away instead ready walk enjoy.,2025-10-10 21:13:08
8147,3675,1687,Item tax street three book point wonder move any they information focus could rate true include least heart card prevent.,2025-08-08 05:28:52
8148,4249,1001,Rule forget data affect must when argue join security couple son key side our Mrs quickly plant role myself plant.,2025-06-25 13:57:57
8149,5366,880,Its guy short police culture situation measure community.,2025-03-29 04:20:13
8150,3787,1652,Light popular blue ask rich arm early baby every we play argue.,2025-06-05 00:25:07
8151,1026,456,Here discussion budget fine paper fill appear use year during.,2025-05-08 12:49:13
8152,5940,1110,Wrong really unit what imagine.,2025-09-19 12:51:50
8153,946,431,View staff without term card learn himself manager.,2025-09-21 13:16:51
8154,1631,1588,Majority own consumer education region.,2025-06-20 18:52:06
8155,1198,1684,Staff music line performance various walk him late sign include alone rest everything forget per sign say career join rule poor military first region go.,2025-08-21 17:12:21
8156,5832,1828,Degree community one bank kind likely walk gun here cup scientist good anything trade green how.,2025-08-13 19:23:31
8157,1760,1730,Garden budget wall catch include join not change our drive since father you.,2025-09-18 21:59:23
8158,4391,2074,Story serve off lawyer type result big.,2025-08-09 15:19:29
8159,5040,984,Condition election floor floor question have oil person nature cut month without significant out above yard.,2025-06-02 20:54:41
8160,4757,1789,Size offer argue fish reduce size Republican role blood news about group general.,2025-11-16 04:34:15
8161,4598,764,Race Congress class carry recognize however usually law dark which per according break up real bit.,2025-04-30 12:34:38
8162,4940,332,Father most management local none glass pretty five.,2025-07-18 14:08:14
8163,642,1609,Data personal half hair certainly key control own level whatever ago family shake decision current bill who environmental parent president value pay fight.,2025-10-16 12:51:52
8164,4698,610,What resource never look participant process president hour energy get produce adult.,2025-11-27 13:57:24
8165,604,1367,Develop goal north notice medical less million size bring off forget well call nature from beautiful task parent.,2025-10-26 16:11:36
8166,4466,1515,Story change so quickly cause or firm game occur growth heavy significant.,2025-11-16 03:25:01
8167,4812,1627,Choose compare make officer both seat.,2025-06-27 00:03:50
8168,4536,2092,Deep office stand call last commercial position conference.,2025-06-02 22:11:16
8169,6132,579,Kind fall media guess large figure person figure reality mother understand none whose pattern.,2025-09-15 01:51:21
8170,6383,1253,Water road by group treatment rest check movement.,2025-07-27 07:40:10
8171,5341,1463,Keep kitchen some range many they off cell.,2025-10-19 01:14:00
8172,3939,1778,Couple executive not against church mention eat score perform show course.,2025-08-20 22:32:06
8173,1801,266,Economy enter meet purpose one also time number doctor.,2025-03-06 14:43:30
8174,6293,115,Not position member toward month how.,2025-01-22 18:00:23
8175,6430,410,Seat tell black natural represent adult light provide shoulder product finish pattern window different manage because movie.,2025-09-01 02:57:10
8176,4491,1967,Attention claim region fund group real crime well hand lay station receive if environment result hundred individual TV inside understand until.,2025-12-05 06:01:14
8177,2066,1248,Foreign point sit exactly save floor off fund like operation bad table different.,2025-06-09 01:16:06
8178,4522,1387,Catch study we bit business radio only year business top off claim.,2025-12-03 02:38:18
8179,2371,964,Shoulder benefit write assume fly once pay one analysis start article.,2025-08-08 17:20:57
8180,1827,1680,With school century single physical kitchen beautiful situation prove institution audience common see.,2025-11-14 10:15:05
8181,4126,637,Worker necessary thus everybody particular huge democratic respond.,2025-10-24 20:41:24
8182,2156,1095,Newspaper surface general feeling PM look probably range loss case race agency alone information officer check.,2025-02-08 01:39:10
8183,2461,1038,Foreign method rather health police.,2025-09-13 09:35:36
8184,6235,932,Girl use citizen tonight discover series.,2025-08-18 22:55:57
8185,6447,632,Onto late civil network choose institution raise summer head third state she create theory there will experience five wrong team yet she.,2025-09-17 13:54:25
8186,4830,730,Agent leg great author industry hospital media within message sea something last.,2025-08-15 04:49:25
8187,731,614,Admit military apply not sign trip bag theory recent work.,2025-10-10 13:09:51
8188,2380,921,Now nation control dinner shake as finally interesting behavior serious hour forget state.,2025-09-20 14:06:45
8189,3723,1584,Involve option tend rich present talk main south.,2025-08-05 04:59:56
8190,5522,394,Off end her including political present staff and light pull or everybody not nothing.,2025-05-31 20:54:24
8191,3233,827,Them TV something world meeting lead type professor seem worry development top pattern value effect teacher.,2025-05-15 00:49:45
8192,553,256,Piece consider special politics remember less off professor push fact attention discover inside item size tree low brother.,2025-03-14 05:49:26
8193,4763,247,Resource candidate interview become appear another month.,2025-10-01 23:37:27
8194,4016,1316,Ok mother benefit career that drug concern heavy keep old professor fight deep drop what learn class little central forward.,2025-04-06 11:57:10
8195,6125,1414,Require behind role to particular question tell claim meeting right from young.,2025-12-11 16:36:18
8196,2282,981,National us sister risk go street ahead.,2025-07-10 17:17:16
8197,2358,787,Work administration development member president catch group risk.,2025-07-10 22:49:44
8198,2217,1575,Entire month about send team budget view energy similar arrive third ball prepare tend ask but represent black factor sort professor yourself change.,2025-06-21 14:30:05
8199,583,1248,Reveal information old reality act police push.,2025-05-03 20:29:36
8200,3688,474,Mr American allow health resource despite small foot bad institution bill son service.,2025-03-05 04:16:38
8201,956,1159,What garden share side movie them yeah performance authority team west.,2025-03-04 04:14:38
8202,4203,1635,Song history story girl return cultural now about game let magazine natural goal.,2025-08-25 17:04:19
8203,6373,1837,Truth put billion scientist since class.,2025-09-18 05:19:17
8204,1682,1065,Head maintain whom occur meet summer drive seven.,2025-04-15 14:48:38
8205,853,727,Whether design town change.,2025-03-12 11:37:42
8206,684,318,Eye start foreign training attack choose turn democratic rate part open heavy too involve western action miss hour.,2025-05-01 05:16:03
8207,4799,752,Son information find various end.,2025-05-26 09:36:34
8208,2851,1200,Hundred ball raise response friend thousand center enough ball herself pattern institution they maintain weight only plant meet either street enter stage.,2025-08-14 21:03:05
8209,6250,748,Southern miss wear so friend condition wind reveal son approach will difficult say throughout store sister while understand.,2025-09-20 06:51:14
8210,639,2091,Real no sense drive interest sound major compare general number it box move region fly throughout institution company actually evening score treat large drop.,2025-06-25 17:28:03
8211,2620,1383,Picture to training instead born nearly ahead two write more seat yet serve two.,2025-10-22 23:26:16
8212,5189,1237,Surface it ask popular my.,2025-06-30 20:14:41
8213,5171,1837,Lead improve start hotel design gun much thank fly begin for similar pressure up figure successful respond.,2025-03-24 15:52:46
8214,6365,679,Media medical your class shoulder together soon color item remember others son control.,2025-10-13 07:45:01
8215,3782,763,Sport well develop ahead thought raise.,2025-12-03 18:01:41
8216,5340,2028,Throw special foot local cup cut offer inside reflect sure international cover now risk picture step police force her buy blood maybe sport.,2025-01-08 19:58:58
8217,913,1551,Many television out hundred I.,2025-05-28 01:28:19
8218,1744,1962,Add speech adult century produce certain grow animal safe low success contain class any read risk.,2025-05-07 03:59:42
8219,4539,422,Ago management whatever history region none debate number lawyer game see protect industry manager first behind when smile support.,2025-10-27 23:33:07
8220,3576,1854,Send event study significant away build ability beautiful project dream article responsibility color.,2025-07-08 03:25:45
8221,6379,1923,Hotel lot woman under investment happy of around east join growth among start land hair policy per foreign approach carry important relationship we important candidate.,2025-10-09 10:43:15
8222,4950,1840,Public analysis piece us society site hope detail election political nature each.,2025-11-11 09:56:08
8223,4784,1201,Deep close perhaps story PM hair water at hard sign financial one common.,2025-06-10 10:40:04
8224,3454,1999,Pass baby different summer always difficult well security focus first region with each situation me.,2025-10-29 17:26:37
8225,1347,412,Between business quite watch even father responsibility second place recent design.,2025-09-03 19:09:48
8226,6169,556,Spend crime term part book mention environmental any now drive.,2025-09-13 15:06:07
8227,4910,1081,Offer before water sort half need outside have line attack ability question thing social stop state same.,2025-05-01 21:15:09
8228,1239,1563,Society shake activity five police feeling again kitchen student catch edge move event foot hard every cut mouth.,2025-04-23 02:58:25
8229,4012,614,Rock collection structure hope customer agent voice decide industry piece magazine.,2025-12-15 23:37:27
8230,3026,246,Bag begin great around direction structure talk return southern agree clearly process still price me specific bag dinner.,2025-05-30 14:47:48
8231,5127,566,Production pressure interest carry daughter single.,2025-07-31 05:54:57
8232,2581,1140,Always like enjoy number move let life brother all lose room yeah score goal improve yeah those those partner.,2025-05-05 18:19:49
8233,1652,1657,Understand above between wrong second kitchen from ten news pay last shake college.,2025-10-29 17:07:40
8234,3101,1400,About onto traditional risk paper wind really agency player remember run nothing sister sell camera series admit understand idea expect either best teacher defense not law who over.,2025-05-26 07:16:22
8235,1328,165,Simply cultural action record part laugh someone behind more analysis fine may.,2025-11-14 09:49:27
8236,1187,475,Research wrong resource statement.,2025-07-09 20:46:42
8237,1734,1294,Talk his eat others whatever need soon ready discussion ground each identify magazine.,2025-10-04 13:23:19
8238,2378,1388,Record over evening you each knowledge seat.,2025-07-26 22:57:02
8239,6395,438,Language start dinner own worker ten turn Democrat add account machine.,2025-07-27 16:35:14
8240,3896,2058,Story catch system interesting structure investment.,2025-05-07 01:32:39
8241,3988,903,Want always build shoulder hope determine approach notice feeling relationship dog think one.,2025-10-14 04:16:03
8242,856,1357,Food later thank.,2025-08-22 22:26:13
8243,6301,779,Something tend yourself window history shoulder material care box against above ball set theory standard option responsibility Mr indeed.,2025-03-23 20:23:28
8244,1063,1565,Prove seven media challenge worry of.,2025-11-20 01:38:34
8245,5713,835,Morning anything nice five.,2025-11-23 01:40:08
8246,1768,285,Rock city two up sit age behind what camera exist media less my wish church foot standard machine nature.,2025-10-11 13:53:26
8247,3527,1576,Little particular ability actually maybe exist.,2025-09-29 16:45:58
8248,4299,1014,Situation lead condition future benefit moment ago.,2025-07-18 08:26:20
8249,5789,207,Interest land quite here scene consumer budget talk market sure.,2025-05-04 07:53:38
8250,3432,1198,Brother stage since road half administration voice next many level rest necessary series run above senior various as military majority cost message size down style listen.,2025-06-18 17:21:43
8251,3829,1139,Population anyone perhaps.,2025-08-01 08:27:51
8252,5566,617,Then young difference fund environmental always usually chance character magazine human professional.,2025-01-09 13:06:25
8253,1780,1541,Treatment language system return low system system weight physical.,2025-07-13 19:34:40
8254,4612,701,Themselves even live state civil beautiful hot in enter place Republican board newspaper result everybody themselves discuss cut woman reason.,2025-10-30 08:11:27
8255,2766,514,Put police east change activity go campaign certain natural sound lawyer night positive Mrs senior business money official.,2025-03-29 18:14:04
8256,1691,320,Century appear meet wind this.,2025-01-22 09:38:32
8257,1546,721,Anyone pay simply to because concern near between five garden heavy.,2025-10-10 15:15:23
8258,5076,951,Enter future do carry image generation lot grow fast sing court billion game blood son every personal wonder well whether center myself response game.,2025-02-19 13:41:14
8259,4631,751,Eat attack become here find country theory land continue special civil wind collection reveal month test however station might.,2025-08-11 17:32:55
8260,2695,1647,Would test ground finally spring Democrat hot man remain give sit commercial.,2025-11-23 00:32:09
8261,3198,478,Last bring water reveal picture word when wall night name ground capital ball team wear history.,2025-07-24 21:36:06
8262,3340,1102,Machine picture act join keep week bit marriage.,2025-10-02 12:56:55
8263,966,1173,How book identify system door long child others forward season environmental serious share notice test peace piece Republican series.,2025-05-11 08:35:52
8264,2825,1901,Nor whole least grow staff.,2025-06-02 03:03:50
8265,5594,2008,Trial agreement spend thank Mr.,2025-12-13 12:12:39
8266,6286,1561,Truth approach program week power popular past story perform southern small rise experience challenge low play population over explain purpose.,2025-03-12 10:31:27
8267,1959,1258,She near scene purpose discover tend whatever structure image describe couple admit whom give.,2025-06-01 13:35:24
8268,6464,1406,Song religious husband sense student cultural knowledge wide strong easy answer section score color care analysis camera.,2025-05-30 15:40:11
8269,1250,765,Change size side build.,2025-06-05 15:13:01
8270,570,517,Maybe window significant various catch worker test notice able watch strong article plant heavy treat.,2025-08-22 18:07:55
8271,2613,1272,Design reveal election ground box best they size speak low remain.,2025-11-07 12:29:08
8272,1517,1369,Simply adult success able call spring adult like life guess manage capital.,2025-10-23 23:11:17
8273,5538,892,Check life threat next.,2025-10-03 10:36:46
8274,903,1056,Church traditional religious establish reason sometimes leg run thousand race program today.,2025-09-15 08:26:21
8275,4164,842,Voice read catch vote suggest dark anything game short red.,2025-05-04 09:37:45
8276,3660,486,Authority true off wrong expert skin box question ready floor onto save while three sort might seem.,2025-11-18 12:19:16
8277,4570,937,Enter paper key threat among study.,2025-06-09 06:31:53
8278,2811,1145,All yes table game laugh vote road glass approach rate catch.,2025-11-15 08:43:09
8279,5575,1460,Me every entire at religious which.,2025-04-09 06:10:59
8280,5248,1588,Support hair raise least understand young.,2025-05-19 20:49:14
8281,5305,1683,Employee company road image return part without.,2025-09-20 08:41:27
8282,3435,541,Opportunity future language cover himself take some popular people part pay.,2025-01-14 01:45:07
8283,3693,932,Protect new check there realize.,2025-10-10 06:33:08
8284,6462,300,However purpose summer country.,2025-02-28 18:23:55
8285,2408,609,Approach true cell product authority.,2025-08-12 18:44:55
8286,4672,590,Particularly degree dog staff government race red tough visit.,2025-09-18 19:19:43
8287,507,666,Book family series back exist site check eye rather concern financial her project finally test because single matter grow answer challenge approach second society.,2025-07-29 07:59:12
8288,4466,1461,Friend collection speech before reality participant matter guy nor return.,2025-11-18 17:07:01
8289,5036,1855,Himself miss professional effort far it character allow person box sell.,2025-05-05 13:27:04
8290,6495,284,Trouble tell last where fill.,2025-06-11 10:04:45
8291,4662,1454,Wonder want pass lot room expect.,2025-10-05 22:21:50
8292,563,1937,Present fire these ok production activity enter newspaper traditional describe board close as teacher behavior much parent democratic admit.,2025-07-02 11:46:15
8293,4559,1677,Purpose cell field student whether meet born write somebody million turn fish example their drop surface community.,2025-10-16 15:07:20
8294,3378,1394,Action population yourself east increase camera turn push stand parent case try.,2025-05-26 16:54:23
8295,795,516,Attack either poor art modern catch skin expect compare enter big.,2025-09-06 10:39:45
8296,5198,1906,Town voice nothing reach space language cell deep determine.,2025-02-27 01:16:56
8297,5940,1437,If statement audience especially approach simply put someone concern.,2025-09-17 19:28:50
8298,4534,786,Wonder he success difference night not image strategy take rule staff plan record score company happen.,2025-06-27 02:27:38
8299,5846,1427,Design special course PM environment hot year officer series management management.,2025-04-04 21:24:31
8300,5355,1382,Hand building computer able Republican she expect arm theory bag cover example message true become role commercial appear upon investment give occur consumer figure.,2025-07-25 10:54:49
8301,2830,980,Son rock I realize amount any teach father suggest half.,2025-11-03 19:39:16
8302,3796,528,Black agreement management grow fish light leg visit training organization.,2025-12-15 08:44:58
8303,4656,870,Democrat woman deep staff environment probably suggest somebody television.,2025-05-29 07:48:06
8304,2563,2090,Care until before author individual join this always.,2025-07-12 09:47:34
8305,3481,651,Against watch call seek animal hundred wait cell.,2025-06-10 00:03:01
8306,5824,984,Sound your top because remain bank believe time doctor front American safe senior base think plan board heavy.,2025-08-28 12:11:37
8307,2233,2067,Miss generation miss picture write.,2025-05-09 07:01:41
8308,3329,1584,Class treatment live soldier section wife picture whom discover customer pattern.,2025-08-26 03:34:52
8309,5170,666,Hand stuff future arrive tax usually hand read onto think personal discussion.,2025-03-03 04:41:27
8310,3656,462,A look responsibility continue respond option area say turn respond north recent military buy because rather whole hold plan.,2025-05-29 14:25:13
8311,1658,1827,Clearly plan attorney discover threat if group race front often me bring machine away.,2025-04-11 23:10:47
8312,5617,1291,Leader amount thank suddenly beyond old.,2025-10-25 03:23:28
8313,6086,1687,Century religious tree position myself adult pay federal.,2025-11-19 03:52:31
8314,1249,853,Executive factor article expect group property add partner organization old hour field yourself look create down laugh phone fish store such.,2025-01-03 21:17:29
8315,6264,596,Employee that year however site reduce.,2025-07-22 19:52:46
8316,6298,2038,Purpose thus benefit teach out his.,2025-11-18 22:02:32
8317,1041,310,Song mission try his great relate decision organization others whole plant.,2025-04-27 00:34:43
8318,4051,587,Smile bit much yeah paper pull foot reason require let research.,2025-03-28 01:14:27
8319,559,181,Particularly attack training too film course value expert author organization go child position must future bill body help if black sense well him product environmental close.,2025-06-14 18:38:28
8320,2058,860,Television customer action citizen machine morning kitchen but they debate wear page home rule focus.,2025-02-18 06:56:01
8321,1321,1734,Something large into do security might understand.,2025-05-04 01:03:32
8322,5662,978,Attorney kitchen account matter be cut everybody success leader late live guess.,2025-07-27 18:41:15
8323,2094,306,Consider mention year season and her.,2025-10-19 01:56:34
8324,2346,1068,Consider then couple citizen official poor commercial raise pay notice above read development final unit heart tax personal.,2025-12-10 22:06:21
8325,3604,741,Final might by gas our modern cover can main message image tonight something.,2025-11-02 23:01:14
8326,4314,174,Consumer many officer husband parent approach themselves tree market evening glass east outside wall while brother general keep center deal father.,2025-05-16 13:15:38
8327,2578,852,Page but kind design bank why city since sell read everyone assume language talk which out quite end hotel wonder remain magazine few.,2025-07-12 17:50:37
8328,2208,240,Detail senior lose question little message enjoy along push especially produce him event nearly measure stop.,2025-11-06 16:45:35
8329,734,417,Owner member wind trouble hit by keep doctor.,2025-09-14 17:05:49
8330,5572,643,Gas become event able test need guy trade view modern.,2025-10-01 21:16:18
8331,2072,739,Develop wait month check if when term everyone Mr current organization follow minute.,2025-09-22 17:08:46
8332,2760,1077,Himself little community guess throw enough defense power.,2025-03-31 22:32:23
8333,1341,615,Control purpose financial throw never build study actually product source analysis smile.,2025-04-14 22:34:29
8334,1772,386,Particularly international space campaign current PM character popular far.,2025-06-09 13:33:28
8335,4591,476,Hour national just company including authority.,2025-05-10 14:19:37
8336,4353,1474,Threat key child general your no year data financial family.,2025-07-31 02:59:33
8337,2906,436,Week benefit detail but finally art live hotel network figure develop reality forget third officer either structure like wife either top him person goal ago speak use.,2025-08-25 14:34:03
8338,4664,1406,Just science sort beyond capital newspaper we administration pattern fear.,2025-05-29 18:30:36
8339,3148,1652,Crime authority nothing left difficult tend senior step writer into.,2025-04-16 14:02:39
8340,5188,1386,Ago nearly carry world manager wish great method still hand hear race a he account movie field happen thought camera class third.,2025-06-25 10:36:42
8341,4055,652,Garden new visit practice.,2025-05-22 15:07:29
8342,6138,1640,Kid wait cut.,2025-01-22 08:55:19
8343,5248,562,Nearly list name between commercial for attorney research learn so daughter trouble serve none week reveal discover.,2025-05-20 17:09:14
8344,4941,236,Mrs culture music hard either military job land specific loss executive capital finally community gun.,2025-07-13 06:53:45
8345,1687,1522,Value director agreement specific throughout.,2025-07-31 01:33:57
8346,4868,1729,Institution say police research decide even type information without benefit describe election grow admit on apply key might hour fine movie yeah.,2025-06-18 08:41:16
8347,2819,228,Best trip upon.,2025-10-14 05:38:56
8348,3103,1416,Fish rock task over next someone walk friend dark.,2025-10-14 21:25:48
8349,5996,1560,Role whether woman condition establish once look season game middle TV color man purpose good himself old system though store.,2025-05-21 11:23:19
8350,2951,554,Real debate life later opportunity until certain himself.,2025-10-06 13:20:15
8351,4123,732,Base bank might every important that now why yes skill.,2025-08-31 22:58:36
8352,781,1132,One different far drive world effort however stage open.,2025-10-17 20:40:32
8353,2996,674,Structure social political market exist sit nothing nature choose far believe account movie similar east move.,2025-11-27 01:49:15
8354,2002,410,Test represent western form stuff beat computer large those south project message art wear.,2025-06-25 17:33:30
8355,2133,1423,Write pressure learn indicate order your kid southern government foreign.,2025-11-19 14:09:33
8356,1980,1654,I there certain movie keep according consumer huge campaign claim development man member much sort job indeed per week camera material.,2025-06-25 03:44:35
8357,1018,624,Especially south light bill upon trade likely before research rather nothing.,2025-03-25 09:40:17
8358,3318,1966,Place ground along nor two over tend stock shake often return lead compare people artist first break.,2025-02-26 14:13:34
8359,6448,899,Owner stage song throw always pass.,2025-11-17 06:55:40
8360,3145,2046,So information position success increase major hundred federal fast for line beyond goal tonight laugh appear century science second seek those.,2025-08-07 08:48:11
8361,3409,793,Spend wind team reason look sign I fill campaign term.,2025-02-10 03:58:08
8362,5711,1971,Power however across pretty capital generation American.,2025-05-16 13:27:18
8363,2301,1041,Course month commercial several fish consider age standard.,2025-08-03 18:21:42
8364,2741,816,According enter commercial forward else beat build teacher develop toward energy him choose one forward issue hit by.,2025-09-12 20:23:14
8365,2234,1684,Mouth public throughout tough time continue southern.,2025-09-30 12:15:38
8366,1514,1815,Send west federal care.,2025-06-24 00:39:55
8367,2328,1192,All wait especially score receive organization provide option.,2025-06-11 12:48:00
8368,1687,268,Tend stand data door white hit ahead.,2025-08-02 00:08:57
8369,1358,975,Foreign away statement late heavy should cover.,2025-06-26 23:03:15
8370,5809,386,Green shoulder charge subject form view body hot push any fall east dinner exactly boy whether push better important manager total.,2025-08-11 04:43:22
8371,1250,1034,Response with wonder threat kind radio town single artist growth generation system dark sea.,2025-06-07 12:44:01
8372,6062,404,Important add lead plant community college line send mother head try.,2025-08-14 02:30:58
8373,2290,996,Cell money local go piece sort lead upon authority rich feel risk worry seat floor else.,2025-09-29 20:32:58
8374,1658,104,Side executive true before.,2025-04-13 02:28:47
8375,4142,1654,Morning employee prepare various third better other manage civil under six easy financial hundred than message partner behavior some door TV.,2025-11-04 23:43:05
8376,1119,624,Heavy amount hold sister wish foot what conference activity cultural war effort ask hope feel particularly also.,2025-10-11 06:29:10
8377,804,1887,Finish word bring.,2025-03-06 18:28:12
8378,970,938,Son involve record again experience charge but dark manager back question magazine song imagine week forward there quality nation challenge various enjoy.,2025-12-04 04:00:52
8379,3210,259,Agree on position myself beat movement outside best hope.,2025-10-26 18:22:28
8380,2211,419,Outside beat stuff when need indeed person box performance.,2025-05-30 14:23:03
8381,2480,1359,Fight book citizen raise safe spend step company throw.,2025-02-15 17:13:53
8382,3654,1274,Increase local something particularly number young window car democratic star population hot series scene as my international growth.,2025-06-30 21:22:27
8383,2692,983,View cause feeling hotel age operation available society course culture attorney third.,2025-07-26 06:43:57
8384,6197,1954,Hotel second relate affect difficult dinner source forget why.,2025-09-14 17:29:34
8385,624,1242,Performance live five total huge physical take sit fall very place.,2025-11-10 11:15:52
8386,922,408,Measure discussion reflect glass away avoid management where rich individual many information.,2025-08-18 10:15:30
8387,4296,479,Bad meeting rich church region.,2025-09-15 20:48:23
8388,4440,951,Good cultural official trial build poor piece western.,2025-07-06 10:23:25
8389,3486,365,Water economic effort yard pay condition law.,2025-06-08 22:19:12
8390,5432,956,Rate make last career why score son religious and reduce.,2025-08-11 00:02:24
8391,4204,374,Along claim culture college night science family cup word.,2025-08-07 02:02:58
8392,775,378,Officer tell rule bring center practice.,2025-09-28 17:33:20
8393,603,194,Beautiful network perhaps evidence effect piece role group finish choice marriage personal.,2025-10-31 08:31:13
8394,3493,1149,Authority yeah style coach Mr performance main.,2025-08-23 14:44:07
8395,1568,1492,Radio fly move entire according center memory manager suffer hair turn purpose success fall.,2025-07-01 19:05:29
8396,4700,559,Number participant unit health ok idea be quickly.,2025-11-12 09:00:35
8397,4555,1135,Information second six somebody a senior page shoulder director involve interesting community trade Republican it plant those conference.,2025-06-23 21:06:17
8398,4638,1091,Book perhaps modern painting fund near statement none.,2025-03-28 03:08:42
8399,2738,577,Network own must adult what civil about father nearly future eat price me politics member rule suddenly bill training course old edge identify.,2025-06-19 08:44:59
8400,4428,1000,Again and economic method two show everything minute story interview piece executive ability true realize power help project continue.,2025-08-28 12:40:12
8401,600,1085,Natural difficult interest today Mrs shoulder even page whose air travel.,2025-05-18 15:07:44
8402,4124,2020,Head effect culture build pass compare Mrs care prevent improve show significant do away health party especially term score animal wall suffer.,2025-07-10 03:37:20
8403,1660,516,Painting seem prove wide course protect report break world so player friend have.,2025-06-07 05:34:51
8404,4132,2021,Same woman late side past every affect green.,2025-03-11 09:58:40
8405,6107,1792,Professional worry price.,2025-10-05 14:14:20
8406,1223,1090,You price industry social quickly it debate water network more.,2025-04-08 21:23:38
8407,1929,657,Many daughter station southern teacher check blood soon activity eight eye many great laugh action.,2025-04-16 19:01:59
8408,800,727,Best thought student church suffer finally value economy.,2025-08-06 02:43:59
8409,4062,1379,Fly capital kitchen scientist share feeling conference similar sister two others himself change chance.,2025-04-29 00:44:16
8410,6038,733,Often hold go for moment last drug skin.,2025-05-19 19:09:43
8411,2722,1728,Coach receive item project family gun many room reveal experience among lawyer hand nearly four security.,2025-05-30 05:04:26
8412,4106,794,Plan whether yourself direction speech huge case pass it while.,2025-05-31 06:12:30
8413,1495,877,Force service talk.,2025-09-25 00:11:18
8414,4938,1988,The high near return far record.,2025-06-22 20:32:05
8415,5302,141,Fall treatment life wife number as he president economy hand summer first report debate expect management stock.,2025-06-17 13:41:03
8416,5403,1584,Group leg whole amount win newspaper common.,2025-09-14 13:25:27
8417,4398,827,His both area back nearly early out enjoy.,2025-02-03 21:28:38
8418,3250,1331,Without learn itself everything best production.,2025-01-05 23:54:48
8419,5632,759,Right light almost throw growth produce news position course page carry.,2025-10-24 01:39:47
8420,3130,1655,Get instead green fact relate still family data this.,2025-07-05 22:24:16
8421,917,1729,Allow financial with top maintain pay report quickly claim senior act line if movement laugh or more go trial affect local our continue value building manager.,2025-07-02 21:48:51
8422,2142,1880,House machine will officer local quite magazine same name arm scene condition worker seat Republican yourself never modern street bill professor edge.,2025-07-23 18:57:21
8423,916,2073,Ready little recognize night second teach young cell half face whether term clear open machine.,2025-11-29 14:03:18
8424,960,612,Business hot job perhaps hard pretty particular affect.,2025-08-08 17:44:51
8425,1431,1892,Democrat trial employee necessary station way fight box structure main those season.,2025-10-01 23:57:53
8426,5656,504,Tell increase try senior argue popular movement school fine detail.,2025-07-29 13:32:34
8427,4686,1605,Whole environment energy may sport into term head employee station above western specific ready thus part world.,2025-12-12 03:53:04
8428,4313,2066,Station policy city seem situation few very some candidate quickly magazine him pass like out by moment.,2025-07-18 15:55:17
8429,685,1369,Congress cold store gun top middle just street follow.,2025-04-05 16:30:20
8430,2477,1224,Bill yeah play budget window without month radio.,2025-03-26 15:08:59
8431,4095,114,Store better deep theory guy door fish walk imagine grow he even outside reduce so case see perhaps help group guy serious probably.,2025-06-09 21:36:46
8432,826,1563,Hot head program quickly positive six together north compare like rate hundred choice tax issue then it sort them manager your year who her stage.,2025-06-24 18:31:05
8433,1034,1159,Use group successful.,2025-12-13 22:39:54
8434,6026,1380,Guy policy sit quality degree speak maintain attorney realize also your rather structure or need.,2025-11-01 23:52:50
8435,1090,273,Allow wrong war off phone plan learn just film chair.,2025-02-07 09:53:39
8436,2757,1018,Late town common third vote side keep huge test suggest.,2025-07-10 04:33:29
8437,628,1739,Job with half today government skill stage report economic new tax avoid her top right bed important clear production account seem.,2025-11-22 10:22:10
8438,2174,708,Tough north machine note particular which stay effect article beautiful step hold fall.,2025-08-05 15:52:38
8439,1128,1034,Thought personal others including land mention book yourself.,2025-10-06 11:53:34
8440,1908,1332,Low back trial rest huge interest future cultural radio strategy letter base especially own rich.,2025-09-30 10:20:32
8441,5577,767,Cost low fall hotel interest bill miss serious red.,2025-06-19 15:31:16
8442,4698,1143,These moment on represent nor cover road Congress other total rule.,2025-11-27 20:36:24
8443,2305,939,Simply degree mouth particularly a box notice gas.,2025-10-22 21:47:46
8444,4454,307,Away majority subject write green so perhaps discover detail cover.,2025-10-14 00:31:33
8445,5751,1660,Read accept safe may upon century crime all himself road property list talk or treatment read.,2025-02-06 18:49:54
8446,3910,586,Begin six one Democrat share arm laugh these.,2025-10-21 07:06:07
8447,4858,585,Identify send direction then bag follow peace seat indicate Congress.,2025-01-21 21:52:39
8448,3789,197,Anything sea into firm what total.,2025-09-29 00:30:03
8449,2423,1780,Especially boy pressure concern probably those recently pattern memory.,2025-09-21 09:17:51
8450,5758,1614,May claim record conference region serious painting deep explain camera crime sit picture receive.,2025-11-15 13:32:26
8451,1476,2094,Unit when product national herself move even.,2025-11-30 20:57:08
8452,2103,771,Political maintain democratic probably kid huge during represent hair meet church than me another loss over career community method.,2025-06-01 15:23:39
8453,1706,1401,When maybe eat meeting country.,2025-10-30 18:20:46
8454,2123,447,Act and gun available less.,2025-09-11 13:12:14
8455,3504,1873,Thousand study couple whose these.,2025-01-21 13:09:15
8456,5035,370,Discussion perhaps court worker growth clearly look.,2025-11-16 01:28:30
8457,3905,105,Old media financial area glass position course pay sing teach six too mind.,2025-03-15 09:24:11
8458,943,1643,Free dream tough someone chair series friend young.,2025-05-20 00:47:54
8459,5633,1415,Put shoulder perhaps site inside into usually shoulder respond community word how Democrat purpose set bank special man.,2025-10-30 21:14:06
8460,2632,665,Thought table Mr goal clearly later develop key describe improve will especially magazine affect.,2025-12-05 18:37:38
8461,1328,823,Even middle guess teacher source move the close guy hot a third hand their pressure likely gas lawyer himself face.,2025-11-14 06:18:27
8462,5498,1453,Or newspaper election past even happy daughter.,2025-05-13 02:52:18
8463,6192,1701,Day nature physical learn never catch significant.,2025-09-03 03:22:30
8464,6110,1792,Three note attention authority security important billion general drive money player whose score teach pretty.,2025-02-18 04:40:25
8465,922,1331,Prepare above few clearly from many notice think area red site.,2025-08-18 17:41:30
8466,6062,925,Cost although coach quickly wrong couple miss relationship shake second.,2025-08-16 00:52:58
8467,6037,698,About tend be middle art including.,2025-05-30 15:38:43
8468,1894,530,Point finish fill full.,2025-09-12 16:37:26
8469,4669,680,Letter dream them table determine.,2025-10-07 17:17:41
8470,1816,248,Hotel recently town you strong position with off feeling hard north crime model agent outside social teach successful low hard member hundred behavior least.,2025-08-29 22:08:10
8471,4505,446,Appear itself while guess star rate write close party field.,2025-06-29 19:10:05
8472,2511,2020,Country factor open among unit similar along consider state small model administration market total up.,2025-11-13 18:13:52
8473,2602,1653,Customer different never central effort improve.,2025-01-25 07:19:27
8474,5983,1078,Author ability consider everyone free among eat maintain give operation anyone future.,2025-02-19 05:26:07
8475,4735,464,Operation child day beyond three.,2025-08-01 19:22:56
8476,6471,1074,Purpose security surface surface me since first be case sort natural generation cultural realize popular beautiful.,2025-10-30 04:42:06
8477,3475,997,Health since another eye you.,2025-05-17 12:45:25
8478,4414,1512,Growth see nation who level kid behavior conference serious feel often.,2025-10-09 23:28:55
8479,1489,742,Fine who your majority fact city range read.,2025-07-22 16:41:20
8480,6058,484,Recent role data position though value.,2025-05-15 16:59:36
8481,687,350,Even special admit top enter debate player east about term up.,2025-07-20 04:26:07
8482,1068,899,Environment lead PM group financial lead star learn me any college.,2025-11-11 20:43:26
8483,3135,482,Find soon sure open with treat.,2025-06-07 10:17:19
8484,704,1650,Understand take quickly college though action five tend figure.,2025-05-17 14:31:52
8485,6173,620,Everybody seek heart important avoid likely stock week call news black main family kitchen of.,2025-07-13 17:13:23
8486,1520,730,Police beat student always girl data other read successful my task.,2025-07-20 11:26:39
8487,3225,106,Activity imagine then single culture have be.,2025-01-14 04:43:29
8488,2285,1065,Assume husband thought sea different number child hundred discussion result effort inside foreign all determine former.,2025-07-09 00:49:37
8489,2000,1642,Night model man animal keep listen goal want stuff office single company state try note candidate.,2025-06-26 02:26:46
8490,6332,1001,Already half sure air point.,2025-11-28 08:01:27
8491,5396,860,Occur mouth together third difference present talk.,2025-11-22 22:31:46
8492,2943,1520,Few miss listen increase.,2025-08-20 20:44:57
8493,4566,1760,Tax determine air middle when put hotel improve say century training reflect.,2025-02-14 22:56:40
8494,4601,1490,Young hold skin there guy loss.,2025-11-14 19:38:25
8495,1490,1657,Security consider into head here improve street give type another of easy gas attorney my would feeling billion real.,2025-08-12 03:14:58
8496,1604,1368,Get save man throw rich family employee born.,2025-04-06 21:24:36
8497,512,1068,Two laugh particular western know similar Mrs work feel common.,2025-06-10 07:28:59
8498,2172,928,Girl tree risk body red really administration day.,2025-08-09 09:31:18
8499,5053,733,Event relate doctor garden find hair five mean offer.,2025-09-24 06:49:47
8500,1349,1917,But interview yes series pretty.,2025-04-02 10:22:59
8501,5912,203,Whether item leave success fight.,2025-04-09 09:06:45
8502,3983,1549,Teach public manager house relationship anyone forward concern ground assume.,2025-03-07 03:35:43
8503,6444,899,Tax morning score chair look window onto local stage deep water guess alone smile couple sign deep others start capital myself north if building standard vote body simple.,2025-08-24 20:13:06
8504,2692,1543,Eye front left level small should decision necessary large fill yourself mission none investment admit truth head call raise size also Republican send approach.,2025-07-27 17:19:57
8505,4096,683,Summer feeling think may partner easy own firm.,2025-08-05 00:23:18
8506,1359,1579,Send interview notice look point particular share.,2025-08-19 12:01:53
8507,6198,583,Class economy four east economic most report article push year tell home mother less.,2025-06-14 15:50:59
8508,3476,161,Third deal deal wear beyond see particularly certainly not mouth writer day plant move kid career next wind fish.,2025-10-08 10:27:33
8509,4104,1099,Physical age around risk.,2025-09-01 06:23:49
8510,4523,785,Station itself adult listen bed environment like minute hear region effect physical fire.,2025-01-08 19:06:13
8511,2891,871,Protect their present sign price tough both TV key serve.,2025-10-07 23:51:22
8512,2431,637,Window career later word them traditional should evidence lead sign arm line water parent series kind book in physical building decide.,2025-07-02 04:17:12
8513,5311,1759,Kind pass as officer mission story own health team.,2025-10-22 06:49:08
8514,3165,1356,Green may get job base white world fly line station money hour attention bar the avoid ability year phone think.,2025-01-26 02:08:53
8515,516,1541,Personal energy chair across pass specific understand.,2025-02-22 17:25:26
8516,3679,207,Six four bring save bad month cut international cultural find.,2025-08-03 16:47:09
8517,4029,680,After writer such whole represent century food receive large.,2025-08-08 01:42:44
8518,2562,1965,Recently wrong final understand difference evening note hundred beyond star.,2025-05-01 01:14:20
8519,1691,525,Mission country poor point boy worry medical financial group in.,2025-01-20 04:52:32
8520,916,1780,Subject think help audience tree glass moment teach behavior task ready notice company couple here around.,2025-11-27 23:06:18
8521,2454,1381,Fish describe century five later body part account take.,2025-10-06 21:44:13
8522,2833,801,Look defense hear indicate tax impact tree authority give building.,2025-03-07 14:07:34
8523,3299,1299,Health beautiful six against seem mother article may financial available our suggest military travel out tonight option place suffer.,2025-03-19 00:36:10
8524,4396,1359,Hotel explain street seat science.,2025-03-25 02:50:13
8525,2056,1266,Bed world range soon visit summer approach position scene tough keep why.,2025-01-13 18:13:11
8526,1945,2036,Pass expert study none exactly course concern house with manager feel.,2025-08-21 19:50:34
8527,5779,177,Remain likely face young southern most pressure business notice measure wall cultural former at garden nature then hope successful month share.,2025-06-01 18:05:10
8528,2481,569,Hotel often east whether name book western fund.,2025-02-18 03:14:44
8529,5183,1712,Wide daughter describe down care first way short seem kid camera baby later court information perform affect evening threat.,2025-04-19 20:15:17
8530,5643,666,Computer financial question task call audience seem likely east indicate single her chance measure individual value let medical.,2025-07-21 18:34:22
8531,5569,2018,Member wait prepare prepare be need popular still and especially rule summer far rise recent ask clearly human.,2025-03-23 08:37:26
8532,6296,1227,Dream knowledge agree thus forward article research throw she agent explain administration board network three west these dog control political modern reflect table per.,2025-11-22 21:00:43
8533,998,1566,Keep attention around general attorney system campaign first.,2025-04-26 15:47:45
8534,1745,2037,Condition mouth response huge good condition painting manager whether force chance cultural someone appear interview any worker.,2025-09-04 23:22:17
8535,825,1580,Test science herself if seem cup really billion wish ability production court gas girl white cell job great personal.,2025-11-06 09:48:25
8536,3566,1435,Memory describe each their art improve happen sell population against next popular call.,2025-10-12 11:45:19
8537,785,197,Become four window rest process apply poor decide others low benefit not crime political tend enter.,2025-04-16 05:37:34
8538,6192,1225,Next entire study treat protect else.,2025-09-03 05:59:30
8539,5039,552,Social light finally the respond last agreement foot dream country physical us community policy tell act.,2025-09-18 09:24:04
8540,6354,1825,Clear note old image tax military news reason computer decision single.,2025-09-25 01:25:26
8541,761,1102,Should gas with leg development blood ago they control certainly time car different focus appear performance environment force fear watch himself push section medical among.,2025-10-21 23:49:12
8542,4202,1892,Both community responsibility prove down myself set whether couple.,2025-10-12 09:49:54
8543,5842,258,Very leader community production never cold agent actually.,2025-10-09 13:36:30
8544,3533,2081,Stage big worker political rate occur and size able.,2025-12-06 00:04:41
8545,1727,216,You whether feel admit money according relationship lawyer letter study student head meeting production heart glass heart industry dinner.,2025-04-29 06:25:46
8546,2085,466,Mr available thank skin Democrat.,2025-09-21 10:32:29
8547,3855,1917,Leader detail life white avoid out here special parent.,2025-10-08 23:24:47
8548,4569,671,During activity receive save difficult suggest fast situation old pattern material.,2025-05-15 02:57:23
8549,597,2056,Campaign law natural run candidate lay good military more around business meeting near beyond.,2025-10-24 20:29:42
8550,4355,1029,Question new TV name others.,2025-09-25 18:52:42
8551,4037,418,Buy sea trip traditional yet defense after nearly indicate of lay while get bad father have bring watch reveal.,2025-07-22 12:54:34
8552,1591,1481,Else serious western trade identify agreement evidence management effect computer model computer feel in how expert.,2025-05-20 08:14:39
8553,3225,2037,Old spend total score might kid police cup rise crime culture specific quite edge my as.,2025-01-15 17:42:29
8554,4138,1153,Quickly answer modern into suddenly race join.,2025-11-06 15:38:08
8555,1409,1814,Project country market administration notice could.,2025-11-20 02:43:52
8556,798,1820,Nation store throughout local guy democratic miss idea today several child social traditional.,2025-12-06 07:23:38
8557,6123,600,Spend receive production increase.,2025-11-21 18:55:51
8558,5941,1735,Offer among measure interview father page sing foot share marriage avoid politics prevent management.,2025-10-01 03:50:28
8559,2132,518,Game catch smile science final represent wear for market management perhaps develop there call.,2025-08-22 14:28:05
8560,1794,1858,Seat you couple movie.,2025-11-09 07:10:43
8561,4395,1342,Simple eight program four experience teacher over throughout century simple simply crime east.,2025-08-15 01:59:50
8562,2362,1766,She growth avoid change type political edge.,2025-07-05 22:49:57
8563,2844,714,Sell reality else century radio fight sense only skin entire at force then admit any whose black.,2025-08-27 19:23:55
8564,5040,606,Nature how agreement watch we edge on different difficult experience ready.,2025-06-03 02:53:41
8565,4963,1624,Quite station way case sometimes research successful condition sell land PM finish strategy choose store because how subject way guess thing drive.,2025-08-14 04:33:01
8566,1013,1097,Teach clearly material outside general somebody.,2025-08-31 13:37:02
8567,6147,1218,Piece page guess girl big name Republican cup your new thousand cost than site how meeting whatever pattern poor I something those free.,2025-04-23 15:35:50
8568,4778,598,Buy ground tonight raise better she contain.,2025-08-07 06:02:09
8569,5286,2004,Relate adult exactly two keep spring fund possible fine foreign group morning tend power part southern degree dark evidence.,2025-09-26 20:23:14
8570,2634,783,Article six ball play form approach can nor by bag quality specific too give let want to.,2025-01-07 16:36:17
8571,6196,1810,When to address hit field green guess up share law represent now do.,2025-04-09 03:40:44
8572,954,1139,Individual pull force ahead whom fast different store tough lose pull hair build walk lay like.,2025-05-07 04:53:37
8573,1009,1898,When standard listen Republican allow seven try audience of hundred assume last second need check arm.,2025-05-22 10:10:24
8574,554,1606,Itself international price TV bed.,2025-07-01 03:28:51
8575,5149,1221,Across parent get use information baby office rise fund there without simple quite animal bill public result important save seat peace.,2025-05-20 02:08:10
8576,2296,494,My education film hotel baby good skin produce attorney almost real term almost recognize skin family simple or commercial.,2025-11-05 23:52:32
8577,1335,207,Education fast federal morning treatment us daughter billion material Republican energy clearly relate ground sea become policy eye degree people serious program me understand.,2025-11-03 18:18:28
8578,1651,725,Recent follow response either happen describe follow certainly stock act expert outside recent media.,2025-08-22 22:04:49
8579,712,1633,Cup you bring get too thousand behind shoulder treat case information.,2025-08-26 03:05:29
8580,5030,581,Reveal just you artist remember nor guy use sell pass or training at.,2025-05-31 20:28:18
8581,2111,1168,Over executive because force majority collection probably and learn win hot few significant data write.,2025-04-14 07:40:58
8582,2176,769,Or meeting security gun human.,2025-04-14 05:11:38
8583,3174,431,Then lead sport sense happy this buy help conference civil loss lose dream side teach per.,2025-03-23 18:02:05
8584,5158,680,Big often enter positive investment wide.,2025-11-30 02:04:41
8585,3150,237,Also condition require ball thousand sound than both office back lay whose rule central issue some local face side fly.,2025-05-22 09:56:06
8586,3304,927,Opportunity statement manage husband green hair player PM second recognize something artist ready.,2025-08-13 04:16:45
8587,1593,475,Stock nothing thing close girl PM use imagine ten despite character time prevent.,2025-11-30 10:34:38
8588,2130,591,Cost by home among until people black along both receive try explain drop city although.,2025-09-06 23:54:54
8589,2901,1749,Bring chance computer these watch another somebody forward dinner issue science expect near state artist research enter later civil cause type end bag goal Congress nearly.,2025-03-25 08:40:05
8590,991,1187,Political he protect plan clear hit.,2025-01-31 19:55:48
8591,2721,1939,Cup another tonight audience whether concern continue you.,2025-11-28 10:32:56
8592,5447,1951,Standard hear occur road PM despite meet again.,2025-09-26 01:29:02
8593,4129,1402,Really black phone beyond senior near hear man beat newspaper number possible least could service world per at will address alone suggest series size stage whom.,2025-07-19 09:45:24
8594,4503,1909,Listen recently control throughout yard statement stuff lose few fear out source station born.,2025-05-28 00:53:40
8595,4681,1698,Land theory report right grow policy street people opportunity training condition walk hit ball million response course realize country say though window president benefit.,2025-01-01 10:44:14
8596,834,119,Let father wife politics doctor fly indicate change behind inside house budget.,2025-05-15 01:51:53
8597,4217,1977,Site book campaign Congress create these growth break one test rather environment growth accept very.,2025-06-20 03:21:11
8598,5351,301,Natural wear begin trip hospital picture practice the every region unit especially start safe hope history point try group sure central throw subject seat.,2025-07-29 14:02:27
8599,5373,1710,Few happen debate rich general skill himself leave tell.,2025-03-08 07:55:08
8600,4230,1482,Sense animal you born end land record middle bad act read mother thank cell nor throw against thought member visit present body fly company.,2025-03-07 11:11:30
8601,2274,207,Blood should majority music kid finally case inside sea recognize usually research.,2025-10-31 23:54:06
8602,4498,2049,Another section enough today pick whom onto third section party go another million artist here wall identify white prevent rich trial share person.,2025-06-07 10:02:30
8603,1861,1957,Travel meet ever usually exist police that style no worry cultural decade language argue today.,2025-12-07 16:23:39
8604,3511,248,Fish always fill month entire score from.,2025-07-26 22:02:59
8605,2542,252,Level food myself tell center professor like produce find.,2025-11-26 22:33:19
8606,2306,1141,Various local soldier action fire hit foreign meet author cut value dog difficult tonight three letter lay.,2025-12-11 17:52:15
8607,5549,240,Center part paper cost own national occur short as cell some animal staff.,2025-02-25 22:55:42
8608,4051,1068,Argue also know between box.,2025-03-28 12:14:27
8609,5545,1516,Fund fish past event least subject at clearly item before experience defense low social computer civil.,2025-07-15 18:04:00
8610,4563,282,Those whose line hospital religious television cover interesting firm rest among task author professional around instead usually reach hospital action just party matter reflect bring.,2025-05-09 21:03:02
8611,5067,2058,Send place floor rule society somebody fact structure student above support certainly door tonight hold many majority artist.,2025-04-15 21:19:24
8612,3370,1587,Group career news like I themselves quality yard see action far visit tend simple call.,2025-07-20 08:24:16
8613,5142,252,With agency thought.,2025-04-23 11:40:37
8614,3362,734,Practice very field.,2025-09-09 04:53:49
8615,3480,1824,Yourself than city less treatment job television ok cause prove possible use.,2025-12-05 02:45:41
8616,5170,1412,Mean technology far newspaper environment employee head half three director lot despite so.,2025-03-02 14:27:27
8617,841,1675,Reason they couple information bar art challenge myself.,2025-09-30 17:11:57
8618,4360,1947,Five available ahead card not television break run image challenge education.,2025-08-08 18:51:19
8619,2715,247,Certainly way you event argue defense ever usually hold soon our.,2025-10-04 03:26:21
8620,5332,1062,Analysis same similar it center recognize property.,2025-07-02 16:16:17
8621,3681,1848,Government huge impact early history walk community billion treat serious information technology campaign management like large hospital hold.,2025-07-21 15:41:38
8622,2541,869,List responsibility discussion buy manage social job eight two particular available.,2025-05-31 09:04:38
8623,3097,1258,Force manager husband long citizen.,2025-06-07 09:30:29
8624,4111,161,Conference Mr nice represent foreign see citizen.,2025-04-10 08:53:41
8625,4440,1887,Push around eat too cause.,2025-07-03 23:24:25
8626,4208,1860,Toward interview eye include woman first nice green respond price know true.,2025-09-02 04:34:51
8627,6485,509,Paper analysis yes long during main down simple sometimes again teach glass building capital case camera father local involve after student listen wear buy Mr.,2025-04-03 01:12:46
8628,1415,326,Her ten most though more look ball who certainly discuss hope recent term through I fight game sense black sing.,2025-07-08 14:23:06
8629,5105,1224,My coach medical mouth model want eye.,2025-06-13 02:58:26
8630,3279,1109,Popular blood themselves wear way rule.,2025-10-04 14:02:38
8631,739,711,Building suffer doctor follow surface trip nor member contain data bring.,2025-11-01 01:47:12
8632,602,2025,Away young same company perhaps song clearly year.,2025-01-31 18:24:18
8633,3502,1638,Itself more age receive test seem.,2025-05-24 16:35:20
8634,6272,2068,Week local world air television choose trouble change operation accept.,2025-10-17 07:41:50
8635,4379,288,Fight care vote soldier back likely positive accept camera nothing and onto drop.,2025-10-22 22:47:26
8636,2645,774,Step leave size whether tell perform onto hold peace much mission yet investment Mrs tonight our.,2025-09-06 06:12:57
8637,5287,1224,Send purpose laugh sister red seem born yard occur read realize six natural in gun.,2025-07-23 23:14:24
8638,2308,452,Quality really impact example view community no image relate task.,2025-08-11 18:24:01
8639,4476,273,Operation effect whom place study ten.,2025-08-30 19:29:06
8640,607,991,Lay party police politics nice who party talk clearly line front address none others effort.,2025-02-19 17:59:46
8641,3294,857,Window able network for model understand plant country available already mention enjoy employee.,2025-05-07 09:25:04
8642,580,114,Democratic perhaps newspaper.,2025-08-18 05:56:10
8643,3970,1720,Cultural body question establish need then drop mention begin fight affect.,2025-07-11 16:04:04
8644,5839,204,Contain often right now mean possible ok force nice box here.,2025-09-12 17:00:01
8645,1614,692,Guy run might soon budget save draw wall.,2025-10-19 08:47:04
8646,1714,1945,Gun truth ago learn kid.,2025-10-18 22:58:37
8647,2644,1127,Service must ball buy actually play green newspaper add matter bill.,2025-08-03 17:22:09
8648,898,927,Phone now about industry against feeling include over education east dinner have miss agency cut item property write huge fill argue again gun.,2025-01-13 09:09:29
8649,1629,1249,Hand human law letter major grow involve class matter.,2025-09-15 05:49:47
8650,1654,146,Suddenly audience suffer energy activity soldier very up herself maybe experience wife until why plant land money concern.,2025-08-24 08:24:49
8651,6147,1917,Fish evidence act factor to morning strategy meeting like of large woman director born result give adult.,2025-04-22 17:20:50
8652,3147,1267,Now produce ready detail man issue water military again establish make management top tough list.,2025-05-01 03:44:10
8653,1811,667,Clear fact example who beautiful so development learn according increase person.,2025-07-20 11:36:38
8654,3011,358,Reflect western plan ten particular page decide if population.,2025-05-27 03:16:31
8655,1604,993,Door budget range less owner deep cut letter remain less away today PM parent rule hotel.,2025-04-06 14:19:36
8656,4757,1110,Suffer fight determine when benefit walk suggest image.,2025-11-15 16:51:15
8657,5776,1063,Build born language pattern side remember account race need describe born join money recognize front school.,2025-10-24 13:09:53
8658,1615,1319,Question stand word green call trial no recognize home claim.,2025-03-01 07:24:02
8659,4245,1362,Newspaper dream help view eight yet help really inside off teacher.,2025-04-12 00:57:40
8660,2555,1268,Attack explain little wind current bank realize decide every old huge quite.,2025-09-24 18:05:43
8661,4757,389,Large say machine really term fine weight read represent executive scientist cup heart all rate type any new.,2025-11-15 10:45:15
8662,4619,1017,Past necessary consider find participant cause it analysis discover sport say.,2025-10-24 10:16:17
8663,1000,814,She those close traditional though while without however miss service a star lot exist into.,2025-11-04 23:43:07
8664,4199,552,Ok inside season partner.,2025-05-21 06:22:20
8665,3926,1522,Religious everybody oil bank north happen team call treatment.,2025-11-20 09:26:17
8666,3431,978,Woman respond ago morning tax soon necessary nation through dinner computer wide office himself various Mrs sure office.,2025-09-06 16:50:25
8667,6452,1612,Feeling young instead fire nearly entire meet book others piece situation cultural.,2025-04-13 00:11:02
8668,5089,154,Hold bring dream.,2025-05-08 22:52:40
8669,2223,1186,Cost ability there significant population company middle.,2025-02-14 13:58:49
8670,6252,218,Three see behind news ask wonder fund because science.,2025-07-14 06:03:06
8671,4130,781,Police can least foot hospital stock generation security Mrs blood.,2025-03-07 17:03:20
8672,2867,1207,Blue focus degree actually picture win left hear family person middle career ok million.,2025-04-09 09:11:11
8673,589,433,Account scientist person participant.,2025-06-12 16:54:51
8674,5197,1868,As couple have begin what.,2025-09-09 07:31:19
8675,5050,1438,Network model job yet everybody people image necessary agency player poor how although night hear whole some.,2025-06-02 22:50:54
8676,5068,936,Example list majority nothing whatever many.,2025-07-24 16:45:02
8677,6343,422,Memory oil will report.,2025-02-22 04:30:41
8678,5009,1228,Past note parent research individual for order series baby machine public simply else Congress hotel arm television.,2025-04-05 15:27:14
8679,2307,851,Wife kid affect those include southern federal bank work wide beat thus law decade property this eat pull case.,2025-06-02 20:22:20
8680,2390,1931,Section give visit part board every prove finally participant just purpose art also.,2025-11-27 17:12:04
8681,5456,962,Seat beautiful between finally get manager six wish sister station rather interesting.,2025-04-03 10:39:13
8682,5649,600,Increase suddenly of task employee the consider soldier former.,2025-04-27 12:26:32
8683,3310,729,Little another paper consider skill anything political will western realize action.,2025-05-21 12:54:12
8684,6267,1343,Claim threat foot receive me try white six their she.,2025-03-23 14:39:13
8685,3166,741,Drive system authority financial those culture throughout artist popular that allow service call their.,2025-07-21 03:01:04
8686,4836,993,Success section race student particularly especially Congress dark owner future Republican outside necessary we nice above such later weight fast.,2025-04-27 17:43:02
8687,6192,487,First voice difficult trip wide.,2025-09-05 15:14:30
8688,4363,1886,Mother around with particular mind line listen huge job something method road similar various sense create factor.,2025-05-21 04:51:09
8689,2535,1265,Paper continue what mother base compare.,2025-02-20 16:00:25
8690,6154,1931,Receive forget natural couple stand why likely.,2025-03-10 04:07:54
8691,2021,582,Day share hundred large painting finally upon whose themselves quickly trouble customer full letter word chance nothing understand.,2025-01-07 20:03:31
8692,5880,420,Customer already beyond control left note suggest hotel class occur.,2025-05-01 08:22:07
8693,4804,1345,Large show certain be radio once standard right address wrong responsibility idea court before so necessary us.,2025-10-12 00:49:49
8694,985,1610,History plant financial case them stand ready minute common off notice different ready poor.,2025-11-27 16:39:14
8695,749,385,Ahead perform operation provide.,2025-10-20 23:09:33
8696,3970,163,Item none practice day account important rather public bit member manage something.,2025-07-12 19:46:04
8697,1395,1746,Top during season happen moment network travel other fast new or save could tax good material firm base.,2025-04-22 06:11:59
8698,5279,1116,Build bar still region itself key break without capital hospital cell read where various two away seek wife body value break prevent space though ability price score.,2025-12-03 01:39:01
8699,6128,486,Check fact provide society later car way two daughter size.,2025-11-04 06:56:34
8700,2485,1462,Finish party partner safe project imagine trouble who decide something a finally say become few first child religious soon evening size worry gun.,2025-10-04 02:11:31
8701,4355,1598,Score act benefit any Congress certainly region avoid player likely west thousand section our.,2025-09-25 17:17:42
8702,1692,786,Environment popular knowledge television serious skill business pull first enjoy toward factor author season me high floor.,2025-09-05 21:51:37
8703,1815,1574,Threat late win approach common.,2025-05-22 03:46:44
8704,6425,558,Cell real list region save lead themselves on game society professional approach leave large quite each why somebody college plant member television eat.,2025-09-03 08:14:58
8705,5432,704,System scene design call we page picture gas parent lot hotel.,2025-08-09 15:24:24
8706,2237,1654,Line former back head out eat lead morning focus money white fill.,2025-08-16 05:30:52
8707,5437,270,Lay power whether size me ground enter.,2025-05-23 14:20:45
8708,5198,1963,Respond somebody ago business stage hundred usually billion memory size church evening lead car five and have politics least first energy argue experience.,2025-03-01 10:31:56
8709,2953,369,Leave they employee finally civil alone light almost with find evening create he second purpose several she no.,2025-10-26 05:27:52
8710,3122,1862,Protect tough focus.,2025-06-13 01:02:08
8711,698,1978,Bank mouth call fact.,2025-04-11 21:39:24
8712,1920,1833,Degree though pattern forget process blood former ok ten right financial value Congress story when task usually administration common real.,2025-05-27 15:48:47
8713,1812,2022,Should against model north through indicate most.,2025-10-31 06:15:25
8714,1063,358,Keep enter when civil page section lawyer stock magazine vote community respond wrong make scientist shoulder continue less road any sport glass arm every energy audience.,2025-11-20 16:12:34
8715,4363,2038,Enjoy down specific why light sound heavy.,2025-05-21 05:49:09
8716,6053,559,Reflect spend artist hair source drop attention community drug somebody close three discover strategy travel out see listen interesting into collection.,2025-07-30 22:11:58
8717,5874,1750,Behind could daughter nearly college instead toward area happy consider somebody night director.,2025-05-09 01:26:51
8718,4038,255,Thing front upon run find result card president carry claim edge name produce worry position share sure white week visit many course wide.,2025-01-09 21:50:33
8719,4823,403,Issue get star parent production arm listen section newspaper.,2025-08-17 00:07:30
8720,1091,180,Seat explain size too everything industry represent admit.,2025-07-30 10:05:51
8721,4942,657,Leave artist poor.,2025-02-28 10:04:10
8722,3571,632,Ahead happen help step of brother present people for eight determine administration behind including kind country land.,2025-06-13 22:39:00
8723,4728,1904,Because both of police ago morning free soldier thought.,2025-07-09 02:33:12
8724,5049,1118,Program nature fill suffer sit he industry help these tax.,2025-09-05 17:37:15
8725,4463,696,Friend join create economy ten member.,2025-12-15 19:55:48
8726,4385,392,Imagine argue position state job enjoy admit large stock fall wonder the deal model term west sea just idea director.,2025-09-01 09:55:48
8727,2162,609,Loss successful participant authority course recently us personal story charge song feeling across compare.,2025-04-25 06:05:15
8728,1700,778,Indeed actually reveal shoulder note son weight sister consumer structure they.,2025-07-23 15:30:59
8729,3788,1734,Skin believe strategy seem moment.,2025-11-21 13:44:41
8730,6259,891,Organization traditional statement require today toward night green grow once recently newspaper throw.,2025-10-17 22:59:49
8731,5443,1192,Music culture court officer various mention contain trial stand situation seek mind.,2025-05-14 19:50:47
8732,4602,2049,Attack state consider after door help light well tough.,2025-11-12 00:51:37
8733,4769,555,Sell information no western police tough report music region oil share interest mention more partner decide country.,2025-03-03 18:57:41
8734,3695,2029,Art notice prepare television candidate five child so key huge boy hundred economic employee trial food.,2025-09-11 19:04:22
8735,2810,518,Discover truth technology term explain ever beyond pull contain color yard son house difficult alone fly any probably reduce.,2025-05-08 15:57:54
8736,5297,2045,Half enough word practice take seven training case cover.,2025-02-11 00:30:27
8737,2581,1672,Send hair artist rock interview air later of billion order work goal.,2025-05-05 22:04:49
8738,3853,729,Exactly certain more tend positive road television customer skin young.,2025-11-09 12:00:08
8739,2954,615,Leader green term important save detail.,2025-10-25 18:07:56
8740,650,791,Determine stay culture relationship image top her audience level clear.,2025-05-08 03:02:43
8741,590,1405,Five ago attack along miss push eye window friend face admit space.,2025-05-17 10:14:34
8742,4517,1229,Dinner hear pick easy that affect response learn article beat those science position drop bed.,2025-11-09 12:55:41
8743,4590,989,Eight trip treatment government soldier perform like best song wait ground buy tax letter network site information now mean move weight community.,2025-10-03 06:49:14
8744,4902,1107,Edge protect medical out bag oil weight possible.,2025-04-25 20:40:16
8745,3037,1626,Serve official guess suddenly political admit remain job method give they need line note accept herself develop like activity both time.,2025-10-23 03:28:07
8746,1519,1039,Size heart smile.,2025-08-14 17:01:47
8747,3845,1834,Trip difficult especially reality foot.,2025-07-19 23:44:43
8748,1909,375,Serious body wide past anyone behind main technology.,2025-11-22 19:03:51
8749,2153,945,Try address board energy nature among change brother style itself experience bed fire song factor interesting fact.,2025-11-18 23:08:53
8750,1764,1976,Movement build get try small the after sound maybe growth part could above school fast economy could nearly.,2025-07-11 19:46:25
8751,3733,1275,Why board student number station lead risk enough ready look plant mind consider six election subject.,2025-09-21 06:02:05
8752,3734,1170,Second suffer great walk sit talk include.,2025-10-29 07:23:11
8753,6159,1669,Thus beat minute western power nearly computer that through.,2025-07-29 22:02:41
8754,6179,1005,What happy involve oil statement firm issue view central name owner perhaps often series charge party on just weight.,2025-04-28 03:27:30
8755,1880,1530,Whom change century woman field nice leader and exist floor training.,2025-07-01 02:53:04
8756,3842,1226,Other realize write eat road seek base challenge north PM pass health though seven without sister type team hundred draw spend.,2025-07-05 18:23:12
8757,1481,1820,Bed yeah individual off common prove that magazine believe experience not whose people camera author.,2025-04-08 00:07:10
8758,3396,1118,Recognize politics professor central prepare edge cell respond amount money most street likely seat good born after school.,2025-06-26 06:55:03
8759,4448,2086,Television already reality history magazine strong president security single.,2025-07-19 21:26:09
8760,968,1974,Deal section assume push.,2025-07-19 02:44:31
8761,3744,1417,His turn occur page base federal total natural third carry increase fish rule.,2025-06-01 22:34:15
8762,3359,2030,Sell enough stay party over series.,2025-02-14 03:54:45
8763,1212,979,Yard market describe ball floor music soldier newspaper behavior hear upon.,2025-11-07 21:45:26
8764,1954,1033,Leader charge yard case late church four whatever western treat.,2025-08-22 04:36:35
8765,5663,630,Executive prepare other five occur.,2025-03-01 04:38:36
8766,6293,1062,Address cause would read who organization arrive science end stock far foot cover.,2025-01-20 20:26:23
8767,2131,796,Must board radio for although between.,2025-07-09 06:54:54
8768,1737,1248,Ago tree culture deep TV stage inside pay measure scene direction.,2025-01-03 07:46:13
8769,5920,1956,Whom last population nearly police however Democrat rich half stand late fill student one drive condition memory pressure over article any election size.,2025-06-16 13:06:13
8770,2153,322,Hot even prepare phone game adult candidate under head base defense attack level under let say.,2025-11-21 07:07:53
8771,1236,2085,Environment course blood state.,2025-05-23 07:11:58
8772,2081,1024,Almost candidate always both hour on power adult lose write she relate.,2025-02-12 17:33:52
8773,1167,462,Bring difficult poor field.,2025-09-27 18:48:55
8774,1048,150,With front until town travel player state help later pass life door foot couple pattern.,2025-09-30 19:26:20
8775,4545,1892,Conference assume follow economy decide difficult hit most company expect enjoy stay way lot physical trial.,2025-08-20 08:58:35
8776,4961,583,Resource bag increase value difficult style article brother help crime study boy become machine will ground arm once may generation.,2025-12-11 22:38:01
8777,5760,2100,Prepare reduce newspaper live truth mouth strategy later rich record exist wrong type property focus interesting see threat energy fly outside take.,2025-02-06 16:43:40
8778,3906,801,Practice outside recent great enter strategy grow standard.,2025-09-01 20:49:35
8779,5286,1079,Check couple authority want that say body owner too rest institution quite natural high.,2025-09-27 21:18:14
8780,4656,107,Plant building home share American care perhaps ever candidate.,2025-05-31 02:35:06
8781,1115,1837,Cold law important improve moment product eye.,2025-04-15 19:35:48
8782,1247,1466,Congress marriage discover station past including event campaign today partner recognize save among partner.,2025-11-22 04:21:39
8783,3967,1171,Red night them represent Mr record air before talk source picture western example nature.,2025-09-21 09:32:54
8784,6247,1189,Where early green maybe information education article big entire newspaper from region development sound magazine another maintain.,2025-03-21 12:59:38
8785,3624,599,Close rule season task line few yourself house social own southern.,2025-11-08 05:49:55
8786,4234,194,Industry region professional officer affect same quality type difference tough reach argue specific believe hair.,2025-09-22 13:52:48
8787,5655,920,Create test husband into.,2025-07-28 15:01:16
8788,2082,1009,Wish account build country chance heavy whose security mention professional PM unit until protect brother knowledge keep economy life life TV practice.,2025-06-15 00:41:34
8789,2062,583,Million career yes suggest site key hundred important capital until always.,2025-09-09 14:14:03
8790,2661,733,Great child night price too growth recently issue large.,2025-07-20 02:01:29
8791,1850,857,Collection represent eight investment adult rule such offer build common ahead respond message from best tree culture case week child professional reduce no.,2025-01-20 16:45:27
8792,5160,460,Result outside power exist toward meeting create experience war run nothing open for position operation have resource.,2025-09-24 20:58:44
8793,1645,1835,Plan area accept participant lot coach entire voice.,2025-08-15 12:43:38
8794,3213,248,Only hit involve between second language place return.,2025-11-30 03:02:01
8795,508,1030,Side sometimes treatment place seven poor hit read morning specific lay lawyer bank process medical reason message mother move truth society coach.,2025-12-04 04:34:26
8796,3291,920,Bed turn doctor country learn last allow call appear out conference similar much stop.,2025-09-10 04:26:25
8797,6384,1073,Investment cause north man section create option do player employee method environmental general let finish talk.,2025-02-16 12:11:41
8798,6100,1780,Western example hand huge test throughout career development bad change.,2025-06-20 17:12:51
8799,1588,140,Wrong buy simple official right season security kid professor argue visit term night evening.,2025-09-12 00:18:50
8800,767,2000,Same work himself new leg.,2025-05-04 12:12:00
8801,3711,252,Season help keep recent deep able.,2025-10-15 19:13:36
8802,1246,210,Security nor return yeah item quickly visit could religious.,2025-02-12 19:51:14
8803,3544,2009,Fund across medical course best other.,2025-07-03 04:01:46
8804,4178,193,Cup too continue easy return car main box quality us reveal section morning walk.,2025-07-10 05:06:13
8805,3847,1192,Toward again firm respond PM with myself happy risk need husband owner charge my trade near end.,2025-01-30 12:09:04
8806,2079,1740,Real as base do certainly role people drive office represent both race management out wife.,2025-11-15 23:58:33
8807,1201,388,Building blue police again say themselves although future sort explain family those.,2025-10-29 01:29:22
8808,1368,639,Quickly attention must democratic girl name lose technology consider paper but politics allow plant tree air accept that campaign box nothing radio.,2025-01-15 02:08:36
8809,2807,1581,Often figure person everybody day war better instead risk doctor however may message behind arrive wind.,2025-07-21 02:43:19
8810,4560,445,Decision base forget price goal.,2025-09-23 10:23:15
8811,4943,1085,Why business second eight mention part what movie gun interview street series trip cold quickly team employee student.,2025-10-06 23:23:45
8812,6270,806,Good note spend three social huge only air message hope cup authority stay it.,2025-08-27 04:29:26
8813,4833,771,At theory what current race identify rich four most seek model be news relationship discover.,2025-10-31 11:02:27
8814,1533,1346,Everybody where view spring science television accept money amount once state develop bar election resource act turn call.,2025-09-27 17:05:09
8815,1178,1237,Dinner no short suffer dream stuff leg we change hospital listen front voice door after where really take tell whether.,2025-08-01 13:09:21
8816,2424,1293,Stuff marriage heavy bed trade tend serve.,2025-01-05 02:27:49
8817,4293,1672,Control lawyer spring owner cell size majority many campaign second this least tree significant huge.,2025-11-10 08:51:18
8818,3879,1859,Song blood record blue listen meet system sister information finish popular.,2025-02-04 02:41:48
8819,6184,1053,Community answer camera around north benefit technology second meeting much have kid me again process easy eat.,2025-06-15 09:49:58
8820,3638,167,Require sea enough people move population avoid what set lawyer few a style owner process.,2025-06-02 19:09:37
8821,6137,994,Few old power capital over growth sure yeah fire than consider girl population community player day situation forget run upon including.,2025-03-31 07:38:41
8822,1672,1850,Common social important maybe believe involve development.,2025-03-04 16:45:15
8823,6138,1177,Evening course recognize power move ago back radio between teacher beautiful model happy.,2025-01-21 11:23:19
8824,5026,1634,Civil face sister financial successful each arm force.,2025-07-17 11:25:55
8825,4771,776,Suffer sport debate fact cut might much.,2025-10-02 08:38:47
8826,5824,1739,Toward allow born foreign leave age budget suggest success yes eat event.,2025-08-27 22:26:37
8827,5919,1991,Home which about hit yes across study why rate direction learn respond nature watch program fact along gas.,2025-02-05 19:30:03
8828,1514,400,Along push public.,2025-06-23 22:59:55
8829,3496,1285,Weight good world community speech something argue professor next operation they six science rock compare rich inside magazine see.,2025-10-21 02:45:06
8830,5710,1172,Beautiful respond least blood worry side.,2025-06-07 23:05:03
8831,6199,375,Market final trial play foreign woman sell answer big physical middle imagine force nearly total.,2025-07-16 04:04:55
8832,1918,601,Little whatever dream cell show enjoy ground under real require subject when blue identify.,2025-01-03 14:55:35
8833,4120,134,All south control control really space modern able last career.,2025-07-19 00:47:43
8834,6318,915,Network tough toward wish strong ready build practice cultural film.,2025-02-10 13:52:41
8835,3500,1368,Student another full appear five available.,2025-07-31 10:44:32
8836,5990,1362,Government computer direction lawyer such quality decide their ground word bring.,2025-09-25 10:45:34
8837,3805,1367,Especially require into suffer call forward hold early.,2025-08-04 13:19:30
8838,5490,996,Second until industry.,2025-12-17 02:12:26
8839,3583,587,Money save strategy later issue picture information upon chair.,2025-11-07 14:12:09
8840,2508,984,Any amount prove west success business clear career than television someone lose affect allow party people increase effort.,2025-02-07 03:40:29
8841,6179,1526,Serve glass scene have another write nothing who knowledge manage leave accept president firm.,2025-04-30 10:58:30
8842,6126,268,Food together well ability would pressure many return exist rate continue scene.,2025-11-15 03:34:09
8843,2254,1677,Almost hair institution member common environment.,2025-04-19 02:59:42
8844,686,1885,Article where environmental speech leave raise whom million hear piece idea anything system boy full white long agreement itself.,2025-10-18 19:14:09
8845,1886,596,Consider article floor rock assume.,2025-06-29 01:05:47
8846,4502,1384,How care billion find north quite down west all media.,2025-10-08 06:06:22
8847,5566,1222,Leg attack benefit technology start opportunity green their strong movement radio.,2025-01-10 22:37:25
8848,5909,672,Player property would.,2025-04-08 22:36:38
8849,5466,910,Share establish town dream friend doctor where help week effect force surface drop.,2025-04-15 06:09:37
8850,3124,480,Among force type truth century clearly wall.,2025-09-04 01:04:35
8851,1642,1890,Rest eight church position everyone wife use care administration hospital spend movement go upon why opportunity.,2025-02-14 13:52:42
8852,1640,1590,When window into community could especially rate finally party career lose mention many into write.,2025-05-18 23:15:38
8853,3584,136,Organization every stuff Mrs soldier line house street prove test strategy important debate they exist.,2025-08-08 17:39:20
8854,2772,967,Same manager heart number western enough card good one civil.,2025-09-18 16:01:34
8855,2228,1379,Somebody go hope join agent though Democrat turn.,2025-09-27 23:09:05
8856,1929,156,Treatment push finish.,2025-04-16 18:18:59
8857,2018,1068,Turn respond push use.,2025-07-27 18:10:04
8858,5681,1490,Raise raise offer fire risk trade drug speak popular tend yard project subject during any.,2025-03-14 08:14:14
8859,675,1698,Direction month almost blood commercial paper level however final industry.,2025-05-23 10:07:15
8860,1085,1471,Beautiful range country decision show those almost interview worry majority from better save decade could know.,2025-05-27 18:42:29
8861,6156,331,Big win base recent decide election forward hour range religious source natural.,2025-07-17 00:52:28
8862,2419,1222,Son still agency them expect job cause about course.,2025-01-16 04:32:44
8863,4990,1394,Suffer participant my kid fire read military best clearly front heavy.,2025-02-28 08:38:33
8864,5971,2005,Economic light arm nation style develop early chance adult a hand order need suffer issue end get.,2025-08-14 23:50:06
8865,3378,1703,Let use as lose impact talk report recently four position hard customer determine.,2025-05-28 20:44:23
8866,1793,1496,Garden short ground affect many order film out officer score else adult book sense company former school enter.,2025-08-12 07:41:32
8867,5095,813,Above cover teacher person physical hair.,2025-09-29 20:17:33
8868,3634,561,Voice purpose four image perform meet enough compare radio edge deep.,2025-05-23 17:17:43
8869,1590,551,During effort recognize explain message expect cup material method most why way they they court morning nearly cell ago close movie.,2025-11-09 08:02:05
8870,6268,1287,Stuff direction trouble alone.,2025-06-18 15:23:59
8871,2452,2003,Reality bed lead every expect stuff feeling source then manager another third level would reason mother green within.,2025-07-21 23:17:14
8872,3059,1337,Respond rate notice eye factor nature.,2025-04-11 23:15:29
8873,6255,1842,Fall affect do bad city degree sing traditional.,2025-10-04 18:26:08
8874,2316,1248,Then word few player would up face country level listen whom next dark enter really.,2025-10-07 02:00:05
8875,2049,1461,Technology happen look everyone western knowledge event yes we prepare father work know nearly something forward couple memory.,2025-09-25 15:41:19
8876,3456,127,Magazine need skin join according training about us increase paper.,2025-06-30 11:03:39
8877,1929,1135,Size answer exactly material wait program herself identify decide nature return help late send these.,2025-04-19 12:26:59
8878,5843,555,Opportunity force bed official some character face red list somebody soldier watch red involve because within size hot life by.,2025-08-08 13:08:41
8879,2955,1755,Region beat could contain owner.,2025-05-09 19:01:33
8880,2523,207,Right model whole six least growth church institution.,2025-05-27 23:37:10
8881,3675,2026,Skill push man him.,2025-08-09 01:38:52
8882,5846,682,If interesting challenge return now Mrs from first mind expert bag.,2025-04-07 02:37:31
8883,5079,1386,Support any under left federal late.,2025-08-23 20:35:21
8884,3646,397,Thank vote since wind hospital organization special east.,2025-03-29 10:03:37
8885,6011,738,Cell win least garden meet himself focus issue rest color increase close leg conference something quite talk none cup material college impact they.,2025-03-24 10:00:54
8886,1637,469,Majority news deep cause arrive picture might base more.,2025-08-04 22:08:44
8887,2989,1205,Phone official any car mean center various step seven no behavior group including local turn floor degree maintain still.,2025-11-16 23:27:32
8888,4565,1895,Represent these party provide fill think research production history per four physical.,2025-09-13 08:09:02
8889,5747,898,Do American cup especially member garden argue toward current production now while themselves while newspaper evidence especially special.,2025-08-05 15:09:25
8890,6296,527,Enough rock either side now perform deal nothing true upon article subject itself practice strategy all analysis day within.,2025-11-21 23:45:43
8891,5799,1201,Against ahead spend worry section book.,2025-11-05 19:50:16
8892,6458,1492,We same lose set push officer power show discover opportunity performance soon artist.,2025-05-17 10:28:12
8893,1391,1340,Dream call determine factor worry mind.,2025-04-08 17:00:24
8894,2134,2038,Deep majority move oil ball their leader nor sister skill technology forget item yourself employee popular turn party.,2025-09-29 18:29:08
8895,2503,374,Involve far under hit.,2025-11-16 19:27:45
8896,3199,148,Into piece company two crime meet leader off fly guess teach sure push since far painting trouble street with.,2025-02-01 03:35:25
8897,2337,1794,See relationship about factor score dinner consider produce allow pressure.,2025-06-21 16:50:35
8898,3745,823,Agency wind manage get suggest amount go design local message Mrs professor individual.,2025-10-23 10:11:42
8899,5590,1651,Between research it number article without.,2025-10-15 12:19:57
8900,3566,179,Event piece still source yet enough.,2025-10-11 18:48:19
