reaction_id,post_id,user_id,reaction_type,created_at
1,3755,134,Smile,2025-08-06 09:54:01
2,5636,2009,Thank,2025-09-29 02:25:59
3,3223,300,Wow,2025-09-18 10:09:49
4,6387,196,Wow,2025-08-10 00:08:47
5,5069,910,Smile,2025-03-27 04:55:48
6,3929,956,Sad,2025-10-28 12:01:46
7,3376,120,Smile,2025-07-23 02:18:56
8,5199,1597,Love,2025-11-23 20:55:25
9,3231,857,Love,2025-06-12 14:43:11
10,4575,1287,Sad,2025-07-18 07:05:17
11,2630,1049,Smile,2025-09-13 23:42:08
12,1722,1305,Thank,2025-08-10 16:37:27
13,5615,747,Wow,2025-03-06 12:38:38
14,4529,768,Thank,2025-11-08 11:15:35
15,5205,1496,Love,2025-08-11 02:55:11
16,3567,1624,Thank,2025-08-15 23:49:23
17,3744,479,Agree,2025-05-30 17:48:15
18,5093,1307,Smile,2025-04-14 15:41:40
19,5998,1091,Wow,2025-07-28 14:01:55
20,5511,1889,Sad,2025-09-23 02:37:40
21,1536,1517,Agree,2025-08-29 01:26:32
22,3419,382,Wow,2025-07-14 08:49:37
23,586,430,Love,2025-08-27 15:54:47
24,2259,1457,Love,2025-07-13 12:13:55
25,6360,816,Helpful,2025-10-26 18:36:10
26,825,1689,Wow,2025-11-04 19:58:25
27,6163,163,Smile,2025-12-03 04:53:42
28,1825,1524,Wow,2025-01-22 15:40:03
29,872,455,Smile,2025-05-31 01:33:08
30,2438,1446,Thank,2025-10-04 08:11:44
31,5306,1905,Agree,2025-08-26 05:15:05
32,4632,176,Love,2025-09-19 05:11:44
33,4068,611,Thank,2025-03-28 14:44:49
34,5830,1041,Wow,2025-09-29 12:35:05
35,4874,1196,Agree,2025-03-25 00:32:41
36,4763,277,Sad,2025-10-02 05:42:27
37,5789,2020,Sad,2025-05-04 00:23:38
38,5509,1649,Helpful,2025-10-25 17:17:06
39,1813,1986,Love,2025-09-07 05:14:39
40,2365,1994,Love,2025-07-11 19:13:57
41,2854,919,Thank,2025-01-26 20:09:37
42,1247,1653,Smile,2025-11-22 03:06:39
43,2974,1991,Agree,2025-11-30 03:26:29
44,4255,2070,Love,2025-03-10 10:47:49
45,1183,704,Wow,2025-04-02 16:17:36
46,2598,1432,Agree,2025-07-11 01:17:43
47,1083,891,Thank,2025-11-16 12:32:42
48,2611,1508,Agree,2025-06-01 08:17:19
49,5757,1210,Love,2025-09-11 15:04:03
50,2290,570,Helpful,2025-09-26 23:16:58
51,1276,325,Agree,2025-06-04 10:56:42
52,3589,182,Smile,2025-02-03 22:15:07
53,5278,906,Love,2025-09-05 19:23:43
54,1389,1994,Sad,2025-10-28 10:31:19
55,1548,2025,Sad,2025-07-12 15:55:18
56,4699,245,Sad,2025-06-24 17:51:00
57,2885,1986,Thank,2025-08-31 15:52:12
58,5750,169,Thank,2025-06-10 11:55:28
59,3257,1624,Agree,2025-03-04 16:58:11
60,2859,312,Agree,2025-04-05 20:14:50
61,1601,1088,Love,2025-08-19 01:45:30
62,1648,428,Wow,2025-08-18 21:12:49
63,5588,1830,Sad,2025-05-26 11:46:18
64,4044,1761,Love,2025-04-17 08:31:31
65,5394,653,Wow,2025-09-29 01:07:06
66,2519,1731,Wow,2025-07-28 07:37:38
67,3135,1230,Smile,2025-06-07 01:29:19
68,5595,523,Sad,2025-09-09 22:12:49
69,3382,507,Helpful,2025-05-22 05:28:56
70,2595,484,Love,2025-07-23 21:03:40
71,2198,1129,Sad,2025-08-25 22:32:24
72,1416,885,Agree,2025-04-17 16:00:04
73,4098,1251,Love,2025-09-22 01:40:21
74,5524,1637,Wow,2025-06-28 19:23:54
75,5647,1425,Love,2025-04-16 23:15:34
76,4238,1068,Helpful,2025-08-11 22:10:42
77,3202,1007,Smile,2025-09-11 00:01:35
78,5682,764,Agree,2025-04-26 22:05:08
79,2782,1122,Agree,2025-06-21 17:28:48
80,3960,545,Agree,2025-10-26 19:44:21
81,4055,403,Wow,2025-05-20 21:40:29
82,2836,665,Smile,2025-11-20 10:09:49
83,4311,1714,Sad,2025-05-11 13:33:39
84,1608,1466,Sad,2025-12-05 14:23:33
85,3694,1195,Love,2025-03-12 13:09:43
86,4592,1379,Smile,2025-07-03 19:20:15
87,4830,1482,Helpful,2025-08-13 11:20:25
88,6379,1920,Love,2025-10-07 13:25:15
89,2217,1865,Sad,2025-06-21 16:11:05
90,747,2029,Smile,2025-07-16 19:35:11
91,4536,1616,Wow,2025-06-01 15:48:16
92,5199,1449,Love,2025-11-24 02:38:25
93,1117,1389,Smile,2025-11-07 12:07:18
94,3190,1364,Sad,2025-03-26 18:32:08
95,1144,1357,Love,2025-02-21 19:23:41
96,4222,273,Wow,2025-08-13 18:10:25
97,2807,392,Sad,2025-07-20 11:39:19
98,2565,1840,Helpful,2025-06-18 03:58:19
99,3466,553,Love,2025-09-15 20:08:18
100,1928,931,Wow,2025-10-20 08:06:14
101,6235,1447,Thank,2025-08-17 01:52:57
102,3168,345,Wow,2025-10-17 18:19:18
103,4029,2052,Agree,2025-08-07 22:42:44
104,2313,289,Love,2025-10-21 22:58:48
105,3794,1762,Smile,2025-09-20 07:50:40
106,5192,1552,Wow,2025-08-03 11:05:54
107,2777,441,Sad,2025-10-22 23:45:13
108,6312,305,Wow,2025-06-18 12:17:53
109,589,641,Love,2025-06-12 14:13:51
110,4526,1863,Sad,2025-02-01 14:05:16
111,5078,1744,Agree,2025-07-05 20:12:50
112,538,1253,Sad,2025-11-01 04:48:23
113,5849,808,Agree,2025-09-09 09:24:42
114,3847,1984,Sad,2025-01-28 03:51:04
115,2622,1027,Sad,2025-11-28 10:14:47
116,1702,430,Sad,2025-11-12 18:03:18
117,1198,1629,Love,2025-08-20 06:15:21
118,5070,1650,Love,2025-07-09 15:04:28
119,3861,1600,Wow,2025-08-18 13:50:33
120,3826,1960,Helpful,2025-09-11 05:20:41
121,3563,196,Sad,2025-06-30 09:26:16
122,4538,1204,Love,2025-10-01 00:11:35
123,4842,251,Sad,2025-02-06 18:17:48
124,4660,672,Helpful,2025-06-12 10:38:45
125,1838,377,Sad,2025-10-01 12:00:14
126,4476,1033,Love,2025-08-28 23:38:06
127,4300,1778,Love,2025-04-26 19:19:22
128,1879,1338,Agree,2025-09-27 03:59:06
129,2670,1495,Wow,2025-06-21 01:48:44
130,4354,1045,Smile,2025-04-11 08:32:52
131,4606,152,Agree,2025-05-19 23:15:19
132,3632,1583,Smile,2025-12-14 23:08:12
133,4974,2004,Wow,2025-01-15 22:54:49
134,5729,976,Smile,2025-05-06 00:16:32
135,4115,1938,Agree,2025-05-16 03:38:17
136,2659,1865,Sad,2025-08-04 22:52:24
137,3272,174,Sad,2025-03-04 10:43:36
138,5785,469,Wow,2025-09-19 02:21:15
139,5708,1789,Wow,2025-10-02 20:16:52
140,4691,395,Helpful,2025-11-14 16:17:09
141,4798,1083,Thank,2025-09-04 22:48:57
142,790,2017,Love,2025-04-28 22:47:49
143,4969,215,Helpful,2025-04-05 20:11:42
144,2163,1084,Sad,2025-06-18 08:39:11
145,3439,1362,Love,2025-12-06 11:28:22
146,2531,1695,Wow,2025-10-07 22:52:57
147,2397,1841,Smile,2025-03-03 00:13:09
148,3295,1478,Wow,2025-03-11 21:39:01
149,3860,1176,Thank,2025-07-25 11:26:44
150,2217,1927,Helpful,2025-06-21 14:10:05
151,2404,1877,Agree,2025-07-09 04:29:31
152,6462,1758,Agree,2025-02-26 22:03:55
153,4594,1476,Smile,2025-10-09 07:53:39
154,4203,1618,Love,2025-08-23 10:59:19
155,2543,874,Sad,2025-10-01 02:21:15
156,2518,1943,Love,2025-03-23 01:41:09
157,1863,471,Sad,2025-03-01 06:51:23
158,573,1490,Agree,2025-11-16 19:54:02
159,5256,1034,Sad,2025-02-09 04:24:59
160,2435,740,Helpful,2025-10-22 13:31:21
161,5244,1960,Thank,2025-10-30 03:23:45
162,4191,1404,Helpful,2025-06-26 10:17:48
163,2239,1477,Thank,2025-09-28 08:22:25
164,6400,966,Love,2025-09-11 11:49:45
165,2396,390,Agree,2025-07-02 22:57:47
166,657,806,Love,2025-04-19 10:18:15
167,2952,249,Smile,2025-09-22 02:32:15
168,6492,1865,Thank,2025-11-21 08:30:39
169,1940,1438,Agree,2025-03-12 15:12:34
170,3898,313,Agree,2025-02-11 17:47:53
171,5333,1813,Agree,2025-09-18 23:08:51
172,5865,1769,Wow,2025-05-11 14:54:29
173,1722,1597,Agree,2025-08-10 17:01:27
174,3114,1189,Smile,2025-05-26 02:24:16
175,6231,214,Love,2025-09-22 16:19:14
176,1951,536,Thank,2025-10-01 14:35:53
177,3156,441,Thank,2025-10-19 16:03:00
178,5966,1219,Thank,2025-05-29 05:15:14
179,5165,420,Smile,2025-08-30 12:37:35
180,5509,1226,Agree,2025-10-25 14:07:06
181,2938,1604,Agree,2025-06-19 09:37:34
182,5372,125,Love,2025-10-19 12:57:12
183,5583,755,Sad,2025-05-09 15:53:44
184,1695,1165,Thank,2025-09-30 12:47:40
185,1348,1232,Smile,2025-10-04 01:03:18
186,3461,1499,Smile,2025-11-20 21:38:00
187,3335,1612,Smile,2025-03-21 03:14:38
188,2354,771,Sad,2025-12-07 20:04:13
189,4650,635,Agree,2025-06-07 22:28:44
190,569,2088,Love,2025-07-06 06:45:18
191,3487,1023,Agree,2025-09-28 22:23:51
192,4371,1260,Sad,2025-06-30 14:09:56
193,1566,481,Helpful,2025-01-31 14:24:12
194,6419,1715,Sad,2025-05-01 01:20:47
195,4438,658,Sad,2025-08-24 10:49:15
196,1109,388,Sad,2025-05-05 18:48:06
197,2939,1010,Sad,2025-10-08 15:44:32
198,6448,1544,Sad,2025-11-15 19:29:40
199,4155,1392,Thank,2025-10-04 22:31:52
200,606,1575,Agree,2025-10-17 11:51:27
201,2957,1887,Agree,2025-12-11 20:30:36
202,3995,1326,Love,2025-07-04 04:54:24
203,3496,870,Thank,2025-10-19 23:01:06
204,4136,661,Love,2025-11-12 11:23:53
205,938,1475,Sad,2025-10-03 02:56:54
206,3635,1900,Thank,2025-06-26 07:45:34
207,6035,478,Agree,2025-10-23 12:08:16
208,2940,1191,Thank,2025-11-15 04:40:26
209,2037,1157,Wow,2025-07-10 18:19:48
210,1077,696,Agree,2025-10-09 19:37:16
211,2461,1949,Smile,2025-09-13 02:39:36
212,6373,1172,Helpful,2025-09-18 09:30:17
213,3612,1625,Thank,2025-07-25 19:47:31
214,715,213,Sad,2025-03-01 17:47:15
215,6167,789,Love,2025-08-21 09:17:25
216,1688,1034,Wow,2025-02-14 18:46:12
217,574,1010,Love,2025-10-30 13:13:27
218,2993,1148,Wow,2025-10-16 06:57:05
219,2139,238,Sad,2025-07-15 16:01:32
220,2162,1750,Love,2025-04-25 06:25:15
221,4030,357,Love,2025-11-30 11:15:16
222,3977,1999,Helpful,2025-02-26 06:05:21
223,4081,1301,Thank,2025-08-31 12:16:12
224,2451,1321,Love,2025-09-21 10:44:23
225,6420,433,Sad,2025-10-17 13:23:02
226,1686,1231,Thank,2025-10-28 15:35:22
227,5884,1949,Smile,2025-08-02 04:05:38
228,6023,1852,Sad,2025-07-05 20:50:50
229,3614,1482,Helpful,2025-05-02 09:49:30
230,4673,1767,Love,2025-11-05 15:38:25
231,4501,1318,Smile,2025-08-01 09:17:50
232,3836,1047,Agree,2025-03-09 09:30:52
233,4464,934,Love,2025-10-24 23:42:43
234,2782,639,Sad,2025-06-21 15:08:48
235,926,1479,Wow,2025-04-15 09:18:59
236,5241,1454,Helpful,2025-05-29 03:39:47
237,4017,398,Helpful,2025-08-05 08:25:40
238,4750,1455,Helpful,2025-04-29 10:37:44
239,5471,1146,Thank,2025-10-14 16:36:06
240,1099,1095,Helpful,2025-06-22 23:58:58
241,847,1104,Helpful,2025-10-18 18:13:31
242,4910,894,Sad,2025-05-01 06:19:09
243,3326,867,Helpful,2025-09-03 10:28:32
244,4135,152,Helpful,2025-05-26 03:12:26
245,5613,455,Sad,2025-11-27 14:42:02
246,2972,276,Smile,2025-02-28 05:18:11
247,2399,1364,Sad,2025-11-18 06:25:09
248,6023,803,Helpful,2025-07-05 21:31:50
249,614,494,Helpful,2025-07-12 18:54:57
250,3579,2086,Thank,2025-08-09 09:03:10
251,1343,1808,Sad,2025-05-21 01:46:04
252,1417,2061,Agree,2025-05-06 23:03:56
253,4923,1240,Agree,2025-11-22 13:53:59
254,2008,594,Helpful,2025-06-19 14:40:08
255,1891,1354,Thank,2025-10-05 23:09:07
256,2439,1918,Helpful,2025-02-06 00:25:05
257,4180,1020,Agree,2025-10-04 22:48:06
258,3737,1586,Helpful,2025-01-24 16:36:19
259,5168,1198,Thank,2025-01-23 12:42:14
260,5178,780,Wow,2025-07-31 23:38:25
261,2746,422,Sad,2025-09-11 17:28:26
262,4111,1951,Love,2025-04-07 22:19:41
263,4201,450,Sad,2025-04-06 00:10:54
264,5991,271,Wow,2025-10-19 03:31:24
265,1736,1049,Smile,2025-11-28 16:11:56
266,5516,1362,Agree,2025-12-02 00:01:31
267,3637,346,Agree,2025-01-02 06:46:58
268,1085,343,Love,2025-05-27 14:33:29
269,4300,1034,Thank,2025-04-26 17:58:22
270,3911,1752,Thank,2025-03-19 10:44:10
271,4332,1494,Sad,2025-03-25 23:57:05
272,3740,434,Smile,2025-01-25 22:54:49
273,1751,977,Wow,2025-03-17 17:16:33
274,2755,1538,Agree,2025-12-05 22:50:34
275,4956,710,Helpful,2025-05-02 08:59:42
276,5707,1052,Helpful,2025-06-06 13:08:49
277,2781,997,Smile,2025-06-26 02:10:00
278,2162,1386,Wow,2025-04-25 11:28:15
279,4168,1511,Agree,2025-08-23 02:16:34
280,1589,679,Wow,2025-10-16 20:54:12
281,1714,444,Helpful,2025-10-17 09:08:37
282,4459,1730,Helpful,2025-11-10 16:14:17
283,3508,1894,Agree,2025-08-04 02:44:48
284,5420,2090,Agree,2025-01-09 19:45:32
285,3136,153,Thank,2025-07-05 20:22:34
286,1202,1178,Sad,2025-10-29 23:21:10
287,3399,2098,Thank,2025-08-09 00:35:43
288,2449,1232,Thank,2025-05-31 02:22:35
289,4956,2063,Agree,2025-05-02 14:21:42
290,6018,919,Agree,2025-02-08 10:10:57
291,744,1501,Love,2025-07-08 23:57:47
292,4462,481,Agree,2025-05-24 13:46:24
293,1360,137,Thank,2025-10-07 11:35:51
294,4904,1576,Love,2025-03-28 11:15:41
295,2252,150,Agree,2025-08-17 15:42:32
296,3983,1348,Wow,2025-03-06 07:18:43
297,2417,1695,Love,2025-05-10 10:35:37
298,2498,2047,Thank,2025-10-16 13:01:17
299,610,1586,Sad,2025-05-19 04:20:24
300,5928,1797,Thank,2025-08-09 15:36:47
301,5223,506,Agree,2025-07-03 12:11:11
302,555,1357,Thank,2025-09-24 04:47:47
303,4040,1214,Thank,2025-11-17 16:15:05
304,756,478,Thank,2025-08-14 11:17:35
305,3176,1923,Agree,2025-12-12 10:11:59
306,762,777,Wow,2025-03-03 21:01:25
307,4187,1956,Thank,2025-06-19 11:07:05
308,2026,1590,Smile,2025-03-06 09:05:28
309,3184,130,Agree,2025-11-30 21:16:54
310,1390,2031,Wow,2025-10-13 19:24:48
311,5243,1437,Smile,2025-10-18 11:08:10
312,2034,640,Helpful,2025-01-21 03:55:11
313,2343,1460,Smile,2025-09-24 09:34:55
314,2155,1348,Helpful,2025-05-04 18:05:28
315,6123,1421,Love,2025-11-21 19:07:51
316,1187,720,Helpful,2025-07-09 04:43:42
317,560,1447,Agree,2025-11-14 10:19:11
318,2162,547,Sad,2025-04-24 23:36:15
319,5653,387,Sad,2025-07-27 22:16:04
320,3962,1925,Smile,2025-03-04 00:52:56
321,5820,2042,Agree,2025-08-04 18:30:37
322,2660,1441,Love,2025-11-30 00:38:05
323,2384,1577,Wow,2025-05-18 14:52:18
324,1335,1820,Agree,2025-11-02 09:58:28
325,4145,1240,Thank,2025-12-04 16:47:55
326,6465,959,Love,2025-10-06 11:47:51
327,3620,796,Helpful,2025-06-17 03:44:50
328,2123,492,Agree,2025-09-11 00:58:14
329,2486,1043,Wow,2025-09-15 15:47:33
330,2935,1700,Thank,2025-07-22 16:41:54
331,6062,2044,Agree,2025-08-14 00:17:58
332,876,917,Love,2025-02-20 12:05:45
333,1185,1085,Agree,2025-10-26 10:34:50
334,3173,741,Thank,2025-09-30 02:37:20
335,2308,2004,Smile,2025-08-11 16:49:01
336,1299,1732,Thank,2025-09-17 05:06:30
337,3737,1453,Love,2025-01-24 14:24:19
338,4421,1820,Smile,2025-09-18 14:12:56
339,3399,1381,Helpful,2025-08-09 07:41:43
340,3880,820,Love,2025-02-07 11:26:49
341,2476,1457,Agree,2025-09-09 13:31:50
342,1530,1876,Thank,2025-10-05 11:42:08
343,1883,483,Helpful,2025-08-08 14:26:41
344,3789,368,Sad,2025-09-28 15:31:03
345,1606,154,Helpful,2025-11-14 22:14:15
346,2011,129,Thank,2025-12-06 14:46:02
347,5313,267,Love,2025-05-24 01:44:14
348,1072,1265,Helpful,2025-03-28 23:51:00
349,5460,642,Thank,2025-04-13 18:22:01
350,5209,946,Smile,2025-10-07 21:30:02
351,3925,1242,Wow,2025-02-22 14:18:53
352,3436,1939,Agree,2025-06-19 21:24:36
353,3408,2034,Wow,2025-10-09 18:24:39
354,5902,1005,Thank,2025-11-02 20:04:29
355,2228,556,Helpful,2025-09-27 13:31:05
356,5360,698,Smile,2025-04-07 05:13:41
357,1924,535,Wow,2025-10-27 19:21:39
358,2896,362,Thank,2025-03-11 12:58:44
359,2490,1668,Thank,2025-11-15 06:21:59
360,1003,1600,Helpful,2025-07-03 17:23:03
361,5590,489,Thank,2025-10-12 22:25:57
362,1558,104,Wow,2025-07-26 19:36:37
363,3271,1416,Helpful,2025-08-02 14:25:11
364,717,1028,Smile,2025-03-14 17:47:51
365,1755,1524,Helpful,2025-08-01 22:10:52
366,3168,534,Thank,2025-10-17 09:46:18
367,4690,992,Agree,2025-06-22 01:26:00
368,1828,1715,Thank,2025-06-09 01:28:36
369,2677,677,Smile,2025-10-01 23:28:48
370,2393,115,Smile,2025-02-06 15:34:05
371,2368,960,Helpful,2025-08-28 09:35:00
372,4498,172,Agree,2025-06-05 11:48:30
373,5307,883,Love,2025-03-02 10:59:58
374,2379,482,Smile,2025-08-25 10:45:04
375,1624,1344,Sad,2025-12-12 22:11:53
376,3661,630,Wow,2025-10-31 20:52:21
377,4992,294,Smile,2025-11-03 05:51:06
378,1699,2091,Sad,2025-08-31 13:16:55
379,3470,2037,Smile,2025-01-19 09:12:55
380,1013,244,Love,2025-09-01 00:40:02
381,2936,1307,Wow,2025-02-18 14:17:03
382,5096,733,Helpful,2025-08-15 14:04:39
383,5516,1700,Helpful,2025-12-02 00:53:31
384,6404,1154,Wow,2025-06-20 20:04:45
385,2594,484,Wow,2025-10-08 13:02:36
386,2810,1530,Agree,2025-05-08 11:15:54
387,4867,1909,Wow,2025-02-06 02:09:27
388,3506,1128,Thank,2025-11-27 13:54:02
389,2000,788,Helpful,2025-06-24 19:05:46
390,1066,201,Love,2025-08-01 22:48:45
391,2850,647,Wow,2025-07-27 15:20:27
392,6235,1864,Smile,2025-08-17 00:13:57
393,3384,636,Wow,2025-11-14 23:20:25
394,4408,1882,Love,2025-07-14 11:25:39
395,1610,1049,Thank,2025-09-16 14:31:58
396,2458,184,Agree,2025-01-03 04:25:57
397,5963,1228,Wow,2025-01-30 01:45:48
398,4734,575,Agree,2025-12-10 22:46:33
399,3472,377,Agree,2025-02-22 04:27:01
400,1067,1522,Thank,2025-10-20 19:32:32
401,3987,802,Agree,2025-09-11 21:49:39
402,3692,2089,Sad,2025-11-05 12:20:26
403,1699,689,Sad,2025-08-30 21:45:55
404,2005,846,Sad,2025-08-28 05:24:04
405,1497,1446,Sad,2025-06-06 08:28:06
406,1552,570,Smile,2025-11-20 10:21:20
407,5901,2099,Sad,2025-09-06 22:38:58
408,1583,1226,Smile,2025-11-13 16:57:20
409,4231,481,Sad,2025-09-17 17:48:48
410,852,1327,Smile,2025-08-26 10:51:05
411,2780,559,Smile,2025-10-02 19:23:06
412,2356,1547,Wow,2025-09-19 21:33:09
413,2851,1603,Agree,2025-08-13 17:54:05
414,523,1103,Smile,2025-08-27 23:32:15
415,539,1501,Helpful,2025-12-05 22:15:16
416,3659,1139,Sad,2025-08-03 07:18:42
417,5725,2098,Sad,2025-08-29 17:55:25
418,1033,2031,Smile,2025-09-07 22:08:05
419,4668,397,Love,2025-10-23 17:48:11
420,2093,1479,Love,2025-05-15 20:24:35
421,4665,1752,Agree,2025-03-13 16:18:58
422,4678,1685,Wow,2025-04-20 17:54:18
423,4887,683,Wow,2025-03-27 15:59:43
424,2964,737,Sad,2025-01-04 00:47:58
425,6125,637,Thank,2025-12-12 12:44:18
426,6232,1568,Helpful,2025-09-17 17:52:06
427,1684,970,Love,2025-03-19 00:09:26
428,5581,1240,Helpful,2025-10-03 09:03:43
429,6488,425,Agree,2025-10-21 13:40:37
430,5615,1509,Thank,2025-03-05 21:02:38
431,5075,1160,Love,2025-01-02 23:17:26
432,1676,1451,Wow,2025-08-16 16:39:44
433,3831,1574,Sad,2025-05-26 20:48:29
434,3875,696,Agree,2025-10-17 02:18:42
435,5060,1241,Sad,2025-06-07 22:45:51
436,5756,785,Wow,2025-03-28 05:39:57
437,6430,1928,Love,2025-09-01 01:19:10
438,1160,1955,Sad,2025-05-12 20:41:17
439,6196,1163,Thank,2025-04-07 09:17:44
440,4844,2001,Sad,2025-11-22 16:04:58
441,2131,1201,Love,2025-07-08 00:57:54
442,4234,413,Agree,2025-09-22 09:13:48
443,3874,1578,Helpful,2025-10-08 06:45:04
444,1845,1163,Thank,2025-09-30 15:23:33
445,2420,2058,Agree,2025-06-27 23:54:29
446,6497,732,Thank,2025-01-12 20:34:17
447,4458,195,Agree,2025-07-15 18:44:50
448,5661,1204,Helpful,2025-09-21 02:08:00
449,6340,1389,Wow,2025-11-21 14:22:55
450,3138,472,Agree,2025-07-11 04:21:21
451,2783,1988,Love,2025-10-04 13:11:31
452,1672,1986,Agree,2025-03-04 13:59:15
453,1390,1488,Love,2025-10-13 18:11:48
454,1098,272,Smile,2025-10-09 11:50:52
455,1888,1167,Helpful,2025-06-26 22:40:17
456,3308,2062,Love,2025-07-30 16:00:35
457,3301,1746,Thank,2025-06-29 19:21:43
458,2557,1210,Helpful,2025-08-24 23:09:47
459,3329,1996,Agree,2025-08-25 18:19:52
460,3632,1943,Love,2025-12-15 18:43:12
461,5318,815,Thank,2025-08-04 12:48:56
462,992,1690,Thank,2025-07-23 11:40:53
463,3448,1372,Love,2025-07-08 17:40:39
464,5887,1213,Helpful,2025-11-29 12:48:41
465,2816,1160,Helpful,2025-02-22 01:47:13
466,3389,378,Sad,2025-09-26 11:51:21
467,998,1088,Agree,2025-04-26 14:54:45
468,6459,1330,Love,2025-01-28 05:37:35
469,4421,575,Sad,2025-09-18 11:24:56
470,5524,1813,Agree,2025-06-28 14:11:54
471,882,370,Smile,2025-06-16 00:27:12
472,1919,243,Sad,2025-06-23 10:56:43
473,5859,1679,Helpful,2025-12-06 13:40:05
474,6149,316,Sad,2025-11-04 19:23:38
475,987,690,Smile,2025-06-30 17:13:24
476,5593,150,Thank,2025-02-13 17:35:02
477,1805,348,Sad,2025-11-08 01:09:18
478,1893,1477,Wow,2025-03-30 15:33:10
479,2863,1011,Love,2025-04-13 04:25:51
480,784,656,Helpful,2025-06-22 17:31:29
481,1245,290,Love,2025-07-30 14:48:26
482,5480,1798,Sad,2025-02-20 02:29:12
483,1506,1769,Sad,2025-06-13 18:18:56
484,6408,1437,Sad,2025-07-18 12:15:31
485,6195,935,Helpful,2025-03-07 05:37:34
486,3964,659,Agree,2025-05-13 02:17:49
487,3662,1426,Thank,2025-03-28 03:21:08
488,2830,1278,Sad,2025-11-03 05:00:16
489,544,2006,Helpful,2025-10-13 08:06:37
490,4742,1776,Love,2025-02-12 13:52:53
491,5676,1780,Smile,2025-10-23 23:43:12
492,5454,1746,Thank,2025-05-01 21:12:55
493,4831,2076,Thank,2025-06-13 20:43:28
494,1104,1975,Agree,2025-10-02 22:28:41
495,3866,692,Helpful,2025-04-09 20:24:49
496,1461,289,Agree,2025-12-12 20:27:58
497,1659,1627,Thank,2025-06-08 03:00:09
498,4079,756,Smile,2025-05-27 16:14:08
499,4434,1717,Helpful,2025-01-28 00:29:17
500,5180,1818,Thank,2025-04-13 21:26:51
501,2787,1344,Agree,2025-05-09 08:40:26
502,1233,1598,Helpful,2025-02-12 11:22:28
503,2349,1348,Thank,2025-06-22 03:07:06
504,3815,786,Agree,2025-04-19 09:36:30
505,513,917,Sad,2025-11-20 09:51:20
506,929,679,Love,2025-04-19 23:45:26
507,550,161,Agree,2025-05-15 08:37:05
508,3124,1828,Agree,2025-09-03 18:54:35
509,5814,885,Wow,2025-04-21 21:49:49
510,1758,805,Smile,2025-07-04 23:34:52
511,1767,812,Sad,2025-08-28 01:26:04
512,2801,1132,Love,2025-04-15 15:40:08
513,5916,730,Smile,2025-04-21 12:38:44
514,2933,599,Love,2025-02-03 15:05:32
515,4818,366,Smile,2025-10-16 06:39:15
516,4932,603,Love,2025-09-30 20:06:06
517,5916,904,Helpful,2025-04-21 12:19:44
518,4267,1669,Thank,2025-11-29 15:30:33
519,3641,1081,Wow,2025-07-09 00:05:02
520,5421,679,Love,2025-09-22 14:49:49
521,2211,1971,Thank,2025-05-29 05:04:03
522,585,106,Smile,2025-01-30 23:20:16
523,5384,1671,Smile,2025-11-12 04:24:32
524,729,355,Smile,2025-04-01 23:34:57
525,539,979,Wow,2025-12-05 23:43:16
526,4330,989,Wow,2025-11-12 23:12:51
527,987,595,Love,2025-06-30 20:53:24
528,2347,319,Thank,2025-03-11 02:29:09
529,5417,1373,Thank,2025-11-03 00:06:35
530,1455,1177,Wow,2025-08-09 23:05:59
531,1630,1237,Smile,2025-12-09 00:23:00
532,686,2071,Wow,2025-10-16 15:02:09
533,5433,496,Wow,2025-11-28 00:46:42
534,4768,1476,Sad,2025-06-24 00:33:05
535,2606,123,Agree,2025-09-14 16:59:24
536,3953,1356,Sad,2025-10-21 14:54:06
537,791,1165,Agree,2025-01-15 22:44:13
538,1772,403,Agree,2025-06-09 18:45:28
539,2217,440,Helpful,2025-06-21 15:04:05
540,2464,749,Smile,2025-06-11 00:26:15
541,6064,1053,Agree,2025-04-12 13:27:57
542,805,1646,Agree,2025-12-12 23:09:19
543,3097,2045,Wow,2025-06-05 09:57:29
544,5660,411,Thank,2025-10-18 22:54:23
545,3853,1873,Love,2025-11-09 10:25:08
546,4116,2031,Agree,2025-06-16 00:57:54
547,4311,1134,Sad,2025-05-11 13:12:39
548,1507,1150,Agree,2025-05-17 10:40:22
549,2583,532,Wow,2025-05-16 13:45:44
550,4567,181,Sad,2025-06-24 10:29:08
551,6261,1365,Smile,2025-10-27 00:46:12
552,4001,870,Smile,2025-07-03 00:11:45
553,4100,1301,Love,2025-07-16 00:47:30
554,2486,1767,Agree,2025-09-15 15:52:33
555,650,1262,Agree,2025-05-05 19:47:43
556,4550,105,Helpful,2025-08-01 14:58:48
557,4793,1906,Smile,2025-08-07 00:56:26
558,5810,1893,Wow,2025-06-06 01:12:28
559,4931,1842,Helpful,2025-09-08 00:19:42
560,1075,113,Thank,2025-05-31 13:54:05
561,3453,860,Agree,2025-09-26 17:50:00
562,2059,758,Agree,2025-08-30 20:59:10
563,5045,777,Smile,2025-10-29 16:46:56
564,3758,1977,Thank,2025-10-03 23:03:07
565,4117,548,Love,2025-05-16 08:21:08
566,4197,1686,Wow,2025-12-12 16:11:42
567,2124,1079,Agree,2025-08-24 00:00:30
568,5176,2078,Agree,2025-11-19 02:29:01
569,3650,1467,Love,2025-07-21 01:44:10
570,2395,407,Smile,2025-05-22 22:30:29
571,6024,1794,Wow,2025-04-22 23:45:04
572,2058,206,Smile,2025-02-16 05:44:01
573,6366,2011,Wow,2025-06-22 01:08:54
574,675,1495,Agree,2025-05-21 22:02:15
575,6322,2006,Helpful,2025-08-28 16:39:15
576,5197,1752,Wow,2025-09-09 13:58:19
577,5207,1628,Wow,2025-06-28 16:34:05
578,6462,482,Smile,2025-02-26 23:22:55
579,3020,1117,Agree,2025-08-12 16:21:00
580,3045,1430,Helpful,2025-10-05 23:17:04
581,3081,255,Helpful,2025-08-08 03:13:16
582,1778,1294,Smile,2025-09-26 16:07:59
583,1667,555,Love,2025-08-26 05:16:20
584,6449,1127,Helpful,2025-04-17 14:21:07
585,1345,416,Wow,2025-11-21 20:02:08
586,3628,378,Thank,2025-04-30 00:57:14
587,6099,1037,Helpful,2025-04-23 01:43:32
588,3255,515,Helpful,2025-09-16 16:46:56
589,5739,1046,Thank,2025-08-10 23:32:34
590,5794,1736,Love,2025-11-25 21:20:18
591,1193,394,Helpful,2025-02-02 11:24:43
592,2788,138,Helpful,2025-07-21 14:54:15
593,3280,1170,Wow,2025-05-06 14:40:25
594,3486,768,Sad,2025-06-09 10:12:12
595,2212,1341,Sad,2025-11-07 00:44:14
596,2692,116,Wow,2025-07-24 22:49:57
597,3441,1460,Sad,2025-11-06 03:11:24
598,1790,1723,Love,2025-01-23 19:25:16
599,5308,1655,Agree,2025-04-27 01:25:16
600,2447,546,Love,2025-04-11 14:45:32
601,5183,1745,Smile,2025-04-20 07:54:17
602,3837,1053,Helpful,2025-11-28 14:50:18
603,620,992,Agree,2025-05-25 11:22:32
604,4481,1707,Wow,2025-11-08 02:57:22
605,5415,497,Sad,2025-10-23 22:48:27
606,2304,298,Smile,2025-06-21 16:05:22
607,5843,1090,Helpful,2025-08-06 10:27:41
608,4335,1723,Thank,2025-09-20 09:40:37
609,1507,1219,Sad,2025-05-17 13:57:22
610,4874,832,Helpful,2025-03-24 21:41:41
611,5206,682,Smile,2025-01-12 13:03:00
612,912,1841,Helpful,2025-05-03 02:25:56
613,3303,1157,Sad,2025-05-11 01:10:51
614,4683,1050,Helpful,2025-06-09 02:03:00
615,1397,468,Helpful,2025-05-07 06:07:45
616,756,1656,Love,2025-08-15 07:15:35
617,2515,718,Thank,2025-06-12 09:32:09
618,3494,1506,Agree,2025-02-28 01:47:56
619,2571,1744,Thank,2025-12-01 08:55:42
620,3921,1815,Agree,2025-10-11 13:54:17
621,4270,1461,Thank,2025-11-15 20:40:59
622,6320,1379,Agree,2025-03-29 10:14:15
623,2375,1371,Wow,2025-06-16 02:50:49
624,3618,755,Thank,2025-10-07 02:55:45
625,674,1525,Agree,2025-04-09 14:25:49
626,1071,921,Smile,2025-01-09 13:08:33
627,2632,1255,Love,2025-12-05 18:05:38
628,5968,442,Love,2025-08-26 12:17:37
629,682,2014,Thank,2025-06-15 00:55:03
630,3392,1861,Thank,2025-10-21 21:31:33
631,1153,997,Sad,2025-09-14 14:52:55
632,5432,1006,Wow,2025-08-10 07:22:24
633,3070,1055,Agree,2025-06-04 09:54:58
634,6243,920,Helpful,2025-06-22 12:51:44
635,1651,1979,Thank,2025-08-22 19:42:49
636,1123,1111,Smile,2025-05-04 16:15:36
637,5508,678,Love,2025-03-25 01:59:25
638,4977,1330,Helpful,2025-08-26 01:37:26
639,2132,1780,Helpful,2025-08-21 15:40:05
640,3849,732,Agree,2025-01-20 14:14:42
641,2799,2092,Agree,2025-06-22 23:07:27
642,5661,205,Agree,2025-09-20 11:52:00
643,3440,1935,Smile,2025-03-13 03:35:16
644,1549,1834,Love,2025-08-28 23:07:01
645,5067,1597,Thank,2025-04-15 09:51:24
646,1808,1314,Wow,2025-05-26 04:44:30
647,1801,276,Wow,2025-03-06 11:31:30
648,6287,1720,Thank,2025-05-11 06:09:23
649,1401,1500,Smile,2025-04-24 11:57:15
650,6108,245,Sad,2025-10-25 23:59:48
651,5484,541,Sad,2025-12-06 05:11:45
652,619,1791,Wow,2025-01-12 19:42:10
653,5982,1167,Smile,2025-04-26 10:28:04
654,2342,191,Love,2025-10-15 20:26:41
655,1638,1033,Agree,2025-03-20 02:16:30
656,2887,2021,Wow,2025-09-14 11:28:37
657,6349,1253,Thank,2025-12-07 12:45:55
658,6101,669,Smile,2025-06-11 18:09:11
659,5347,149,Sad,2025-12-04 16:29:21
660,1603,748,Love,2025-04-24 14:02:39
661,1575,1357,Smile,2025-06-28 23:45:57
662,4600,909,Thank,2025-05-12 02:51:18
663,4180,1823,Love,2025-10-04 21:28:06
664,5375,1464,Agree,2025-08-01 22:29:33
665,2299,404,Thank,2025-09-10 08:36:28
666,3921,1735,Helpful,2025-10-11 23:15:17
667,610,1759,Wow,2025-05-19 00:31:24
668,2815,1239,Thank,2025-07-11 22:46:29
669,2193,1154,Smile,2025-04-21 17:43:45
670,4162,407,Love,2025-12-11 16:49:50
671,2331,276,Thank,2025-12-14 17:38:47
672,2219,344,Wow,2025-03-15 18:04:50
673,3883,755,Love,2025-05-14 22:39:18
674,853,1725,Love,2025-03-10 16:36:42
675,3114,1902,Wow,2025-05-25 19:20:16
676,5657,1782,Helpful,2025-10-14 01:16:07
677,5489,1716,Agree,2025-09-20 08:04:12
678,3838,1121,Love,2025-07-28 14:21:30
679,4526,548,Smile,2025-02-01 13:21:16
680,3268,830,Smile,2025-09-13 02:38:10
681,3208,625,Helpful,2025-06-06 12:00:57
682,1402,311,Wow,2025-08-16 23:01:22
683,3423,1775,Wow,2025-01-23 07:20:56
684,2995,1595,Thank,2025-08-27 21:55:32
685,2556,1277,Thank,2025-08-19 22:14:07
686,4062,1870,Sad,2025-04-28 23:21:16
687,4810,1348,Helpful,2025-05-29 05:48:06
688,2964,1128,Wow,2025-01-03 20:48:58
689,3672,252,Love,2025-09-03 00:06:58
690,5905,1879,Love,2025-11-25 15:03:39
691,4138,128,Sad,2025-11-06 13:50:08
692,2708,1236,Wow,2025-07-10 02:35:23
693,604,1228,Thank,2025-10-26 12:59:36
694,1753,489,Thank,2025-03-16 11:25:57
695,3561,1052,Sad,2025-12-15 01:14:24
696,3097,942,Helpful,2025-06-05 11:49:29
697,3511,423,Agree,2025-07-26 02:43:59
698,2603,2087,Love,2025-09-28 06:25:07
699,3412,1023,Sad,2025-06-28 17:47:04
700,3148,1934,Wow,2025-04-16 10:28:39
701,5231,1725,Smile,2025-10-31 17:58:12
702,5608,1298,Sad,2025-09-24 13:53:49
703,4524,1935,Agree,2025-02-22 18:16:32
704,1463,754,Agree,2025-12-07 15:35:25
705,4598,706,Helpful,2025-04-28 04:21:38
706,1800,1700,Helpful,2025-04-13 20:26:36
707,4343,947,Thank,2025-05-28 05:30:49
708,591,483,Helpful,2025-10-11 09:38:53
709,1949,1377,Thank,2025-08-12 18:53:21
710,2861,170,Smile,2025-03-16 14:22:08
711,1324,1572,Wow,2025-10-23 13:07:02
712,3188,494,Thank,2025-06-24 17:42:36
713,4461,723,Sad,2025-08-29 22:30:55
714,4032,600,Agree,2025-04-10 16:18:30
715,3207,1324,Thank,2025-02-05 00:40:26
716,5859,577,Thank,2025-12-06 11:54:05
717,2525,881,Agree,2025-11-16 22:45:13
718,792,1529,Sad,2025-03-12 18:05:27
719,1715,1492,Sad,2025-10-19 04:59:18
720,2151,1816,Agree,2025-03-27 09:23:08
721,6379,2083,Sad,2025-10-07 14:32:15
722,6101,1130,Love,2025-06-11 09:02:11
723,4002,930,Helpful,2025-09-14 18:10:02
724,715,872,Love,2025-03-01 22:12:15
725,1136,171,Love,2025-05-14 21:27:56
726,6001,1761,Wow,2025-03-14 20:29:18
727,2749,1482,Smile,2025-09-18 22:49:56
728,563,1649,Sad,2025-07-01 19:55:15
729,3431,1818,Love,2025-09-05 20:44:25
730,5925,561,Helpful,2025-04-22 21:48:18
731,2036,248,Agree,2025-12-14 00:38:35
732,4985,1139,Agree,2025-10-28 01:10:24
733,557,1757,Wow,2025-01-19 22:45:18
734,1193,159,Thank,2025-02-02 02:36:43
735,5214,483,Love,2025-07-26 14:03:37
736,4494,337,Sad,2025-09-25 18:05:52
737,5340,1163,Smile,2025-01-05 22:44:58
738,5691,913,Sad,2025-09-11 05:42:11
739,1507,1023,Sad,2025-05-17 10:25:22
740,6353,1590,Smile,2025-04-08 17:46:55
741,3045,874,Smile,2025-10-05 09:51:04
742,4185,1830,Love,2025-09-29 14:18:48
743,4443,2084,Love,2025-03-10 01:08:42
744,5416,2025,Wow,2025-11-13 03:00:42
745,1112,1204,Love,2025-11-30 16:52:30
746,1454,1705,Thank,2025-10-23 00:28:01
747,1983,821,Wow,2025-08-15 03:18:55
748,2735,1017,Helpful,2025-09-23 00:53:06
749,3161,172,Love,2025-09-19 19:46:55
750,4164,2060,Smile,2025-05-01 17:00:45
751,5639,505,Thank,2025-09-23 15:21:04
752,841,1585,Smile,2025-09-29 00:06:57
753,1673,2091,Agree,2025-05-28 14:38:49
754,2649,758,Smile,2025-07-27 20:43:51
755,2229,1278,Thank,2025-08-11 14:26:03
756,2449,965,Smile,2025-05-31 04:10:35
757,1313,623,Sad,2025-10-19 19:13:12
758,2020,931,Love,2025-03-18 01:40:35
759,2336,1949,Agree,2025-05-14 20:50:04
760,775,243,Helpful,2025-09-27 21:36:20
761,6094,1982,Love,2025-09-21 02:50:58
762,1181,1818,Helpful,2025-05-13 22:26:16
763,1779,303,Smile,2025-01-11 03:36:47
764,5031,811,Agree,2025-06-06 21:58:09
765,1192,1209,Love,2025-09-18 13:19:48
766,4383,472,Helpful,2025-05-10 05:24:29
767,2455,1139,Helpful,2025-05-22 10:29:02
768,1218,545,Helpful,2025-09-17 09:34:05
769,5605,154,Helpful,2025-04-07 03:41:00
770,2887,1376,Sad,2025-09-15 05:14:37
771,1461,1197,Thank,2025-12-13 04:15:58
772,2694,732,Helpful,2025-01-02 23:43:47
773,3793,1001,Agree,2025-04-04 21:29:05
774,2685,318,Wow,2025-08-06 00:27:03
775,4306,1585,Wow,2025-11-21 22:01:42
776,3075,985,Smile,2025-07-20 21:46:00
777,1830,619,Agree,2025-06-13 01:24:39
778,3697,1310,Helpful,2025-09-11 14:49:39
779,3800,2003,Agree,2025-09-01 23:27:46
780,3385,1789,Sad,2025-03-20 17:27:58
781,5418,1558,Smile,2025-08-16 12:12:33
782,1817,1799,Agree,2025-10-17 00:46:52
783,935,345,Sad,2025-06-27 20:46:18
784,1496,268,Thank,2025-06-14 21:05:30
785,1370,169,Smile,2025-01-23 08:28:11
786,668,1117,Wow,2025-05-11 22:54:02
787,5873,1062,Helpful,2025-12-11 06:10:40
788,4400,866,Helpful,2025-04-24 08:36:08
789,1467,1592,Thank,2025-10-16 05:03:01
790,1552,596,Wow,2025-11-19 21:22:20
791,4458,1388,Thank,2025-07-15 22:39:50
792,3910,967,Helpful,2025-10-19 03:58:07
793,5243,1982,Thank,2025-10-18 12:09:10
794,4199,911,Agree,2025-05-18 23:57:20
795,4562,1631,Smile,2025-07-13 23:12:44
796,1044,1798,Thank,2025-09-12 05:24:10
797,3819,1890,Wow,2025-09-10 13:36:15
798,6069,1173,Wow,2025-06-08 12:26:06
799,5852,1741,Smile,2025-07-09 20:12:31
800,2678,799,Thank,2025-05-19 12:41:03
801,2733,1139,Wow,2025-07-10 06:19:58
802,3810,555,Wow,2025-12-04 15:00:33
803,3965,700,Smile,2025-11-05 21:41:59
804,1373,1912,Helpful,2025-09-30 19:20:31
805,4543,2042,Sad,2025-01-27 06:16:13
806,2445,856,Helpful,2025-02-22 11:41:50
807,3089,1524,Sad,2025-07-12 02:11:53
808,4917,474,Thank,2025-09-16 21:17:17
809,1145,2051,Thank,2025-09-01 20:05:28
810,5029,149,Love,2025-10-22 00:51:21
811,3702,2075,Wow,2025-12-05 19:23:44
812,6034,1510,Wow,2025-04-11 13:33:21
813,4528,103,Smile,2025-08-18 19:44:02
814,3509,1134,Love,2025-08-17 17:43:23
815,5044,1532,Helpful,2025-11-04 00:47:43
816,2980,475,Helpful,2025-06-24 03:06:27
817,3446,1892,Wow,2025-11-25 07:24:54
818,5732,134,Smile,2025-05-07 16:48:50
819,1612,530,Sad,2025-05-26 08:04:48
820,1991,461,Smile,2025-09-13 04:28:10
821,4876,341,Wow,2025-08-25 17:31:08
822,2007,627,Thank,2025-07-25 17:54:14
823,6310,1128,Sad,2025-04-14 20:06:42
824,2620,811,Agree,2025-10-22 13:09:16
825,3053,449,Thank,2025-08-07 00:59:14
826,6475,1068,Smile,2025-07-12 06:57:19
827,4226,1948,Agree,2025-03-15 02:29:32
828,2008,961,Thank,2025-06-19 19:38:08
829,1426,1355,Love,2025-01-29 13:06:51
830,2329,808,Helpful,2025-09-13 16:39:07
831,5527,1062,Love,2025-08-31 04:47:51
832,2824,1206,Thank,2025-03-11 12:42:42
833,1883,574,Agree,2025-08-09 03:23:41
834,3439,1870,Wow,2025-12-05 12:08:22
835,5661,1324,Sad,2025-09-20 12:48:00
836,2430,2088,Agree,2025-08-25 21:48:14
837,5868,228,Sad,2025-09-09 13:39:47
838,2863,906,Agree,2025-04-12 14:19:51
839,5504,749,Smile,2025-03-18 07:45:45
840,3149,1722,Wow,2025-11-28 17:46:42
841,4011,1727,Agree,2025-05-28 18:16:29
842,3047,1967,Love,2025-11-15 23:35:14
843,1454,695,Helpful,2025-10-23 12:28:01
844,2702,2069,Wow,2025-10-17 22:21:51
845,2629,2040,Wow,2025-01-07 14:51:26
846,5261,1723,Love,2025-09-19 05:32:34
847,3276,1996,Sad,2025-07-13 21:57:45
848,4981,494,Wow,2025-11-28 05:23:53
849,2721,654,Thank,2025-11-25 22:48:56
850,4787,1618,Sad,2025-07-26 10:38:14
851,4307,1359,Sad,2025-12-13 22:37:35
852,1763,1887,Helpful,2025-02-12 05:08:33
853,4576,2084,Thank,2025-10-22 20:39:37
854,2933,2043,Love,2025-02-03 14:02:32
855,6101,1991,Smile,2025-06-11 10:11:11
856,931,1210,Thank,2025-06-27 23:57:50
857,4387,1143,Wow,2025-08-20 12:55:31
858,3262,405,Smile,2025-08-13 18:03:44
859,3478,900,Smile,2025-04-24 10:44:52
860,1851,2090,Thank,2025-05-15 15:43:18
861,1409,1176,Helpful,2025-11-20 05:52:52
862,6126,768,Smile,2025-11-15 11:09:09
863,5665,753,Helpful,2025-09-15 23:03:27
864,1187,268,Agree,2025-07-08 17:58:42
865,1624,1521,Smile,2025-12-12 19:47:53
866,5224,966,Helpful,2025-06-14 04:54:57
867,2043,1638,Agree,2025-10-13 12:46:32
868,4375,1197,Smile,2025-06-01 09:10:56
869,1709,1960,Wow,2025-04-09 23:25:17
870,869,154,Sad,2025-11-12 21:20:23
871,5593,1736,Smile,2025-02-13 21:40:02
872,2376,226,Agree,2025-10-13 09:37:11
873,1512,877,Helpful,2025-11-14 23:03:50
874,5442,1171,Love,2025-07-02 03:14:43
875,6164,1983,Thank,2025-02-12 20:29:51
876,2628,2008,Helpful,2025-07-24 01:55:33
877,3843,1265,Sad,2025-02-12 11:00:17
878,6342,807,Smile,2025-05-14 17:19:54
879,6383,1307,Thank,2025-07-24 11:01:10
880,5274,355,Helpful,2025-02-28 21:57:04
881,3114,1929,Smile,2025-05-26 00:10:16
882,593,950,Love,2025-11-24 13:15:07
883,978,607,Love,2025-09-20 14:08:41
884,722,1950,Smile,2025-09-26 06:23:06
885,3944,1100,Wow,2025-05-09 13:58:56
886,4270,1400,Love,2025-11-15 23:20:59
887,4361,1157,Smile,2025-09-29 06:25:58
888,3630,1649,Wow,2025-06-22 14:42:36
889,6160,796,Wow,2025-03-05 23:34:01
890,2391,1922,Wow,2025-07-11 10:29:24
891,3622,933,Wow,2025-05-29 23:04:23
892,995,2049,Thank,2025-08-13 06:28:48
893,5951,663,Sad,2025-12-10 21:59:10
894,3475,1589,Sad,2025-05-15 22:09:25
895,5950,1363,Smile,2025-02-23 17:39:52
896,5133,1475,Agree,2025-05-13 12:03:03
897,4380,543,Helpful,2025-10-14 20:15:10
898,2962,1932,Love,2025-05-08 10:52:03
899,1753,689,Love,2025-03-15 22:42:57
900,2452,148,Helpful,2025-07-22 01:28:14
901,4279,1877,Wow,2025-11-27 17:57:17
902,3915,830,Helpful,2025-06-12 07:37:09
903,5392,1347,Thank,2025-08-20 10:11:49
904,2047,1229,Love,2025-10-18 02:44:36
905,5492,1092,Sad,2025-09-22 16:03:03
906,3751,871,Helpful,2025-06-23 06:14:12
907,5601,314,Love,2025-04-15 11:58:53
908,1487,1697,Helpful,2025-09-15 01:40:04
909,3271,766,Sad,2025-08-01 22:45:11
910,2998,816,Love,2025-04-10 04:04:05
911,2211,1399,Thank,2025-05-29 02:26:03
912,5718,1340,Wow,2025-12-10 08:16:23
913,1383,1179,Smile,2025-06-04 11:26:08
914,3375,1686,Sad,2025-11-10 15:49:59
915,519,1563,Helpful,2025-02-18 17:18:48
916,5500,909,Thank,2025-06-25 04:42:15
917,952,1273,Agree,2025-12-09 08:45:22
918,2614,540,Smile,2025-03-12 20:51:28
919,554,1098,Sad,2025-06-30 22:45:51
920,1982,1147,Helpful,2025-09-16 08:37:24
921,760,332,Helpful,2025-06-15 14:02:54
922,2958,796,Sad,2025-09-02 04:39:40
923,5343,331,Thank,2025-01-25 11:36:52
924,2496,435,Smile,2025-04-02 21:55:03
925,525,1491,Helpful,2025-11-21 09:16:15
926,5081,1509,Love,2025-07-17 14:06:54
927,5648,1527,Smile,2025-04-02 17:59:37
928,2213,633,Agree,2025-05-09 02:47:39
929,3844,1534,Thank,2025-06-21 12:59:52
930,5563,600,Sad,2025-12-03 23:14:40
931,4996,244,Thank,2025-09-14 09:19:39
932,5283,1571,Love,2025-06-21 11:24:46
933,2337,1897,Sad,2025-06-19 02:02:35
934,6218,642,Thank,2025-09-25 15:07:51
935,3541,2010,Thank,2025-05-15 18:18:23
936,2155,1048,Helpful,2025-05-04 12:11:28
937,2409,484,Sad,2025-08-25 19:54:58
938,5131,565,Helpful,2025-02-17 11:02:16
939,1511,958,Helpful,2025-07-19 01:53:42
940,5398,2099,Agree,2025-11-10 02:56:25
941,6209,1059,Love,2025-09-25 10:46:43
942,3231,689,Smile,2025-06-12 01:43:11
943,1560,550,Smile,2025-05-01 03:18:52
944,1775,931,Thank,2025-10-12 06:56:33
945,1653,445,Smile,2025-02-08 02:30:13
946,4562,2046,Wow,2025-07-13 20:42:44
947,4433,2052,Sad,2025-05-14 05:25:33
948,1202,1609,Thank,2025-10-30 01:22:10
949,2384,1540,Smile,2025-05-18 17:25:18
950,6321,1026,Love,2025-10-18 20:07:10
951,5411,1211,Agree,2025-10-01 23:19:02
952,633,1399,Smile,2025-08-27 02:22:57
953,1321,1931,Sad,2025-05-03 21:28:32
954,5557,1362,Love,2025-06-18 00:31:14
955,2267,1270,Smile,2025-05-14 02:46:57
956,5374,1760,Sad,2025-09-19 20:32:55
957,2017,522,Smile,2025-08-09 13:59:38
958,1839,1207,Thank,2025-08-09 00:17:56
959,1472,2009,Sad,2025-10-26 00:10:02
960,4833,1910,Wow,2025-10-30 04:05:27
961,5313,600,Thank,2025-05-24 01:37:14
962,2234,1504,Agree,2025-09-28 18:39:38
963,2868,1723,Smile,2025-03-24 12:31:15
964,6196,376,Agree,2025-04-07 15:21:44
965,2784,1632,Love,2025-09-13 19:59:43
966,1416,304,Sad,2025-04-17 14:01:04
967,3760,1239,Smile,2025-10-04 13:53:21
968,6251,1891,Thank,2025-03-07 04:00:25
969,2548,1710,Love,2025-08-25 23:39:52
970,1079,186,Agree,2025-01-17 00:49:18
971,2690,1532,Sad,2025-04-11 11:01:44
972,5886,327,Wow,2025-10-11 11:22:43
973,5054,176,Smile,2025-03-02 06:54:31
974,2504,1305,Thank,2025-06-18 13:40:44
975,1384,402,Thank,2025-11-08 18:52:45
976,5485,330,Helpful,2025-08-26 19:03:29
977,501,2068,Smile,2025-11-24 13:02:10
978,2854,1638,Thank,2025-01-26 19:10:37
979,1067,1698,Sad,2025-10-20 23:24:32
980,6493,262,Smile,2025-10-11 12:14:36
981,650,2032,Sad,2025-05-05 22:06:43
982,3205,278,Thank,2025-02-07 05:25:19
983,5804,258,Smile,2025-11-30 18:42:17
984,2327,556,Love,2025-12-15 00:43:11
985,1269,1339,Helpful,2025-04-22 23:51:19
986,4738,421,Helpful,2025-07-28 22:20:37
987,3507,923,Helpful,2025-08-08 03:56:22
988,2772,1792,Helpful,2025-09-19 05:07:34
989,4016,1815,Sad,2025-04-04 21:19:10
990,1354,1627,Helpful,2025-03-09 01:12:48
991,5184,1927,Helpful,2025-01-18 21:20:37
992,4136,1006,Love,2025-11-11 21:12:53
993,2132,1537,Helpful,2025-08-21 00:20:05
994,6033,579,Sad,2025-07-16 21:31:11
995,2850,183,Thank,2025-07-27 14:52:27
996,6138,1787,Agree,2025-01-19 20:26:19
997,2854,652,Love,2025-01-26 19:35:37
998,5651,1471,Sad,2025-11-25 17:25:01
999,3961,1108,Helpful,2025-08-03 01:23:21
1000,4467,1549,Smile,2025-10-20 20:40:27
1001,2299,370,Helpful,2025-09-09 20:42:28
1002,5712,781,Sad,2025-10-21 01:38:43
1003,2898,1302,Helpful,2025-04-05 18:04:59
1004,537,1782,Smile,2025-11-07 11:40:10
1005,5554,1248,Helpful,2025-10-19 11:38:16
1006,2581,197,Wow,2025-05-06 14:31:49
1007,1845,1139,Helpful,2025-09-30 01:19:33
1008,3035,2074,Smile,2025-01-01 22:33:25
1009,3527,148,Wow,2025-09-27 06:41:58
1010,5825,1270,Smile,2025-04-04 21:01:17
1011,5001,688,Love,2025-09-14 11:12:32
1012,5513,902,Sad,2025-11-23 06:37:56
1013,2970,856,Thank,2025-06-01 03:59:10
1014,3216,1458,Wow,2025-10-16 23:51:28
1015,1747,126,Helpful,2025-10-27 07:26:03
1016,4807,669,Wow,2025-06-05 15:36:45
1017,5892,647,Love,2025-11-26 00:06:03
1018,2931,1894,Thank,2025-08-05 13:23:27
1019,4394,1769,Helpful,2025-08-08 14:43:44
1020,5563,1886,Wow,2025-12-04 04:04:40
1021,666,2083,Wow,2025-04-03 10:18:27
1022,6106,208,Thank,2025-12-09 15:38:54
1023,1031,988,Wow,2025-07-30 20:12:20
1024,5228,1324,Thank,2025-05-06 14:01:19
1025,2337,986,Love,2025-06-19 20:45:35
1026,2609,872,Smile,2025-04-14 18:22:36
1027,2970,414,Love,2025-06-01 02:47:10
1028,1443,933,Love,2025-03-15 23:02:36
1029,6099,448,Agree,2025-04-23 05:48:32
1030,4597,1295,Love,2025-04-07 18:56:15
1031,4218,580,Love,2025-10-12 18:05:39
1032,2904,755,Wow,2025-10-29 13:23:33
1033,4043,1848,Smile,2025-07-04 19:00:26
1034,4381,1925,Agree,2025-08-19 12:16:16
1035,2136,360,Love,2025-09-12 17:28:59
1036,6006,1510,Sad,2025-01-24 17:02:31
1037,5363,742,Sad,2025-05-07 11:39:58
1038,3114,174,Thank,2025-05-25 23:18:16
1039,3523,837,Thank,2025-07-20 11:22:05
1040,1972,1105,Helpful,2025-05-10 21:50:41
1041,4406,1208,Smile,2025-06-29 17:34:02
1042,4687,217,Helpful,2025-03-05 01:28:45
1043,534,445,Love,2025-04-30 02:52:15
1044,4748,1659,Thank,2025-06-27 19:00:52
1045,4120,1284,Love,2025-07-19 04:44:43
1046,3649,1179,Agree,2025-11-09 07:22:01
1047,2422,1909,Love,2025-11-04 12:20:42
1048,1591,1326,Agree,2025-05-19 13:55:39
1049,1354,1785,Smile,2025-03-08 19:10:48
1050,4206,2029,Helpful,2025-06-17 20:19:51
1051,2010,923,Thank,2025-02-06 11:25:21
1052,1239,687,Helpful,2025-04-23 01:09:25
1053,3723,1553,Wow,2025-08-02 19:43:56
1054,4765,443,Thank,2025-10-12 08:20:49
1055,5530,264,Helpful,2025-07-06 21:18:15
1056,2733,1232,Helpful,2025-07-09 20:51:58
1057,5859,1800,Thank,2025-12-06 15:43:05
1058,6391,1159,Smile,2025-08-26 17:06:17
1059,3219,1091,Helpful,2025-05-17 00:29:29
1060,4092,504,Thank,2025-10-11 17:13:11
1061,1597,531,Agree,2025-07-25 15:14:49
1062,5349,697,Sad,2025-10-24 07:14:00
1063,6213,907,Sad,2025-09-09 13:11:54
1064,2415,1588,Agree,2025-06-10 14:07:06
1065,898,598,Agree,2025-01-10 15:04:29
1066,4125,535,Love,2025-06-11 18:52:37
1067,1781,1964,Love,2025-06-13 17:21:51
1068,2087,1309,Smile,2025-10-22 10:27:24
1069,5733,1735,Smile,2025-10-19 04:47:45
1070,2481,1187,Thank,2025-02-15 23:30:44
1071,3453,1435,Sad,2025-09-27 03:05:00
1072,6033,861,Thank,2025-07-17 07:25:11
1073,3563,299,Wow,2025-06-30 06:16:16
1074,3788,798,Wow,2025-11-22 05:44:41
1075,5089,721,Thank,2025-05-08 23:17:40
1076,3490,1656,Helpful,2025-05-17 15:01:13
1077,4692,1440,Wow,2025-08-22 22:47:42
1078,723,1984,Thank,2025-07-28 21:12:26
1079,5667,227,Helpful,2025-09-14 09:53:54
1080,1676,858,Smile,2025-08-17 12:56:44
1081,3204,839,Helpful,2025-10-07 04:55:28
1082,5395,1676,Agree,2025-07-27 11:23:50
1083,6220,133,Thank,2025-05-10 23:51:07
1084,5710,2068,Smile,2025-06-07 01:18:03
1085,1647,1846,Helpful,2025-06-12 20:33:26
1086,3469,606,Wow,2025-10-28 06:24:48
1087,3897,1013,Love,2025-10-01 12:23:38
1088,1209,1752,Thank,2025-09-27 21:51:07
1089,1317,1541,Helpful,2025-01-31 18:34:14
1090,5671,379,Helpful,2025-09-09 18:46:30
1091,2230,612,Smile,2025-12-09 06:13:52
1092,6314,1510,Sad,2025-09-22 18:23:54
1093,6405,526,Love,2025-11-18 08:27:59
1094,4021,918,Thank,2025-11-10 17:03:06
1095,1627,739,Thank,2025-10-20 03:23:48
1096,1911,552,Wow,2025-05-02 22:07:59
1097,1855,1960,Sad,2025-08-12 17:16:17
1098,2029,1969,Wow,2025-08-30 18:24:25
1099,5713,1514,Wow,2025-11-23 00:52:08
1100,2652,1582,Agree,2025-09-02 12:01:35
1101,6239,1950,Wow,2025-01-19 05:50:38
1102,3613,1040,Wow,2025-08-04 20:52:44
1103,2059,109,Smile,2025-08-30 23:30:10
1104,1284,1619,Sad,2025-11-20 11:08:28
1105,1072,2019,Wow,2025-03-29 04:43:00
1106,1135,1788,Smile,2025-08-09 21:46:37
1107,2139,1278,Agree,2025-07-15 22:42:32
1108,5913,1453,Thank,2025-07-23 10:31:17
1109,3492,1381,Love,2025-05-10 02:37:05
1110,1769,450,Wow,2025-09-02 12:59:31
1111,2372,658,Helpful,2025-08-03 05:56:15
1112,5829,779,Thank,2025-06-19 22:20:31
1113,6271,1568,Agree,2025-11-08 21:35:53
1114,6093,209,Agree,2025-06-05 00:33:30
1115,3915,1988,Sad,2025-06-12 05:40:09
1116,1501,1016,Agree,2025-01-18 17:44:28
1117,4242,534,Love,2025-07-14 05:47:45
1118,6040,1552,Wow,2025-11-30 16:15:09
1119,5843,1340,Love,2025-08-06 10:46:41
1120,1897,1307,Sad,2025-07-23 17:52:40
1121,2148,1432,Wow,2025-09-21 06:57:19
1122,5231,312,Helpful,2025-10-31 19:38:12
1123,6320,1579,Wow,2025-03-29 10:48:15
1124,2079,756,Smile,2025-11-14 09:18:33
1125,4155,1720,Helpful,2025-10-04 10:12:52
1126,2859,391,Agree,2025-04-05 04:11:50
1127,5107,286,Wow,2025-05-25 19:50:39
1128,2071,269,Love,2025-11-23 16:20:42
1129,1797,1599,Wow,2025-08-22 02:09:51
1130,1038,473,Love,2025-04-29 00:02:46
1131,4096,1867,Helpful,2025-08-03 21:40:18
1132,1422,1515,Thank,2025-09-20 22:53:15
1133,5063,445,Helpful,2025-11-06 02:18:31
1134,5302,941,Smile,2025-06-15 13:35:03
1135,894,664,Love,2025-11-06 13:25:46
1136,989,121,Agree,2025-04-20 00:39:23
1137,6056,299,Sad,2025-05-31 12:35:56
1138,3922,1364,Sad,2025-06-05 13:38:32
1139,1436,1078,Sad,2025-09-01 11:59:19
1140,5608,710,Thank,2025-09-24 13:43:49
1141,2645,657,Love,2025-09-06 00:10:57
1142,1741,2036,Love,2025-09-09 20:18:25
1143,3972,709,Sad,2025-04-02 11:19:54
1144,4852,1532,Wow,2025-06-04 00:58:55
1145,6121,1539,Agree,2025-01-30 23:38:57
1146,1123,894,Wow,2025-05-04 07:31:36
1147,2966,1448,Smile,2025-08-23 09:48:22
1148,2560,1134,Sad,2025-08-06 22:05:03
1149,605,811,Love,2025-01-24 06:08:43
1150,830,433,Helpful,2025-11-02 16:45:15
1151,1035,385,Agree,2025-02-19 06:28:28
1152,3571,555,Helpful,2025-06-12 14:46:00
1153,1982,1698,Love,2025-09-15 13:25:24
1154,4765,1400,Thank,2025-10-12 12:25:49
1155,5814,508,Wow,2025-04-22 01:25:49
1156,2491,934,Helpful,2025-11-11 18:07:45
1157,2487,757,Agree,2025-08-27 11:52:23
1158,1589,732,Thank,2025-10-16 18:06:12
1159,1649,532,Helpful,2025-09-04 00:38:23
1160,1744,142,Love,2025-05-06 11:32:42
1161,2196,1730,Thank,2025-06-21 17:38:34
1162,5110,942,Love,2025-10-25 19:22:10
1163,3178,896,Smile,2025-07-31 15:59:52
1164,2248,861,Love,2025-07-21 15:24:26
1165,3218,1357,Wow,2025-09-22 06:48:19
1166,4654,584,Love,2025-03-12 00:42:06
1167,1422,762,Wow,2025-09-21 00:15:15
1168,2505,1358,Sad,2025-03-25 08:02:57
1169,3701,1450,Smile,2025-10-04 23:05:03
1170,3578,148,Sad,2025-05-10 00:01:44
1171,4382,324,Wow,2025-11-12 12:15:35
1172,4894,584,Love,2025-10-27 20:54:03
1173,4333,547,Smile,2025-10-26 03:05:51
1174,5375,1405,Thank,2025-08-02 03:05:33
1175,5170,746,Agree,2025-03-03 07:26:27
1176,5858,1776,Helpful,2025-01-17 00:25:12
1177,1890,1385,Agree,2025-04-12 01:30:16
1178,2530,1844,Agree,2025-05-15 19:30:29
1179,3183,1280,Love,2025-10-02 15:43:13
1180,4811,723,Helpful,2025-08-21 20:38:23
1181,2287,142,Helpful,2025-03-09 04:45:14
1182,3154,1632,Thank,2025-09-18 14:18:14
1183,5939,2097,Wow,2025-03-03 05:41:39
1184,540,874,Smile,2025-10-04 04:49:35
1185,3034,2083,Sad,2025-09-09 01:29:47
1186,4456,1977,Sad,2025-04-12 06:54:24
1187,4721,1634,Wow,2025-11-14 02:15:28
1188,3423,402,Sad,2025-01-23 05:05:56
1189,933,1181,Agree,2025-02-16 18:48:00
1190,2170,2047,Helpful,2025-11-01 14:44:17
1191,6436,1532,Agree,2025-08-01 22:28:58
1192,6455,832,Sad,2025-08-30 09:26:01
1193,6323,659,Agree,2025-10-23 21:53:52
1194,1232,1988,Helpful,2025-05-31 08:33:05
1195,6221,256,Smile,2025-01-17 08:20:47
1196,3081,356,Helpful,2025-08-07 21:52:16
1197,5727,419,Love,2025-06-29 16:22:08
1198,3408,648,Agree,2025-10-09 23:45:39
1199,777,2097,Thank,2025-03-07 09:49:29
1200,6000,806,Thank,2025-11-02 19:20:05
1201,5940,1602,Helpful,2025-09-17 18:33:50
1202,5977,725,Smile,2025-10-23 23:23:54
1203,4630,1429,Agree,2025-08-15 15:20:42
1204,4824,1604,Sad,2025-02-05 04:40:43
1205,6237,831,Thank,2025-11-18 15:15:20
1206,5243,917,Helpful,2025-10-18 14:14:10
1207,2890,753,Sad,2025-10-22 05:27:05
1208,3548,695,Sad,2025-10-28 10:23:15
1209,3922,1573,Love,2025-06-05 17:39:32
1210,3091,619,Smile,2025-07-25 05:49:24
1211,5327,199,Smile,2025-10-04 10:14:01
1212,856,886,Thank,2025-08-20 12:43:13
1213,684,1162,Smile,2025-05-01 10:24:03
1214,6026,1039,Sad,2025-10-31 09:39:50
1215,4048,463,Thank,2025-08-31 20:20:44
1216,1587,923,Helpful,2025-07-11 17:57:28
1217,4101,1806,Smile,2025-04-17 13:39:56
1218,5936,1853,Smile,2025-07-03 22:23:09
1219,6428,1502,Wow,2025-04-26 17:18:20
1220,2052,1011,Thank,2025-09-26 06:13:00
1221,1251,834,Helpful,2025-08-04 02:20:58
1222,3247,1782,Helpful,2025-01-15 01:21:07
1223,5078,1912,Wow,2025-07-05 18:52:50
1224,5828,1406,Wow,2025-08-14 10:58:02
1225,2147,1414,Agree,2025-10-28 09:20:13
1226,4326,612,Agree,2025-10-13 01:25:56
1227,4220,826,Thank,2025-08-26 15:31:11
1228,2275,1700,Smile,2025-08-05 10:35:02
1229,4761,1868,Thank,2025-07-18 21:35:18
1230,4365,1849,Wow,2025-02-09 15:04:53
1231,5185,1465,Sad,2025-01-18 08:38:44
1232,5986,1404,Agree,2025-05-09 09:34:42
1233,925,1962,Smile,2025-08-31 13:42:35
1234,2517,274,Thank,2025-10-08 20:05:56
1235,2014,936,Smile,2025-02-22 12:46:47
1236,3831,1775,Wow,2025-05-27 01:02:29
1237,3156,918,Sad,2025-10-19 10:58:00
1238,6146,113,Sad,2025-11-21 23:17:10
1239,2677,1558,Smile,2025-10-02 00:58:48
1240,3536,1075,Smile,2025-10-31 17:14:33
1241,602,1608,Sad,2025-01-31 13:53:18
1242,501,1629,Thank,2025-11-24 12:41:10
1243,2775,1854,Sad,2025-03-10 05:01:02
1244,5974,372,Helpful,2025-06-28 21:15:49
1245,4430,1239,Sad,2025-10-04 08:47:33
1246,6297,921,Love,2025-10-23 08:38:42
1247,4749,411,Wow,2025-08-06 18:00:13
1248,3886,1710,Wow,2025-08-05 23:10:41
1249,5249,1370,Smile,2025-10-30 00:02:56
1250,2826,1513,Sad,2025-03-05 20:26:06
1251,2580,966,Wow,2025-06-18 14:00:31
1252,3961,669,Wow,2025-08-03 03:03:21
1253,5130,1513,Smile,2025-03-20 01:35:05
1254,1345,130,Thank,2025-11-21 04:02:08
1255,5060,2043,Helpful,2025-06-07 20:35:51
1256,3480,1868,Smile,2025-12-05 05:28:41
1257,6400,104,Thank,2025-09-12 04:00:45
1258,3915,169,Love,2025-06-12 10:37:09
1259,6415,151,Helpful,2025-08-07 04:30:47
1260,6385,2055,Smile,2025-07-18 04:24:04
1261,2320,1757,Agree,2025-06-19 22:48:11
1262,4253,280,Smile,2025-04-26 03:10:47
1263,1770,1460,Helpful,2025-10-16 18:28:48
1264,1197,349,Helpful,2025-05-30 18:42:31
1265,2146,2068,Smile,2025-08-30 19:42:13
1266,2475,213,Thank,2025-07-23 07:50:38
1267,4995,1107,Love,2025-01-11 01:23:17
1268,6289,1030,Smile,2025-11-02 19:24:12
1269,1376,1586,Sad,2025-10-19 01:38:22
1270,646,2086,Sad,2025-09-23 19:15:19
1271,5683,646,Smile,2025-01-04 13:40:29
1272,6101,251,Love,2025-06-11 19:11:11
1273,4778,628,Helpful,2025-08-05 03:53:09
1274,742,1823,Smile,2025-08-29 15:49:55
1275,4892,366,Agree,2025-06-16 20:05:29
1276,754,1250,Helpful,2025-04-04 04:58:17
1277,3357,1638,Sad,2025-09-10 10:36:35
1278,3349,418,Thank,2025-09-18 10:46:02
1279,3070,688,Love,2025-06-04 11:09:58
1280,4791,457,Smile,2025-06-21 16:34:34
1281,1339,337,Sad,2025-03-14 22:56:31
1282,1015,710,Sad,2025-08-14 17:27:20
1283,4246,131,Love,2025-03-23 12:29:35
1284,5880,318,Wow,2025-05-02 01:27:07
1285,3508,244,Love,2025-08-04 03:26:48
1286,1135,1819,Agree,2025-08-09 20:06:37
1287,5989,994,Helpful,2025-08-12 14:54:55
1288,3457,919,Smile,2025-11-24 12:31:29
1289,4890,1586,Agree,2025-05-23 10:12:59
1290,5042,1917,Smile,2025-08-06 07:39:55
1291,6298,465,Thank,2025-11-18 05:10:32
1292,3987,574,Agree,2025-09-12 16:27:39
1293,5801,1146,Sad,2025-12-03 14:01:54
1294,4469,1973,Agree,2025-11-24 16:31:26
1295,2016,1078,Sad,2025-06-08 00:33:03
1296,1489,511,Helpful,2025-07-22 01:02:20
1297,3949,272,Sad,2025-08-06 23:50:58
1298,1809,838,Smile,2025-08-28 08:42:29
1299,1483,1758,Wow,2025-10-25 12:53:18
1300,3189,472,Wow,2025-08-05 10:29:18
1301,5294,1353,Thank,2025-07-31 18:07:07
1302,582,450,Sad,2025-02-16 18:43:46
1303,2510,1494,Thank,2025-02-05 14:20:01
1304,607,310,Wow,2025-02-18 06:34:46
1305,5273,578,Wow,2025-12-08 17:16:31
1306,2730,607,Smile,2025-09-01 12:44:45
1307,504,175,Sad,2025-08-27 06:49:13
1308,6046,1073,Love,2025-10-16 01:08:13
1309,1038,1773,Sad,2025-04-29 15:27:46
1310,1942,1096,Thank,2025-03-28 01:16:13
1311,2053,1485,Smile,2025-03-25 08:45:12
1312,4967,1390,Wow,2025-10-03 17:01:07
1313,1888,613,Smile,2025-06-27 04:28:17
1314,3776,683,Agree,2025-09-22 11:45:19
1315,2200,1946,Love,2025-03-14 15:38:18
1316,4360,765,Sad,2025-08-06 20:23:19
1317,4529,1146,Helpful,2025-11-08 06:34:35
1318,579,369,Thank,2025-06-22 14:09:55
1319,2749,429,Love,2025-09-19 00:08:56
1320,2114,543,Agree,2025-06-11 15:55:05
1321,799,548,Wow,2025-07-15 12:29:46
1322,3646,1153,Love,2025-03-29 15:39:37
1323,1832,2078,Helpful,2025-09-30 09:22:45
1324,2523,231,Wow,2025-05-25 13:00:10
1325,2858,680,Sad,2025-01-04 23:51:07
1326,3184,1017,Wow,2025-11-30 03:30:54
1327,4950,795,Helpful,2025-11-08 11:14:08
1328,1080,1842,Agree,2025-06-13 17:24:38
1329,6360,1890,Smile,2025-10-26 23:45:10
1330,6286,187,Smile,2025-03-12 20:07:27
1331,4716,903,Helpful,2025-07-24 14:17:53
1332,2833,1995,Sad,2025-03-05 13:53:34
1333,5032,318,Love,2025-07-24 21:46:34
1334,4368,2070,Wow,2025-04-24 19:01:39
1335,4039,852,Smile,2025-05-26 20:33:21
1336,825,155,Thank,2025-11-04 22:49:25
1337,1693,1583,Smile,2025-04-09 23:33:20
1338,1183,1066,Sad,2025-04-02 14:19:36
1339,1401,394,Thank,2025-04-25 00:42:15
1340,6321,730,Helpful,2025-10-19 05:50:10
1341,3211,276,Helpful,2025-10-04 07:22:44
1342,4125,1554,Smile,2025-06-11 18:33:37
1343,5343,1291,Wow,2025-01-25 14:45:52
1344,1724,309,Thank,2025-05-24 10:16:28
1345,6388,187,Sad,2025-11-09 11:29:22
1346,4155,1923,Agree,2025-10-04 11:38:52
1347,4655,1349,Love,2025-05-01 11:36:38
1348,5645,1364,Helpful,2025-09-25 03:41:48
1349,4713,406,Thank,2025-07-27 20:28:34
1350,4286,1304,Love,2025-07-16 18:20:22
1351,4015,566,Wow,2025-07-23 03:11:34
1352,2432,1176,Sad,2025-04-17 13:07:24
1353,1721,1710,Thank,2025-10-02 02:02:37
1354,6410,1435,Agree,2025-02-12 00:33:29
1355,928,145,Smile,2025-10-30 18:10:20
1356,606,1911,Love,2025-10-17 12:20:27
1357,6489,2059,Agree,2025-05-19 20:46:53
1358,4587,241,Love,2025-11-13 11:37:06
1359,1291,623,Thank,2025-09-08 17:05:53
1360,6114,142,Helpful,2025-10-16 00:52:57
1361,2968,143,Thank,2025-10-04 18:51:40
1362,4645,1090,Smile,2025-07-20 20:16:38
1363,6008,869,Helpful,2025-08-11 02:26:32
1364,1613,189,Agree,2025-03-12 23:20:51
1365,4168,444,Thank,2025-08-22 22:06:34
1366,5117,1611,Helpful,2025-09-09 22:55:35
1367,4951,1508,Smile,2025-07-21 12:57:39
1368,5174,905,Wow,2025-11-23 22:25:38
1369,2587,1005,Thank,2025-10-01 01:42:21
1370,5334,1090,Smile,2025-11-23 10:11:29
1371,1480,618,Smile,2025-08-15 20:32:08
1372,6170,685,Helpful,2025-05-13 21:55:26
1373,4897,1835,Agree,2025-07-08 13:15:12
1374,3815,1523,Thank,2025-04-19 13:01:30
1375,6485,356,Sad,2025-04-02 20:49:46
1376,3648,1836,Helpful,2025-06-19 00:06:13
1377,4106,372,Sad,2025-05-28 18:37:30
1378,1120,2040,Wow,2025-06-25 07:29:31
1379,4705,851,Sad,2025-11-04 06:15:30
1380,5432,570,Wow,2025-08-10 03:37:24
1381,2154,219,Thank,2025-09-15 20:03:53
1382,2486,797,Helpful,2025-09-15 14:38:33
1383,5204,1075,Smile,2025-12-01 22:40:33
1384,6409,988,Smile,2025-09-12 16:46:05
1385,5273,840,Agree,2025-12-08 19:35:31
1386,4407,1257,Love,2025-04-08 21:02:12
1387,1237,1808,Agree,2025-12-04 15:18:07
1388,4136,1439,Wow,2025-11-11 20:47:53
1389,3299,1879,Sad,2025-03-17 18:35:10
1390,5472,222,Sad,2025-04-02 23:55:32
1391,2470,1472,Wow,2025-06-23 14:30:29
1392,1595,1109,Love,2025-01-12 22:31:44
1393,5715,1356,Sad,2025-11-01 00:03:21
1394,1351,1494,Smile,2025-12-13 17:24:25
1395,4720,203,Wow,2025-09-08 04:58:38
1396,2889,1463,Helpful,2025-10-01 08:30:25
1397,1267,2093,Helpful,2025-10-13 12:50:18
1398,1277,2088,Agree,2025-12-07 07:27:04
1399,1999,1706,Helpful,2025-05-18 02:33:55
1400,5311,737,Love,2025-10-21 15:05:08
1401,4336,756,Smile,2025-11-30 22:37:19
1402,2535,416,Smile,2025-02-20 12:34:25
1403,5328,1762,Smile,2025-11-21 13:32:34
1404,2076,666,Smile,2025-03-07 23:31:50
1405,6302,476,Helpful,2025-11-18 19:15:55
1406,989,2091,Agree,2025-04-20 22:29:23
1407,5750,777,Agree,2025-06-09 21:38:28
1408,744,1242,Agree,2025-07-09 11:40:47
1409,5925,1598,Agree,2025-04-23 00:32:18
1410,932,1615,Thank,2025-11-25 05:41:36
1411,3821,430,Helpful,2025-09-26 04:13:30
1412,2253,863,Thank,2025-08-17 23:18:41
1413,859,866,Thank,2025-04-16 10:03:31
1414,3100,692,Agree,2025-11-11 13:44:43
1415,2240,1921,Love,2025-07-28 13:51:40
1416,5354,690,Agree,2025-03-05 16:16:45
1417,550,958,Thank,2025-05-15 20:08:05
1418,4141,940,Helpful,2025-10-06 22:01:15
1419,4504,347,Wow,2025-10-30 13:59:41
1420,4469,768,Thank,2025-11-25 14:15:26
1421,2360,111,Sad,2025-08-04 21:53:28
1422,2049,957,Love,2025-09-23 20:26:19
1423,1291,1996,Wow,2025-09-08 09:52:53
1424,5197,405,Agree,2025-09-09 02:03:19
1425,2367,326,Wow,2025-01-07 19:26:52
1426,1412,1056,Sad,2025-06-16 20:56:37
1427,3831,370,Helpful,2025-05-27 14:20:29
1428,4329,748,Thank,2025-05-01 21:26:21
1429,4211,161,Agree,2025-11-17 15:45:22
1430,5692,867,Smile,2025-11-01 15:52:42
1431,1783,120,Love,2025-09-13 23:17:48
1432,2494,1524,Smile,2025-09-05 12:01:21
1433,5680,466,Helpful,2025-07-04 11:34:05
1434,1870,204,Love,2025-08-27 04:34:08
1435,1348,433,Love,2025-10-04 09:27:18
1436,2683,318,Agree,2025-10-27 15:00:30
1437,3406,1968,Helpful,2025-10-04 06:19:24
1438,1640,1870,Thank,2025-05-18 15:48:38
1439,3538,1230,Wow,2025-11-03 13:56:40
1440,503,1259,Smile,2025-10-03 15:22:00
1441,904,864,Wow,2025-05-21 14:38:21
1442,6271,911,Love,2025-11-09 12:46:53
1443,1270,220,Thank,2025-10-27 20:27:47
1444,4994,1484,Smile,2025-06-09 16:41:32
1445,1557,1763,Wow,2025-03-22 03:50:20
1446,3715,1314,Helpful,2025-10-09 22:31:18
1447,1219,637,Sad,2025-10-20 17:19:06
1448,6425,616,Wow,2025-09-03 00:00:58
1449,5975,385,Smile,2025-02-28 17:13:11
1450,5476,1454,Wow,2025-01-13 04:16:56
1451,5803,918,Helpful,2025-06-21 15:30:28
1452,5162,197,Sad,2025-07-21 21:18:36
1453,3737,1520,Sad,2025-01-24 16:43:19
1454,3170,155,Agree,2025-08-03 22:52:35
1455,1098,1371,Smile,2025-10-09 13:06:52
1456,929,602,Love,2025-04-19 22:55:26
1457,3254,2093,Love,2025-07-24 08:40:47
1458,6319,1177,Agree,2025-01-12 14:24:42
1459,3222,724,Smile,2025-03-31 14:27:36
1460,3676,1922,Smile,2025-04-07 23:47:48
1461,5781,1976,Agree,2025-09-11 18:44:01
1462,1018,1796,Sad,2025-03-24 22:45:17
1463,2498,716,Love,2025-10-17 01:57:17
1464,6398,753,Thank,2025-06-07 01:15:06
1465,4895,284,Love,2025-04-21 16:36:52
1466,1444,633,Wow,2025-09-24 12:59:08
1467,5830,393,Sad,2025-09-29 19:52:05
1468,5616,1970,Thank,2025-09-27 13:26:42
1469,3284,115,Smile,2025-05-14 20:01:15
1470,6186,1599,Agree,2025-05-26 17:09:43
1471,2086,232,Wow,2025-05-06 23:12:15
1472,4285,868,Sad,2025-06-09 19:38:29
1473,2193,404,Smile,2025-04-22 14:47:45
1474,3850,1684,Wow,2025-05-30 02:31:31
1475,4136,1754,Agree,2025-11-11 19:19:53
1476,5594,947,Love,2025-12-12 00:12:39
1477,4901,1255,Love,2025-11-22 19:22:39
1478,1455,181,Wow,2025-08-09 22:00:59
1479,4592,459,Wow,2025-07-04 02:16:15
1480,5329,960,Smile,2025-10-24 17:26:16
1481,5781,1609,Agree,2025-09-11 21:47:01
1482,2541,1190,Smile,2025-05-29 09:26:38
1483,4242,1239,Helpful,2025-07-13 22:04:45
1484,3096,389,Helpful,2025-10-12 00:57:18
1485,655,873,Smile,2025-07-05 18:04:10
1486,1534,1121,Smile,2025-05-09 01:19:50
1487,4785,469,Smile,2025-05-20 16:43:54
1488,3833,1799,Wow,2025-07-22 03:18:32
1489,1261,1454,Agree,2025-06-21 21:57:16
1490,3679,1502,Wow,2025-08-04 09:38:09
1491,4087,598,Helpful,2025-11-24 16:13:24
1492,5875,1826,Love,2025-10-27 18:18:23
1493,4533,1896,Sad,2025-10-24 21:06:33
1494,2686,1629,Love,2025-04-13 17:50:18
1495,506,1637,Love,2025-11-20 00:38:03
1496,1977,2088,Wow,2025-07-02 14:48:04
1497,4825,937,Love,2025-11-11 22:59:38
1498,554,989,Wow,2025-06-30 22:19:51
1499,1805,1958,Wow,2025-11-08 01:54:18
1500,4075,465,Love,2025-01-07 15:30:00
1501,3019,1531,Wow,2025-08-23 09:27:18
1502,4277,925,Wow,2025-05-10 02:27:08
1503,855,1204,Sad,2025-07-18 11:09:50
1504,4688,771,Love,2025-08-18 05:12:32
1505,5172,1002,Agree,2025-11-12 14:07:20
1506,1766,1947,Wow,2025-05-16 00:33:10
1507,3429,1381,Smile,2025-04-25 12:41:54
1508,4373,449,Sad,2025-09-07 09:14:23
1509,5166,460,Love,2025-04-04 23:09:34
1510,4878,837,Sad,2025-09-07 16:59:03
1511,4007,781,Love,2025-06-12 20:42:36
1512,3254,983,Smile,2025-07-25 01:16:47
1513,5470,234,Smile,2025-05-05 21:22:10
1514,2139,1994,Wow,2025-07-16 14:59:32
1515,3330,1210,Wow,2025-11-02 09:18:43
1516,2442,844,Agree,2025-09-03 09:42:25
1517,2537,1148,Agree,2025-06-20 00:59:25
1518,3618,639,Wow,2025-10-07 10:20:45
1519,2210,1131,Wow,2025-11-17 22:27:41
1520,865,1337,Thank,2025-12-10 21:31:19
1521,4538,2036,Thank,2025-09-30 14:18:35
1522,4706,1378,Sad,2025-02-02 12:50:10
1523,3189,1469,Sad,2025-08-05 16:19:18
1524,1330,1026,Agree,2025-07-11 12:25:59
1525,3486,715,Love,2025-06-09 08:28:12
1526,6014,1533,Smile,2025-10-08 17:33:56
1527,4736,605,Agree,2025-10-23 02:46:50
1528,5118,1064,Smile,2025-10-04 22:45:01
1529,5952,1779,Thank,2025-01-23 23:44:37
1530,898,232,Wow,2025-01-10 11:52:29
1531,3433,1614,Love,2025-09-03 00:36:49
1532,4016,2077,Sad,2025-04-04 21:02:10
1533,5875,730,Helpful,2025-10-27 22:28:23
1534,3584,1178,Sad,2025-08-06 11:19:20
1535,1177,756,Wow,2025-01-31 13:33:40
1536,4684,1762,Helpful,2025-05-15 14:46:34
1537,2893,1388,Smile,2025-10-29 11:59:59
1538,5039,1611,Helpful,2025-09-17 03:06:04
1539,4947,510,Sad,2025-09-06 04:49:23
1540,635,159,Helpful,2025-08-20 13:21:14
1541,5895,1668,Love,2025-08-23 21:14:15
1542,1217,1138,Helpful,2025-03-13 06:27:23
1543,3675,1520,Thank,2025-08-08 07:07:52
1544,3683,1558,Agree,2025-06-09 05:56:36
1545,1163,1939,Sad,2025-07-09 21:57:05
1546,2740,918,Sad,2025-04-02 10:01:51
1547,666,1899,Sad,2025-04-03 20:08:27
1548,2945,805,Thank,2025-08-12 04:18:47
1549,5803,1907,Thank,2025-06-21 11:04:28
1550,799,412,Sad,2025-07-15 12:33:46
1551,533,228,Thank,2025-08-07 20:40:19
1552,1497,1721,Sad,2025-06-06 10:57:06
1553,4892,110,Agree,2025-06-16 20:29:29
1554,6492,211,Love,2025-11-21 09:13:39
1555,3023,2049,Sad,2025-11-10 15:58:29
1556,5726,1542,Smile,2025-03-02 22:20:17
1557,3361,174,Agree,2025-05-11 01:10:30
1558,5623,1541,Sad,2025-02-09 18:40:23
1559,5349,402,Agree,2025-10-24 00:30:00
1560,3377,358,Thank,2025-10-22 13:54:38
1561,1865,1380,Agree,2025-05-29 10:43:31
1562,3177,1068,Love,2025-08-03 18:29:40
1563,3887,1887,Helpful,2025-06-20 08:10:34
1564,3316,849,Sad,2025-06-10 14:38:31
1565,1502,1701,Love,2025-06-23 14:54:40
1566,2157,182,Thank,2025-06-15 11:40:49
1567,3308,1084,Smile,2025-07-30 04:35:35
1568,3047,1975,Sad,2025-11-15 20:41:14
1569,1747,767,Agree,2025-10-27 01:07:03
1570,5119,1442,Wow,2025-09-12 04:30:09
1571,6228,652,Sad,2025-02-13 15:26:01
1572,5792,1643,Agree,2025-10-18 17:02:33
1573,5191,2074,Agree,2025-06-20 13:27:30
1574,1302,870,Wow,2025-10-28 10:28:18
1575,1899,919,Wow,2025-08-06 21:57:27
1576,1025,1471,Thank,2025-10-14 11:38:06
1577,3499,1981,Thank,2025-04-20 20:10:24
1578,5702,1033,Thank,2025-10-08 20:46:43
1579,599,1863,Thank,2025-07-19 00:42:20
1580,4475,566,Sad,2025-09-03 20:06:19
1581,3237,312,Agree,2025-11-29 16:46:33
1582,1896,1533,Thank,2025-11-26 15:52:24
1583,2374,1169,Wow,2025-09-08 20:40:50
1584,2222,1017,Thank,2025-06-08 02:37:29
1585,1241,975,Thank,2025-04-08 21:48:56
1586,5913,1563,Agree,2025-07-23 11:32:17
1587,3532,2038,Helpful,2025-11-10 12:23:32
1588,3347,1640,Helpful,2025-02-19 19:28:46
1589,3459,1356,Smile,2025-09-19 17:40:14
1590,1773,895,Smile,2025-11-26 15:14:23
1591,5609,1945,Smile,2025-07-17 10:35:57
1592,5837,108,Wow,2025-12-03 20:02:16
1593,599,750,Wow,2025-07-19 08:18:20
1594,5468,1162,Helpful,2025-07-03 00:57:53
1595,1445,728,Love,2025-06-10 01:36:23
1596,5245,1512,Agree,2025-09-03 00:18:09
1597,3991,1134,Helpful,2025-01-07 21:29:43
1598,5484,1080,Helpful,2025-12-05 16:36:45
1599,5884,1210,Wow,2025-08-02 09:22:38
1600,2375,1309,Smile,2025-06-16 03:26:49
1601,2498,261,Thank,2025-10-16 11:54:17
1602,1962,1324,Wow,2025-09-14 09:32:32
1603,3921,854,Smile,2025-10-11 13:18:17
1604,2614,1095,Thank,2025-03-12 21:44:28
1605,4166,695,Smile,2025-10-18 22:56:45
1606,2062,449,Helpful,2025-09-08 03:54:03
1607,2476,162,Wow,2025-09-09 19:31:50
1608,1490,1129,Agree,2025-08-11 15:05:58
1609,5140,1094,Love,2025-07-27 21:22:27
1610,3001,396,Sad,2025-07-02 13:38:49
1611,4573,426,Sad,2025-08-27 00:59:43
1612,3390,2005,Sad,2025-06-30 13:16:11
1613,3584,1054,Wow,2025-08-06 14:04:20
1614,5042,1816,Smile,2025-08-06 06:21:55
1615,1499,729,Sad,2025-09-23 05:54:40
1616,5272,1802,Wow,2025-07-31 07:48:31
1617,2295,1126,Sad,2025-08-28 00:09:53
1618,6022,1133,Sad,2025-07-31 23:28:48
1619,1891,609,Agree,2025-10-05 23:27:07
1620,3573,1635,Agree,2025-08-14 22:29:57
1621,4618,1732,Wow,2025-01-24 10:10:13
1622,4964,1411,Smile,2025-01-07 23:22:49
1623,3551,1574,Sad,2025-04-09 17:02:49
1624,2331,937,Wow,2025-12-15 12:10:47
1625,4809,1519,Sad,2025-06-07 00:58:36
1626,2971,783,Helpful,2025-04-30 18:28:06
1627,2903,2090,Wow,2025-01-09 16:10:34
1628,4101,1991,Thank,2025-04-17 20:08:56
1629,5855,507,Thank,2025-05-12 22:58:38
1630,929,374,Love,2025-04-19 14:11:26
1631,5899,1050,Agree,2025-12-02 15:20:21
1632,1916,364,Smile,2025-12-01 16:53:12
1633,5616,1228,Sad,2025-09-27 11:08:42
1634,6213,591,Sad,2025-09-09 13:51:54
1635,807,1936,Helpful,2025-11-24 05:29:33
1636,5479,1419,Agree,2025-10-12 19:30:38
1637,3523,1215,Helpful,2025-07-20 16:39:05
1638,4630,927,Agree,2025-08-15 09:06:42
1639,1325,444,Love,2025-08-29 01:16:28
1640,4347,1267,Thank,2025-01-21 02:05:56
1641,2218,1699,Helpful,2025-07-11 03:11:57
1642,1429,1504,Wow,2025-08-23 15:18:28
1643,2510,1344,Sad,2025-02-05 00:10:01
1644,3960,1639,Love,2025-10-26 14:10:21
1645,2740,1110,Wow,2025-04-02 06:54:51
1646,2858,1026,Helpful,2025-01-05 03:50:07
1647,2120,160,Sad,2025-07-09 08:49:31
1648,1940,1234,Thank,2025-03-12 11:23:34
1649,4298,1035,Smile,2025-11-13 07:30:21
1650,2277,1490,Smile,2025-08-13 02:29:18
1651,3651,1729,Love,2025-06-20 02:55:18
1652,1545,1623,Smile,2025-07-13 02:28:07
1653,6256,694,Helpful,2025-05-31 10:46:37
1654,928,135,Helpful,2025-10-31 16:05:20
1655,2845,1803,Thank,2025-03-27 08:23:13
1656,3392,532,Agree,2025-10-21 21:51:33
1657,6237,502,Love,2025-11-18 14:57:20
1658,4202,126,Wow,2025-10-11 03:02:54
1659,1972,887,Love,2025-05-11 14:08:41
1660,5156,1976,Agree,2025-08-09 22:20:26
1661,6422,973,Thank,2025-09-16 00:04:41
1662,4365,1838,Smile,2025-02-09 17:14:53
1663,1212,1433,Helpful,2025-11-07 13:56:26
1664,6324,1139,Sad,2025-04-09 10:48:40
1665,763,1868,Helpful,2025-03-08 06:09:19
1666,4017,543,Wow,2025-08-04 23:41:40
1667,5240,527,Helpful,2025-10-13 00:03:39
1668,2273,1563,Sad,2025-06-12 13:13:37
1669,6366,1420,Smile,2025-06-22 01:15:54
1670,3190,2050,Helpful,2025-03-26 13:42:08
1671,1700,1507,Agree,2025-07-23 13:27:59
1672,522,1024,Love,2025-11-12 02:41:57
1673,4877,2037,Sad,2025-11-11 19:00:31
1674,6220,1429,Agree,2025-05-10 23:43:07
1675,1541,1030,Thank,2025-10-20 00:00:44
1676,4545,2022,Agree,2025-08-17 16:58:35
1677,3537,420,Agree,2025-10-25 03:10:09
1678,2423,459,Wow,2025-09-21 04:24:51
1679,5584,340,Thank,2025-07-06 18:59:06
1680,4663,1488,Love,2025-03-02 05:57:49
1681,523,509,Thank,2025-08-27 22:56:15
1682,1329,1970,Helpful,2025-03-18 01:13:20
1683,3396,2079,Wow,2025-06-23 19:41:03
1684,5383,910,Sad,2025-08-26 05:39:38
1685,6280,1567,Smile,2025-04-25 12:11:19
1686,3303,742,Agree,2025-05-10 11:39:51
1687,1017,622,Helpful,2025-08-30 21:08:35
1688,3255,1399,Smile,2025-09-16 12:51:56
1689,5952,847,Agree,2025-01-23 17:55:37
1690,1016,1725,Wow,2025-09-07 21:50:38
1691,2674,1813,Smile,2025-01-08 01:03:15
1692,570,1979,Love,2025-08-20 10:34:55
1693,3539,451,Smile,2025-10-20 22:04:07
1694,2961,1657,Wow,2025-09-11 00:54:17
1695,5101,1546,Helpful,2025-11-16 14:43:14
1696,3951,1083,Agree,2025-02-08 21:56:48
1697,6247,693,Love,2025-03-19 18:17:38
1698,5095,1035,Wow,2025-09-28 11:28:33
1699,3975,1404,Wow,2025-06-18 23:38:41
1700,4184,2002,Helpful,2025-10-23 05:47:24
1701,3324,1165,Wow,2025-09-11 22:52:15
1702,5460,285,Thank,2025-04-13 16:33:01
1703,925,1016,Love,2025-08-31 18:04:35
1704,4047,435,Love,2025-05-16 13:40:38
1705,4746,970,Love,2025-10-29 08:27:06
1706,6394,2004,Agree,2025-02-11 08:34:19
1707,3317,1450,Wow,2025-04-28 10:01:01
1708,1128,1286,Love,2025-10-06 14:00:34
1709,5003,1960,Sad,2025-08-17 14:31:16
1710,5572,1008,Helpful,2025-09-29 16:39:18
1711,1160,1241,Wow,2025-05-12 10:27:17
1712,1849,1550,Love,2025-08-10 05:47:29
1713,3428,807,Thank,2025-03-11 12:15:41
1714,739,1297,Helpful,2025-10-30 10:34:12
1715,2568,584,Thank,2025-01-23 14:50:22
1716,4648,633,Wow,2025-06-12 07:39:14
1717,5940,454,Agree,2025-09-17 17:19:50
1718,4469,1838,Sad,2025-11-25 02:38:26
1719,6203,185,Thank,2025-03-14 10:04:41
1720,1499,1990,Love,2025-09-22 23:15:40
1721,3904,347,Agree,2025-09-23 18:42:03
1722,1034,1980,Wow,2025-12-12 18:05:54
1723,2692,1035,Agree,2025-07-25 02:45:57
1724,5476,1864,Wow,2025-01-12 14:12:56
1725,6118,560,Love,2025-06-16 23:54:54
1726,4742,613,Thank,2025-02-12 11:37:53
1727,1353,932,Sad,2025-08-18 10:33:47
1728,5273,1223,Smile,2025-12-09 14:47:31
1729,4033,1360,Thank,2025-08-25 07:28:28
1730,724,445,Wow,2025-05-28 03:47:24
1731,4130,1034,Agree,2025-03-07 04:30:20
1732,2162,485,Agree,2025-04-25 07:52:15
1733,1307,243,Helpful,2025-09-27 06:42:30
1734,4632,764,Thank,2025-09-19 11:26:44
1735,5121,106,Agree,2025-05-10 19:19:23
1736,3865,315,Sad,2025-04-14 05:21:50
1737,2349,1462,Wow,2025-06-21 14:52:06
1738,5554,1080,Sad,2025-10-19 14:35:16
1739,4119,979,Sad,2025-03-15 21:14:19
1740,2868,262,Love,2025-03-24 09:08:15
1741,3686,1255,Smile,2025-07-12 20:20:50
1742,2105,652,Sad,2025-05-26 17:32:53
1743,5514,1194,Agree,2025-08-01 07:45:41
1744,6039,1323,Love,2025-09-30 09:08:38
1745,2094,1279,Smile,2025-10-18 17:58:34
1746,4015,1196,Wow,2025-07-22 14:58:34
1747,5105,1472,Smile,2025-06-13 01:41:26
1748,643,1998,Thank,2025-06-24 21:01:45
1749,6018,1119,Thank,2025-02-07 23:54:57
1750,6089,667,Agree,2025-07-03 20:17:32
1751,3821,1076,Sad,2025-09-26 01:28:30
1752,1054,189,Smile,2025-05-08 21:01:32
1753,1648,489,Agree,2025-08-19 04:33:49
1754,4588,1973,Helpful,2025-08-21 23:49:08
1755,3159,1238,Agree,2025-08-04 22:49:09
1756,959,983,Love,2025-09-20 08:17:31
1757,5882,1193,Sad,2025-09-29 23:20:35
1758,5138,790,Wow,2025-08-14 14:30:48
1759,4777,1573,Wow,2025-01-06 00:58:56
1760,2677,2028,Agree,2025-10-02 01:05:48
1761,6105,2061,Smile,2025-09-30 11:46:52
1762,5179,718,Smile,2025-06-21 05:14:35
1763,3389,564,Helpful,2025-09-25 21:45:21
1764,6322,639,Agree,2025-08-28 17:09:15
1765,4678,1594,Wow,2025-04-20 21:47:18
1766,1424,426,Sad,2025-04-13 01:27:36
1767,2667,773,Wow,2025-11-04 11:49:54
1768,5123,1332,Sad,2025-08-04 17:48:26
1769,3125,1492,Wow,2025-10-19 00:00:28
1770,1734,1040,Agree,2025-10-04 14:55:19
1771,2012,994,Wow,2025-09-10 03:40:52
1772,5307,647,Helpful,2025-03-01 13:12:58
1773,2681,756,Thank,2025-06-29 09:45:53
1774,2873,221,Thank,2025-10-28 02:38:26
1775,3675,127,Love,2025-08-08 02:11:52
1776,4805,359,Smile,2025-08-16 18:53:01
1777,753,1246,Helpful,2025-06-28 22:01:16
1778,2267,164,Agree,2025-05-14 04:35:57
1779,5235,574,Wow,2025-03-01 10:12:18
1780,3139,1331,Love,2025-08-20 09:10:46
1781,1960,151,Love,2025-09-30 11:47:10
1782,1666,1488,Sad,2025-07-18 19:04:37
1783,1793,823,Sad,2025-08-12 00:18:32
1784,1118,1106,Helpful,2025-08-18 08:52:08
1785,6427,774,Helpful,2025-10-11 20:07:03
1786,3826,1204,Love,2025-09-10 20:19:41
1787,3634,552,Sad,2025-05-23 01:15:43
1788,1455,1891,Smile,2025-08-10 10:52:59
1789,2465,1198,Helpful,2025-04-15 01:39:42
1790,1810,1442,Helpful,2025-09-19 11:12:19
1791,2201,1301,Smile,2025-10-12 13:54:35
1792,4116,2042,Helpful,2025-06-15 22:01:54
1793,585,158,Agree,2025-01-30 21:26:16
1794,3516,267,Smile,2025-03-07 15:34:16
1795,5033,1288,Agree,2025-09-12 04:17:31
1796,4475,405,Agree,2025-09-03 12:58:19
1797,4975,1419,Wow,2025-08-20 10:28:06
1798,2211,494,Love,2025-05-29 20:42:03
1799,1297,1801,Agree,2025-06-28 21:50:10
1800,2499,1628,Agree,2025-03-22 03:00:47
1801,1563,769,Agree,2025-08-31 18:48:05
1802,4532,1994,Helpful,2025-11-08 12:33:10
1803,553,1538,Sad,2025-03-12 22:59:26
1804,1318,1540,Helpful,2025-07-19 03:20:02
1805,1664,692,Sad,2025-04-04 13:44:27
1806,2409,1860,Thank,2025-08-26 13:45:58
1807,5362,221,Love,2025-03-31 12:18:01
1808,2913,933,Thank,2025-06-27 13:12:06
1809,1021,454,Wow,2025-01-14 00:08:03
1810,5000,1796,Smile,2025-07-24 05:40:37
1811,4420,312,Smile,2025-10-24 08:34:09
1812,4954,1656,Sad,2025-10-28 05:57:51
1813,4371,814,Helpful,2025-06-30 12:41:56
1814,5777,1846,Agree,2025-09-06 14:39:39
1815,577,933,Sad,2025-11-04 16:58:19
1816,5534,519,Helpful,2025-10-18 02:55:05
1817,5764,1793,Helpful,2025-06-17 07:00:44
1818,5112,1258,Love,2025-07-25 09:23:42
1819,3829,1280,Thank,2025-08-01 02:11:51
1820,5230,2020,Smile,2025-05-02 10:12:53
1821,1051,1726,Helpful,2025-07-03 11:01:18
1822,6398,247,Agree,2025-06-07 04:46:06
1823,4121,875,Sad,2025-11-21 10:01:31
1824,2249,195,Agree,2025-05-16 23:45:06
1825,4869,1872,Thank,2025-12-07 21:28:58
1826,6363,1484,Agree,2025-01-24 11:43:33
1827,2307,368,Smile,2025-06-02 16:53:20
1828,5217,1015,Smile,2025-10-01 01:56:51
1829,4678,670,Thank,2025-04-20 20:02:18
1830,4984,1787,Helpful,2025-11-19 22:48:13
1831,3389,164,Sad,2025-09-25 23:04:21
1832,6065,1750,Agree,2025-11-15 15:23:13
1833,5320,1553,Sad,2025-10-24 09:08:47
1834,2329,2010,Helpful,2025-09-13 22:47:07
1835,4332,455,Thank,2025-03-26 00:02:05
1836,4728,1202,Agree,2025-07-08 05:55:12
1837,585,316,Smile,2025-01-31 02:56:16
1838,1113,1457,Wow,2025-08-17 19:49:56
1839,5360,361,Thank,2025-04-07 07:46:41
1840,3837,1085,Helpful,2025-11-28 14:09:18
1841,3860,1384,Wow,2025-07-26 06:46:44
1842,5386,863,Helpful,2025-11-05 16:42:28
1843,2539,1669,Helpful,2025-08-09 14:56:01
1844,5785,1890,Helpful,2025-09-19 19:11:15
1845,5184,908,Agree,2025-01-19 02:04:37
1846,3781,844,Thank,2025-06-12 15:01:33
1847,4294,2081,Love,2025-10-12 16:42:49
1848,1807,529,Agree,2025-09-24 22:24:07
1849,4027,679,Sad,2025-03-10 23:10:53
1850,5594,1447,Smile,2025-12-12 01:17:39
1851,5683,1736,Agree,2025-01-04 00:33:29
1852,564,140,Smile,2025-10-16 11:02:38
1853,3637,197,Agree,2025-01-02 09:00:58
1854,1338,1018,Love,2025-10-03 19:15:05
1855,3826,1740,Sad,2025-09-10 21:30:41
1856,776,1791,Love,2025-03-06 09:05:23
1857,3464,803,Sad,2025-05-30 02:33:30
1858,5484,1799,Love,2025-12-05 15:18:45
1859,6205,1944,Helpful,2025-10-27 07:38:43
1860,1584,1305,Wow,2025-11-20 23:39:35
1861,1506,1400,Smile,2025-06-13 20:31:56
1862,6168,583,Agree,2025-10-08 11:51:22
1863,2590,1326,Wow,2025-09-15 23:13:49
1864,4578,948,Helpful,2025-08-23 12:25:54
1865,805,558,Love,2025-12-13 00:39:19
1866,4145,1597,Sad,2025-12-04 06:43:55
1867,5788,345,Wow,2025-09-01 21:23:55
1868,4637,1196,Agree,2025-08-03 14:03:57
1869,890,265,Wow,2025-02-17 06:58:33
1870,4316,943,Sad,2025-07-24 06:53:15
1871,5863,2072,Helpful,2025-11-08 21:56:23
1872,2688,776,Love,2025-03-09 00:07:50
1873,3291,1487,Helpful,2025-09-09 20:27:25
1874,2663,1761,Smile,2025-04-26 18:18:53
1875,1580,1432,Sad,2025-03-27 21:07:39
1876,4700,1398,Sad,2025-11-12 15:32:35
1877,1471,1472,Thank,2025-11-18 07:30:13
1878,2074,1904,Sad,2025-05-25 14:24:15
1879,3003,1790,Sad,2025-09-29 15:20:42
1880,1422,946,Smile,2025-09-20 22:28:15
1881,4861,1828,Sad,2025-05-24 03:02:18
1882,1184,1937,Wow,2025-06-24 15:19:19
1883,592,1384,Sad,2025-06-10 02:50:09
1884,6150,222,Love,2025-08-09 18:12:18
1885,1775,1182,Wow,2025-10-12 03:35:33
1886,1902,1944,Sad,2025-09-15 15:06:27
1887,871,1968,Helpful,2025-10-11 07:41:44
1888,2432,1843,Love,2025-04-17 12:18:24
1889,1438,458,Thank,2025-10-07 13:04:14
1890,1103,247,Sad,2025-08-14 14:55:01
1891,704,2006,Helpful,2025-05-16 00:51:52
1892,1719,2052,Wow,2025-11-04 04:19:52
1893,2049,2010,Wow,2025-09-23 22:36:19
1894,6487,1998,Helpful,2025-06-04 13:45:06
1895,3930,1257,Helpful,2025-10-22 13:57:46
1896,2318,1947,Love,2025-12-10 02:06:06
1897,600,449,Wow,2025-05-16 20:25:44
1898,6196,390,Smile,2025-04-07 10:39:44
1899,569,383,Helpful,2025-07-05 17:05:18
1900,2717,1621,Wow,2025-01-28 20:33:41
1901,3819,651,Love,2025-09-10 12:40:15
1902,5350,1613,Helpful,2025-08-12 01:24:32
1903,2554,1348,Thank,2025-10-22 03:45:46
1904,5712,1313,Thank,2025-10-21 15:01:43
1905,1933,1549,Wow,2025-06-02 02:06:02
1906,5263,1781,Smile,2025-02-04 17:36:17
1907,3083,482,Thank,2025-09-15 20:46:03
1908,5712,2075,Love,2025-10-21 18:40:43
1909,4045,372,Sad,2025-10-31 06:35:26
1910,5015,1367,Sad,2025-12-05 10:30:30
1911,1821,779,Helpful,2025-06-30 17:05:09
1912,5225,1946,Sad,2025-03-28 06:13:53
1913,2873,646,Thank,2025-10-27 23:11:26
1914,1116,1211,Smile,2025-03-15 21:05:15
1915,5523,1856,Wow,2025-10-31 10:21:55
1916,3320,393,Agree,2025-05-24 20:10:52
1917,578,780,Wow,2025-10-07 00:48:29
1918,2357,1162,Helpful,2025-07-23 23:03:24
1919,4857,2090,Sad,2025-11-02 01:22:31
1920,5487,2025,Smile,2025-09-06 09:42:19
1921,2993,640,Agree,2025-10-15 18:08:05
1922,5076,342,Helpful,2025-02-18 17:44:14
1923,1612,2019,Thank,2025-05-26 06:38:48
1924,3915,474,Helpful,2025-06-12 05:30:09
1925,764,1848,Agree,2025-09-01 20:21:12
1926,5023,1045,Helpful,2025-07-19 19:32:18
1927,6112,1403,Smile,2025-04-18 14:45:03
1928,5540,1682,Thank,2025-02-18 21:12:08
1929,2563,674,Helpful,2025-07-09 13:51:34
1930,5875,441,Sad,2025-10-28 14:17:23
1931,6093,1428,Love,2025-06-05 00:06:30
1932,4683,1421,Sad,2025-06-09 06:08:00
1933,3602,347,Agree,2025-02-17 19:09:37
1934,6178,1537,Sad,2025-11-06 21:42:12
1935,2372,1766,Wow,2025-08-03 06:23:15
1936,3271,150,Love,2025-08-01 22:56:11
1937,1903,1548,Helpful,2025-03-15 10:33:04
1938,6308,1034,Wow,2025-06-19 16:07:35
1939,5063,837,Thank,2025-11-06 12:54:31
1940,1788,104,Love,2025-08-19 13:31:12
1941,3072,428,Sad,2025-04-28 00:38:30
1942,2062,1493,Helpful,2025-09-08 04:48:03
1943,4756,221,Thank,2025-01-22 02:46:08
1944,570,1304,Thank,2025-08-20 09:20:55
1945,1232,201,Thank,2025-05-30 18:57:05
1946,5148,1246,Helpful,2025-09-08 00:17:07
1947,1421,108,Helpful,2025-11-24 06:40:17
1948,4956,1086,Wow,2025-05-02 23:11:42
1949,1361,695,Thank,2025-02-12 23:42:25
1950,4314,429,Sad,2025-05-13 21:37:38
1951,3507,1736,Thank,2025-08-07 21:05:22
1952,3728,1873,Helpful,2025-07-18 10:26:52
1953,5372,1937,Smile,2025-10-19 12:26:12
1954,3518,1088,Thank,2025-08-22 19:24:01
1955,5174,283,Smile,2025-11-24 00:58:38
1956,5931,1985,Agree,2025-02-04 14:03:36
1957,921,509,Helpful,2025-08-19 22:51:46
1958,6306,229,Agree,2025-01-14 14:53:17
1959,3571,1088,Smile,2025-06-12 16:49:00
1960,3057,930,Helpful,2025-08-02 16:26:53
1961,1988,697,Sad,2025-09-28 21:32:15
1962,3818,472,Wow,2025-11-17 12:16:09
1963,2600,477,Thank,2025-10-22 21:22:37
1964,5538,1628,Smile,2025-09-30 16:53:46
1965,2334,2055,Thank,2025-09-07 11:38:11
1966,1054,1336,Sad,2025-05-08 14:14:32
1967,6459,1041,Agree,2025-01-27 23:47:35
1968,869,123,Helpful,2025-11-12 22:06:23
1969,2737,1985,Wow,2025-11-11 18:09:12
1970,2265,1132,Agree,2025-10-20 15:55:53
1971,610,459,Helpful,2025-05-19 01:34:24
1972,2307,681,Thank,2025-06-03 03:47:20
1973,3417,1654,Love,2025-07-23 21:22:23
1974,1508,1781,Smile,2025-10-12 09:28:46
1975,1950,1153,Thank,2025-08-20 18:15:08
1976,3468,1005,Agree,2025-11-19 16:44:47
1977,2475,1279,Thank,2025-07-23 00:13:38
1978,3170,1964,Agree,2025-08-03 17:00:35
1979,6367,317,Agree,2025-05-24 00:29:20
1980,3332,1788,Sad,2025-11-18 15:06:41
1981,1725,893,Wow,2025-04-24 13:04:17
1982,2976,1169,Love,2025-09-22 14:21:33
1983,1339,1238,Helpful,2025-03-14 22:53:31
1984,3678,508,Love,2025-10-14 15:27:47
1985,3727,1397,Smile,2025-02-20 18:44:54
1986,5936,1049,Agree,2025-07-03 10:49:09
1987,5622,1276,Smile,2025-12-06 21:02:22
1988,5128,839,Smile,2025-05-23 11:00:39
1989,2682,158,Smile,2025-08-06 15:10:40
1990,6467,1395,Sad,2025-07-18 11:06:26
1991,2437,1235,Helpful,2025-06-01 02:39:59
1992,4134,1663,Love,2025-09-21 08:59:43
1993,3701,1623,Love,2025-10-05 06:09:03
1994,1639,964,Thank,2025-08-18 10:36:24
1995,852,1689,Smile,2025-08-25 22:03:05
1996,2935,2078,Thank,2025-07-23 08:05:54
1997,5740,1332,Wow,2025-08-19 02:26:18
1998,5283,890,Agree,2025-06-22 07:31:46
1999,1789,2025,Smile,2025-10-03 21:47:58
2000,2288,1563,Wow,2025-01-14 00:13:11
2001,5765,1339,Wow,2025-07-08 12:37:17
2002,3309,419,Smile,2025-05-22 05:04:42
2003,5056,1269,Agree,2025-09-17 08:10:53
2004,3764,442,Smile,2025-10-16 05:19:18
2005,6431,161,Love,2025-03-16 13:47:57
2006,2527,771,Helpful,2025-07-12 07:28:43
2007,5449,541,Thank,2025-09-14 09:25:34
2008,6467,830,Love,2025-07-18 10:30:26
2009,1563,1137,Smile,2025-08-31 01:29:05
2010,5923,256,Sad,2025-09-11 03:17:21
2011,2692,2039,Thank,2025-07-25 00:15:57
2012,5469,1988,Agree,2025-11-12 01:38:08
2013,3864,1304,Sad,2025-04-13 04:22:42
2014,6134,712,Smile,2025-10-07 05:53:46
2015,4202,853,Smile,2025-10-10 15:20:54
2016,2027,1448,Sad,2025-08-26 19:08:37
2017,3718,1268,Agree,2025-12-10 09:17:23
2018,6482,1939,Agree,2025-10-15 11:47:42
2019,1343,1203,Thank,2025-05-20 23:53:04
2020,651,790,Helpful,2025-11-27 05:54:58
2021,3405,1218,Sad,2025-05-31 21:03:39
2022,1465,1657,Agree,2025-04-14 18:44:49
2023,3203,840,Smile,2025-06-01 20:29:44
2024,1410,1397,Love,2025-08-16 19:48:41
2025,4906,1820,Helpful,2025-09-08 17:21:40
2026,623,811,Smile,2025-05-25 15:01:30
2027,4420,1049,Wow,2025-10-23 20:51:09
2028,4312,608,Agree,2025-05-30 18:31:47
2029,4282,328,Thank,2025-02-18 15:11:23
2030,5300,1961,Agree,2025-05-22 00:40:24
2031,4236,506,Sad,2025-02-12 14:38:15
2032,3658,2042,Thank,2025-07-27 06:13:05
2033,4057,1540,Agree,2025-02-16 22:39:53
2034,4369,234,Love,2025-12-02 02:58:34
2035,3379,1931,Agree,2025-08-08 02:00:47
2036,3258,226,Sad,2025-01-04 18:39:59
2037,5187,2052,Smile,2025-07-23 20:30:38
2038,5822,1264,Love,2025-07-19 19:50:01
2039,1382,1910,Smile,2025-07-11 13:23:42
2040,1978,1464,Thank,2025-09-28 06:29:15
2041,5480,1748,Agree,2025-02-19 13:14:12
2042,1354,1382,Agree,2025-03-08 09:21:48
2043,3706,554,Love,2025-07-05 10:34:30
2044,1041,131,Thank,2025-04-26 23:40:43
2045,2533,1481,Smile,2025-05-06 13:42:46
2046,5819,1179,Love,2025-11-01 10:47:19
2047,1802,1872,Love,2025-07-13 23:03:27
2048,5569,2056,Agree,2025-03-20 13:23:26
2049,4697,1596,Love,2025-09-30 20:24:49
2050,2387,1314,Sad,2025-03-19 17:51:57
2051,2123,1115,Sad,2025-09-11 06:43:14
2052,4939,644,Smile,2025-11-10 00:10:00
2053,1040,408,Thank,2025-06-09 21:25:14
2054,5377,1667,Thank,2025-05-10 07:16:46
2055,3631,1382,Thank,2025-04-17 21:24:36
2056,4594,731,Helpful,2025-10-09 01:05:39
2057,3881,410,Thank,2025-10-15 07:26:04
2058,558,534,Agree,2025-02-19 20:08:45
2059,5175,1888,Thank,2025-07-27 20:01:31
2060,3240,1347,Smile,2025-11-08 21:58:30
2061,6237,1688,Wow,2025-11-18 14:09:20
2062,6221,392,Thank,2025-01-16 14:01:47
2063,772,1890,Thank,2025-11-20 01:20:43
2064,1203,1482,Smile,2025-02-05 21:16:31
2065,1744,913,Thank,2025-05-06 14:50:42
2066,6227,1104,Helpful,2025-08-29 12:26:59
2067,1969,352,Sad,2025-08-30 04:13:45
2068,1348,483,Thank,2025-10-03 23:28:18
2069,5400,1795,Smile,2025-05-11 08:18:59
2070,3009,673,Helpful,2025-08-21 20:21:03
2071,3588,1688,Wow,2025-07-11 18:46:12
2072,3915,1228,Thank,2025-06-12 08:24:09
2073,2261,939,Smile,2025-05-05 18:00:48
2074,3749,141,Agree,2025-07-11 22:47:43
2075,722,180,Helpful,2025-09-26 11:40:06
2076,4664,1414,Smile,2025-05-27 15:42:36
2077,3902,888,Thank,2025-04-06 08:23:22
2078,2420,368,Helpful,2025-06-27 23:08:29
2079,2082,2070,Smile,2025-06-15 20:05:34
2080,2428,615,Sad,2025-01-15 11:53:26
2081,1239,373,Agree,2025-04-22 23:18:25
2082,594,1780,Helpful,2025-10-21 18:32:24
2083,5444,1730,Thank,2025-01-25 18:34:40
2084,2882,1651,Sad,2025-07-29 00:51:59
2085,1462,263,Helpful,2025-01-19 17:13:28
2086,4826,1985,Love,2025-11-16 22:01:42
2087,3871,909,Love,2025-04-18 03:41:46
2088,1920,376,Agree,2025-05-26 09:23:47
2089,3799,392,Smile,2025-01-30 17:23:21
2090,1233,1077,Helpful,2025-02-13 01:49:28
2091,4383,1332,Thank,2025-05-10 00:07:29
2092,3411,123,Love,2025-07-01 23:13:37
2093,4703,523,Thank,2025-12-06 19:51:06
2094,623,735,Sad,2025-05-25 14:11:30
2095,5374,1974,Sad,2025-09-19 17:14:55
2096,2812,1813,Agree,2025-02-16 12:20:23
2097,6140,1839,Sad,2025-02-09 11:05:08
2098,5792,398,Sad,2025-10-18 18:26:33
2099,4700,1367,Love,2025-11-12 01:06:35
2100,503,1415,Helpful,2025-10-04 00:52:00
2101,1704,1258,Smile,2025-08-29 16:14:05
2102,1224,205,Love,2025-01-22 07:04:13
2103,3939,724,Smile,2025-08-19 20:23:06
2104,1668,1937,Thank,2025-06-27 21:06:51
2105,2147,791,Sad,2025-10-27 16:20:13
2106,1337,1122,Smile,2025-06-14 19:03:25
2107,6387,1897,Smile,2025-08-09 20:50:47
2108,4645,1685,Wow,2025-07-20 21:03:38
2109,658,1739,Thank,2025-09-12 23:26:59
2110,3028,1115,Smile,2025-07-02 00:32:02
2111,6362,1672,Helpful,2025-05-12 09:26:48
2112,1484,638,Agree,2025-06-12 22:46:52
2113,6174,472,Sad,2025-10-18 11:14:37
2114,1313,1240,Thank,2025-10-19 23:13:12
2115,2911,908,Wow,2025-07-18 10:41:36
2116,1968,421,Smile,2025-03-11 19:50:19
2117,5102,1660,Sad,2025-08-04 18:05:04
2118,5721,1504,Helpful,2025-11-30 17:12:08
2119,1448,1767,Wow,2025-11-03 20:28:56
2120,5718,1524,Wow,2025-12-10 12:39:23
2121,3479,563,Thank,2025-02-22 05:21:09
2122,2649,1677,Love,2025-07-27 19:41:51
2123,1209,1059,Smile,2025-09-28 02:45:07
2124,961,1728,Agree,2025-10-15 01:07:46
2125,5578,1083,Thank,2025-08-17 03:13:10
2126,844,688,Thank,2025-09-02 02:30:27
2127,4330,1265,Sad,2025-11-13 15:45:51
2128,2282,1692,Thank,2025-07-09 00:15:16
2129,5249,1289,Helpful,2025-10-29 18:52:56
2130,5945,1167,Sad,2025-10-26 21:47:37
2131,6172,1468,Wow,2025-10-02 02:30:24
2132,4790,235,Love,2025-08-16 18:25:03
2133,2591,599,Love,2025-10-13 22:59:14
2134,3717,1563,Sad,2025-06-20 12:17:36
2135,2396,1221,Wow,2025-07-03 01:25:47
2136,910,1126,Agree,2025-08-28 21:26:09
2137,505,1387,Helpful,2025-08-14 07:17:53
2138,1276,1381,Smile,2025-06-04 01:12:42
2139,1516,232,Wow,2025-07-08 11:26:01
2140,4511,1941,Love,2025-02-12 18:48:54
2141,4806,1500,Thank,2025-03-15 00:32:41
2142,4225,741,Smile,2025-12-07 08:52:40
2143,3499,1093,Agree,2025-04-21 05:10:24
2144,6471,1556,Sad,2025-10-30 17:31:06
2145,4623,155,Smile,2025-07-23 03:34:15
2146,4515,1967,Wow,2025-06-26 23:52:54
2147,937,278,Love,2025-06-23 04:38:47
2148,5662,1523,Wow,2025-07-25 09:57:15
2149,3473,1208,Sad,2025-08-22 00:19:54
2150,1087,1931,Thank,2025-10-31 17:22:27
2151,2548,341,Sad,2025-08-25 21:44:52
2152,951,1828,Smile,2025-07-03 07:59:08
2153,3689,319,Love,2025-01-09 00:25:57
2154,2618,1286,Love,2025-01-13 11:06:28
2155,4237,1899,Wow,2025-01-10 05:38:30
2156,5259,647,Wow,2025-07-10 23:36:19
2157,1257,1599,Smile,2025-10-06 16:07:46
2158,1555,1611,Love,2025-08-05 14:22:05
2159,2784,1455,Thank,2025-09-13 20:08:43
2160,3364,576,Thank,2025-05-12 20:48:01
2161,3033,685,Agree,2025-08-27 04:15:54
2162,6425,1511,Sad,2025-09-03 00:35:58
2163,3857,1922,Wow,2025-06-08 21:05:36
2164,5302,1378,Smile,2025-06-15 23:30:03
2165,701,1910,Love,2025-12-10 12:56:18
2166,6481,1285,Wow,2025-03-09 20:14:49
2167,1239,1963,Love,2025-04-23 01:18:25
2168,5075,483,Sad,2025-01-03 02:02:26
2169,1795,562,Agree,2025-11-21 10:02:27
2170,4922,646,Sad,2025-01-24 11:20:28
2171,1562,780,Smile,2025-04-29 12:41:57
2172,1324,316,Wow,2025-10-23 11:05:02
2173,4835,1531,Helpful,2025-06-30 07:46:21
2174,2252,1198,Thank,2025-08-18 05:45:32
2175,5689,916,Thank,2025-05-28 17:53:43
2176,4443,666,Helpful,2025-03-09 10:55:42
2177,912,782,Sad,2025-05-02 23:26:56
2178,4944,1590,Agree,2025-03-14 03:10:05
2179,991,1092,Agree,2025-01-31 22:56:48
2180,5374,1266,Smile,2025-09-19 20:51:55
2181,5183,1859,Love,2025-04-20 01:33:17
2182,5657,1645,Thank,2025-10-13 21:49:07
2183,6344,1168,Wow,2025-09-19 01:11:17
2184,1928,1927,Love,2025-10-20 09:48:14
2185,5220,1545,Agree,2025-08-24 23:43:22
2186,3624,1138,Agree,2025-11-07 23:40:55
2187,3903,180,Thank,2025-07-27 18:40:40
2188,1851,1294,Smile,2025-05-16 01:10:18
2189,6267,151,Helpful,2025-03-24 03:29:13
2190,2946,810,Agree,2025-10-15 03:17:05
2191,3572,1073,Sad,2025-04-12 09:46:42
2192,985,1512,Wow,2025-11-26 01:52:14
2193,4528,1348,Helpful,2025-08-18 03:18:02
2194,3932,1350,Thank,2025-08-11 06:42:37
2195,5414,1301,Love,2025-06-01 11:20:03
2196,4838,1984,Helpful,2025-12-05 12:23:02
2197,2831,628,Thank,2025-06-19 02:50:03
2198,3342,1729,Sad,2025-01-21 01:48:08
2199,2107,720,Agree,2025-08-04 21:11:56
2200,2937,1355,Thank,2025-09-14 15:53:40
2201,1220,466,Wow,2025-06-29 18:20:37
2202,1044,1279,Smile,2025-09-11 23:53:10
2203,1693,1009,Smile,2025-04-10 09:05:20
2204,4605,837,Wow,2025-11-09 23:05:26
2205,4252,889,Smile,2025-09-24 21:21:10
2206,1619,262,Wow,2025-03-08 13:16:57
2207,1633,1225,Thank,2025-04-24 22:41:19
2208,4302,1440,Thank,2025-09-04 21:27:02
2209,5175,109,Wow,2025-07-28 18:51:31
2210,2434,1167,Wow,2025-07-23 09:24:59
2211,6307,979,Wow,2025-11-01 13:33:56
2212,4267,1806,Helpful,2025-11-30 09:45:33
2213,4838,1090,Wow,2025-12-05 11:11:02
2214,6130,1372,Agree,2025-09-03 22:15:50
2215,1155,410,Helpful,2025-07-12 02:45:44
2216,3270,1622,Wow,2025-07-01 22:29:56
2217,1369,297,Helpful,2025-10-12 12:35:22
2218,4047,448,Wow,2025-05-15 21:16:38
2219,4587,151,Thank,2025-11-13 07:57:06
2220,1971,1285,Love,2025-09-07 22:51:49
2221,4360,133,Smile,2025-08-07 11:07:19
2222,2311,827,Love,2025-11-16 14:44:03
2223,6194,522,Wow,2025-08-24 01:34:49
2224,4702,1646,Helpful,2025-08-04 15:58:53
2225,1962,1006,Agree,2025-09-14 00:57:32
2226,6421,1050,Smile,2025-01-22 01:08:31
2227,2675,1760,Thank,2025-11-23 04:24:08
2228,1448,129,Wow,2025-11-03 17:35:56
2229,5077,1777,Agree,2025-05-23 09:49:44
2230,575,1267,Wow,2025-10-19 23:33:59
2231,5864,322,Agree,2025-10-07 08:03:06
2232,1464,714,Sad,2025-08-17 12:17:28
2233,1308,1487,Smile,2025-05-30 13:24:39
2234,765,795,Love,2025-01-19 23:49:43
2235,5675,1505,Love,2025-04-04 01:35:42
2236,2154,1355,Sad,2025-09-15 20:17:53
2237,5281,1889,Sad,2025-01-13 12:07:47
2238,822,135,Wow,2025-08-31 21:38:53
2239,4010,1107,Sad,2025-09-15 06:53:38
2240,1179,1159,Sad,2025-06-07 02:17:01
2241,4890,328,Sad,2025-05-24 01:31:59
2242,4551,210,Wow,2025-05-16 10:49:06
2243,6014,399,Agree,2025-10-08 18:43:56
2244,4431,604,Sad,2025-11-23 15:33:46
2245,5414,923,Wow,2025-06-01 11:59:03
2246,3914,1754,Agree,2025-09-27 07:33:51
2247,978,396,Wow,2025-09-20 18:04:41
2248,656,1364,Agree,2025-09-07 23:43:53
2249,3560,1592,Helpful,2025-05-26 16:31:15
2250,843,205,Thank,2025-06-22 19:40:37
2251,2262,181,Thank,2025-05-26 13:54:31
2252,1973,742,Smile,2025-05-25 12:02:56
2253,995,674,Agree,2025-08-13 08:12:48
2254,4097,114,Sad,2025-05-01 10:13:35
2255,4729,2039,Sad,2025-03-26 02:43:08
2256,2085,608,Sad,2025-09-19 07:36:29
2257,4170,1983,Helpful,2025-08-11 08:18:02
2258,2541,2005,Agree,2025-05-29 16:28:38
2259,1485,693,Smile,2025-08-17 18:12:02
2260,5230,313,Helpful,2025-05-02 13:25:53
2261,751,1825,Sad,2025-03-19 08:03:56
2262,2332,260,Sad,2025-09-17 10:56:44
2263,2141,335,Thank,2025-10-15 07:40:19
2264,673,376,Love,2025-10-27 23:39:47
2265,4289,1744,Smile,2025-10-26 19:47:26
2266,5801,1036,Love,2025-12-02 22:08:54
2267,1913,1339,Smile,2025-12-12 21:54:30
2268,4855,597,Sad,2025-08-25 07:19:46
2269,1421,490,Smile,2025-11-24 02:13:17
2270,5099,1446,Helpful,2025-10-18 00:23:05
2271,2877,1883,Helpful,2025-07-15 09:46:00
2272,1669,115,Love,2025-04-09 01:31:56
2273,4675,2056,Helpful,2025-09-05 00:14:57
2274,5921,450,Helpful,2025-03-28 11:21:03
2275,5220,316,Love,2025-08-24 22:40:22
2276,2548,1738,Thank,2025-08-26 16:01:52
2277,1670,1458,Agree,2025-12-12 14:26:48
2278,3314,751,Love,2025-06-29 18:41:19
2279,1948,1153,Sad,2025-08-30 00:57:54
2280,6165,1176,Wow,2025-04-09 10:25:30
2281,830,524,Smile,2025-11-02 13:46:15
2282,4429,1287,Wow,2025-11-05 02:51:20
2283,5641,189,Love,2025-04-13 15:04:44
2284,3330,1059,Love,2025-11-02 09:27:43
2285,1910,1360,Thank,2025-03-09 16:39:18
2286,1949,2000,Smile,2025-08-12 20:30:21
2287,2400,1371,Smile,2025-09-13 17:29:28
2288,5768,224,Love,2025-06-24 23:52:47
2289,3864,1658,Agree,2025-04-13 07:29:42
2290,1125,170,Love,2025-08-19 04:40:59
2291,1849,1855,Agree,2025-08-10 06:07:29
2292,1017,318,Love,2025-08-30 17:49:35
2293,1621,1705,Smile,2025-10-08 11:58:24
2294,4524,1173,Sad,2025-02-22 07:48:32
2295,3052,685,Wow,2025-11-25 12:45:04
2296,5178,566,Love,2025-07-31 20:03:25
2297,5797,1137,Thank,2025-08-17 14:42:08
2298,6258,195,Wow,2025-09-12 09:57:18
2299,1363,1986,Agree,2025-08-13 11:00:39
2300,4327,1697,Thank,2025-02-26 06:18:46
2301,2264,472,Love,2025-10-20 13:19:26
2302,1369,749,Love,2025-10-12 10:46:22
2303,4353,868,Helpful,2025-07-30 18:32:33
2304,1504,927,Love,2025-09-09 19:28:24
2305,540,1316,Wow,2025-10-03 16:58:35
2306,1844,150,Agree,2025-11-14 05:02:46
2307,2943,1986,Sad,2025-08-18 13:08:57
2308,5994,1762,Love,2025-05-08 19:34:35
2309,1394,1273,Love,2025-10-21 16:33:42
2310,2677,812,Thank,2025-10-01 22:58:48
2311,1149,1679,Sad,2025-10-28 00:47:16
2312,4600,727,Love,2025-05-11 06:37:18
2313,6051,860,Sad,2025-11-18 11:03:30
2314,3078,1525,Smile,2025-10-18 23:59:53
2315,1877,1643,Wow,2025-07-09 07:42:53
2316,5432,1756,Smile,2025-08-09 15:14:24
2317,3491,848,Helpful,2025-08-11 14:25:01
2318,2797,1164,Sad,2025-02-11 21:16:31
2319,5765,726,Thank,2025-07-08 08:10:17
2320,5513,1365,Agree,2025-11-23 08:49:56
2321,6009,917,Helpful,2025-03-10 18:48:21
2322,5389,1574,Smile,2025-03-20 02:10:37
2323,5036,1728,Smile,2025-05-03 21:46:04
2324,6367,1031,Helpful,2025-05-24 00:13:20
2325,4035,1623,Smile,2025-09-17 23:03:57
2326,3251,417,Helpful,2025-07-17 16:00:56
2327,6104,1587,Agree,2025-02-05 08:25:09
2328,4282,1980,Sad,2025-02-19 11:01:23
2329,6105,1896,Helpful,2025-09-30 12:55:52
2330,4939,1274,Wow,2025-11-10 00:23:00
2331,1621,1378,Thank,2025-10-09 02:22:24
2332,2704,209,Wow,2025-09-24 09:52:55
2333,5733,549,Love,2025-10-18 14:12:45
2334,2815,411,Love,2025-07-11 21:34:29
2335,2414,2051,Thank,2025-11-04 19:41:10
2336,1368,205,Agree,2025-01-13 07:04:36
2337,1404,385,Sad,2025-07-01 22:26:01
2338,2483,1232,Sad,2025-08-01 14:36:44
2339,4718,973,Sad,2025-07-12 21:49:38
2340,4847,2080,Smile,2025-09-02 18:25:03
2341,4696,1503,Helpful,2025-04-09 21:52:46
2342,5188,277,Helpful,2025-06-24 09:30:42
2343,1879,1329,Thank,2025-09-27 15:30:06
2344,2582,1679,Agree,2025-02-24 13:46:16
2345,3783,960,Wow,2025-10-31 10:35:53
2346,953,946,Love,2025-06-01 21:10:10
2347,6248,622,Smile,2025-11-09 07:50:58
2348,6435,1762,Sad,2025-04-30 09:30:18
2349,5551,1428,Thank,2025-09-11 21:39:22
2350,6363,1008,Thank,2025-01-24 10:27:33
2351,5542,2049,Smile,2025-03-13 04:50:22
2352,2211,570,Helpful,2025-05-29 06:01:03
2353,3858,1384,Thank,2025-06-10 02:36:50
2354,3273,1045,Thank,2025-03-28 13:00:04
2355,771,1802,Smile,2025-01-07 23:04:18
2356,2770,1657,Love,2025-11-12 09:31:18
2357,3783,1246,Wow,2025-10-31 11:51:53
2358,1742,179,Thank,2025-11-03 11:37:27
2359,3022,1390,Wow,2025-12-05 12:46:10
2360,4476,1425,Agree,2025-08-29 02:34:06
2361,3275,550,Smile,2025-05-22 16:29:35
2362,4650,325,Sad,2025-06-07 22:25:44
2363,2493,1567,Helpful,2025-05-11 19:02:38
2364,4134,1665,Thank,2025-09-22 03:06:43
2365,3887,1822,Helpful,2025-06-19 20:03:34
2366,1341,1441,Thank,2025-04-14 12:46:29
2367,6092,1983,Thank,2025-11-06 16:36:47
2368,6295,1091,Agree,2025-11-08 20:36:03
2369,6298,1132,Agree,2025-11-18 20:33:32
2370,1514,1013,Wow,2025-06-22 10:41:55
2371,4902,513,Agree,2025-04-23 03:53:16
2372,5673,1901,Helpful,2025-05-03 00:53:53
2373,5353,1693,Agree,2025-08-24 05:33:40
2374,5951,316,Love,2025-12-11 07:04:10
2375,2261,305,Love,2025-05-06 00:54:48
2376,1614,1351,Wow,2025-10-17 00:07:04
2377,6271,762,Sad,2025-11-08 23:02:53
2378,1074,622,Thank,2025-06-15 02:22:12
2379,1002,156,Sad,2025-09-20 05:31:02
2380,1461,302,Love,2025-12-13 13:56:58
2381,6316,1908,Smile,2025-05-01 01:32:52
2382,2244,217,Sad,2025-02-18 13:46:45
2383,4591,1885,Wow,2025-05-10 12:05:37
2384,3594,480,Smile,2025-06-07 14:47:03
2385,6294,1836,Helpful,2025-07-23 11:45:49
2386,4390,1086,Helpful,2025-03-26 12:19:09
2387,1796,770,Agree,2025-01-07 02:00:31
2388,5771,1877,Thank,2025-11-11 14:45:40
2389,995,364,Wow,2025-08-13 19:04:48
2390,5361,1769,Agree,2025-10-12 13:16:53
2391,6153,1734,Helpful,2025-11-17 08:31:23
2392,1104,861,Helpful,2025-10-03 08:38:41
2393,5928,876,Agree,2025-08-09 12:55:47
2394,4470,1453,Thank,2025-10-28 18:23:49
2395,3133,1990,Thank,2025-05-18 10:28:42
2396,1164,880,Wow,2025-10-04 15:43:31
2397,1268,525,Smile,2025-04-02 19:16:24
2398,671,749,Helpful,2025-07-03 08:02:16
2399,2991,1333,Love,2025-09-07 23:10:04
2400,5597,1715,Sad,2025-09-14 18:19:20
2401,5171,943,Wow,2025-03-24 19:10:46
2402,4000,1771,Thank,2025-04-07 06:23:24
2403,917,458,Wow,2025-07-02 14:39:51
2404,1476,636,Thank,2025-11-28 23:35:08
2405,2497,1553,Agree,2025-10-03 23:48:14
2406,3974,695,Wow,2025-10-24 23:45:41
2407,4442,582,Smile,2025-10-05 00:44:14
2408,1278,1894,Thank,2025-06-29 15:37:15
2409,1096,1641,Agree,2025-11-17 19:21:31
2410,4442,556,Thank,2025-10-05 00:43:14
2411,6131,727,Wow,2025-10-11 04:53:48
2412,666,614,Smile,2025-04-03 12:35:27
2413,3589,1545,Wow,2025-02-03 10:17:07
2414,2873,412,Thank,2025-10-28 17:41:26
2415,1478,410,Love,2025-05-25 10:28:24
2416,1552,1409,Helpful,2025-11-19 22:13:20
2417,5821,606,Smile,2025-07-05 00:54:34
2418,4195,507,Love,2025-05-15 09:57:04
2419,5088,616,Sad,2025-05-06 17:24:36
2420,1814,251,Helpful,2025-06-12 23:11:43
2421,1412,1431,Agree,2025-06-17 00:17:37
2422,3068,1727,Agree,2025-03-08 19:17:43
2423,4435,1973,Thank,2025-05-18 23:43:41
2424,3139,1262,Sad,2025-08-20 14:31:46
2425,895,227,Sad,2025-01-22 16:17:13
2426,6270,646,Sad,2025-08-26 20:58:26
2427,1239,693,Agree,2025-04-22 22:00:25
2428,3817,1251,Helpful,2025-07-04 16:33:34
2429,2651,1315,Sad,2025-11-15 00:43:24
2430,3293,1814,Sad,2025-10-17 19:36:40
2431,5384,151,Smile,2025-11-12 02:34:32
2432,4674,1414,Wow,2025-10-27 12:45:27
2433,4361,208,Sad,2025-09-28 23:23:58
2434,2400,221,Thank,2025-09-14 16:01:28
2435,4097,1165,Agree,2025-05-01 13:46:35
2436,1769,1635,Thank,2025-09-03 01:25:31
2437,5537,1123,Wow,2025-09-21 20:13:20
2438,2495,1985,Helpful,2025-08-23 17:55:10
2439,1972,1580,Agree,2025-05-11 01:06:41
2440,3575,1930,Smile,2025-08-06 11:56:12
2441,3108,1831,Agree,2025-09-16 12:40:37
2442,1133,887,Smile,2025-10-14 01:58:46
2443,1251,544,Wow,2025-08-04 00:35:58
2444,1728,438,Sad,2025-12-05 06:24:39
2445,1759,877,Love,2025-01-26 14:15:30
2446,3280,1773,Smile,2025-05-06 12:22:25
2447,6395,1360,Sad,2025-07-25 12:27:14
2448,889,1580,Smile,2025-08-17 22:29:12
2449,4980,749,Helpful,2025-12-05 00:37:10
2450,3614,1496,Wow,2025-05-02 21:28:30
2451,1126,1136,Wow,2025-02-07 03:44:30
2452,3565,922,Wow,2025-05-11 12:09:20
2453,2836,712,Love,2025-11-20 14:11:49
2454,4717,1911,Thank,2025-04-01 02:26:14
2455,4830,1320,Wow,2025-08-13 10:13:25
2456,1162,113,Love,2025-07-06 16:56:07
2457,4571,303,Smile,2025-04-01 12:35:42
2458,2583,1610,Thank,2025-05-16 02:46:44
2459,5885,316,Wow,2025-02-25 13:45:12
2460,4114,541,Sad,2025-04-06 11:18:23
2461,3071,118,Thank,2025-03-09 20:33:38
2462,3951,907,Wow,2025-02-08 22:48:48
2463,1362,1423,Sad,2025-05-10 11:30:46
2464,1995,780,Wow,2025-09-28 11:03:15
2465,4988,1214,Smile,2025-11-18 13:58:01
2466,1949,452,Helpful,2025-08-13 06:50:21
2467,4695,1185,Smile,2025-06-27 14:52:07
2468,2205,615,Love,2025-08-02 08:39:41
2469,1337,294,Agree,2025-06-14 07:30:25
2470,5219,1910,Love,2025-08-01 21:48:32
2471,4279,495,Helpful,2025-11-28 10:57:17
2472,3171,319,Smile,2025-09-26 19:27:33
2473,2452,639,Agree,2025-07-21 20:43:14
2474,2336,697,Smile,2025-05-14 19:49:04
2475,2315,175,Helpful,2025-11-05 10:21:51
2476,3155,1019,Smile,2025-05-01 12:55:25
2477,2907,994,Wow,2025-08-16 02:19:50
2478,1220,807,Wow,2025-06-29 21:33:37
2479,3135,2087,Smile,2025-06-06 22:17:19
2480,3881,312,Sad,2025-10-15 12:58:04
2481,1729,1786,Thank,2025-02-07 00:39:01
2482,1679,2062,Wow,2025-12-06 19:39:24
2483,1744,723,Thank,2025-05-06 11:28:42
2484,5456,1097,Wow,2025-04-01 11:53:13
2485,2148,533,Thank,2025-09-21 09:32:19
2486,3969,1372,Love,2025-07-29 18:31:23
2487,4190,596,Smile,2025-06-16 09:10:44
2488,3309,110,Agree,2025-05-21 15:23:42
2489,1761,1821,Sad,2025-10-26 06:09:45
2490,5583,1104,Sad,2025-05-09 15:09:44
2491,5960,1766,Helpful,2025-01-01 07:08:24
2492,4874,1696,Agree,2025-03-24 18:02:41
2493,3305,473,Agree,2025-05-12 21:56:47
2494,5339,1558,Wow,2025-08-25 12:13:41
2495,5009,1526,Thank,2025-04-04 14:18:14
2496,1253,987,Wow,2025-09-10 20:43:51
2497,2515,855,Helpful,2025-06-11 15:12:09
2498,6051,1710,Smile,2025-11-18 02:46:30
2499,672,150,Agree,2025-11-22 02:13:43
2500,3299,527,Helpful,2025-03-17 19:38:10
2501,5474,1226,Wow,2025-11-29 15:40:57
2502,3260,1279,Thank,2025-04-24 20:09:15
2503,3237,1122,Smile,2025-11-29 15:52:33
2504,526,1540,Helpful,2025-04-05 19:47:41
2505,5958,1336,Wow,2025-04-12 17:17:32
2506,1946,774,Thank,2025-11-24 05:51:37
2507,3332,755,Love,2025-11-18 10:10:41
2508,2062,748,Wow,2025-09-07 23:11:03
2509,2677,416,Thank,2025-10-02 02:14:48
2510,5184,659,Smile,2025-01-18 22:33:37
2511,2763,1650,Helpful,2025-09-23 10:23:17
2512,863,484,Smile,2025-04-07 20:56:30
2513,3262,1402,Wow,2025-08-14 14:13:44
2514,4337,1673,Thank,2025-07-05 00:52:40
2515,2485,1356,Helpful,2025-10-03 13:53:31
2516,6323,1144,Thank,2025-10-23 20:13:52
2517,4678,2067,Love,2025-04-20 21:40:18
2518,5780,1461,Wow,2025-11-15 05:03:57
2519,2319,174,Sad,2025-07-20 02:37:00
2520,2753,804,Love,2025-06-02 01:28:31
2521,5786,1346,Thank,2025-08-06 01:09:49
2522,2407,1450,Sad,2025-11-13 06:00:30
2523,3239,2040,Love,2025-08-09 09:05:56
2524,3100,1412,Love,2025-11-11 17:58:43
2525,4231,999,Sad,2025-09-16 23:17:48
2526,1098,1721,Sad,2025-10-09 10:15:52
2527,4333,1891,Agree,2025-10-26 06:25:51
2528,6250,1391,Smile,2025-09-20 02:11:14
2529,5758,582,Helpful,2025-11-14 22:00:26
2530,2883,1459,Sad,2025-07-29 01:11:22
2531,792,379,Agree,2025-03-12 02:39:27
2532,1241,778,Thank,2025-04-08 19:50:56
2533,6398,1795,Love,2025-06-07 11:35:06
2534,5921,912,Agree,2025-03-28 17:10:03
2535,4772,1678,Thank,2025-09-21 14:42:24
2536,4257,404,Smile,2025-07-22 21:45:28
2537,5827,824,Agree,2025-06-06 04:44:11
2538,6436,1818,Love,2025-08-02 17:19:58
2539,1709,1971,Smile,2025-04-09 22:28:17
2540,4066,1843,Helpful,2025-02-19 03:35:34
2541,2839,466,Love,2025-09-04 20:15:11
2542,1579,494,Sad,2025-05-13 01:54:40
2543,1898,503,Thank,2025-11-05 01:48:19
2544,2017,482,Helpful,2025-08-09 20:09:38
2545,751,691,Thank,2025-03-19 09:38:56
2546,5764,828,Helpful,2025-06-17 00:31:44
2547,2958,1766,Helpful,2025-09-02 01:37:40
2548,1887,1951,Love,2025-11-22 01:04:22
2549,5452,247,Sad,2025-05-26 02:28:54
2550,1758,1684,Helpful,2025-07-05 00:49:52
2551,2118,443,Agree,2025-01-01 13:06:50
2552,673,1191,Love,2025-10-27 15:36:47
2553,6275,2053,Love,2025-12-14 21:15:13
2554,4506,1749,Helpful,2025-08-04 21:52:05
2555,5727,790,Agree,2025-06-29 14:21:08
2556,3512,1734,Wow,2025-08-28 02:31:25
2557,2862,1717,Sad,2025-07-16 01:19:46
2558,3362,855,Wow,2025-09-09 02:21:49
2559,5017,1903,Agree,2025-05-03 00:25:21
2560,6060,2055,Thank,2025-10-25 21:57:04
2561,2449,1138,Love,2025-05-31 19:59:35
2562,6076,292,Thank,2025-08-31 07:35:59
2563,3957,1673,Wow,2025-10-09 04:37:33
2564,5808,537,Love,2025-07-30 23:02:26
2565,1386,1844,Smile,2025-08-04 13:59:08
2566,2766,892,Agree,2025-03-27 09:15:04
2567,2855,1864,Sad,2025-12-08 04:28:08
2568,6239,2077,Smile,2025-01-18 23:54:38
2569,3793,477,Agree,2025-04-05 03:40:05
2570,730,390,Smile,2025-11-05 15:47:17
2571,3061,587,Agree,2025-08-08 16:43:03
2572,989,1846,Love,2025-04-20 03:04:23
2573,1654,700,Agree,2025-08-22 12:44:49
2574,4775,1085,Love,2025-05-28 01:44:26
2575,5408,1380,Smile,2025-05-06 18:24:23
2576,1113,1510,Smile,2025-08-18 03:49:56
2577,1859,668,Wow,2025-11-03 04:31:40
2578,5720,2014,Thank,2025-10-08 22:56:41
2579,3516,820,Smile,2025-03-07 17:09:16
2580,5569,1150,Sad,2025-03-20 12:10:26
2581,3017,799,Agree,2025-01-14 22:13:56
2582,597,1597,Wow,2025-10-22 12:02:42
2583,3198,1614,Smile,2025-07-22 14:11:06
2584,5925,999,Sad,2025-04-23 17:53:18
2585,4719,1539,Smile,2025-03-06 20:46:36
2586,3381,1527,Wow,2025-07-08 22:03:36
2587,5477,227,Love,2025-09-06 07:15:00
2588,4795,1256,Thank,2025-06-07 23:55:31
2589,3541,1647,Thank,2025-05-14 22:56:23
2590,991,1476,Sad,2025-01-31 12:19:48
2591,5226,128,Love,2025-09-29 17:12:10
2592,6347,1120,Agree,2025-10-25 22:23:48
2593,4713,1274,Thank,2025-07-27 16:01:34
2594,5436,736,Helpful,2025-10-17 02:29:31
2595,4595,1021,Wow,2025-01-29 11:26:51
2596,2922,437,Wow,2025-06-24 15:38:55
2597,1022,748,Sad,2025-09-21 12:36:55
2598,2022,1358,Wow,2025-10-03 15:12:16
2599,2418,1313,Wow,2025-06-08 08:24:57
2600,3086,2010,Agree,2025-07-01 07:17:06
2601,6249,524,Thank,2025-06-25 15:18:48
2602,1279,386,Love,2025-06-29 22:59:54
2603,3894,1866,Sad,2025-11-26 02:45:41
2604,3533,1668,Agree,2025-12-05 23:44:41
2605,4430,2096,Wow,2025-10-04 07:47:33
2606,4650,1164,Smile,2025-06-07 23:48:44
2607,4668,1037,Sad,2025-10-24 06:21:11
2608,748,2073,Love,2025-03-07 21:34:26
2609,3139,1661,Wow,2025-08-20 11:51:46
2610,4363,1607,Wow,2025-05-19 15:46:09
2611,1837,270,Wow,2025-05-13 07:31:29
2612,4829,1461,Thank,2025-09-06 07:24:39
2613,5593,675,Wow,2025-02-13 16:18:02
2614,2559,1983,Helpful,2025-06-07 22:48:12
2615,5256,1814,Wow,2025-02-09 05:37:59
2616,5295,1170,Thank,2025-10-24 19:29:53
2617,3493,204,Sad,2025-08-21 00:23:07
2618,3658,1490,Love,2025-07-26 20:23:05
2619,513,1867,Helpful,2025-11-21 03:38:20
2620,3765,671,Smile,2025-02-08 22:19:11
2621,1532,1091,Agree,2025-10-26 02:40:17
2622,2372,677,Wow,2025-08-03 10:13:15
2623,3656,637,Helpful,2025-05-27 04:18:13
2624,6343,1247,Love,2025-02-20 19:30:41
2625,6417,170,Sad,2025-02-24 22:30:03
2626,682,720,Helpful,2025-06-14 13:14:03
2627,1931,750,Agree,2025-06-02 11:38:10
2628,693,1619,Thank,2025-09-16 10:10:35
2629,3544,327,Thank,2025-07-03 01:58:46
2630,5912,167,Wow,2025-04-10 04:07:45
2631,5781,333,Agree,2025-09-11 13:45:01
2632,1342,281,Helpful,2025-10-23 14:41:54
2633,3464,1137,Sad,2025-05-29 13:00:30
2634,6140,1442,Sad,2025-02-09 11:05:08
2635,503,742,Thank,2025-10-03 07:58:00
2636,5594,164,Thank,2025-12-11 21:10:39
2637,1362,766,Smile,2025-05-10 15:43:46
2638,1840,387,Wow,2025-10-19 23:45:28
2639,6191,362,Agree,2025-06-28 01:21:56
2640,3587,866,Wow,2025-12-08 04:21:16
2641,1542,1107,Sad,2025-10-30 22:28:32
2642,538,1024,Thank,2025-11-01 00:08:23
2643,4866,533,Love,2025-04-20 02:14:53
2644,614,202,Wow,2025-07-13 02:14:57
2645,5983,1807,Smile,2025-02-18 09:16:07
2646,1701,180,Love,2025-10-10 21:11:14
2647,571,847,Agree,2025-03-16 22:52:43
2648,1419,1235,Wow,2025-10-02 09:52:54
2649,5771,535,Smile,2025-11-11 22:36:40
2650,3091,682,Wow,2025-07-24 12:48:24
2651,2950,1311,Sad,2025-09-19 16:16:50
2652,5587,1640,Agree,2025-05-08 22:39:07
2653,6470,271,Sad,2025-10-28 01:54:16
2654,5842,263,Sad,2025-10-07 02:36:30
2655,6188,883,Sad,2025-08-05 15:50:12
2656,5993,992,Sad,2025-05-31 13:38:29
2657,2329,265,Wow,2025-09-13 19:47:07
2658,4948,1132,Love,2025-06-25 10:17:43
2659,5755,883,Wow,2025-03-23 06:35:33
2660,6219,859,Wow,2025-06-02 22:54:41
2661,5730,753,Thank,2025-03-29 06:44:31
2662,3728,2018,Sad,2025-07-18 13:19:52
2663,2327,763,Smile,2025-12-14 12:55:11
2664,6172,776,Helpful,2025-10-02 02:33:24
2665,2954,645,Love,2025-10-24 10:29:56
2666,1421,504,Love,2025-11-23 21:16:17
2667,2133,465,Thank,2025-11-17 14:55:33
2668,5985,1058,Helpful,2025-03-24 07:06:21
2669,5876,167,Love,2025-12-04 01:02:12
2670,2059,1999,Smile,2025-08-30 19:28:10
2671,3221,447,Sad,2025-10-28 20:35:17
2672,2924,1956,Love,2025-07-25 09:28:35
2673,1920,113,Love,2025-05-25 16:43:47
2674,3220,427,Thank,2025-11-23 02:28:04
2675,6389,1821,Thank,2025-04-28 07:57:45
2676,5788,889,Love,2025-08-31 23:07:55
2677,6042,1617,Helpful,2025-08-20 03:23:10
2678,3608,497,Smile,2025-10-13 23:15:20
2679,5622,372,Wow,2025-12-07 13:37:22
2680,3166,1347,Smile,2025-07-19 03:48:04
2681,4707,1503,Thank,2025-05-01 09:34:35
2682,1726,1620,Helpful,2025-08-11 10:11:42
2683,4454,1150,Smile,2025-10-14 08:17:33
2684,3520,929,Smile,2025-02-06 04:04:55
2685,5673,280,Sad,2025-05-03 00:38:53
2686,4516,1818,Thank,2025-04-10 15:20:27
2687,593,1873,Thank,2025-11-24 11:51:07
2688,3123,1339,Thank,2025-03-02 23:47:01
2689,2515,1742,Agree,2025-06-11 13:29:09
2690,1507,1749,Thank,2025-05-17 12:22:22
2691,1852,1259,Helpful,2025-02-19 10:14:07
2692,5632,1732,Sad,2025-10-24 06:20:47
2693,4705,103,Thank,2025-11-04 04:50:30
2694,662,373,Smile,2025-05-13 12:13:12
2695,6043,1757,Thank,2025-10-31 13:22:17
2696,5293,1296,Helpful,2025-08-30 02:49:39
2697,963,103,Love,2025-06-29 03:22:40
2698,4688,1401,Helpful,2025-08-17 23:34:32
2699,5583,1936,Helpful,2025-05-09 11:50:44
2700,5344,1858,Thank,2025-06-25 03:46:33
2701,6106,1151,Love,2025-12-09 20:44:54
2702,4462,457,Wow,2025-05-24 10:12:24
2703,2088,1053,Smile,2025-07-17 20:15:11
2704,4043,985,Helpful,2025-07-04 10:00:26
2705,1448,1977,Sad,2025-11-03 17:38:56
2706,5806,1385,Smile,2025-11-16 05:40:05
2707,2991,255,Agree,2025-09-08 17:00:04
2708,4256,1236,Smile,2025-02-06 03:13:25
2709,3303,637,Thank,2025-05-10 14:26:51
2710,6287,557,Thank,2025-05-11 04:04:23
2711,3999,454,Agree,2025-08-11 12:34:00
2712,2220,546,Thank,2025-07-03 01:21:47
2713,6397,1986,Agree,2025-04-24 23:34:51
2714,4289,299,Agree,2025-10-27 07:12:26
2715,1532,1239,Sad,2025-10-26 01:26:17
2716,669,610,Sad,2025-09-08 09:02:07
2717,4434,158,Love,2025-01-28 00:44:17
2718,3248,1703,Helpful,2025-06-05 10:50:25
2719,1181,2053,Helpful,2025-05-13 18:16:16
2720,4542,454,Thank,2025-02-07 23:39:22
2721,5657,1497,Sad,2025-10-14 12:40:07
2722,5964,1946,Love,2025-04-17 20:08:39
2723,4531,1695,Sad,2025-03-02 04:44:52
2724,4666,895,Smile,2025-05-25 12:45:46
2725,575,519,Thank,2025-10-19 15:39:59
2726,1902,1883,Smile,2025-09-16 06:34:27
2727,4704,991,Sad,2025-04-27 11:15:41
2728,1783,871,Sad,2025-09-13 23:06:48
2729,1424,2069,Helpful,2025-04-12 18:48:36
2730,2265,112,Helpful,2025-10-20 01:05:53
2731,1079,814,Helpful,2025-01-17 00:32:18
2732,1780,1314,Love,2025-07-13 06:03:40
2733,5638,794,Wow,2025-11-10 01:54:22
2734,6295,263,Thank,2025-11-09 16:34:03
2735,3426,1593,Smile,2025-11-14 21:03:47
2736,845,1262,Sad,2025-08-30 04:48:55
2737,1525,202,Agree,2025-03-25 11:12:51
2738,5070,1522,Wow,2025-07-09 14:40:28
2739,4139,1330,Wow,2025-06-24 18:28:59
2740,3232,201,Helpful,2025-12-09 10:21:16
2741,4821,1354,Thank,2025-08-08 10:46:31
2742,1331,364,Thank,2025-06-18 23:28:57
2743,2397,910,Thank,2025-03-03 00:14:09
2744,2067,1254,Sad,2025-11-06 04:11:57
2745,1087,1292,Love,2025-11-01 11:53:27
2746,515,1585,Wow,2025-01-10 11:42:17
2747,995,611,Agree,2025-08-14 01:55:48
2748,2850,1769,Sad,2025-07-28 00:45:27
2749,5462,1409,Wow,2025-05-15 01:51:18
2750,1426,263,Wow,2025-01-28 20:36:51
2751,2476,1801,Agree,2025-09-09 17:00:50
2752,6478,1772,Thank,2025-08-29 16:40:28
2753,2717,105,Thank,2025-01-28 21:39:41
2754,4546,267,Wow,2025-08-05 00:05:32
2755,2569,777,Wow,2025-06-13 13:59:01
2756,6172,224,Helpful,2025-10-02 07:25:24
2757,4479,1722,Thank,2025-11-21 13:52:10
2758,3030,1644,Wow,2025-09-16 12:21:35
2759,4515,773,Smile,2025-06-27 00:10:54
2760,883,1952,Smile,2025-01-09 08:26:10
2761,2296,1941,Thank,2025-11-05 19:11:32
2762,5631,157,Love,2025-05-13 15:53:04
2763,3328,1505,Thank,2025-06-18 11:10:43
2764,969,2036,Smile,2025-09-01 14:58:46
2765,2119,2067,Smile,2025-05-19 13:15:06
2766,6090,605,Sad,2025-01-24 19:04:52
2767,3533,1672,Sad,2025-12-06 01:03:41
2768,3350,1344,Thank,2025-09-22 22:05:34
2769,1528,887,Love,2025-08-06 04:17:48
2770,3041,268,Smile,2025-07-13 13:50:15
2771,4728,917,Thank,2025-07-08 04:11:12
2772,4655,931,Smile,2025-04-30 20:09:38
2773,5862,621,Agree,2025-10-11 07:46:22
2774,4106,1367,Wow,2025-05-29 11:46:30
2775,5153,272,Sad,2025-10-19 01:06:04
2776,1475,2011,Wow,2025-06-27 08:08:15
2777,1665,366,Wow,2025-12-09 21:43:21
2778,1152,1810,Love,2025-01-13 23:19:30
2779,661,1189,Wow,2025-11-19 16:12:11
2780,1539,1686,Love,2025-05-25 16:30:35
2781,1467,273,Smile,2025-10-16 14:41:01
2782,3604,529,Thank,2025-11-01 16:02:14
2783,1248,1097,Thank,2025-11-03 17:12:01
2784,3205,175,Love,2025-02-07 05:20:19
2785,1344,1450,Love,2025-10-16 01:57:41
2786,684,1808,Agree,2025-04-30 11:25:03
2787,3706,1447,Wow,2025-07-05 12:24:30
2788,1524,662,Love,2025-05-21 01:01:28
2789,2749,390,Agree,2025-09-18 23:34:56
2790,4861,447,Thank,2025-05-24 00:04:18
2791,838,268,Thank,2025-07-29 05:39:30
2792,4662,359,Love,2025-10-06 08:00:50
2793,5404,933,Sad,2025-02-06 16:43:42
2794,3710,611,Agree,2025-11-11 21:20:25
2795,2374,515,Helpful,2025-09-09 02:52:50
2796,3423,275,Helpful,2025-01-22 23:09:56
2797,5678,1932,Agree,2025-10-06 13:30:46
2798,6139,781,Smile,2025-03-21 21:46:29
2799,1328,1684,Helpful,2025-11-14 05:02:27
2800,5457,1720,Helpful,2025-03-10 17:56:47
2801,5521,1479,Love,2025-01-16 11:08:31
2802,3947,1866,Smile,2025-02-22 22:34:45
2803,5214,1044,Smile,2025-07-26 12:35:37
2804,3744,1382,Agree,2025-05-30 19:03:15
2805,4626,1830,Agree,2025-04-10 00:22:20
2806,5302,1550,Love,2025-06-16 03:17:03
2807,1725,794,Sad,2025-04-25 07:05:17
2808,654,1692,Love,2025-08-18 09:33:08
2809,3649,514,Agree,2025-11-09 00:35:01
2810,4285,531,Love,2025-06-09 09:33:29
2811,996,490,Agree,2025-03-22 16:45:23
2812,1420,1757,Wow,2025-03-27 14:31:28
2813,1358,1039,Smile,2025-06-25 10:40:15
2814,2350,399,Thank,2025-08-20 17:34:12
2815,4935,816,Wow,2025-07-27 22:51:08
2816,3927,1462,Sad,2025-08-04 20:18:59
2817,3100,315,Sad,2025-11-11 17:12:43
2818,5104,1834,Thank,2025-12-05 12:05:11
2819,3983,1045,Agree,2025-03-05 14:48:43
2820,3273,1818,Wow,2025-03-28 21:26:04
2821,1387,1512,Smile,2025-10-21 11:55:43
2822,2766,1031,Wow,2025-03-27 17:42:04
2823,4014,1648,Helpful,2025-11-25 17:17:23
2824,5082,664,Helpful,2025-06-07 19:16:13
2825,6229,1371,Sad,2025-11-18 22:23:42
2826,4815,416,Helpful,2025-11-03 01:14:23
2827,6021,1852,Smile,2025-06-25 16:20:31
2828,6449,557,Agree,2025-04-16 20:48:07
2829,1778,1990,Wow,2025-09-26 18:45:59
2830,4542,1947,Sad,2025-02-08 03:50:22
2831,2291,1984,Wow,2025-07-25 08:59:50
2832,5702,206,Wow,2025-10-08 23:15:43
2833,5226,1880,Love,2025-09-30 04:45:10
2834,5397,1220,Smile,2025-08-19 22:28:29
2835,5577,602,Smile,2025-06-19 14:42:16
2836,2632,1156,Thank,2025-12-05 15:46:38
2837,1316,129,Wow,2025-03-24 05:06:57
2838,2814,1030,Wow,2025-10-09 00:22:29
2839,689,253,Smile,2025-01-05 02:44:37
2840,2820,637,Wow,2025-03-27 13:09:30
2841,6493,612,Agree,2025-10-11 11:55:36
2842,3656,984,Agree,2025-05-27 04:05:13
2843,614,1238,Helpful,2025-07-12 17:40:57
2844,4045,2035,Agree,2025-10-30 23:14:26
2845,654,1572,Love,2025-08-18 10:46:08
2846,3165,948,Smile,2025-01-23 13:46:53
2847,1631,773,Love,2025-06-20 09:14:06
2848,4465,1202,Wow,2025-08-09 12:54:03
2849,3215,767,Smile,2025-05-11 17:38:36
2850,3959,1959,Wow,2025-11-25 09:31:27
2851,5125,1328,Helpful,2025-10-08 18:19:53
2852,534,110,Love,2025-04-29 23:37:15
2853,506,955,Thank,2025-11-19 21:54:03
2854,6392,1677,Love,2025-06-21 12:39:28
2855,6182,374,Agree,2025-03-23 17:04:15
2856,3864,2003,Love,2025-04-13 13:18:42
2857,1620,329,Helpful,2025-07-13 08:59:01
2858,678,909,Smile,2025-09-20 02:37:40
2859,6315,1254,Thank,2025-11-01 11:52:54
2860,5578,1659,Love,2025-08-17 07:56:10
2861,4192,129,Sad,2025-07-29 04:49:41
2862,4042,708,Wow,2025-03-04 22:43:53
2863,5491,148,Love,2025-03-19 12:26:49
2864,1824,1840,Thank,2025-02-24 10:46:02
2865,2673,1308,Thank,2025-05-05 19:01:57
2866,3075,312,Sad,2025-07-20 22:50:00
2867,4511,543,Helpful,2025-02-13 06:04:54
2868,5426,1034,Thank,2025-09-08 22:51:19
2869,2894,500,Smile,2025-11-30 03:47:57
2870,3840,478,Sad,2025-11-21 11:52:40
2871,4355,243,Love,2025-09-25 11:17:42
2872,5291,1136,Love,2025-05-16 20:00:10
2873,5772,1906,Helpful,2025-04-14 07:57:42
2874,3097,1743,Wow,2025-06-05 13:48:29
2875,4362,471,Sad,2025-07-10 23:05:35
2876,2679,1321,Agree,2025-10-25 22:33:29
2877,4571,1763,Wow,2025-04-01 14:59:42
2878,4529,789,Smile,2025-11-08 09:56:35
2879,1570,286,Love,2025-02-20 13:24:40
2880,5446,344,Sad,2025-10-14 11:16:28
2881,4808,1873,Agree,2025-12-02 09:31:41
2882,3228,451,Love,2025-03-23 04:04:43
2883,3597,1695,Smile,2025-03-31 21:52:14
2884,6177,742,Love,2025-10-31 11:50:41
2885,5530,768,Agree,2025-07-07 13:40:15
2886,2230,1709,Love,2025-12-08 23:26:52
2887,5767,1426,Smile,2025-08-18 09:42:08
2888,5112,1340,Agree,2025-07-25 04:41:42
2889,3256,236,Agree,2025-10-11 02:25:05
2890,2591,262,Thank,2025-10-13 15:20:14
2891,5026,1995,Sad,2025-07-14 17:35:55
2892,5779,1499,Thank,2025-05-30 07:25:10
2893,3377,730,Sad,2025-10-22 16:35:38
2894,1296,1313,Helpful,2025-10-15 19:21:20
2895,3581,972,Wow,2025-09-26 22:28:16
2896,3564,1857,Agree,2025-11-26 05:03:13
2897,5505,1186,Helpful,2025-04-08 15:10:16
2898,4370,1287,Smile,2025-04-01 04:51:40
2899,4557,323,Love,2025-11-10 03:16:44
2900,2019,775,Love,2025-04-24 14:31:40
2901,2792,194,Sad,2025-05-21 04:55:09
2902,3373,1386,Love,2025-09-06 09:27:20
2903,4551,223,Thank,2025-05-16 10:43:06
2904,1756,613,Agree,2025-03-16 16:19:40
2905,1282,1995,Sad,2025-04-15 08:15:15
2906,2460,1992,Love,2025-03-16 17:01:04
2907,4785,653,Sad,2025-05-19 21:33:54
2908,4855,794,Smile,2025-08-25 04:24:46
2909,3658,480,Wow,2025-07-26 14:21:05
2910,5652,2099,Smile,2025-05-18 17:12:30
2911,903,1237,Love,2025-09-14 03:04:21
2912,5987,372,Sad,2025-06-03 14:33:36
2913,5732,2071,Thank,2025-05-07 23:46:50
2914,3597,1770,Thank,2025-03-31 21:44:14
2915,4864,623,Smile,2025-07-14 13:31:21
2916,5190,1462,Thank,2025-06-25 11:38:43
2917,4449,1760,Helpful,2025-12-07 04:37:41
2918,4427,1415,Wow,2025-03-11 05:59:25
2919,4571,492,Helpful,2025-04-01 00:05:42
2920,587,2072,Thank,2025-05-11 23:26:07
2921,5368,1473,Helpful,2025-06-23 08:30:58
2922,3691,1625,Thank,2025-07-14 22:22:48
2923,4506,1779,Love,2025-08-04 00:44:05
2924,3327,483,Helpful,2025-01-10 17:15:46
2925,2233,118,Sad,2025-05-07 10:35:41
2926,6229,1691,Smile,2025-11-18 23:32:42
2927,4133,975,Wow,2025-09-10 17:21:24
2928,6134,2005,Thank,2025-10-06 18:57:46
2929,3204,1285,Smile,2025-10-06 23:53:28
2930,5199,1624,Love,2025-11-24 11:12:25
2931,4200,1173,Smile,2025-05-14 16:23:19
2932,2695,331,Wow,2025-11-20 12:56:09
2933,4686,1337,Love,2025-12-09 19:37:04
2934,5916,130,Agree,2025-04-21 19:01:44
2935,5331,476,Smile,2025-06-19 15:00:16
2936,3017,971,Helpful,2025-01-15 00:25:56
2937,2254,720,Smile,2025-04-18 23:06:42
2938,4912,1804,Thank,2025-09-09 05:33:43
2939,5309,664,Helpful,2025-11-17 21:09:38
2940,843,708,Helpful,2025-06-22 22:18:37
2941,5742,942,Sad,2025-09-26 03:24:05
2942,6316,1478,Thank,2025-04-30 22:28:52
2943,3226,300,Love,2025-11-02 19:22:53
2944,5250,561,Love,2025-07-11 18:50:07
2945,6162,1821,Love,2025-08-19 04:20:16
2946,880,1085,Agree,2025-09-12 00:42:45
2947,918,139,Agree,2025-12-13 09:32:52
2948,4620,1450,Agree,2025-10-11 23:21:50
2949,4666,427,Sad,2025-05-24 18:16:46
2950,6186,737,Thank,2025-05-26 12:50:43
2951,3912,1893,Smile,2025-01-12 00:04:07
2952,6322,1053,Thank,2025-08-28 16:05:15
2953,1491,393,Thank,2025-06-28 15:55:07
2954,2531,1009,Helpful,2025-10-08 18:31:57
2955,2397,519,Helpful,2025-03-02 23:42:09
2956,5805,1805,Thank,2025-10-31 18:15:51
2957,675,1329,Smile,2025-05-21 20:17:15
2958,5481,1996,Thank,2025-07-01 20:14:23
2959,4776,618,Wow,2025-04-13 02:22:15
2960,3406,621,Sad,2025-10-03 22:34:24
2961,4136,1919,Sad,2025-11-11 14:43:53
2962,2151,331,Smile,2025-03-27 11:17:08
2963,993,895,Wow,2025-04-30 11:29:02
2964,3354,1625,Thank,2025-11-20 07:50:45
2965,5617,1813,Smile,2025-10-24 21:52:28
2966,6274,1675,Agree,2025-05-11 02:22:02
2967,5067,1146,Helpful,2025-04-15 09:20:24
2968,2282,1665,Smile,2025-07-09 02:42:16
2969,2084,357,Thank,2025-05-07 19:38:37
2970,1103,1986,Agree,2025-08-14 17:27:01
2971,1074,804,Thank,2025-06-15 02:53:12
2972,6259,594,Thank,2025-10-15 16:30:49
2973,5589,2023,Agree,2025-05-21 13:10:48
2974,648,1791,Sad,2025-04-09 19:50:47
2975,4912,210,Love,2025-09-08 22:24:43
2976,2804,2083,Love,2025-02-25 17:57:30
2977,5383,777,Thank,2025-08-25 21:30:38
2978,3901,1239,Agree,2025-09-05 07:14:12
2979,2446,1901,Love,2025-05-09 17:53:08
2980,2594,665,Smile,2025-10-08 02:58:36
2981,5914,1813,Agree,2025-09-17 19:34:15
2982,5075,1912,Helpful,2025-01-03 02:16:26
2983,1176,1844,Sad,2025-11-02 11:12:20
2984,551,2082,Thank,2025-12-08 22:52:05
2985,1299,1546,Sad,2025-09-16 12:42:30
2986,5283,1350,Helpful,2025-06-21 11:07:46
2987,1204,1516,Thank,2025-05-26 04:54:07
2988,6065,1804,Sad,2025-11-14 23:37:13
2989,2553,1239,Thank,2025-05-14 05:17:17
2990,4188,1201,Wow,2025-10-13 00:29:04
2991,5613,1727,Sad,2025-11-26 21:47:02
2992,4535,1251,Helpful,2025-11-02 20:58:18
2993,5569,470,Wow,2025-03-20 11:00:26
2994,1692,383,Thank,2025-09-05 17:17:37
2995,3371,652,Agree,2025-05-24 06:32:19
2996,4810,1038,Agree,2025-05-28 21:46:06
2997,6264,584,Helpful,2025-07-23 12:57:46
2998,1835,1000,Sad,2025-08-27 00:42:39
2999,5415,188,Sad,2025-10-23 11:40:27
3000,3009,1526,Sad,2025-08-21 20:38:03
3001,2345,910,Thank,2025-10-26 21:17:38
3002,4429,1801,Smile,2025-11-05 09:08:20
3003,5237,1030,Thank,2025-11-29 06:46:04
3004,2167,2024,Wow,2025-06-08 19:00:31
3005,6388,866,Sad,2025-11-08 18:51:22
3006,5716,933,Agree,2025-01-17 17:50:58
3007,4319,1487,Helpful,2025-10-06 03:30:29
3008,1472,1540,Helpful,2025-10-25 19:01:02
3009,6025,2031,Helpful,2025-10-01 11:04:47
3010,5557,482,Helpful,2025-06-17 23:30:14
3011,6491,1634,Sad,2025-11-16 14:50:54
3012,5956,1715,Thank,2025-10-05 02:44:08
3013,905,1669,Sad,2025-06-10 03:14:42
3014,4085,870,Agree,2025-02-23 20:13:24
3015,3814,1528,Smile,2025-07-05 14:21:45
3016,4026,227,Love,2025-12-06 08:16:14
3017,1018,1847,Wow,2025-03-24 18:45:17
3018,5402,640,Wow,2025-10-11 15:52:21
3019,6032,668,Smile,2025-02-05 18:38:30
3020,588,533,Helpful,2025-09-16 00:05:12
3021,3850,221,Smile,2025-05-30 02:33:31
3022,3906,1636,Wow,2025-09-01 16:50:35
3023,4127,2010,Helpful,2025-05-29 00:33:41
3024,4409,293,Smile,2025-02-15 11:50:50
3025,3047,1200,Wow,2025-11-15 20:56:14
3026,2555,1209,Helpful,2025-09-24 09:46:43
3027,1265,978,Thank,2025-11-04 13:49:14
3028,2866,1934,Agree,2025-02-20 01:43:24
3029,827,519,Thank,2025-07-10 08:01:37
3030,4554,901,Agree,2025-03-13 14:06:39
3031,1628,1036,Smile,2025-02-04 23:50:50
3032,948,577,Love,2025-05-17 18:56:32
3033,6273,401,Agree,2025-11-02 11:46:58
3034,4838,720,Wow,2025-12-05 11:31:02
3035,3539,1149,Thank,2025-10-21 09:56:07
3036,1644,929,Wow,2025-08-16 02:13:31
3037,5270,1150,Wow,2025-03-10 17:02:15
3038,2076,418,Smile,2025-03-08 04:17:50
3039,1339,1325,Sad,2025-03-15 06:41:31
3040,4084,448,Wow,2025-08-11 13:33:42
3041,6209,1504,Smile,2025-09-26 04:24:43
3042,1250,853,Agree,2025-06-06 06:44:01
3043,3181,1843,Smile,2025-04-22 00:05:50
3044,3338,445,Helpful,2025-04-24 18:16:08
3045,4800,326,Smile,2025-01-09 10:54:44
3046,3865,1980,Agree,2025-04-14 12:28:50
3047,1156,855,Smile,2025-11-17 12:40:34
3048,5373,1265,Agree,2025-03-07 08:41:08
3049,6348,1973,Agree,2025-06-20 19:30:22
3050,2519,604,Helpful,2025-07-28 07:23:38
3051,3008,1964,Helpful,2025-04-04 10:40:23
3052,4664,1335,Agree,2025-05-27 14:56:36
3053,2240,1361,Smile,2025-07-28 13:28:40
3054,3879,832,Agree,2025-02-03 01:12:48
3055,3838,816,Sad,2025-07-29 10:56:30
3056,3630,496,Wow,2025-06-22 13:20:36
3057,6475,2070,Smile,2025-07-12 10:40:19
3058,1027,1640,Sad,2025-05-17 00:34:04
3059,5882,794,Sad,2025-09-30 04:44:35
3060,533,644,Wow,2025-08-07 17:07:19
3061,1290,490,Helpful,2025-11-13 22:18:21
3062,3514,880,Sad,2025-09-06 14:59:35
3063,2093,263,Sad,2025-05-15 23:13:35
3064,5132,157,Wow,2025-05-11 02:09:13
3065,1036,1949,Agree,2025-01-03 20:27:58
3066,4068,325,Sad,2025-03-28 17:09:49
3067,2280,521,Sad,2025-07-18 14:47:08
3068,5451,1887,Thank,2025-03-29 00:39:23
3069,1808,246,Agree,2025-05-26 01:54:30
3070,3397,2046,Helpful,2025-08-18 19:33:39
3071,1695,290,Wow,2025-09-30 12:37:40
3072,4507,1702,Sad,2025-08-25 13:04:02
3073,2512,467,Sad,2025-11-15 15:48:38
3074,2946,1617,Sad,2025-10-14 22:39:05
3075,894,1376,Thank,2025-11-06 13:20:46
3076,1744,259,Sad,2025-05-06 15:30:42
3077,5773,1424,Sad,2025-03-27 14:46:49
3078,5568,1167,Wow,2025-10-04 05:42:23
3079,1787,594,Helpful,2025-01-30 14:40:02
3080,2113,2100,Agree,2025-02-27 01:08:08
3081,2634,718,Agree,2025-01-08 01:41:17
3082,4635,331,Smile,2025-10-27 07:15:11
3083,1674,528,Thank,2025-07-04 01:31:34
3084,2950,1489,Wow,2025-09-19 15:53:50
3085,4783,275,Sad,2025-08-17 16:02:30
3086,2994,590,Agree,2025-06-22 22:55:00
3087,3734,683,Sad,2025-10-27 17:40:11
3088,1424,1957,Smile,2025-04-12 17:48:36
3089,2801,824,Sad,2025-04-15 20:38:08
3090,2910,852,Helpful,2025-11-18 21:23:03
3091,6465,1572,Love,2025-10-05 23:59:51
3092,6111,112,Love,2025-06-08 11:06:37
3093,3292,464,Helpful,2025-10-03 12:56:56
3094,2152,1608,Helpful,2025-10-18 14:41:33
3095,3122,1663,Wow,2025-06-11 10:28:08
3096,1504,1390,Love,2025-09-10 11:56:24
3097,705,311,Agree,2025-10-24 21:54:38
3098,5679,1965,Wow,2025-01-21 00:00:19
3099,3307,1771,Thank,2025-08-04 07:31:17
3100,2080,176,Sad,2025-05-06 15:10:50
3101,871,278,Smile,2025-10-11 23:50:44
3102,1216,848,Love,2025-02-02 14:24:44
3103,6263,1601,Sad,2025-11-24 05:28:19
3104,1990,1970,Love,2025-03-04 07:47:13
3105,817,1995,Love,2025-08-02 00:20:14
3106,4654,458,Wow,2025-03-11 22:45:06
3107,5298,1827,Thank,2025-06-08 11:50:34
3108,1425,1521,Helpful,2025-01-14 09:33:25
3109,5758,1215,Agree,2025-11-15 01:07:26
3110,2990,2069,Wow,2025-05-17 00:40:44
3111,1647,1659,Smile,2025-06-12 23:39:26
3112,5434,1172,Sad,2025-12-09 00:47:09
3113,3406,1296,Wow,2025-10-04 05:56:24
3114,5281,1477,Thank,2025-01-14 06:22:47
3115,4986,471,Smile,2025-09-02 15:39:55
3116,3102,1722,Thank,2025-08-09 09:12:47
3117,2044,1725,Helpful,2025-07-31 02:16:52
3118,864,1805,Helpful,2025-05-01 00:54:28
3119,2201,1303,Wow,2025-10-12 14:37:35
3120,3151,1828,Smile,2025-09-07 00:07:49
3121,1093,1572,Agree,2025-02-13 22:22:50
3122,1948,1788,Helpful,2025-08-30 06:54:54
3123,4550,1902,Wow,2025-07-31 22:35:48
3124,3040,1563,Wow,2025-09-30 13:44:23
3125,1691,286,Love,2025-01-20 08:57:32
3126,1008,369,Thank,2025-11-02 04:33:27
3127,5901,1424,Thank,2025-09-07 00:26:58
3128,1220,810,Sad,2025-06-30 16:59:37
3129,2316,1172,Agree,2025-10-05 17:45:05
3130,838,813,Agree,2025-07-29 05:52:30
3131,5630,1419,Smile,2025-03-20 11:28:15
3132,2858,454,Helpful,2025-01-05 04:27:07
3133,5224,168,Agree,2025-06-13 23:16:57
3134,4593,1927,Helpful,2025-01-08 03:49:18
3135,1721,283,Love,2025-10-02 03:50:37
3136,6215,1664,Wow,2025-10-05 10:51:44
3137,4935,712,Smile,2025-07-27 22:18:08
3138,804,1898,Sad,2025-03-06 12:25:12
3139,1634,533,Sad,2025-11-02 11:58:29
3140,4025,1559,Thank,2025-07-19 21:21:35
3141,3545,1252,Helpful,2025-09-13 04:18:22
3142,1984,603,Wow,2025-02-18 18:50:04
3143,1827,1329,Sad,2025-11-13 16:13:05
3144,1280,261,Sad,2025-03-26 12:16:17
3145,3106,1770,Thank,2025-10-10 10:45:45
3146,2486,322,Smile,2025-09-15 14:30:33
3147,6040,567,Thank,2025-11-30 15:31:09
3148,814,1622,Smile,2025-12-07 11:48:29
3149,5021,1328,Agree,2025-07-13 17:47:55
3150,1421,620,Love,2025-11-23 19:33:17
3151,2595,1650,Love,2025-07-24 06:47:40
3152,5746,615,Wow,2025-09-22 21:05:50
3153,5932,1609,Sad,2025-07-31 22:21:02
3154,1511,1867,Smile,2025-07-19 01:09:42
3155,3649,134,Sad,2025-11-09 01:28:01
3156,2100,789,Sad,2025-09-04 09:57:05
3157,3070,1808,Love,2025-06-04 15:42:58
3158,5123,1701,Helpful,2025-08-04 17:03:26
3159,5471,1561,Wow,2025-10-14 14:25:06
3160,541,248,Helpful,2025-11-04 12:47:30
3161,4423,727,Agree,2025-05-07 00:54:13
3162,1420,1878,Love,2025-03-27 17:13:28
3163,4547,1143,Wow,2025-08-22 04:15:09
3164,6020,1234,Thank,2025-07-16 17:57:38
3165,4141,1363,Wow,2025-10-06 22:00:15
3166,6240,2056,Sad,2025-09-16 12:49:00
3167,3424,1465,Sad,2025-03-12 01:01:45
3168,5031,445,Thank,2025-06-07 07:01:09
3169,5730,1624,Sad,2025-03-29 14:24:31
3170,4210,1547,Sad,2025-10-18 22:25:40
3171,1716,985,Agree,2025-08-16 22:37:53
3172,4814,1868,Thank,2025-05-22 08:49:18
3173,999,1746,Sad,2025-03-31 09:02:08
3174,3525,232,Smile,2025-05-04 11:33:47
3175,1068,1210,Love,2025-11-09 01:39:26
3176,6411,549,Agree,2025-11-04 14:03:05
3177,3278,728,Helpful,2025-04-09 10:40:11
3178,1318,1363,Wow,2025-07-18 15:01:02
3179,4778,1170,Helpful,2025-08-05 18:05:09
3180,2301,381,Helpful,2025-08-01 08:19:42
3181,2598,503,Smile,2025-07-10 19:07:43
3182,2605,1374,Agree,2025-10-08 23:45:41
3183,967,458,Helpful,2025-03-15 12:47:42
3184,6483,1699,Smile,2025-04-22 00:14:10
3185,2254,108,Love,2025-04-19 05:53:42
3186,4345,1749,Helpful,2025-10-20 08:34:17
3187,2833,661,Smile,2025-03-06 01:41:34
3188,2612,795,Thank,2025-10-09 11:30:43
3189,2121,1883,Smile,2025-10-31 06:03:20
3190,5683,215,Smile,2025-01-04 01:40:29
3191,3267,1183,Thank,2025-10-04 02:06:14
3192,873,469,Love,2025-08-20 11:42:09
3193,3196,1277,Agree,2025-04-18 01:56:16
3194,2579,208,Wow,2025-01-19 10:39:06
3195,6252,432,Love,2025-07-12 23:01:06
3196,2132,1596,Helpful,2025-08-21 01:40:05
3197,1220,1464,Helpful,2025-06-29 21:17:37
3198,4744,1689,Love,2025-03-25 11:09:32
3199,2269,200,Thank,2025-04-20 22:15:37
3200,4640,2040,Love,2025-06-18 21:18:33
3201,3573,688,Smile,2025-08-14 22:48:57
3202,3667,188,Sad,2025-04-02 15:14:58
3203,4771,282,Thank,2025-10-02 11:16:47
3204,2331,1235,Smile,2025-12-15 00:03:47
3205,4484,729,Thank,2025-03-24 01:12:38
3206,1992,1100,Smile,2025-10-07 11:26:37
3207,5575,1840,Thank,2025-04-06 22:58:59
3208,6139,436,Love,2025-03-21 21:43:29
3209,5553,1902,Smile,2025-12-11 16:40:23
3210,3516,562,Thank,2025-03-07 14:59:16
3211,3346,1709,Sad,2025-04-06 08:16:25
3212,5760,2043,Thank,2025-02-04 15:13:40
3213,2324,794,Sad,2025-03-03 17:28:32
3214,4117,108,Love,2025-05-15 11:28:08
3215,2173,872,Love,2025-11-07 12:08:36
3216,721,1284,Wow,2025-07-21 00:16:11
3217,5640,1706,Sad,2025-08-02 03:58:09
3218,4091,380,Helpful,2025-04-26 16:40:54
3219,1331,778,Thank,2025-06-19 08:03:57
3220,4819,601,Smile,2025-11-29 08:23:20
3221,1609,2068,Helpful,2025-07-28 10:32:52
3222,1550,832,Helpful,2025-11-17 20:25:05
3223,1792,2052,Wow,2025-04-03 07:36:51
3224,4824,1605,Smile,2025-02-05 12:19:43
3225,4390,669,Thank,2025-03-25 23:03:09
3226,4756,303,Agree,2025-01-21 11:26:08
3227,6273,2065,Sad,2025-11-02 00:37:58
3228,917,766,Love,2025-07-02 14:15:51
3229,2253,1593,Thank,2025-08-18 20:53:41
3230,2190,2016,Love,2025-11-30 14:49:37
3231,4751,1177,Love,2025-08-25 12:29:41
3232,3612,1052,Thank,2025-07-25 22:52:31
3233,1110,1861,Thank,2025-08-04 10:17:05
3234,6075,1438,Agree,2025-04-12 14:11:51
3235,1825,1028,Agree,2025-01-22 10:03:03
3236,3760,1841,Sad,2025-10-05 11:18:21
3237,2245,860,Sad,2025-05-06 06:17:38
3238,1734,1453,Agree,2025-10-04 06:18:19
3239,1187,242,Smile,2025-07-09 03:39:42
3240,4954,155,Wow,2025-10-28 03:09:51
3241,1253,583,Love,2025-09-10 16:07:51
3242,4009,771,Wow,2025-02-18 21:59:39
3243,833,2011,Sad,2025-03-18 16:08:11
3244,2382,1320,Wow,2025-10-09 21:28:58
3245,4190,1411,Wow,2025-06-16 10:05:44
3246,2174,1918,Wow,2025-08-04 09:50:38
3247,5549,765,Sad,2025-02-24 15:33:42
3248,2833,1150,Sad,2025-03-05 15:22:34
3249,4769,1065,Agree,2025-03-03 01:30:41
3250,2369,1076,Smile,2025-05-08 20:47:07
3251,3041,1740,Sad,2025-07-13 13:48:15
3252,6215,489,Smile,2025-10-06 03:13:44
3253,1343,1316,Helpful,2025-05-21 10:02:04
3254,5228,1716,Thank,2025-05-05 23:30:19
3255,1156,1596,Love,2025-11-17 16:20:34
3256,4610,482,Thank,2025-07-16 08:31:51
3257,1291,1103,Smile,2025-09-09 01:26:53
3258,5448,1206,Sad,2025-10-08 10:15:32
3259,1934,1343,Sad,2025-09-13 14:19:56
3260,5904,677,Helpful,2025-11-13 23:28:54
3261,4698,455,Sad,2025-11-25 17:33:24
3262,6111,1478,Smile,2025-06-08 14:04:37
3263,5260,253,Agree,2025-10-16 18:59:26
3264,735,1959,Wow,2025-05-16 03:38:22
3265,614,2063,Love,2025-07-12 14:20:57
3266,5115,1395,Smile,2025-07-07 21:17:02
3267,3805,221,Helpful,2025-08-02 01:25:30
3268,5187,1272,Love,2025-07-23 19:02:38
3269,5258,1387,Agree,2025-10-24 23:07:09
3270,1760,725,Thank,2025-09-18 11:40:23
3271,2147,426,Love,2025-10-27 17:11:13
3272,1093,527,Love,2025-02-13 22:59:50
3273,5479,1840,Love,2025-10-13 08:40:38
3274,846,1728,Love,2025-09-16 11:37:49
3275,4856,217,Love,2025-01-14 01:58:11
3276,3110,520,Wow,2025-08-06 21:50:47
3277,2298,585,Thank,2025-12-02 20:31:42
3278,2412,1795,Wow,2025-02-14 20:22:50
3279,1637,238,Helpful,2025-08-02 08:21:44
3280,2042,1731,Smile,2025-12-05 04:49:39
3281,1725,1278,Smile,2025-04-24 09:10:17
3282,6246,1456,Agree,2025-02-25 12:08:35
3283,1839,358,Smile,2025-08-09 14:12:56
3284,3648,1277,Smile,2025-06-18 23:52:13
3285,6256,1534,Agree,2025-05-31 13:23:37
3286,2908,2003,Love,2025-09-14 08:53:36
3287,3449,1311,Agree,2025-06-29 05:52:26
3288,557,917,Love,2025-01-19 18:53:18
3289,3376,356,Agree,2025-07-22 14:39:56
3290,3299,716,Sad,2025-03-17 19:56:10
3291,5346,703,Agree,2025-10-05 14:19:49
3292,2515,504,Helpful,2025-06-11 13:23:09
3293,5284,213,Smile,2025-09-02 17:34:28
3294,2470,968,Thank,2025-06-23 09:47:29
3295,1242,1032,Agree,2025-05-24 10:36:20
3296,575,1071,Wow,2025-10-19 16:12:59
3297,3949,2039,Wow,2025-08-07 07:53:58
3298,2810,1047,Helpful,2025-05-08 12:30:54
3299,2552,1752,Sad,2025-09-12 22:46:23
3300,3020,1810,Sad,2025-08-12 03:37:00
3301,5007,1345,Wow,2025-01-02 21:40:33
3302,1316,2092,Thank,2025-03-24 20:06:57
3303,5881,212,Agree,2025-12-01 20:49:17
3304,6423,618,Helpful,2025-08-11 06:57:40
3305,4338,1475,Sad,2025-02-10 21:15:23
3306,4392,2043,Helpful,2025-01-28 00:45:53
3307,3496,1246,Thank,2025-10-19 22:09:06
3308,4046,1220,Sad,2025-05-28 19:42:44
3309,5081,1270,Sad,2025-07-17 16:31:54
3310,4408,1860,Sad,2025-07-13 22:44:39
3311,3294,262,Sad,2025-05-05 05:56:04
3312,1710,1058,Wow,2025-02-08 18:47:20
3313,4436,878,Love,2025-09-02 12:18:19
3314,5169,858,Smile,2025-11-04 05:13:20
3315,1189,223,Helpful,2025-05-30 09:33:09
3316,1739,1908,Sad,2025-03-27 22:40:32
3317,1727,594,Love,2025-04-27 10:00:46
3318,3829,932,Wow,2025-08-01 19:51:51
3319,6053,1241,Wow,2025-07-29 20:39:58
3320,3013,690,Love,2025-07-01 11:12:35
3321,3503,1851,Thank,2025-12-12 01:35:21
3322,1420,1673,Smile,2025-03-28 00:45:28
3323,3106,1156,Helpful,2025-10-10 19:50:45
3324,5189,411,Thank,2025-06-30 21:28:41
3325,3358,1954,Smile,2025-01-25 02:51:32
3326,5732,1944,Helpful,2025-05-07 15:14:50
3327,6279,1000,Helpful,2025-01-31 16:18:26
3328,2258,772,Smile,2025-09-12 12:16:48
3329,2760,552,Agree,2025-04-01 02:42:23
3330,3872,2077,Smile,2025-10-11 06:02:52
3331,5278,1661,Love,2025-09-05 20:19:43
3332,4468,1241,Wow,2025-12-09 22:44:38
3333,4382,1942,Agree,2025-11-12 20:27:35
3334,4020,517,Wow,2025-09-10 12:18:26
3335,5999,1821,Wow,2025-03-18 11:06:01
3336,1305,348,Agree,2025-09-18 15:21:24
3337,3497,913,Agree,2025-12-03 02:18:45
3338,6240,1250,Wow,2025-09-17 01:35:00
3339,2977,1651,Helpful,2025-11-27 09:11:56
3340,6375,1923,Agree,2025-10-30 13:49:49
3341,1226,1176,Sad,2025-10-22 22:50:45
3342,1657,630,Sad,2025-08-10 05:41:23
3343,4513,209,Wow,2025-02-05 23:07:40
3344,2181,992,Love,2025-07-20 01:27:55
3345,4232,1037,Sad,2025-10-06 18:19:21
3346,1926,149,Helpful,2025-03-14 15:57:34
3347,2360,330,Wow,2025-08-04 16:48:28
3348,2433,202,Thank,2025-06-23 03:44:03
3349,1246,671,Smile,2025-02-13 08:34:14
3350,757,987,Helpful,2025-08-31 17:29:41
3351,2813,2029,Smile,2025-07-18 17:13:28
3352,501,1365,Thank,2025-11-25 09:11:10
3353,2368,367,Smile,2025-08-27 14:52:00
3354,4255,1767,Smile,2025-03-09 21:13:49
3355,2339,1927,Wow,2025-11-16 23:34:59
3356,3918,1773,Thank,2025-11-06 08:24:38
3357,3112,1250,Helpful,2025-07-16 18:55:48
3358,2153,917,Sad,2025-11-19 16:13:53
3359,5156,1130,Smile,2025-08-10 03:19:26
3360,3718,777,Smile,2025-12-10 11:07:23
3361,3298,453,Helpful,2025-12-05 23:58:00
3362,3705,1470,Wow,2025-12-07 11:22:48
3363,1442,1756,Smile,2025-02-07 15:59:46
3364,5425,2076,Thank,2025-08-27 17:50:41
3365,5884,109,Wow,2025-08-02 08:51:38
3366,846,674,Sad,2025-09-16 23:48:49
3367,5415,1290,Love,2025-10-23 20:37:27
3368,5759,864,Wow,2025-10-26 08:05:24
3369,2813,1139,Helpful,2025-07-18 00:52:28
3370,3556,1538,Thank,2025-06-25 04:42:51
3371,2016,1647,Agree,2025-06-08 09:58:03
3372,5906,436,Smile,2025-09-21 04:21:08
3373,4654,249,Smile,2025-03-12 16:39:06
3374,1369,797,Thank,2025-10-12 13:17:22
3375,3804,489,Love,2025-12-01 23:21:21
3376,1383,796,Thank,2025-06-04 08:00:08
3377,3195,1054,Smile,2025-08-22 00:14:01
3378,5628,943,Sad,2025-04-02 20:04:39
3379,4336,1885,Thank,2025-11-30 22:33:19
3380,1924,1836,Agree,2025-10-27 12:27:39
3381,3603,1701,Agree,2025-09-15 21:42:23
3382,4157,227,Wow,2025-07-05 14:54:16
3383,6289,1264,Sad,2025-11-03 15:04:12
3384,705,734,Sad,2025-10-24 23:17:38
3385,1789,1949,Helpful,2025-10-04 11:37:58
3386,5363,1050,Smile,2025-05-07 11:06:58
3387,5749,572,Love,2025-07-11 11:04:38
3388,5577,1565,Sad,2025-06-19 11:33:16
3389,5336,1252,Smile,2025-05-30 08:38:44
3390,6416,440,Smile,2025-09-29 22:29:26
3391,5681,1570,Love,2025-03-12 05:08:14
3392,4947,893,Love,2025-09-06 21:39:23
3393,5999,603,Sad,2025-03-17 15:05:01
3394,3908,764,Sad,2025-03-23 22:37:07
3395,660,1158,Smile,2025-04-10 20:27:19
3396,2362,358,Helpful,2025-07-05 11:24:57
3397,1093,1890,Smile,2025-02-14 20:51:50
3398,1949,1363,Love,2025-08-13 00:12:21
3399,4072,916,Agree,2025-10-14 13:00:10
3400,1147,1468,Wow,2025-01-24 20:30:00
3401,4161,1168,Sad,2025-09-04 12:05:46
3402,698,2004,Sad,2025-04-11 18:22:24
3403,2440,275,Helpful,2025-03-17 08:34:01
3404,2821,1561,Love,2025-02-04 12:41:30
3405,6011,1881,Sad,2025-03-22 13:16:54
3406,5016,1648,Agree,2025-01-22 03:24:11
3407,6340,1068,Love,2025-11-21 15:18:55
3408,3237,908,Agree,2025-11-29 12:44:33
3409,1039,687,Thank,2025-11-10 13:25:37
3410,5889,772,Thank,2025-06-14 22:56:10
3411,5311,555,Thank,2025-10-21 22:11:08
3412,508,944,Love,2025-12-01 14:19:26
3413,3478,576,Smile,2025-04-24 11:10:52
3414,4934,275,Thank,2025-05-15 22:02:09
3415,3036,735,Smile,2025-08-30 15:53:43
3416,2412,1866,Love,2025-02-14 16:48:50
3417,5371,935,Wow,2025-10-24 21:52:14
3418,1748,311,Helpful,2025-02-25 16:10:05
3419,4736,1516,Smile,2025-10-23 21:51:50
3420,5416,2059,Sad,2025-11-13 13:17:42
3421,2653,1932,Smile,2025-03-04 14:08:12
3422,4768,1538,Wow,2025-06-24 03:19:05
3423,6302,381,Love,2025-11-18 20:18:55
3424,1764,718,Wow,2025-07-11 21:56:25
3425,4439,1924,Helpful,2025-08-17 04:13:32
3426,1665,439,Agree,2025-12-09 22:14:21
3427,5611,742,Wow,2025-10-06 01:14:02
3428,5611,273,Thank,2025-10-06 00:25:02
3429,2761,166,Sad,2025-11-08 05:32:55
3430,4778,1891,Smile,2025-08-05 08:07:09
3431,931,110,Sad,2025-06-27 20:02:50
3432,4383,1529,Love,2025-05-10 02:54:29
3433,1284,2052,Helpful,2025-11-20 13:11:28
3434,788,238,Love,2025-02-11 10:36:07
3435,1384,1958,Agree,2025-11-09 09:03:45
3436,1700,1884,Agree,2025-07-23 23:57:59
3437,885,1614,Sad,2025-11-13 11:52:11
3438,2801,1550,Wow,2025-04-15 15:43:08
3439,5876,1610,Helpful,2025-12-04 00:13:12
3440,5268,2042,Agree,2025-07-11 03:56:15
3441,6047,1626,Wow,2025-02-16 14:00:12
3442,4421,1670,Thank,2025-09-18 19:06:56
3443,2950,294,Thank,2025-09-19 17:45:50
3444,3193,430,Thank,2025-03-07 19:03:40
3445,5388,1285,Sad,2025-03-03 04:43:08
3446,6186,844,Love,2025-05-26 14:43:43
3447,2554,1003,Wow,2025-10-22 03:21:46
3448,4930,1955,Wow,2025-02-12 22:21:57
3449,2873,1464,Smile,2025-10-27 22:51:26
3450,1307,2059,Thank,2025-09-27 05:30:30
3451,1588,1386,Love,2025-09-09 20:11:50
3452,3464,112,Wow,2025-05-29 16:21:30
3453,5165,314,Wow,2025-08-29 16:35:35
3454,2976,1387,Wow,2025-09-22 09:38:33
3455,2983,538,Smile,2025-05-27 03:51:14
3456,2617,1831,Helpful,2025-03-08 13:25:34
3457,3682,1522,Helpful,2025-10-11 13:56:02
3458,6414,168,Helpful,2025-03-26 17:51:54
3459,3985,353,Helpful,2025-08-18 17:04:16
3460,4349,472,Sad,2025-02-12 02:03:27
3461,545,1106,Sad,2025-11-03 17:42:10
3462,871,1501,Love,2025-10-11 08:20:44
3463,2554,925,Helpful,2025-10-22 01:02:46
3464,6173,1225,Wow,2025-07-13 15:23:23
3465,4265,867,Smile,2025-07-16 07:03:12
3466,1799,168,Thank,2025-10-17 18:15:59
3467,3789,238,Sad,2025-09-27 22:31:03
3468,5417,1935,Thank,2025-11-03 16:34:35
3469,4856,1212,Sad,2025-01-14 02:10:11
3470,5036,826,Thank,2025-05-04 18:22:04
3471,4987,168,Love,2025-10-03 14:54:53
3472,887,196,Smile,2025-11-02 12:43:09
3473,4173,125,Helpful,2025-11-13 19:00:32
3474,5831,200,Sad,2025-08-21 23:55:28
3475,715,288,Love,2025-03-01 10:53:15
3476,2034,559,Sad,2025-01-20 23:18:11
3477,3026,2021,Smile,2025-05-28 12:55:48
3478,3939,1267,Sad,2025-08-19 23:26:06
3479,4646,564,Smile,2025-05-28 22:28:35
3480,4454,1856,Smile,2025-10-13 23:00:33
3481,4048,1374,Wow,2025-08-31 12:04:44
3482,5272,1258,Sad,2025-07-30 21:44:31
3483,4819,1852,Thank,2025-11-29 20:11:20
3484,3260,164,Sad,2025-04-24 12:39:15
3485,4463,573,Sad,2025-12-13 12:33:48
3486,565,2058,Helpful,2025-07-15 14:11:00
3487,2058,268,Wow,2025-02-16 12:54:01
3488,5451,1158,Sad,2025-03-29 11:17:23
3489,1634,1500,Sad,2025-11-03 06:57:29
3490,6294,1945,Thank,2025-07-23 11:23:49
3491,1630,2089,Wow,2025-12-09 04:15:00
3492,5296,1204,Agree,2025-10-21 19:26:42
3493,2027,1717,Helpful,2025-08-26 17:42:37
3494,1150,1297,Sad,2025-10-03 04:08:41
3495,5148,295,Helpful,2025-09-07 08:15:07
3496,2470,818,Agree,2025-06-23 09:46:29
3497,3348,823,Thank,2025-04-01 02:12:39
3498,4175,1296,Sad,2025-01-31 15:33:50
3499,6200,1210,Smile,2025-04-09 20:34:32
3500,5654,1620,Wow,2025-10-03 10:22:01
3501,2835,723,Helpful,2025-11-18 01:16:41
3502,5900,1350,Smile,2025-05-09 17:02:11
3503,1245,955,Thank,2025-07-30 19:37:26
3504,5819,646,Love,2025-11-02 05:55:19
3505,537,616,Sad,2025-11-07 12:29:10
3506,4189,1820,Thank,2025-12-09 09:20:45
3507,2355,1684,Helpful,2025-11-29 21:26:48
3508,3576,694,Agree,2025-07-07 23:24:45
3509,3103,1191,Agree,2025-10-14 17:29:48
3510,3637,2065,Thank,2025-01-02 08:57:58
3511,3289,1567,Sad,2025-05-23 17:37:21
3512,2345,528,Smile,2025-10-27 04:17:38
3513,1030,1855,Love,2025-06-18 08:18:09
3514,3667,1392,Sad,2025-04-02 14:45:58
3515,776,178,Thank,2025-03-06 13:30:23
3516,2777,846,Agree,2025-10-22 21:55:13
3517,6477,581,Smile,2025-11-30 03:06:58
3518,2638,781,Sad,2025-09-25 10:59:00
3519,737,1857,Love,2025-03-02 22:28:58
3520,2535,630,Wow,2025-02-20 13:39:25
3521,2355,1447,Agree,2025-11-30 15:21:48
3522,2736,776,Sad,2025-06-04 16:30:01
3523,1209,1651,Sad,2025-09-27 23:33:07
3524,6150,1799,Smile,2025-08-09 00:17:18
3525,5307,218,Smile,2025-03-01 15:49:58
3526,3833,318,Sad,2025-07-21 09:13:32
3527,1131,1890,Thank,2025-08-15 12:23:58
3528,2772,1107,Thank,2025-09-19 00:33:34
3529,1198,593,Agree,2025-08-19 15:29:21
3530,623,936,Agree,2025-05-25 14:57:30
3531,6200,499,Thank,2025-04-09 22:15:32
3532,1982,1871,Wow,2025-09-15 11:48:24
3533,5058,2035,Smile,2025-01-15 09:03:28
3534,3924,1162,Helpful,2025-10-20 01:21:40
3535,3144,263,Helpful,2025-07-25 09:52:02
3536,6457,680,Love,2025-12-04 04:46:31
3537,4001,1278,Helpful,2025-07-03 03:41:45
3538,3718,1655,Helpful,2025-12-10 10:48:23
3539,811,1952,Agree,2025-09-19 01:33:05
3540,3346,390,Helpful,2025-04-06 09:06:25
3541,5100,109,Thank,2025-09-13 14:15:27
3542,5224,556,Smile,2025-06-13 23:28:57
3543,4849,2034,Wow,2025-12-07 22:35:42
3544,3441,1459,Sad,2025-11-06 02:44:24
3545,1215,1822,Love,2025-07-01 01:52:40
3546,5021,266,Smile,2025-07-13 19:41:55
3547,6470,1520,Wow,2025-10-28 07:52:16
3548,5037,360,Thank,2025-08-22 15:19:49
3549,1904,1623,Agree,2025-12-04 02:26:28
3550,603,1504,Sad,2025-10-29 02:24:13
3551,2284,1774,Helpful,2025-03-15 02:36:27
3552,5875,947,Sad,2025-10-28 14:16:23
3553,5714,885,Smile,2025-06-15 23:06:39
3554,2608,2007,Smile,2025-05-20 16:01:43
3555,5039,434,Sad,2025-09-17 14:16:04
3556,5844,1944,Agree,2025-09-03 18:20:26
3557,2983,1731,Agree,2025-05-27 01:46:14
3558,3621,1529,Sad,2025-11-03 23:43:30
3559,1683,1977,Love,2025-03-21 23:44:44
3560,5619,1553,Love,2025-02-28 15:04:36
3561,6335,1216,Smile,2025-11-22 06:36:06
3562,5546,931,Love,2025-08-14 18:23:09
3563,3430,1312,Thank,2025-05-31 21:43:44
3564,2799,1179,Love,2025-06-22 21:02:27
3565,3608,827,Love,2025-10-13 17:00:20
3566,4114,663,Wow,2025-04-06 12:56:23
3567,5130,793,Thank,2025-03-20 06:17:05
3568,2266,1133,Wow,2025-11-29 18:32:38
3569,1659,1553,Wow,2025-06-07 21:21:09
3570,985,235,Smile,2025-11-25 22:49:14
3571,6453,268,Wow,2025-06-07 11:24:24
3572,2973,1994,Helpful,2025-08-30 20:11:42
3573,2228,1066,Smile,2025-09-27 02:29:05
3574,4612,1548,Love,2025-10-27 15:12:27
3575,3379,1458,Love,2025-08-07 23:05:47
3576,5720,1799,Agree,2025-10-08 21:31:41
3577,4309,1390,Love,2025-11-17 19:25:25
3578,888,863,Sad,2025-10-17 06:58:23
3579,2059,1291,Sad,2025-08-31 02:48:10
3580,5637,222,Smile,2025-10-16 17:12:06
3581,3731,953,Love,2025-11-10 07:24:42
3582,2917,376,Smile,2025-10-06 05:22:36
3583,1392,1315,Wow,2025-06-09 22:18:37
3584,4689,1112,Agree,2025-02-25 23:19:27
3585,729,1150,Wow,2025-04-02 13:53:57
3586,4309,559,Love,2025-11-17 22:40:25
3587,5473,1990,Love,2025-05-22 23:52:21
3588,6108,1253,Wow,2025-10-26 01:06:48
3589,904,939,Smile,2025-05-22 11:14:21
3590,3116,1252,Smile,2025-08-07 09:43:15
3591,2330,976,Wow,2025-04-28 08:04:07
3592,4004,524,Thank,2025-10-08 10:53:06
3593,2575,1983,Agree,2025-04-20 00:17:27
3594,563,533,Sad,2025-07-01 12:00:15
3595,3351,1063,Helpful,2025-07-07 00:05:16
3596,4584,474,Sad,2025-06-21 12:52:32
3597,4633,889,Thank,2025-12-12 01:18:37
3598,6388,1155,Love,2025-11-09 15:23:22
3599,4937,738,Helpful,2025-06-29 00:19:52
3600,3514,961,Thank,2025-09-05 22:32:35
3601,1890,988,Wow,2025-04-12 13:41:16
3602,690,1120,Sad,2025-09-22 17:19:38
3603,3091,1781,Sad,2025-07-25 07:54:24
3604,4855,2023,Smile,2025-08-25 22:42:46
3605,5364,1753,Smile,2025-07-13 03:02:05
3606,3868,457,Wow,2025-02-26 10:13:41
3607,5975,819,Sad,2025-02-28 11:16:11
3608,3030,420,Thank,2025-09-16 08:12:35
3609,3989,416,Sad,2025-08-28 08:46:03
3610,2356,1430,Sad,2025-09-19 21:45:09
3611,3150,1258,Wow,2025-05-19 17:08:06
3612,880,1928,Sad,2025-09-12 07:24:45
3613,6299,1764,Sad,2025-11-08 23:27:30
3614,3725,1124,Agree,2025-10-03 19:45:26
3615,1521,1391,Helpful,2025-09-05 22:47:01
3616,653,1922,Agree,2025-05-01 05:11:59
3617,3492,1733,Sad,2025-05-10 00:46:05
3618,5618,1983,Sad,2025-09-25 23:55:35
3619,3619,1685,Thank,2025-08-01 11:39:13
3620,658,1680,Love,2025-09-12 23:12:59
3621,1278,1668,Sad,2025-06-29 16:41:15
3622,3219,2085,Smile,2025-05-17 20:52:29
3623,3061,1367,Wow,2025-08-08 20:16:03
3624,1640,368,Helpful,2025-05-19 09:36:38
3625,2663,472,Love,2025-04-27 14:53:53
3626,6156,1354,Thank,2025-07-14 14:06:28
3627,3781,1773,Sad,2025-06-12 14:51:33
3628,5618,1038,Agree,2025-09-26 08:42:35
3629,5236,1032,Agree,2025-08-01 01:15:45
3630,4316,433,Agree,2025-07-23 20:27:15
3631,860,539,Thank,2025-11-22 00:30:10
3632,5088,1875,Helpful,2025-05-07 01:56:36
3633,3592,1470,Helpful,2025-01-12 02:01:39
3634,1368,1513,Sad,2025-01-13 00:58:36
3635,6399,1615,Sad,2025-11-07 11:16:43
3636,1180,913,Sad,2025-08-28 03:12:29
3637,5220,1018,Wow,2025-08-25 08:12:22
3638,2528,1616,Thank,2025-05-30 17:48:43
3639,1546,388,Sad,2025-10-10 14:48:23
3640,4953,1174,Wow,2025-12-09 10:03:38
3641,3412,1648,Wow,2025-06-28 06:16:04
3642,4050,101,Agree,2025-10-28 10:31:33
3643,2104,737,Smile,2025-10-29 10:55:07
3644,1290,1975,Sad,2025-11-13 23:09:21
3645,5546,1988,Agree,2025-08-14 03:25:09
3646,3894,291,Sad,2025-11-25 19:27:41
3647,1116,2081,Thank,2025-03-15 13:40:15
3648,1339,1836,Thank,2025-03-15 00:01:31
3649,1300,513,Love,2025-08-04 09:49:46
3650,3380,1827,Sad,2025-01-01 23:15:34
3651,4712,346,Helpful,2025-04-01 23:05:32
3652,4130,106,Smile,2025-03-07 06:28:20
3653,5898,1126,Agree,2025-11-16 19:07:04
3654,4887,1359,Agree,2025-03-26 21:41:43
3655,4949,1052,Wow,2025-06-28 01:46:12
3656,5830,657,Thank,2025-09-30 05:15:05
3657,3343,1075,Wow,2025-07-18 19:43:01
3658,4134,1161,Thank,2025-09-21 15:47:43
3659,4647,1054,Sad,2025-03-31 17:07:05
3660,1529,1281,Wow,2025-02-27 01:16:24
3661,3791,1692,Helpful,2025-04-28 04:01:27
3662,2115,1863,Agree,2025-11-17 22:49:17
3663,1097,1267,Thank,2025-09-22 18:46:40
3664,4526,1857,Agree,2025-02-01 16:23:16
3665,5783,1095,Wow,2025-03-01 23:01:07
3666,4057,355,Wow,2025-02-16 23:03:53
3667,5542,654,Sad,2025-03-13 07:16:22
3668,1139,509,Wow,2025-09-11 22:56:19
3669,4845,1195,Sad,2025-11-08 19:14:32
3670,4912,1241,Helpful,2025-09-09 00:30:43
3671,2712,1012,Thank,2025-11-28 12:43:37
3672,5657,1668,Smile,2025-10-13 23:13:07
3673,1046,275,Helpful,2025-12-04 15:07:27
3674,4472,538,Thank,2025-05-19 02:44:03
3675,3204,1731,Love,2025-10-07 13:17:28
3676,4890,1994,Thank,2025-05-23 09:06:59
3677,2784,1411,Thank,2025-09-14 04:53:43
3678,1650,1556,Smile,2025-10-06 03:27:59
3679,6194,534,Wow,2025-08-23 23:32:49
3680,6249,1491,Helpful,2025-06-25 16:06:48
3681,4972,1255,Thank,2025-06-25 23:56:16
3682,2087,2034,Wow,2025-10-21 22:32:24
3683,4734,1119,Wow,2025-12-11 12:43:33
3684,1326,1976,Agree,2025-06-25 19:51:55
3685,3174,1016,Helpful,2025-03-21 14:59:05
3686,2660,532,Smile,2025-11-30 20:28:05
3687,2424,1829,Agree,2025-01-05 19:49:49
3688,5652,708,Thank,2025-05-17 23:19:30
3689,3738,359,Helpful,2025-07-25 10:18:54
3690,5361,310,Helpful,2025-10-12 16:29:53
3691,6294,2076,Wow,2025-07-24 03:18:49
3692,4587,1190,Sad,2025-11-13 12:45:06
3693,4694,1703,Helpful,2025-06-02 18:50:24
3694,2749,357,Smile,2025-09-19 00:07:56
3695,6182,1745,Helpful,2025-03-23 20:38:15
3696,4057,790,Helpful,2025-02-17 07:02:53
3697,2161,1730,Love,2025-11-20 03:55:52
3698,3904,306,Thank,2025-09-23 18:31:03
3699,5940,1148,Agree,2025-09-17 23:13:50
3700,5120,491,Helpful,2025-06-24 17:56:49
3701,3302,1701,Helpful,2025-07-24 01:16:13
3702,5707,1191,Smile,2025-06-07 02:27:49
3703,1653,1280,Smile,2025-02-08 01:54:13
3704,2375,192,Agree,2025-06-16 03:59:49
3705,4229,1785,Love,2025-05-13 23:41:02
3706,1478,874,Agree,2025-05-24 17:32:24
3707,2107,1766,Love,2025-08-04 17:53:56
3708,5796,1988,Love,2025-07-25 07:33:03
3709,4703,1264,Wow,2025-12-06 19:32:06
3710,6270,342,Helpful,2025-08-26 07:50:26
3711,3480,1560,Helpful,2025-12-04 22:05:41
3712,2049,935,Agree,2025-09-24 02:05:19
3713,5405,1574,Wow,2025-05-31 18:32:52
3714,4518,1932,Helpful,2025-12-05 22:02:03
3715,4128,247,Helpful,2025-04-27 07:29:55
3716,2795,1992,Thank,2025-12-07 21:18:07
3717,1255,1144,Helpful,2025-10-10 22:44:55
3718,5807,272,Thank,2025-12-04 09:42:34
3719,1786,1953,Wow,2025-05-10 01:08:04
3720,4334,623,Smile,2025-01-30 02:03:20
3721,1917,2071,Sad,2025-10-17 02:02:30
3722,5965,883,Agree,2025-05-22 03:13:42
3723,2003,408,Wow,2025-05-30 01:15:59
3724,1943,924,Helpful,2025-05-19 14:51:49
3725,4178,611,Thank,2025-07-07 11:52:13
3726,2325,963,Sad,2025-08-05 09:24:10
3727,1341,1520,Sad,2025-04-14 10:20:29
3728,4857,614,Love,2025-11-01 10:47:31
3729,2337,1659,Agree,2025-06-19 01:11:35
3730,4010,1804,Smile,2025-09-14 22:56:38
3731,5958,1537,Love,2025-04-12 17:27:32
3732,4953,1395,Wow,2025-12-09 09:48:38
3733,3463,1471,Agree,2025-12-03 01:15:58
3734,1309,669,Wow,2025-11-17 12:44:37
3735,4750,1526,Thank,2025-04-30 04:43:44
3736,724,1697,Helpful,2025-05-28 07:15:24
3737,6467,2027,Agree,2025-07-18 14:49:26
3738,1715,1429,Smile,2025-10-19 02:15:18
3739,5393,1062,Helpful,2025-11-19 13:29:43
3740,1383,1933,Agree,2025-06-05 00:20:08
3741,3318,1846,Love,2025-02-26 12:00:34
3742,6209,1875,Wow,2025-09-25 08:27:43
3743,6342,849,Agree,2025-05-14 17:48:54
3744,4681,1960,Helpful,2025-01-01 09:32:14
3745,5885,1810,Helpful,2025-02-24 17:27:12
3746,4606,1709,Agree,2025-05-19 11:59:19
3747,2549,197,Wow,2025-02-26 00:01:42
3748,4885,566,Helpful,2025-11-02 21:01:10
3749,1384,1474,Smile,2025-11-08 23:29:45
3750,3893,1233,Thank,2025-07-10 02:09:05
3751,5313,1709,Smile,2025-05-23 20:04:14
3752,4616,798,Wow,2025-04-27 00:48:13
3753,2895,1470,Smile,2025-10-29 16:33:05
3754,4353,1699,Agree,2025-07-30 18:39:33
3755,4282,1803,Smile,2025-02-18 14:55:23
3756,2236,1603,Wow,2025-10-26 10:12:39
3757,6326,1582,Love,2025-10-13 07:19:45
3758,3267,535,Love,2025-10-04 07:39:14
3759,4032,1331,Helpful,2025-04-10 17:33:30
3760,4877,110,Thank,2025-11-11 19:42:31
3761,5080,135,Thank,2025-03-30 04:58:37
3762,5888,1904,Thank,2025-05-09 23:39:48
3763,2016,2078,Thank,2025-06-08 08:42:03
3764,728,1438,Helpful,2025-03-31 21:37:27
3765,3586,374,Thank,2025-09-06 10:42:47
3766,3242,1704,Agree,2025-06-14 11:06:56
3767,2106,1738,Helpful,2025-07-02 17:45:31
3768,1353,374,Wow,2025-08-17 22:24:47
3769,3350,1914,Thank,2025-09-22 22:36:34
3770,1562,252,Love,2025-04-29 19:20:57
3771,2274,1233,Agree,2025-10-31 22:30:06
3772,2544,380,Wow,2025-03-28 09:56:49
3773,3262,1702,Agree,2025-08-13 16:27:44
3774,4477,1079,Wow,2025-08-06 23:59:17
3775,3674,212,Helpful,2025-09-25 09:15:45
3776,2388,1283,Wow,2025-06-10 08:05:42
3777,4785,104,Thank,2025-05-20 01:05:54
3778,949,1462,Sad,2025-10-06 14:59:47
3779,4728,1555,Smile,2025-07-08 02:41:12
3780,1277,1036,Sad,2025-12-07 05:35:04
3781,3442,1615,Love,2025-03-18 17:50:26
3782,6465,513,Smile,2025-10-06 13:03:51
3783,4458,1288,Thank,2025-07-15 11:43:50
3784,3933,381,Wow,2025-04-01 10:47:58
3785,4765,928,Love,2025-10-12 14:10:49
3786,6197,818,Helpful,2025-09-12 01:59:34
3787,4172,293,Agree,2025-01-22 13:49:32
3788,1747,103,Agree,2025-10-27 07:40:03
3789,1437,1998,Love,2025-01-14 11:29:56
3790,3980,2019,Sad,2025-11-16 02:38:10
3791,2680,1563,Agree,2025-02-26 20:22:31
3792,3096,946,Sad,2025-10-11 21:33:18
3793,1195,1814,Helpful,2025-01-31 03:02:49
3794,2953,1955,Helpful,2025-10-25 22:32:52
3795,1857,582,Agree,2025-10-28 21:40:58
3796,1643,1692,Thank,2025-07-09 23:24:00
3797,4592,362,Wow,2025-07-03 20:57:15
3798,1564,980,Agree,2025-05-02 10:46:53
3799,3570,561,Agree,2025-09-07 22:25:30
3800,3649,401,Love,2025-11-09 18:58:01
3801,6231,381,Helpful,2025-09-21 20:37:14
3802,4286,413,Wow,2025-07-17 11:05:22
3803,1238,1171,Thank,2025-02-24 11:00:36
3804,1772,1151,Helpful,2025-06-08 23:36:28
3805,6409,1151,Sad,2025-09-13 02:28:05
3806,2661,649,Thank,2025-07-20 01:52:29
3807,5871,133,Smile,2025-02-08 23:42:57
3808,2519,1561,Wow,2025-07-27 23:28:38
3809,4723,815,Agree,2025-10-06 22:21:39
3810,6432,266,Smile,2025-10-16 03:33:22
3811,4946,1074,Agree,2025-04-23 15:29:47
3812,572,1899,Agree,2025-11-13 19:40:40
3813,3467,1255,Love,2025-08-19 12:46:07
3814,1933,962,Love,2025-06-01 23:47:02
3815,2373,452,Thank,2025-09-16 04:30:26
3816,1114,620,Sad,2025-11-06 05:32:36
3817,771,245,Sad,2025-01-07 22:15:18
3818,1713,1936,Wow,2025-07-14 03:59:18
3819,3630,275,Agree,2025-06-22 14:29:36
3820,5341,1495,Agree,2025-10-18 06:25:00
3821,1365,1407,Thank,2025-11-27 03:34:12
3822,4253,581,Sad,2025-04-26 03:02:47
3823,4643,1045,Thank,2025-03-29 13:43:33
3824,1901,1400,Thank,2025-08-10 19:08:26
3825,1123,2015,Love,2025-05-03 22:42:36
3826,2347,2078,Thank,2025-03-11 20:47:09
3827,1547,993,Sad,2025-11-15 21:48:04
3828,2427,1026,Helpful,2025-06-26 05:57:46
3829,5311,1376,Smile,2025-10-21 17:16:08
3830,4706,1166,Agree,2025-02-01 21:32:10
3831,3577,655,Thank,2025-07-14 10:23:10
3832,1527,158,Smile,2025-10-02 17:20:53
3833,5334,551,Love,2025-11-23 08:29:29
3834,1851,551,Thank,2025-05-15 13:13:18
3835,4433,574,Sad,2025-05-13 11:12:33
3836,2917,2015,Love,2025-10-06 10:48:36
3837,2445,1733,Smile,2025-02-21 16:04:50
3838,3734,1417,Agree,2025-10-27 10:31:11
3839,3312,801,Sad,2025-12-01 08:59:46
3840,5598,1431,Wow,2025-06-17 12:48:44
3841,886,1441,Sad,2025-03-15 23:00:22
3842,3598,1841,Sad,2025-10-29 21:49:24
3843,5837,825,Love,2025-12-04 11:31:16
3844,712,2030,Sad,2025-08-24 11:35:29
3845,2219,458,Helpful,2025-03-15 18:43:50
3846,2099,256,Love,2025-06-26 14:45:40
3847,872,1057,Wow,2025-05-31 03:03:08
3848,3351,2021,Agree,2025-07-06 13:38:16
3849,2742,951,Agree,2025-04-16 22:33:59
3850,3928,974,Agree,2025-10-23 22:00:37
3851,1981,1228,Thank,2025-11-05 16:59:05
3852,1762,862,Sad,2025-12-09 22:08:02
3853,5021,686,Sad,2025-07-13 12:38:55
3854,2083,808,Thank,2025-12-05 04:53:36
3855,2788,734,Sad,2025-07-21 10:33:15
3856,949,1056,Smile,2025-10-06 20:55:47
3857,3793,321,Wow,2025-04-05 14:39:05
3858,833,670,Smile,2025-03-19 10:08:11
3859,5722,359,Agree,2025-10-07 14:51:06
3860,2991,973,Love,2025-09-08 07:22:04
3861,6347,1281,Sad,2025-10-26 03:48:48
3862,2757,1371,Smile,2025-07-10 03:45:29
3863,5001,190,Love,2025-09-14 11:49:32
3864,2676,1745,Love,2025-06-10 06:06:30
3865,1419,1658,Love,2025-10-02 02:04:54
3866,1042,1797,Thank,2025-12-10 12:55:20
3867,2944,166,Sad,2025-12-15 01:23:03
3868,1358,1286,Wow,2025-06-25 03:42:15
3869,3992,1915,Love,2025-12-08 19:28:09
3870,2801,177,Agree,2025-04-15 15:50:08
3871,4802,1063,Agree,2025-10-02 17:15:31
3872,5339,1438,Helpful,2025-08-25 22:46:41
3873,1847,1191,Love,2025-08-17 23:43:00
3874,2181,1705,Agree,2025-07-20 05:12:55
3875,5244,1014,Wow,2025-10-30 14:08:45
3876,1935,1355,Love,2025-10-22 00:34:20
3877,2156,1485,Wow,2025-02-07 22:19:10
3878,4927,1716,Thank,2025-08-13 03:35:06
3879,4696,811,Love,2025-04-10 00:18:46
3880,2339,1494,Sad,2025-11-16 23:40:59
3881,4381,1455,Love,2025-08-19 11:48:16
3882,912,531,Sad,2025-05-03 18:21:56
3883,1247,1687,Agree,2025-11-22 17:24:39
3884,5659,393,Smile,2025-10-21 10:10:13
3885,6195,1497,Smile,2025-03-06 17:40:34
3886,6296,1883,Love,2025-11-22 02:38:43
3887,2142,1433,Sad,2025-07-20 23:05:21
3888,3413,696,Smile,2025-10-14 07:47:41
3889,1129,1483,Smile,2025-10-16 07:09:38
3890,5167,840,Smile,2025-08-17 13:05:58
3891,2560,950,Helpful,2025-08-06 11:51:03
3892,2253,1033,Wow,2025-08-17 21:07:41
3893,1304,127,Thank,2025-07-22 20:59:18
3894,4756,489,Agree,2025-01-21 17:04:08
3895,3325,933,Thank,2025-05-26 18:03:12
3896,4582,1330,Sad,2025-06-30 02:30:58
3897,1965,213,Love,2025-04-30 15:48:21
3898,1596,1930,Smile,2025-09-26 14:31:18
3899,6085,1635,Sad,2025-01-04 16:56:42
3900,1910,392,Smile,2025-03-08 20:44:18
3901,3027,1366,Smile,2025-06-19 20:48:07
3902,1318,1930,Sad,2025-07-18 21:19:02
3903,1815,1357,Sad,2025-05-19 17:49:44
3904,1049,944,Wow,2025-10-18 22:27:33
3905,2813,814,Love,2025-07-17 22:43:28
3906,3466,544,Sad,2025-09-15 20:17:18
3907,1600,1482,Helpful,2025-05-26 10:16:20
3908,4653,1353,Helpful,2025-12-13 00:42:50
3909,3233,618,Sad,2025-05-14 22:38:45
3910,3619,1727,Love,2025-08-01 10:21:13
3911,2124,1535,Wow,2025-08-24 02:04:30
3912,1762,1930,Agree,2025-12-10 00:05:02
3913,1757,1972,Wow,2025-10-28 15:14:02
3914,2794,603,Agree,2025-05-02 10:57:27
3915,3531,2053,Love,2025-09-04 17:35:00
3916,4859,103,Wow,2025-08-25 15:25:27
3917,2582,1749,Agree,2025-02-24 16:31:16
3918,5333,973,Agree,2025-09-19 14:32:51
3919,3640,562,Wow,2025-09-01 18:30:07
3920,4315,1211,Sad,2025-11-12 14:24:05
3921,2062,1307,Helpful,2025-09-08 00:53:03
3922,1987,1860,Wow,2025-10-08 17:18:33
3923,2361,1462,Agree,2025-05-24 14:25:51
3924,2041,646,Helpful,2025-11-12 00:31:56
3925,1907,1627,Wow,2025-12-04 01:13:32
3926,3539,965,Wow,2025-10-20 22:05:07
3927,4924,416,Smile,2025-11-05 12:06:29
3928,946,282,Wow,2025-09-20 21:00:51
3929,2677,448,Love,2025-10-02 03:05:48
3930,1835,688,Sad,2025-08-27 03:24:39
3931,669,1229,Love,2025-09-08 00:57:07
3932,5458,1714,Love,2025-06-18 23:34:32
3933,1217,920,Agree,2025-03-13 09:31:23
3934,3029,2039,Agree,2025-09-17 03:38:11
3935,1853,1784,Wow,2025-10-27 12:25:50
3936,1819,615,Love,2025-09-29 03:58:09
3937,2840,1352,Agree,2025-08-10 01:51:46
3938,4664,1089,Helpful,2025-05-28 07:47:36
3939,5193,320,Helpful,2025-07-13 01:19:13
3940,1399,1167,Sad,2025-06-26 15:56:39
3941,2035,1798,Thank,2025-09-07 07:48:27
3942,990,1328,Helpful,2025-11-04 14:11:15
3943,4326,373,Agree,2025-10-12 22:44:56
3944,5568,1704,Smile,2025-10-04 06:24:23
3945,2662,805,Thank,2025-04-23 14:24:20
3946,4492,1650,Smile,2025-02-05 13:48:13
3947,3807,375,Agree,2025-01-20 13:18:59
3948,1528,674,Thank,2025-08-06 00:12:48
3949,1140,1746,Wow,2025-09-05 16:23:06
3950,5664,1561,Smile,2025-03-19 07:15:09
3951,3292,1814,Sad,2025-10-02 13:39:56
3952,1159,1667,Agree,2025-03-16 21:45:55
3953,1401,1694,Sad,2025-04-25 08:17:15
3954,3617,876,Wow,2025-04-30 18:53:34
3955,2227,161,Wow,2025-10-13 19:16:37
3956,5051,1321,Agree,2025-10-01 18:03:25
3957,4957,1347,Love,2025-07-04 15:49:14
3958,4218,1263,Smile,2025-10-12 12:40:39
3959,1763,940,Sad,2025-02-12 05:16:33
3960,2959,1563,Smile,2025-05-06 10:43:19
3961,3433,1032,Smile,2025-09-02 19:52:49
3962,2754,1792,Smile,2025-05-26 23:31:26
3963,2057,1006,Love,2025-04-07 00:35:09
3964,2453,1591,Agree,2025-09-05 07:16:18
3965,615,2005,Agree,2025-07-01 16:08:25
3966,2217,1685,Love,2025-06-21 12:39:05
3967,6061,1955,Thank,2025-10-07 20:16:11
3968,4041,781,Love,2025-01-19 22:19:26
3969,3337,1882,Wow,2025-11-04 22:17:03
3970,6281,2015,Thank,2025-06-18 13:40:22
3971,525,1336,Agree,2025-11-21 12:43:15
3972,5900,596,Love,2025-05-09 21:58:11
3973,3440,344,Thank,2025-03-13 05:31:16
3974,4218,622,Agree,2025-10-11 21:13:39
3975,6337,116,Helpful,2025-04-21 13:30:05
3976,4542,477,Agree,2025-02-08 02:46:22
3977,5914,731,Sad,2025-09-17 18:47:15
3978,3617,1373,Agree,2025-04-29 23:50:34
3979,4765,484,Agree,2025-10-12 01:44:49
3980,2801,506,Thank,2025-04-15 15:05:08
3981,5790,1557,Love,2025-09-14 01:05:50
3982,4697,2039,Thank,2025-09-30 14:16:49
3983,4135,465,Sad,2025-05-25 16:42:26
3984,3075,1153,Agree,2025-07-21 01:29:00
3985,5634,1412,Wow,2025-10-07 08:07:04
3986,4881,1948,Smile,2025-08-07 04:34:10
3987,5089,1522,Agree,2025-05-09 03:22:40
3988,1626,1240,Wow,2025-02-06 21:19:24
3989,3726,1719,Helpful,2025-08-25 15:12:37
3990,4097,1761,Thank,2025-04-30 23:28:35
3991,5951,1544,Thank,2025-12-11 11:04:10
3992,3048,812,Love,2025-09-15 14:04:05
3993,4920,131,Smile,2025-10-19 23:32:12
3994,5719,992,Helpful,2025-03-22 10:47:19
3995,2452,1414,Agree,2025-07-22 02:09:14
3996,4978,289,Thank,2025-02-02 10:46:54
3997,4821,1553,Helpful,2025-08-08 08:23:31
3998,4856,1674,Thank,2025-01-14 01:53:11
3999,1262,1558,Agree,2025-12-05 21:48:31
4000,6410,1458,Sad,2025-02-11 23:45:29
4001,3247,174,Sad,2025-01-15 00:38:07
4002,5708,929,Agree,2025-10-03 06:16:52
4003,3255,1117,Smile,2025-09-16 18:33:56
4004,1301,1546,Love,2025-01-16 15:52:25
4005,1586,1406,Love,2025-11-27 23:04:31
4006,1197,129,Sad,2025-05-29 20:09:31
4007,3814,2082,Love,2025-07-06 06:02:45
4008,6328,1213,Thank,2025-06-16 17:46:53
4009,4073,364,Helpful,2025-01-08 09:38:33
4010,2198,1109,Wow,2025-08-26 11:12:24
4011,5633,2084,Thank,2025-10-29 22:43:06
4012,3474,1520,Love,2025-03-18 01:30:13
4013,5332,413,Helpful,2025-07-01 01:08:17
4014,2574,1719,Wow,2025-11-19 16:41:30
4015,5014,2077,Sad,2025-07-05 04:16:33
4016,5562,390,Thank,2025-07-12 01:49:41
4017,3461,1257,Helpful,2025-11-21 02:49:00
4018,4528,815,Love,2025-08-18 04:31:02
4019,1481,1313,Agree,2025-04-07 20:48:10
4020,2476,412,Love,2025-09-09 19:28:50
4021,5131,1259,Love,2025-02-17 14:02:16
4022,1227,228,Love,2025-03-10 03:05:45
4023,1991,1824,Wow,2025-09-13 07:01:10
4024,758,1746,Sad,2025-10-21 14:18:33
4025,6454,759,Smile,2025-03-20 23:20:53
4026,642,1900,Sad,2025-10-16 12:24:52
4027,3984,1405,Smile,2025-02-23 13:12:22
4028,2821,1089,Wow,2025-02-04 13:02:30
4029,1447,1799,Sad,2025-08-11 02:22:05
4030,718,326,Thank,2025-05-07 12:45:17
4031,2394,1009,Agree,2025-08-31 13:59:50
4032,6038,753,Sad,2025-05-19 13:04:43
4033,3872,1044,Wow,2025-10-10 19:03:52
4034,2239,1657,Agree,2025-09-28 06:21:25
4035,3610,815,Love,2025-10-19 03:36:26
4036,3715,208,Love,2025-10-10 00:06:18
4037,1302,105,Smile,2025-10-28 08:18:18
4038,4511,517,Sad,2025-02-12 23:18:54
4039,1367,1282,Love,2025-07-24 07:28:30
4040,2794,166,Sad,2025-05-02 09:46:27
4041,1415,1874,Sad,2025-07-05 20:47:06
4042,4566,281,Thank,2025-02-15 20:23:40
4043,1305,900,Thank,2025-09-18 14:31:24
4044,4832,1448,Wow,2025-12-09 08:44:12
4045,1639,1483,Love,2025-08-19 03:50:24
4046,5511,1953,Sad,2025-09-23 01:01:40
4047,3391,788,Love,2025-01-23 02:29:04
4048,3478,1411,Agree,2025-04-24 10:52:52
4049,1965,588,Helpful,2025-04-30 16:11:21
4050,5663,1263,Helpful,2025-02-28 23:40:36
4051,503,1745,Smile,2025-10-03 12:22:00
4052,1238,265,Sad,2025-02-24 16:12:36
4053,738,1163,Sad,2025-07-13 17:21:34
4054,5791,1865,Thank,2025-11-18 16:48:01
4055,4056,1671,Helpful,2025-08-11 00:06:57
4056,659,1012,Love,2025-12-09 21:03:31
4057,4783,553,Helpful,2025-08-17 16:22:30
4058,3160,1199,Love,2025-01-05 22:29:50
4059,3344,1124,Helpful,2025-08-27 21:04:28
4060,3997,1710,Thank,2025-10-25 02:07:02
4061,3371,1869,Agree,2025-05-23 17:17:19
4062,3226,280,Wow,2025-11-02 20:33:53
4063,1592,472,Smile,2025-07-06 19:35:20
4064,4599,727,Thank,2025-12-01 06:00:10
4065,4125,822,Smile,2025-06-11 19:00:37
4066,2975,1750,Helpful,2025-08-17 03:15:26
4067,5301,1313,Thank,2025-11-27 02:32:12
4068,4507,238,Smile,2025-08-25 01:04:02
4069,1770,1319,Love,2025-10-16 16:16:48
4070,2104,1742,Love,2025-10-29 18:35:07
4071,4512,1308,Wow,2025-08-18 00:33:57
4072,3522,1283,Agree,2025-06-02 20:49:10
4073,1493,2027,Thank,2025-07-20 12:39:01
4074,3229,1663,Love,2025-07-08 15:53:38
4075,4525,1188,Smile,2025-09-11 07:47:57
4076,4722,467,Love,2025-05-10 21:21:21
4077,5652,688,Helpful,2025-05-18 00:04:30
4078,2102,1285,Helpful,2025-06-26 00:08:11
4079,5110,332,Smile,2025-10-25 19:01:10
4080,6428,122,Wow,2025-04-26 18:36:20
4081,853,847,Sad,2025-03-10 15:21:42
4082,2367,448,Thank,2025-01-07 12:36:52
4083,873,1583,Love,2025-08-20 11:24:09
4084,6185,1939,Thank,2025-10-01 23:30:49
4085,3939,833,Sad,2025-08-19 21:43:06
4086,4358,1810,Smile,2025-11-18 11:40:10
4087,2164,600,Smile,2025-04-30 02:18:32
4088,3765,1651,Sad,2025-02-08 23:39:11
4089,4464,1632,Smile,2025-10-24 23:10:43
4090,6440,1710,Agree,2025-04-05 19:50:32
4091,2724,622,Wow,2025-07-22 11:31:03
4092,5565,238,Thank,2025-08-05 08:25:45
4093,5907,1087,Wow,2025-01-28 00:50:55
4094,1011,1499,Love,2025-10-30 00:56:28
4095,5081,1457,Love,2025-07-17 13:31:54
4096,4754,1039,Helpful,2025-06-15 05:24:12
4097,4990,982,Love,2025-02-27 21:11:33
4098,2962,1221,Thank,2025-05-08 13:18:03
4099,6461,1467,Helpful,2025-03-17 11:29:04
4100,3163,1966,Thank,2025-04-18 14:05:25
4101,3302,483,Love,2025-07-24 09:25:13
4102,1402,1652,Wow,2025-08-17 13:47:22
4103,3638,159,Love,2025-06-01 14:44:37
4104,2900,366,Smile,2025-07-25 19:50:46
4105,3351,1820,Sad,2025-07-06 16:43:16
4106,1196,1267,Smile,2025-12-01 17:11:00
4107,3106,584,Agree,2025-10-10 09:23:45
4108,1139,592,Wow,2025-09-11 22:16:19
4109,5371,1472,Thank,2025-10-24 15:38:14
4110,3571,484,Sad,2025-06-11 19:59:00
4111,5950,1744,Wow,2025-02-23 17:00:52
4112,6163,1161,Agree,2025-12-03 00:06:42
4113,4457,1876,Smile,2025-05-20 19:03:15
4114,6357,732,Agree,2025-06-22 14:00:15
4115,2280,422,Helpful,2025-07-18 12:47:08
4116,3134,396,Agree,2025-09-14 21:11:57
4117,2870,1079,Wow,2025-10-11 12:22:10
4118,6331,1445,Agree,2025-08-24 22:48:57
4119,2342,1765,Sad,2025-10-16 02:49:41
4120,3516,706,Thank,2025-03-07 16:23:16
4121,4724,706,Agree,2025-03-21 03:52:35
4122,6140,1055,Wow,2025-02-09 13:56:08
4123,3015,1289,Sad,2025-05-19 17:56:43
4124,5430,734,Helpful,2025-09-10 04:38:07
4125,3605,242,Sad,2025-02-22 20:42:56
4126,1302,253,Smile,2025-10-28 13:15:18
4127,2027,1640,Wow,2025-08-26 18:23:37
4128,1069,1663,Love,2025-07-19 17:18:21
4129,5807,1918,Love,2025-12-03 23:22:34
4130,3613,1861,Helpful,2025-08-04 13:43:44
4131,6406,503,Love,2025-01-30 18:59:53
4132,1515,106,Helpful,2025-07-19 14:00:35
4133,2530,597,Agree,2025-05-14 22:49:29
4134,5348,1743,Helpful,2025-11-11 04:52:36
4135,4068,1346,Thank,2025-03-28 19:07:49
4136,6426,1621,Thank,2025-04-30 13:05:47
4137,641,1598,Smile,2025-10-09 18:45:00
4138,3227,1188,Helpful,2025-02-18 15:03:10
4139,1581,1373,Sad,2025-09-21 12:28:51
4140,3031,399,Helpful,2025-06-29 23:04:02
4141,1129,608,Thank,2025-10-16 08:46:38
4142,2308,1274,Thank,2025-08-11 17:47:01
4143,1139,251,Thank,2025-09-11 23:52:19
4144,1804,203,Smile,2025-07-14 07:36:31
4145,995,1925,Helpful,2025-08-14 05:37:48
4146,5046,1524,Thank,2025-10-11 11:04:59
4147,3013,1268,Sad,2025-07-01 10:08:35
4148,5436,1398,Smile,2025-10-16 18:06:31
4149,5561,1527,Agree,2025-07-22 23:25:06
4150,3741,824,Smile,2025-10-24 15:24:46
4151,1869,1186,Agree,2025-09-28 10:47:32
4152,576,744,Wow,2025-12-06 16:08:45
4153,3280,1169,Sad,2025-05-06 10:24:25
4154,2434,230,Wow,2025-07-22 15:58:59
4155,2321,1745,Thank,2025-03-17 01:12:28
4156,3722,1191,Agree,2025-06-12 17:16:01
4157,1377,2096,Wow,2025-03-10 14:26:34
4158,5288,1975,Love,2025-07-24 21:14:54
4159,3171,1526,Sad,2025-09-26 01:30:33
4160,3896,1541,Wow,2025-05-06 09:08:39
4161,6299,456,Smile,2025-11-09 10:36:30
4162,1770,538,Smile,2025-10-17 09:57:48
4163,1143,644,Helpful,2025-06-17 03:26:44
4164,2694,1578,Thank,2025-01-02 10:40:47
4165,2615,1821,Love,2025-08-22 20:27:56
4166,2890,1328,Agree,2025-10-22 02:19:05
4167,3752,269,Wow,2025-02-10 10:49:09
4168,3495,1365,Agree,2025-07-28 04:58:50
4169,2471,1971,Sad,2025-11-16 19:54:11
4170,1576,1010,Helpful,2025-11-11 17:10:03
4171,646,866,Smile,2025-09-23 22:40:19
4172,5716,1476,Wow,2025-01-17 15:57:58
4173,833,581,Agree,2025-03-18 15:21:11
4174,3012,1223,Sad,2025-03-29 06:24:12
4175,5457,872,Helpful,2025-03-10 17:08:47
4176,3309,952,Helpful,2025-05-21 20:46:42
4177,1583,1124,Wow,2025-11-13 18:12:20
4178,1832,1342,Love,2025-10-01 05:25:45
4179,1247,715,Smile,2025-11-22 04:17:39
4180,3470,1867,Love,2025-01-18 23:26:55
4181,4137,416,Thank,2025-01-29 11:11:29
4182,955,1560,Wow,2025-10-11 03:25:19
4183,5408,1420,Agree,2025-05-07 01:45:23
4184,5474,113,Sad,2025-11-29 17:42:57
4185,807,1824,Sad,2025-11-24 01:09:33
4186,1065,798,Wow,2025-05-19 00:38:08
4187,3082,1555,Helpful,2025-08-27 14:09:47
4188,1711,1532,Helpful,2025-10-22 21:49:52
4189,3463,834,Wow,2025-12-03 01:43:58
4190,1265,493,Smile,2025-11-03 18:20:14
4191,5521,1048,Thank,2025-01-16 19:27:31
4192,5520,570,Wow,2025-10-29 08:54:10
4193,5477,296,Agree,2025-09-06 08:13:00
4194,1252,1855,Helpful,2025-02-02 07:22:15
4195,4692,326,Wow,2025-08-22 20:13:42
4196,763,1837,Agree,2025-03-08 19:19:19
4197,4696,842,Agree,2025-04-10 02:32:46
4198,1666,797,Sad,2025-07-18 11:51:37
4199,1631,607,Smile,2025-06-20 02:27:06
4200,2703,1542,Wow,2025-02-20 20:18:49
4201,5109,283,Sad,2025-06-10 13:46:42
4202,4148,679,Love,2025-04-26 19:42:03
4203,2955,1444,Agree,2025-05-09 11:00:33
4204,1647,630,Helpful,2025-06-13 00:03:26
4205,5192,470,Helpful,2025-08-03 06:55:54
4206,5096,1789,Sad,2025-08-15 12:16:39
4207,3172,1532,Agree,2025-02-11 20:34:55
4208,6248,1738,Agree,2025-11-09 06:44:58
4209,5736,117,Love,2025-05-30 13:31:03
4210,2588,811,Wow,2025-03-21 02:53:53
4211,2131,1230,Sad,2025-07-08 03:48:54
4212,1739,1737,Sad,2025-03-28 14:21:32
4213,1361,987,Wow,2025-02-13 02:35:25
4214,4467,1576,Sad,2025-10-20 19:46:27
4215,4831,1117,Smile,2025-06-13 15:57:28
4216,2671,1992,Agree,2025-12-15 07:23:39
4217,1471,1632,Love,2025-11-17 20:49:13
4218,4587,1007,Agree,2025-11-13 09:49:06
4219,2624,1380,Sad,2025-10-02 01:22:07
4220,5502,340,Sad,2025-03-23 23:12:47
4221,1156,467,Agree,2025-11-17 22:54:34
4222,4091,2027,Agree,2025-04-26 15:31:54
4223,2513,1309,Love,2025-12-07 03:50:01
4224,913,1838,Agree,2025-05-28 00:06:19
4225,3440,121,Smile,2025-03-13 03:57:16
4226,3438,269,Wow,2025-03-30 14:18:54
4227,1320,531,Agree,2025-09-10 22:45:58
4228,4490,1092,Smile,2025-08-26 22:22:23
4229,3856,869,Sad,2025-06-09 07:58:38
4230,3113,399,Thank,2025-08-17 06:23:57
4231,5447,903,Love,2025-09-26 01:35:02
4232,2836,224,Sad,2025-11-19 23:24:49
4233,797,1152,Thank,2025-02-18 02:34:22
4234,3012,247,Thank,2025-03-29 07:13:12
4235,1803,1605,Thank,2025-06-07 20:38:21
4236,5666,690,Love,2025-06-09 20:01:24
4237,3010,284,Wow,2025-08-24 21:47:19
4238,2346,761,Wow,2025-12-10 23:49:21
4239,1544,1166,Smile,2025-08-14 16:44:05
4240,5047,1435,Helpful,2025-10-07 19:23:49
4241,6170,1598,Thank,2025-05-14 13:16:26
4242,6086,1688,Helpful,2025-11-19 00:56:31
4243,2577,658,Sad,2025-11-03 01:35:15
4244,835,1086,Love,2025-11-09 17:44:26
4245,4175,1923,Helpful,2025-01-30 22:35:50
4246,4966,591,Agree,2025-09-09 21:05:14
4247,3998,1999,Wow,2025-08-11 13:29:24
4248,4578,305,Love,2025-08-23 23:47:54
4249,639,470,Agree,2025-06-25 00:56:03
4250,1586,1250,Wow,2025-11-28 12:15:31
4251,3732,1727,Agree,2025-04-28 23:13:15
4252,1826,229,Sad,2025-12-03 01:54:29
4253,6267,645,Smile,2025-03-23 10:04:13
4254,3496,2024,Helpful,2025-10-20 21:15:06
4255,3426,954,Thank,2025-11-14 14:48:47
4256,3233,1455,Thank,2025-05-15 01:01:45
4257,1274,384,Helpful,2025-10-28 04:26:54
4258,6430,1106,Love,2025-09-01 00:27:10
4259,4097,475,Smile,2025-05-01 00:27:35
4260,3382,270,Helpful,2025-05-22 15:28:56
4261,3425,1561,Sad,2025-02-02 22:11:59
4262,4873,967,Agree,2025-05-19 16:26:11
4263,2694,495,Thank,2025-01-02 22:32:47
4264,1475,1722,Love,2025-06-26 11:01:15
4265,5449,1522,Helpful,2025-09-14 20:10:34
4266,6283,2090,Agree,2025-05-10 17:15:41
4267,4559,1732,Helpful,2025-10-16 13:22:20
4268,5420,666,Thank,2025-01-09 20:00:32
4269,4037,869,Thank,2025-07-22 09:23:34
4270,5600,1630,Thank,2025-11-01 11:22:33
4271,5716,1515,Smile,2025-01-17 22:16:58
4272,5071,504,Wow,2025-09-16 16:08:09
4273,4072,765,Agree,2025-10-14 12:08:10
4274,3565,341,Helpful,2025-05-11 12:11:20
4275,1068,657,Thank,2025-11-09 19:29:26
4276,4486,612,Agree,2025-10-29 10:24:41
4277,5168,1975,Thank,2025-01-22 21:17:14
4278,4168,463,Smile,2025-08-23 01:38:34
4279,2298,356,Sad,2025-12-02 19:31:42
4280,516,1623,Helpful,2025-02-21 17:07:26
4281,1011,841,Wow,2025-10-30 19:31:28
4282,2451,1632,Agree,2025-09-22 04:42:23
4283,3633,1962,Helpful,2025-01-02 13:12:30
4284,6011,2032,Love,2025-03-21 19:31:54
4285,2219,575,Love,2025-03-15 23:37:50
4286,2841,236,Thank,2025-03-31 20:01:12
4287,4509,1816,Smile,2025-04-10 21:53:46
4288,2363,928,Sad,2025-11-01 13:43:15
4289,5164,1024,Agree,2025-04-30 14:28:44
4290,3863,573,Thank,2025-10-13 20:31:00
4291,6260,1102,Agree,2025-04-07 21:25:15
4292,3572,148,Thank,2025-04-12 11:14:42
4293,4215,1063,Sad,2025-07-20 00:22:31
4294,1886,730,Agree,2025-06-28 20:47:47
4295,1094,316,Agree,2025-06-10 01:17:36
4296,947,744,Thank,2025-11-17 21:15:37
4297,4542,757,Helpful,2025-02-08 07:58:22
4298,4099,1397,Helpful,2025-08-22 14:07:44
4299,3171,1933,Helpful,2025-09-26 01:27:33
4300,604,1606,Agree,2025-10-26 16:40:36
4301,1756,1222,Love,2025-03-17 02:30:40
4302,1579,316,Smile,2025-05-12 21:52:40
4303,3908,1101,Sad,2025-03-23 23:50:07
4304,4346,1179,Helpful,2025-08-29 09:37:39
4305,5019,1220,Love,2025-08-18 13:05:15
4306,4373,1419,Wow,2025-09-07 13:39:23
4307,6074,1649,Love,2025-07-05 17:47:22
4308,2106,420,Wow,2025-07-02 20:06:31
4309,2685,1105,Love,2025-08-05 22:38:03
4310,3914,1422,Love,2025-09-27 22:10:51
4311,1612,2061,Helpful,2025-05-26 06:20:48
4312,3026,436,Smile,2025-05-27 22:57:48
4313,5422,1196,Thank,2025-12-09 21:58:46
4314,4057,266,Sad,2025-02-16 23:04:53
4315,2688,1982,Wow,2025-03-08 22:07:50
4316,6233,549,Thank,2025-11-15 22:21:39
4317,6093,1092,Agree,2025-06-04 22:08:30
4318,4670,503,Helpful,2025-11-07 18:48:36
4319,5794,1785,Love,2025-11-25 11:29:18
4320,5814,1542,Thank,2025-04-22 20:17:49
4321,3020,1514,Sad,2025-08-12 01:46:00
4322,5633,1666,Thank,2025-10-30 09:33:06
4323,1588,1323,Love,2025-09-09 23:34:50
4324,1194,391,Thank,2025-10-08 01:09:31
4325,2793,801,Love,2025-08-12 07:08:39
4326,1859,1522,Wow,2025-11-03 23:59:40
4327,2979,1201,Sad,2025-11-13 04:53:01
4328,2100,1860,Helpful,2025-09-04 11:39:05
4329,1869,219,Agree,2025-09-28 20:24:32
4330,3362,1006,Smile,2025-09-09 19:01:49
4331,4275,647,Sad,2025-06-16 04:10:05
4332,5120,656,Thank,2025-06-24 05:05:49
4333,1801,362,Wow,2025-03-06 21:56:30
4334,4779,206,Smile,2025-08-27 03:11:01
4335,2433,1153,Love,2025-06-22 23:23:03
4336,3653,225,Thank,2025-09-22 02:08:54
4337,3895,892,Agree,2025-05-31 15:21:15
4338,1368,648,Sad,2025-01-13 00:37:36
4339,3610,445,Thank,2025-10-19 14:26:26
4340,2632,1030,Agree,2025-12-06 00:56:38
4341,1146,1279,Smile,2025-09-09 10:32:56
4342,1559,813,Helpful,2025-06-30 12:41:52
4343,2147,1002,Love,2025-10-27 16:25:13
4344,4207,1892,Agree,2025-08-22 05:05:52
4345,3146,1075,Agree,2025-03-18 13:59:02
4346,3221,1158,Agree,2025-10-28 22:02:17
4347,1621,1990,Smile,2025-10-09 02:56:24
4348,1789,1093,Love,2025-10-03 21:09:58
4349,1521,1660,Smile,2025-09-06 14:40:01
4350,5833,1192,Agree,2025-04-29 21:43:23
4351,4325,133,Thank,2025-04-16 13:54:56
4352,5059,833,Sad,2025-06-08 20:39:03
4353,2905,1520,Thank,2025-05-29 11:19:50
4354,2333,1612,Sad,2025-09-27 17:50:52
4355,1448,683,Thank,2025-11-03 17:27:56
4356,3096,737,Helpful,2025-10-12 00:15:18
4357,1830,2016,Helpful,2025-06-12 19:14:39
4358,4885,336,Agree,2025-11-02 20:54:10
4359,4843,1675,Helpful,2025-02-02 00:15:37
4360,1497,206,Wow,2025-06-06 07:11:06
4361,787,2097,Sad,2025-05-01 21:07:20
4362,4680,977,Wow,2025-10-26 22:56:45
4363,1479,1378,Agree,2025-08-20 10:33:40
4364,4271,602,Love,2025-08-03 04:45:40
4365,4539,1627,Sad,2025-10-25 12:28:07
4366,6164,194,Love,2025-02-12 18:48:51
4367,6184,383,Smile,2025-06-15 00:27:58
4368,2481,1894,Smile,2025-02-15 21:56:44
4369,799,1279,Thank,2025-07-15 19:09:46
4370,1315,198,Agree,2025-04-03 21:42:49
4371,4943,1239,Thank,2025-10-07 15:44:45
4372,2402,2100,Sad,2025-05-31 12:29:53
4373,6086,407,Smile,2025-11-19 22:51:31
4374,5638,1942,Sad,2025-11-09 22:52:22
4375,2586,1461,Love,2025-12-05 10:30:25
4376,3892,750,Smile,2025-11-06 12:24:32
4377,5085,1843,Thank,2025-09-05 16:47:49
4378,1375,230,Love,2025-09-29 14:04:32
4379,5829,552,Agree,2025-06-20 07:32:31
4380,2164,1023,Wow,2025-04-30 02:00:32
4381,1018,980,Agree,2025-03-24 19:16:17
4382,3753,1107,Smile,2025-10-30 14:33:24
4383,5143,642,Wow,2025-10-15 09:10:07
4384,4382,591,Smile,2025-11-12 12:11:35
4385,5940,1931,Sad,2025-09-17 19:53:50
4386,4920,1520,Agree,2025-10-20 10:18:12
4387,5267,426,Helpful,2025-10-18 01:16:19
4388,4774,1859,Smile,2025-07-13 04:55:28
4389,1909,1457,Smile,2025-11-22 03:02:51
4390,5661,675,Smile,2025-09-20 11:34:00
4391,1235,1009,Smile,2025-08-28 06:34:01
4392,2197,2054,Love,2025-06-27 19:34:46
4393,5396,1848,Sad,2025-11-21 22:06:46
4394,4322,2052,Helpful,2025-11-09 08:55:58
4395,1477,1971,Sad,2025-09-18 09:50:47
4396,2368,1608,Thank,2025-08-27 20:31:00
4397,995,1313,Thank,2025-08-13 10:01:48
4398,1725,857,Sad,2025-04-24 10:29:17
4399,4410,1706,Thank,2025-03-11 09:56:45
4400,6230,1091,Thank,2025-09-24 00:13:34
4401,2016,1087,Love,2025-06-08 11:11:03
4402,2625,747,Love,2025-08-08 02:52:56
4403,782,659,Agree,2025-08-04 14:22:03
4404,5030,521,Love,2025-05-30 02:02:18
4405,2754,1343,Wow,2025-05-27 05:24:26
4406,2338,2087,Smile,2025-01-03 23:11:56
4407,5956,679,Helpful,2025-10-05 05:12:08
4408,1214,1115,Love,2025-12-01 20:52:15
4409,5053,1094,Love,2025-09-23 04:12:47
4410,3986,903,Wow,2025-06-16 19:54:00
4411,4014,1629,Sad,2025-11-25 21:48:23
4412,5210,1728,Helpful,2025-08-21 00:44:09
4413,4734,205,Wow,2025-12-10 23:41:33
4414,1902,1955,Helpful,2025-09-15 13:04:27
4415,5798,173,Thank,2025-08-25 01:10:48
4416,3376,874,Love,2025-07-22 14:28:56
4417,5828,116,Smile,2025-08-14 14:26:02
4418,911,393,Helpful,2025-03-03 00:19:34
4419,1846,1974,Agree,2025-06-10 00:54:24
4420,4071,1562,Sad,2025-07-05 03:09:34
4421,668,1738,Sad,2025-05-12 08:49:02
4422,2571,641,Sad,2025-11-30 22:19:42
4423,1814,1830,Love,2025-06-12 21:11:43
4424,6320,1157,Thank,2025-03-29 10:24:15
4425,537,496,Love,2025-11-07 11:59:10
4426,4363,1037,Wow,2025-05-19 16:18:09
4427,891,1011,Sad,2025-02-18 11:27:41
4428,5946,326,Helpful,2025-06-28 22:13:34
4429,6017,396,Wow,2025-11-04 04:51:05
4430,4505,413,Wow,2025-06-28 16:25:05
4431,4004,1467,Wow,2025-10-08 20:58:06
4432,5818,1135,Love,2025-08-23 21:30:36
4433,6133,936,Thank,2025-10-14 05:20:06
4434,6291,1307,Smile,2025-07-19 22:32:47
4435,3144,217,Smile,2025-07-25 10:46:02
4436,2694,262,Sad,2025-01-03 03:03:47
4437,5906,1555,Wow,2025-09-20 23:15:08
4438,960,1866,Thank,2025-08-06 10:21:51
4439,4559,921,Wow,2025-10-17 01:21:20
4440,4477,406,Love,2025-08-06 23:16:17
4441,4984,1671,Helpful,2025-11-19 04:36:13
4442,4039,1681,Thank,2025-05-25 21:14:21
4443,516,534,Smile,2025-02-21 13:35:26
4444,5106,1360,Smile,2025-11-22 19:07:18
4445,1593,208,Thank,2025-11-28 01:41:38
4446,5144,1178,Thank,2025-07-28 03:20:46
4447,760,1401,Sad,2025-06-15 15:44:54
4448,2492,1991,Sad,2025-11-21 03:13:26
4449,3695,1369,Helpful,2025-09-12 01:10:22
4450,4208,751,Thank,2025-09-01 22:37:51
4451,1249,1164,Thank,2025-01-02 21:23:29
4452,592,1324,Smile,2025-06-09 12:02:09
4453,4603,509,Thank,2025-08-01 02:59:00
4454,1522,714,Agree,2025-11-04 04:12:59
4455,2775,1244,Wow,2025-03-10 06:21:02
4456,1784,453,Helpful,2025-11-15 01:43:59
4457,1917,272,Smile,2025-10-17 21:51:30
4458,5861,345,Smile,2025-10-14 21:41:05
4459,1266,426,Wow,2025-04-08 14:25:10
4460,3453,1288,Smile,2025-09-26 12:25:00
4461,5556,292,Thank,2025-01-05 02:20:20
4462,5600,939,Agree,2025-11-02 07:01:33
4463,5487,359,Thank,2025-09-06 22:03:19
4464,2293,912,Love,2025-10-09 17:38:30
4465,1073,312,Agree,2025-08-29 03:55:43
4466,6197,728,Agree,2025-09-12 04:29:34
4467,5612,398,Agree,2025-08-30 01:13:44
4468,4517,396,Wow,2025-11-08 05:51:41
4469,6032,117,Smile,2025-02-06 15:32:30
4470,1795,1803,Helpful,2025-11-21 11:34:27
4471,4579,1352,Wow,2025-02-09 08:08:14
4472,1501,710,Helpful,2025-01-17 22:43:28
4473,2191,150,Wow,2025-08-26 05:00:07
4474,911,919,Helpful,2025-03-02 22:45:34
4475,5570,1739,Thank,2025-06-07 02:36:24
4476,6496,632,Thank,2025-03-16 22:11:49
4477,609,1950,Love,2025-08-11 04:07:42
4478,933,332,Smile,2025-02-16 11:55:00
4479,4321,515,Thank,2025-11-30 11:10:00
4480,905,932,Smile,2025-06-10 08:22:42
4481,3636,1573,Love,2025-08-12 20:43:55
4482,1112,829,Helpful,2025-11-30 16:37:30
4483,819,1887,Love,2025-08-01 06:24:26
4484,4315,259,Love,2025-11-12 15:04:05
4485,5213,419,Love,2025-11-18 12:47:51
4486,5791,978,Helpful,2025-11-18 07:45:01
4487,1359,2030,Sad,2025-08-18 20:59:53
4488,1112,786,Smile,2025-11-30 23:52:30
4489,2339,347,Agree,2025-11-17 02:25:59
4490,1557,1421,Love,2025-03-21 13:04:20
4491,5802,1080,Agree,2025-11-27 16:10:58
4492,3916,770,Wow,2025-07-15 10:07:47
4493,3692,2006,Sad,2025-11-06 00:28:26
4494,2176,1385,Agree,2025-04-13 05:51:38
4495,6080,357,Agree,2025-10-20 11:49:03
4496,5942,1540,Sad,2025-12-12 08:38:19
4497,2645,177,Sad,2025-09-06 14:03:57
4498,3988,1670,Love,2025-10-12 22:54:03
4499,882,1907,Wow,2025-06-16 18:21:12
4500,3837,728,Smile,2025-11-29 09:39:18
4501,6316,1388,Wow,2025-05-01 05:31:52
4502,1860,752,Smile,2025-02-24 04:30:48
4503,2828,1909,Thank,2025-02-08 01:15:47
4504,4211,441,Smile,2025-11-17 19:19:22
4505,5322,592,Wow,2025-03-22 11:48:59
4506,2605,1217,Love,2025-10-08 19:35:41
4507,4386,1869,Thank,2025-05-29 00:01:23
4508,5888,613,Love,2025-05-10 19:17:48
4509,4908,2011,Sad,2025-09-01 03:56:19
4510,841,2065,Thank,2025-09-29 08:45:57
4511,5033,2064,Helpful,2025-09-12 01:49:31
4512,1235,420,Wow,2025-08-27 23:17:01
4513,3327,412,Love,2025-01-10 18:35:46
4514,508,1979,Love,2025-12-01 13:04:26
4515,6174,699,Sad,2025-10-18 04:05:37
4516,690,1180,Wow,2025-09-23 04:55:38
4517,6074,1160,Smile,2025-07-05 16:28:22
4518,4470,1585,Thank,2025-10-28 17:46:49
4519,3339,117,Smile,2025-09-08 10:09:17
4520,2502,1350,Love,2025-07-06 00:51:17
4521,4868,1893,Thank,2025-06-16 16:43:16
4522,5846,1998,Wow,2025-04-05 12:52:31
4523,3921,111,Smile,2025-10-11 15:56:17
4524,2956,1396,Agree,2025-01-28 21:52:41
4525,2216,1119,Helpful,2025-03-25 19:26:10
4526,885,1150,Thank,2025-11-13 23:11:11
4527,2035,1527,Sad,2025-09-07 01:59:27
4528,2341,1285,Love,2025-09-22 19:07:53
4529,5515,2072,Agree,2025-08-16 15:38:41
4530,4688,781,Helpful,2025-08-18 08:38:32
4531,4428,1560,Sad,2025-08-25 16:43:12
4532,5613,1924,Love,2025-11-26 23:02:02
4533,6300,176,Agree,2025-08-27 21:05:13
4534,3470,545,Sad,2025-01-19 02:18:55
4535,5010,2044,Love,2025-08-31 14:58:53
4536,4701,2041,Smile,2025-02-12 23:09:31
4537,2952,1187,Wow,2025-09-22 00:28:15
4538,4066,204,Love,2025-02-19 05:16:34
4539,6092,1107,Sad,2025-11-05 23:17:47
4540,4678,1289,Wow,2025-04-20 02:05:18
4541,3529,145,Agree,2025-07-31 22:30:12
4542,5467,308,Wow,2025-02-19 15:11:52
4543,1153,1563,Love,2025-09-14 11:33:55
4544,4829,775,Thank,2025-09-06 13:56:39
4545,1887,417,Wow,2025-11-21 23:40:22
4546,4422,1896,Smile,2025-09-14 02:07:39
4547,5522,1623,Agree,2025-05-30 02:23:24
4548,6211,1099,Wow,2025-10-25 17:00:29
4549,1401,1228,Thank,2025-04-24 09:35:15
4550,2506,798,Smile,2025-12-12 14:24:03
4551,1324,301,Sad,2025-10-23 10:06:02
4552,5294,420,Thank,2025-07-31 19:31:07
4553,6472,1275,Helpful,2025-04-26 05:19:10
4554,2113,924,Smile,2025-02-26 23:47:08
4555,1193,1393,Smile,2025-02-02 00:00:43
4556,2239,2067,Helpful,2025-09-28 05:34:25
4557,5721,1515,Love,2025-11-30 00:15:08
4558,3013,701,Smile,2025-07-02 06:55:35
4559,2188,838,Helpful,2025-02-26 10:42:35
4560,2949,1660,Wow,2025-11-26 12:09:12
4561,5743,1336,Sad,2025-05-03 04:08:05
4562,2157,321,Wow,2025-06-15 06:38:49
4563,4954,470,Wow,2025-10-28 12:17:51
4564,3539,385,Helpful,2025-10-20 22:03:07
4565,1340,352,Helpful,2025-06-30 11:35:05
4566,1306,652,Love,2025-08-26 15:10:49
4567,5706,1209,Agree,2025-12-04 02:35:06
4568,5473,1011,Smile,2025-05-22 13:53:21
4569,3657,222,Love,2025-08-27 13:25:07
4570,5579,323,Smile,2025-08-15 11:28:24
4571,2274,878,Agree,2025-10-31 22:11:06
4572,5675,2029,Thank,2025-04-04 00:41:42
4573,4903,1410,Love,2025-09-19 16:26:45
4574,1081,784,Thank,2025-08-22 17:28:23
4575,4752,1949,Smile,2025-02-11 16:02:24
4576,6077,960,Agree,2025-07-29 15:27:24
4577,1236,261,Sad,2025-05-23 05:43:58
4578,2283,1785,Love,2025-07-16 12:55:16
4579,3322,657,Thank,2025-09-29 12:53:10
4580,2811,1674,Love,2025-11-13 02:04:09
4581,6480,1082,Helpful,2025-04-12 11:03:14
4582,3318,1036,Wow,2025-02-26 12:49:34
4583,5780,891,Sad,2025-11-15 00:24:57
4584,1140,1755,Love,2025-09-05 17:01:06
4585,2347,647,Sad,2025-03-10 23:31:09
4586,4263,582,Helpful,2025-08-15 22:04:40
4587,1176,1276,Sad,2025-11-02 20:42:20
4588,3329,1896,Smile,2025-08-26 16:42:52
4589,2542,1561,Smile,2025-11-26 19:06:19
4590,3166,208,Love,2025-07-18 22:32:04
4591,4581,2066,Love,2025-03-01 01:49:35
4592,6000,536,Thank,2025-11-02 22:25:05
4593,2578,545,Wow,2025-07-10 18:36:37
4594,3873,941,Thank,2025-10-01 20:47:14
4595,5149,1979,Love,2025-05-20 03:34:10
4596,1888,1981,Sad,2025-06-27 17:00:17
4597,5695,576,Thank,2025-10-06 04:55:49
4598,4121,636,Sad,2025-11-21 13:12:31
4599,3233,1699,Wow,2025-05-14 23:06:45
4600,5736,1749,Love,2025-05-30 13:46:03
4601,1507,1115,Smile,2025-05-17 10:47:22
4602,3159,1791,Agree,2025-08-04 22:02:09
4603,5911,1508,Smile,2025-06-19 05:11:26
4604,5416,1848,Helpful,2025-11-13 01:21:42
4605,1089,1089,Love,2025-08-11 07:37:36
4606,6183,1009,Smile,2025-09-03 12:10:39
4607,1210,1717,Love,2025-09-19 15:12:38
4608,4163,1902,Wow,2025-05-10 15:36:19
4609,5189,2010,Helpful,2025-06-30 16:11:41
4610,5518,876,Helpful,2025-04-07 01:47:31
4611,1184,2043,Thank,2025-06-24 02:44:19
4612,4714,1712,Agree,2025-09-28 10:49:28
4613,4499,2060,Love,2025-03-25 03:27:29
4614,3409,736,Helpful,2025-02-10 14:11:08
4615,863,711,Agree,2025-04-07 22:57:30
4616,6471,345,Helpful,2025-10-30 13:15:06
4617,5189,1645,Agree,2025-06-30 22:36:41
4618,3236,126,Smile,2025-05-18 20:19:17
4619,4520,987,Agree,2025-05-03 15:15:13
4620,4390,835,Agree,2025-03-26 00:22:09
4621,5641,467,Helpful,2025-04-13 12:19:44
4622,5548,278,Smile,2025-03-20 02:53:05
4623,1226,1474,Thank,2025-10-22 11:19:45
4624,1183,1466,Agree,2025-04-02 16:55:36
4625,4286,1536,Sad,2025-07-16 15:07:22
4626,2624,1620,Love,2025-10-01 21:26:07
4627,2702,2020,Smile,2025-10-17 10:38:51
4628,649,1492,Agree,2025-07-23 03:34:43
4629,3767,1518,Love,2025-04-11 20:50:59
4630,4379,1075,Agree,2025-10-21 11:00:26
4631,5099,309,Sad,2025-10-18 09:09:05
4632,5212,1421,Smile,2025-11-17 11:36:51
4633,6211,395,Agree,2025-10-26 12:55:29
4634,4269,1028,Thank,2025-05-02 01:20:09
4635,2800,1025,Thank,2025-07-07 04:19:36
4636,5716,1842,Love,2025-01-17 12:48:58
4637,5720,1400,Agree,2025-10-09 00:57:41
4638,1049,1659,Wow,2025-10-18 17:15:33
4639,5762,1484,Helpful,2025-10-02 00:27:08
4640,518,1760,Wow,2025-11-01 12:02:29
4641,5178,268,Wow,2025-07-31 08:56:25
4642,1953,489,Wow,2025-06-01 15:36:34
4643,1885,1773,Smile,2025-04-05 04:13:43
4644,3062,575,Helpful,2025-01-08 22:10:33
4645,3229,1222,Wow,2025-07-08 15:38:38
4646,4570,382,Helpful,2025-06-08 11:21:53
4647,1049,2029,Smile,2025-10-18 15:26:33
4648,2596,1738,Love,2025-06-16 08:38:34
4649,3051,1684,Thank,2025-10-20 11:42:35
4650,5891,1444,Agree,2025-11-08 13:39:48
4651,2694,1137,Helpful,2025-01-02 11:39:47
4652,6448,282,Helpful,2025-11-15 13:04:40
4653,5283,1514,Smile,2025-06-21 13:02:46
4654,6130,1660,Helpful,2025-09-03 19:13:50
4655,1697,1066,Smile,2025-10-08 14:41:36
4656,2228,921,Helpful,2025-09-27 05:59:05
4657,5348,1945,Love,2025-11-10 16:29:36
4658,5959,1598,Helpful,2025-07-07 20:32:03
4659,5527,1235,Helpful,2025-08-30 23:54:51
4660,4738,991,Sad,2025-07-28 20:35:37
4661,6475,1582,Helpful,2025-07-12 05:39:19
4662,6364,1846,Love,2025-09-13 01:24:41
4663,2778,881,Smile,2025-04-29 18:32:36
4664,3823,2052,Wow,2025-05-10 11:50:55
4665,5930,1563,Thank,2025-06-23 16:21:53
4666,3176,2055,Sad,2025-12-12 11:41:59
4667,1851,1945,Smile,2025-05-15 09:42:18
4668,3932,402,Helpful,2025-08-10 23:31:37
4669,2330,1598,Love,2025-04-28 19:00:07
4670,2519,1850,Sad,2025-07-27 19:36:38
4671,6469,1815,Sad,2025-06-22 00:39:09
4672,4573,1767,Sad,2025-08-27 04:36:43
4673,5216,1312,Thank,2025-10-19 02:48:31
4674,522,724,Agree,2025-11-11 10:20:57
4675,5790,671,Wow,2025-09-13 14:08:50
4676,3559,1348,Sad,2025-10-19 10:18:58
4677,5369,1936,Thank,2025-07-21 11:06:38
4678,2222,1469,Thank,2025-06-08 12:26:29
4679,1881,661,Helpful,2025-07-22 23:25:30
4680,6009,151,Helpful,2025-03-10 17:58:21
4681,1751,321,Smile,2025-03-17 15:36:33
4682,2783,1471,Thank,2025-10-04 14:29:31
4683,3321,2053,Wow,2025-04-06 20:04:47
4684,5355,1607,Helpful,2025-07-22 16:21:49
4685,4173,1714,Helpful,2025-11-13 20:48:32
4686,2894,1849,Agree,2025-11-29 22:32:57
4687,3853,216,Smile,2025-11-10 01:24:08
4688,4059,1611,Helpful,2025-05-05 13:38:11
4689,4712,465,Helpful,2025-04-01 21:53:32
4690,1881,180,Wow,2025-07-23 00:36:30
4691,3604,269,Smile,2025-10-31 23:26:14
4692,1800,1785,Sad,2025-04-14 01:32:36
4693,4121,987,Sad,2025-11-21 09:28:31
4694,1884,1990,Thank,2025-12-05 05:34:45
4695,2074,877,Thank,2025-05-25 13:47:15
4696,5125,884,Wow,2025-10-08 15:32:53
4697,4529,1740,Smile,2025-11-08 05:11:35
4698,901,1846,Sad,2025-11-27 19:30:55
4699,5600,938,Helpful,2025-11-01 10:12:33
4700,3492,1097,Sad,2025-05-10 00:04:05
4701,1492,1240,Helpful,2025-12-03 21:55:11
4702,5162,1874,Agree,2025-07-21 23:56:36
4703,5068,1940,Helpful,2025-07-25 00:32:02
4704,4959,1021,Love,2025-04-29 08:26:41
4705,1379,1448,Wow,2025-11-03 14:07:27
4706,1761,911,Love,2025-10-26 03:33:45
4707,3132,1228,Thank,2025-10-07 11:51:22
4708,1785,568,Smile,2025-07-31 12:53:18
4709,4376,2100,Smile,2025-07-23 09:39:37
4710,5894,1450,Helpful,2025-10-13 03:44:00
4711,3737,1109,Sad,2025-01-24 14:21:19
4712,4044,894,Thank,2025-04-16 21:05:31
4713,1288,837,Love,2025-07-15 05:40:38
4714,4399,666,Thank,2025-05-02 00:02:24
4715,4260,1204,Sad,2025-05-15 20:04:11
4716,1009,118,Love,2025-05-19 21:58:24
4717,3855,1243,Thank,2025-10-07 23:58:47
4718,2828,754,Love,2025-02-07 23:04:47
4719,4377,752,Helpful,2025-10-29 15:38:03
4720,3608,912,Smile,2025-10-14 00:16:20
4721,6204,2023,Smile,2025-04-27 00:15:37
4722,4249,1318,Wow,2025-06-23 00:08:57
4723,1072,2097,Sad,2025-03-29 05:33:00
4724,5473,811,Agree,2025-05-22 14:37:21
4725,1134,1470,Helpful,2025-02-14 14:05:08
4726,4781,1652,Wow,2025-08-09 03:47:06
4727,6181,191,Love,2025-05-05 09:27:37
4728,603,1699,Helpful,2025-10-29 03:38:13
4729,6012,1254,Smile,2025-07-31 14:46:05
4730,2645,408,Agree,2025-09-06 04:23:57
4731,1789,1815,Agree,2025-10-04 06:47:58
4732,4787,798,Thank,2025-07-26 02:26:14
4733,5836,1886,Love,2025-03-07 15:42:06
4734,1276,1814,Smile,2025-06-04 06:54:42
4735,5166,2037,Love,2025-04-04 23:28:34
4736,1197,1611,Smile,2025-05-30 01:34:31
4737,2145,1933,Sad,2025-11-04 18:19:27
4738,6398,1408,Wow,2025-06-07 01:09:06
4739,4535,499,Wow,2025-11-02 21:25:18
4740,2389,358,Sad,2025-02-23 14:07:51
4741,6206,236,Smile,2025-08-06 01:28:17
4742,6401,1833,Smile,2025-03-11 03:57:04
4743,3195,232,Sad,2025-08-21 23:11:01
4744,4828,1497,Smile,2025-08-30 17:13:10
4745,3365,907,Helpful,2025-09-03 15:14:09
4746,803,1278,Love,2025-11-29 09:14:12
4747,2707,1014,Thank,2025-01-06 10:15:28
4748,594,1720,Wow,2025-10-21 21:51:24
4749,4843,662,Sad,2025-02-02 16:45:37
4750,6261,1023,Wow,2025-10-27 10:00:12
4751,3750,1870,Love,2025-11-12 20:02:40
4752,5874,1791,Agree,2025-05-08 18:31:51
4753,3850,177,Helpful,2025-05-29 22:46:31
4754,555,357,Wow,2025-09-24 01:25:47
4755,3962,977,Thank,2025-03-03 20:37:56
4756,2601,1578,Love,2025-08-20 02:11:03
4757,5432,2064,Love,2025-08-09 18:14:24
4758,4570,1024,Love,2025-06-08 13:22:53
4759,1011,1248,Smile,2025-10-30 00:17:28
4760,1292,1384,Love,2025-11-09 02:10:42
4761,3926,536,Agree,2025-11-17 19:54:17
4762,4205,285,Love,2025-02-13 23:55:01
4763,5906,293,Smile,2025-09-21 10:25:08
4764,1032,1524,Wow,2025-07-16 10:11:02
4765,2028,758,Helpful,2025-10-10 07:59:59
4766,3466,1961,Agree,2025-09-15 23:12:18
4767,3968,1227,Agree,2025-12-11 02:43:06
4768,1899,643,Smile,2025-08-06 17:04:27
4769,6386,1507,Thank,2025-04-03 13:22:51
4770,5697,1187,Sad,2025-12-02 06:07:01
4771,2235,1824,Love,2025-10-15 10:55:00
4772,4233,1362,Agree,2025-06-23 19:04:10
4773,4790,801,Agree,2025-08-17 01:18:03
4774,2172,634,Sad,2025-08-10 01:21:18
4775,2138,856,Helpful,2025-03-07 18:21:19
4776,585,482,Smile,2025-01-31 11:55:16
4777,4673,2090,Wow,2025-11-05 15:21:25
4778,5042,1687,Sad,2025-08-05 20:24:55
4779,1875,908,Sad,2025-08-13 13:11:49
4780,6490,1619,Agree,2025-03-08 20:54:22
4781,4145,1712,Sad,2025-12-04 03:25:55
4782,2756,1812,Love,2025-06-04 10:04:39
4783,908,578,Agree,2025-12-14 01:26:14
4784,2669,2025,Helpful,2025-05-14 12:08:28
4785,1008,579,Love,2025-11-02 03:19:27
4786,1046,546,Agree,2025-12-04 20:25:27
4787,4474,1192,Wow,2025-01-03 05:53:45
4788,555,1115,Sad,2025-09-23 23:12:47
4789,5608,1193,Smile,2025-09-25 10:04:49
4790,1032,835,Helpful,2025-07-15 18:02:02
4791,4924,691,Thank,2025-11-04 20:44:29
4792,3633,1839,Wow,2025-01-02 02:06:30
4793,4503,1209,Wow,2025-05-26 14:44:40
4794,4351,2097,Wow,2025-07-08 12:25:44
4795,979,551,Agree,2025-10-25 13:07:56
4796,4808,1285,Smile,2025-12-02 09:00:41
4797,621,1679,Smile,2025-06-02 13:48:00
4798,6217,1523,Sad,2025-03-13 18:09:23
4799,5388,824,Smile,2025-03-03 11:50:08
4800,1181,530,Helpful,2025-05-13 19:51:16
4801,844,1963,Wow,2025-09-02 14:06:27
4802,5373,763,Wow,2025-03-07 01:42:08
4803,3183,870,Sad,2025-10-02 00:32:13
4804,1909,2041,Helpful,2025-11-22 00:49:51
4805,4174,1835,Love,2025-10-09 03:44:18
4806,1105,1524,Love,2025-03-28 10:34:14
4807,4888,1118,Agree,2025-05-04 18:36:37
4808,877,1078,Helpful,2025-10-16 19:56:10
4809,3703,1055,Wow,2025-12-04 16:58:34
4810,4763,2025,Helpful,2025-10-02 19:40:27
4811,6016,1742,Smile,2025-01-20 04:34:40
4812,3028,1887,Agree,2025-07-01 15:42:02
4813,6194,739,Sad,2025-08-24 21:46:49
4814,3699,592,Love,2025-06-10 17:19:35
4815,1653,474,Sad,2025-02-08 03:20:13
4816,902,1693,Wow,2025-10-15 06:19:36
4817,751,1481,Helpful,2025-03-19 13:25:56
4818,5820,570,Wow,2025-08-04 12:02:37
4819,786,1700,Thank,2025-02-14 12:21:06
4820,1774,1977,Smile,2025-09-17 15:18:15
4821,1679,2003,Wow,2025-12-06 17:19:24
4822,2836,1473,Thank,2025-11-20 00:20:49
4823,1701,2086,Sad,2025-10-10 20:32:14
4824,4457,1732,Helpful,2025-05-20 21:14:15
4825,4045,748,Love,2025-10-31 01:22:26
4826,3490,130,Smile,2025-05-18 05:27:13
4827,6141,586,Thank,2025-02-08 13:35:45
4828,2955,1437,Love,2025-05-10 01:21:33
4829,2974,644,Love,2025-11-29 22:29:29
4830,3448,567,Wow,2025-07-08 11:54:39
4831,2862,1957,Helpful,2025-07-16 00:54:46
4832,6496,1927,Love,2025-03-16 22:49:49
4833,4886,1718,Sad,2025-11-22 00:36:09
4834,4891,1408,Sad,2025-04-27 00:27:44
4835,5740,1430,Wow,2025-08-18 23:45:18
4836,2961,1931,Love,2025-09-11 06:19:17
4837,5969,1812,Agree,2025-12-01 17:20:38
4838,5789,481,Thank,2025-05-04 19:51:38
4839,2924,1526,Agree,2025-07-24 20:52:35
4840,5605,906,Sad,2025-04-07 03:04:00
4841,3770,1677,Love,2025-11-02 19:12:01
4842,2822,257,Thank,2025-09-14 04:46:35
4843,2865,199,Smile,2025-02-13 14:06:28
4844,2722,2034,Helpful,2025-05-29 02:34:26
4845,4409,1108,Love,2025-02-15 11:07:50
4846,5045,1245,Smile,2025-10-29 20:03:56
4847,2935,1779,Agree,2025-07-22 16:01:54
4848,892,1613,Love,2025-08-24 12:32:02
4849,1632,901,Agree,2025-10-06 00:25:47
4850,925,615,Wow,2025-09-01 09:56:35
4851,3220,1145,Sad,2025-11-23 11:24:04
4852,4273,685,Helpful,2025-11-12 05:30:45
4853,1803,1841,Wow,2025-06-07 21:16:21
4854,1898,479,Love,2025-11-04 12:36:19
4855,5725,1512,Wow,2025-08-29 22:10:25
4856,1248,1839,Smile,2025-11-02 23:54:01
4857,5972,868,Wow,2025-09-29 01:10:35
4858,5113,454,Smile,2025-02-20 13:43:42
4859,5176,570,Sad,2025-11-19 02:11:01
4860,2902,274,Agree,2025-01-16 09:44:16
4861,1358,2047,Thank,2025-06-25 02:25:15
4862,2527,2004,Thank,2025-07-12 04:32:43
4863,1393,1006,Smile,2025-09-03 00:04:10
4864,5959,983,Love,2025-07-08 06:11:03
4865,1945,451,Thank,2025-08-20 02:25:34
4866,1935,1695,Smile,2025-10-21 17:06:20
4867,1558,1345,Helpful,2025-07-26 15:32:37
4868,5760,1010,Smile,2025-02-03 22:27:40
4869,4919,1054,Smile,2025-10-09 23:48:49
4870,528,1441,Love,2025-09-22 11:44:34
4871,4960,878,Agree,2025-01-24 21:51:48
4872,1538,1330,Love,2025-01-23 19:28:21
4873,1657,307,Smile,2025-08-09 21:12:23
4874,5059,2031,Agree,2025-06-09 01:08:03
4875,3442,548,Thank,2025-03-18 17:45:26
4876,2620,1709,Thank,2025-10-22 15:43:16
4877,6198,930,Wow,2025-06-12 07:35:59
4878,4070,177,Wow,2025-05-13 10:33:28
4879,5294,658,Love,2025-08-01 08:32:07
4880,1237,2030,Smile,2025-12-03 19:31:07
4881,3684,1505,Love,2025-05-30 11:56:42
4882,1106,352,Thank,2025-11-09 00:09:32
4883,1651,1022,Love,2025-08-22 21:26:49
4884,2683,1363,Smile,2025-10-28 02:10:30
4885,1444,282,Sad,2025-09-25 06:19:08
4886,6132,620,Agree,2025-09-14 13:10:21
4887,3969,1167,Thank,2025-07-29 18:03:23
4888,5154,1838,Thank,2025-06-09 09:40:40
4889,4554,285,Wow,2025-03-13 10:40:39
4890,957,528,Love,2025-02-17 10:11:37
4891,1109,1020,Wow,2025-05-05 13:52:06
4892,1753,1272,Thank,2025-03-15 19:21:57
4893,2310,1159,Agree,2025-01-21 06:11:43
4894,4538,1086,Love,2025-10-01 00:02:35
4895,1158,169,Sad,2025-11-24 20:06:25
4896,6365,1191,Love,2025-10-10 20:08:01
4897,5721,1581,Wow,2025-11-30 11:21:08
4898,1048,577,Helpful,2025-09-30 19:34:20
4899,761,1534,Sad,2025-10-22 03:20:12
4900,6064,1481,Smile,2025-04-12 12:12:57
4901,3421,1653,Thank,2025-07-21 02:46:41
4902,699,275,Helpful,2025-03-02 23:09:11
4903,4702,1463,Thank,2025-08-04 08:04:53
4904,3882,175,Smile,2025-06-03 11:02:35
4905,5176,1624,Sad,2025-11-19 21:37:01
4906,3226,1207,Agree,2025-11-03 05:53:53
4907,4604,114,Helpful,2025-10-12 11:07:39
4908,1304,964,Thank,2025-07-23 17:51:18
4909,5447,331,Sad,2025-09-25 21:52:02
4910,3695,800,Agree,2025-09-12 08:15:22
4911,5754,850,Sad,2025-09-27 21:26:07
4912,1667,790,Helpful,2025-08-26 01:52:20
4913,4740,1497,Thank,2025-10-06 15:57:33
4914,5547,1265,Wow,2025-07-31 11:39:44
4915,3471,838,Thank,2025-04-20 20:45:15
4916,2501,1362,Sad,2025-06-12 03:08:29
4917,1817,619,Love,2025-10-16 22:36:52
4918,3407,679,Helpful,2025-01-04 00:13:57
4919,552,495,Love,2025-04-05 04:36:16
4920,2849,1314,Wow,2025-10-30 12:03:29
4921,1776,1737,Sad,2025-06-21 23:11:52
4922,5950,452,Agree,2025-02-24 06:10:52
4923,1354,1075,Wow,2025-03-08 09:08:48
4924,3098,1654,Sad,2025-08-14 11:35:54
4925,3922,1070,Wow,2025-06-05 13:27:32
4926,5537,537,Love,2025-09-21 18:26:20
4927,5465,900,Smile,2025-08-12 19:31:41
4928,776,294,Wow,2025-03-07 02:44:23
4929,2792,1438,Love,2025-05-21 22:47:09
4930,4880,177,Sad,2025-03-10 00:03:27
4931,2711,785,Wow,2025-05-23 01:09:07
4932,5291,2053,Wow,2025-05-16 20:33:10
4933,4798,1383,Wow,2025-09-05 00:57:57
4934,4375,1148,Agree,2025-05-31 16:01:56
4935,1960,332,Wow,2025-09-29 21:38:10
4936,4080,1718,Wow,2025-01-02 22:27:17
4937,3540,225,Smile,2025-11-17 16:26:07
4938,6026,1134,Thank,2025-10-31 05:31:50
4939,2952,1428,Agree,2025-09-22 07:01:15
4940,1353,336,Smile,2025-08-17 22:25:47
4941,4409,185,Wow,2025-02-15 13:33:50
4942,1448,1206,Agree,2025-11-04 16:24:56
4943,4715,1683,Helpful,2025-06-02 18:38:15
4944,4822,1632,Thank,2025-10-11 01:06:23
4945,2605,324,Love,2025-10-08 15:25:41
4946,880,1469,Love,2025-09-12 02:57:45
4947,5959,505,Agree,2025-07-08 16:17:03
4948,3723,1247,Smile,2025-08-03 10:17:56
4949,763,1636,Love,2025-03-08 14:06:19
4950,5254,1848,Sad,2025-08-01 20:43:24
4951,2182,458,Sad,2025-07-24 19:36:47
4952,775,122,Wow,2025-09-27 21:15:20
4953,1947,471,Love,2025-07-06 22:33:56
4954,2155,925,Love,2025-05-04 16:12:28
4955,6080,927,Sad,2025-10-20 17:20:03
4956,3515,969,Agree,2025-06-19 14:03:06
4957,1632,1445,Sad,2025-10-05 20:11:47
4958,2281,878,Love,2025-08-28 11:22:44
4959,5467,125,Thank,2025-02-18 23:14:52
4960,5759,1455,Wow,2025-10-27 00:35:24
4961,1251,830,Wow,2025-08-04 02:23:58
4962,5993,2025,Sad,2025-05-31 15:31:29
4963,3344,1957,Thank,2025-08-27 20:39:28
4964,1175,2059,Agree,2025-02-15 09:02:33
4965,2107,513,Thank,2025-08-04 21:37:56
4966,5118,1625,Helpful,2025-10-05 00:45:01
4967,895,1458,Wow,2025-01-23 02:35:13
4968,3794,1378,Sad,2025-09-20 05:36:40
4969,4540,715,Love,2025-06-29 00:16:19
4970,2031,1975,Agree,2025-06-08 01:14:09
4971,1498,458,Wow,2025-04-22 16:57:03
4972,934,1864,Wow,2025-11-04 08:43:53
4973,3489,1530,Smile,2025-02-13 18:56:48
4974,5416,1414,Thank,2025-11-13 02:34:42
4975,3060,1185,Sad,2025-10-30 16:31:36
4976,2289,1811,Smile,2025-11-16 14:38:06
4977,4703,1964,Helpful,2025-12-06 20:36:06
4978,2891,128,Helpful,2025-10-06 21:18:22
4979,6355,701,Wow,2025-07-27 04:17:54
4980,1746,963,Helpful,2025-03-23 09:31:54
4981,2119,471,Wow,2025-05-19 13:47:06
4982,977,1058,Agree,2025-06-12 14:43:34
4983,2240,1331,Smile,2025-07-28 14:02:40
4984,1508,1662,Sad,2025-10-11 22:44:46
4985,1104,840,Wow,2025-10-02 12:35:41
4986,4516,886,Agree,2025-04-10 14:20:27
4987,1950,772,Sad,2025-08-21 02:10:08
4988,2722,1710,Thank,2025-05-28 23:40:26
4989,3899,1314,Sad,2025-05-21 09:12:42
4990,1054,1578,Sad,2025-05-08 11:23:32
4991,674,682,Agree,2025-04-10 04:00:49
4992,2057,1211,Wow,2025-04-07 14:16:09
4993,5132,177,Wow,2025-05-11 10:26:13
4994,545,713,Love,2025-11-03 15:39:10
4995,2447,850,Agree,2025-04-11 07:31:32
4996,5151,1377,Wow,2025-11-05 06:54:51
4997,5834,113,Smile,2025-05-22 11:39:18
4998,3828,237,Smile,2025-04-27 04:25:40
4999,5444,1671,Love,2025-01-24 20:29:40
5000,3596,1618,Agree,2025-08-25 14:23:35
