user_id,name,email,created_at,neighborhood_id,is_active
101,John Pierce,allison96@example.org,2025-05-27 02:12:45,18,True
102,Melissa Marquez,pcarney@example.com,2025-09-13 14:17:51,1,True
103,Barbara Walker,andrew83@example.net,2024-10-20 08:27:21,9,True
104,Mark Perez,heathchad@example.org,2024-05-27 22:21:06,3,True
105,Mr. Nathaniel Khan,esanchez@example.com,2024-07-05 11:22:38,9,True
106,Jeffrey Henderson,dshields@example.net,2024-05-07 19:34:07,13,True
107,Amy Chandler,wrightjames@example.com,2025-03-13 10:40:39,12,True
108,Joel Baxter,ramosmichelle@example.net,2024-04-03 19:02:42,8,True
109,Kimberly Smith,housemelinda@example.org,2024-03-06 23:54:14,4,True
110,Dr. Steven Martin,gallowayjoseph@example.com,2024-09-28 14:53:23,6,True
111,Monica Logan,smoore@example.org,2024-07-09 08:17:44,3,True
112,Kimberly Adkins,williamsthomas@example.net,2025-10-10 08:46:15,6,True
113,Angela Lopez,leonardjoe@example.org,2024-04-15 09:59:40,18,True
114,Lauren Williams,barnesbrandy@example.net,2025-09-21 11:49:49,2,True
115,Michael Edwards,randy47@example.com,2024-07-30 03:20:25,9,True
116,Alexandra Howell,jonesjason@example.com,2025-09-13 21:36:56,11,True
117,Benjamin Sanchez,eric84@example.net,2024-03-29 15:56:58,15,True
118,Kendra Contreras,sarah12@example.com,2025-10-20 07:47:35,18,True
119,Juan Nelson,jenniferharris@example.net,2024-03-18 17:57:37,13,True
120,Danielle Odonnell,davisrodney@example.com,2025-07-24 23:08:32,16,True
121,Carlos Whitney,joycearnold@example.com,2024-01-30 05:07:09,6,True
122,Tony Vazquez,amydavenport@example.net,2025-01-10 12:04:24,13,True
123,Andrew Diaz,nolanjason@example.org,2025-01-04 14:16:35,1,True
124,Justin Baxter,sarayoung@example.org,2025-03-22 08:56:34,9,True
125,Sierra Johnson,kimberly63@example.com,2025-10-15 10:18:27,6,True
126,Janet Williams,dwalker@example.com,2024-04-16 22:56:46,9,False
127,Crystal Johnson,raymondramirez@example.org,2024-07-23 20:32:58,4,False
128,Martin Ross,sheila14@example.org,2025-10-08 10:40:32,20,True
129,Mrs. Linda Reed,samuel81@example.com,2025-01-23 11:10:34,17,False
130,Andrew Graham,michaeljones@example.net,2025-08-24 18:31:01,4,False
131,Mary Martinez,william65@example.com,2025-09-07 21:53:51,10,True
132,Cheryl Ortega,lbyrd@example.net,2025-04-11 09:36:05,3,True
133,Roy Torres,russellcarpenter@example.net,2025-01-15 20:48:34,5,True
134,Michael Dixon,donnacampbell@example.net,2024-08-03 15:35:10,9,True
135,Robert Potter,jeffrey32@example.org,2025-02-27 17:13:59,18,True
136,Miss Patricia Gibson,jennifercruz@example.com,2024-01-31 19:45:19,13,False
137,Abigail Potter,osbornejeffery@example.net,2024-06-12 18:28:57,17,True
138,David Charles,danderson@example.net,2024-12-12 09:04:21,1,True
139,Emily Fischer,usalazar@example.net,2024-12-21 09:14:00,3,True
140,Jill Moore,wcole@example.org,2024-10-12 06:04:57,2,False
141,Richard Washington,joshuajones@example.com,2025-07-15 06:15:17,16,True
142,Steven Miller,jessebenson@example.net,2024-06-05 07:59:56,19,True
143,Gary Owens,clarkrobert@example.net,2024-05-23 09:30:51,14,True
144,Spencer Johnston,wsmith@example.com,2025-09-24 07:27:22,14,True
145,Tiffany Barnes,tracynelson@example.com,2025-05-19 21:03:43,4,True
146,Michael Powell,marycalhoun@example.net,2024-01-20 19:51:55,4,True
147,Leslie Alvarado,dayderek@example.com,2024-12-23 08:28:08,14,True
148,Garrett Gibson,kathleen64@example.com,2024-05-01 13:55:59,3,True
149,Alec Ryan,jeffrey10@example.org,2024-06-17 21:35:06,2,True
150,Alex Hernandez,thomaswilson@example.org,2025-09-27 16:00:05,8,True
151,Jacob Obrien,stricklandfrank@example.com,2024-11-07 14:13:55,13,False
152,Eric Byrd,tsanders@example.org,2024-03-13 08:00:24,9,False
153,Lori Garcia,melissa91@example.net,2024-02-20 20:18:27,18,True
154,Jeffrey Wood,alexander67@example.org,2025-06-07 15:12:18,7,False
155,Steven Stevens,ryangross@example.net,2024-10-17 17:34:03,11,True
156,Kimberly Webb,lpetersen@example.com,2024-06-29 17:32:58,17,True
157,Timothy Ramirez,dsanchez@example.net,2024-08-03 22:05:54,6,True
158,Allen Rosales,tonykelly@example.com,2025-02-12 06:55:15,13,True
159,Meredith Hill,blackjames@example.org,2024-08-15 21:15:37,20,True
160,Peter Vaughn DDS,bwest@example.org,2025-04-26 07:42:37,19,True
161,David Beck,thomas85@example.com,2024-07-15 22:13:42,11,True
162,Heather Chavez,john13@example.com,2025-10-28 12:42:41,10,True
163,Pamela Lopez,joannahill@example.net,2024-03-20 22:59:04,1,True
164,Diane Garcia,kennethward@example.com,2025-10-15 23:06:04,18,True
165,Denise Mccann,heidi27@example.org,2024-01-10 09:59:22,3,False
166,Julie Alexander,tammyking@example.com,2025-08-06 11:10:28,18,True
167,John Ray,hernandezlisa@example.com,2024-03-17 18:51:41,17,True
168,Justin Butler,kimberlyjames@example.com,2024-02-26 20:19:59,4,False
169,Jessica Carroll,lynchjody@example.org,2024-07-17 07:07:56,4,True
170,Brad Allen,moorericky@example.net,2025-02-22 08:18:38,7,True
171,David Mann,ojones@example.com,2025-02-01 09:40:54,9,True
172,Mary Peck,owilson@example.net,2025-06-11 09:58:54,2,True
173,Charles Brown,brooke94@example.com,2024-04-09 12:17:02,1,True
174,Melissa Bender,mkim@example.org,2024-03-24 08:16:10,15,True
175,Lindsey Johnson,suzannehuff@example.net,2025-08-18 12:00:07,3,False
176,Phillip Underwood,hinesgregory@example.net,2025-01-27 19:09:34,2,True
177,Catherine Richards,ecosta@example.com,2025-03-11 17:09:27,5,True
178,Brian Martin,ssteele@example.net,2024-09-30 11:59:50,2,False
179,Krista Gibson,johnny16@example.net,2025-09-24 08:15:42,4,True
180,Sean Murray,lopezmichael@example.com,2025-07-05 17:55:26,20,True
181,Christina Dunn,samuel71@example.org,2025-02-22 21:15:55,6,False
182,Cynthia Moore,tranchristopher@example.org,2025-10-13 20:56:26,1,True
183,Ronnie Jimenez,william46@example.com,2024-11-04 21:50:59,14,True
184,Juan Reyes,michellehill@example.com,2025-10-17 21:51:15,9,True
185,Debra Smith,mary97@example.org,2024-08-15 19:24:55,2,False
186,Mr. Phillip Bennett,molly39@example.com,2024-10-25 09:52:58,15,True
187,Amanda Garner,qhughes@example.net,2024-06-05 20:55:14,8,True
188,Andrew Shaw MD,sawyerscott@example.net,2025-10-18 09:21:17,3,False
189,Charles Pitts,charlesharrington@example.com,2025-09-01 09:41:32,13,True
190,Marie Christian,ofinley@example.net,2024-08-14 20:21:01,4,False
191,Joshua Williamson II,wendy16@example.org,2025-08-16 10:37:16,2,True
192,Ashlee Jackson,rebecca05@example.org,2025-05-23 13:46:50,11,True
193,Charles Schmidt,georgemiller@example.com,2024-07-15 23:07:24,19,True
194,Thomas Thomas,dlittle@example.com,2025-02-18 04:27:00,17,False
195,Julie Roberts,charleslandry@example.net,2025-03-22 16:46:47,7,True
196,Melissa Bryant,james67@example.org,2024-07-19 06:42:58,11,True
197,Laura Haney,andrew64@example.org,2024-06-07 18:07:46,10,True
198,Natasha Williams,swall@example.org,2025-01-13 18:20:25,10,True
199,Mark Oliver,courtneyberger@example.net,2025-02-10 08:42:24,6,True
200,Amanda Diaz,christopherphillips@example.net,2024-01-27 10:35:53,1,True
201,Richard Walter,alyssa42@example.com,2024-10-04 08:50:37,20,True
202,Tracy Phillips,linda71@example.org,2025-09-03 13:28:43,7,True
203,Michael Craig,zcoffey@example.net,2025-05-19 20:50:47,6,True
204,Alexis Herrera,vrichardson@example.net,2024-09-01 10:42:40,20,True
205,Mark Watson,thomasharvey@example.net,2024-06-24 20:48:15,10,True
206,Maria Reid,tblankenship@example.net,2024-08-07 08:01:02,8,False
207,Tracy Torres,pwilson@example.net,2024-09-30 18:49:04,15,True
208,Michael Paul,umatthews@example.org,2024-03-31 18:12:45,13,True
209,Sandra Gilbert,antonio53@example.com,2025-08-15 09:41:44,1,False
210,Jack Pollard,amy50@example.com,2024-10-24 21:56:06,14,True
211,Tiffany Holloway,batesdarlene@example.net,2024-07-03 20:44:33,15,True
212,Gavin Zhang,caseyhubbard@example.org,2025-10-11 09:54:07,15,True
213,Crystal Schroeder,ramireztracey@example.org,2025-01-27 13:33:35,20,True
214,Ashley Delacruz,alexistyler@example.org,2024-12-27 19:28:39,17,True
215,Derek Martinez,vfox@example.org,2025-01-28 21:28:57,6,True
216,Kayla Rodriguez,soniawilliams@example.net,2024-11-14 14:16:48,8,True
217,Victor Brown,bboone@example.net,2024-12-14 10:49:33,16,True
218,Jill Lam,charlene12@example.com,2024-03-13 09:04:45,10,True
219,Michelle James,shawn96@example.org,2025-02-21 10:57:34,3,True
220,Matthew Rich,russellbeasley@example.com,2025-06-14 09:44:09,7,True
221,Jason Davis,qedwards@example.com,2024-08-14 12:34:29,14,True
222,Kara Davis,daviscolin@example.net,2025-09-29 20:24:57,19,False
223,Anthony Frye,elizabeth65@example.net,2024-09-06 02:56:48,19,True
224,Thomas Williams,caroline51@example.net,2025-09-21 00:22:19,13,False
225,John Boone,megan51@example.com,2024-12-05 22:26:34,18,True
226,Sarah Villegas,lynchdiane@example.net,2025-01-19 21:31:14,9,True
227,Michael Parker,michael22@example.net,2024-06-27 03:21:42,13,True
228,Patrick Bonilla,reesejason@example.com,2025-03-15 20:58:08,20,True
229,Eric Nguyen,wareeric@example.net,2024-10-30 21:37:36,1,True
230,Jeremy Coleman,nperry@example.net,2024-02-03 13:55:29,6,True
231,Douglas Gregory,trose@example.org,2024-03-17 12:13:29,11,True
232,Mrs. Christine Dougherty,kathrynroberts@example.org,2024-05-27 21:17:48,14,True
233,Casey James,vincentwhitaker@example.com,2024-01-06 07:01:47,18,True
234,Amanda Smith,atkinsbarbara@example.net,2024-02-18 22:14:41,3,True
235,Donna Sullivan,george97@example.net,2024-09-27 18:48:01,8,True
236,Ryan Sanchez,zwarren@example.com,2025-09-07 02:09:15,5,True
237,Richard Jones,schmidtjames@example.com,2025-05-13 07:13:29,9,True
238,Maria Hernandez,thomasjames@example.net,2024-08-22 08:38:47,4,True
239,Angela Bean,kmarshall@example.net,2024-04-12 08:19:06,19,True
240,Kristy Reid,michelle52@example.com,2024-10-27 10:43:58,13,True
241,Eric Hill,bellcharles@example.com,2024-02-15 19:04:37,8,True
242,Ronald Jones,gilbertwilliam@example.com,2024-10-29 20:54:43,20,True
243,Nancy Williams,marcalvarez@example.org,2025-01-23 20:36:50,2,True
244,Robert Monroe,wagnergerald@example.org,2025-10-02 12:23:04,17,True
245,Kelly Bishop MD,paul59@example.org,2025-04-18 01:26:52,16,True
246,Andrea Davis,umitchell@example.net,2025-06-11 22:40:57,15,True
247,Brittany Miller,sabrinacollins@example.net,2025-10-07 13:46:33,9,True
248,Kurt Hurley,angelica52@example.net,2025-04-12 21:49:30,15,True
249,Yolanda Gaines,lucasrodney@example.com,2025-04-15 19:17:20,8,True
250,Trevor Peterson,ilee@example.org,2024-01-13 07:56:28,8,True
251,Ashley Wise,stanleynancy@example.net,2024-02-21 17:42:24,11,True
252,Christopher Guerra,jenniferwilliams@example.com,2024-03-28 21:11:31,7,True
253,Jeremy Mitchell,pyoung@example.com,2025-03-28 09:17:56,20,True
254,Stephanie Lee,smurray@example.com,2025-10-07 09:00:33,7,True
255,Christopher Gonzalez,moniquewilliams@example.com,2024-12-02 19:31:35,8,True
256,Ashley Singleton,mitchellkathryn@example.com,2025-08-07 18:31:28,1,True
257,Sandra Davis,lisawilkerson@example.org,2024-10-27 09:44:15,10,True
258,James Hughes,brooksanthony@example.org,2024-10-04 11:35:33,12,True
259,Raven Taylor,samantha72@example.net,2025-07-15 19:21:22,15,True
260,Susan Smith,marydunn@example.net,2024-11-09 09:07:46,7,True
261,Ricardo Young,williamsrobert@example.net,2025-02-11 19:48:44,6,True
262,Taylor Carlson,chenbailey@example.net,2024-11-01 19:17:46,19,False
263,Lucas Allen,qlopez@example.org,2024-04-06 16:18:06,7,True
264,Troy Stephens,myerstheodore@example.net,2024-12-16 11:19:00,18,True
265,Paul Kelly,cooperjessica@example.net,2024-09-15 05:03:35,10,True
266,Nicole Anderson,amy27@example.net,2024-03-10 08:55:48,16,True
267,Chad Baldwin,mjohnson@example.org,2024-11-16 01:18:30,16,True
268,Emily Collins,ihays@example.com,2025-06-13 08:03:16,16,True
269,Cheryl Kelly,glennmartin@example.org,2024-06-18 05:31:04,19,True
270,James Gonzales,lmorgan@example.com,2025-06-18 05:09:51,19,False
271,Robert Adams,acostachristian@example.net,2025-04-07 06:15:07,18,True
272,Edward Garcia,donna47@example.net,2025-10-27 17:50:39,8,True
273,Jeremy West,christina64@example.net,2025-04-25 11:58:28,10,False
274,Angela Walsh,william20@example.org,2025-10-17 23:19:36,20,True
275,Jessica Martinez,kimberlydiaz@example.com,2025-07-21 22:06:48,7,True
276,Christian Cole,nathan19@example.org,2025-09-27 10:05:10,8,True
277,Matthew Wright,johnsonjacob@example.net,2024-12-20 06:00:26,15,True
278,Deborah Green,nlewis@example.com,2024-09-15 14:02:14,10,True
279,Mrs. Brandy Jones MD,zosborn@example.net,2025-04-09 19:29:04,8,False
280,Miss Michelle Pierce,patricia22@example.com,2025-10-09 20:40:37,7,True
281,Curtis Taylor,jjohnson@example.net,2024-12-06 16:41:09,9,True
282,Kristen Salazar,jonesraymond@example.net,2024-09-03 06:10:50,10,True
283,Patricia Morrow,martinezlogan@example.org,2025-04-25 20:58:18,15,True
284,Haley Humphrey,katrinaanderson@example.net,2024-10-28 19:44:25,9,True
285,Caleb Hernandez,fernandodonovan@example.org,2025-09-01 14:05:38,2,False
286,Stephanie Singleton,james84@example.org,2024-08-19 19:38:16,1,True
287,Anna Davidson,georgeweber@example.net,2025-02-22 22:53:55,19,True
288,Amanda Shields,williamsdarlene@example.net,2024-08-13 02:48:43,9,True
289,Kenneth Montgomery,jimenezcourtney@example.com,2024-06-26 20:11:30,17,True
290,David Aguirre,eevans@example.net,2025-03-05 21:11:37,14,True
291,John Harris,larryhiggins@example.net,2024-02-10 15:05:30,12,True
292,James Hodges,floressteven@example.com,2025-10-22 10:06:54,6,True
293,Anthony Dougherty,kwright@example.com,2024-10-27 19:18:42,13,True
294,Cheryl Moore,tjimenez@example.com,2025-09-16 16:29:05,11,True
295,Kathy Levy,brandywilliams@example.com,2024-01-16 07:49:25,17,True
296,Martha Ruiz,booneryan@example.com,2024-11-27 00:55:34,15,True
297,Holly Morales,michaelroberts@example.com,2025-05-01 08:23:39,16,True
298,Diana Hays,andersoncolin@example.com,2024-12-03 20:13:17,18,True
299,Todd Fischer,carriemorales@example.org,2025-06-15 10:56:44,16,True
300,Gary Wells,ghernandez@example.org,2024-01-31 23:38:51,8,True
301,Carla Ewing,brittney88@example.net,2024-08-07 10:00:35,14,True
302,Karen Smith,emily69@example.com,2024-11-23 23:58:07,15,False
303,Melissa Johnson,pbaker@example.net,2025-06-17 18:09:31,10,True
304,Lauren Jackson,rhernandez@example.org,2025-01-21 09:53:30,16,True
305,Ashley Smith,robert63@example.com,2024-01-22 16:24:12,20,True
306,Kaitlyn Charles,thorntonapril@example.net,2024-12-01 21:55:04,9,True
307,Kelly Edwards,stevepatel@example.net,2024-08-05 21:21:59,17,True
308,Michelle Schneider,chelsea33@example.com,2024-08-25 00:46:19,19,True
309,William Evans,janet75@example.com,2025-01-08 18:55:09,15,True
310,Rebecca Hill,berryamy@example.com,2024-08-21 10:35:48,18,True
311,Regina Roberts,stephanie15@example.com,2025-07-01 22:55:12,8,True
312,Cindy Clayton,sarah42@example.org,2025-03-14 09:49:26,2,True
313,Dana Santiago,danawilliams@example.com,2025-02-15 15:58:51,13,True
314,Michael Taylor,richarddonovan@example.com,2024-08-08 18:52:41,5,True
315,Victor Morris,velezchristopher@example.net,2024-11-15 03:32:37,11,False
316,Sarah Johnson,robertmonroe@example.org,2024-06-04 21:28:06,17,False
317,Jon Zuniga,nancy04@example.net,2025-10-29 01:09:26,5,True
318,Frances Gibson,ismall@example.net,2025-02-07 20:16:21,20,True
319,Brian Martin,twong@example.org,2024-11-09 18:54:21,18,True
320,Edward Craig,gregorychase@example.com,2024-01-10 10:45:56,16,False
321,Angie Caldwell,tinawoods@example.org,2025-07-07 03:04:15,10,False
322,Jeremy Adams,kevin90@example.com,2024-01-05 19:27:06,4,True
323,Amy Wilson,erik84@example.net,2025-03-13 19:57:01,2,True
324,Elizabeth Mendez,susanmendoza@example.com,2024-03-19 05:22:23,14,True
325,Jennifer Dunn,ztodd@example.net,2025-05-15 16:36:43,6,True
326,Melanie Larson,foxallison@example.com,2025-07-06 07:55:24,20,True
327,Amy Kelley,ashleyhernandez@example.com,2024-02-22 15:37:09,8,True
328,Michael Love,gdavis@example.com,2025-07-25 09:16:42,1,False
329,Jose Bryant,hansenemily@example.com,2025-06-25 13:18:43,18,True
330,Robert Reese,williamsmelvin@example.org,2025-04-28 13:22:37,10,True
331,Steven Andersen,ajohnson@example.org,2024-12-28 13:16:29,10,True
332,Veronica Brewer,ybrooks@example.com,2025-05-29 11:30:06,8,True
333,Jaime Vega,desireebailey@example.org,2025-08-04 11:18:44,10,True
334,Cameron Irwin,avilatiffany@example.com,2025-10-26 20:25:17,1,True
335,Kim Morrow,stevenmoore@example.org,2025-03-26 19:47:03,20,True
336,Ashley Pacheco,bmendez@example.org,2025-09-19 20:57:18,8,True
337,Andrew Harper,sanchezbradley@example.com,2024-05-17 11:40:12,20,True
338,Scott Brown,jim95@example.net,2024-06-05 19:49:42,5,True
339,Erica Turner,valerieboyd@example.com,2025-02-04 21:41:02,10,True
340,Travis Hobbs,conniesimmons@example.com,2024-07-20 04:23:46,5,True
341,Mason James,heather62@example.com,2024-02-01 10:47:26,6,True
342,Kara Atkinson,meredith27@example.org,2024-09-08 20:56:23,17,True
343,Kristin Anderson,jonathanrivera@example.org,2025-01-11 10:10:16,16,False
344,Anna Hardy,brettbennett@example.net,2025-09-08 10:55:21,4,True
345,Chelsea Gill,timothybooth@example.com,2025-02-07 06:48:14,13,False
346,Christy Lee,burgesskaren@example.org,2024-07-21 20:23:05,13,True
347,Jennifer Allen,kimberly67@example.net,2025-04-10 16:29:23,9,True
348,Ian Andrade,ugarcia@example.com,2025-03-09 20:23:06,8,True
349,Dale Edwards,hartjeffrey@example.org,2025-05-24 18:35:20,20,True
350,Lauren Cortez,elijah53@example.com,2024-01-11 05:52:29,10,True
351,Juan Harding,jonathan77@example.com,2025-01-16 07:02:02,10,False
352,Caroline Cortez,iwhite@example.net,2024-04-22 07:15:56,18,True
353,Sara Jones,duranrobert@example.net,2025-10-02 13:42:47,18,True
354,Alexa Wagner,bruce97@example.net,2024-06-03 19:09:56,14,True
355,Juan Smith,amanda40@example.net,2024-11-22 20:39:26,9,True
356,Renee Browning,hullalice@example.org,2025-06-28 12:28:28,8,False
357,Robin Adams,zmiller@example.com,2024-05-08 07:43:23,18,False
358,Courtney Sutton DVM,davisnicholas@example.net,2025-01-12 18:03:25,9,True
359,Michele Miller,vnewman@example.net,2024-11-14 07:54:52,15,True
360,Stephanie Ellison,jasonparrish@example.net,2025-10-15 08:40:38,1,True
361,Benjamin Frost,whitemelissa@example.org,2024-11-14 10:08:50,19,True
362,Nicole Marquez,thickman@example.org,2025-10-05 20:35:13,19,True
363,Sarah Rhodes,patrick21@example.net,2025-01-12 21:21:49,5,True
364,Brent Hall,petersonkayla@example.net,2025-05-13 17:17:54,5,False
365,Alyssa Nelson,whenry@example.net,2024-09-22 16:51:11,4,True
366,Michael Guerrero,bartonkenneth@example.org,2025-09-21 03:00:22,8,True
367,Christian Dawson,jodistewart@example.org,2025-04-22 01:16:03,5,True
368,Jill Juarez,andersonjacob@example.com,2024-03-02 16:47:04,16,True
369,Ashley Davis,carlsonkristen@example.com,2025-01-07 11:37:06,15,True
370,Richard Hardy,ashleyjackson@example.com,2024-01-09 22:02:46,17,True
371,Derrick Thomas,ryanfisher@example.com,2024-04-23 18:01:03,16,True
372,Tony Le,mwheeler@example.com,2025-06-07 13:06:31,15,True
373,Travis Cook,vbrock@example.com,2024-03-12 06:38:09,3,True
374,Shannon Mccann,kevinmorrison@example.net,2024-08-11 18:37:35,11,True
375,Vincent Novak,jessica79@example.org,2024-05-14 17:18:29,17,True
376,Richard Diaz,brittanygardner@example.net,2024-08-06 07:44:07,18,True
377,Nicholas Hahn,samuelcarter@example.net,2025-05-28 09:28:56,8,True
378,Rebecca Chambers,cynthiaallen@example.net,2024-02-16 20:25:26,4,True
379,James Cole,iaguilar@example.net,2024-04-13 10:16:23,5,True
380,Jennifer Johnson,jacqueline89@example.net,2025-09-09 14:05:53,3,True
381,David Ortega,deborahwilliams@example.net,2025-09-03 07:47:23,5,True
382,Paul Sheppard,grodriguez@example.com,2025-03-29 17:35:35,11,True
383,Kristin Watts,seanmyers@example.net,2024-05-28 12:55:42,14,False
384,Haley Johnson,phillipssamantha@example.org,2025-01-28 19:18:38,10,True
385,Brenda Collins,hmueller@example.com,2024-03-18 17:13:09,16,True
386,Nathan Chavez,evanslisa@example.org,2024-08-21 07:54:35,12,True
387,Brian Marsh,zacharyarnold@example.com,2024-01-16 09:14:51,14,True
388,Crystal Sullivan,jacobsandoval@example.com,2025-01-09 23:52:39,20,True
389,Christina Vargas,nsmith@example.org,2024-01-20 17:38:59,9,True
390,Rebecca Ray,michaelgonzalez@example.org,2024-07-05 09:48:19,11,True
391,Kelsey Fowler,lcarr@example.org,2024-06-24 08:09:36,13,True
392,Lisa Cervantes,samantha91@example.net,2024-08-20 19:01:05,17,True
393,Eric White,williambarnes@example.org,2024-03-30 13:21:10,12,True
394,John Medina,angelaburns@example.org,2025-01-19 11:36:38,3,False
395,Lisa Glenn,washingtonjames@example.com,2024-05-05 08:48:39,2,True
396,Kathleen Cohen,cmckinney@example.com,2025-10-06 09:42:27,16,True
397,Rebecca Walker,hillamanda@example.org,2024-04-21 13:13:48,17,True
398,Patricia Simpson,armstrongjoseph@example.net,2025-06-06 13:18:43,19,True
399,Rodney Williams,bpayne@example.org,2025-07-04 18:02:14,13,False
400,Danielle Golden,colemichael@example.org,2025-05-07 05:13:19,7,True
401,Patricia Young PhD,michelle96@example.org,2024-10-20 20:18:20,4,True
402,Robin Trujillo,amanda98@example.org,2025-02-16 19:11:08,13,True
403,Donna Adams,taylorkaren@example.com,2024-08-04 09:35:53,12,True
404,Sharon Martinez DVM,dustinmorris@example.org,2025-09-06 21:02:27,1,True
405,Katherine Ray,courtney67@example.org,2025-05-24 07:20:36,14,True
406,Anna Robertson,heather57@example.com,2025-02-27 19:26:18,4,True
407,Raymond Oconnor,sreid@example.com,2024-08-06 22:10:51,20,True
408,Jennifer Donaldson,troymorris@example.com,2025-07-22 19:23:05,14,True
409,Kylie Washington,patricia00@example.org,2024-08-13 09:37:25,17,True
410,Alexis Noble,scottsmith@example.com,2025-02-22 21:47:21,8,True
411,Bonnie Santos,nancymcdowell@example.org,2024-05-15 08:32:40,4,True
412,Jacob Mckee,brettgarrett@example.net,2025-03-13 08:49:22,12,True
413,Matthew Padilla,lewischristian@example.net,2025-04-12 20:52:09,8,True
414,Alexandra Dominguez,mcneilrobert@example.org,2024-05-31 09:11:38,5,True
415,Brandon Shaffer,edwardsnicole@example.org,2024-11-15 18:11:49,16,True
416,Shelly May,caseyelliott@example.net,2024-09-13 17:37:28,19,True
417,Nathan Fuller,samanthajensen@example.com,2025-03-10 23:20:55,11,True
418,Brian Goodwin,bbell@example.com,2025-07-29 06:28:40,10,True
419,Matthew Wright,kimberly04@example.org,2025-06-13 17:22:32,3,True
420,Nicole Phillips,bowerslaura@example.org,2024-12-12 13:03:23,10,True
421,Jonathan Wheeler,hatfieldsarah@example.org,2024-11-27 21:54:05,20,True
422,Jennifer Payne,kathrynbest@example.org,2024-09-15 12:37:35,2,True
423,Dennis Williams,fryraymond@example.com,2024-01-12 20:41:12,11,True
424,Jennifer Miles,davidsonamanda@example.org,2025-02-24 15:03:28,4,True
425,Jorge Harris,amandamyers@example.net,2024-07-04 20:45:05,17,True
426,Maria Collins,pblair@example.org,2025-05-25 05:45:28,15,True
427,Audrey Salazar,parkerjudith@example.net,2024-06-12 18:23:23,10,True
428,Chad Smith,hbenton@example.net,2024-04-27 20:43:38,2,True
429,Carol Martinez,jessica10@example.com,2025-06-07 18:04:21,4,True
430,Austin Joseph,crawfordwilliam@example.org,2025-06-23 11:16:46,20,False
431,Holly Scott,shannonemily@example.org,2024-11-30 11:37:42,5,False
432,Amanda Roy,brandoncox@example.org,2024-06-01 10:41:44,13,True
433,Amanda Pratt,pwalker@example.com,2024-04-29 19:05:19,18,True
434,Roger Duncan,shawrachel@example.org,2025-09-04 20:52:08,17,True
435,Amber Morales,xcline@example.com,2024-05-29 18:32:23,1,True
436,Aimee Gonzalez,jodi37@example.com,2024-08-06 08:13:21,16,True
437,Raymond Gonzalez DVM,edwardrandolph@example.org,2025-01-30 23:09:04,10,True
438,Ryan Wiley,aaron64@example.org,2024-06-04 07:49:34,17,True
439,Mrs. Tonya Kaufman,jenniferdavis@example.org,2024-05-17 10:49:39,5,True
440,Mercedes Watson,carpenterwilliam@example.net,2025-08-23 08:11:53,20,True
441,Keith Graham,joelgreen@example.com,2025-07-02 08:28:02,14,True
442,Ronnie Nguyen,enelson@example.org,2025-09-11 19:28:39,10,True
443,Ashley Garcia,aowens@example.org,2024-04-01 20:14:34,8,True
444,Christine Parker,melissa12@example.net,2024-12-24 20:30:57,7,True
445,Lindsey Lewis,eddie35@example.com,2024-07-22 22:28:29,10,True
446,Debbie Ewing,cranemelissa@example.net,2024-12-09 15:26:10,7,True
447,Joel Lara,davidbrown@example.org,2025-05-15 07:16:03,16,False
448,Jacqueline Mccoy,aguilarjonathan@example.org,2024-03-28 16:06:45,17,False
449,Steven Ramos,christopherboone@example.com,2024-01-15 09:48:10,9,True
450,Amber Glass,zunderwood@example.com,2024-03-22 15:53:27,3,False
451,Carrie Lewis,joshuagriffin@example.org,2024-01-20 09:28:56,12,False
452,Danielle Phillips,eandrade@example.org,2024-01-24 12:25:32,12,True
453,Jason Day,crystalpham@example.org,2024-02-28 23:23:14,1,True
454,Heather Stephens,kcooper@example.net,2025-10-23 07:45:41,11,True
455,Alexander Harper,huangkimberly@example.org,2024-08-03 08:18:58,16,True
456,Hunter Silva,terrigarcia@example.net,2025-06-24 07:45:30,15,True
457,Raven Mclaughlin,barbaramcgrath@example.com,2024-06-10 21:01:16,7,True
458,Sarah Thompson,linda59@example.org,2024-08-25 17:46:38,17,True
459,Keith Thomas,marycochran@example.com,2025-04-15 20:15:19,4,True
460,Andrew Brown,andrewwoods@example.com,2024-12-28 13:50:39,15,True
461,Carlos Love,brian29@example.net,2025-09-06 20:31:38,18,True
462,Sarah Valencia,brookssheri@example.com,2025-09-05 15:15:45,5,True
463,Frank Daugherty,fconner@example.net,2025-01-27 00:22:15,19,True
464,Kristina Preston,jeffrey92@example.com,2024-07-31 18:05:33,12,True
465,Bethany Daniel,xrosales@example.net,2024-07-24 16:32:50,17,True
466,Tammy Ponce,daniellegarcia@example.com,2024-01-22 11:30:02,13,False
467,Cynthia Haas,daisymccarty@example.net,2024-04-04 09:01:22,3,True
468,Gabriela Smith,johnjones@example.com,2025-03-24 19:40:06,19,True
469,Amber Kim,acosta@example.com,2025-06-10 10:02:22,18,True
470,James Poole,franciscojones@example.org,2025-08-12 18:53:49,15,False
471,Trevor Jones,pamelamartin@example.org,2024-07-16 14:11:51,5,True
472,Anna Wheeler,bbush@example.net,2024-12-31 20:29:02,10,True
473,Brooke Garcia,terriortiz@example.net,2024-04-20 20:56:02,11,False
474,Deborah Campbell,codylong@example.net,2025-04-28 15:52:34,16,True
475,Isaac Patterson,madison97@example.org,2025-07-15 19:12:18,12,False
476,Mark Rowland,tanthony@example.com,2024-03-05 05:41:21,9,True
477,Deborah May,ylopez@example.com,2024-11-11 11:56:25,15,False
478,Jeremiah Baker,anne21@example.org,2024-05-04 12:11:31,16,True
479,Jennifer Avila,angelarandall@example.net,2025-03-22 20:17:51,3,True
480,Sharon Wells,thomasmiller@example.net,2024-10-07 06:38:52,6,True
481,Kellie Duncan,davidtodd@example.org,2024-01-24 10:05:20,10,True
482,Daniel Lee,hendersonvanessa@example.com,2025-09-26 17:27:10,15,True
483,Brittany Larson,renee11@example.com,2024-05-15 04:55:58,12,True
484,Shannon Stone,buchanancindy@example.net,2025-01-07 13:40:50,2,True
485,Chase Knight,buckleyanna@example.org,2025-06-06 18:23:32,6,False
486,Sheryl Humphrey,patrick79@example.net,2025-06-09 08:38:43,15,True
487,Jamie Montgomery,vwilliams@example.net,2024-11-12 06:49:41,12,True
488,Tammie Prince,morganlaura@example.com,2024-06-07 22:02:38,5,True
489,Michael Garcia PhD,kevinmanning@example.com,2024-07-06 22:23:28,3,True
490,Matthew Lopez,robinrussell@example.com,2024-06-29 16:25:20,9,True
491,Samantha Robertson,cameronmckinney@example.com,2025-05-23 07:47:11,16,True
492,Sherry Johnson,nancygonzalez@example.org,2024-03-31 21:07:16,9,True
493,Thomas Bush,micheal78@example.com,2024-06-15 09:39:18,16,True
494,Andre Watson,ethompson@example.net,2025-03-01 08:04:28,6,False
495,Ryan Green,mitchellpaul@example.org,2025-01-03 13:05:51,11,True
496,Cindy Walker,ericaadams@example.com,2025-07-25 19:35:34,10,False
497,Tracy Fleming,pbuck@example.org,2024-12-09 21:45:45,6,True
498,David Trujillo,jennifer46@example.com,2025-02-06 15:07:12,5,True
499,Daniel Turner,asilva@example.net,2025-07-23 14:23:35,19,True
500,Sara Hoffman,kenneth17@example.org,2025-10-30 20:35:08,20,False
501,Frederick Hill,jacob83@example.org,2024-08-12 06:25:45,16,True
502,Lindsay Guerrero,jenniferrios@example.com,2025-06-22 20:52:36,3,True
503,James Johnson,matthewreeves@example.net,2024-06-22 11:04:28,15,True
504,Susan Powers,megan82@example.com,2024-12-23 10:56:53,18,True
505,David Stokes,staceylam@example.net,2024-03-06 08:08:27,17,False
506,Patrick Parker,nathan94@example.com,2024-02-29 05:07:33,5,True
507,Sean Silva,kennedyjames@example.org,2025-07-23 08:59:45,8,True
508,Edwin Brown,derrickgonzalez@example.com,2025-08-03 22:57:18,3,True
509,Victoria Thomas,kimberlyfreeman@example.net,2025-10-22 18:35:17,5,True
510,Anthony Hayes,kathleenjackson@example.org,2025-10-22 18:05:32,6,True
511,Anita Mendez,epowell@example.com,2024-11-23 17:10:42,20,True
512,Monica Dodson,katherine83@example.org,2024-01-04 17:53:59,19,True
513,Danielle Steele,larry16@example.net,2025-03-28 21:05:02,19,True
514,Rodney Evans,stephen89@example.net,2025-01-28 08:36:26,20,True
515,Whitney Cooper,mhoward@example.org,2024-08-14 15:40:34,10,True
516,Jennifer Perez,jasonjohnson@example.net,2025-09-26 10:15:51,13,True
517,Matthew Johnson,kelsey90@example.net,2024-04-23 06:03:10,15,True
518,Martha Smith,butleromar@example.net,2025-10-27 13:21:38,5,True
519,Christine Jennings,turnerdorothy@example.net,2024-06-18 19:46:55,12,False
520,Mercedes Barnes,huntchristine@example.com,2024-12-14 08:23:32,18,True
521,Craig Gonzalez,marie35@example.net,2024-03-17 09:07:17,15,True
522,Joshua Lozano,arivera@example.org,2024-10-01 07:18:24,20,True
523,Sara Caldwell,stacychan@example.org,2025-03-25 22:57:10,11,False
524,David Hall,joseph01@example.org,2025-04-29 19:12:48,6,True
525,Heather Rhodes,grodgers@example.org,2025-08-07 15:31:56,10,True
526,Matthew Murphy,rfriedman@example.net,2024-01-07 07:25:32,15,False
527,Catherine Morales,ynelson@example.net,2024-03-03 09:22:03,2,True
528,Mariah Robles,andersonjessica@example.org,2025-07-23 17:53:41,16,True
529,Karen Carroll,ywhite@example.com,2024-03-10 01:06:27,5,False
530,Sheryl Acosta,timothyfreeman@example.com,2025-02-12 19:48:25,12,True
531,Matthew Smith,tiffanysantiago@example.com,2024-10-21 05:35:12,12,True
532,Lisa Reynolds,timothyalvarado@example.net,2024-12-13 06:32:28,18,True
533,Kristin Huerta,smithsarah@example.net,2024-09-14 23:43:39,4,True
534,Sheila Jones,vflores@example.com,2025-07-21 07:23:50,11,True
535,Mason Powell,christianwallace@example.net,2024-02-03 12:09:12,20,True
536,Jillian Wilson,bmcgee@example.org,2024-10-26 15:02:02,5,True
537,Joshua Petersen,pamela83@example.net,2024-09-26 20:33:29,5,True
538,Heidi Brown,meganrivera@example.net,2025-03-25 15:20:59,20,True
539,Heidi Chavez,malonejeffrey@example.com,2025-02-05 12:39:47,10,True
540,Rebecca Kelley,jacqueline02@example.com,2024-08-25 16:32:34,16,True
541,Mikayla Rodriguez,jacobconrad@example.com,2024-04-03 10:52:01,12,True
542,Cheryl Morgan,owilliams@example.net,2024-05-24 07:26:37,10,True
543,Joanna Barrett,tamarasmith@example.net,2025-01-28 19:44:40,1,True
544,Sara Webb,heatherthompson@example.org,2024-02-02 09:41:50,19,True
545,Lisa Morris,mbarnes@example.net,2024-03-10 19:37:30,6,True
546,Victor Waller,iballard@example.com,2025-05-25 19:49:53,13,True
547,Kayla Cameron,jennifer83@example.org,2025-02-07 19:02:36,4,True
548,Melissa Morse,tinasantos@example.org,2024-05-20 13:26:09,14,True
549,Erica Wilson,anna99@example.net,2024-12-03 12:49:39,16,False
550,Stephanie Ferguson,hstokes@example.org,2025-04-20 19:03:45,5,True
551,Michael Gonzalez,tonyavega@example.org,2024-01-17 17:42:30,17,True
552,Elizabeth Molina,howardshaun@example.net,2025-07-15 22:29:58,18,True
553,Sharon Newton,yyoung@example.net,2025-08-03 11:49:55,9,True
554,Tammy Hughes,tammy00@example.net,2024-07-11 08:15:17,18,True
555,Priscilla Berg,rhondabush@example.net,2024-06-17 22:19:49,10,True
556,Nancy Gonzalez,kellythompson@example.net,2024-09-03 19:31:20,16,True
557,Nancy Wilson,pattersonangela@example.org,2024-02-19 22:50:46,9,True
558,Abigail Owens,billmcfarland@example.net,2024-04-17 17:34:24,13,True
559,Lisa Stanley,jtyler@example.com,2024-02-04 22:51:09,10,True
560,Kelly Krueger,hartmanerik@example.net,2024-02-18 22:05:22,15,True
561,Daniel Lewis,mark43@example.net,2024-12-25 19:13:12,18,True
562,Samantha Zavala MD,sean99@example.org,2024-12-20 17:17:08,4,True
563,Erica Moon,cruzamber@example.com,2025-10-03 17:15:03,17,True
564,Patricia Robertson,stucker@example.net,2024-01-17 09:06:26,11,True
565,Tiffany Jackson,simsjason@example.net,2024-05-08 07:49:08,1,False
566,Jessica Garcia,elucas@example.net,2025-06-01 23:10:26,16,True
567,Mitchell Johnson,brownlaura@example.net,2025-04-03 08:18:20,10,True
568,Susan Russell,bmccoy@example.com,2024-02-17 21:05:41,19,True
569,Kimberly May,avilabrenda@example.net,2024-01-12 19:54:59,2,False
570,Jonathan Roberts,catherine47@example.com,2025-07-21 08:56:53,6,False
571,Kara Ferguson,julierobles@example.net,2024-09-21 04:53:25,16,True
572,Elizabeth Eaton,susan08@example.net,2024-07-16 19:55:59,10,False
573,Kenneth Long,torreskaitlin@example.net,2024-04-04 00:36:38,4,False
574,Matthew Hunt,jackjensen@example.com,2024-08-18 11:29:41,18,True
575,Robert Phelps,enewman@example.com,2024-05-10 21:08:54,17,True
576,Craig Carpenter,michael31@example.com,2025-03-25 08:07:21,6,True
577,Emily Hayes,heather29@example.net,2025-02-18 18:45:11,1,True
578,Jeffrey Smith,kristenjoseph@example.net,2024-08-31 20:36:43,7,True
579,Brandy Quinn,wford@example.com,2024-10-18 21:57:25,14,True
580,Matthew Miller,michele28@example.org,2024-11-21 06:42:06,6,False
581,Angela Jones,atkinsoncrystal@example.net,2024-06-25 14:59:15,1,True
582,Christy Johnson,amy87@example.net,2025-01-22 09:48:17,11,True
583,Daniel Barton,dennis88@example.org,2025-06-02 19:00:16,12,True
584,Mary Charles,katherinetaylor@example.org,2024-09-22 06:07:29,10,True
585,Mary Faulkner,ccrosby@example.org,2024-04-29 19:59:57,10,True
586,Dennis Young,aprilmoody@example.com,2025-05-24 18:18:23,20,True
587,Anthony Hooper,dakota84@example.net,2024-11-10 22:30:09,15,True
588,Carrie Valdez,briana18@example.com,2024-06-25 17:26:44,18,False
589,Kelli Gomez,tommy79@example.org,2024-09-08 20:51:42,7,True
590,Christopher Jones,jason22@example.com,2024-12-01 19:38:55,3,True
591,Mary Perry,jennifer77@example.com,2025-02-06 16:23:04,19,True
592,Roy Johnson,andersonbrittany@example.org,2024-05-20 20:57:32,7,True
593,Kenneth Brown,sandra86@example.net,2025-02-25 08:20:54,17,True
594,Sherry Luna,stacey37@example.net,2025-10-10 19:45:37,16,True
595,Carolyn Greer,laurahoover@example.org,2025-10-26 16:51:03,15,True
596,Carol Jennings,ecarlson@example.org,2025-02-20 12:36:03,18,True
597,Alan Mills,mserrano@example.org,2024-09-10 20:46:01,13,True
598,Linda Rich,davisdonna@example.net,2024-04-28 00:13:37,3,True
599,Todd Gregory,xboyd@example.org,2024-12-26 10:04:34,2,False
600,Todd Olson,zbell@example.net,2025-04-11 06:59:30,2,True
601,Laura Coleman,thomas31@example.com,2025-08-30 09:08:49,14,True
602,Deanna Smith,lanedavid@example.org,2025-02-04 21:28:55,13,True
603,Robert Ortiz,mooredenise@example.com,2024-09-07 19:42:55,18,True
604,Krystal Carr,afischer@example.net,2024-06-23 21:07:11,18,True
605,Mr. Justin King,becky62@example.net,2025-06-08 08:14:53,1,True
606,Richard Avery,lewisrichard@example.com,2024-03-20 23:29:43,18,True
607,Melinda Williams,aoconnell@example.org,2025-06-19 11:14:15,15,True
608,Kyle Davis,jeffrey19@example.org,2025-07-04 09:59:56,4,True
609,Jennifer Douglas,jennifer90@example.org,2025-04-29 18:39:49,1,True
610,Dakota Sandoval,james98@example.net,2025-03-04 06:38:02,15,True
611,Megan Ward,cantrellchristopher@example.com,2025-04-12 19:03:15,2,True
612,James Willis,mclaughlincasey@example.org,2025-06-05 09:13:48,2,True
613,Kristin Aguilar,sylvia43@example.net,2025-01-02 23:14:52,19,True
614,Jared Smith,richardrodriguez@example.org,2025-10-06 17:43:52,11,True
615,Bruce Palmer,nancy94@example.net,2024-12-02 21:42:33,8,True
616,John Sanchez,susan77@example.net,2024-10-23 09:35:37,6,True
617,Mr. James Kramer,ericahall@example.com,2025-07-30 12:31:03,12,False
618,Joseph Haynes,john16@example.net,2024-10-02 18:50:33,11,True
619,Justin White,michael94@example.org,2025-05-15 12:19:24,6,True
620,Susan Porter,jimmyallen@example.com,2025-09-25 14:54:14,10,False
621,David Montgomery,kimberlywilson@example.org,2024-05-18 08:29:58,2,True
622,Lisa Duran,charlesnathan@example.com,2025-03-28 22:35:33,5,True
623,Dr. Sheila Henry,raymond92@example.org,2024-11-25 09:21:41,3,False
624,Todd Johnson,phillip27@example.org,2024-12-17 20:05:34,7,True
625,Michael Smith,nicolasgarcia@example.com,2025-04-12 12:38:38,2,False
626,Joshua Young,vmullen@example.com,2025-02-13 08:48:37,18,True
627,Jason Goodwin,melissa47@example.org,2024-05-03 08:58:21,10,False
628,Melissa Olsen,linda86@example.com,2025-01-17 01:59:12,4,True
629,Nancy Kennedy,thompsonvictor@example.net,2024-05-11 20:58:15,20,True
630,Rachel Evans,rosshannah@example.org,2024-12-11 12:15:35,11,True
631,Ryan Davis,jordan58@example.net,2024-05-24 11:34:41,12,True
632,Alejandro Martinez,barbarasantos@example.net,2025-09-15 11:56:31,15,True
633,Heather Nunez,champton@example.org,2024-04-26 23:30:48,11,False
634,Mark Thomas,daniellemcfarland@example.com,2024-09-11 11:26:02,19,False
635,Sarah Jones,matthewedwards@example.net,2025-02-26 19:01:16,18,False
636,Matthew Nelson,xnorman@example.net,2024-07-13 17:26:18,5,True
637,Jennifer White,martinezjimmy@example.com,2025-01-27 09:36:53,8,True
638,Angela Jackson,davissharon@example.com,2025-09-21 18:43:21,9,True
639,James Hubbard,garciachristine@example.org,2025-01-01 14:46:41,16,True
640,Ellen Wright,scott22@example.net,2025-03-14 19:22:10,5,True
641,Matthew Dalton,michelle78@example.com,2025-07-14 14:58:56,18,False
642,Travis Ryan,owelch@example.net,2025-01-01 22:33:02,3,False
643,Kimberly Stout,zfernandez@example.org,2024-10-17 18:48:00,14,True
644,David Torres,millskatherine@example.org,2024-10-22 18:04:45,5,True
645,Adam Weeks,xevans@example.com,2024-08-18 16:23:03,20,True
646,Rebecca Kelley,robertcastro@example.com,2025-06-17 22:58:30,16,True
647,Maria Clayton,josehenderson@example.org,2024-06-16 16:26:00,1,True
648,Lisa Benson,justin84@example.com,2024-12-11 09:18:01,17,True
649,Chad Rodriguez,rwilliamson@example.net,2024-05-05 19:51:58,6,True
650,Alec Williams,lopezcurtis@example.com,2025-02-20 07:09:15,7,True
651,Adam Davis,snydermatthew@example.com,2024-03-24 09:22:17,13,True
652,Mr. Michael Johnson Jr.,brianrowe@example.org,2025-06-09 22:29:36,8,False
653,Steven Wright,hclayton@example.net,2024-12-29 09:43:52,3,True
654,Jessica Rojas,gonzalezjill@example.org,2024-06-15 21:48:02,3,True
655,Mrs. Melanie Collins,eric08@example.net,2024-12-14 12:30:03,1,True
656,Mr. Isaac Williams,teresayoung@example.com,2024-03-22 06:54:27,11,True
657,Donald Wilson,albertwilliams@example.net,2024-08-05 21:06:57,17,False
658,Jacqueline Davis,vincentparks@example.com,2024-11-13 09:57:55,19,True
659,Lori Brown DDS,martinezjesse@example.net,2025-09-14 05:04:43,9,False
660,Renee Gonzales,andrewgray@example.net,2025-06-11 17:02:11,11,True
661,Karina Kim,amy73@example.net,2024-03-31 09:09:48,13,False
662,Nicholas Hill,caseymoore@example.com,2024-05-04 10:36:15,19,True
663,Jordan Parsons,bgross@example.net,2025-07-02 11:57:34,11,True
664,Cynthia Le,rlee@example.com,2025-07-27 19:50:44,3,True
665,Douglas Ortiz,daniel81@example.org,2025-05-27 23:03:06,14,True
666,Shane Harris,clee@example.net,2025-07-12 06:38:49,20,False
667,John Hanson,brandon39@example.net,2025-03-05 12:49:20,1,True
668,Christine Henry,mcdonalddanielle@example.com,2024-02-17 20:28:31,8,True
669,Jennifer Wood,colonjoseph@example.org,2025-01-08 22:27:11,19,True
670,Angela Lewis,garciajerry@example.com,2025-05-06 06:39:18,8,True
671,Danielle Garrett,angelagrant@example.net,2024-05-06 06:09:24,5,True
672,Heather Ellis,kandrade@example.org,2024-03-11 10:06:05,1,False
673,Mary Ferguson,umahoney@example.net,2025-01-02 13:48:17,4,True
674,Jacob Duran,umckenzie@example.net,2025-10-25 09:28:35,18,True
675,Jaime Pierce,michael77@example.com,2024-06-10 07:05:22,18,True
676,Duane Smith,victoriaturner@example.com,2024-01-01 17:20:55,13,True
677,Ethan Ingram,samantha88@example.net,2025-10-20 12:49:05,18,False
678,Andrew Kelly,josephpreston@example.org,2025-09-11 23:36:33,6,True
679,Anna Ross,jessicacummings@example.com,2024-06-04 08:17:19,9,True
680,Melissa Johnston,larsonkevin@example.net,2024-04-25 05:27:17,14,True
681,Richard Weeks,michael66@example.org,2025-06-24 20:23:16,8,True
682,Matthew Guzman,walterscrystal@example.org,2025-08-04 15:39:12,15,True
683,Joshua Hernandez,ericnunez@example.com,2024-07-22 10:25:21,20,True
684,Laura Davis,zroberts@example.org,2025-10-11 21:28:21,14,True
685,Kenneth Williams,zbaker@example.net,2024-03-29 21:38:08,10,True
686,Pamela Castillo,tonypearson@example.org,2024-10-17 22:12:30,11,True
687,Kelly Allen MD,kmorris@example.org,2025-01-10 12:20:18,16,False
688,Jacob Lee,brittney04@example.org,2024-03-16 20:20:24,9,True
689,Wanda Ramos,scottglass@example.org,2025-10-22 12:07:59,19,True
690,Peter Farrell,singhjohn@example.net,2024-05-13 23:11:43,18,True
691,Samantha Smith,torresthomas@example.com,2025-09-11 19:45:13,15,True
692,Christina Mills,ana92@example.net,2024-05-19 20:04:52,14,True
693,Kevin Alvarado,scottbrian@example.org,2025-04-12 08:19:15,9,True
694,Amy Pena,jonesdonna@example.net,2025-06-11 19:50:24,3,True
695,Sharon Smith,yhall@example.net,2025-07-24 17:37:25,18,True
696,Ethan Delacruz,lopezvincent@example.com,2025-10-15 21:44:26,18,True
697,Amanda Nielsen,matthew62@example.org,2025-01-10 22:44:57,18,True
698,Mario Young,lisa46@example.org,2024-08-19 21:06:49,8,True
699,Courtney Peterson,fsandoval@example.net,2025-09-23 11:41:39,2,True
700,Lisa Garrett,robertberry@example.com,2024-09-12 18:41:25,11,False
701,Erin Daniels,denisecarpenter@example.net,2025-10-11 13:00:06,9,True
702,Ellen Thornton,russellstout@example.org,2025-06-19 19:35:37,19,True
703,Brooke Jones,whitemary@example.org,2025-03-15 12:29:49,19,True
704,Sheryl Gutierrez,vturner@example.net,2025-05-01 08:01:30,4,True
705,Richard Rodriguez,anthonyodom@example.net,2025-09-16 21:05:07,5,True
706,Crystal Hall,howardhailey@example.com,2024-06-27 10:50:13,17,True
707,Julie Banks,melissahenry@example.org,2024-03-30 15:28:46,15,True
708,Jason Novak,stephanie33@example.org,2024-04-19 10:51:45,4,True
709,Victoria Camacho,dwatts@example.org,2024-02-14 10:06:43,6,False
710,Lisa Holloway,phillip99@example.net,2024-10-13 19:33:11,18,True
711,Rachel Meyer,cbryant@example.org,2024-12-17 16:29:14,13,True
712,Nicholas Grant,leescott@example.com,2024-12-13 08:42:27,13,True
713,Christopher Phillips,vaughnrebecca@example.com,2025-06-01 18:12:28,19,True
714,Nathan Wilson,phillipmorris@example.org,2025-07-09 00:13:13,9,True
715,Michelle Harris,udavis@example.net,2024-04-29 20:04:36,4,True
716,Carly Quinn,wilsonshannon@example.com,2025-03-09 16:23:20,7,True
717,Monica Hester,nicholasjames@example.org,2024-02-27 09:55:31,17,False
718,Mary Hernandez,haroldjoseph@example.com,2025-09-02 10:24:39,13,True
719,Tonya Roberts,davidanderson@example.org,2024-07-25 11:54:29,20,True
720,Alexandria Jimenez,astephens@example.net,2024-01-03 19:51:19,20,True
721,Kevin Alvarez,mramos@example.net,2025-08-13 18:20:07,8,True
722,Diana Fuller,brandonhernandez@example.net,2024-01-05 08:44:09,17,True
723,Andrew Lane,mark10@example.org,2024-08-21 17:36:24,14,True
724,Michael Carr,tammycurry@example.com,2024-10-05 18:44:58,6,True
725,Edwin Richardson,wwilkins@example.com,2025-09-15 14:08:11,11,True
726,John Martinez,mark68@example.org,2025-07-18 18:55:22,1,True
727,Ashley Blair,webbhaley@example.net,2025-04-10 08:24:35,17,True
728,Emily Fox,sara99@example.com,2024-07-11 12:31:26,15,True
729,Katherine White,jeanettekrause@example.org,2024-12-13 06:01:50,8,True
730,Robert Mclaughlin,laurenduarte@example.com,2024-03-20 09:34:18,6,True
731,Robert Lewis,hannahking@example.org,2024-01-31 17:49:49,16,True
732,Erica Smith,matthew99@example.org,2024-07-24 07:07:17,18,True
733,Roy Nielsen,zhendricks@example.org,2025-07-10 11:52:48,2,True
734,Mr. Steven Herrera,steven60@example.net,2025-03-07 13:13:27,4,True
735,Emily Herrera,barbararivera@example.com,2024-07-19 18:15:19,2,True
736,Ryan Morgan,ksims@example.net,2024-02-14 11:52:05,15,False
737,Bruce Patton,janet50@example.com,2025-02-09 08:51:15,7,True
738,David Hayes DVM,aliciathompson@example.com,2024-10-03 17:22:55,20,True
739,Susan Wallace,lloydrebecca@example.org,2025-06-09 08:08:50,7,True
740,Morgan Mills,douglas18@example.net,2024-05-07 20:36:22,18,True
741,Andrew Hughes,smithsarah@example.net,2025-10-26 16:20:45,10,True
742,Felicia Small,meyerdonna@example.com,2025-07-21 09:54:32,4,True
743,Margaret Clark,jameshill@example.com,2024-01-16 19:26:58,2,False
744,Denise Moore,smithcindy@example.net,2025-05-31 21:08:44,5,True
745,Kirsten Nelson,audrey21@example.com,2024-03-09 19:53:15,13,True
746,Jeremy Anderson,dberger@example.org,2025-02-14 17:17:40,14,True
747,James Bush,tjensen@example.com,2024-09-13 06:50:56,3,True
748,Megan Ferguson,fbradley@example.net,2025-06-30 19:44:59,12,True
749,Michael Mckinney,oruiz@example.org,2024-11-09 15:37:00,3,True
750,Susan Myers,kristina57@example.com,2025-07-30 13:42:44,12,False
751,Gregory Murray,justinbailey@example.net,2024-01-21 20:25:13,14,True
752,Robert Robles,angela14@example.net,2024-03-26 14:20:53,10,True
753,Cynthia Sanchez,terrireyes@example.com,2024-11-04 17:36:54,16,True
754,Jessica Baird,amy32@example.net,2024-05-19 21:48:03,2,True
755,Michelle Copeland,vargassteven@example.net,2025-03-23 20:29:01,4,False
756,Eric Sullivan,jenningscandace@example.com,2024-03-06 08:29:00,14,True
757,Amy Robinson,paigeberger@example.net,2024-08-07 19:08:56,10,True
758,Mary Chavez,peter97@example.org,2025-06-25 22:17:05,12,True
759,Elizabeth Bauer,samantha65@example.org,2024-05-17 11:57:41,6,True
760,Kayla Abbott,bryan80@example.org,2025-01-24 18:46:44,8,True
761,Heather Callahan,youngjacqueline@example.com,2025-04-15 06:06:00,7,True
762,Jennifer Graham,elainewells@example.org,2025-02-22 08:14:33,15,True
763,Heather Butler,whitney22@example.org,2025-01-06 19:52:07,14,True
764,Nathan Tucker,iproctor@example.org,2024-02-17 15:14:24,3,True
765,Shannon English,dhanson@example.net,2024-04-01 07:20:23,10,True
766,Janice Perez,kjacobs@example.com,2024-10-10 20:48:55,5,True
767,Jonathan Jenkins,arthur09@example.com,2025-07-20 19:04:33,19,True
768,John Vaughn,jessicafox@example.com,2025-04-16 18:28:22,7,True
769,Steve Davis,qmccoy@example.net,2024-11-07 08:26:39,15,False
770,Rebecca Edwards,bergeramanda@example.org,2024-02-22 06:06:08,4,True
771,Julie Gross,zgomez@example.com,2024-11-09 12:27:20,5,True
772,Thomas Curry,bryan79@example.org,2024-07-12 18:15:35,20,True
773,Dorothy Mclaughlin,mitchellchristopher@example.net,2025-01-18 18:49:44,1,True
774,Darlene Gilbert,michaela01@example.net,2024-02-21 18:19:13,17,True
775,Brittany Griffin,josehaynes@example.com,2024-04-26 08:25:18,2,True
776,Amanda Riggs,caitlinunderwood@example.com,2024-04-30 20:15:31,13,True
777,James Guerrero,jasonnavarro@example.com,2025-05-18 15:38:04,17,False
778,Robert Williams,tross@example.com,2024-02-06 01:23:59,11,True
779,Kim James,jwells@example.net,2025-05-14 21:36:26,12,True
780,Timothy Cole,suzanne01@example.net,2025-08-05 08:30:49,3,True
781,Jessica Hull,matthew41@example.com,2025-03-02 06:16:13,2,False
782,Raymond Curry,aprilbyrd@example.org,2025-03-13 22:25:32,10,True
783,Adam Jones,gdavis@example.net,2024-07-28 15:26:27,13,True
784,Douglas Lee,harveybrian@example.net,2024-10-25 16:39:09,9,True
785,Tiffany Little,millercassandra@example.com,2025-03-15 07:58:13,5,True
786,Kylie Coffey,dominguezjon@example.com,2025-03-15 12:40:48,3,True
787,Jesse Carney,qschwartz@example.com,2025-03-17 13:54:15,2,True
788,Destiny Brown,dcook@example.com,2024-06-21 21:07:29,20,True
789,Jeremiah Vasquez,chelseywhite@example.com,2025-10-01 10:47:42,6,True
790,Jessica Mendez,gainesjennifer@example.org,2024-03-13 19:44:00,6,True
791,Nicholas Waters,mosleyeduardo@example.net,2024-01-24 11:33:50,9,True
792,James Hernandez,rebecca90@example.net,2024-01-01 07:49:55,9,True
793,Karen Powell,fernandezaaron@example.net,2025-04-18 07:57:01,11,True
794,Mr. Timothy Howard,richard15@example.net,2025-07-01 09:04:16,19,True
795,Ryan Hodges,deborah28@example.org,2025-07-24 15:32:23,2,True
796,Elizabeth Price,mccoymichael@example.org,2025-10-09 17:23:10,9,True
797,Collin Johnson,cortezbrittany@example.com,2025-08-15 21:43:46,4,True
798,Maria Porter,blevy@example.org,2024-09-17 15:02:54,1,True
799,Nathan Sullivan,lindsaycontreras@example.com,2024-08-14 14:24:58,5,True
800,Kimberly Figueroa,sandyjohnson@example.org,2025-09-20 22:02:35,14,True
801,Terry Montgomery,jacquelineanderson@example.org,2024-11-23 09:58:46,11,True
802,Samantha Davis,marybrown@example.org,2025-02-27 06:23:07,17,True
803,Lisa Brown,ronaldcain@example.net,2024-03-17 05:14:51,17,False
804,William Johnston,marcoconnell@example.org,2025-03-29 22:04:56,15,False
805,Gabriela Martinez,katherinejackson@example.com,2025-05-26 20:19:20,3,True
806,Timothy Williams,moodycrystal@example.com,2025-01-05 01:12:18,19,True
807,John Smith,saramann@example.net,2025-06-04 19:15:29,12,True
808,Robert Barton,jamiebowman@example.net,2025-08-16 15:49:49,7,True
809,Christopher Holt,jennifersalazar@example.org,2024-10-28 16:50:15,5,True
810,Hannah Smith,jamesdowns@example.org,2025-02-23 13:14:34,12,True
811,Victoria Romero,qtownsend@example.org,2025-02-18 19:00:21,1,True
812,Robert Jennings,kjimenez@example.net,2024-07-03 11:47:46,10,True
813,Jackson Clark,matthew70@example.org,2025-09-09 16:15:26,16,False
814,Casey Floyd,erobertson@example.org,2025-05-10 22:09:45,9,True
815,Erika Gonzalez,jerry15@example.org,2025-04-27 21:57:54,17,True
816,Sheila Bennett,charlesrichards@example.org,2024-03-06 21:29:47,3,True
817,Timothy Gibson,dbrooks@example.net,2025-08-18 15:40:52,13,True
818,Derrick Rogers,schwartzbrian@example.org,2024-05-09 17:27:42,5,True
819,Jason Wolf,oliviamunoz@example.net,2024-03-15 09:20:59,13,True
820,Laura Tran,christophervincent@example.com,2025-09-29 19:20:28,9,True
821,John Ford,blairjill@example.org,2025-07-30 22:08:49,19,True
822,Daniel Pennington,robinvillanueva@example.com,2024-06-14 07:28:29,11,True
823,John Mack,simmonsphillip@example.net,2025-10-17 16:49:13,15,True
824,David Hansen,steelerichard@example.org,2025-07-03 09:07:05,6,True
825,Matthew Davis,kcaldwell@example.net,2024-03-29 10:45:44,20,True
826,Lauren Bray,tingram@example.com,2024-11-03 20:20:09,3,True
827,Lori Padilla,daltonchad@example.net,2024-05-03 22:25:32,2,True
828,Jeffery Nelson,kristinmiller@example.com,2024-08-10 10:11:01,13,False
829,Tony Leonard,rodriguezmichael@example.net,2025-05-07 16:35:15,4,True
830,Matthew Bush,devonrogers@example.net,2024-01-28 20:08:07,1,True
831,Todd Carpenter,karenhodges@example.com,2024-03-16 20:14:08,7,True
832,Michael Ramirez,watsonshaun@example.net,2024-08-23 11:40:41,3,True
833,Michael Gregory,shannon51@example.org,2024-12-18 09:52:04,1,False
834,Bobby Hurst,susan11@example.org,2025-08-19 08:41:28,5,True
835,Kathleen Golden,cartertara@example.net,2024-07-03 20:51:21,4,True
836,Jason Rojas,carterbryan@example.org,2025-09-15 13:10:59,19,True
837,Gabriella Lane,todd88@example.com,2025-07-12 19:31:01,13,True
838,Stephanie Parker,jeremy54@example.org,2024-11-02 08:13:58,6,True
839,Tyler Montgomery,jennifermitchell@example.org,2024-04-09 13:09:02,20,True
840,Mary Hernandez,darylchaney@example.net,2025-07-15 09:18:31,14,False
841,Cody Hart,wadetiffany@example.org,2024-03-25 14:05:17,13,True
842,Carla Turner,sullivanvictor@example.org,2024-09-06 08:56:51,17,True
843,Brittney Cordova,deborah47@example.com,2025-09-26 23:34:50,1,False
844,Wendy Estrada,hmorgan@example.net,2025-10-10 20:22:30,18,True
845,Michael Wilson,moralesmary@example.com,2024-11-16 11:36:32,11,True
846,Lee Lee,kimberlywang@example.org,2024-08-27 08:20:38,8,True
847,Jill Powers,daughertypreston@example.com,2024-01-16 20:17:03,16,True
848,Terri Kerr,raymond65@example.com,2024-07-31 20:14:10,4,True
849,Gregory Madden,lewispamela@example.net,2024-09-06 09:34:52,2,True
850,Donna Shaffer,achandler@example.org,2025-10-26 22:36:54,13,True
851,Briana Turner,carl96@example.org,2025-07-12 20:54:11,6,True
852,Denise Thompson,wpage@example.org,2024-01-05 10:47:44,12,False
853,Donna Henry,mary47@example.net,2024-05-13 03:44:22,19,True
854,Rick Moore,stephanie71@example.net,2025-05-09 17:12:53,16,True
855,Christopher Knox,anthonyhubbard@example.com,2025-03-21 08:02:05,2,True
856,Patrick Perkins,ooneill@example.net,2025-10-27 09:33:30,1,True
857,Barbara Hunt,brucefrancisco@example.org,2024-11-14 18:51:08,11,True
858,Michael Howard,nelsonrobert@example.com,2024-04-07 21:54:55,11,True
859,Mark Jones,katiewhite@example.org,2024-02-02 08:45:58,5,True
860,Frank Stewart,joseph51@example.net,2025-02-04 20:55:23,3,True
861,Alexandria Holmes,kimberly65@example.org,2025-01-23 22:25:37,4,True
862,Daniel Lopez,butlersabrina@example.org,2024-03-09 11:10:46,14,True
863,Karen Collins,don79@example.net,2025-07-01 22:41:20,6,True
864,Michael Johnson,walkermelissa@example.org,2025-05-25 17:56:59,20,True
865,Daniel Zavala,yvazquez@example.org,2025-04-05 09:37:52,6,True
866,Nicole Williams,johnsondonna@example.net,2024-02-22 19:18:08,6,True
867,David Jones,websterkimberly@example.net,2024-02-09 22:36:25,19,True
868,Cathy Bell,thomasjulie@example.com,2024-05-17 17:58:51,20,True
869,Christopher Mason,williamjones@example.net,2025-09-26 17:59:31,5,True
870,Michelle Brandt,rachelmedina@example.net,2025-05-25 07:22:20,6,True
871,Jonathan Zimmerman,helen27@example.net,2024-03-07 22:52:45,11,True
872,Henry Gray,willierussell@example.com,2025-10-02 09:15:44,3,True
873,Chad Farmer,angela01@example.com,2024-03-23 20:46:00,2,True
874,Jesus Fitzgerald,aperez@example.com,2024-11-26 19:10:56,14,True
875,Scott Jacobson,xcrosby@example.org,2025-10-20 11:34:24,4,True
876,Megan Sanders,wilsonralph@example.net,2024-01-09 20:36:41,8,True
877,Timothy Levine,coxjames@example.org,2025-01-30 06:54:02,10,True
878,Barbara Massey DDS,kathy99@example.com,2025-02-02 10:06:04,11,True
879,Terri Kelly,garcher@example.com,2025-05-20 11:46:04,18,False
880,Bryan Burns,courtneytaylor@example.org,2024-04-08 23:21:38,20,False
881,Kathleen Johnson,patrickshelton@example.org,2025-05-08 19:27:41,6,True
882,Paige Guerrero,msparks@example.com,2024-07-21 13:03:06,11,True
883,Dennis Cooper PhD,cisnerosanthony@example.com,2025-03-18 08:44:35,18,True
884,Jerry Farrell,cstevens@example.org,2025-08-11 09:15:06,2,True
885,Elizabeth Mccarthy,tjordan@example.net,2025-01-07 16:31:09,2,True
886,Laura Henry,kalvarez@example.net,2024-09-17 12:18:52,20,True
887,Kevin Gray,katie45@example.org,2024-02-07 07:13:10,10,False
888,Russell Bailey,hubbardcolleen@example.com,2024-01-19 14:07:19,13,True
889,Hunter Bell,johnwong@example.net,2024-03-06 21:16:05,18,True
890,Sheila Wilson,andrewnguyen@example.com,2024-02-26 11:24:23,6,True
891,Jose Fisher,dominguezbrianna@example.com,2025-03-16 10:29:16,8,True
892,Kenneth Stokes,vazquezjamie@example.com,2024-09-09 17:09:48,4,True
893,Gina Mendez,tara37@example.net,2024-12-02 10:34:26,19,True
894,Sara Herrera,joseph49@example.com,2025-07-20 06:24:52,17,True
895,Tina Robbins,vargasjoshua@example.net,2025-06-22 16:55:59,16,True
896,Daniel Flynn,william46@example.net,2025-06-19 09:19:05,13,False
897,James Weber,jpowers@example.org,2024-12-27 19:32:36,17,True
898,Kelli Lopez,vlewis@example.com,2025-08-12 19:39:09,4,False
899,Rhonda Farrell,umichael@example.net,2024-06-28 13:10:13,7,True
900,Joel Allen,megan65@example.org,2024-02-10 13:43:27,7,False
901,Debra Mitchell,jonathanburke@example.com,2025-02-28 18:53:38,9,True
902,Alexis Robles,steven86@example.com,2024-06-08 19:51:04,3,True
903,Christopher Taylor,kristine48@example.org,2025-03-08 12:20:54,9,True
904,Nathan Casey,heathchristopher@example.net,2025-03-07 21:00:50,20,True
905,Troy Mosley,sandersmary@example.org,2024-07-18 20:07:26,5,True
906,Kathryn Martinez,tyler13@example.net,2024-06-06 17:48:06,4,True
907,Erin Silva,vshaffer@example.org,2024-03-22 07:18:55,18,False
908,Brian Lewis,scott49@example.org,2025-09-17 21:16:24,16,True
909,Travis Stewart,pwells@example.com,2024-11-24 15:11:17,13,True
910,Heidi Baldwin,andrew90@example.net,2025-08-11 18:44:25,2,True
911,Melissa Mccormick,johnnycruz@example.net,2025-03-19 21:44:15,2,True
912,Robert Martinez,miaprice@example.com,2025-10-03 21:57:23,1,True
913,Elizabeth Mayer,kennethvillarreal@example.org,2025-09-12 20:19:17,16,False
914,Sherry Wang,rmccormick@example.org,2025-09-04 19:55:14,5,True
915,Kaitlin Gutierrez,jennifer12@example.net,2025-07-04 19:49:52,11,True
916,Jason Daniel,shawn00@example.net,2024-06-23 13:41:05,7,True
917,Rachel Taylor,tgonzalez@example.com,2025-03-05 21:26:47,16,True
918,David Reeves,melaniejennings@example.com,2025-01-20 21:52:03,17,True
919,Brandi Thompson,lauren31@example.com,2024-10-29 06:45:32,13,True
920,James Davenport,andrewjohnson@example.net,2024-09-02 21:56:36,1,True
921,Susan Mccann,josechristian@example.org,2025-03-08 21:12:53,2,True
922,David Davis,george91@example.org,2024-09-25 13:58:23,7,True
923,Thomas Chavez,twilson@example.org,2025-04-25 20:32:25,4,True
924,Rachael Roberts,breyes@example.org,2024-05-07 09:31:38,15,True
925,Diane Byrd MD,bsparks@example.com,2025-02-05 21:37:35,12,True
926,Jerry Wright,emiller@example.org,2025-10-15 20:16:47,3,True
927,Jennifer Lewis,verickson@example.net,2025-08-05 11:10:54,19,True
928,Anthony Cook,thomasgomez@example.net,2024-06-20 08:14:41,8,True
929,Linda Goodman,smithwilliam@example.com,2025-09-20 10:26:32,1,False
930,Jacob Donaldson,carpenterjorge@example.net,2024-07-21 22:43:00,16,False
931,John Davis,hthomas@example.com,2024-11-25 18:38:51,1,True
932,Seth Davenport,sara44@example.net,2024-01-30 18:19:45,9,True
933,Kelly Graham,leslievang@example.org,2025-07-08 11:22:29,9,True
934,Mallory Gonzales,edgarhall@example.org,2025-01-06 10:33:52,20,True
935,John Wilson,wwilliams@example.net,2024-11-10 07:32:42,12,True
936,Brian Cortez,daviddavis@example.com,2025-01-10 17:18:19,4,True
937,Jordan Nelson,brandybonilla@example.net,2024-04-30 10:17:40,11,False
938,Thomas Sanchez,vrhodes@example.org,2025-05-28 09:45:57,10,True
939,Mrs. Jacqueline Hickman,hooderic@example.org,2024-07-09 15:15:57,2,True
940,Karen Fuller,brooke05@example.org,2024-11-03 20:38:25,11,True
941,Erika Dennis,jasonwilliams@example.net,2025-03-14 19:41:31,10,True
942,Natasha Payne,qdavis@example.org,2024-07-08 12:24:47,2,True
943,Jennifer Smith,frankchan@example.com,2024-06-09 23:52:12,11,True
944,Brittany Evans,tfitzgerald@example.net,2025-03-08 09:34:40,16,False
945,Brendan Richardson,tracymcclure@example.com,2025-02-07 18:32:19,6,True
946,Ann Henderson,christina66@example.org,2024-06-28 21:11:18,4,True
947,John Walker,sarahrose@example.net,2024-01-28 19:46:51,18,True
948,Jeffrey Solomon,ievans@example.net,2024-12-17 08:43:57,11,True
949,Kelly Phillips,arnoldsamantha@example.net,2025-08-27 09:14:47,10,True
950,Brandon Guerrero,michael91@example.net,2024-03-13 21:23:16,19,True
951,Julie Hartman,awilliams@example.net,2024-01-11 21:30:03,19,True
952,Jordan Santiago,matthew23@example.org,2024-07-18 18:30:56,7,True
953,Mrs. Megan Hamilton,smithdarryl@example.org,2024-02-22 21:24:33,10,True
954,Jared Sandoval,nturner@example.com,2025-03-14 21:09:08,7,True
955,Megan Ballard,martinezalexander@example.org,2025-04-07 23:57:58,15,True
956,Chelsea Johnson,pwong@example.org,2025-06-29 21:11:49,3,True
957,Rachel Lee,kayla27@example.com,2024-10-18 18:11:20,2,True
958,Christian Park,cruiz@example.net,2024-01-15 09:48:49,6,True
959,Ronald Myers,alan66@example.com,2024-06-11 08:50:48,3,True
960,Kristen Roberts,gross@example.net,2025-05-08 13:27:25,14,False
961,Susan Dillon,jenniferrice@example.com,2025-04-29 11:02:34,7,True
962,Debra Wong,nwilson@example.net,2025-01-20 22:57:20,17,True
963,Alisha Roberts,taylorkim@example.net,2024-08-19 19:40:46,8,True
964,Gina Guzman,sanderson@example.net,2024-05-26 21:19:08,4,True
965,Sandra Nunez,laura29@example.org,2025-04-20 17:10:04,2,True
966,Mary Anderson,ericvasquez@example.com,2024-07-07 10:46:33,20,True
967,David Hawkins DVM,nicole52@example.org,2025-09-22 13:43:08,11,False
968,Amanda Brown,owilson@example.org,2025-07-07 14:48:12,6,False
969,Dr. Richard Hammond,paula89@example.net,2025-01-10 21:25:01,8,True
970,Tracy Lloyd,villegaskimberly@example.net,2024-03-10 23:13:46,1,True
971,Samantha Williams,jacksondavid@example.org,2025-06-07 08:23:45,2,True
972,Edgar Alexander,goconnor@example.org,2025-09-01 18:49:34,20,True
973,Chad Allison,xmontes@example.org,2025-03-08 23:42:06,1,True
974,Gloria Wagner,adamsjennifer@example.com,2024-06-13 07:28:24,4,True
975,Brittany Molina,icobb@example.com,2024-08-29 14:09:13,1,True
976,Jimmy Phelps,sherry72@example.org,2024-10-03 18:42:33,9,True
977,Andrea Morgan,kholden@example.com,2025-04-25 19:26:53,4,True
978,Mary May,levinetina@example.net,2024-02-11 18:18:07,4,True
979,Jennifer Blackwell,jennifer55@example.org,2025-08-08 18:49:16,17,False
980,Lisa Thomas,ngriffin@example.net,2025-07-07 11:26:18,6,True
981,Jessica Reed,trowe@example.org,2025-02-21 15:13:44,16,True
982,Neil Singh,abigailfernandez@example.org,2024-01-25 00:42:05,4,True
983,Kelly Sherman,andrewzamora@example.net,2024-03-03 19:09:05,17,True
984,Raymond Barber,dennismckenzie@example.com,2025-01-31 19:57:16,8,True
985,Anthony Curtis,westashley@example.org,2025-02-23 23:16:29,2,True
986,Dr. Virginia Cunningham,michaelmitchell@example.net,2024-10-30 08:02:54,10,True
987,James Mclaughlin,murphybrandi@example.com,2025-01-18 19:27:47,4,True
988,Jeffery Jenkins,brownpamela@example.com,2024-10-30 20:02:00,5,True
989,Michael Powell,lwiggins@example.com,2024-05-23 08:22:57,15,False
990,Melissa Gould PhD,jcolon@example.net,2025-03-01 10:46:05,12,True
991,Beverly Bush,bensonstanley@example.org,2024-03-26 08:25:25,15,True
992,Jaclyn Crane,xrodriguez@example.net,2025-05-14 11:54:30,14,True
993,Autumn Torres,kevin70@example.org,2024-07-12 20:07:08,2,False
994,Amber Shannon,jason70@example.org,2024-04-05 20:06:26,19,True
995,Andrew Olson,ariel56@example.com,2025-01-01 17:28:11,20,True
996,Brandi Taylor,qgill@example.com,2025-07-12 11:01:55,5,True
997,Ann Weber,zhughes@example.com,2024-04-09 14:56:26,15,True
998,Stacy Fitzgerald,clinejasmine@example.net,2024-12-27 09:20:00,17,True
999,Ellen Brewer,leechristine@example.net,2025-02-25 17:36:14,11,True
1000,Kelly Christensen,martinezsharon@example.org,2025-05-21 19:39:06,14,True
1001,Daniel Gallegos,imiller@example.net,2025-10-05 09:22:42,13,True
1002,Katherine Peck,samuel60@example.net,2024-08-02 20:57:39,2,True
1003,Brian Garcia,justinwhite@example.org,2024-07-31 22:32:54,16,False
1004,Meghan Brown,howard04@example.com,2024-04-13 21:04:48,16,True
1005,Steven Scott,williamsjohn@example.net,2024-03-07 10:17:03,17,True
1006,Paul Cruz Jr.,floresangela@example.org,2025-01-27 18:25:52,8,True
1007,David Mercado,angela91@example.org,2024-11-19 13:36:28,3,False
1008,Beth Carroll,omiller@example.net,2025-05-25 14:07:31,1,True
1009,Jacqueline Galloway,amandahenderson@example.net,2024-05-16 12:35:35,1,True
1010,John Calderon,denise20@example.org,2024-10-29 20:39:40,10,False
1011,Mr. Ryan James,megan39@example.net,2025-09-16 17:41:42,15,False
1012,Joseph Jones,fosterdavid@example.org,2024-07-07 12:03:52,8,True
1013,Dr. Christine Wagner PhD,cynthia74@example.org,2025-04-30 10:49:39,20,True
1014,Daniel Haley,allen20@example.net,2025-03-19 18:45:28,4,True
1015,Megan Gutierrez,ifarmer@example.org,2024-11-14 18:00:21,12,True
1016,Angela Johnson,wchambers@example.com,2025-06-10 22:18:35,17,True
1017,Christopher Tate,martinezmitchell@example.org,2025-07-07 07:57:10,16,True
1018,Alejandro Campbell,james94@example.net,2024-10-24 19:46:26,4,True
1019,Tracy Johnson,tconway@example.net,2024-05-27 08:07:59,13,True
1020,Roberto Foster,ashley72@example.net,2024-05-19 20:12:45,11,True
1021,Megan Morrison,cameronanderson@example.org,2024-05-09 12:59:40,19,True
1022,Savannah Ibarra,james08@example.net,2024-03-26 21:29:42,19,False
1023,Jordan Pace,nashmarcus@example.com,2024-06-18 07:31:00,17,True
1024,Julie Ward,stephensonjeffrey@example.com,2024-07-02 16:27:53,19,True
1025,Emily Myers,christopher90@example.net,2025-09-06 16:58:58,6,True
1026,Tina Stark,frankcollins@example.net,2024-05-30 08:52:08,4,True
1027,Jeffrey Johnson,mary31@example.com,2025-02-22 18:56:20,17,False
1028,Anthony Cook,sherryparsons@example.net,2024-06-08 13:38:58,8,True
1029,Jeremy Martinez,rangelnicholas@example.net,2024-10-20 22:18:28,5,True
1030,Thomas Ramos,cheryl61@example.org,2024-02-13 17:56:47,17,True
1031,Elizabeth James,williamsonrobert@example.net,2025-03-29 19:55:20,18,True
1032,Jody Marshall,nhobbs@example.org,2025-06-10 08:39:45,10,True
1033,Rachel Gibson,briana11@example.org,2024-08-15 21:08:45,6,True
1034,Richard Lee,danascott@example.com,2025-02-02 19:20:45,4,True
1035,Charlene Taylor,brownlarry@example.com,2024-11-18 17:37:36,14,True
1036,Heather Silva,dylanparker@example.com,2024-12-09 21:34:18,14,True
1037,Kelly Sandoval,brianhunter@example.net,2024-07-13 16:01:24,5,True
1038,Craig Gonzalez,kristenpeterson@example.net,2025-07-28 05:17:48,6,False
1039,Julie Schwartz,christina65@example.org,2024-11-14 19:09:53,2,True
1040,Susan Crawford,fowlerheather@example.com,2024-03-11 10:48:34,2,True
1041,Nicholas Cisneros,lindsay63@example.com,2025-02-21 13:39:55,18,False
1042,Heidi Jones MD,thomasscott@example.net,2024-05-03 19:35:24,8,True
1043,Amanda Johnson,justinrobinson@example.com,2025-01-26 20:44:18,2,False
1044,Julian White,thompsonjose@example.org,2025-04-25 11:50:43,11,False
1045,Jamie Cobb,morganjason@example.com,2024-01-15 05:47:16,7,True
1046,Mary Pugh,ejohns@example.org,2024-06-09 20:55:28,8,False
1047,Rebecca Lee,ubenson@example.net,2024-04-06 19:41:23,19,True
1048,Tammy Hines,melissaphillips@example.org,2024-10-14 17:49:46,7,True
1049,Robert Salas,fclark@example.com,2024-08-07 08:43:04,6,False
1050,Carol Hughes,victor72@example.com,2025-06-13 19:07:24,2,True
1051,Karen Sosa,zadams@example.net,2025-04-21 16:08:10,19,True
1052,Amanda Robinson,shannonyoung@example.org,2025-09-08 00:29:45,5,True
1053,Laura Walls,jonathan12@example.org,2024-07-23 22:38:03,20,True
1054,Crystal Williams,ronald76@example.com,2024-07-16 10:50:36,18,True
1055,Mr. Alexander Alexander III,howardchristopher@example.net,2024-09-02 20:20:33,8,False
1056,Rachel House,wilsonmichael@example.net,2024-12-09 15:50:32,6,True
1057,Gary Turner,james92@example.net,2024-05-14 16:05:22,8,False
1058,Alexa Evans,krista66@example.net,2025-05-09 18:21:23,10,True
1059,Matthew Hays,michelleperez@example.net,2025-05-21 19:33:30,18,True
1060,Jose Hartman,dsharp@example.com,2025-05-16 23:00:07,12,True
1061,Cole Carrillo,cclark@example.net,2025-06-13 21:39:58,20,True
1062,Shane Torres,porterdonna@example.com,2024-01-21 05:56:20,13,False
1063,Michael Powell,mark09@example.org,2024-08-15 22:24:16,18,True
1064,Troy Rivera,nbaird@example.com,2025-09-08 02:33:52,12,True
1065,John Murphy,tfowler@example.org,2024-02-12 15:31:02,10,False
1066,Cassandra Serrano,mjohnson@example.org,2024-04-24 08:32:05,4,True
1067,Daniel Carter,gibsonmiguel@example.org,2025-09-01 22:34:34,1,True
1068,Jennifer Moore,andersonrobert@example.net,2024-04-24 08:40:49,7,False
1069,Sharon Anderson,kylemeyers@example.net,2024-02-16 12:06:13,18,True
1070,Teresa Matthews,ahill@example.org,2024-11-13 21:47:49,14,True
1071,Lisa Wright,renee77@example.com,2024-10-25 22:47:43,5,True
1072,Donna Ibarra,treed@example.com,2025-01-20 19:02:05,3,True
1073,Sarah Perry,rachelquinn@example.com,2024-09-18 20:35:04,19,True
1074,Melissa Davis,allenmonica@example.com,2024-09-14 21:26:24,15,True
1075,Mary Jones,reginajenkins@example.net,2025-08-13 13:01:24,4,True
1076,Pedro Gordon,robert24@example.org,2024-03-22 18:39:04,19,True
1077,Benjamin Neal,vjames@example.com,2024-12-04 20:22:59,17,True
1078,Adam Wilson,markgoodman@example.com,2025-07-26 20:19:38,3,True
1079,Matthew Reeves,rtaylor@example.org,2024-11-04 22:24:25,1,True
1080,Brian Phillips,qjackson@example.org,2024-04-24 16:08:47,13,True
1081,Hunter Robinson,staffordamanda@example.com,2025-03-29 21:18:40,5,True
1082,Robin Davidson,myerskyle@example.org,2025-04-11 21:50:55,12,False
1083,James Harris,nicholasallen@example.org,2025-02-04 01:55:35,5,True
1084,Adrian Hoover,walkernicole@example.net,2024-01-11 00:38:25,18,True
1085,Jason Rodriguez,marcus39@example.org,2024-04-22 06:13:47,12,True
1086,Jeffrey Hall,kellyglenn@example.com,2025-09-17 21:54:32,5,True
1087,Daniel Robinson,debra50@example.org,2025-03-13 09:53:16,7,True
1088,Randall Porter,marquezkylie@example.net,2025-08-15 18:36:54,2,False
1089,Lindsay Jarvis,xgregory@example.net,2024-04-24 22:35:29,18,True
1090,Philip Watts,bjones@example.net,2024-03-29 18:16:06,7,True
1091,Jorge Harmon,hallchristina@example.org,2025-09-02 14:21:22,5,True
1092,Nicole Harvey,taylorvictor@example.org,2024-07-25 09:18:39,3,False
1093,Andrew Mclean,vstevenson@example.org,2024-04-11 10:28:21,20,True
1094,Paige Meyer,swong@example.org,2024-07-05 19:09:36,19,True
1095,Grace Harris,knoxelizabeth@example.org,2024-06-02 11:27:10,1,True
1096,Courtney Salas,isaiah01@example.com,2025-06-20 20:45:47,14,True
1097,Mark Thomas,davidthompson@example.net,2024-02-16 11:43:46,11,False
1098,Cynthia Miller,ucollins@example.org,2025-07-10 13:22:49,10,True
1099,David Mitchell,mfaulkner@example.com,2024-06-12 07:41:38,3,True
1100,Dr. Ian Gray,galexander@example.net,2025-07-30 21:08:57,18,True
1101,Sally Leon,gillronald@example.org,2025-05-06 19:40:04,3,False
1102,Linda Hernandez,jonathanford@example.com,2025-05-22 20:40:01,19,True
1103,Karen Cook,mgonzalez@example.org,2024-07-08 20:13:58,2,True
1104,Molly Henry,vbentley@example.com,2024-01-09 16:34:30,5,True
1105,William Jones,riddledavid@example.net,2024-09-13 09:49:37,10,True
1106,Tina Wise,william75@example.net,2024-04-18 15:05:25,12,True
1107,Jeff Wright,xjohnson@example.net,2024-02-08 18:54:51,20,True
1108,Max Hernandez,jblackburn@example.com,2025-04-17 20:08:28,6,True
1109,Mary Martin,wisedawn@example.com,2024-06-14 22:42:55,5,True
1110,Stephanie Stone,nancymartin@example.com,2024-09-23 14:22:02,8,True
1111,Walter Barrett,uwillis@example.com,2024-06-18 09:16:23,8,True
1112,Sheila Rodriguez,lisa43@example.net,2025-05-18 09:58:50,12,True
1113,William Velasquez,daviskim@example.com,2024-09-23 21:56:02,2,False
1114,Morgan Jackson,jacob23@example.com,2024-12-17 10:45:33,9,True
1115,Joanne Olsen,jamesbrady@example.org,2024-05-01 09:34:36,6,True
1116,Jennifer Sims,oneillgabriel@example.com,2024-06-22 12:37:41,3,True
1117,Austin Johnson,timothychambers@example.org,2024-02-27 11:58:14,17,True
1118,Tyler Ortega,davisalexa@example.org,2024-01-07 20:22:31,16,False
1119,Tonya Adams,vkennedy@example.net,2024-09-08 00:56:08,15,True
1120,Steve Key,shelleyortega@example.com,2024-10-14 06:41:17,7,True
1121,Shelley Drake,bryantholly@example.net,2025-02-12 08:38:45,4,True
1122,Allison Martinez,stephanie35@example.com,2025-07-12 13:21:46,4,True
1123,Karen Gutierrez,aaronlittle@example.com,2025-02-17 14:13:37,6,True
1124,Angel Aguirre,erica39@example.com,2024-01-12 12:15:02,5,True
1125,Angela Patterson,shatfield@example.org,2024-09-24 08:40:32,2,False
1126,Cory Thomas,andersonlaura@example.com,2025-05-06 08:10:16,6,True
1127,Victoria Owens DVM,olsonamber@example.org,2025-07-10 12:36:40,1,False
1128,Mary Davis,bholder@example.org,2024-05-21 19:52:18,3,True
1129,James Ramirez,elizabeth12@example.net,2025-09-13 18:30:55,16,True
1130,Robert Cook II,schneidernicholas@example.net,2025-02-27 20:38:09,19,True
1131,Martha Glover,ostokes@example.com,2025-05-12 08:42:32,9,True
1132,Brandon Yang,juliewilson@example.com,2024-03-18 19:59:29,20,True
1133,James Mclaughlin,bryan83@example.com,2024-03-26 09:24:08,4,True
1134,Jacob Shelton,aprilguzman@example.org,2025-10-17 15:58:32,14,True
1135,Samuel Stewart,mary77@example.org,2024-03-12 17:11:30,20,True
1136,Maurice Solis,georgekyle@example.net,2025-02-06 21:34:32,4,True
1137,Michelle Mendoza DVM,ycarter@example.org,2024-03-23 18:57:38,18,True
1138,Ronald Clark,isabellawilliams@example.org,2025-10-18 21:49:43,14,True
1139,Elizabeth Briggs,vickiekelley@example.com,2025-07-27 12:02:44,17,True
1140,Gregory Myers,rosejustin@example.net,2024-10-09 22:30:50,13,True
1141,Kimberly Davis,karen90@example.net,2025-09-09 20:58:48,19,True
1142,Laura Ramos,jcarter@example.org,2024-07-22 07:30:49,8,False
1143,Nancy Smith,gregoryvanessa@example.org,2024-05-25 07:38:56,18,True
1144,Miss Carol Brown,terri20@example.org,2024-09-08 09:45:47,1,True
1145,Leslie Booker,hsanchez@example.org,2025-10-17 07:00:24,7,True
1146,Kyle Thompson,yparsons@example.net,2024-09-22 11:23:06,5,True
1147,Sharon Santos,cynthia75@example.org,2025-03-16 17:16:54,18,True
1148,John Barnett,andrewberry@example.net,2024-03-21 11:17:43,13,True
1149,Anna Watkins,pwashington@example.net,2024-11-16 13:50:35,16,True
1150,Ariana Brown,richardhaynes@example.com,2024-10-17 16:30:16,10,True
1151,Robin Freeman,molinajared@example.net,2025-01-07 20:25:47,5,False
1152,Kyle White,hmcbride@example.org,2025-08-23 18:47:14,15,True
1153,Christopher Hart,millerdavid@example.com,2024-03-27 22:06:13,17,True
1154,Jenny Landry,wrightbrandon@example.net,2024-08-31 11:35:39,2,True
1155,Joseph Taylor,hneal@example.com,2025-08-28 22:00:51,3,True
1156,Melissa Bates,youngjacob@example.com,2025-02-09 14:38:27,3,True
1157,Chad Arnold,joshua96@example.org,2025-07-26 09:05:38,2,True
1158,Matthew Martin,qmiller@example.net,2025-01-02 22:25:39,17,True
1159,Kimberly Jones,wanda35@example.net,2024-10-11 22:03:49,6,True
1160,Lisa Barnes,lesliefrench@example.com,2025-03-15 13:12:54,17,True
1161,Angela Martinez,suttonrichard@example.com,2024-01-18 03:38:32,17,True
1162,Gavin Nelson,joshuagarcia@example.org,2025-03-04 18:43:02,12,True
1163,Timothy Thompson,brianna71@example.net,2024-09-10 00:10:05,9,True
1164,Diane Nelson,mosleygeorge@example.com,2024-08-21 11:25:25,19,True
1165,Megan Kramer,iwoods@example.com,2024-04-30 01:45:04,3,True
1166,Brittney Martinez,rbradley@example.org,2024-01-07 19:35:58,19,True
1167,Jacqueline Waters,lmann@example.com,2025-09-06 22:17:14,20,False
1168,Kathryn Hill,tmeyer@example.org,2025-10-21 13:25:36,1,True
1169,Theresa Russell,megan11@example.net,2024-07-23 12:06:35,3,True
1170,Kenneth Miller,angela70@example.com,2024-06-09 11:07:51,17,False
1171,Breanna Jimenez,sullivanchristina@example.net,2025-03-28 21:52:50,19,True
1172,Joseph Reed,lawsontami@example.net,2024-01-05 13:24:36,16,True
1173,Stephanie Thompson,mary85@example.org,2025-09-14 20:49:29,15,False
1174,James Wilson,marierosales@example.org,2024-10-09 21:30:07,9,True
1175,Mr. Aaron Welch,trobinson@example.net,2024-07-13 18:14:43,8,True
1176,Taylor Stafford,abrown@example.net,2024-12-10 12:22:33,18,True
1177,Brian Bailey,richardsmith@example.com,2024-11-03 20:15:18,3,True
1178,Jose Hernandez,gentryadam@example.net,2024-11-25 19:21:04,18,False
1179,James Diaz,amandaadams@example.com,2024-06-16 15:22:13,19,True
1180,Charles Burgess,howardmonica@example.org,2025-03-15 22:43:59,7,True
1181,Casey Fisher,rachel23@example.com,2024-03-15 08:47:15,9,True
1182,Mrs. Katherine Simpson,markduran@example.com,2025-10-04 09:15:53,20,True
1183,Sarah Price,rosariolaura@example.org,2024-12-01 20:07:58,3,True
1184,Pamela Young,russell90@example.com,2024-04-14 19:39:00,18,False
1185,Bradley Patterson,jessicalopez@example.com,2024-11-17 20:23:39,11,True
1186,Wendy Wright,tgonzalez@example.org,2025-05-27 23:57:36,9,True
1187,Catherine Riddle,jeromeanderson@example.org,2025-04-14 23:58:32,9,True
1188,Charles Smith,christopherwilliams@example.com,2024-07-02 19:08:03,17,True
1189,Veronica Walker,gmendoza@example.com,2024-12-17 14:34:02,17,True
1190,Derrick Ramirez,jennifer35@example.org,2025-03-06 21:49:11,15,False
1191,Matthew Morris,thomas91@example.com,2024-05-01 19:29:20,1,True
1192,Heidi Torres,caldwellfelicia@example.org,2024-05-03 08:37:06,11,True
1193,Heather Maxwell,john43@example.net,2024-08-09 21:11:35,9,True
1194,Bianca Newton,williamstanya@example.net,2024-09-13 14:39:21,12,True
1195,Jeremy Garcia,kevin73@example.net,2025-06-30 12:26:44,12,True
1196,Corey Pierce,patricia85@example.com,2025-04-27 12:28:11,19,True
1197,Susan Jones,gmills@example.org,2024-10-27 17:14:52,4,True
1198,Walter Roberts,bauerheather@example.net,2024-04-21 20:35:27,13,True
1199,Joseph Palmer Jr.,ychristensen@example.net,2025-06-28 20:47:09,16,True
1200,Devon White,ashleyvargas@example.org,2025-06-05 08:31:08,17,True
1201,Joy Zimmerman,kevin34@example.net,2025-08-11 10:31:19,9,True
1202,Danny Ferguson,benjamin24@example.org,2024-06-28 17:25:06,6,True
1203,Maria Wright,amandasmith@example.com,2024-06-29 20:30:53,4,True
1204,Erika Potts,jennifer69@example.com,2025-02-27 10:23:23,18,True
1205,Robert Holloway,jessicaramirez@example.com,2024-08-05 20:22:01,14,True
1206,Veronica Osborne,sharphailey@example.net,2025-10-12 21:38:12,19,True
1207,Lindsey Harris,rwalker@example.org,2024-06-21 18:11:49,10,True
1208,Nicole Moore,jessicahamilton@example.org,2025-01-24 19:31:49,15,False
1209,Christopher Lopez,jacobhenry@example.net,2025-08-26 11:18:29,5,False
1210,Eric Mcclure,mmcdaniel@example.org,2024-04-30 18:59:21,14,True
1211,Jesse Brewer,hgarcia@example.org,2024-04-06 17:54:58,3,True
1212,Lindsey Gray,rodriguezalexander@example.net,2025-05-01 10:20:20,10,True
1213,Randy Adams,sparksalbert@example.org,2025-09-17 17:25:17,15,True
1214,Sarah Miller,timothyhart@example.com,2024-12-28 22:47:37,17,False
1215,John Sanchez,courtney10@example.org,2025-06-29 13:11:54,1,True
1216,Jorge Copeland,aaronwalker@example.org,2024-03-09 09:16:47,3,True
1217,Matthew Perez,tmcdaniel@example.org,2024-10-12 12:06:04,16,True
1218,Courtney Huber MD,gilbertdavid@example.org,2024-11-25 02:25:33,3,True
1219,Cassandra Moreno,erinhernandez@example.net,2025-08-22 18:05:41,13,True
1220,Donna Hutchinson,sabrina54@example.net,2025-04-04 09:18:28,5,True
1221,Shannon Spence,lukemyers@example.net,2025-06-18 20:01:02,12,False
1222,Robin Wilson,rmoyer@example.org,2025-06-17 10:30:29,18,False
1223,Catherine Cruz MD,aolson@example.net,2024-03-01 16:08:44,18,True
1224,Robert Valdez,patrickdunn@example.net,2025-06-14 18:40:47,19,True
1225,Samantha Cruz,xrose@example.net,2024-12-23 18:34:19,12,True
1226,Brandon Ward,victoriasmith@example.net,2025-06-26 09:05:28,10,True
1227,Brian Pruitt,melinda24@example.com,2024-11-13 09:19:00,1,True
1228,Valerie Durham,jasonwalker@example.net,2024-04-06 20:08:22,10,True
1229,Michele Bennett,hortonroger@example.org,2024-04-02 00:59:31,16,True
1230,Angela Monroe,anthonydiaz@example.org,2025-04-14 20:51:18,20,True
1231,Ronald Butler,terrytaylor@example.net,2024-06-12 00:23:12,14,False
1232,Jason Rogers,mitchelleric@example.net,2025-04-12 13:15:10,13,True
1233,Kathy Smith,dfrazier@example.net,2024-01-22 09:05:27,8,True
1234,Kenneth Torres,rodneymoore@example.org,2025-04-20 20:39:51,9,True
1235,Beth Lewis,robinsonisaiah@example.net,2024-12-14 19:51:17,14,True
1236,Angela Schwartz,pedwards@example.com,2025-10-14 06:08:18,4,True
1237,Robert Lucas,josephgarcia@example.com,2025-07-07 18:17:44,20,True
1238,Alyssa Campbell,jonescarla@example.com,2025-02-07 10:09:03,18,True
1239,Timothy Allen,davilaannette@example.net,2024-05-05 22:18:17,5,True
1240,Mr. Brandon Parker,karen68@example.org,2025-10-21 19:14:05,5,True
1241,Henry Anderson,riverapeggy@example.net,2024-07-29 09:26:19,16,False
1242,Brittany Matthews,cwoods@example.com,2024-03-08 13:50:02,11,True
1243,Angela Garrett,nicoleaguirre@example.net,2024-04-17 19:09:03,9,True
1244,Wendy Mason,seth25@example.com,2024-04-04 06:30:11,7,False
1245,Jessica Macdonald,nallen@example.net,2024-08-29 09:24:53,1,True
1246,Mark Jimenez,thomasmonica@example.net,2024-02-20 20:15:24,15,True
1247,Stephanie Porter,sedwards@example.org,2025-08-03 23:12:29,4,True
1248,Heather Jones,escott@example.com,2024-02-15 23:30:24,10,False
1249,Thomas Case,swilliams@example.com,2025-05-25 08:46:02,18,True
1250,Melanie Alexander,nathaniel68@example.com,2024-09-30 09:40:19,7,True
1251,Melanie Oliver,figueroajohn@example.net,2024-06-24 05:42:13,4,True
1252,Donna Moore,onash@example.com,2024-01-06 13:00:10,9,True
1253,Hannah Mcdonald,lrodriguez@example.net,2025-08-07 12:15:00,2,True
1254,Jennifer Hamilton,umurphy@example.com,2024-03-13 19:44:38,5,True
1255,Dr. John Ramirez,gardnerstacy@example.org,2025-10-28 06:10:31,3,True
1256,Andre Burke,zbrown@example.com,2025-03-04 10:48:40,2,True
1257,Cindy Lewis,cisnerosgabriela@example.com,2025-06-12 18:44:34,4,True
1258,Charles Hill,evansjennifer@example.com,2024-06-17 09:35:50,12,True
1259,Debbie Rivas,jacobsonroy@example.com,2024-12-17 13:12:01,13,True
1260,Jason Alvarez,tammykim@example.net,2024-04-20 08:57:02,16,True
1261,Kristina English,christiancontreras@example.net,2025-01-16 16:34:44,16,True
1262,Samantha Navarro,alexis72@example.com,2024-04-06 09:22:20,15,True
1263,Wayne Russell,mcneilsherry@example.org,2025-08-01 20:58:55,18,True
1264,Laura Johnson,robertpayne@example.org,2025-02-28 16:28:18,9,True
1265,Daniel Lee,woodmichael@example.com,2025-02-06 13:49:40,17,True
1266,Sharon Lyons,wgutierrez@example.com,2025-08-22 08:01:39,12,True
1267,William Rogers,stephenbrooks@example.net,2025-07-08 09:46:04,18,True
1268,Jane Bruce,swalters@example.net,2025-02-01 09:43:31,18,True
1269,Annette Miller,davisallen@example.com,2025-09-19 09:26:41,11,True
1270,Loretta Gardner,zgordon@example.org,2024-03-10 16:04:02,5,True
1271,Christy Frank,ewilson@example.org,2025-03-22 04:06:31,7,True
1272,Julie Odonnell,xsmith@example.org,2024-08-22 17:53:24,16,True
1273,Matthew Parker,anunez@example.com,2024-12-05 19:16:03,12,True
1274,Richard Randall,matthew96@example.org,2024-01-22 19:00:59,7,True
1275,Luis Long,solisbecky@example.org,2025-01-06 22:53:05,15,True
1276,Nicholas Powell,zachary63@example.org,2025-09-20 06:35:47,14,True
1277,Bryan Ray,ocameron@example.com,2025-04-20 20:03:52,20,True
1278,Frank Davis,kimcristina@example.net,2025-07-14 04:04:53,10,True
1279,Kimberly Compton,ujohnson@example.org,2024-04-12 09:33:06,4,True
1280,Paula Lopez,kennethnichols@example.org,2025-10-19 16:12:12,17,True
1281,Jamie Green,hillsavannah@example.net,2025-04-30 17:11:35,18,True
1282,Dr. Ashley Ho,rodriguezjustin@example.org,2024-01-16 07:40:36,12,True
1283,Isaiah Massey MD,apope@example.org,2024-03-03 19:27:56,4,True
1284,Christine Barnes,cynthia72@example.org,2024-11-21 08:25:32,11,True
1285,Mary Welch,wilsonmatthew@example.com,2024-07-18 16:38:28,12,False
1286,Kimberly Moore,sara39@example.org,2024-11-19 16:20:54,12,True
1287,Paige Robinson,danny30@example.com,2024-12-24 18:52:46,11,True
1288,Michael Martinez,timothy15@example.net,2024-04-02 17:13:24,18,False
1289,Patrick Simpson,qnielsen@example.org,2025-01-03 09:28:28,13,True
1290,Michelle Hayden,silvakatie@example.com,2024-05-12 04:18:38,1,True
1291,Nathan Hamilton,vhenderson@example.com,2024-04-20 23:19:00,10,False
1292,Lisa Patterson,nathaniel17@example.org,2025-06-29 09:20:01,9,False
1293,Dawn Ortiz,raymond12@example.com,2025-08-18 15:36:59,19,True
1294,David Lewis,nathan51@example.org,2024-10-14 04:22:09,5,True
1295,Gary Marshall,rachel81@example.com,2024-08-01 21:15:14,9,True
1296,Daniel Hoffman,berrydebbie@example.net,2024-07-08 06:25:36,7,True
1297,Francisco Gonzalez,rjimenez@example.com,2025-05-20 19:50:30,6,True
1298,Kyle Garza,barbaramitchell@example.net,2024-03-20 21:44:36,4,True
1299,Abigail Murray,meaganpowell@example.net,2025-06-08 10:46:51,19,True
1300,Matthew Jones,gallegosrobert@example.com,2025-09-06 20:58:49,11,True
1301,Jennifer Hawkins,troy06@example.com,2024-07-02 20:26:59,4,False
1302,Samuel Coffey,cameronsharon@example.org,2025-04-10 09:41:54,20,False
1303,Adam Garcia,michelle63@example.org,2024-01-20 18:40:24,2,True
1304,Robin Cabrera,villamiranda@example.com,2024-02-28 04:34:36,5,True
1305,Anthony Torres,mark96@example.com,2025-08-13 19:09:03,13,False
1306,Lauren Wilson,michelle96@example.net,2025-04-12 20:36:32,3,True
1307,Joseph Lane,ubray@example.net,2024-10-25 10:25:09,5,True
1308,Ralph Dawson,angelica33@example.net,2024-11-18 14:47:03,18,True
1309,Amy Smith,taylorcruz@example.com,2024-02-22 06:32:27,5,True
1310,Kevin Rose,kathleen47@example.net,2024-03-10 15:12:31,13,True
1311,Suzanne Robinson,paul79@example.net,2024-04-13 09:39:47,17,True
1312,Barry Henderson,stephanie91@example.org,2024-05-15 06:49:27,11,True
1313,Brian Smith,blopez@example.com,2024-11-04 17:07:42,14,True
1314,Derek Mcintosh,gomezjason@example.com,2025-03-18 11:20:22,20,True
1315,Amy Nelson,williamspatrick@example.com,2024-12-01 20:10:22,20,True
1316,Christopher Hill,gstone@example.net,2024-05-09 20:39:09,15,True
1317,Brian Wilson,johnstonjohn@example.net,2024-02-03 20:12:43,12,True
1318,Manuel Baldwin,olong@example.net,2024-03-08 19:05:07,2,True
1319,Kathleen Jackson,michaelroberts@example.net,2025-07-05 18:09:55,10,True
1320,Cody Velez,sstevenson@example.org,2024-07-11 19:07:19,15,True
1321,Carol Cook,athomas@example.net,2024-04-23 10:47:34,7,True
1322,Christopher Baker,jacksonkathleen@example.org,2024-11-13 15:16:35,16,True
1323,Lauren Freeman,thomaswilliams@example.org,2025-02-01 23:44:44,1,True
1324,Sara Fox MD,kimberlygarcia@example.net,2025-01-14 21:33:02,9,True
1325,Gregory Gardner DDS,michael05@example.com,2024-08-12 09:50:44,20,True
1326,Patricia Vincent,rrodriguez@example.net,2025-04-20 14:00:04,13,True
1327,William Chase,michaeljohnson@example.net,2025-05-02 18:58:42,12,False
1328,Heather Garner,samanthagray@example.org,2025-05-10 02:55:56,13,True
1329,Meghan Nolan,harcher@example.org,2025-10-07 11:45:06,11,True
1330,Stacy Myers,rlandry@example.com,2024-06-26 17:05:11,7,True
1331,Mia Flowers,hamiltonspencer@example.com,2024-05-07 13:59:45,1,True
1332,Kathryn Jennings,hbecker@example.com,2024-07-11 21:19:21,16,True
1333,Elizabeth Roberts,alexis03@example.com,2025-02-21 08:22:43,12,True
1334,John Smith,donna00@example.com,2025-07-06 10:32:17,2,True
1335,Rachel Shaw,stephaniereeves@example.org,2024-04-02 21:56:52,1,False
1336,Kevin Miller,antoniofitzpatrick@example.org,2025-10-28 22:14:09,11,False
1337,Jenny Rasmussen,orozcosamantha@example.net,2025-06-27 18:05:46,13,True
1338,Meghan Morris,feliciagonzalez@example.org,2024-07-26 19:55:40,8,True
1339,Eric Evans,ygardner@example.com,2024-10-05 17:27:19,20,True
1340,Melissa Gordon,taylor67@example.com,2024-03-05 16:13:41,5,True
1341,Thomas Johnson,idavis@example.net,2025-10-05 19:12:55,5,True
1342,Lauren Watson,brian62@example.com,2025-08-29 19:33:58,5,True
1343,Phillip Holmes,millerjoseph@example.net,2025-03-24 21:49:09,19,False
1344,Samantha Cunningham,michelle19@example.net,2024-03-12 10:35:34,4,True
1345,Meredith Black,rtaylor@example.net,2024-12-07 20:09:46,1,True
1346,Eric Hays,shaffercindy@example.org,2025-07-24 21:26:26,10,True
1347,Larry Martinez,wrightdale@example.org,2024-03-17 22:57:40,9,True
1348,Anthony Martinez,lwebb@example.org,2025-07-11 08:08:11,1,True
1349,Samantha Maldonado,reynoldsdaisy@example.org,2025-07-17 18:17:38,19,True
1350,Cynthia Hunt,thomasroberts@example.net,2024-04-04 17:14:43,1,True
1351,Holly Hill,gwolfe@example.com,2024-03-07 19:30:08,17,True
1352,Alfred Bryant,tsmith@example.org,2024-10-05 14:41:23,6,False
1353,Lisa Williams,sydney77@example.com,2025-03-07 14:08:10,7,True
1354,Jonathan Callahan,michaelmccarthy@example.com,2024-01-07 13:00:59,9,False
1355,Christian Rios,stephen24@example.net,2024-12-09 09:42:12,7,True
1356,Thomas Brewer,mestes@example.net,2024-07-21 21:28:55,20,True
1357,Katie Hopkins,david59@example.net,2024-04-30 10:29:56,8,True
1358,Jennifer Williams,jesseortega@example.com,2024-08-20 20:38:47,13,True
1359,Peter Zavala,danielgilmore@example.net,2025-09-17 12:47:36,20,True
1360,Jennifer Brown,danny17@example.com,2025-08-20 18:45:50,2,True
1361,Tammy Morris,ogray@example.net,2025-02-09 14:52:56,2,False
1362,John Shelton,jamesmartin@example.net,2025-01-07 09:34:25,2,True
1363,Kevin Soto,harrislisa@example.org,2025-06-25 15:40:03,7,True
1364,Joshua Jones,faithrosario@example.net,2024-08-28 12:19:49,10,True
1365,Ronnie Hudson MD,michael82@example.org,2025-03-05 12:39:58,2,True
1366,Shelly Carroll,kimberlyevans@example.org,2024-10-20 21:29:53,15,True
1367,Joshua Johnson,sandra46@example.net,2024-11-29 15:11:49,19,False
1368,Brooke Roberts,melissafrederick@example.net,2024-08-27 19:08:25,14,True
1369,Kimberly Snow,qgiles@example.net,2024-07-27 03:29:37,7,False
1370,Dean Cook,tayloramy@example.net,2024-01-21 07:20:44,6,True
1371,Susan Brown,kjones@example.net,2024-08-08 07:07:45,15,True
1372,Amanda Zavala,ngeorge@example.org,2025-04-15 06:45:24,17,True
1373,Carl Cummings,johnsonwilliam@example.net,2025-08-16 08:35:24,2,True
1374,Richard Walter,andrewbrown@example.org,2024-08-22 21:36:55,5,True
1375,Melanie Rojas,xwilliams@example.com,2024-12-23 08:49:45,2,True
1376,Jeffery Taylor,nwilson@example.com,2025-04-10 10:49:28,10,True
1377,Thomas Allen,chapmanjeremy@example.net,2024-08-23 07:08:12,1,True
1378,Kimberly Williams,marksjohn@example.org,2025-05-18 09:29:31,16,True
1379,Christopher Williams,carrie34@example.org,2024-02-21 00:56:31,8,True
1380,Bryan Jones,shawna37@example.net,2025-02-09 18:29:26,15,True
1381,Thomas Robinson,shelly84@example.net,2025-05-06 17:15:56,18,True
1382,Emma Weaver,brownrachel@example.net,2024-06-12 18:52:52,7,True
1383,Mr. Thomas Skinner,kevintran@example.org,2025-09-27 08:41:22,2,True
1384,Brenda Spence,dsantos@example.org,2024-09-06 03:36:53,20,True
1385,Debra Chapman,margaret10@example.com,2024-01-15 21:03:06,14,False
1386,Albert Reyes,nwilliams@example.com,2025-07-25 08:18:39,20,True
1387,Anthony Torres,sharon95@example.com,2024-05-03 17:29:47,19,True
1388,Nicole Peterson,yglenn@example.net,2025-06-26 03:49:19,11,True
1389,Renee Tran,michele87@example.com,2025-09-13 12:04:48,14,True
1390,Kelly Martin,pmcdonald@example.org,2025-01-18 06:30:08,4,True
1391,Michael Hill,kelseyphillips@example.net,2025-08-30 10:33:26,17,True
1392,Heidi Hopkins,martinezashley@example.com,2024-09-20 08:03:06,19,True
1393,Jill Smith,owenstammy@example.com,2025-07-13 18:05:30,20,False
1394,Jennifer Riley,hillcheryl@example.com,2025-03-02 23:18:27,20,True
1395,David Buchanan,misty23@example.net,2025-09-29 09:36:39,12,False
1396,Mary Hall,lopezwilliam@example.com,2024-04-26 18:31:33,16,True
1397,Mitchell Brown,theresa05@example.net,2025-01-22 08:39:14,10,False
1398,Hannah Jones,ewilson@example.org,2025-04-25 00:01:29,4,True
1399,Sandra Becker,maynancy@example.org,2024-05-16 08:39:26,14,True
1400,Heather Hester,thomas49@example.org,2024-01-17 11:51:40,7,True
1401,Timothy Buck,rodriguezjason@example.com,2024-04-17 08:18:16,3,True
1402,Katie Perkins,shelby69@example.org,2024-12-07 16:20:49,1,True
1403,Phillip Banks,benjaminvictoria@example.net,2025-03-15 11:25:46,19,True
1404,Kimberly Barnes,abbottallison@example.org,2024-12-02 03:11:12,11,True
1405,Kelly Stewart,marycarter@example.org,2025-02-10 21:30:58,16,True
1406,Vanessa Hall,kaitlin13@example.com,2024-08-07 18:30:09,15,False
1407,Heidi Bell,melendezdenise@example.net,2025-05-05 16:21:29,14,False
1408,Crystal Carey,sarasanchez@example.com,2024-06-03 05:33:19,19,True
1409,Lisa Flynn,lee16@example.com,2025-03-26 10:34:01,7,True
1410,Johnny Keith,rachelwalter@example.org,2024-12-03 10:58:56,12,True
1411,Ralph Dawson,inewton@example.org,2024-04-21 08:53:01,11,False
1412,Christopher Jones,wstrong@example.org,2025-07-11 18:53:10,19,True
1413,Michelle Wilson,brittany91@example.net,2024-09-26 08:07:55,10,True
1414,Heather Cole,vmccoy@example.com,2024-01-31 10:02:17,14,True
1415,Chad White,hernandezalan@example.net,2024-07-12 21:23:28,10,True
1416,Jamie Gonzales,shirley13@example.com,2024-09-04 10:07:23,2,True
1417,Joseph Fox,ymitchell@example.com,2024-11-26 21:28:32,1,True
1418,Amanda Landry,russellramirez@example.net,2025-05-21 21:09:12,11,False
1419,Christopher Roberts,kgonzales@example.com,2024-07-29 19:33:19,11,True
1420,Larry Rodriguez,elizabeththomas@example.org,2025-09-20 21:52:33,5,True
1421,Caroline George,moyeramber@example.org,2025-01-04 04:24:45,17,True
1422,Allison Harris,hdennis@example.org,2024-01-05 10:02:43,20,False
1423,Brian Mccarthy,wallaceryan@example.com,2025-07-09 10:56:02,4,True
1424,Donald Barnett,linda31@example.com,2024-02-28 18:19:01,19,True
1425,Jesse Moss,mannleroy@example.org,2024-04-14 18:13:20,7,True
1426,Rebecca Stewart,averycourtney@example.org,2024-10-16 09:20:49,15,True
1427,Tony Nunez,theodore72@example.net,2024-04-01 09:10:17,4,True
1428,Mark Davis,aaronjones@example.net,2024-11-28 18:32:06,7,True
1429,Amanda Watts,pwelch@example.net,2025-02-12 16:17:09,10,True
1430,Tiffany Humphrey,nancycontreras@example.com,2024-08-21 08:19:39,11,True
1431,Howard Castillo,robinsonsydney@example.com,2025-06-17 05:01:30,2,True
1432,David Coleman,stevenflores@example.org,2024-10-07 05:27:25,6,True
1433,Carl Khan,rburke@example.org,2024-08-20 21:40:53,15,True
1434,Daniel Rosales,xbrown@example.com,2024-01-20 10:52:12,18,True
1435,James Ramos,dgreen@example.com,2024-06-24 21:48:29,19,True
1436,Mark Williams,kortiz@example.org,2024-11-20 20:58:44,15,True
1437,Ashley Donaldson,david80@example.net,2024-12-24 10:41:45,15,True
1438,Richard Cook,katie81@example.net,2024-01-15 22:09:55,20,True
1439,Joseph Galloway,oheath@example.com,2024-02-02 11:11:44,11,True
1440,Erin Lewis,shelbyjohnson@example.org,2025-06-20 21:29:31,1,True
1441,Kathryn Moody,moorekevin@example.org,2025-05-20 07:30:29,6,True
1442,Amanda Brady,irios@example.net,2025-02-26 11:36:08,17,True
1443,Angela Wagner,vsmith@example.net,2025-08-09 20:50:06,11,True
1444,Noah Sparks,marievillarreal@example.com,2025-02-08 06:19:34,15,True
1445,Elizabeth Stevens,bakerdiana@example.com,2024-10-11 12:39:15,18,True
1446,Daniel Russell,timothy88@example.org,2024-09-08 15:04:21,7,True
1447,Monica Bean PhD,chavezbecky@example.org,2024-09-12 17:50:27,19,True
1448,Jacob Hart,martin11@example.net,2024-09-22 17:15:11,3,True
1449,Katherine Wright,richardmassey@example.net,2024-04-23 19:53:31,4,True
1450,Crystal Saunders,robert52@example.org,2025-04-28 13:35:06,15,True
1451,Jennifer Smith,karinorton@example.net,2024-08-03 22:04:38,4,True
1452,Cynthia Murray,vrobertson@example.net,2024-11-30 18:52:24,11,True
1453,Michael Bennett,martinkaitlin@example.org,2024-02-24 18:05:13,5,False
1454,Ashley Mcclure,zjackson@example.net,2024-05-12 21:40:51,1,True
1455,Kimberly Ross,david44@example.net,2024-11-21 18:28:34,10,True
1456,Kristy Martin,alexandra39@example.net,2024-08-03 17:12:13,11,True
1457,Kaitlyn Clark,sara22@example.net,2024-09-05 20:43:19,14,True
1458,Evan White,ajones@example.com,2025-04-23 21:05:37,1,True
1459,Brandon Ellis,browntaylor@example.org,2025-04-14 15:54:08,10,True
1460,Sophia Cooper,reillyjoshua@example.com,2024-02-14 21:03:00,18,True
1461,Marcus Powell,ann31@example.net,2025-01-26 11:55:18,1,True
1462,Diana Baker,martinezalexa@example.net,2024-04-11 19:25:40,11,True
1463,Raymond Vargas,tammy97@example.org,2025-05-27 12:27:34,7,True
1464,Virginia Davis,douglasalvarez@example.org,2024-04-22 14:12:35,13,True
1465,Amy Hunt,ecoleman@example.com,2024-08-04 11:26:09,10,False
1466,Cynthia Long,wmccarthy@example.com,2024-07-21 19:08:00,3,True
1467,Blake Jacobs,stephaniedougherty@example.com,2025-07-15 08:56:31,14,False
1468,Kristina Henry,gina86@example.net,2025-04-20 08:08:41,14,False
1469,Jacob Owens,jessica39@example.net,2024-08-20 21:44:38,14,True
1470,Cheryl Brooks,gonzalezmichael@example.org,2025-08-09 14:27:35,15,True
1471,Brandon Wood,wesley09@example.com,2024-01-04 09:27:38,1,True
1472,John Williams,joshua09@example.org,2024-01-23 20:15:45,17,True
1473,Yolanda Chen,vthompson@example.net,2025-07-31 22:36:23,2,False
1474,Amanda Johnson,janicethompson@example.org,2025-05-17 17:45:23,4,True
1475,Barbara Ramos,edwardsmichaela@example.com,2024-02-25 22:05:09,17,False
1476,Lucas Smith,rachael29@example.net,2025-10-19 23:49:17,15,True
1477,Teresa Powell,brownmandy@example.net,2025-09-23 15:39:05,8,True
1478,Christopher Williams,haleyortiz@example.net,2024-04-08 19:42:04,18,True
1479,April Hill,david79@example.net,2025-05-14 10:03:57,11,True
1480,Anita Hardin,jessicalopez@example.net,2024-02-27 01:29:32,16,True
1481,Christopher Smith,steven34@example.net,2025-02-23 11:22:51,10,True
1482,Cheryl Campos,lancegray@example.com,2025-03-05 03:59:38,10,True
1483,Ethan Perez,joshuagonzalez@example.com,2024-04-29 17:03:40,16,True
1484,Brandon Kelly,michael87@example.net,2024-06-22 17:42:18,20,True
1485,Travis Richards,amandaclark@example.net,2025-04-04 14:08:32,3,False
1486,Melanie Roberts,holly88@example.net,2024-10-17 09:08:39,9,True
1487,Raymond Scott,hgreen@example.net,2025-06-15 10:47:07,20,True
1488,Charles Willis,anne90@example.com,2025-03-16 18:09:42,15,True
1489,Sheila Smith,valvarez@example.net,2025-04-14 08:50:44,8,True
1490,Hunter Martin,karengonzales@example.net,2025-08-27 20:55:02,11,False
1491,Jessica Ross,johnnybrooks@example.com,2024-11-01 22:38:59,5,True
1492,Andrew Hickman,kathrynsantana@example.net,2024-11-18 19:26:49,13,True
1493,Derrick Ray,martingarrett@example.com,2024-03-13 13:40:10,7,True
1494,Terri Gonzalez,davidcook@example.org,2025-08-16 20:03:41,9,True
1495,Ralph Solis,dfoster@example.org,2025-10-11 08:10:29,13,True
1496,Christopher Parker,joelharris@example.org,2025-03-16 15:48:59,18,True
1497,Justin Rowe,woodsmelvin@example.com,2025-04-29 19:24:30,9,True
1498,Daniel Kennedy,tguerra@example.org,2025-01-02 21:00:18,15,True
1499,Carl Hines,ricardomurphy@example.com,2025-05-25 11:33:43,2,True
1500,Jessica Long,reedelizabeth@example.net,2025-07-02 16:22:54,14,True
1501,Cassandra Young,matthew09@example.net,2024-01-18 18:17:21,9,True
1502,Maria Taylor,bradleyturner@example.org,2025-05-17 07:41:37,13,True
1503,Jessica Mitchell,eleonard@example.org,2024-08-15 19:15:46,19,True
1504,Cassie Sanders,marshallchristopher@example.net,2024-06-23 16:43:44,6,True
1505,Jennifer Roman,luisandrews@example.com,2025-05-05 01:00:53,3,True
1506,Matthew Santiago,twise@example.com,2025-04-04 07:06:43,15,True
1507,Lindsey Lang,xshaw@example.com,2024-06-22 19:16:12,2,True
1508,Valerie Rodriguez,tinaschmidt@example.com,2025-04-21 06:38:42,7,False
1509,Adam Vaughan,james97@example.com,2025-08-05 18:45:07,3,False
1510,Bryan Burns,brendan95@example.com,2024-02-02 07:42:48,19,True
1511,Pamela Johnson,guy56@example.org,2024-10-11 08:07:44,6,True
1512,Andrew Rodriguez,schmidtrandy@example.org,2024-10-25 13:59:04,15,False
1513,Nicholas Schultz,worozco@example.com,2024-02-26 09:27:44,11,True
1514,Roger Conley,uwilliams@example.com,2025-04-05 20:17:49,2,True
1515,Misty Burnett,reyestina@example.org,2024-01-26 10:03:16,9,True
1516,Elizabeth Morales,stephaniescott@example.net,2024-08-13 06:59:12,20,True
1517,Thomas Sanford,ashleycooley@example.net,2025-05-11 18:06:09,18,True
1518,Dana Lindsey,ashley36@example.com,2024-12-09 09:41:06,15,True
1519,Destiny Powers,rbrowning@example.com,2025-05-14 07:04:04,19,True
1520,Albert Perry,joshuaford@example.net,2024-07-01 20:01:57,16,True
1521,Albert Nguyen,carrjessica@example.net,2024-07-31 18:59:02,13,True
1522,Madison Murphy,jalvarez@example.org,2025-07-07 19:57:25,19,True
1523,Rodney Hernandez,sclark@example.org,2024-08-17 19:49:31,16,True
1524,Andrew Phelps,welchanna@example.com,2025-03-26 20:49:51,3,True
1525,Kendra Torres,shannon70@example.org,2024-02-25 00:44:52,16,True
1526,Guy Reynolds,potterjustin@example.net,2025-02-22 16:22:21,10,True
1527,Thomas Anderson,davisjeffery@example.org,2024-11-24 18:41:05,12,True
1528,Christopher Waters,wpierce@example.org,2025-01-16 22:05:53,15,True
1529,Emma Cox,beckgloria@example.net,2024-10-06 10:12:11,18,True
1530,Joseph Myers,dsimpson@example.com,2025-05-24 12:12:19,13,False
1531,Thomas Thompson,aaron57@example.net,2025-07-06 18:22:31,3,False
1532,Janet Delgado,ojenkins@example.org,2024-04-25 13:12:08,2,True
1533,Manuel Duarte,udougherty@example.net,2025-02-18 19:37:15,16,True
1534,Kaitlyn Davis,andrew96@example.net,2024-06-16 20:41:19,16,True
1535,Thomas Ellis,gregorygiles@example.org,2024-12-08 20:28:01,2,True
1536,Steven Clark,rstevens@example.net,2024-08-03 11:46:02,13,True
1537,Christopher Murray,laramary@example.org,2024-10-23 20:42:33,15,False
1538,Andrea Goodman,ecamacho@example.com,2024-06-12 21:34:09,19,True
1539,David Baldwin,baldwincatherine@example.net,2024-02-17 06:47:09,16,True
1540,Ronald Brown,uclayton@example.org,2025-04-23 14:58:39,2,True
1541,Kayla Banks,gcobb@example.org,2024-08-31 18:00:11,2,False
1542,Lauren Moody,michaeldouglas@example.org,2025-07-20 20:06:29,20,True
1543,Christine Davis,ellisjenna@example.org,2025-09-02 17:52:52,4,True
1544,Michael Rivera,klyons@example.com,2025-05-21 17:39:14,3,True
1545,Brittany Roberts,nicoleelliott@example.net,2025-02-01 13:51:53,13,True
1546,Brooke Walters,rmarquez@example.com,2024-07-13 22:36:34,5,True
1547,Betty Lawson,oscott@example.org,2024-04-13 22:13:48,2,True
1548,Brittany Smith,jennifer86@example.com,2025-07-23 10:07:17,5,True
1549,Gregory Moore,alexandra67@example.net,2025-02-17 08:23:35,6,True
1550,Casey Prince,barnettcalvin@example.org,2024-04-23 22:02:08,4,True
1551,Donald Strickland,santosmichael@example.com,2024-07-25 18:24:49,6,True
1552,Alexandria Francis,judithcox@example.org,2025-01-15 14:00:00,6,False
1553,Gary Jones,wallerbrian@example.net,2024-09-23 19:37:56,10,True
1554,Robert White,jeremylove@example.org,2024-12-15 20:49:30,5,True
1555,Kristen Davis,jessicalowery@example.org,2024-01-27 18:33:28,14,True
1556,Darren Willis,imarshall@example.org,2024-12-15 08:44:02,20,True
1557,Christina Wilson,alvarezcory@example.net,2024-08-01 15:05:40,10,True
1558,Mr. Kevin Callahan,cortezscott@example.net,2024-05-23 00:15:12,4,False
1559,Lisa Bryant,kingrichard@example.com,2024-05-10 23:39:23,18,True
1560,Jordan Palmer,joseph83@example.com,2024-11-25 13:40:42,7,True
1561,Ellen Alexander,tonyflores@example.net,2024-07-03 08:50:09,16,True
1562,Austin Reynolds,cody75@example.net,2024-11-10 08:59:02,2,True
1563,Cheryl Rodriguez,jasonshaw@example.com,2025-04-04 09:27:16,11,True
1564,Michael Pennington,ashleymoore@example.org,2025-05-27 21:29:02,4,True
1565,Christopher Moore,markblack@example.com,2024-05-08 21:11:10,1,True
1566,Penny Adams,thomas45@example.org,2025-03-13 07:57:15,15,True
1567,Sandra Stewart,ronald66@example.org,2024-07-23 10:12:47,11,True
1568,Wayne Gomez,theresawang@example.org,2025-05-24 07:14:06,8,True
1569,Matthew Scott,andrew66@example.com,2025-07-01 21:24:57,8,True
1570,Rebecca Williamson,ggates@example.org,2025-01-08 17:03:56,14,True
1571,John Griffith,ccrane@example.net,2024-06-11 22:29:11,13,True
1572,Michelle Wright,dbrown@example.net,2024-09-17 13:12:40,12,False
1573,Jessica Mitchell,vtaylor@example.org,2024-08-17 09:08:02,19,True
1574,Jennifer Hernandez,brittanyandrews@example.net,2024-08-05 07:54:29,15,True
1575,Kenneth Farmer,angela40@example.org,2024-02-28 20:14:56,10,True
1576,Richard Dawson,susan57@example.net,2025-05-31 20:40:39,6,True
1577,John Murray,james44@example.net,2025-08-14 16:14:05,14,False
1578,Bryan Jenkins,zshaffer@example.org,2025-05-15 14:13:37,16,True
1579,William Brooks,gforbes@example.com,2025-07-10 09:46:27,8,True
1580,Kenneth Walters DDS,mccannkimberly@example.net,2025-06-12 13:14:57,19,False
1581,Sarah Berry,mbishop@example.org,2024-04-15 21:57:00,14,False
1582,Donald Hayes,debrajones@example.net,2025-05-28 04:30:46,17,True
1583,Richard Stevenson,zpreston@example.net,2025-01-19 16:30:51,4,True
1584,Jean Smith,ronald43@example.net,2024-07-15 09:35:48,1,True
1585,Jimmy Ortega,patricia92@example.org,2025-03-27 12:13:08,12,True
1586,Christopher Johnson,chanamber@example.org,2025-06-01 18:05:01,16,True
1587,David Clark,frank43@example.org,2024-08-07 08:29:54,19,True
1588,Shawn Blackburn,flowersnicholas@example.com,2025-05-31 03:29:29,5,False
1589,Christine Williams,nross@example.com,2025-08-03 13:50:55,12,True
1590,Wayne Hunter,martinjason@example.com,2025-01-29 19:00:55,3,True
1591,Zachary Perry,traciemarsh@example.com,2025-05-10 19:33:02,10,True
1592,Theresa Smith,zlara@example.org,2024-11-15 09:39:34,19,True
1593,Sara Hamilton,jerome16@example.com,2024-08-25 20:05:39,11,True
1594,Monica Merritt,taylorjohn@example.net,2024-01-11 05:58:43,12,False
1595,Brenda Harrison,brownleah@example.net,2024-01-07 07:23:29,20,True
1596,Jason Moore,gregstone@example.org,2025-03-18 11:41:35,3,True
1597,Catherine Koch,buchanananthony@example.org,2025-05-11 20:08:21,8,True
1598,Susan Baker,anthony05@example.org,2024-07-23 18:47:48,19,False
1599,Shane Mcintyre,ryankathryn@example.net,2025-08-17 19:48:47,8,True
1600,Adrian Prince,barnescarl@example.com,2024-12-17 21:32:43,14,True
1601,Steven Alexander,collinsterrance@example.com,2024-11-06 05:22:28,16,True
1602,Holly Austin,woodskaitlyn@example.net,2024-03-26 20:30:45,18,True
1603,Carlos Dunlap,donnapaul@example.net,2024-05-11 16:18:28,20,True
1604,Ashley Perez,jessicaturner@example.net,2024-09-27 19:44:51,3,True
1605,Kelly Ray,kathleen25@example.com,2025-10-13 21:05:05,13,False
1606,Noah Rosales,ywelch@example.org,2024-09-07 10:04:06,6,True
1607,Mark Conley,fernandomorris@example.net,2025-10-17 19:31:09,7,True
1608,Chelsea Kane,nhayes@example.com,2024-11-17 18:18:26,18,False
1609,Autumn Ramirez,matthew24@example.com,2025-02-19 14:26:28,1,True
1610,Mr. Matthew Barnett,kathryn41@example.com,2025-06-23 05:55:51,8,True
1611,Joshua Davis,hgreer@example.net,2024-10-12 16:21:26,19,True
1612,Gregory Chavez,burchteresa@example.org,2025-04-21 18:20:31,19,True
1613,Yvette Lee,kimberlygonzalez@example.net,2024-09-22 16:35:28,15,True
1614,Brittany Heath,mcbridemichael@example.org,2024-08-24 08:50:19,6,True
1615,Carol Moore DDS,meganpotter@example.org,2025-04-09 09:23:18,2,True
1616,Jessica Harris,haleystacy@example.com,2024-12-27 09:10:39,6,True
1617,Jennifer Woods,derek40@example.org,2024-09-17 09:11:53,5,True
1618,Emily Leblanc,brownrobert@example.org,2024-06-17 07:20:36,5,True
1619,William Bray,petermoore@example.com,2024-11-17 12:13:35,2,True
1620,Ruben Jones,donald61@example.net,2024-09-18 23:09:23,15,True
1621,Brittany Ramos,kathleen01@example.net,2025-05-09 08:19:07,1,True
1622,Mark Ruiz,hevans@example.net,2024-07-27 15:09:29,11,True
1623,Benjamin Werner,nancy06@example.com,2025-05-12 22:34:32,11,True
1624,Kevin Walter,oblake@example.net,2024-03-16 10:57:18,19,True
1625,Miss Linda Cox DVM,bcopeland@example.com,2024-03-09 20:46:58,15,True
1626,Randy Kirby,rebecca85@example.com,2024-02-07 07:30:57,2,True
1627,Howard Smith,fsanchez@example.org,2025-03-22 17:19:01,13,True
1628,Ashley Norman,kcastro@example.com,2025-01-30 09:22:05,11,True
1629,Mary Williams,garzalaura@example.org,2025-02-09 18:37:33,8,True
1630,Phillip Ward,tochoa@example.net,2025-01-20 20:12:01,3,True
1631,Jessica Murray,bentleylisa@example.net,2024-01-27 14:42:05,17,True
1632,Terry Robinson,andrewbautista@example.org,2025-05-12 14:38:38,17,False
1633,Allen Bryant,michael55@example.org,2024-07-14 21:23:25,5,True
1634,Erika Lyons,kayla23@example.net,2024-07-04 12:24:23,1,True
1635,Erica Morales,kimberly27@example.org,2025-05-30 11:28:55,18,True
1636,Natalie Huff,leslietorres@example.net,2024-08-11 19:28:47,14,True
1637,Marc Fowler,tharris@example.com,2024-03-01 09:51:46,14,True
1638,Stephanie Fischer,marcusrodriguez@example.net,2024-08-22 12:53:37,20,True
1639,Maria Phillips,raymonddominguez@example.org,2024-07-26 08:30:55,17,False
1640,Suzanne Alvarado,dustin58@example.com,2024-03-03 06:37:48,13,True
1641,Ashley Blanchard,christina15@example.org,2024-09-22 13:58:17,14,True
1642,Joshua Contreras,anthony33@example.org,2024-10-23 13:36:48,5,True
1643,Robert Thomas,john09@example.com,2025-08-08 20:18:35,16,True
1644,Juan Carroll,hlopez@example.net,2025-07-14 20:53:37,10,True
1645,Stephanie Hughes,jasmine54@example.com,2024-09-24 19:14:01,1,True
1646,Taylor Flores,chase25@example.net,2024-09-04 10:40:53,16,True
1647,Betty Pollard,gnichols@example.net,2024-06-14 18:18:26,6,True
1648,Michael Bray,stevenandrews@example.org,2024-06-01 19:15:01,4,True
1649,Kevin Brown,andrewwest@example.net,2024-11-03 15:04:38,12,True
1650,Sean Hernandez,cameron49@example.com,2024-02-08 17:55:16,16,False
1651,Michelle Henry,valerielewis@example.com,2025-09-25 20:23:32,19,True
1652,Elizabeth Hall,ithomas@example.net,2024-07-26 09:37:03,5,True
1653,Tricia Brown,briana19@example.org,2025-01-27 21:08:22,6,True
1654,Morgan Wright,maryjohnson@example.com,2024-12-20 11:40:58,12,True
1655,Brandon Powell,yballard@example.net,2025-05-02 10:40:59,3,True
1656,Catherine Collins,jasminekoch@example.com,2024-11-13 20:11:48,4,True
1657,Curtis Bell,morgankaren@example.net,2024-03-01 08:20:55,11,True
1658,Amy Hawkins,cody08@example.org,2024-06-21 19:19:17,12,True
1659,Alexander Stein,michele23@example.net,2024-01-04 17:52:09,1,True
1660,Daniel Reed,carolberry@example.com,2025-02-19 09:49:31,14,True
1661,Cassandra Hernandez,cjohnson@example.net,2025-04-17 21:06:13,5,True
1662,Barbara Villa,daniel29@example.net,2025-08-17 20:50:57,18,True
1663,Corey Moore,sharon86@example.com,2024-04-21 20:33:54,18,True
1664,Ana Sanchez,johnroth@example.org,2025-09-23 19:51:07,14,True
1665,Anthony Haas,qcochran@example.net,2025-06-15 07:52:08,1,True
1666,Sarah Davis,rhonda99@example.net,2025-05-19 10:23:08,15,False
1667,Joshua Harris,derek34@example.net,2024-12-21 18:48:21,6,True
1668,Bradley Johnson,morristimothy@example.com,2024-10-12 03:52:07,8,True
1669,Patricia Townsend DDS,lopezchristopher@example.net,2024-07-23 19:44:14,10,True
1670,Carrie Edwards,fergusonbrandon@example.com,2025-05-15 07:05:27,4,True
1671,Joshua Colon,hrodgers@example.org,2024-09-14 20:48:27,2,True
1672,Amanda Lewis,ododson@example.net,2024-12-06 03:42:32,19,True
1673,Kathleen Duncan,williamspatrick@example.net,2024-08-02 07:16:02,3,True
1674,Tanner Keller,tracey63@example.com,2024-03-18 01:06:50,4,False
1675,Christopher George,nicole69@example.net,2025-09-05 08:57:12,6,True
1676,Christine Johns,robert06@example.com,2025-07-31 03:09:54,9,False
1677,Chelsey Maxwell,carol60@example.net,2024-09-09 11:10:54,17,True
1678,Michael Jones,wilsonrachel@example.com,2025-05-28 18:32:36,3,True
1679,Carol Singh,smitchell@example.com,2024-02-14 17:00:33,7,True
1680,Philip Foster,stephaniepeters@example.com,2025-07-26 22:10:57,18,True
1681,Amanda Mendoza,perezmarissa@example.org,2024-05-14 19:59:13,17,False
1682,Andrea Graham,samuel27@example.net,2024-02-25 15:44:37,6,True
1683,Kathy Villegas,jennywilliams@example.org,2025-05-29 22:11:53,12,False
1684,Trevor Weeks,steven06@example.com,2025-09-26 12:32:14,14,True
1685,Arthur White,matthewgriffith@example.org,2024-04-12 23:07:29,4,True
1686,David Rice,douglasbrandt@example.org,2025-08-05 15:23:45,10,True
1687,Joseph Smith,jennifermorris@example.org,2024-03-15 04:20:31,4,True
1688,David James,cervanteskayla@example.org,2024-04-05 13:47:19,15,True
1689,Amanda Gardner,banksrenee@example.net,2025-07-27 13:54:27,7,False
1690,Luis Cole,feliciasalazar@example.com,2025-03-07 21:51:30,12,True
1691,Karen Roach,xherrera@example.org,2025-10-17 23:31:43,4,True
1692,Carrie Coffey,nicole50@example.com,2024-04-06 16:43:05,4,True
1693,Joe Page,vanessamartinez@example.net,2025-06-22 12:37:06,6,True
1694,Jennifer Butler,ywallace@example.com,2024-08-24 22:21:12,20,True
1695,James Cummings,johnmarquez@example.net,2024-08-31 13:14:53,14,True
1696,Mary Montgomery,wkelley@example.com,2024-05-10 09:45:49,19,True
1697,James Harrison,xevans@example.net,2024-09-07 20:51:41,13,True
1698,George Wu,bgiles@example.org,2024-10-02 18:25:31,17,True
1699,Daniel Bradley,joshuareese@example.net,2025-09-23 20:06:07,9,True
1700,Laura Owen,robertmcdonald@example.net,2025-05-29 09:08:01,4,True
1701,Emily Fitzpatrick,lowekristin@example.org,2024-03-28 20:31:43,1,False
1702,Sheila Rivera,edwardsrachel@example.org,2024-01-15 11:43:20,5,True
1703,Elizabeth Jones,brandy77@example.com,2025-05-12 18:48:04,17,True
1704,Brian Hoffman,frankwilson@example.net,2025-04-15 20:12:18,16,True
1705,Lori Graves,hannah31@example.net,2024-10-01 09:21:51,18,True
1706,Anne Williams,ekennedy@example.org,2025-09-24 22:02:27,4,True
1707,Victoria Cox,lrichards@example.com,2025-05-28 10:24:28,15,True
1708,Theresa Knight,vanessa51@example.org,2025-08-21 08:42:55,10,False
1709,James Hernandez,suzanneflores@example.net,2024-03-31 08:27:08,10,True
1710,Heather Terrell,lsmith@example.com,2025-06-14 15:07:36,16,True
1711,David Palmer,burnsrebecca@example.org,2025-10-25 19:36:30,16,True
1712,Deborah Ferrell,billy71@example.com,2025-03-10 08:03:25,9,True
1713,William Weber,turnerjames@example.com,2025-01-03 22:39:43,12,True
1714,Michael Terry,michael86@example.com,2024-09-11 09:03:01,19,True
1715,Gregory Green,tracyadams@example.com,2025-04-18 20:22:51,19,True
1716,Melvin Flores,johnsondavid@example.org,2025-09-06 21:21:24,4,True
1717,Austin Armstrong,kimberlyshields@example.org,2024-06-11 23:26:22,2,True
1718,Glenda Stout,mooreconnie@example.com,2025-04-28 09:41:19,19,True
1719,Maurice Salazar,padillajames@example.net,2025-02-26 19:55:19,4,True
1720,Nathan Davis,omoody@example.org,2025-09-11 02:20:02,15,True
1721,Frank Moreno,troth@example.com,2024-02-03 13:32:57,14,True
1722,Dwayne Lowe,ramoswilliam@example.org,2025-02-09 19:37:01,11,True
1723,Charles Weaver,hollywarner@example.org,2024-04-27 12:36:06,16,True
1724,Nicole Perez,lreid@example.com,2024-05-05 19:21:31,17,True
1725,Donna Simmons,jill80@example.net,2025-02-06 18:10:39,10,True
1726,Diana Martin,brownmax@example.net,2025-08-18 13:31:40,3,True
1727,Jessica Craig,vsmith@example.net,2024-02-10 16:18:16,2,True
1728,Sydney Ward,carrolljessica@example.com,2024-02-29 17:51:14,20,True
1729,Karen Porter,vedwards@example.org,2024-10-28 06:54:37,4,True
1730,Michael Ortiz,ynguyen@example.com,2024-06-01 10:36:51,17,True
1731,Jodi Thomas,bbarnes@example.org,2024-11-06 08:50:04,10,True
1732,Seth Hernandez,alexis22@example.net,2025-06-11 10:42:34,11,True
1733,Alan Kennedy,matthew07@example.com,2025-09-24 12:39:32,15,True
1734,Sarah Ramirez,tommycummings@example.com,2024-04-15 16:56:01,17,False
1735,Katherine Wade,suzanne15@example.net,2024-10-18 17:13:42,15,True
1736,David Harding,robertsmith@example.com,2024-11-14 18:51:39,14,False
1737,Eric Montgomery,georgealyssa@example.com,2025-02-26 19:03:33,7,True
1738,Sharon Wood,cbrown@example.com,2025-04-29 08:09:47,10,True
1739,Gabriel Hall,cynthia74@example.net,2024-10-05 13:55:53,3,True
1740,Melissa Winters,kimberly93@example.net,2024-08-15 20:17:52,10,True
1741,Robert Burns,uzamora@example.net,2025-01-31 09:38:15,13,True
1742,Charles Morris,uford@example.com,2025-08-12 08:01:15,10,True
1743,Corey Carrillo,michaelstrickland@example.com,2024-02-14 16:27:27,2,True
1744,Erin Summers,yhoffman@example.com,2024-06-13 09:01:16,9,True
1745,Mr. Stephen Gonzalez,susanharper@example.org,2025-10-02 08:54:02,16,True
1746,Stephen Mills,john66@example.net,2024-07-16 05:57:05,11,True
1747,Dean Thomas,johnsondawn@example.com,2025-07-01 21:57:26,12,True
1748,Theodore Hernandez,mpeters@example.com,2024-02-22 21:25:53,5,True
1749,Donald Hill,lmitchell@example.org,2025-05-22 17:32:59,4,True
1750,Anthony Nguyen,uwood@example.net,2024-08-03 20:49:59,17,True
1751,Jeffrey Nguyen,markhuff@example.org,2024-09-07 21:15:38,4,True
1752,Peter Williams,sharpjennifer@example.com,2025-03-06 10:53:37,13,True
1753,Christian Mills,christopherward@example.com,2024-02-12 19:59:27,7,True
1754,Paul Vasquez,warrendarlene@example.com,2024-08-14 08:17:28,14,True
1755,Ann Clark,dariuspruitt@example.com,2025-04-09 17:31:34,12,True
1756,Michael Johnson,timothywilliams@example.org,2024-06-01 07:34:27,16,True
1757,Brenda Flores,qavila@example.com,2025-09-27 22:56:50,5,True
1758,Katherine Caldwell,cpierce@example.org,2024-01-13 19:52:19,1,True
1759,Kevin Smith,perkinsmicheal@example.org,2025-01-29 21:02:53,2,True
1760,Adam Burton,joseph58@example.com,2024-09-22 20:15:16,18,True
1761,Lawrence Cook,rachael61@example.net,2024-04-16 18:44:23,4,True
1762,Larry Curtis,hharris@example.org,2024-07-09 09:28:24,1,False
1763,Timothy Harris,marissa39@example.com,2024-09-16 12:58:16,10,True
1764,Mark Knight,jay04@example.org,2024-08-29 20:15:19,7,False
1765,Geoffrey Porter,dcortez@example.com,2024-05-24 08:28:40,11,False
1766,John Hoffman,laura31@example.net,2025-02-06 20:26:50,2,True
1767,Andre Williams,arroyosarah@example.com,2024-03-12 06:49:31,16,True
1768,Tonya Davis,jason36@example.net,2024-10-24 22:21:45,14,False
1769,Jason Johnson,roachkevin@example.com,2025-08-09 20:52:10,9,True
1770,Victoria Rocha,calhounjulie@example.net,2024-11-01 11:38:46,18,True
1771,Tara Thompson,millerjimmy@example.net,2025-06-14 14:01:48,2,True
1772,Alexander Hart,simoneric@example.org,2025-04-09 08:28:50,5,True
1773,Andrew Reynolds,agutierrez@example.net,2024-09-22 09:19:20,19,True
1774,Tina Walter,jennifer34@example.org,2025-08-23 08:33:45,5,True
1775,Chelsea Norris,forbesbradley@example.net,2025-03-25 19:50:20,15,True
1776,Tristan Freeman,jennifernewton@example.com,2025-07-12 19:16:11,19,True
1777,Joy Kennedy,nathanielwinters@example.net,2024-08-31 20:12:05,14,True
1778,Nicholas Reed,bettywatson@example.com,2025-01-03 12:24:53,19,True
1779,Michael Preston,bward@example.org,2025-05-28 22:59:35,20,True
1780,Faith Howard,ihayes@example.net,2025-02-06 21:29:12,9,True
1781,Jonathan Heath,carolfernandez@example.net,2024-04-19 08:25:39,14,True
1782,Brenda Velasquez,makaylasanders@example.com,2024-04-16 08:23:10,19,True
1783,Kimberly Stone DDS,sarah23@example.net,2025-08-12 19:27:49,15,True
1784,Bruce Dennis,amy68@example.net,2025-04-19 15:14:45,7,True
1785,Gregory Russell,perezdawn@example.org,2025-07-02 21:50:17,10,True
1786,Chelsea Smith,simpsonruth@example.net,2025-07-12 12:27:54,7,True
1787,Jared Bryan,lynnjames@example.org,2025-09-27 23:18:46,7,True
1788,Cody Parsons,jonesshaun@example.org,2024-01-21 13:09:01,10,False
1789,Jamie Wolfe,matthew53@example.com,2024-10-09 09:28:58,8,True
1790,Karen Mendez,sheltontiffany@example.com,2024-10-13 19:29:05,1,True
1791,Michael Callahan,xmullins@example.org,2024-08-01 21:44:25,7,True
1792,Shirley Avery,yvang@example.org,2024-10-09 19:47:38,9,True
1793,Angie King,millerjennifer@example.net,2025-10-06 16:03:21,8,True
1794,James Rogers,tjohnson@example.net,2025-02-26 11:38:42,20,True
1795,Claire Jenkins,suttonbrittney@example.net,2025-06-03 20:00:16,17,True
1796,Jill Shaw,khill@example.com,2025-06-06 10:25:42,12,True
1797,Misty King,wolfetravis@example.com,2025-06-20 21:02:37,6,True
1798,Dylan Rivera,mcdanieltanya@example.org,2024-07-15 15:59:21,15,True
1799,Mr. Reginald Roman,kelseywilliams@example.org,2024-05-13 10:33:27,5,True
1800,Lauren Snyder,hstokes@example.org,2024-05-29 10:08:31,9,True
1801,William Jacobs,kimmichael@example.net,2024-04-20 21:18:57,9,True
1802,Stephanie Richardson,barnesarthur@example.com,2024-10-14 20:16:33,11,True
1803,Austin Baker,thomas83@example.org,2025-01-07 08:47:31,5,True
1804,Kelly Ortega,ikeller@example.com,2024-03-21 21:40:51,15,True
1805,Wesley Douglas,cwilson@example.org,2025-01-07 08:14:11,2,True
1806,Paul Myers,brian01@example.net,2024-05-15 08:29:27,4,False
1807,Alexa Beard,luissanchez@example.com,2025-03-21 22:02:28,12,False
1808,John Mendoza,thompsonangela@example.net,2025-06-20 17:29:31,4,True
1809,Brianna Martinez,michellejones@example.net,2024-12-28 21:07:22,3,True
1810,Christopher Sims,xfranco@example.org,2025-10-24 09:53:10,17,True
1811,Paul Williams,kimberly03@example.net,2025-07-07 17:42:37,7,True
1812,Jerry Huff,kaitlynanderson@example.net,2025-05-01 22:33:49,19,True
1813,Jennifer Wiggins,johnboyd@example.com,2025-09-27 21:15:49,16,True
1814,Andre Jones,bushkimberly@example.net,2025-06-01 21:01:18,4,True
1815,Douglas Santos,kevin89@example.com,2024-01-27 17:06:53,11,True
1816,Julie Freeman,taylordavis@example.com,2025-09-07 07:53:45,16,True
1817,Lisa Brown,sarah49@example.net,2025-10-14 22:38:42,1,True
1818,Erika Allen,michaeltorres@example.com,2024-06-01 05:39:28,11,False
1819,Dennis Coleman,kaylazamora@example.org,2024-12-12 23:58:51,19,True
1820,Cheryl Parks,james79@example.net,2025-06-20 21:51:41,10,True
1821,Sherri Little,carlyschultz@example.com,2024-04-26 05:04:35,20,True
1822,Kathleen Sanchez,klove@example.com,2024-05-02 12:11:15,13,True
1823,Larry King,zli@example.org,2024-12-25 21:10:24,13,True
1824,Dawn Simpson,william63@example.com,2024-02-14 19:41:09,4,True
1825,William Larson,ukim@example.org,2024-02-04 20:47:51,10,False
1826,Philip Gamble,boonejoshua@example.net,2024-04-03 17:22:42,4,True
1827,Brendan Paul,qharris@example.net,2024-12-24 15:31:28,13,True
1828,William Ball,russell33@example.net,2024-02-10 17:27:05,14,True
1829,Tanya Gomez,edwardspencer@example.com,2025-02-07 18:27:40,14,True
1830,Vincent Reyes,bestchristopher@example.net,2025-05-25 16:29:43,8,True
1831,Rhonda Martinez,meganwalker@example.com,2025-02-14 19:59:31,17,True
1832,Tabitha Ramirez,allenkyle@example.net,2025-02-11 16:18:29,14,True
1833,Jill Hall,ortizsean@example.org,2025-07-29 20:19:09,5,True
1834,Lucas James,jamie76@example.net,2025-05-09 10:15:33,14,True
1835,Jordan Hughes,xobrien@example.org,2024-08-16 05:04:58,2,True
1836,Melissa Gray,uclark@example.com,2025-04-15 15:26:06,15,True
1837,Earl Hall,ryu@example.net,2024-09-28 17:16:22,9,True
1838,Jodi Mcbride,xarmstrong@example.com,2024-06-12 20:01:07,15,True
1839,Jeremy Coleman,oscott@example.com,2024-01-14 09:25:02,3,True
1840,Karen Jackson DVM,meghanwerner@example.com,2024-09-02 19:20:37,15,True
1841,Michael Moore,wrightalicia@example.com,2024-02-02 13:51:16,11,False
1842,Scott Ramirez,jeremycollins@example.net,2024-10-30 21:11:13,6,True
1843,Lisa Armstrong,keithharrison@example.com,2024-02-14 23:16:55,4,True
1844,Robert Gonzalez,jonescraig@example.org,2025-08-21 01:25:07,1,True
1845,Kristen Wood,ericfrederick@example.org,2024-12-23 14:44:25,20,True
1846,Christopher Nelson,masonpatricia@example.com,2025-06-10 10:52:39,12,True
1847,Christopher Anderson,audrey47@example.org,2024-03-31 22:43:25,10,True
1848,Michelle Martin,jonesnicholas@example.org,2024-10-31 07:12:07,1,True
1849,Katherine Webster,doneal@example.net,2024-07-11 08:01:13,16,True
1850,Larry Higgins,hwalton@example.com,2025-09-23 18:27:53,18,True
1851,Beth Johnson,greenemichael@example.com,2024-04-21 10:29:09,16,True
1852,Janet Evans,edwardsjames@example.org,2024-03-18 07:57:09,15,False
1853,Nicole Cole,deborahturner@example.org,2024-05-24 14:55:28,19,True
1854,Stephanie King,dowens@example.com,2024-04-05 10:53:53,13,True
1855,Jason Williams,pennylivingston@example.com,2025-08-13 00:40:54,14,False
1856,Theodore Eaton,smiller@example.com,2024-09-07 21:47:37,20,True
1857,Amanda Jarvis,vjones@example.org,2025-07-03 23:02:31,13,True
1858,Alexandra Garcia,brian83@example.net,2024-07-26 17:39:59,16,True
1859,Jamie Lindsey,ureed@example.com,2024-12-14 06:01:27,19,True
1860,Laurie Stephenson,ghamilton@example.org,2024-09-03 05:57:41,14,False
1861,Nicole Hunter,sarahgray@example.net,2025-03-21 07:39:41,12,True
1862,Madison Thomas,christopherreyes@example.com,2025-04-22 13:10:18,7,True
1863,Adam Anderson,ahudson@example.org,2024-05-27 13:32:14,19,False
1864,Wanda Clark,martinbenjamin@example.net,2024-10-12 11:38:54,15,True
1865,John Zavala,qwilson@example.com,2024-11-18 10:45:24,14,True
1866,Nicholas Watson,qsosa@example.net,2025-06-27 19:47:23,16,True
1867,Robin Rivera,alison98@example.net,2025-01-08 20:39:13,10,True
1868,Stephanie Perez,hamiltonjoseph@example.net,2024-07-05 06:30:08,6,True
1869,Wendy Williams,laurie41@example.org,2024-07-20 18:06:50,14,False
1870,Colleen Blanchard,gstein@example.net,2025-01-06 14:15:13,18,True
1871,Patrick Barnes,kerry32@example.net,2024-12-28 02:56:16,12,True
1872,Andrea Edwards,grahamlisa@example.org,2024-11-17 08:55:57,17,True
1873,Felicia Wood,joe76@example.net,2024-10-04 05:27:07,20,True
1874,David Sanchez,matthewharper@example.net,2024-05-23 17:31:16,11,True
1875,Bradley Hogan,hernandezroy@example.org,2024-09-09 20:49:56,18,True
1876,Melissa Hernandez,smithgregory@example.org,2025-09-17 08:44:55,17,True
1877,Meghan Hull,elizabeth10@example.org,2024-07-13 07:03:59,15,True
1878,Andrew Aguilar,mendezlori@example.org,2025-08-20 22:48:07,4,True
1879,Samantha Henry,brittney98@example.org,2025-06-12 18:54:06,18,True
1880,Austin Obrien,eric81@example.com,2025-07-10 07:40:07,7,False
1881,Amanda Phelps,heatherpatrick@example.com,2025-02-09 08:18:45,15,True
1882,Matthew Briggs,proman@example.com,2025-09-28 15:55:06,5,True
1883,Joel Warner,millerbriana@example.org,2025-03-21 10:08:07,7,True
1884,Mrs. Miranda Campbell MD,beth76@example.com,2024-04-08 12:49:00,8,True
1885,Terri Arnold,sharon37@example.net,2024-03-23 15:18:32,6,True
1886,Corey Jones,randalllinda@example.com,2024-01-23 11:48:26,12,True
1887,Mr. James Fletcher MD,lisamcgee@example.net,2024-05-04 09:48:48,17,True
1888,Thomas Knight,adrianlogan@example.com,2024-10-09 09:51:27,14,False
1889,Dr. Charles Henson,williamsimpson@example.com,2024-10-05 21:54:33,12,False
1890,Jennifer Townsend,jennifer95@example.com,2025-08-29 13:49:00,17,False
1891,Dr. Jonathan Clark,erin84@example.net,2024-01-02 06:20:25,6,True
1892,Leslie House,ryandodson@example.org,2024-09-18 12:02:42,5,False
1893,Kimberly Ryan,vwilliams@example.org,2024-10-31 05:40:45,17,False
1894,Rebecca Wells,mhickman@example.net,2024-09-29 13:56:43,18,False
1895,Kevin Cole,patricia03@example.net,2024-06-03 19:20:58,12,True
1896,Derek Schmidt,walkerlorraine@example.org,2025-08-28 09:33:39,5,True
1897,Tyler Lang,amanda86@example.org,2024-09-22 14:13:56,18,True
1898,Rebecca Bowman,kayla07@example.net,2024-12-01 18:28:44,12,False
1899,Donna Wilson,saraprice@example.net,2024-05-22 20:25:49,7,False
1900,Christina Cohen,murphyjohn@example.com,2024-08-07 06:34:21,13,True
1901,Paul Scott,emily62@example.com,2024-01-14 19:08:33,18,True
1902,Brent Huynh,whitney81@example.org,2024-05-16 06:35:19,17,True
1903,Sarah Smith,camerontownsend@example.com,2025-10-19 18:01:01,18,True
1904,Jerry Martinez,edixon@example.net,2025-10-07 09:49:19,14,False
1905,Heather Davis,paullopez@example.com,2025-02-15 07:03:53,12,True
1906,Lisa Montes,gayfrancis@example.com,2025-04-30 15:07:03,4,True
1907,Kimberly Mendoza,anthony66@example.org,2024-04-17 17:00:29,11,False
1908,Jennifer Jackson,vayala@example.net,2025-06-24 20:37:36,18,True
1909,Cristina Sandoval DVM,dgrant@example.com,2024-02-14 09:19:18,19,True
1910,Steven Johnson,adamkelly@example.net,2024-08-03 19:33:47,8,True
1911,Jennifer Monroe,michelle12@example.org,2025-09-16 15:12:52,12,True
1912,Audrey Taylor,jspencer@example.net,2025-02-01 08:27:53,14,True
1913,Robert Hartman,john86@example.com,2025-05-24 06:56:08,16,True
1914,Todd Ortega,heathercabrera@example.org,2024-01-27 07:43:33,13,True
1915,Vicki Hester,charles44@example.com,2024-07-06 16:25:55,9,True
1916,Mrs. Michelle Kane,coxcody@example.com,2024-01-16 18:28:44,16,True
1917,Caleb Ray,halljoshua@example.net,2025-05-28 12:10:09,17,True
1918,Angela Marquez,rebecca41@example.com,2025-05-19 19:08:45,17,False
1919,Thomas Fisher,joseph02@example.org,2025-05-18 08:13:29,16,True
1920,April Vance,harrisonmichael@example.net,2024-03-04 08:35:23,4,True
1921,Todd Jacobson,christopherjackson@example.net,2024-03-12 12:07:23,19,True
1922,Ashley Burnett,trobinson@example.org,2025-09-06 16:07:23,10,False
1923,Sharon Hicks,hsmith@example.com,2024-04-23 10:31:01,5,True
1924,Sarah Vasquez,brianclark@example.net,2025-01-20 17:03:59,10,False
1925,Eileen Taylor,sbartlett@example.com,2024-09-16 09:52:47,16,True
1926,Belinda Fisher,hsmith@example.com,2024-06-15 17:04:55,2,True
1927,Melissa Ray,coffeyjohn@example.net,2025-01-30 17:36:28,11,True
1928,Dr. Monique Sutton MD,joshuarodriguez@example.org,2024-01-27 15:46:53,20,True
1929,Sandra Smith,petersonsergio@example.org,2025-03-12 07:40:29,15,True
1930,Sheila Nguyen,hgray@example.net,2025-04-29 08:46:20,3,True
1931,Shannon Thomas,qgomez@example.net,2024-07-03 18:26:24,8,False
1932,Donald Williams Jr.,ymoore@example.org,2024-06-11 10:02:42,15,True
1933,Christina Rodriguez,donald42@example.com,2025-05-15 18:55:10,1,True
1934,Phillip Brown,pbailey@example.org,2025-05-29 20:45:19,18,True
1935,Desiree Woods,enelson@example.org,2024-10-27 18:05:12,20,True
1936,Richard Brewer,jrobinson@example.net,2024-10-20 20:36:33,7,True
1937,Derek Wood,hannah48@example.com,2025-03-05 15:01:07,18,True
1938,Keith Dyer,rachelking@example.org,2025-05-14 02:50:13,8,True
1939,Kristi Austin,courtneymadden@example.org,2025-05-21 20:37:28,3,True
1940,Randy Carrillo,abradley@example.com,2024-04-09 17:25:37,2,True
1941,Eric Duran,heather49@example.org,2024-05-09 22:21:27,6,True
1942,Toni Cunningham,cody79@example.org,2025-02-24 21:20:24,9,True
1943,Scott Kelly,amandasnyder@example.com,2025-08-18 23:34:10,10,True
1944,Billy Cunningham,jessedelacruz@example.org,2025-10-02 09:05:09,10,False
1945,Nancy Garcia,ohiggins@example.net,2024-11-08 19:03:39,11,True
1946,Andrew Smith,rmartinez@example.net,2024-05-23 19:19:24,4,True
1947,Daniel Peterson,cheryldavis@example.com,2025-01-28 12:20:16,13,False
1948,Lori Hodges,alvarezjoshua@example.org,2025-06-13 21:03:12,8,True
1949,Abigail Wilkinson,lauraclay@example.org,2025-03-15 17:31:32,17,True
1950,Tammy Ramirez,whorton@example.com,2024-02-29 07:03:20,15,True
1951,Patrick Hooper,contrerasjames@example.org,2025-01-07 06:01:26,8,False
1952,Christopher Wilcox,davidmurray@example.net,2024-06-05 01:35:37,4,True
1953,Amanda Swanson,michaelsherman@example.com,2024-10-27 17:50:08,10,True
1954,Michael Bass,thomassmith@example.com,2025-07-12 14:54:40,17,True
1955,Ryan Fisher,duranjason@example.org,2024-01-24 22:23:34,6,True
1956,Michael Martin,olivia29@example.net,2024-10-04 16:27:58,18,True
1957,Jerry Jackson,qramirez@example.net,2025-03-17 00:29:53,20,True
1958,Patricia Smith,xphillips@example.net,2024-05-23 23:00:03,16,True
1959,Kevin Hogan,rachelhall@example.net,2024-11-06 09:43:24,12,True
1960,Kristin Foster,brianwhite@example.org,2024-12-22 09:53:32,10,True
1961,Anthony Garrison,allenandrea@example.com,2025-06-18 19:36:04,10,True
1962,Dean Dunn,bradleyhenry@example.org,2024-12-17 19:53:08,18,False
1963,Melissa Davis,colleenjones@example.net,2024-04-03 21:13:39,17,False
1964,Philip Murray,victoria50@example.org,2025-02-28 10:43:21,9,False
1965,Patricia Vazquez,millerfrederick@example.net,2025-05-27 19:17:15,11,True
1966,Angela Lee,gonzalespatricia@example.net,2025-06-24 13:38:21,1,False
1967,Nicole Jacobs,vanessaedwards@example.net,2024-09-05 07:59:00,20,True
1968,Maria Goodwin,erik82@example.net,2024-03-18 21:43:11,14,True
1969,Donna Boyd,hernandezmadison@example.com,2025-03-22 19:31:48,13,True
1970,Emily Harrison,cmcdonald@example.net,2024-12-01 20:41:41,3,True
1971,Stacey Gray,christopher84@example.net,2024-02-02 21:52:42,15,True
1972,Bryce Gutierrez,william55@example.net,2024-04-10 11:52:24,20,True
1973,Christopher Ray,tranbenjamin@example.com,2024-02-02 08:49:51,1,True
1974,Jason Chase,ymontgomery@example.org,2024-02-05 11:12:28,1,True
1975,Tiffany Chase,davidbrown@example.org,2025-05-31 02:17:43,12,True
1976,Dawn Rice,greenjessica@example.net,2025-09-12 20:40:19,8,True
1977,Kathleen Galvan,nicholasgallagher@example.net,2024-04-28 15:23:02,9,True
1978,David Nunez,heathermontgomery@example.com,2025-03-09 19:38:13,1,True
1979,Maria Estrada,rickey20@example.org,2025-04-30 20:25:07,9,True
1980,Bianca Bowen,tlewis@example.com,2025-08-11 14:35:12,19,True
1981,Samantha Carter,wmoore@example.com,2024-02-24 18:11:04,19,True
1982,Amanda Powell,jenniferwood@example.net,2025-05-21 05:16:59,19,False
1983,Tyler Pruitt,barnettterry@example.com,2025-04-02 21:46:50,9,True
1984,Dylan Johnston,ingramjessica@example.com,2024-10-02 19:44:43,18,True
1985,Kelly Greer,martin27@example.net,2024-06-10 19:56:29,1,False
1986,Michael Johnson,kaiserkelly@example.org,2025-07-10 18:41:03,11,True
1987,Phillip Kelly,brenda16@example.net,2025-09-05 23:17:07,17,True
1988,Brian Davis,ufox@example.org,2024-05-28 11:48:02,8,True
1989,Christina Watkins,travistaylor@example.net,2024-12-30 21:34:28,11,True
1990,Stephen Bond,hubersamantha@example.net,2024-08-04 09:05:56,19,True
1991,Vernon Esparza Jr.,umaxwell@example.net,2025-05-24 23:14:44,14,False
1992,Cody Hoover,willismatthew@example.com,2025-08-19 21:12:10,11,True
1993,Kyle Glass,haleycook@example.net,2024-03-15 18:06:01,16,True
1994,Drew Werner,hornerebecca@example.org,2025-04-15 02:51:40,11,True
1995,Jenna Lynch,dennis01@example.com,2025-08-13 09:30:15,11,True
1996,Shelby Fowler,daniel43@example.org,2025-02-07 20:33:50,8,False
1997,Ryan Willis,ulee@example.org,2024-09-22 20:39:28,4,True
1998,Katie Jones,vhill@example.com,2025-09-21 17:05:03,2,True
1999,Andrew Reese,david86@example.net,2024-02-21 21:44:04,5,True
2000,Alex Conner,travisfoster@example.com,2024-01-29 20:03:19,20,True
2001,Kelly Davis,ronaldbradford@example.org,2025-10-08 06:43:03,18,True
2002,Amy Dyer,peter91@example.org,2025-09-23 20:25:06,20,True
2003,Angel Bentley,corythompson@example.org,2024-09-15 09:38:50,20,True
2004,Anthony Jordan,ryanrodriguez@example.net,2024-06-18 11:50:27,20,True
2005,Justin Barrera,traceyguerra@example.com,2025-07-20 11:43:50,1,True
2006,David Kemp,leontracie@example.org,2025-05-16 10:12:06,4,True
2007,Scott Durham,ricklewis@example.net,2024-08-17 19:37:50,7,False
2008,Amy Estrada,bvazquez@example.net,2024-09-07 08:32:16,12,True
2009,Wendy Carpenter,prattjustin@example.org,2025-07-04 19:28:11,8,True
2010,Jody Scott,richardharper@example.net,2025-09-17 04:08:19,19,True
2011,Pamela Armstrong,qkane@example.com,2025-02-21 22:48:22,10,True
2012,Olivia Reese,hdavis@example.com,2025-07-09 16:09:09,16,True
2013,Lauren Walsh,dylancunningham@example.com,2024-04-07 11:23:00,17,True
2014,Emily Montgomery,stephaniezamora@example.org,2024-01-15 19:03:15,17,True
2015,Sabrina Phillips,kimberlyjordan@example.net,2024-05-03 16:03:27,12,True
2016,Jennifer Lyons,omoore@example.org,2025-01-09 08:58:12,3,True
2017,Steven May,karacollins@example.net,2024-11-01 18:44:44,15,True
2018,Erika Bates,debra82@example.net,2024-06-01 11:37:36,11,True
2019,Sara Pollard,merrittsusan@example.net,2025-08-23 13:10:06,15,False
2020,Michael Bishop,anthony26@example.net,2024-03-19 21:31:14,1,True
2021,Bridget Guerrero,bowerspatrick@example.com,2025-05-25 19:29:39,7,True
2022,Tammy Robinson,gstokes@example.net,2024-08-18 19:52:21,13,True
2023,Pamela Aguirre,ashley14@example.org,2025-07-09 08:00:23,1,True
2024,Chase Matthews,melissa40@example.org,2025-06-03 03:07:09,10,True
2025,Paul Smith,yburke@example.org,2025-07-10 18:58:48,12,True
2026,William Hughes,charlesbarnett@example.net,2025-10-29 03:12:18,6,True
2027,Sarah Williams,brooksbrian@example.net,2024-08-12 09:11:21,18,True
2028,Lawrence Hodge,brian62@example.net,2024-07-05 08:11:53,9,False
2029,Tiffany May,brentrichardson@example.net,2024-12-15 02:43:08,13,True
2030,Jon Ramos,peter07@example.org,2024-07-06 21:21:59,7,True
2031,Jennifer Anderson,melvinpeters@example.org,2025-04-30 09:51:23,6,False
2032,Mario Wells MD,hendrixariana@example.net,2025-05-13 23:39:56,14,False
2033,Alison Zuniga,carlos33@example.org,2024-02-14 05:09:56,5,True
2034,Casey Velazquez,jennifer23@example.com,2024-10-30 08:24:44,12,True
2035,John Ho,ksmith@example.net,2025-09-04 12:40:15,2,True
2036,April Rodriguez,gyoung@example.net,2024-03-09 17:54:34,10,True
2037,Joshua Bray,nmartinez@example.com,2024-07-31 10:03:40,9,False
2038,Elizabeth Baker,barbergary@example.net,2024-02-19 21:37:56,16,True
2039,James Dixon,reynoldsjustin@example.org,2024-08-04 07:30:50,20,True
2040,David Garcia,jferguson@example.com,2024-06-07 15:48:56,17,True
2041,Mr. Thomas Jones PhD,humphreypatricia@example.net,2025-05-10 16:11:20,12,True
2042,Mark Green,ijackson@example.com,2024-12-24 14:31:30,9,True
2043,Nicholas Obrien II,odelacruz@example.net,2025-05-06 18:50:37,2,True
2044,Jose Stephens,ricky53@example.net,2024-06-11 21:28:55,8,True
2045,Allison Floyd,hpowell@example.com,2025-05-16 10:56:24,19,True
2046,Scott Crawford,zholmes@example.org,2024-11-15 20:16:35,3,True
2047,Phillip Bennett,christopherpittman@example.org,2025-07-29 06:28:33,12,True
2048,Michael Miller,qshelton@example.com,2024-05-29 04:32:39,11,True
2049,William Giles,richard21@example.net,2024-01-10 14:26:23,16,True
2050,Angel Duncan,ashley79@example.org,2025-03-11 11:11:28,8,True
2051,Melanie Young,krista02@example.org,2025-01-07 06:57:05,10,True
2052,Gary Johnson,eileendaniels@example.net,2025-08-19 15:41:05,9,False
2053,Katie Carter,kennethjacobs@example.net,2025-02-04 07:04:23,2,True
2054,Andrea Miller,shannon88@example.com,2025-02-11 10:43:21,9,True
2055,Amanda Pena,kellyharold@example.net,2025-10-05 20:43:54,9,True
2056,Craig Hammond,anthonygilbert@example.com,2024-09-25 17:08:54,18,False
2057,Lucas Ball,isimpson@example.com,2024-09-11 00:19:18,12,True
2058,Marcus Herman,jhiggins@example.org,2024-09-14 13:25:52,19,True
2059,Kathleen Brady,erin06@example.net,2024-08-02 01:41:32,5,False
2060,Cynthia Williams,nicole56@example.com,2024-05-04 09:46:47,7,True
2061,Jesus Johnson,jacksonrachel@example.org,2025-05-01 15:50:35,15,True
2062,James King,zmurray@example.org,2025-06-04 13:50:05,11,True
2063,Lisa Lopez,cynthiaanderson@example.net,2024-04-03 12:44:26,7,True
2064,Rachel Greer,michellelee@example.net,2025-05-09 21:01:23,5,True
2065,Christopher Miller,jacob57@example.org,2025-09-17 07:47:00,16,True
2066,Christopher Johnston,oshah@example.net,2025-09-03 20:21:14,14,True
2067,Rachael Wood,michelleayers@example.org,2024-05-28 19:48:49,18,True
2068,Jacob Lynn,ystone@example.net,2025-01-09 17:36:50,2,False
2069,Nicole Mejia,mallory30@example.org,2024-08-05 08:21:36,20,False
2070,Sherry English,housedaniel@example.com,2024-07-24 17:25:24,7,False
2071,Curtis Whitaker,brandi40@example.org,2025-02-04 05:24:12,16,True
2072,Eric Nguyen,urodriguez@example.org,2025-07-14 17:28:40,10,True
2073,Holly Mercado,halvarez@example.org,2024-03-12 07:35:11,2,True
2074,Samuel Williams,stephanie21@example.com,2024-06-08 18:01:11,7,True
2075,Amanda Gomez,hreyes@example.org,2025-09-27 22:18:13,8,True
2076,Kristina Jacobs,katherinesmith@example.com,2025-04-10 16:29:03,12,True
2077,Kelsey Gates,richard25@example.net,2024-03-27 08:55:58,14,True
2078,Jessica Brown,michelle98@example.com,2025-06-25 23:08:34,14,True
2079,Jeremy Evans,devonmccarthy@example.net,2025-06-14 06:57:55,7,True
2080,Maureen Weaver,jessica65@example.com,2024-08-13 08:27:52,16,True
2081,Donna Shaw,susan11@example.net,2025-06-10 17:19:37,7,True
2082,Chad Rosales,williamslaurie@example.com,2024-10-13 19:17:12,1,False
2083,Sherry Jones,davidwiley@example.org,2025-03-03 13:52:25,20,True
2084,Andrea Smith,timothy83@example.net,2025-06-18 16:58:36,16,True
2085,Catherine Garcia,justin88@example.net,2025-02-27 17:47:05,10,True
2086,Whitney Henry,smccarty@example.org,2024-09-13 21:22:44,10,True
2087,Rachel Ball,dawn20@example.org,2024-10-10 20:54:11,14,True
2088,Nancy Jackson,keith18@example.org,2024-09-02 21:46:27,15,True
2089,Joshua Velasquez,jamesbrown@example.org,2025-06-22 18:44:36,4,True
2090,Maria Sims,brownjoanna@example.org,2025-02-09 22:15:56,6,True
2091,John Harris,icooper@example.org,2024-12-13 18:18:42,3,True
2092,Michael Ortega,kristinyoder@example.com,2025-05-28 19:13:58,16,True
2093,William Hart,timothy62@example.net,2024-11-06 20:07:23,3,True
2094,Luke Dixon,qreyes@example.net,2025-09-22 15:49:20,14,True
2095,Anthony Melton,phorne@example.com,2024-06-10 09:32:02,15,True
2096,Daniel Ramos,sararios@example.org,2024-04-27 18:43:47,15,True
2097,Erika Thompson,joycekeith@example.org,2025-10-02 19:54:12,13,True
2098,Mary Richards,joel82@example.org,2025-05-05 09:45:58,5,True
2099,Jack Brandt,lukecase@example.com,2025-08-22 19:31:29,3,True
2100,Matthew Mclaughlin PhD,evanlong@example.org,2024-10-06 18:45:28,5,True
